,7.943282347242822e-06,8.571651709821201e-06,9.249729497527414e-06,9.98144799553614e-06,1.0771050560367691e-05,1.1623116227813976e-05,1.2542586267523824e-05,1.3534792838242537e-05,1.4605489909881817e-05,1.5760886631742402e-05,1.700768334039716e-05,1.8353110416050572e-05,1.9804970212708485e-05,2.1371682305318804e-05,2.3062332316278347e-05,2.488672460445891e-05,2.6855439122305002e-05,2.89798927707269e-05,3.1272405607596136e-05,3.374627229379779e-05,3.6415839191166186e-05,3.929658755940877e-05,4.240522333449012e-05,4.575977400911602e-05,4.937969317714344e-05,5.328597334818733e-05,5.7501267686653257e-05,6.205002138118268e-05,6.695861340634246e-05,7.225550949865876e-05,7.797142723412842e-05,8.413951416451965e-05,9.079554004550375e-05,9.797810427138154e-05,0.00010572885971935026,0.0001140927543014241,0.00012311829162480563,0.00013285781227232116,0.0001433677973341128,0.000154709195950816,0.0001669477787677005,0.00018015451934951424,0.00019440600576791687,0.00020978488474836699,0.0002263803409521449,0.00024428861417294384,0.0002636135574473436,0.0002844672393157344,0.00030697059372630813,0.0003312541213510137,0.0003574586463805244,0.0003857361331869989,0.000416250567590592,0.000449178907840335,0.0004847121108242697,0.0005230562394600079,0.0005644336576876521,0.0006090843199950392,0.0006572671629534817,0.0007092616068337412,0.0007653691760103719,0.0008259152475514034,0.0008912509381337459,0.0009617551402268353,0.001037836719352697,0.0011199368851646874,0.0012085317500952048,0.00130413509041039,0.0014073013256836108,0.001518628733966217,0.0016387629213008496,0.0017684005656976062,0.0019082934572849687,0.0020592528580650324,0.002222154206555959,0.002397942194604642,0.0025876362458108816,0.0027923364273333587,0.003013229829360909,0.0032515974492447596,0.0035088216202139055,0.003786394027754016,0.004085924360138113,0.0044091496432749535,0.004757944314009409,0.005134331090291544,0.005540492701252367,0.005978784545210875,0.00645174834901821,0.006962126907951834,0.007512879991638698,0.008107201508248583,0.008748538026495466,0.009440608762859227,0.010187427149936808,0.010993324111001207,0.011862973175741446,0.012801417582833739,0.013814099526516257,0.014906891716773014,0.01608613143614983,0.01735865729070341,0.01873184886820814,0.020213669533605483,0.02181271260987364,0.02353825121212782,0.025400292023947696,0.027409633327789503,0.029577927626011018,0.03191774921565869,0.03444266710889478,0.03716732372194189,0.04010751978887479,0.043280305992689214,0.04670408184503108,0.05039870238800566,0.054385593336848885,0.058687875331191484,0.06333049801547021,0.06834038472603961,0.0737465886240501,0.07958046117953209,0.08587583398375244,0.09266921494420488,0.1
0.01,9.088686649943194,9.088686953999435,9.088687282108658,9.088687636173622,9.08868801824761,9.088688430546332,9.088688875460774,9.08868935557107,9.088689873661458,9.088690432736431,9.088691036038158,9.088691687065284,9.088692389593223,9.08869314769605,9.08869396577013,9.08869484855961,9.088695801183931,9.088696829167517,9.08869793847182,9.088699135529875,9.08870042728362,9.088701821224149,9.088703325435153,9.088704948639803,9.088706700251327,9.088708590427613,9.088710630130103,9.08871283118737,9.088715206363712,9.088717769433165,9.088720535259394,9.088723519881881,9.08872674060895,9.088730216118122,9.088733966564456,9.088738013697409,9.088742380986972,9.088747093759778,9.08875217934598,9.08875766723773,9.088763589260218,9.088769979756236,9.088776875785323,9.088784317338694,9.088792347571145,9.088801013051325,9.088810364031783,9.088820454740402,9.088831343694869,9.088843094042032,9.088855773924095,9.088869456873793,9.088884222240813,9.088900155651958,9.088917349507717,9.088935903518099,9.088955925280882,9.088977530905575,9.08900084568677,9.089026004830743,9.089053154239524,9.08908245135703,9.089114066082086,9.089148181753714,9.089184996214337,9.089224722957102,9.089267592363962,9.089313853041698,9.089363773263635,9.089417642525401,9.089475773223757,9.089538502468242,9.089606194036126,9.089679240482017,9.089758065414346,9.089843125951942,9.08993491537495,9.09003396598543,9.09014085219428,9.090256193852328,9.090380659844957,9.09051497197108,9.09065990912898,9.090816311833258,9.090985087089129,9.09116721365229,9.091363747704891,9.091575828980515,9.091804687373681,9.092051650072209,9.092318149253801,9.092605730391496,9.092916061216112,9.093250941387703,9.093612312932104,9.094002271503049,9.094423078535241,9.094877174358784,9.09536719235108,9.095895974208236,9.096466586424544,9.097082338075609,9.097746800008252,9.098463825548471,9.099237572847539,9.100072528995861,9.100973536044384,9.101945819084516,9.102995016549347,9.104127212911918,9.105348973970182,9.106667384923236,9.108090091459678,9.10962534409633,9.111282046024524,9.113069804741329,9.11499898776523,9.117080782759304,9.119327262410613,9.121751454442007,9.12436741716243,9.127190320993783,9.13023653644722,9.133523729059007,9.137070961836562
0.017903225806451612,9.08869512607546,9.08869610065323,9.088697152326942,9.08869828719542,9.088699511839959,9.088700833362472,9.088702259426688,9.088703798302587,9.088705458914367,9.08870725089219,9.088709184628032,9.088711271335944,9.088713523117093,9.08871595302993,9.088718575165917,9.08872140473126,9.088724458135072,9.08872775308455,9.088731308687647,9.088735145563897,9.088739285963975,9.088743753898749,9.08874857527851,9.088753778063237,9.088759392424738,9.088765450921624,9.088771988688121,9.088779043637814,9.088786656683526,9.088794871974567,9.08880373715277,9.088813303628763,9.088823626880126,9.088834766773102,9.08884678790977,9.088859760002688,9.088873758279169,9.088888863917534,9.088905164517874,9.088922754610069,9.08894173620197,9.08896221937097,9.08898432290235,9.089008174978146,9.089033913920488,9.08906168899376,9.089091661270208,9.089124004564017,9.089158906439298,9.089196569297801,9.08923721155267,9.089281068895065,9.08932839566097,9.089379466306132,9.089434576997673,9.089494047331609,9.089558222186252,9.089627473722201,9.08970220354058,9.089782845011975,9.089869865789625,9.089963770521434,9.09006510377649,9.09017445320312,9.090292452936767,9.090419787277433,9.090557194658059,9.090705471926821,9.090865478968178,9.091038143689497,9.091224467402132,9.091425530628202,9.091642499366722,9.091876631855419,9.092129285867475,9.092401926585474,9.092696135098242,9.093013617569856,9.093356215133973,9.09372591457087,9.094124859829131,9.094555364458767,9.095019925027877,9.095521235600687,9.096062203360878,9.096645965470849,9.097275907264663,9.09795568188018,9.09868923144424,9.099480809933745,9.100335007845201,9.10125677881583,9.102251468350579,9.103324844821636,9.104483132920269,9.105733049754907,9.10708184380487,9.10853733695561,9.110107969859255,9.111802850883496,9.113631808932695,9.11560545044755,9.117735220913826,9.120033471236914,9.12251352936709,9.1251897775909,9.128077735936852,9.131194152179145,9.134557098961377,9.138186078603502,9.142102136199796,9.146327981663795,9.150888121427915,9.155809000561568,9.161119156131956,9.166849382696942,9.173032910889733,9.17970560013111,9.186906146586757,9.194676307575774,9.203061143731803,9.212109280321163,9.221873189233511,9.232409493280441,9.243779294566796
0.025806451612903222,9.088708403716181,9.088710428648486,9.088712613767145,9.08871497174402,9.088717516253409,9.088720262051343,9.088723225061157,9.088726422465836,9.088729872807658,9.088733596095725,9.088737613922001,9.088741949586524,9.08874662823253,9.08875167699226,9.088757125144305,9.088763004283402,9.088769348503648,9.088776194596228,9.088783582262762,9.088791554345551,9.088800157076019,9.088809440342825,9.088819457981167,9.088830268084985,9.08884193334386,9.088854521406555,9.088868105273328,9.088882763719267,9.088898581751126,9.088915651100285,9.088934070754725,9.088953947533064,9.08897539670403,9.08899854265491,9.089023519612901,9.089050472423516,9.089079557390557,9.089110943182561,9.089144811810925,9.089181359685428,9.089220798753242,9.089263357728042,9.089309283416364,9.089358842148874,9.089412321324863,9.089470031078918,9.089532306079454,9.089599507469508,9.08967202496106,9.089750279095046,9.08983472368015,9.089925848424498,9.090024181775572,9.090130293984762,9.090244800414343,9.090368365106071,9.090501704632066,9.09064559225034,9.090800862389038,9.09096841548544,9.091149223207738,9.091344334089904,9.091554879612316,9.091782080763407,9.092027255120373,9.092291824490028,9.092577323154103,9.092885406766806,9.093217861956237,9.093576616685347,9.093963751432526,9.094381511256643,9.094832318816533,9.095318788420407,9.095843741186666,9.09641022140406,9.097021514186032,9.09768116452167,9.098392997833702,9.099161142162792,9.099990052106763,9.100884534653595,9.101849777057994,9.102891376923194,9.104015374662454,9.105228288528494,9.106537152414012,9.107949556642499,9.109473691985906,9.11111839716443,9.11289321010388,9.114808423247895,9.116875143245743,9.119105355361883,9.12151199298082,9.124109012610283,9.126911474817755,9.129935631569666,9.133199020479807,9.136720566513514,9.140520691737414,9.14462143375127,9.149046573488679,9.153821773127829,9.1589747249121,9.164535311743556,9.170535780480684,9.177010928945418,9.183998307723932,9.191538437931586,9.199675046204895,9.208455318283374,9.217930172651887,9.228154555830491,9.239187761024315,9.251093771981495,9.263941634053358,9.277805854608923,9.292766835125843,9.308911337463854,9.326332987024893,9.34513281571803,9.365419847878272,9.387311732537334,9.410935425713392
0.033709677419354836,9.088726482865356,9.088729937985203,9.088733666429272,9.088737689819425,9.088742031487966,9.08874671661295,9.08875177236419,9.088757228060826,9.088763115341342,9.088769468347051,9.088776323920083,9.088783721817041,9.088791704939553,9.088800319583063,9.088809615705317,9.088819647216063,9.088830472289688,9.088842153702588,9.088854759197204,9.088868361874885,9.088883040619809,9.088898880556442,9.0889159735432,9.088934418705136,9.088954323008794,9.088975801882524,9.088998979885867,9.089023991431894,9.0890509815667,9.08908010681054,9.08911153606552,9.089145451595087,9.089182050081007,9.089221543763953,9.089264161674327,9.089310150960443,9.089359778321777,9.08941333155561,9.089471121226007,9.089533482464828,9.089600776915217,9.089673394828832,9.089751757328974,9.089836318852754,9.089927569786449,9.090026039309333,9.090132298462478,9.090246963460313,9.090370699264158,9.090504223438439,9.090648310311972,9.090803795468421,9.090971580591988,9.091152638696428,9.091348019767722,9.091558856853121,9.091786372631878,9.092031886505765,9.092296822250516,9.092582716272531,9.092891226518764,9.093224142091435,9.093583393623334,9.093971064473893,9.094389402810936,9.094840834648192,9.095327977914158,9.095853657633917,9.096420922311946,9.097033061610906,9.097693625428983,9.098406444486342,9.09917565254015,9.100005710356955,9.100901431581446,9.10186801065163,9.102911052922298,9.104036607171464,9.10525120067832,9.10656187707609,9.107976237199336,9.10950248316259,9.111149465925896,9.112926736623184,9.114844601951058,9.116914183939272,9.119147484449483,9.12155745477634,9.124158070754554,9.12696441380748,9.129992758407287,9.133260666453868,9.136787089119863,9.14059247675241,9.14469889746897,9.149130165135022,9.153911977465794,9.159072065052952,9.164640352180484,9.170649130362435,9.177133245608884,9.184130300506208,9.19168087228359,9.199828748130406,9.208621179129247,9.2181091542772,9.228347696184628,9.239396180166322,9.251318678575618,9.264184332378452,9.278067752122336,9.293049450625718,9.309216309897113,9.32666208499203,9.345487947729827,9.365803073423919,9.387725274028147,9.411381681371404,9.436909484443062,9.46445672500526,9.494183156146384,9.526261168755134,9.560876791288472,9.598230768631831,9.638539726308712
0.04161290322580645,9.088749363522991,9.088754628663388,9.088760310313328,9.088766441421642,9.088773057543637,9.088780197047303,9.088787901335797,9.088796215087566,9.088805186515428,9.088814867646178,9.088825314622293,9.088836588027513,9.088848753238183,9.088861880802368,9.088876046848984,9.088891333529277,9.088907829493234,9.088925630403677,9.088944839491031,9.088965568151968,9.088987936595421,9.089012074539694,9.089038121964714,9.08906622992381,9.089096561419684,9.089129292349698,9.089164612525929,9.08920272677592,9.08924385613051,9.089288239105636,9.089336133085506,9.089387815815241,9.089443587011537,9.089503770100793,9.089568714094698,9.089638795614228,9.089714421073712,9.089796029037709,9.08988409276431,9.08997912294965,9.090081670689512,9.090192330675222,9.090311744642369,9.090440605092333,9.090579659308215,9.090729713688464,9.090891638423304,9.091066372541125,9.091254929354053,9.091458402334329,9.091677971455534,9.09191491003545,9.09217059212025,9.09244650045281,9.09274423507141,9.093065522588596,9.093412226204123,9.093786356509948,9.09419008315001,9.094625747402354,9.095095875756597,9.095603194565486,9.096150645855477,9.096741404388057,9.09737889607072,9.098066817824416,9.098809159022617,9.099610224626407,9.100474660149686,9.101407478599336,9.10241408954652,9.103500330497754,9.10467250074763,9.105937397909578,9.107302357336431,9.108775294659472,9.110364751692627,9.112079945968015,9.113930824190124,9.115928119918607,9.118083415814226,9.120409210808894,9.122918992589401,9.125627315815118,9.128549886523329,9.13170365321168,9.13510690512591,9.138779378322946,9.142742370124372,9.147018862624083,9.151633655966364,9.15661351216731,9.161987310313684,9.167786214039253,9.17404385224986,9.18079651414533,9.188083359669251,9.19594664660706,9.204431975649548,9.213588554842959,9.223469484959404,9.234132067442575,9.245638136714698,9.25805441877195,9.271452918148057,9.285911335490276,9.301513518169541,9.318349946538154,9.336518258655138,9.356123816522457,9.377280317116124,9.400110451755973,9.42474661763824,9.451331685657657,9.480019828972223,9.51097741711607,9.544383980846105,9.580433253318217,9.619334293631644,9.661312699257682,9.706611914384503,9.755494641766001,9.808244366262898,9.865166998912002,9.926592651058504
0.04951612903225806,9.088777045689092,9.088784500683044,9.08879254541932,9.088801226550677,9.088810594420432,9.08882070335441,9.088831611975989,9.08884338354607,9.088856086329935,9.088869793993126,9.08888458602865,9.088900548217968,9.08891777312845,9.088936360650205,9.088956418575345,9.088978063223092,9.089001420114338,9.08902662469956,9.089053823144313,9.089083173176881,9.089114845002952,9.089149022292688,9.089185903245841,9.089225701741162,9.089268648576708,9.089314992808283,9.089365003193755,9.089418969751623,9.089477205442886,9.089540047985952,9.089607861815134,9.089681040194046,9.089760007496224,9.089845221666126,9.089937176874832,9.090036406385822,9.09014348564747,9.090259035630146,9.09038372642734,9.090518281141653,9.090663480078168,9.090820165269589,9.090989245359319,9.091171700870836,9.09136858989392,9.091581054220685,9.091810325967026,9.092057734717866,9.092324715237645,9.092612815790757,9.092923707120196,9.093259192136482,9.093621216373045,9.094011879268685,9.094433446342606,9.094888362332522,9.095379265372117,9.095909002290036,9.09648064511913,9.0970975089117,9.097763170964068,9.098481491561925,9.099256636366809,9.10009310057349,9.100995734978412,9.101969774110296,9.103020866586109,9.104155107868388,9.105379075613932,9.106699867818795,9.108125143980866,9.10966316951868,9.111322863704101,9.113113851386831,9.115046518810693,9.117132073845424,9.119382610983225,9.121811181477044,9.124431869027317,9.127259871456095,9.130311588842227,9.133604718628705,9.137158358253723,9.140993115900669,9.145131230009264,9.149596698241021,9.154415416646843,9.159615329843918,9.1652265930728,9.17128174707452,9.177815906801907,9.18486696505954,9.192475812253306,9.200686573524022,9.209546864640322,9.2191080681349,9.229425631285544,9.240559387669071,9.252573904153099,9.265538855337976,9.27952942762053,9.294626755223003,9.310918390715996,9.328498812764273,9.347469974040179,9.36794189248237,9.390033289329011,9.413872277625789,9.439597105201942,9.467356956423341,9.497312817372555,9.529638409473758,9.564521196977232,9.602163474146591,9.64278353845415,9.686616956588574,9.73391793061728,9.784960772226837,9.840041493591398,9.89947952409547,9.963619562867205,10.032833577865848,10.107522963116788,10.188120866604644,10.275094702324276
0.05741935483870967,9.088809529363663,9.088819554044177,9.088830371747253,9.08884204520654,9.088854642118358,9.088868235534283,9.088882904284779,9.088898733436354,9.08891581478488,9.088934247387918,9.088954138139183,9.08897560238843,9.088998764610391,9.089023759126617,9.089050730884447,9.08907983629756,9.089111244153067,9.089145136590309,9.08918171015714,9.089221176949726,9.08926376584252,9.089309723815562,9.089359317386739,9.089412834157377,9.08947058448008,9.089532903258535,9.089600151889641,9.08967272035935,9.089751029504221,9.089835533451955,9.089926722254935,9.09002512473213,9.0901313115358,9.09024589846081,9.09036955001572,9.090502983276382,9.090646972044395,9.090802351334487,9.090970022216924,9.091150957042958,9.09134620508366,9.091556898614813,9.091784259483173,9.092029606192165,9.092294361548102,9.092580060911281,9.0928883610998,9.09322104999771,9.093580056923287,9.093967463817442,9.094385517317274,9.094836641784694,9.095323453365712,9.09584877516191,9.096415653602106,9.097027376109105,9.097687490164045,9.098399823878836,9.099168508196064,9.099998000845037,9.100893112192942,9.10185903314101,9.10290136522746,9.104026153111832,9.105239919629035,9.106549703616437,9.107963100733361,9.10948830750969,9.111134168879046,9.112910229472197,9.114826788968141,9.11689496182388,9.119126741729259,9.12153507116067,9.124133916436971,9.1269383487129,9.129964631379675,9.133230314379665,9.136754335982047,9.140557132609745,9.14466075735449,9.14908900786739,9.153867564366617,9.159024138562641,9.164588634364598,9.170593321299883,9.177073021652603,9.18406531240627,9.191610743161805,9.199753071294717,9.208539515715213,9.21802103070291,9.228252601404272,9.239293562706493,9.25120794333716,9.264064837185309,9.277938803997381,9.292910301771954,9.309066153360975,9.326500049983583,9.345313094572768,9.365614388106062,9.387521662320799,9.411161962483531,9.436672384173432,9.464200868352842,9.493907059336161,9.525963230633067,9.56055528403572,9.597883827744374,9.638165339784228,9.681633423461022,9.728540162136555,9.779157581181424,9.833779225583699,9.892721862362988,9.956327317663085,10.0249644591773,10.099031335403318,10.17895748413375,10.26520642356979,10.35827834050424,10.458712991162688,10.567092831524553,10.684046395276104
0.06532258064516128,9.08884681454671,9.088859788746799,9.08887378929714,9.088888897389243,9.08890520063743,9.088922793586935,9.088941778262182,9.088962264758438,9.088984371880287,9.08900822783058,9.08903397095392,9.089061750538939,9.08909172768404,9.08912407623165,9.089158983776343,9.089196652752749,9.08923730160949,9.089281166076013,9.089328500529612,9.08937957947062,9.089434699114264,9.089494179108481,9.089558364387598,9.089627627172673,9.08970236913006,9.089783023700743,9.089870058613933,9.089963978599496,9.090065328314987,9.090174695504189,9.09029271440555,9.09042006943023,9.090557499131123,9.09070580048584,9.090865833518523,9.091038526287262,9.091224880266065,9.091425976152571,9.091642980135195,9.091877150656055,9.092129845708882,9.092402530714265,9.092696787017863,9.093014321060895,9.093356974276091,9.09372673376646,9.094125743828846,9.094556318389067,9.095020954420765,9.095522346425781,9.096063402060038,9.096647258995533,9.097277303116236,9.097957188153421,9.09869085687428,9.099482563946722,9.100336900612934,9.101258821314797,9.102253672425574,9.103327223254462,9.10448569950386,9.105735819373315,9.10708483251958,9.10854056209869,9.110111450133857,9.111806606472323,9.113635861615052,9.115609823725633,9.117739940149029,9.120038563796893,9.122519024784483,9.125195707734584,9.128084135196762,9.131201057665706,9.134564550720722,9.138194119849693,9.142110813565447,9.146337345470496,9.150898225978054,9.155819904453251,9.16113092259883,9.166862079974894,9.173046612612612,9.179720385757744,9.186922101861756,9.194693525026782,9.203079723206091,9.212129329564668,9.221894824515683,9.232432840068524,9.243804488253444,9.25607571552756,9.269317685217581,9.283607190217285,9.299027098333216,9.315666832861451,9.333622891182586,9.352999404382633,9.373908741145444,9.396472159419039,9.42082050963533,9.447094993561691,9.47544798318555,9.506043904381245,9.539060190484276,9.574688311303326,9.613134883538125,9.654622869043209,9.699392867887195,9.747704513706811,9.799837979448332,9.856095602229011,9.91680363674205,9.982314147373907,10.05300705000716,10.129292315350026,10.21161234657023,10.300444545021543,10.39630407894179,10.499746871177976,10.611372823263892,10.731829294545923,10.86181485653122,11.002083344228133,11.153448227970392
0.07322580645161289,9.088888901238242,9.088905204790914,9.088922798068989,9.088941783098795,9.088962269977662,9.088984377512388,9.089008233908219,9.089033977512344,9.089061757616179,9.08909173532114,9.089124084472898,9.089158992669534,9.089196662349451,9.089237311965359,9.089281177251102,9.08932851258873,9.089379592483699,9.08943471315677,9.089494194261846,9.089558380739701,9.089627644818343,9.089702388171625,9.089783044248632,9.089870080787302,9.089964002526933,9.090065354135252,9.090174723367019,9.090292744472524,9.090420101875715,9.090557534143272,9.090705838267697,9.09086587428919,9.091038570283175,9.091224927742363,9.091426027384578,9.091643035420015,9.09187721031429,9.092129910086504,9.092402600184608,9.092696861983796,9.093014401957161,9.09335706157182,9.093726827967895,9.094125845482276,9.094556428083996,9.095021072793333,9.09552247416245,9.096063539901575,9.096647407741306,9.097277463628846,9.097957361363704,9.098691043786712,9.099482765645241,9.100337118267225,9.101259056187073,9.102253925877898,9.103327496756647,9.10448599464199,9.10573613785895,9.107085176199671,9.108540932966294,9.110111850339697,9.111807038337263,9.113636327643551,9.115610326620272,9.117740482826177,9.120039149403627,9.12251965671684,9.125196389657251,9.128084871064326,9.131201851745592,9.134565407617936,9.138195044533536,9.142111811398324,9.146338422239015,9.150899387926593,9.155821158320157,9.161132275655502,9.166863540067954,9.173048188209412,9.17972208599546,9.186923936600383,9.194695504906317,9.203081859708231,9.212131635079398,9.22189731241313,9.232435524776493,9.24380738534109,9.256078841795675,9.26932105879603,9.283610830670145,9.299031026772235,9.31567107206848,9.3336274657417,9.353004340822704,9.373914068093988,9.39647790776824,9.420826712721194,9.447101687357376,9.475455206509983,9.506051699124262,9.539068601849543,9.574697388070504,9.613144678345762,9.654633438694022,9.69940427367748,9.74771682178195,9.799851261186383,9.856109934654679,9.916819102973387,9.982330837104353,10.053025060025728,10.129311750102628,10.211633318765417,10.300467176284153,10.39632850051832,10.499773224697746,10.611401261560424,10.731859982543297,10.861847972200547,11.002119079619687,11.153486790327399,11.316828944035105,11.493092825579318,11.683300658575385
0.0811290322580645,9.088935789438267,9.088955802176534,9.08897739806281,9.08900070233521,9.089025850139066,9.089052987310653,9.08908227122291,9.089113871698096,9.089147971992588,9.089184769859633,9.089224478696153,9.089267328780258,9.089313568606673,9.089363466327804,9.089417311308793,9.08947541580559,9.08953811677579,9.089605777832695,9.089678791353974,9.089757580757123,9.089842602954933,9.089934351005205,9.09003335697008,9.090140195001542,9.090255484671031,9.090379894562442,9.09051414614935,9.090659017978956,9.090815350187013,9.090984049369913,9.091166093842201,9.091362539309966,9.091574524993069,9.091803280231675,9.092050131615391,9.092316510676394,9.092603962191111,9.092914153138661,9.093248882367932,9.09361009102941,9.093999873832253,9.094420491191848,9.094874382338357,9.095364179462226,9.095892722978713,9.096463077999926,9.097078552109958,9.097742714546118,9.098459416897574,9.099232815441376,9.100067395245432,9.100967996178209,9.10193984097598,9.102988565530387,9.104120251571988,9.105341461939298,9.106659278637858,9.108081343910078,9.109615904553984,9.111271859747916,9.113058812658503,9.114987126131215,9.117067982786448,9.11931344986967,9.121736549231668,9.124351332844796,9.1271729642931,9.130217806708949,9.133503517666114,9.137049151579623,9.140875270206232,9.14500406188636,9.149459470218972,9.154267332915675,9.159455531639285,9.165054153695811,9.171095666517605,9.177615105949535,9.184650279430167,9.192241985246266,9.20043424913218,9.209274579586241,9.218814243384914,9.22910856289251,9.240217236890707,9.252204686788598,9.265140430221038,9.279099484202094,9.294162800171657,9.310417733458355,9.327958549881448,9.346886972429868,9.367312771188907,9.389354399935966,9.413139683097462,9.438806557050976,9.466503870072053,9.496392245565113,9.528645013584965,9.563449216051534,9.601006691487747,9.641535245571774,9.685269914292473,9.732464327033943,9.783392177494575,9.83834881097138,9.89765293721516,9.961648478790192,10.03070656565794,10.105227687552082,10.18564401662711,10.272421913850021,10.366064633669888,10.467115242649745,10.576159768985605,10.693830601176012,10.820810155549987,10.957834833919792,11.105699294306994,11.265261059505182,11.43744549020138,11.623251151491752,11.823755603907932,12.040121652531846,12.273604090432894
0.08903225806451612,9.088987479146793,9.08901158090367,9.089037589278616,9.089065655098505,9.089095941121665,9.089128622981752,9.089163890206281,9.089201947315722,9.089243015009542,9.089287331446096,9.089335153623729,9.089386758871164,9.089442446455767,9.089502539319058,9.089567385949493,9.089637362403417,9.089712874485869,9.089794360103914,9.089882291806143,9.089977179523054,9.090079573524234,9.090190067609454,9.090309302552217,9.090437969815712,9.09057681556272,9.090726644982741,9.090888326961423,9.091062799119365,9.091251073249552,9.091454241184897,9.091673481129973,9.091910064493618,9.092165363262042,9.092440857955214,9.09273814621264,9.093058952058351,9.093405135898802,9.093778705311694,9.094181826688247,9.094616837796483,9.09508626133833,9.095592819579208,9.09613945013491,9.096729323007345,9.097365858967917,9.098052749395178,9.098793977681767,9.099593842334802,9.100456981903667,9.10138840187978,9.10239350372432,9.103478116192251,9.10464852913432,9.105911529973016,9.10727444306407,9.108745172171705,9.11033224630402,9.112044869174278,9.113892972574936,9.11588727397396,9.118039338667467,9.120361646849055,9.122867665984849,9.125571928913965,9.128490118127289,9.131639156713367,9.135037306498809,9.138704273952339,9.142661324466697,9.146931405681133,9.15153928055965,9.156511670996835,9.161877412784026,9.167667622834564,9.173915879637923,9.180658417989243,9.18793433912359,9.195785837473581,9.204258445365477,9.213401297072824,9.22326741375903,9.233914010961389,9.24540283039984,9.257800498034774,9.271178910450468,9.28561565180503,9.301194443764983,9.318005631033936,9.336146705291233,9.355722870579273,9.37684765341851,9.399643561188684,9.424242792594628,9.450788004337209,9.479433138435866,9.510344315000978,9.54370079563395,9.579696023042432,9.618538742900204,9.660454214458136,9.705685516927465,9.75449495921191,9.807165601164597,9.864002895192462,9.925336457728632,9.991521980846484,10.062943295101539,10.140014595564352,10.223182843953724,10.312930360800532,10.40977762267436,10.51428628069388,10.62706241782491,10.748760063854336,10.880084988422071,11.021798794104997,11.174723333286549,11.339745474422537,11.51782224533957,11.709986383388232,11.917352324632226,12.141122666800232,12.382595143474347,12.643170149953743,12.924358864431326
0.09693548387096773,9.089043970363832,9.089072540972332,9.089103371716426,9.089136641388695,9.089172542925473,9.08921128452571,9.089253090858357,9.08929820436525,9.08934688666708,9.08939942008057,9.089456109255677,9.089517282942307,9.089583295896796,9.08965453093919,9.089731401173294,9.08981435238232,9.089903865614058,9.090000459970566,9.090104695618512,9.090217177037687,9.090338556526467,9.090469537984625,9.090610880995337,9.090763405230156,9.090927995202403,9.091105605396619,9.09129726580378,9.09150408789439,9.091727271064073,9.091968109589082,9.09222800013202,9.092508449841322,9.09281108509146,9.09313766091457,9.093490071178174,9.093870359568042,9.09428073143987,9.094723566608517,9.095201433148954,9.095717102288969,9.096273564479999,9.096874046739265,9.097522031363797,9.098221276124889,9.098975836060061,9.099790086988927,9.100668750889337,9.101616923280961,9.102640102775103,9.103744222962124,9.104935686821394,9.106221403853308,9.107608830148742,9.109106011628255,9.110721630701878,9.11246505661999,9.114346399807355,9.11637657049535,9.11856734199248,9.120931418960026,9.12348251108883,9.126235412604455,9.12920608806183,9.132411764926873,9.135871033482058,9.13960395463527,9.143632176257174,9.147979058721804,9.152669810378358,9.157731633739937,9.163193883236957,9.169088235450124,9.17544887281025,9.182312681830217,9.189719467018744,9.197712181716529,9.206337177193497,9.215644471451773,9.225688039293303,9.236526125334393,9.248221581782468,9.26084223293403,9.274461268507732,9.289157668093747,9.305016659181053,9.32213021141905,9.340597569980025,9.36052583111579,9.382030563246559,9.405236477184177,9.430278149376788,9.457300802369579,9.486461147008072,9.51792829126848,9.551884720986147,9.588527358170003,9.628068703040993,9.670738066417945,9.716782899598348,9.766470229446897,9.820088207014766,9.87794777867096,9.940384489437506,10.007760428986884,10.080466331587287,10.158923842173945,10.24358796168801,10.334949685863844,10.433538852767114,10.539927215596405,10.654731758566971,10.778618275104517,10.912305229097608,11.056567921598228,11.212242987130875,11.380233245681351,11.561512938498595,11.757133378068056,11.968229045016571,12.196024167300017,12.441839819821777,12.707101585647894,12.993347823241736,13.302238587655832,13.635565257411438
0.10483870967741933,9.089105263089396,9.089138682382538,9.089174745376248,9.089213661205797,9.089255655550515,9.089300971942551,9.089349873179165,9.089402642846716,9.089459586965239,9.089521035763099,9.089587345592046,9.08965890099375,9.089736116929833,9.089819441188292,9.089909356980293,9.090006385742404,9.090111090160487,9.090224077432802,9.090346002791263,9.090477573301223,9.090619551961872,9.090772762130996,9.09093809229977,9.091116501245255,9.091309023590519,9.091516775804587,9.091740962677026,9.091982884304727,9.092243943631388,9.092525654583415,9.092829650849438,9.093157695354352,9.093511690482808,9.093893689111475,9.09430590651401,9.094750733207816,9.09523074881705,9.095748737032316,9.096307701753757,9.096910884511187,9.09756178326229,9.098264172677867,9.099022126031826,9.099840038822792,9.10072265426438,9.101675090791922,9.102702871745175,9.103811957399154,9.105008779528827,9.106300278708126,9.107693944559601,9.109197859188088,9.110820744050322,9.112572010532267,9.114461814527493,9.116501115333111,9.118701739204802,9.12107644793953,9.12363901288367,9.126404294795728,9.129388330026806,9.132608423518613,9.136083249158311,9.139832958072224,9.143879295486416,9.148245726831838,9.152957573825415,9.158042161316205,9.163528975748282,9.169449836159295,9.175839078706435,9.182733755789902,9.190173850928707,9.198202510634943,9.206866294631311,9.21621544586297,9.226304181869695,9.237191009208129,9.248939062747631,9.26161647180752,9.275296755259077,9.290059247883827,9.305989560460716,9.323180076250608,9.341730486757474,9.361748369873517,9.383349813761326,9.406660090091346,9.431814380539267,9.458958560756813,9.488250046362744,9.519858705860608,9.553967845777914,9.590775273740263,9.630494445646,9.673355703594641,9.719607611748673,9.769518397876285,9.823377508935426,9.881497289720894,9.944214794309861,10.011893740811184,10.084926620754892,10.16373697535486,10.248781851845186,10.340554454134939,10.439587003152463,10.546453823466177,10.661774674080652,10.786218342722254,10.920506524456272,11.065418007125732,11.221793187880868,11.390538946987698,11.572633907175517,11.769134109018315,11.981179135257419,12.209998719575633,12.456919878142442,12.72337460528129,13.01090817788165,13.321188116709074,13.65601385657653,14.017327181452085,14.407223485015058
0.11274193548387094,9.089171357323496,9.089210005134298,9.089251710258106,9.089296714549834,9.08934527899681,9.089397685232301,9.089454237168736,9.089515262760155,9.08958111590406,9.089652178493733,9.089728862632892,9.089811613025558,9.089900909554954,9.089997270066444,9.09010125337059,9.090213462483796,9.090334548125297,9.09046521249079,9.090606213324586,9.090758368313889,9.090922559830707,9.091099740048874,9.091290936465864,9.091497257861416,9.09171990072755,9.091960156207204,9.092219417581804,9.092499188351134,9.09280109095238,9.09312687616892,9.093478433283423,9.0938578010341,9.094267179437706,9.094708942547811,9.095185652222339,9.095700072980222,9.096255188033313,9.09685421658655,9.097500632506684,9.09819818446782,9.09895091769065,9.099763197401364,9.10063973414639,9.101585611109654,9.102606313590881,9.103707760815809,9.104896340262837,9.10617894470516,9.1075630121832,9.109056569139156,9.110668276963809,9.112407482225523,9.114284270872723,9.116309526724208,9.11849499458647,9.120853348364061,9.12339826455801,9.126144501578517,9.129107985331887,9.132305901578023,9.135756795594133,9.139480679722583,9.143499149426631,9.147835508527077,9.152514904346114,9.157564473542136,9.16301349948124,9.168893582058095,9.175238820951023,9.182086013374047,9.189474867472805,9.197448232601847,9.206052347818817,9.215337110036687,9.225356363389135,9.236168211487291,9.24783535437874,9.260425452163073,9.27401151737269,9.288672338394607,9.304492936388874,9.321565058353583,9.339987709196084,9.359867725896217,9.381320397091539,9.404470131677941,9.429451180303362,9.456408413939041,9.48549816404382,9.516889129194244,9.550763353438638,9.587317282049396,9.626762900796505,9.669328965349823,9.715262327940202,9.764829368973665,9.818317541901482,9.876037040305714,9.938322596868538,10.005535424658438,10.078065311991535,10.156332883016828,10.24079203713499,10.331932581397288,10.430283071149969,10.536413875396843,10.650940484655587,10.774527080489106,10.907890387410335,11.051803829495787,11.20710201580981,11.37468558064757,11.555526406661992,11.750673261159726,11.96125787824673,12.188501522089233,12.433722069345704,12.698341651836026,12.983894903763238,13.292037861309268,13.624557566210115,13.983382428999175,14.37059341201391,14.788436097016639,15.239333707411461
0.12064516129032256,9.089242253066145,9.08928650922763,9.089334266362014,9.089385801420821,9.089441413264385,9.089501424394985,9.089566182827104,9.089636064105607,9.08971147348359,9.089792848272523,9.089880660378281,9.089975419037799,9.090077673772242,9.090188017573748,9.0903070903443,9.090435582606624,9.09057423950864,9.090723865144703,9.090885327218686,9.091059562075925,9.091247580133254,9.091450471738584,9.091669413494,9.091905675079087,9.09216062661401,9.092435746605071,9.092732630518817,9.093053000034422,9.093398713027991,9.093771774346703,9.094174347435256,9.094608766882057,9.095077551957893,9.095583421225607,9.096129308305525,9.09671837888801,9.097354049091855,9.09804000527494,9.098780225412067,9.099579002163917,9.100440967770956,9.101371120916594,9.102374855715443,9.103457992994736,9.104626814050343,9.105888097073136,9.107249156456925,9.108717885215968,9.110302800757994,9.112013094278218,9.113858684060785,9.115850272996752,9.117999410652175,9.12031856024623,9.122821170927836,9.125521755769856,9.128435975933286,9.13158073148942,9.134974259426782,9.138636239411138,9.142587907911961,9.146852181357175,9.151453789030423,9.15641941648155,9.161777860282013,9.167560195022682,9.173799953522531,9.180533321293305,9.187799346387987,9.195640165849987,9.204101250076427,9.213231666512629,9.22308436420713,9.233716480877495,9.245189674267762,9.257570479719234,9.270930696028396,9.285347801829735,9.300905404918343,9.317693727118204,9.335810127508214,9.355359667040473,9.376455717825449,9.399220620617692,9.42378639431531,9.45029550158811,9.478901675074832,9.509770808941216,9.5430819209697,9.579028190760583,9.617818080065998,9.659676541754246,9.704846324416158,9.753589380179745,9.80618838389798,9.862948372520313,9.924198514155602,9.990294017086043,10.061618189803301,10.13858466401366,10.221639793503963,10.311265242779779,10.40798078048741,10.512347293818738,10.624970041378976,10.74650216337987,10.877648469512739,11.0191695264655,11.17188606878495,11.33668375866015,11.514518322225648,11.706421092166195,11.913504988760312,12.136970974042296,12.378115016505562,12.638335606730891,12.919141867518059,13.22216230554731,13.549154255317944,13.902014070126775,14.282788119182502,14.693684654628266,15.137086617290839,15.615565455420638,16.13189603656274
0.12854838709677419,9.089317950317358,9.08936819466255,9.089422413687993,9.089480921818787,9.089544058353265,9.08961218943064,9.089685710154306,9.08976504688311,9.089850659703878,9.08994304509953,9.090042738828274,9.090150319030556,9.090266409581785,9.090391683710306,9.090526867901545,9.09067274611103,9.090830164310681,9.091000035394737,9.091183344473789,9.09138115458759,9.091594612869816,9.091824957200476,9.092073523384588,9.09234175289874,9.092631201250454,9.09294354699883,9.093280601488813,9.093644319355464,9.09403680985924,9.094460349117941,9.094917393306318,9.095410592899833,9.095942808045237,9.096517125147034,9.097136874766091,9.097805650934125,9.098527331996108,9.099306103101481,9.100146480474555,9.101053337604885,9.102031933509503,9.103087943230882,9.104227490747515,9.105457184487964,9.10678415565432,9.108216099577346,9.109761320343083,9.111428778949783,9.113228145274391,9.115169854149954,9.117265165879195,9.119526231535128,9.121966163427466,9.124599111143446,9.127440343604052,9.130506337611507,9.133814873401567,9.137385137754704,9.141237835264217,9.145395308406494,9.149881667109774,9.154722928572841,9.159947168144468,9.165584682138654,9.171668163529862,9.178232891547188,9.185316936266991,9.192961379390518,9.201210552486897,9.210112294083183,9.219718227092454,9.230084058188876,9.241269900866005,9.253340624051878,9.26636622830272,9.280422251757049,9.295590208204496,9.311958059810049,9.329620727235257,9.34868064011501,9.3692483310824,9.391443076786885,9.415393589623434,9.441238764184485,9.469128482763956,9.499224484585001,9.531701303792799,9.566747281652493,9.604565658822768,9.645375754039907,9.689414236048389,9.736936496154788,9.788218129365298,9.843556532696912,9.903272629931752,9.967712732817258,10.037250549506144,10.11228935188383,10.193264314352234,10.280645037633034,10.374938272226123,10.476690857316639,10.586492892172888,10.70498115842548,10.832842813072322,10.970819373623668,11.11971101849503,11.280381227583321,11.453761789933907,11.640858207534329,11.842755526567347,12.06062462993425,12.295729027534094,12.549432183670943,12.823205424076026,13.118636468393202,13.437438637603904,13.78146078978227,14.15269804179622,14.553303339128862,14.98559994091495,15.452094892595873,15.95549356432586,16.49871533944451,17.0849105440017
0.1364516129032258,9.089398449077152,9.089455061439075,9.089516152236062,9.089582075743753,9.08965321426348,9.089729980339294,9.08981281915038,9.089902211092713,9.089998674564972,9.090102768974807,9.090215097982943,9.090336313003904,9.090467116983682,9.090608268476231,9.090760586042451,9.090924952997165,9.091102322531595,9.091293723241092,9.091500265090128,9.09172314584916,9.091963658040711,9.092223196434926,9.092503266138065,9.092805491320883,9.093131624637468,9.093483557389172,9.093863330492592,9.094273146315194,9.09471538144721,9.095192600483903,9.095707570898078,9.096263279089136,9.09686294770173,9.097510054314416,9.098208351606749,9.09896188912171,9.099775036749731,9.100652510070432,9.101599397699104,9.102621190796494,9.10372381491301,9.104913664352047,9.106197639251706,9.107583185599925,9.109078338415133,9.110691768342773,9.112432831937989,9.11431162592601,9.116339045754964,9.118526848780629,9.120887722449588,9.123435357876177,9.126184529239922,9.129151179463912,9.132352512671,9.135807093953984,9.139534957038377,9.143557720462155,9.147898712946215,9.152583108682634,9.157638073325295,9.16309292152955,9.168979286954544,9.175331305714094,9.182185814340059,9.189582563406248,9.19756444805178,9.206177756740798,9.215472439701209,9.225502398599264,9.236325799129949,9.248005408336056,9.260608958612233,9.274209540505087,9.288886026587408,9.30472352886482,9.32181389236765,9.340256227790674,9.360157486269857,9.381633079629635,9.404807549697951,9.429815290570913,9.456801328015972,9.485922160533992,9.517346666958101,9.55125708585319,9.587850072396321,9.62733783886761,9.669949385366172,9.715931827888836,9.765551831474081,9.819097156722854,9.876878328665459,9.939230437653164,10.006515082718716,10.0791224686761,10.157473669121279,10.242023068457575,10.333260997107356,10.431716575191677,10.537960781168241,10.652609763222145,10.776328412611258,10.909834219686722,11.053901434947786,11.209365559258563,11.377128189262656,11.558162246090793,11.75351761767888,11.96432724741201,12.191813704397898,12.437296273465957,12.70219860600218,12.988056975982454,13.296529189076985,13.629404196486242,13.988612469256802,14.376237193236477,14.79452634958876,15.245905750923445,15.732993108644026,16.25861321309429,16.825814314541546,17.437885799999783,18.098377268411863
0.1443548387096774,9.089483749345542,9.089547109557227,9.089615482006243,9.089689263195744,9.089768880995058,9.089854797120985,9.089947509815364,9.090047556734461,9.090155518066931,9.090272019898425,9.090397737842363,9.090533400957934,9.09067979597803,9.090837771871637,9.09100824476716,9.091192203265186,9.091390714171567,9.091604928683985,9.091836089067957,9.092085535860926,9.092354715646284,9.09264518944233,9.09295864175489,9.093296890346055,9.093661896775686,9.094055777776825,9.094480817531007,9.0949394809146,9.09543442779306,9.095968528445932,9.096544880212099,9.097166825451788,9.097837970929493,9.098562208730216,9.09934373883036,9.10018709345411,9.101097163356615,9.10207922618632,9.103138977090987,9.104282561744878,9.10551661198861,9.106848284288395,9.108285301237677,9.109835996341866,9.111509362345863,9.113315103384647,9.11526369125936,9.117366426165258,9.119635502223685,9.122084078198121,9.124726353804393,9.127577652057617,9.130654508133393,9.133974765258609,9.13755767818795,9.141424024866176,9.145596226923786,9.150098479704818,9.15495689258088,9.16019964036514,9.165857126704372,9.171962160396667,9.178550145657272,9.18565928743608,9.1933308129774,9.201609210907035,9.210542489233124,9.22018245375712,9.230585008509516,9.241810479952658,9.25392396683094,9.266995717697304,9.28110153830558,9.29632323123132,9.312749070270838,9.330474312369711,9.34960175004981,9.370242307538751,9.392515684059079,9.416551048008147,9.442487786054674,9.470476311496576,9.500678936568304,9.53327081375686,9.568440951585858,9.606393310758932,9.647347987019764,9.691542487589032,9.739233108581129,9.790696421389237,9.84623087665917,9.906158535154338,9.970826935549955,10.04061110998868,10.115915759086603,10.19717759900302,10.284867894185117,10.379495190475188,10.481608264429616,10.591799305952373,10.710707352698481,10.839021996162344,10.977487380941009,11.126906520362006,11.288145953499521,11.462140770581732,11.649900035928132,11.852512639860317,12.071153613517044,12.307090943188463,12.561692923681091,12.83643609335098,13.132913796815938,13.452845424998262,13.798086386077953,14.170638865176196,14.572663435164067,15.006491585928677,15.474639244756998,15.979821366246865,16.524967676359,17.113239661918605,17.748048904099086,18.433076862216186,19.172296222572047
0.15225806451612903,9.089573851122543,9.08964433901702,9.089720402998564,9.08980248417479,9.089891058548034,9.089986639775747,9.090089782149303,9.090201083808404,9.090321190209812,9.090450797870448,9.090590658406612,9.090741582892738,9.090904446564936,9.091080193896653,9.091269844075812,9.091474496915264,9.091695339230794,9.091933651723645,9.092190816407541,9.092468324623205,9.092767785686894,9.093090936223108,9.093439650235556,9.093815949974829,9.094222017665768,9.094660208162564,9.095133062604956,9.095643323154736,9.096193948898007,9.096788133005445,9.097429321250038,9.098121231989717,9.098867877730768,9.099673588397048,9.100543036439966,9.10148126393486,9.102493711820875,9.103586251453935,9.104765218655778,9.10603745045653,9.107410324743862,9.108891803048714,9.11049047671566,9.11221561672569,9.114077227460362,9.116086104719072,9.118253898325932,9.120593179689322,9.12311751470591,9.12584154243192,9.128781059977898,9.131953114119312,9.13537610015423,9.139069868581426,9.143055840217531,9.14735713042087,9.151998683142367,9.157007415580946,9.162412374282335,9.16824490358654,9.174538827400887,9.18133064535281,9.18865974445994,9.196568627545098,9.205103159720826,9.214312834372974,9.224251060185894,9.234975470873845,9.246548259414908,9.25903653872581,9.272512730869435,9.287054987052212,9.302747640847278,9.319681697271841,9.337955360555327,9.35767460365908,9.37895378285073,9.401916300897526,9.426695322724974,9.453434547691412,9.482289042957474,9.513426142783816,9.547026418972735,9.583284728082024,9.622411341484618,9.664633164828011,9.710195053965982,9.759361234994566,9.81241683662795,9.869669543801445,9.931451382091675,9.998120643302661,10.070063963385058,10.147698564739088,10.23147467590482,10.321878142671949,10.419433245751001,10.524705741345551,10.638306142257177,10.760893258549464,10.893178018302054,11.035927590609502,11.189969834731931,11.35619810119532,11.535576412679662,11.729145054735158,11.938026608742778,12.16343246209979,12.406669833378023,12.66914935318903,12.95239324471296,13.25804415132591,13.587874662513585,13.943797593309629,14.327877076867713,14.742340534493364,15.18959159255169,15.67222402115979,16.193036775500115,16.75505022698682,17.361523678419342,18.015974264704806,18.722197348767107,19.48428853093274,20.30666739944023
0.16016129032258064,9.089668754408176,9.089746749818481,9.089830915213044,9.089921738680918,9.090019746922437,9.090125508303622,9.09023963615224,9.090362792314595,9.090495690993675,9.090639102890949,9.090793859675776,9.09096085880841,9.091141068744516,9.091335534551408,9.091545383968562,9.091771833947579,9.092016197709485,9.092279892360317,9.092564447109167,9.092871512136318,9.093202868162924,9.09356043677771,9.093946291580583,9.094362670207804,9.094811987308418,9.095296848547207,9.095820065715396,9.096384673036704,9.096993944763343,9.097651414163948,9.098360894013641,9.099126498704955,9.099952668107925,9.100844193317664,9.101806244438777,9.102844400567696,9.103964682146861,9.105173585878338,9.106478122399366,9.107885856938296,9.109404953186734,9.111044220642283,9.112813165696444,9.114722046763951,9.116781933773236,9.119004772363043,9.121403453157471,9.123991886521193,9.126785083228372,9.12979924151311,9.133051841006248,9.136561744103284,9.140349305351279,9.144436489489124,9.148846998825709,9.153606410694708,9.15874232578315,9.16428452819394,9.17026515817065,9.176718898486234,9.18368317557663,9.191198376585715,9.199308083580329,9.208059326293714,9.21750285486313,9.227693434143394,9.238690161303206,9.2505568085462,9.263362192944312,9.277180575528362,9.29209209195041,9.308183217215559,9.325547267178456,9.344284939713035,9.364504898694083,9.38632440417752,9.409869992434292,9.435278209781835,9.46269640446917,9.492283581208307,9.524211323308046,9.558664787758314,9.595843779036215,9.635963907861624,9.679257841622729,9.725976653723613,9.776391279679611,9.830794088405257,9.889500577807578,9.952851204518398,10.021213358377073,10.09498349311443,10.174589425594398,10.260492816947114,10.353191849981894,10.453224118406412,10.561169744606442,10.677654744065538,10.803354655933957,10.93899846079896,11.085372808373815,11.243326579619323,11.413775809750632,11.597709000674444,11.796192853659411,12.01037845547914,12.24150795389661,12.490921761196384,12.760066327533126,13.050502529169583,13.363914720243491,13.702120500551391,14.06708125599053,14.460913532782081,14.885901311435518,15.34450925163325,15.83939698484707,16.37343453757554,16.949718974650008,17.571592359133813,18.242661132976025,18.966817030821257,19.748259648268768,20.591520795469375,21.50149077730145
0.16806451612903225,9.08976845920246,9.089854341961631,9.089947018649712,9.09004702671416,9.090154946118304,9.090271402704648,9.090397071824226,9.09053268225309,9.090679020418587,9.09083693496,9.091007341649938,9.091191228705055,9.091389662516889,9.09160379383604,9.091834864445573,9.092084214362316,9.092353289607857,9.092643650594251,9.092956981173126,9.093295098400615,9.093659963074778,9.094053691106598,9.094478565790512,9.09493705104562,9.095431805704376,9.095965698931614,9.096541826863325,9.097163530561676,9.097834415390421,9.098558371923021,9.09933959850475,9.100182625599645,9.101092342063454,9.102074023494971,9.103133362830171,9.104276503356544,9.105510074339144,9.106841229464855,9.108277688327949,9.10982778119739,9.111500497325615,9.11330553707886,9.11525336819139,9.11735528646986,9.119623481299849,9.122071106334431,9.124712355774763,9.127562546685036,9.13063820781917,9.133957175474363,9.137538696927422,9.141403542053677,9.145574123775843,9.150074628041322,9.154931154081742,9.160171865768143,9.165827154939569,9.17192981765229,9.178515244371766,9.185621625210379,9.193290171401184,9.201565354292086,9.210495163246527,9.220131383946322,9.23052989871069,9.241751010573171,9.253859792995947,9.266926467249714,9.281026809647805,9.296242590996288,9.31266205080875,9.330380409035998,9.349500418278517,9.370132959684407,9.392397685988735,9.4164237154238,9.442350380524756,9.470328036173498,9.50051893156721,9.533098151168796,9.568254630096423,9.60619224984121,9.647131020667858,9.69130835755585,9.738980457081203,9.790423783224272,9.845936670720619,9.905841055253761,9.970484340523956,10.040241413021057,10.115516816185753,10.19674709656782,10.284403335587156,10.37899388157951,10.481067297970062,10.59121554467089,10.710077411150616,10.83834222108343,10.976753830059229,11.12611493953543,11.28729175204456,11.46121899465,11.648905339777297,11.851439254852382,12.069995314664306,12.305841013053172,12.560344113419482,12.834980580675792,13.131343140633703,13.451150516458258,13.796257395749006,14.168665186045049,14.570533621124667,15.004193285405783,15.472159129079062,15.977145052352888,16.522079643391038,17.110123161216183,17.74468586207364,18.42944777554205,19.168380045086256,19.965767956820603,20.826235790041288,21.7547736336514,22.756766324001653
0.17596774193548387,9.089872965505414,9.089967115446493,9.090068713308593,9.090178348274543,9.090296656135674,9.09042432297887,9.090562089165312,9.090710753623947,9.090871178484615,9.091044294077687,9.091231104329195,9.09143269258278,9.091650227882177,9.091884971750698,9.092138285507014,9.092411638159676,9.092706614926142,9.09302492642572,9.093368418599733,9.093739083416457,9.094139070422877,9.09457069921027,9.09503647286592,9.09553909248894,9.096081472854419,9.096666759316692,9.097298346049795,9.097979895730875,9.098715360780675,9.099509006284322,9.100365434725296,9.101289612676036,9.102286899599976,9.103363078932016,9.104524391617693,9.105777572305541,9.107129888402529,9.108589182219072,9.110163916448023,9.111863223241375,9.11369695716931,9.115675752368686,9.117811084212404,9.120115335857271,9.122601870056316,9.125285106651978,9.1281806061996,9.131305160206196,9.134676888507768,9.138315344349929,9.142241627781226,9.146478508016752,9.151050555481673,9.155984284300464,9.161308306058165,9.167053495725403,9.173253170709419,9.17994328406951,9.187162633017412,9.194953083911805,9.203359815051797,9.212431578677435,9.222220983696738,9.232784800778916,9.244184291583151,9.256485564032362,9.26975995569233,9.284084447479657,9.299542110097903,9.316222585791024,9.334222608208147,9.3536465633947,9.374607095163462,9.397225758356516,9.421633723786798,9.44797253894775,9.47639494890294,9.507065782116625,9.540162906362827,9.575878260256935,9.614418966392453,9.656008532538747,9.700888147866399,9.749318081717826,9.801579193035534,9.857974559202088,9.918831233738306,9.984502143053462,10.055368133247498,10.131840178835407,10.214361766202714,10.303411465614126,10.39950570669061,10.503201773449815,10.615101036277641,10.735852439572382,10.86615626528508,11.006768194179191,11.15850368835861,11.32224272047563,11.498934877040293,11.689604865421536,11.895358456471016,12.11738889722644,12.35698383087694,12.615532764114514,12.894535125170167,13.195608959258939,13.520500311855125,13.871093354208524,14.249421309818002,14.657678245224952,15.098231793502807,15.57363688422964,16.08665055956916,16.640247962385807,17.23763958911821,17.882289907471357,18.577937446903988,19.328616478429453,20.13868040946603,21.012827029418304,21.956125752403764,22.974047015120185,24.072494000345902
0.18387096774193548,9.08998227331706,9.09008507027309,9.090195999189719,9.090315703362107,9.090444876974583,9.090584269126332,9.090734688175546,9.090897006427227,9.091072165191832,9.091261180244087,9.091465147713642,9.0916852504417,9.091922764840515,9.092179068295533,9.092455647153063,9.092754105339862,9.093076173664581,9.093423719855,9.093798759389314,9.094203467184228,9.094640190207665,9.095111461089239,9.095620012807403,9.096168794538466,9.096760988759359,9.097400029703383,9.098089623275913,9.098833768545584,9.099636780935594,9.100503317249592,9.101438402677303,9.102447459936485,9.10353634072023,9.104711359631988,9.105979330805058,9.107347607419,9.108824124342044,9.110417444146842,9.112136806766403,9.113992183078174,9.115994332727032,9.11815486652248,9.120486313771957,9.123002194940689,9.125717100059505,9.128646773335293,9.131808204454785,9.135219727111181,9.13890112532498,9.14287374817562,9.147160633609284,9.151786642040868,9.156778600524948,9.162165458331796,9.167978454830743,9.174251300654452,9.181020373194796,9.188324927564071,9.196207324245025,9.2047132747499,9.213892106713264,9.223797049955932,9.234485545179085,9.246019577078835,9.258466033813132,9.271897094905812,9.286390649837408,9.30203074975043,9.318908094888823,9.33712056059855,9.356773764939975,9.377981681203973,9.400867298884185,9.42556333693887,9.452213013479073,9.48097087634708,9.51200369940231,9.545491449712857,9.581628331262126,9.620623911223813,9.662704335337246,9.708113639431936,9.757115164707727,9.809993084978629,9.867054054737753,9.928628987601337,9.99507497544591,10.066777359368473,10.144151964479843,10.227647511491336,10.317748219079867,10.414976612122818,10.51989655208741,10.633116507147385,10.755293080989567,10.887134820772527,11.029406326317964,11.182932684361777,11.348604253576218,11.527381828108183,11.720302209573223,11.928484219813056,12.15313518927997,12.39555795866958,12.657158434399573,12.939453741744076,13.244081022899493,13.572806930998256,13.927537875123717,14.310331075735617,14.723406494616706,15.169159708524054,15.65017580120291,16.169244354328626,16.729375624316585,17.333817998818873,17.98607683414922,18.68993478288698,19.449473729553908,20.269098461583244,21.153562212864227,22.10799422800416,23.137929507167605,24.2493409039974,25.448673762765896
0.1917741935483871,9.090096382637421,9.090208206441451,9.090328876293118,9.090459091976882,9.090599608635074,9.090751241147084,9.090914868854988,9.091091440662996,9.09128198054031,9.091487593459291,9.09170947180338,9.091948902281926,9.092207273392038,9.092486083470703,9.092786949383905,9.093111615903094,9.093461965823424,9.093840030882388,9.09424800354221,9.09468824970432,9.095163322429602,9.095675976744042,9.096229185615595,9.096826157194926,9.097470353420048,9.09816551009268,9.098915658542827,9.099725149007144,9.100598675856741,9.10154130482065,9.10255850236289,9.103656167383454,9.104840665427087,9.106118865598221,9.107498180396146,9.108986608701441,9.110592782162945,9.112326015254277,9.1141963592902,9.116214660716063,9.118392624008408,9.12074287955144,9.12327905688307,9.126015863735256,9.128969171327025,9.132156106404855,9.135595150564122,9.13930624742766,9.143310918302966,9.14763238698881,9.15229571445501,9.157327944176458,9.162758258964239,9.168618150203335,9.174941600478437,9.181765280646935,9.18912876250204,9.197074748259336,9.20564931819766,9.214902197890511,9.224887046577782,9.235661768350228,9.247288847951394,9.259835713144506,9.273375125745893,9.287985603592762,9.303751875892589,9.320765374594973,9.339124764635724,9.358936516128452,9.380315521822146,9.403385763405836,9.428281030524715,9.455145696677775,9.484135556497014,9.51541872926415,9.549176633905054,9.585605041116564,9.624915208727764,9.667335106880474,9.713110740134615,9.762507574166241,9.815812075332513,9.873333372032487,9.93540504749882,10.002387074417594,10.074667902595992,10.15266671178476,10.236835842720202,10.327663420483624,10.425676185391202,10.531442547830478,10.645575884757903,10.768738096973001,10.901643447796413,11.045062705410507,11.199827612881691,11.36683571178323,11.547055547387432,11.741532285608212,11.95139377426251,12.177857083795194,12.422235565392333,12.685946467408124,12.970519154268548,13.277603975508974,13.608981836373939,13.966574525476444,14.352455859405742,14.768863708911343,15.218212976405203,15.703109600042369,16.22636566559555,16.791015713765212,17.400334337500833,18.057855171391576,18.7673913832587,19.533057786794377,20.35929470349286,21.25089371226434,22.213025436068662,23.25126952671822,24.371647021745538,25.580655260986205,26.885305565369745
0.19967741935483868,9.090215293466517,9.090336523951601,9.090467344618821,9.090608514118907,9.090760851117189,9.090925239041173,9.091102631203691,9.091294056331318,9.091500624530129,9.091723533723389,9.091964076598515,9.092223648103587,9.092503753536889,9.092806017276377,9.093132192199734,9.093484169849598,9.093863991402939,9.094273859508188,9.094716151058782,9.095193430977153,9.095708467089176,9.096264246175249,9.096863991291146,9.097511180459087,9.098209566837372,9.098963200485619,9.099776451851742,9.100654037116957,9.101601045545745,9.102622968999391,9.10372573378426,9.104915735019512,9.106199873723533,9.107585596834198,9.109080940395007,9.110694576157575,9.112435861870715,9.114314895547757,9.116342574026831,9.118530656163669,9.120891831023474,9.12343979146724,9.126189313559323,9.129156342256756,9.132358083877229,9.135813105881997,9.13954144455241,9.143564721184452,9.147906267475216,9.152591260828405,9.157646870363601,9.163102414476015,9.168989530860502,9.175342359985843,9.182197743083371,9.189595435798141,9.197578338741689,9.206192746283481,9.21548861502391,9.22551985350583,9.236344634844816,9.248025734091287,9.260630892280984,9.274233209285184,9.28891156773901,9.304751090506434,9.321843634335117,9.340288322564113,9.36019211997394,9.381670453112978,9.404847879697924,9.429858810970568,9.456848291200439,9.48597283885415,9.517401354310056,9.551316099382708,9.587913754338087,9.627406558530012,9.670023541273082,9.71601185009085,9.765638184042576,9.819190340441374,9.876978883934013,9.939338947622275,10.006632176671415,10.079248825677464,10.157610021956678,10.24217020788249,10.333419776433365,10.431887915235253,10.538145675591041,10.652809284293738,10.776543717427739,10.910066556881254,11.05415215193198,11.20963611003669,11.377420142864008,11.558477295669054,11.753857590331322,11.96469411477539,12.19220959408253,12.437723481394258,12.702659609723195,12.988554449039622,13.297066016512408,13.629983491571393,13.989237591546662,14.376911768051832,14.795254289039605,15.246691276595437,15.733840776079532,16.259527938210027,16.82680140213603,17.438950974515866,18.09952670713287,18.81235948369267,19.581583235198945,20.41165891274922,21.30740035678424,22.274002212821426,23.317070055570664,24.44265289613584,25.657278260823947,26.967990044995837,28.382389361482737
0.2075806451612903,9.090339005804374,9.090470022803565,9.090611404166863,9.090763969788219,9.09092860442097,9.091106262808651,9.09129797522172,9.091504853432266,9.091728097161369,9.091969001036473,9.092228962099156,9.092509487906812,9.09281220527522,9.09313886971273,9.093491375600754,9.093871767179607,9.094282250403394,9.094725205732722,9.095203201939396,9.09571901100316,9.09627562418689,9.096876269383438,9.09752442983474,9.098223864331738,9.09897862901226,9.099793100883273,9.100672003203911,9.101620432876482,9.102643890004307,9.103748309787791,9.104940096943718,9.106226162847335,9.107613965612682,9.10911155334354,9.110727610805856,9.112471509792307,9.114353363471057,9.11638408503392,9.118575450984018,9.120940169429975,9.123491953782676,9.126245602282024,9.129217083814837,9.132423630521615,9.135883837729203,9.13961777178891,9.143647086445437,9.147995148411528,9.152687172876544,9.157750369734845,9.163214101382025,9.169110052994075,9.175472416277042,9.182338087752788,9.189746882730796,9.197741766206958,9.206369102028406,9.215678921769427,9.225725214877805,9.236566241774275,9.24826487172096,9.260888947418213,9.27451167844445,9.289212065820667,9.305075360162036,9.322193556073614,9.34066592565756,9.360599594225949,9.382110161558174,9.405322372306044,9.430370839434719,9.457400824895227,9.486569082056294,9.51804476478131,9.552010408422914,9.588662988424604,9.628215062669081,9.670896004198534,9.71695333145628,9.766654143764736,9.82028667036491,9.878161942001235,9.940615594746099,10.008009816525329,10.080735447633279,10.15921424741905,10.243901340288943,10.33528785520976,10.433903774019589,10.540321005063197,10.655156699975542,10.779076832846478,10.912800062520873,11.057101900429759,11.212819208119448,11.38085505055685,11.562183933351932,11.75785745426415,11.969010401761562,12.196867335993646,12.442749690336079,12.708083434684607,12.994407344932837,13.30338192658464,13.636799044245805,13.99659231283393,14.384848310764166,14.803818680136411,15.255933184095124,15.743813797085283,16.270289909719942,16.838414736440335,17.451483021126165,18.113050143342655,18.826952736034187,19.597330934240667,20.428652383871704,21.32573814978049,22.29379067339353,23.33842394203669,24.465696044923796,25.68214430461232,26.994823187665055,28.41134521437216,29.939925104777625
0.2154838709677419,9.090467519651018,9.090608702997379,9.090761054937273,9.090925458984856,9.091102868546464,9.09129431244957,9.091500900909132,9.091723831965911,9.091964398434115,9.092223995398642,9.09250412830542,9.09280642169173,9.093132628607181,9.093484640779938,9.093864499587175,9.094274407893367,9.094716742825078,9.095194069556321,9.09570915618444,9.096264989782787,9.096864793723265,9.097512046369225,9.098210501247088,9.098964208813708,9.09977753994567,9.100655211286764,9.101602312600638,9.102624336287235,9.103727209234188,9.104917327187906,9.106201591843648,9.107587450869705,9.109082941097771,9.110696735130015,9.112438191633077,9.114317409610733,9.116345286969903,9.11853358371966,9.120894990169788,9.123443200524312,9.126192992296867,9.129160312008413,9.132362367664282,9.135817728546883,9.139546432902776,9.14357010414863,9.147912076269973,9.152597529139985,9.157653634543074,9.163109713750089,9.168997407558999,9.175350859787189,9.182206915279496,9.189605333580328,9.197589019509044,9.20620427197581,9.215501052480926,9.225533274854765,9.236359117918717,9.248041362880382,9.260647757419774,9.274251408578055,9.28893120672743,9.304772283081027,9.321866503396146,9.340313000734222,9.360218750367277,9.381699190165172,9.404878890061703,9.429892274482253,9.456884401922874,9.486011806202159,9.517443404264924,9.551361475802741,9.587962720372857,9.627459398146478,9.670080560902445,9.716073380405692,9.765704581874598,9.819261990850826,9.87705620244286,9.93942238262402,10.006722212031562,10.079345983539703,10.157714865771077,10.242283345673222,10.333541864324964,10.432019661257828,10.53828784378648,10.65296269914678,10.77670926864756,10.910245204561301,11.054344932117981,11.209844140735132,11.377644630525898,11.558719542186587,11.754119000587984,11.964976204793327,12.192513999814391,12.438051968210464,12.703014082649716,12.988936963805571,13.297478791471494,13.630428920566432,13.9897182577917,14.37743045911237,14.795814012997814,15.24729527949413,15.734492560746048,16.260231284569127,16.827560389129726,17.43977000375725,18.100410528431073,18.813313222597113,19.582612422722537,20.41276951744291,21.30859881934889,22.275295483457896,23.318465634284593,24.444158876230766,25.658903375835294,26.969743719337714,28.384281765101306,29.910720727808428,31.557912750079552
0.22338709677419352,9.090600835006473,9.090752564533068,9.090916296930091,9.091092981708861,9.09128364349372,9.091489387963989,9.091711408265994,9.091950991932327,9.092209528348453,9.09248851681,9.092789575217424,9.093114449458483,9.093465023532938,9.093843330478194,9.094251564159215,9.094692091991133,9.095167468668286,9.095680450979328,9.09623401379432,9.096831367316504,9.097475975698847,9.098171577133238,9.098922205528925,9.099732213905856,9.100606299638601,9.101549531697252,9.102567380043274,9.103665747350789,9.104851003237222,9.106130021201865,9.107510218486537,9.10899959908951,9.110606800182163,9.112341142197529,9.114212682881213,9.116232275618145,9.118411632373405,9.120763391612138,9.12330119159246,9.12603974945636,9.128994946577304,9.132183920659493,9.135625165122873,9.139338636350246,9.143345869418496,9.147670102985039,9.152336414053762,9.157371863402053,9.162805652512239,9.168669292917594,9.174996788944974,9.18182483491391,9.189193027935797,9.197144097547259,9.205724153509488,9.214982953210624,9.22497419022199,9.235755805681668,9.247390324311267,9.259945217014673,9.273493292161657,9.288113117825628,9.303889477424375,9.320913861406305,9.339284997833794,9.35910942494087,9.380502108985866,9.403587110982405,9.428498306175545,9.455380160435874,9.484388568074424,9.515691755937484,9.54947125902485,9.585922973289838,9.625258291726992,9.667705330336469,9.713510251075347,9.762938689468488,9.816277295158566,9.873835394329848,9.935946783646965,10.002971666112575,10.075298740070751,10.153347453470854,10.237570436464965,10.328456126445776,10.426531600747712,10.532365633437916,10.646571993922922,10.769813006498756,10.902803391484934,11.04631441021533,11.201178337920323,11.368293290435696,11.548628432724973,11.743229599415567,11.95322535993801,12.179833563435373,12.42436840139213,12.688248028933755,12.973002788988532,13.280284086999293,13.611873967646092,13.969695449112828,14.355823674825015,14.772497947327842,15.222134714091073,15.707341580549278,16.230932431644824,16.795943749571222,17.405652222353122,18.063593745386484,18.773583926141544,19.539740210949564,20.36650576220109,21.258675224434793,22.221422528749493,23.2603308967917,24.3814252183258,25.591206990156913,26.896692019029324,28.3054511071496,29.82565395627869,31.466116545001032,33.23635225391777
0.23129032258064514,9.090738951870767,9.090901607410663,9.091077130145349,9.091266537960276,9.091470929262787,9.091691489351962,9.091929497292373,9.092186333331593,9.092463486904478,9.092762565270654,9.093085302835291,9.09343357120721,9.093809390052657,9.094214938807688,9.0946525693171,9.095124819473169,9.095634427933327,9.096184350002103,9.096777774769444,9.097418143604797,9.098109170114201,9.098854861676138,9.09965954268102,9.100527879609071,9.10146490809209,9.102476062115944,9.103567205533224,9.104744666068777,9.10601527201531,9.107386391831882,9.108865976874954,9.11046260750974,9.112185542869334,9.114044774550134,9.11605108455498,9.118216107820027,9.120552399687941,9.123073508718774,9.125794055260666,9.128729816236149,9.131897816635643,9.135316428248819,9.139005476206362,9.142986353950013,9.147282147297643,9.151917768322855,9.156920099825518,9.162318151231077,9.168143226822759,9.17442910728231,9.181212245592112,9.188531978434765,9.196430754316154,9.204954379734998,9.214152284826506,9.224077810020761,9.234788515378282,9.246346514396821,9.25881883422522,9.272277804373534,9.286801476173672,9.302474075423323,9.319386490838315,9.337636801146239,9.35733084387833,9.378582829158404,9.401516002048625,9.426263357293527,9.452968410607625,9.481786030979825,9.512883338821835,9.546440675169558,9.582652647558596,9.621729258639657,9.663897124079506,9.7094007868109,9.758504135253743,9.811491933732597,9.86867147396633,9.930374357207809,9.996958417369072,10.068809796284999,10.146345183150583,10.230014231118881,10.32030216507383,10.417732595700544,10.522870556171757,10.636325779059673,10.758756232475159,10.890871935939078,11.033439078112231,11.187284460260331,11.353300291218872,11.53244936166059,11.72577062766729,11.934385235980907,12.159503025869753,12.40242954530944,12.664573622160612,12.947455534244073,13.252715825687455,13.582124820665932,13.937592889704527,14.321181528075078,14.735115310531594,15.181794791711285,15.663810427014509,16.183957594696352,16.74525280629064,17.350951199380017,18.004565414164045,18.709885963303144,19.471003213176996,20.292331104041416,21.178632746652028,22.135048043804446,23.167123496983116,24.280844370981445,25.482669403028787,26.779568257714132,28.179061944918235,29.68926643514687,31.318939725198078,33.077532627104716,34.9752435748828
0.23919354838709675,9.090881870243928,9.0910558316302,9.091243554583091,9.091446127739147,9.091664725853715,9.09190061661355,9.092155167988341,9.092429856163792,9.09272627410228,9.09304614078071,9.093391311159152,9.093763786938066,9.094165728166509,9.094599465768626,9.095067515061066,9.095572590339748,9.096117620620516,9.096705766625014,9.09734043911025,9.098025318648165,9.098764376969909,9.099561899998603,9.100422512704158,9.101351205924274,9.10235336530721,9.103434802544086,9.104601789071939,9.105861092442892,9.107220015570414,9.108686439080243,9.110268867011563,9.111976476133497,9.113819169162895,9.115807632192027,9.117953396659258,9.120268906222048,9.122767588920112,9.125463935047234,9.128373581183322,9.13151340087405,9.134901602483945,9.138557834790408,9.142503300931045,9.146760881365115,9.151355266562208,9.15631310018763,9.161663133614915,9.167436392661516,9.173666357514628,9.18038915689066,9.187643777554285,9.195472290412235,9.203920094493023,9.213036180227538,9.222873413557435,9.233488842518971,9.244944028080358,9.257305401151328,9.270644647835383,9.285039125159086,9.300572309689395,9.317334281640903,9.335422247280603,9.354941102659938,9.376004041943647,9.39873321386347,9.423260430103975,9.449727929728972,9.47828920408193,9.509109886944634,9.542368715116753,9.578258564987454,9.616987571110835,9.658780333272656,9.703879219048966,9.752545769411007,9.80506221552844,9.86173311556768,9.922887120978071,9.988878882509397,10.06009110701457,10.136936776965534,10.219861545553961,10.309346321266299,10.405910056921293,10.510112759343494,10.622558737125413,10.74390010531132,10.874840567325027,11.01613949607144,11.168616337875896,11.333155364797042,11.510710802868614,11.7023123660051,11.9090712276582,12.132186464849163,12.372952011941262,12.632764164472537,12.913129676558883,13.215674498820087,13.54215320749647,13.894459179432927,14.274635571933526,14.684887171158923,15.127593177777008,15.605321004014224,16.12084116212213,16.67714333060476,17.27745369138416,17.92525363845326,18.624299966520233,19.378646656732045,20.192668385827034,21.07108589506141,22.01899336603896,23.041887962211188,24.14570170737312,25.33683588603115,26.622198165142727,28.009242652507037,29.50601312411506,31.12118967114225,32.86413903709639,34.74496893703248,36.77458667383676
0.24709677419354836,9.091029590125984,9.091215237191712,9.09141557024335,9.091631751045515,9.091865033266558,9.092116769748818,9.092388420353968,9.092681560429005,9.092997889941959,9.093339243340283,9.093707600189134,9.0941050966512,9.094534037874677,9.094996911361214,9.095496401391355,9.09603540459115,9.096617046730184,9.097244700848448,9.097922006817182,9.098652892447129,9.099441596266576,9.100292692101338,9.10121111559916,9.102202192852419,9.103271671285066,9.104425752982971,9.10567113066092,9.107015026474878,9.108465233904575,9.110030162949316,9.111718888899118,9.113541204963985,9.11550767906657,9.117629715127539,9.119919619199086,9.122390670830075,9.125057200076736,9.127934670605452,9.13103976936965,9.134390503380788,9.138006304134674,9.141908140298742,9.146118639313746,9.150662218615105,9.155565227234902,9.160856098605738,9.166565515452582,9.172726587728922,9.17937504462912,9.186549441790529,9.194291384887034,9.202645770910737,9.21166104854108,9.22138949911142,9.231887539802521,9.24321605082134,9.25544072846258,9.268632466100636,9.282867765321502,9.298229179579057,9.31480579294875,9.332693736755305,9.351996747070675,9.372826766315594,9.395304592453792,9.419560579544017,9.4457353937129,9.473980828933037,9.504460687337659,9.537351729177397,9.572844697928732,9.611145426499405,9.652476030946504,9.697076198630429,9.745204578275587,9.797140279999688,9.853184494011217,9.913662237362765,9.978924238890526,10.049348973271538,10.125344855994843,10.20735261197581,10.295847831549638,10.39134372866642,10.494394117282514,10.60559662320789,10.725596150034235,10.85508861924154,10.994825006170402,11.145615695262528,11.308335179822791,11.483927133553614,11.673409883267777,11.877882314511837,12.098530244342399,12.336633298206179,12.593572330798187,12.870837433926862,13.170036577819516,13.492904935975197,13.84131494763713,14.217287176235217,14.623002026766446,15.060812390063765,15.533257287280646,16.043076593720816,16.593226927403805,17.186898794513073,17.82753509116399,18.518851068795705,19.26485587897988,20.069875822599197,20.938579438232434,21.87600457524897,22.88758760862433,23.979194964907524,25.157157142172704,26.428305421248638,27.80001148112555,29.28023014827803,30.87754552781609,32.6012207839858,34.46125185870253,36.46842543963685,38.63438151401452
0.25499999999999995,9.091182111516966,9.09137982409523,9.091593177126171,9.091823407879431,9.092071851501373,9.092339948757825,9.092629254389326,9.092941446127321,9.093278334423616,9.093641872949492,9.094034169925377,9.094457500346774,9.094914319177343,9.095407275585668,9.095939228308218,9.096513262227672,9.097132706262672,9.097801152672796,9.098522477890699,9.099300865002222,9.100140828004827,9.101047237985068,9.102025351366875,9.103080840394487,9.104219826026807,9.10544891343393,9.10677523030172,9.108206468166543,9.109750927019888,9.111417563441547,9.113216042540461,9.115156794004509,9.117251072584205,9.119511023361149,9.12194975217967,9.124581401650165,9.127421233164851,9.130485715401615,9.133792619829169,9.137361123767418,9.14121192160068,9.145367344788761,9.149851491371827,9.154690365720146,9.159912029339148,9.165546763604375,9.171627245370088,9.178188736469945,9.185269288208756,9.192909962031246,9.20115506764757,9.210052419996591,9.219653616537183,9.230014336475683,9.241194663664881,9.253259435047228,9.266278616663046,9.28032770940444,9.295488186868148,9.311847967846644,9.329501926197846,9.348552441050433,9.369109990535804,9.391293792490169,9.415232495842583,9.441064926698859,9.468940893448364,9.499022055563177,9.53148286112835,9.566511558540732,9.604311288243949,9.64510126083126,9.689118028348961,9.736616856173475,9.787873203418544,9.84318432045827,9.90287097283099,9.967279301521693,10.03678283041165,10.111784632537134,10.192719667719984,10.280057305126414,10.374304045382557,10.476006458032368,10.58575435137181,10.704184193040515,10.831982801205864,10.96989132774309,11.118709556507783,11.279300541623956,11.452595612681986,11.639599775867998,11.841397542341747,12.059159217657397,12.294147688694828,12.547725747454084,12.821363994178986,13.116649365635705,13.435294337997957,13.779146857703346,14.150201057868014,14.550608822403593,14.982692264897741,15.448957194626278,15.952107647791095,16.495061568257103,17.08096772872971,17.713223990509075,18.39549700772163,19.13174349030708,19.92623314907936,20.7835734559349,21.708736362807688,22.70708713432939,23.784415461409253,24.946969036174895,26.2014897829874,27.55525295564525,29.016109327511717,30.592530719234198,32.29365912807869,34.1293597437863,36.11027815839639,38.24790210180181,40.554628061045385
0.2629032258064516,9.091339434416904,9.091549592340792,9.091776375231593,9.092021098240942,9.092285180558212,9.09257015364064,9.092877670094495,9.093209513258827,9.093567607547353,9.093954029608456,9.094371020368023,9.09482099802495,9.0953065720747,9.09583055844221,9.096395995811914,9.097006163249613,9.097664599218328,9.098375122098469,9.099141852331279,9.099969236314001,9.100862072185306,9.101825537650543,9.102865220008173,9.103987148551496,9.105197829533616,9.106504283898342,9.10791408799594,9.109435417519748,9.111077094918524,9.112848640559454,9.11476032793853,9.116823243258484,9.119049349719774,9.121451556897473,9.124043795606383,9.126841098688558,9.12985968819172,9.133117069444163,9.13663213257169,9.140425262045348,9.14451845489522,9.148935448275862,9.153701857123172,9.158845322701012,9.164395672899069,9.170385095211552,9.176848323399946,9.183822838922307,9.191349088297299,9.199470717663567,9.208234825894737,9.217692237738001,9.227897798560358,9.238910692411844,9.250794785250452,9.263618995319215,9.277457692823516,9.292391131226601,9.308505912664609,9.32589549018038,9.344660709688808,9.364910394816953,9.386761978010831,9.410342181569064,9.435787752553232,9.463246255837173,9.492876929894734,9.52485161028929,9.559355726221023,9.59658937591172,9.636768487063941,9.68012606912495,9.726913564618105,9.777402307378956,9.831885096153307,9.890677892683353,9.954121654130054,10.02258431045871,10.096462898255426,10.176185863349012,10.262215545591797,10.355050860208834,10.455230191264683,10.563334514026751,10.679990764331146,10.80587547448898,10.941718696816285,11.088308237538161,11.246494225617052,11.417194042996844,11.601397644849738,11.800173300674091,12.01467378953141,12.246143085344128,12.495923571017377,12.76546382321469,13.05632701292712,13.370199970546697,13.70890296800941,14.074400274732172,14.468811548556943,14.894424127758738,15.353706295401388,15.849321592965508,16.384144266259735,16.961275933194337,17.584063570083824,18.256118920792954,18.98133944129289,19.76393090109919,20.608431772672354,21.519739550230074,22.50313915060891,23.564333560886567,24.709476910503803,25.945210159683718,27.27869961111691,28.717678468251595,30.27049168119416,31.946144340288456,33.754353898015424,35.70560652205322,37.81121790629441,40.083398892469006,42.535326282918135
0.2708064516129032,9.09150155882583,9.091724541928437,9.09196516455966,9.092224822130099,9.092505020437137,9.092807384397329,9.093133667469552,9.093485761823617,9.09386570931328,9.094275713317302,9.094718151517213,9.095195589685897,9.095710796566944,9.09626675993107,9.09686670390271,9.097514107657284,9.098212725597518,9.098966609125888,9.099780130139411,9.100658006383037,9.101605328808677,9.102627591098537,9.103730721523954,9.104921117324498,9.10620568180671,9.107591864377623,9.10908770374523,9.110701874536415,9.112443737602717,9.11432339430564,9.116351745096344,9.118540552729426,9.120902510477364,9.123451315741267,9.126201749484755,9.12916976195169,9.132372565164824,9.135828732741787,9.139558307607315,9.143582918226318,9.147925904031936,9.152612450775896,9.157669736586191,9.163127089579087,9.169016157939488,9.175371093456082,9.182228749575597,9.189628895124805,9.197614444939749,9.206231708739665,9.215530659689007,9.225565224205035,9.236393594691748,9.248078567013849,9.260687904667948,9.274294731763035,9.28897795708934,9.304822731735044,9.321920942904784,9.340371746803994,9.360282143679598,9.38176759835208,9.404952709837906,9.429971933945815,9.456970363037932,9.486104567478035,9.517543503647191,9.551469493792997,9.588079283395308,9.627585182180852,9.670216295404321,9.716219852536948,9.765862641068546,9.8194325537385,9.877240258169012,9.939620998583678,10.0069365400604,10.079577266594137,10.157964445136818,10.242552668744086,10.333832492997068,10.43233328098782,10.538626273366363,10.65332790125199,10.777103361219467,10.910670473090143,11.054803842897439,11.210339355165425,11.378179020548302,11.559296206938894,11.754741284377461,11.96564771649142,12.193238633785542,12.438833926896512,12.703857900940747,12.989847535338553,13.298461397009206,13.631489258621235,13.990862477671739,14.378665196581823,14.797146428757998,15.248733100708659,15.736044125850766,16.261905591626803,16.829367148009897,17.441719692443804,18.10251445378418,18.815583585921907,19.585062390524794,20.41541329778211,21.311451744231448,22.27837409774849,23.321787791651033,24.4477438426791,25.662771941435437,26.973918318787383,28.38878660782783,29.915581938362486,31.56315851963544,33.341070987231426,35.259629811922096,37.329961091777115,39.564071074279674,41.97491578261601,44.57647614990684
0.2787096774193548,9.091668484743776,9.091904672858202,9.092159545110418,9.092434579546952,9.092731371138209,9.093051641027964,9.09339724651458,9.093770191821784,9.094172639721505,9.094606924076157,9.095075563373102,9.095581275329794,9.096126992654279,9.096715880052484,9.097351352580883,9.098037095451005,9.098777085400611,9.099575613755489,9.100437311315604,9.101367175209917,9.102370597875625,9.103453398329847,9.104621855915147,9.105882746714565,9.107243382847344,9.108711654873234,9.110296077551292,9.112005839218524,9.113850855074766,9.115841824682779,9.11799029401702,9.120308722420956,9.122810554861193,9.125510299897433,9.12842361382048,9.13156739144618,9.134959864091854,9.138620705303437,9.142571144946439,9.146834092322411,9.151434269024863,9.156398352305164,9.16175512977982,9.16753566637635,9.173773484485926,9.180504758367581,9.187768523931396,9.195606905117295,9.204065358182316,9.213192935313108,9.223042569092453,9.23367137946959,9.245141005014602,9.257517960378038,9.270874022028806,9.285286644507522,9.30083940960939,9.317622511101677,9.335733277787051,9.355276737946264,9.376366228433849,9.399124051959365,9.42368218636623,9.450183050021762,9.478780327757484,9.509639862149928,9.542940615311126,9.578875706766935,9.617653533442565,9.659498978250976,9.704654714293508,9.75338261223673,9.805965259027769,9.862707596756008,9.923938691165871,9.990013640077077,10.061315632780131,10.138258172350172,10.221287473766907,10.310885051747757,10.407570513301183,10.511904571194133,10.62449229580822,10.745986624241365,10.877092147002923,11.018569194259628,11.171238245326228,11.335984686968793,11.513763948110718,11.705607040713923,11.912626538962583,12.136023031418167,12.37709208355707,12.637231751061844,12.917950687430976,13.220876892918971,13.547767155538311,13.900517238868982,14.281172875753224,14.691941631627898,15.135205706291641,15.613535748347749,16.129705762438103,16.686709195722724,17.287776296899725,17.936392848441585,18.636320380688694,19.3916179850354,20.20666585271791,21.08619067572036,22.03529305711419,23.059477089798047,24.16468227517921,25.357317966906198,26.644300539403574,28.0330934967597,29.53175075456837,31.148963345723597,32.89410982102153,34.77731063684833,36.809486845354336,39.002423427463526,41.3688376359917,43.92245274520113,46.6780776344711
0.2866129032258064,9.091840212170776,9.092089985130125,9.092359516883908,9.092650370491555,9.092964232661485,9.093302923532615,9.093668407229663,9.094062803253427,9.094488398772144,9.094947661885152,9.095443255935843,9.095978054956815,9.096555160336912,9.097177918806697,9.097849941846714,9.098575126631108,9.099357678627992,9.100202135987715,9.101113395860372,9.102096742795247,9.103157879386854,9.104302959345294,9.105538623182703,9.106872036722809,9.108310932656812,9.10986365538668,9.11153920941587,9.113347311568104,9.11529844733704,9.117403931693625,9.119675974703759,9.122127752336803,9.124773482875586,9.127628509371002,9.130709388619417,9.134033987178835,9.137621584980725,9.141492987138305,9.145670644599756,9.150178784346043,9.155043549888424,9.160293152880419,9.16595803672351,9.172071053115385,9.17866765256459,9.185786089976457,9.193467646502622,9.201756868940679,9.210701828072418,9.220354397438845,9.230770554168728,9.242010703605366,9.254140029614225,9.267228872603097,9.281353137447136,9.296594733684552,9.313042050535962,9.330790469502293,9.349942917514177,9.37061046384088,9.392912964220686,9.41697975594847,9.442950407951786,9.470975530205722,9.501217647180876,9.53385214039025,9.56906826550157,9.607070249914024,9.648078477165024,9.69233076503624,9.740083744771459,9.791614349405279,9.847221419834323,9.907227437945512,9.971980396852622,10.041855819087475,10.117258934449957,10.19862703014683,10.286431986848209,10.381183015368538,10.483429609842036,10.593764734517729,10.712828262653579,10.841310687450726,10.979957126545964,11.129571643282418,11.29102190981483,11.46524423908776,11.653249014863384,11.85612655128368,12.075053415942048,12.311299253127233,12.566234146802676,12.841336566014629,13.138201938799984,13.458551904310207,13.804244296801473,14.17728391938637,14.579834170023782,15.014229587167138,15.482989387826379,15.988832076555747,16.53469121009171,17.123732409069127,17.759371715477148,18.44529540232185,19.18548135038553,19.984222116060725,20.846149824044428,21.77626302926026,22.779955703795785,23.863048516964515,25.031822589898802,26.293055920428944,27.65406268948717,29.122735676983822,30.707592033134027,32.41782267066971,34.26334556436898,36.25486326699206,38.40392497516437,40.72299350513198,43.22551756678677,45.92600975508535,48.84013071114015
0.29451612903225804,9.092016741106868,9.092280478744247,9.092565079880183,9.092872194963965,9.093203605007032,9.093561231911359,9.093947149614886,9.094363596118649,9.094812986465312,9.09529792674443,9.09582122920559,9.096385928567146,9.096995299615061,9.097652876193957,9.098362471700497,9.09912820119793,9.099954505280058,9.100846175823028,9.101808383774252,9.102846709139648,9.103967173343092,9.105176274145716,9.106481023327605,9.107888987350373,9.109408331236441,9.111047865919506,9.112817099340768,9.11472629158725,9.11678651439197,9.11900971534101,9.12140878715985,9.12399764248079,9.126791294524997,9.129805944167154,9.13305907388758,9.136569549156652,9.140357727839568,9.14444557825584,9.148856806578234,9.153616994309962,9.158753746637428,9.164296852518856,9.170278457437222,9.176733249819362,9.183698662202364,9.191215088313903,9.199326117325448,9.208078786636896,9.217523854658664,9.227716095173188,9.238714614983046,9.250583196687858,9.263390668577955,9.277211303790027,9.292125251039673,9.308218999428968,9.325585880024727,9.344326607116468,9.36454986229317,9.386372924726297,9.409922351314547,9.435334710634955,9.462757374957064,9.49234937491366,9.524282321784895,9.558741402744834,9.59592645484258,9.636053123946756,9.679354115374906,9.72608054346105,9.77650338788842,9.83091506523356,9.88963112483604,9.952992078829059,10.021365376944054,10.095147537541987,10.174766447229805,10.260683842398027,10.35339798707018,10.453446562592971,10.561409785924292,10.677913774601361,10.80363417790146,10.939300095250927,11.085698304603305,11.243677825304548,11.414154841902356,11.598118017449364,11.79663422710799,12.01085474530186,12.242021922288368,12.491476388865141,12.760664830985615,13.051148379364399,13.36461166271969,13.702872577149273,14.067892828290628,14.461789307398242,14.886846367308769,15.345529069484716,15.840497478960765,16.374622090095375,16.951000472589868,17.572975234315393,18.24415340512609,18.968427354078123,19.749997361367942,20.593395975899217,21.50351429974311,22.485630351930354,23.54543967607135,24.689088369311477,25.923208724168813,27.25495768995291,28.692058376812216,30.242844843100627,31.916310425793018,33.72215989422394,35.670865729595306,37.773728856622526,40.04294417950795,42.4916713022896,45.134110843678236,47.98558678893972,51.062635356388505
0.30241935483870963,9.092198071552083,9.092476153700611,9.092776234099286,9.093100052964235,9.093449488174917,9.09382656616427,9.09423347367034,9.094672570417549,9.09514640280113,9.095657718654122,9.09620948318251,9.09680489616098,9.097447410488945,9.098140752214524,9.098888942142528,9.099696319151818,9.100567565357213,9.1015077332619,9.102522275057796,9.103617074243761,9.104798479745078,9.106073342731984,9.107449056350864,9.10893359859843,9.110535578587596,9.112264286473296,9.114129747327828,9.116142779278112,9.118315056242059,9.12065917562784,9.123188731388682,9.125918392856851,9.128863989813997,9.132042604291204,9.135472669631149,9.139174077386809,9.143168292676727,9.147478478665741,9.15212963089314,9.157148722227252,9.162564859287068,9.168409451238114,9.174716391941432,9.181522256512041,9.188866513426822,9.19679175341189,9.205343936436941,9.214572658248915,9.224531437990834,9.235278028573795,9.246874751602153,9.2593888587943,9.27289292199513,9.287465254042099,9.303190362925731,9.320159441878525,9.338470898234633,9.358230924127474,9.379554112335184,9.402564120845582,9.427394389994996,9.454188916340053,9.483103087750795,9.514304584568354,9.54797435205371,9.584307649767448,9.623515183966644,9.665824329586462,9.71148044889355,9.760748314459018,9.81391364470367,9.871284760921053,9.93319437538827,10.000001520934639,10.072093633158566,10.149888797368073,10.233838173275542,10.324428611507814,10.422185477104923,10.527675696380767,10.641511044813985,10.764351695034636,10.896910045480116,11.039954851920932,11.194315685812748,11.360887745325826,11.54063704694774,11.73460602776162,11.943919590883269,12.16979162911013,12.413532064607942,12.676554445453503,12.960384143081225,13.266667198166417,13.597179866239076,13.953838918380638,14.338712756736271,14.754033409301682,15.202209473544228,15.685840083922026,16.20772998430458,16.77090579270752,17.378633552670166,18.034437673067774,18.74212136620318,19.50578870271211,20.329868411193495,21.219139560593725,22.178759274292222,23.21429263661669,24.33174496523013,25.537596636549885,26.83884066616297,28.243023262177026,29.758287586684812,31.393420979122645,33.15790591537821,35.061974998165184,37.116670297559814,39.33390738581966,41.72654443782852,44.308456797886386,47.094617445263154,50.101183825144204,53.34559154850836
0.3103225806451613,9.092384203506459,9.092677009999257,9.092992979541272,9.093333944492425,9.093701882165204,9.094098926291426,9.094527379396114,9.094989726150233,9.095488647779723,9.096027037614377,9.096608017866773,9.09723495773851,9.097911492958792,9.09864154686866,9.099429353173116,9.100279480493134,9.101196858859874,9.102186808304817,9.103255069711565,9.104407838108243,9.105651798593577,9.106994165104988,9.10844272225351,9.110005870468184,9.111692674711678,9.113512917049686,9.115477153378949,9.117596774642895,9.119884072889867,9.122352312557096,9.125015807393714,9.12789000346902,9.130991568747275,9.134338489748602,9.137950175856458,9.141847571876673,9.146053279500759,9.150591688377945,9.155489117556025,9.160773968111327,9.16647688785292,9.172630949056277,9.179271840257124,9.18643807321777,9.194171206266194,9.202516085303165,9.21152110387506,9.221238483820715,9.231724578119874,9.243040197699651,9.255250964094316,9.26842769000366,9.282646789957047,9.297990723464812,9.314548473227138,9.332416061173825,9.35169710532783,9.372503420722172,9.394955667855378,9.419184052446278,9.445329080546548,9.47354237339045,9.503987546707675,9.536841159599069,9.57229373847848,9.610550882019304,9.651834453514095,9.696383867562606,9.744457478550569,9.796334078971942,9.85231451628429,9.91272343767429,9.977911172852167,10.048255765794156,10.124165167215798,10.206079600490797,10.29447411473581,10.389861339866759,10.492794459603108,10.603870419660238,10.723733389733457,10.853078499348504,10.992655869241139,11.143274961641636,11.305809274688855,11.481201408193586,11.670468530123877,11.874708275508409,12.095105111961118,12.332937208736078,12.589583849141501,12.866533429292783,13.165392089584968,13.487893028934952,13.835906555803794,14.211450934283294,14.6167040881431,15.05401623071137,15.525923493832929,16.03516263494419,16.58468690755841,17.177683187203115,17.817590452133715,18.508119726005432,19.25327559816464,20.057379446370156,20.925094496628226,21.861452865478206,22.871884741562013,23.962249875715283,25.138871562204695,26.408573308180767,27.778718404002717,29.25725262391367,30.852750304695398,32.57446406951977,34.432378485352,36.43726796507027,38.60075925008184,40.93539883577669,43.45472573082544,46.17334997225832,49.107037351640926,52.27280084368286,55.688999267482565
0.31822580645161286,9.092575136970035,9.092883047640232,9.093215316206186,9.093573869548592,9.093960786977965,9.094378312292909,9.094828866792303,9.095315063316814,9.095839721401216,9.096405883625343,9.097016833258547,9.097676113299935,9.098387547024833,9.099155260156637,9.099983704792578,9.100877685222242,9.101842385788467,9.102883400952274,9.104006767736141,9.105219000733767,9.106527129889377,9.107938741265636,9.109462021036604,9.111105802960868,9.112879619610124,9.114793757650343,9.116859317496075,9.119088277683858,9.121493564338031,9.12408912613184,9.126890015178512,9.129912474321431,9.133174031329641,9.136693600544938,9.140491592570008,9.14459003263379,9.149012688320434,9.153785207402644,9.15893526657872,9.164492731975926,9.170489832350931,9.176961345991852,9.18394480240578,9.191480699961467,9.199612740749387,9.208388084021228,9.217857619678638,9.228076263397282,9.239103275097873,9.251002602611052,9.263843252529293,9.277699690396606,9.292652272556934,9.308787712165845,9.326199582068194,9.344988857458251,9.36526450146959,9.387144097090914,9.410754529072813,9.436232719780236,9.46372642325848,9.493395082118052,9.525410752208089,9.559959100441207,9.59724048155693,9.637471100068563,9.680884264132509,9.727731738612063,9.778285205182963,9.83283783794877,9.891706003703957,9.955231096705408,10.023781518592974,10.09775481494144,10.177579980834341,10.263719948830174,10.356674273748991,10.4569820298485,10.565224937190088,10.682030735324005,10.808076823856657,10.944094191010187,11.09087165295409,11.249260428490322,11.420179075617437,11.60461881859742,11.803649296412901,12.018424765945712,12.250190795844262,12.500291489892872,12.770177281766475,13.061413346368111,13.37568867652255,13.714825877658667,14.080791737277794,14.475708630499604,14.901866827827059,15.361737776505704,15.857988432500319,16.393496726206436,16.97136825159077,17.594954275551103,18.267871171943565,18.994021392988643,19.77761609968326,20.623199582467432,21.535675613776263,22.52033588531054,23.58289069494822,24.729502061263542,25.966819457697646,27.302018373614235,28.742841925865694,30.297645762183986,31.975446516798517,33.78597409928135,35.739728119849,37.84803877833602,40.1231325699412,42.57820318877865,45.2274880404103,48.08635080706211,51.17137054432727,54.50043782603808,58.092858494860614
0.3261290322580645,9.092770871942848,9.093094266623575,9.093443244094084,9.0938198281328,9.094226202613267,9.094664724168801,9.095137935859002,9.095648581917404,9.09619962366574,9.09679425668717,9.097435929358008,9.09812836284546,9.09887557268731,9.09968189207873,9.100551997001237,9.10149093333952,9.102504146143431,9.103597511204784,9.104777369132115,9.106050562121025,9.107424473633278,9.108907071214867,9.110506952701241,9.112233396077752,9.114096413284408,9.116106808276983,9.118276239681201,9.120617288403322,9.123143530589243,9.125869616355208,9.128811354746718,9.131985805418324,9.135411377566024,9.139107936685937,9.14309691977845,9.147401459665895,9.152046519144738,9.157059035750269,9.162468077973344,9.168305013835118,9.174603692797435,9.181400642063794,9.188735278409384,9.19665013676863,9.20519111690596,9.214407749600348,9.224353483887365,9.23508599702459,9.246667528978058,9.259165243369583,9.272651616978314,9.287204860055471,9.30290936988991,9.319856220255021,9.33814368957561,9.357877830877895,9.37917308682822,9.402152953427446,9.42695069621031,9.453710123103471,9.482586418424644,9.513747042859764,9.547372704637832,9.583658407535987,9.622814581792959,9.66506830448985,9.71066461647611,9.759867943478406,9.812963629634298,9.870259592344595,9.932088108041736,9.99880773923074,10.070805413978396,10.14849866991034,10.232338075729494,10.322809844298604,10.42043865244029,10.525790683806472,10.63947691246226,10.762156646224973,10.89454135030479,11.037398773418547,11.191557400301708,11.357911256435834,11.537425092850839,11.731139981064866,11.940179350602602,12.165755504099105,12.409176647765353,12.671854477980537,12.955312368001069,13.261194202256934,13.591273909461927,13.947465749817804,14.33183541596658,14.746612012065492,15.19420098045328,15.677198050873175,16.198404293149924,16.76084236061887,17.36777401851238,18.022719058962018,18.729475712317118,19.492142673159204,20.315142868755576,21.203249107800428,22.16161175819571,23.195788614389745,24.311777127488277,25.516049185053138,26.815588642288404,28.217931822267847,29.731211220073302,31.364202664292485,33.12637620937243,35.02795105395927,37.07995480370133,39.29428742218571,41.68379024086538,44.26232042817021,47.04483134965586,50.04745928520563,53.28761700616693,56.784094755086926,60.557169213639845
0.3340322580645161,9.092971408424939,9.093310666949339,9.09367676320502,9.094071820245109,9.094498129071185,9.094958161919184,9.09545458659631,9.095990281952112,9.096568354573428,9.097192156800013,9.09786530616534,9.098591706375297,9.099375569946465,9.10022144263523,9.101134229799422,9.102119224845355,9.103182139925218,9.104329139062866,9.105566873900099,9.10690252227072,9.108343829826106,9.109899154953636,9.111577517248529,9.11338864982013,9.115343055736037,9.117452068931362,9.119727919936365,9.12218380680366,9.124833971646266,9.127693783230411,9.130779826102065,9.13410999676404,9.137703607461464,9.141581498177464,9.145766157488598,9.150281852980903,9.155154771982863,9.1604131734315,9.16608755175229,9.172210813703295,9.17881846920913,9.185948837291479,9.193643268290414,9.201946383665321,9.210906334766126,9.220575082075529,9.231008696541798,9.242267684749592,9.254417339814768,9.267528120038103,9.28167605751405,9.296943199064234,9.313418082052955,9.33119624784426,9.350380795878454,9.371082981581496,9.393422861574992,9.417529989928804,9.443544169494333,9.471616262676015,9.50190906634328,9.534598255957253,9.569873404387835,9.607939081330096,9.649016039696221,9.693342495863757,9.741175511205189,9.792792482911205,9.84849275275385,9.90859934311966,9.973460830380903,10.043453366469437,10.118982860376965,10.200487332232834,10.288439453611119,10.383349288798419,10.485767252918956,10.596287304070792,10.715550387983622,10.844248155172593,10.983126972142308,11.132992249899907,11.294713114875613,11.46922744933434,11.657547330504006,11.860764899957985,12.080058697283834,12.316700494762477,12.5720626726874,12.847626178088644,13.14498911300987,13.465876002138197,13.812147793526803,14.185812650402804,14.58903759664167,15.024161083441498,15.49370655007435,16.000397057358434,16.54717107871757,17.137199540409053,17.773904209747016,18.460977537966762,19.202404072812246,20.00248356503293,20.8658559027995,21.797528018648126,22.802902925001657,23.887811046658793,25.05854403196185,26.321891238725918,27.68517910652249,29.15631364364702,30.743826275160256,32.45692331788387,34.30553936926187,36.30039491969526,38.45305852244955,40.776013881663296,43.282732247506814,45.98775053831602,48.906755642739725,52.05667539077581,55.455776721246885,59.12377161500047,63.08193140815238
0.3419354838709677,9.093176746416345,9.093532248617567,9.093915873539046,9.094329845885584,9.094776566351795,9.095258625544147,9.095778819004327,9.09634016342106,9.096945914124417,9.097599583964032,9.098304963680723,9.099066143889662,9.09988753880255,9.100773911826423,9.101730403187476,9.10276255974014,9.103876367134283,9.105078284527059,9.10637528204071,9.107774881183584,9.109285198468704,9.11091499248293,9.112673714679614,9.114571564189333,9.11661954696656,9.118829539615275,9.121214358263662,9.123787832887308,9.126564887511927,9.129561626760735,9.132795429248375,9.136285048363021,9.140050721021128,9.144114285025518,9.148499305707423,9.15323121258691,9.158337446844211,9.163847620457256,9.169793687928237,9.176210131595168,9.183134161603093,9.190605931694712,9.198668772071837,9.207369440678173,9.216758394360744,9.226890081482523,9.237823257683333,9.24962132662021,9.262352707663442,9.276091232680724,9.2909165742106,9.30691470750848,9.324178409144862,9.342807795047529,9.362910901108103,9.384604309720372,9.408013825884042,9.433275206795205,9.460534949154864,9.48995113876175,9.521694367316835,9.55594872175673,9.592912851853889,9.632801122275362,9.675844855781728,9.722293674776354,9.772416948985505,9.826505357665324,9.884872575395773,9.94785709123836,10.01582417180779,10.08916797964211,10.168313859156473,10.253720803437217,10.345884116181562,10.445338284219533,10.552660077275645,10.668471892945325,10.793445366282558,10.928305264929403,11.073833692373261,11.230874623704263,11.400338800172563,11.583209010925763,11.780545792551257,11.993493579470812,12.223287340848957,12.471259742497804,12.738848875305395,13.027606595000329,13.339207521610819,13.675458750802903,14.038310333411463,14.429866583934048,14.852398283565961,15.308355848544322,15.800383540168612,16.33133479890771,16.904288791524138,17.522568267182105,18.189758826098767,18.9097297124906,19.68665625240717,20.525044066584446,21.42975519874277,22.406036310862643,23.459549108957237,24.59640317579432,25.82319140097719,27.14702821385505,28.575590840985452,30.117163827409943,31.780687079928864,33.57580771098538,35.51293598380702,37.603305683235796,39.85903926234299,42.29321814261864,44.919958575413,47.75449350455613,50.81326090488572,54.11399910896658,57.6758496748117,61.51946839114792,65.66714506395901
0.3498387096774193,9.093386885917113,9.09375901162831,9.094160575096218,9.094593905054289,9.095061514455171,9.095566115043782,9.096110633083157,9.096698226324365,9.097332302318845,9.098016538179388,9.098754901904353,9.099551675388772,9.10041147925582,9.101339299652611,9.102340517165743,9.103420938024282,9.104586827771103,9.105844947597909,9.107202593554593,9.108667638860355,9.110248579561935,9.11195458380375,9.113795544995662,9.115782139186718,9.117925886977554,9.120239220330562,9.122735554665226,9.125429366656746,9.128336278189117,9.13147314694954,9.134858164189556,9.138510960219808,9.14245271825029,9.14670629723623,9.15129636444205,9.15624953849219,9.161594543738394,9.167362376838694,9.173586486514141,9.18030296752577,9.187550769996761,9.195371925293722,9.203811789777106,9.212919307834365,9.22274729572131,9.233352747857813,9.244797167354207,9.25714692268531,9.27047363258061,9.28485458136279,9.30037316714346,9.317119385475378,9.335190351266217,9.354690861980801,9.375734005398177,9.398441815448345,9.4229459799323,9.449388604229954,9.47792303542527,9.508714751628265,9.541942321651758,9.577798440608714,9.616491047436355,9.658244530828402,9.703301030569435,9.751921841818701,9.804388930487718,9.861006568500233,9.922103098418281,9.9880328376683,10.059178133410654,10.135951579969515,10.218798411682451,10.308199085046356,10.404672065133656,10.508776832437176,10.621117127579902,10.742344452704923,10.873161849848856,11.014327978207842,11.166661513937989,11.331045898001959,11.508434459591186,11.699855944830773,11.90642048282379,12.129326023627584,12.369865285491167,12.629433251635962,12.909535260049044,13.211795733197425,13.53796759828331,13.889942452665784,14.269761533396597,14.679627554482446,15.12191748051959,15.599196310778515,16.114231953678022,16.6700112779131,17.269757433326408,17.916948541977998,18.61533786781543,19.368975581922,20.182232249574106,21.059824175324525,22.006840753102704,23.02877397994992,24.131550304553755,25.321564995284366,26.605719227044883,27.991460102012987,29.48682383636342,31.100482363419268,32.84179362349046,34.72085583203672,36.74856604086129,38.93668333193701,41.29789701033126,43.84590019168573,46.59546921099167,49.562549313158385,52.76434712230406,56.21943042600767,59.94783585318187,63.97118507000548,68.3128101677498
0.35774193548387095,9.09360182692728,9.093990955981614,9.094410867876599,9.094863997751292,9.095352973381392,9.095880630418174,9.096450028832907,9.097064470662152,9.097727519156857,9.09844301944625,9.099215120836417,9.100048300872857,9.10094739130654,9.101917606114098,9.102964571734583,9.104094359698191,9.105313521836154,9.106629128275976,9.108048808442396,9.109580795301794,9.111233973106682,9.113017928917122,9.114943008197873,9.117020374813677,9.119262075770639,9.121681111079106,9.12429150914325,9.127108408114522,9.130148143680792,9.133428343800267,9.136968030929603,9.140787732339044,9.14490959915435,9.149357534815872,9.154157333699759,9.159336830705202,9.164926062675233,9.170957442587216,9.17746594752323,9.184489321510453,9.192068294407942,9.200246818109159,9.20907232143016,9.218595985161638,9.22887303887996,9.2399630812386,9.251930425597479,9.264844472994714,9.278780114623864,9.29381816615086,9.3100458363895,9.32755723305365,9.346453908519345,9.366845448762012,9.388850108884487,9.412595498921684,9.43821932389939,9.465870182439327,9.495708428542182,9.52790710154669,9.56265292965833,9.600147412867798,9.640607991539898,9.684269307450307,9.731384564583845,9.782226997586374,9.837091456386805,9.89629611617932,9.960184322682851,10.029126583379323,10.103522716278572,10.183804168671257,10.270436519316686,10.363922178576,10.464803302148816,10.573664935309775,10.691138405877803,10.817904985592852,10.954699841130928,11.10231629766735,11.26161043971014,11.433506075880738,11.619000096429234,11.819168254548384,12.035171405007839,12.268262236281762,12.519792535204656,12.791221026278448,13.084121831086463,13.40019359686663,13.741269347177324,14.109327111777922,14.506501397365943,14.935095565690615,15.397595190826141,15.896682473068042,16.435251793045385,17.01642649625561,17.643577005365866,18.32034036532588,19.05064133464796,19.838715145176668,20.689132062346843,21.606823888370254,22.597112562057728,23.665741021141283,24.8189065060807,26.063296498495458,27.406127502640317,28.855186894827934,30.41887808349216,32.106269241782435,33.927145895296015,35.892067669910126,38.0124295288001,40.30052785376174,42.76963175404958,45.43406001625623,48.30926414147279,51.41191795126941,54.76001428213199,58.37296932909563,62.27173524367625,66.47892163907105,71.01892670725204
0.36564516129032254,9.093821569446892,9.09422808167753,9.094666751880242,9.09514012397666,9.095650943130536,9.096202171667418,9.09679700625368,9.097438896434547,9.098131564638601,9.098879027764788,9.099685620477118,9.100556020342145,9.101495274954978,9.102508831211198,9.103602566894358,9.104782824762294,9.10605644932993,9.107430826561835,9.108913926704785,9.110514350508673,9.112241379103848,9.114105027824099,9.116116104287462,9.118286271071632,9.120628113347465,9.123155211862825,9.125882221699962,9.128824957263234,9.132000483989975,9.135427217316426,9.139125029472599,9.143115364725473,9.147421363738816,9.152067997770844,9.157082213487987,9.162493089234582,9.168332003664755,9.17463281771446,9.181432070969006,9.188769193564884,9.196686734854804,9.205230610162083,9.214450367055411,9.224399472688276,9.235135623869448,9.246721081662805,9.259223032457022,9.272713977599157,9.287272153851857,9.302981987112688,9.319934582026937,9.33822825033354,9.357969081008285,9.37927155551101,9.402259211704978,9.427065360299014,9.453833857967554,9.482719941632476,9.513891128745362,9.547528188791544,9.583826191650454,9.622995638892432,9.665263684573205,9.710875452606292,9.760095458353604,9.813209142678975,9.870524527361487,9.932374001469219,9.99911624905341,10.071138329342599,10.148857921500348,10.23272574696456,10.323228183415786,10.420890085533147,10.526277828895202,10.640002594676904,10.762723914189719,10.895153493818379,11.038059342533279,11.19227022591173,11.358680472494038,11.538255160343208,11.732035713881272,11.94114594345408,12.16679856264345,12.410302221115726,12.673069093785577,12.956623070299939,13.262608592328755,13.592800189906528,13.949112772123378,14.333612731840091,14.748529928823492,15.19627062079437,15.679431417378789,16.200814337887405,16.76344306025061,17.370580455346587,18.025747508415147,18.732743737295298,19.49566922590594,20.3189484007565,21.207355688382446,22.16604320250839,23.200570621511222,24.31693742945645,25.521617707686655,26.82159767872996,28.224416220256227,29.738208584030218,31.371753573396138,33.13452445288246,35.03674388515764,37.08944321392202,39.304526436522174,41.69483923727037,44.274243481799054,47.057697604449466,50.06134335486848,53.30259940686508,56.80026237237538,60.57461580632743,64.64754783453826,69.04267808678398,73.78549467114456
0.3735483870967742,9.094046113475994,9.094470388716113,9.094928227107209,9.095422283730466,9.095955423702687,9.096530738791609,9.097151565345591,9.097821503641677,9.098544438764222,9.099324563135172,9.100166400826657,9.10107483379687,9.102055130201407,9.10311297494423,9.104254502645437,9.105486333217023,9.106815610252937,9.108250042456072,9.109797948342443,9.111468304481791,9.113270797554355,9.115215880525753,9.117314833265683,9.119579827962031,9.122023999709723,9.124661522683686,9.127507692337652,9.130579014105534,9.133893299119753,9.137469767501605,9.14132915982271,9.145493857383938,9.149988012009317,9.154837686107683,9.160071003814325,9.165718314089144,9.17181236671719,9.178388502232295,9.185484856865246,9.193142583705038,9.201406091355876,9.210323301473974,9.219945926677747,9.230329770443104,9.241535050723147,9.253626749169054,9.26667498797752,9.280755436550299,9.29594975032428,9.312346044317199,9.330039404135317,9.349132437406775,9.369735868838745,9.39196918234951,9.41596131399967,9.44185139974127,9.469789582321567,9.49993788202132,9.532471136277572,9.567578013640578,9.605462107945481,9.646343119044673,9.690458126948705,9.738062966765368,9.7894337124111,9.844868277699666,9.90468814409368,9.969240225139146,10.038898878395578,10.114068076529703,10.195183750163478,10.282716316063041,10.377173405329811,10.479102807414494,10.589095647025987,10.707789812357381,10.835873654508243,10.974089979554542,11.123240356414168,11.284189765486788,11.457871615022365,11.645293154304678,11.847541315036832,12.065789014798478,12.301301959123869,12.555445981641153,12.8296949648337,13.125639387351612,13.444995547435363,13.789615515935392,14.161497876643187,14.56279931621671,14.99584713091113,15.463152722644423,15.96742616266634,16.511591907292196,17.098805756845874,17.732473156167433,18.416268942822168,19.15415865754429,19.950421540509108,20.809675346803893,21.73690312501745,22.73748211425242,23.81721492714833,24.982363199758954,26.239683903432052,27.596468529274983,29.06058537244656,30.640525161490036,32.34545029731917,34.18524798740057,36.17058758326282,38.31298245383817,40.62485675344553,43.119617471607334,45.81173218252383,48.71681294508039,51.85170683993252,55.2345936687018,58.88509138185254,62.8243698466374,67.07527361486692,71.66245440245105,76.61251404897934
0.38145161290322577,9.094275459014629,9.094717877097413,9.095195293557563,9.095710477012778,9.096266415097924,9.096866331790842,9.097513706108751,9.098212292283675,9.098966141533875,9.099779625557584,9.100657461885241,9.101604741237276,9.102626957046107,9.103730037313518,9.104920378988204,9.10620488506282,9.107591004605686,9.109086775959282,9.110700873356068,9.112442657221951,9.114322228459146,9.116350487023178,9.118539195133804,9.120901045486358,9.123449734859136,9.126200043543692,9.129167921058645,9.132370578644135,9.135826589073272,9.13955599435946,9.143580421984192,9.147923210319384,9.152609543971593,9.157666599833057,9.163123704686518,9.169012505277875,9.175367151842968,9.182224496152832,9.189624305225998,9.197609491947206,9.20622636393004,9.215524892066718,9.22555900032252,9.236386878455486,9.248071319475047,9.260680083796668,9.274286292204444,9.288968849900693,9.304812904101835,9.321910337834474,9.34036030279548,9.360269794366548,9.38175427211806,9.40493832940104,9.4299564159106,9.456953617411601,9.486086497148646,9.517524003820434,9.551448451384452,9.588056576374616,9.62756067886401,9.670189853689976,9.716191319082293,9.765831850400009,9.819399327292079,9.87720440325469,9.939582307267925,10.006894787960249,10.07953221157588,10.157915825911738,10.242500203353114,10.333775877175553,10.432272186400938,10.538560345704944,10.653256758177703,10.777026590147448,10.910587628796227,11.054714444936108,11.210242885083499,11.378074918878216,11.55918386995414,11.754620060591384,11.965516902879017,12.193097471706444,12.438681597695442,12.703693521199957,12.989670151754716,13.298269980865097,13.63128269982006,13.990639578299572,14.378424663960832,14.796886867950164,15.248453006426448,15.735741873727962,16.2615794287988,16.829015182948805,17.441339883989464,18.102104599307467,18.815141308551663,19.584585125364253,20.414898277034975,21.310895981151358,22.277774369318593,23.32114061989352,24.44704547448612,25.662018326804354,26.973105087334403,28.38790904344352,29.91463495186252,31.562136619247497,33.33996824674766,35.25843983633213,37.32867698018218,39.56268537987324,41.97342046949843,44.57486254648378,47.38209784578559,50.41140602762621,53.68035458611921,57.207900726268534,61.01450130013988,65.12223143973722,69.55491257455184,74.33825057617717,79.49998483110872
0.38935483870967735,9.094509606062845,9.094970546821482,9.095467951231363,9.096004703823672,9.096583917316336,9.097208950665218,9.097883428543277,9.098611262360672,9.099396672947716,9.100244215032205,9.10115880365308,9.10214574266361,9.103210755489368,9.1043600183194,9.105600195923044,9.106938480300135,9.108382632388704,9.109941027072079,9.111622701746366,9.113437408729986,9.115395671819181,9.117508847317495,9.119789189893133,9.122249923646129,9.124905318797465,9.127770774444889,9.130862907865321,9.134199650881797,9.137800353853748,9.141685897893732,9.145878815961384,9.150403423536847,9.1552859596315,9.160554738953767,9.16624031611246,9.172375662809944,9.178996359052732,9.186140799488413,9.193850416065574,9.202169918307987,9.211147552596538,9.220835381962607,9.231289588015551,9.242570796755311,9.25474443015974,9.26788108558566,9.28205694518405,9.297354217703784,9.313861615246237,9.331674867735721,9.350897278089542,9.371640321307476,9.394024290955167,9.418178996790903,9.444244517581767,9.472372013475322,9.502724602638352,9.535478307246944,9.570823074314381,9.608963877277402,9.6501219047297,9.69453584319695,9.74246326139306,9.794182103985829,9.849992303535235,9.910217519952926,9.975207017570847,10.045337690704967,10.121016249461029,10.202681578458467,10.290807282151079,10.38590443150504,10.488524527962186,10.59926270187619,10.718761163968674,10.847712929819082,10.98686583898499,11.13702689205769,11.299066930800917,11.47392568850975,11.662617239873036,11.866235881939037,12.08596248028346,12.32307131717672,12.57893748145807,12.855044842965828,13.152994657763124,13.474514854057071,13.82147005265753,14.195872380082434,14.599893137014403,15.035875389775455,15.506347557840686,16.01403807619011,16.5618912175325,17.153084166163246,17.791045442478246,18.479474784999848,19.22236460522431,20.024023139721727,20.889099433762716,21.82261030136681,22.82996941812873,23.917018715546135,25.090062258917822,26.355902805282266,27.721881253407034,29.195919214609034,30.786564951282084,32.50304294953636,34.35530741342791,36.35409999099687,38.511012066872624,40.83855198268636,43.350217575107536,46.060574452158136,48.985340461736705,52.1414768421927,55.54728658354341,59.22252056974074,63.188492117520546,67.46820057605987,72.0864647042131,77.07006659880186,82.44790700861913
0.397258064516129,9.094748554620688,9.09522839788838,9.095746200128678,9.09630496416322,9.096907930358007,9.097558595414839,9.098260732649283,9.099018413872807,9.099836033005905,9.10071833155922,9.101670426130392,9.10269783807612,9.103806525531477,9.10500291796221,9.106293953450352,9.107687118929428,9.109190493602526,9.110812795795084,9.112563433514065,9.114452559006734,9.116491127635442,9.118690961409845,9.121064817544994,9.123626462442882,9.126390751526502,9.129373715389363,9.13259265276011,9.136066230821347,9.139814593464457,9.143859478108226,9.14822434175871,9.152934497041471,9.15801725899501,9.163502103476747,9.1694208381002,9.17580778669469,9.182699988357315,9.190137412251607,9.198163189398555,9.206823862804281,9.216169657374955,9.226254771184331,9.237137689783117,9.248881525373,9.261554382812415,9.275229754576719,9.28998694696336,9.30591154001389,9.323095883820182,9.341639634093264,9.361650330100867,9.383244018325568,9.40654592546055,9.431691184646127,9.458825619159063,9.48810658809982,9.519703898982526,9.55380079252043,9.590595005318354,9.630299916635435,9.673145785869082,9.719381087937135,9.769273954303019,9.82311372800125,9.881212641681843,9.943907628405407,10.011562275690627,10.084568934146393,10.16335099291717,10.248365335137475,10.3401049876349,10.439101980247466,10.545930431336208,10.661209877385357,10.78560886599755,10.91984883311841,11.064708286972648,11.221027322972033,11.389712495774122,11.571742076741566,11.768171727285957,11.980140620991744,12.208878050017727,12.455710554081936,12.722069613366084,13.009499949946235,13.319668485885627,13.654374009934308,14.01555760889043,14.405313924113704,14.825903298467917,15.279764884134966,15.769530787316567,16.298041331855003,16.868361530294507,17.483798857908894,18.14792243277863,18.864583713155525,19.637938832153242,20.472472699297107,21.373025008713416,22.34481830479468,23.39348826810796,24.52511639718831,25.746265275751576,27.064016629852485,28.486012395691887,30.020499036234014,31.6763753636337,33.46324414480214,35.39146778937812,37.472228443044514,39.71759283467611,42.140582253373175,44.75524806118307,47.57675317941469,50.62146002109267,53.90702537948043,57.45250282294118,61.27845318993611,65.40706382493552,69.86227724670682,74.66992999514513,79.85790246184034,85.45628057327002
0.4051612903225806,9.094992304688208,9.09549143029816,9.096030040249568,9.0966112580315,9.097238454223028,9.097915266039804,9.098645618426891,9.09943374682022,9.100284221708604,9.101201975138816,9.102192329317397,9.103261027475062,9.104414267172736,9.105658736242297,9.107001651570535,9.108450800951168,9.110014588247697,9.111702082128934,9.113523068659905,9.11548810805306,9.117608595908932,9.119896829301393,9.122366078090739,9.125030661878197,9.12790603304808,9.131008866379243,9.13435715574548,9.137970318465655,9.141869307908742,9.146076735006824,9.150616999380683,9.155516430838496,9.160803442068206,9.166508693409057,9.172665270657935,9.179308876941628,9.186478039767762,9.194214334455221,9.202562625239787,9.211571325453297,9.22129267828523,9.231783059754985,9.243103305651951,9.25531906433948,9.268501177468849,9.28272609081121,9.298076297590168,9.314640816886188,9.33251570988734,9.351804636980516,9.372619458914036,9.395080885518203,9.419319175746207,9.445474893095408,9.473699720790224,9.504157341454496,9.537024386375174,9.572491459862803,9.610764244649852,9.652064694737822,9.69663232261137,9.74472558828478,9.796623398236822,9.852626722927186,9.913060342275367,9.97827472922489,10.048648082316458,10.124588519057674,10.206536442809188,10.294967096913348,10.390393320876893,10.493368524590762,10.604489897834112,10.72440187367373,10.853799865841916,10.993434301764239,11.144114974622592,11.306715739688475,11.482179582157368,11.671524085868915,11.875847334621891,12.096334280301216,12.33426361474103,12.59101518516904,12.868077996229596,13.167058844984888,13.489691638964985,13.8378474512992,14.213545371236828,14.61896421297912,15.056455150723426,15.52855535319326,16.03800269672597,16.58775164224645,17.18099036820628,17.821159258853093,18.51197085505595,19.25743138339514,20.06186398837816,20.929933802520335,21.866674999686836,22.877519988593033,23.96833091577046,25.145433660697428,26.415654520244185,27.78635979517611,29.265498508287102,30.861648501893445,32.5840661820149,34.44274019771546,36.448449366896114,38.61282518445652,40.948419275315366,43.46877618345531,46.18851191910234,49.123398719541235,52.29045651510402,55.70805163075173,59.39600329563182,63.37569857827224,67.67021641393764,72.30446144339875,77.30530843926464,82.70175815742941,88.52510551743808
0.4130645161290322,9.095240856265452,9.095759644050878,9.096319471594102,9.096923585428588,9.097575488911486,9.09827896254022,9.099038085876224,9.09985726120305,9.100741239055976,9.101695145771188,9.102724513214316,9.103835310860699,9.105033980413447,9.106327473160018,9.107723290284,9.109229526365837,9.110854916324776,9.112608886074277,9.11450160718464,9.116544055869838,9.118748076640665,9.12112645099332,9.123692971531751,9.126462521953673,9.12945116336406,9.132676227416697,9.136156416823956,9.13991191381765,9.143964497190007,9.148337668593483,9.153056788831892,9.158149224933256,9.163644508857281,9.169574508757893,9.175973613794017,9.182878933560445,9.190330513295306,9.198371566112284,9.207048723604375,9.216412306272542,9.226516615347645,9.237420247698049,9.249186435649236,9.261883413686204,9.275584814165407,9.29037009433115,9.306324997113006,9.323542048376698,9.342121093512327,9.362169876471956,9.383804664614827,9.407150922984078,9.432344041925614,9.45953012226907,9.488866822624768,9.520524273710688,9.554686065012396,9.591550309498205,9.631330792564698,9.674258211876111,9.720581515288272,9.770569344616607,9.82451159362151,9.882721089246715,9.945535405861081,10.013318823025399,10.08646443813804,10.165396446211401,10.250572600000005,10.342486864746894,10.441672282943257,10.548704065713823,10.66420292875437,10.788838692165548,10.92333416505699,11.068469337446698,11.225085903762082,11.394092144171578,11.57646819205016,11.773271718120982,11.985644064231069,12.214816862326314,12.462119177004315,12.728985213060103,13.016962632716202,13.327721530764608,13.663064119664268,14.02493518075566,14.415433342197977,14.83682324903032,15.291548695933258,15.782246798851846,16.311763287667336,16.883169008608032,17.499777732106498,18.1651653693826,18.88319070920233,19.65801779507899,20.49414007269693,21.396406447603788,22.370049404294942,23.420715349767146,24.554497357517302,25.77797050188163,27.09822998763045,28.522932295942002,30.060339585370063,31.71936760529376,33.50963739970677,35.44153110118154,37.52625213856349,39.7758902075448,42.203491380887016,44.823133764868125,47.650009140692,50.700511064306234,53.99232993552867,57.54455558779835,61.37778799348166,65.5142567267267,69.9779498766485,74.79475315842976,79.99260002906283,85.60163367827778,91.65438183406633
0.4209677419354838,9.095494209352472,9.096033039146596,9.096614494162349,9.097241946354563,9.097919034423478,9.098649684916195,9.099438134997406,9.100288957021448,9.101207085048195,9.102197843456533,9.10326697782138,9.104420688233297,9.10566566525392,9.107009128715728,9.10845886959117,9.11002329517392,9.11171147783433,9.113533207631775,9.115499049089035,9.117620402457963,9.119909569831687,9.12237982648684,9.125045497869435,9.127922042670951,9.131026142476347,9.134375798503937,9.137990435998104,9.14189101688032,9.146100161311718,9.15064227887223,9.155543710117023,9.160832879331187,9.16654045936855,9.172699549530577,9.179345867516945,9.186517956561001,9.194257408951383,9.202609107236057,9.211621484507688,9.22134680527982,9.231841468582818,9.2431663350374,9.255387079802595,9.268574573445123,9.282805292939027,9.298161765179218,9.314733045581145,9.332615234542276,9.351912034760698,9.372735352643112,9.395205947290187,9.419454130823203,9.445620524113677,9.473856872299015,9.504326924813927,9.537207385041595,9.572688935092293,9.610977341652903,9.652294649320954,9.696880468344139,9.744993364233796,9.796912357311596,9.852938540886234,9.913396827444767,9.978637832985706,10.049039910421806,10.125011343845069,10.206992716379027,10.295459465349916,10.390924639594367,10.493941874893215,10.60510860478555,10.725069525381752,10.854520334266855,10.994211765174436,11.144953941825978,11.307621076181004,11.483156538339902,11.67257832749617,11.876984975659983,12.09756191838433,12.335588369432834,12.592444739250636,12.869620640253443,13.168723525353066,13.491488009810542,13.839785930471443,14.215637200715268,14.621221524066316,15.058891034394875,15.531183936012246,16.040839222763744,16.59081256148268,17.184293431922598,17.82472362257294,18.515817189627715,19.261581994862855,20.066342947334938,20.93476708369489,21.87189063257238,22.88314821999229,23.974404385199538,25.1519875896656,26.422726916507294,27.793991673148366,29.27373412688916,30.870535621216295,32.593656340287815,34.45308901018452,36.459616848346116,38.62487609724675,40.961423504947795,43.482809143852705,46.20365498994678,49.1397397182094,52.308090205935535,55.72708027460441,59.41653724291014,63.39785690886909,67.69412762779919,72.33026420571785,77.33315238462468,82.7318047575607,88.55752901762023,94.84410951661731
0.42887096774193545,9.09575236394932,9.09631161558537,9.096915107954375,9.097566340809506,9.098269090759093,9.099027433167839,9.099845765790562,9.100728834275555,9.101681759685428,9.10271006819505,9.103819723138823,9.105017159593126,9.10630932169447,9.107703702909799,9.10920838949247,9.110832107375916,9.112584272776937,9.114475046802095,9.116515394373877,9.118717147818343,9.121093075483056,9.123656955783185,9.126423657105223,9.12940922403169,9.132630970386876,9.136107579643209,9.139859213270539,9.143907627656702,9.148276300277407,9.152990565847166,9.158077763240831,9.163567394037814,9.169491293608429,9.17588381573456,9.182782031835359,9.190225945953328,9.198258726747627,9.206926957840023,9.216280907965354,9.226374822493232,9.237267238011714,9.249021321797295,9.261705238140097,9.275392543648689,9.29016261382721,9.30610110339873,9.323300443044587,9.34186037544059,9.361888533698922,9.383501065570535,9.406823307028201,9.431990509136835,9.459148622426698,9.488455143318665,9.5200800275106,9.55420667562221,9.591032996814876,9.630772556555177,9.673655815178762,9.71993146443788,9.769867869784074,9.82375462675076,9.881904240461992,9.944653938007821,10.012367624197028,10.08543799202938,10.164288800126736,10.249377330330294,10.34119703971593,10.440280422406737,10.547202097778198,10.662582142963945,10.787089688986336,10.92144680136445,11.066432667701225,11.2228881165312,11.391720493630727,11.573908924064952,11.77050999048228,11.982663860580448,12.211600899272744,12.458648803893608,12.725240303815848,13.012921469125075,13.323360676529312,13.658358284493712,14.019857073704271,14.409953513403744,14.83090991893366,15.285167570986404,15.775360872649918,16.304332626347872,16.875150519274193,17.49112491293108,18.155828039943465,18.87311471948524,19.647144711460236,20.48240683908448,21.383745019771855,22.35638635529108,23.405971444103535,24.53858709167692,25.760801608474246,27.07970290032305,28.502939572060853,30.03876528282552,31.696086610214945,33.48451470088665,35.4144210071252,37.4969974325988,39.74432123609609,42.16942506962476,44.786372557028805,47.61033985141158,50.6577036443237,53.94613613708958,57.49470752502243,61.323996588845205,65.45621003465186,69.91531127447612,74.72715939428613,79.91965911529974,85.52292261826845,91.56944416917575,98.09428855903067
0.43677419354838704,9.096015320056042,9.096595373367263,9.097221312970255,9.0978967687935,9.098625657918427,9.09941220729526,9.100260978255823,9.101176892965528,9.102165262967853,9.103231819986942,9.104382749166883,9.105624724940464,9.10696494973542,9.108411195742601,9.109971849988337,9.11165596297233,9.113473301153187,9.115434403585931,9.117550643039962,9.119834291951909,9.122298593595849,9.124957838883606,9.127827449240572,9.130924066037588,9.134265647097616,9.137871570836806,9.141762748643922,9.145961746149887,9.150492914090666,9.155382529522466,9.160658948208171,9.16635276905877,9.172497011583449,9.179127307377424,9.186282106758059,9.19400290174762,9.20233446669586,9.211325117937887,9.221026993993249,9.231496357931176,9.242793923655624,9.25498520800238,9.268140910690242,9.28233732432985,9.29765677686802,9.314188109033633,9.33202718955404,9.351277471130112,9.372050590394368,9.394467015331777,9.41865674391807,9.444760058027477,9.472928336982328,9.503324935462924,9.536126130869281,9.571522145629235,9.609718250381977,9.65093595443522,9.695414290400238,9.743411200455279,9.795205032277174,9.851096153316922,9.911408692781373,9.97649242142358,10.046724780043558,10.122513068463395,10.204296807671254,10.292550288832674,10.387785323951144,10.490554214128979,10.601452952641043,10.721124681395242,10.85026342082258,10.989618094824875,11.139996874118612,11.302271863159365,11.477384157823106,11.666349303170252,11.870263182937858,12.090308374908734,12.327761009007475,12.583998167888817,12.860505872929535,13.158887701930428,13.480874088498686,13.82833235703481,14.203277551515413,14.607884120867562,15.044498528699492,15.515652860514683,16.02407950732256,16.572727010803096,17.164777161920345,17.803663452150577,18.493090984335915,19.237057958640086,20.039878858217865,20.906209469066848,21.84107387916693,22.849893613489975,23.938519073848234,25.113263465914173,26.380939410166526,27.748898449080553,29.22507367967407,30.818025758643486,32.53699254688108,34.391942681268134,36.393633384412446,38.55367284757387,40.88458754854209,43.39989489484833,46.114181613574914,49.043188342352565,52.20390091209673,55.614648850840716,59.29521167990142,63.26693361880118,67.55284736413572,72.17780766019709,77.16863543594913,82.55427334422575,88.36595360514761,94.63737912710917,101.40491895568405
0.4446774193548387,9.096283077672698,9.096884312492334,9.097533109210058,9.098233230306628,9.098988735901582,9.099804007298573,9.100683772393323,9.101633133091514,9.102657594895648,9.103763098832419,9.104956055905797,9.10624338427559,9.107632549377096,9.10913160721452,9.110749251079215,9.112494861963679,9.114378562963681,9.116411277983975,9.1186047950881,9.120971834859604,9.123526124171162,9.126282475789383,9.129256874276967,9.13246656869037,9.135930172610575,9.139667772087057,9.143701042120965,9.148053372363025,9.152750002755152,9.157818169902376,9.163287265023968,9.169189004399778,9.175557613300255,9.182430024466875,9.189846092293983,9.19784882395425,9.2064846288081,9.21580358754358,9.225859742607511,9.23671141161233,9.248421525536175,9.261057993677671,9.274694097481962,9.289408915522039,9.30528778210008,9.322422782128504,9.340913285160921,9.360866521670104,9.382398204915285,9.405633202005374,9.430706258050082,9.45776277759882,9.486959667899537,9.518466248868123,9.552465235046007,9.589153795241025,9.628744695997163,9.67146753552502,9.717570075249329,9.76731967669612,9.821004852052912,9.8789369373945,9.941451898278299,10.00891227818069,10.081709301074163,10.160265140338698,10.245035367165379,10.336511592650842,10.435224318904135,10.541746015699388,10.656694440515249,10.780736221213072,10.914590722128418,11.059034215993504,11.214904385881196,11.38310518327443,11.564612070429613,11.760477677430593,11.971837906734159,12.199918520602697,12.44604224961984,12.71163646350656,12.998241448716215,13.307519340806326,13.641263763382483,14.001410229508235,14.390047365897756,14.80942902498071,15.261987355079327,15.750346904495736,16.277339841305075,16.846022377121965,17.459692490091445,18.12190904989167,18.83651245566712,19.60764690658566,20.439784434181327,21.33775083586141,22.3067536599813,23.35241240478704,24.480791106363082,25.698433504575643,27.01240099095002,28.430313558552395,29.96039399135305,31.61151554933277,33.393253425865375,35.315940275783326,37.39072613613936,39.62964308714932,42.04567502829101,44.65283297419604,47.466236306981756,50.50220045621383,53.77833151496394,57.313628340651164,61.128592732762776,65.24534832638797,69.68776889104508,74.48161677882383,79.6546923247254,85.23699506559446,91.2608977125765,97.7613338859959,104.77600070135782
0.45258064516129026,9.096555636799339,9.097178432960646,9.097850496673855,9.098575725348974,9.09935832470865,9.100202833177892,9.101114148203193,9.102097554653676,9.103158755468995,9.10430390473169,9.105539643355817,9.106873137598793,9.108312120619832,9.10986493732594,9.111540592765552,9.113348804350487,9.115300058209026,9.11740566999694,9.11967785051912,9.122129776542389,9.124775667210114,9.12763086650181,9.130711932215917,9.134036731991792,9.13762454692779,9.141496183396335,9.145674093704418,9.150182506299313,9.15504756627458,9.16029748699121,9.165962713693235,9.17207610006665,9.178673098765598,9.185791967010747,9.193473988452219,9.201763712583752,9.210709213096564,9.22036236667125,9.23077915382453,9.242019983555672,9.254150043675324,9.267239678848563,9.28136479854461,9.296607317259173,9.313055629562541,9.33080512272853,9.349958729917331,9.370627527120595,9.392931377330784,9.416999625670819,9.442971849515576,9.470998667955723,9.501242615298558,9.533879083671966,9.569097340198287,9.607101624637494,9.648112333865646,9.692367300058262,9.740123169991687,9.791656893461841,9.847267329452668,9.907276979369287,9.972033857387759,10.041913508768419,10.117321187837732,10.19869420826932,10.286504479293948,10.381261242546143,10.483514025418366,10.593855828048927,10.712926562424245,10.841416763537701,10.980071594124459,11.129695166193677,11.291155204416043,11.465388078406466,11.653404233080554,11.856294048571405,12.075234163683904,12.31149429955157,12.566444623061562,12.841563692743609,13.138447033196746,13.458816387773181,13.804529703172687,14.17759190384632,14.580166518689888,15.014588227451553,15.483376399613073,15.989249704261786,16.535141875682644,17.124218726104026,17.759896504264585,18.445861706274947,19.186092453670785,19.984881562642972,20.846861438238456,21.77703093790819,22.780784360199014,23.863942726708675,25.032787538721873,26.294097204293976,27.655186347033855,29.12394822454742,30.70890050253459,32.419234649990614,34.26486924196139,36.25650747896054,38.405699256609076,40.72490814544412,43.22758366931866,45.92823930154082,48.84253663105839,51.9873761867777,55.38099544671575,59.043074600351666,62.9948506775069,67.25924070560187,71.86097460949541,76.82673862461102,82.18533005502584,87.96782427398715,94.20775493531815,100.94130844078941,108.20753379120247
0.4604838709677419,9.09683299743602,9.097477734772268,9.098173475361726,9.098924253920625,9.099734424339736,9.100608684933338,9.10155210568557,9.102570157652169,9.103668744688079,9.104854237684975,9.10613351151719,9.107513984910364,9.10900366346397,9.110611186077255,9.112345875047808,9.114217790133289,9.116237786889847,9.118417579625545,9.120769809333858,9.123308117001239,9.126047222713842,9.129003011022213,9.13219262305896,9.135634555943637,9.139348770051338,9.14335680476705,9.147681903397086,9.15234914796201,9.157385604652733,9.162820480793359,9.168685294221067,9.175014056065308,9.181843467986342,9.189213135017,9.197165795241997,9.205747567646824,9.215008219573651,9.225001455335264,9.23578522766094,9.247422073780454,9.259979478095348,9.273530263540819,9.28815301390796,9.30393252957564,9.320960319295107,9.339335130879496,9.35916352387605,9.380560487542379,9.403650107710819,9.428566286408538,9.455453518406935,9.484467729204173,9.51577717930086,9.549563440013486,9.586022446485053,9.625365634000065,9.667821164194189,9.713635248270219,9.76307357489455,9.816422851055409,9.873992464819219,9.93611627962825,10.003154570545579,10.075496113676387,10.153560440882824,10.237800272868082,10.328704144739442,10.426799239276093,10.532654444331625,10.646883652100597,10.770149319380721,10.903166309475287,11.0467060380132,11.20160094672592,11.368749331121919,11.549120550050931,11.743760647364455,11.953798418268256,12.18045195554102,12.425035713576008,12.688968131205234,12.973779857506411,13.281122628289957,13.612778844737402,13.970671909735298,14.356877381843725,14.773635011581689,15.223361729829739,15.70866566367338,16.232361260971114,16.79748561136209,17.407316058368735,18.06538920473806,18.775521421246776,19.541830977914465,20.368761925978575,21.261109869137893,22.22404977352693,23.263165977705963,24.384484576708363,25.594508367953296,26.90025456168673,28.309295474643708,29.8298024429238,31.47059320873807,33.241183055830014,35.15183999011099,37.213644285507804,39.4385527403343,41.83946801681452,44.430313465863534,47.22611387104106,50.243082579919324,53.49871552814909,57.01189270147941,60.80298762412098,64.89398550839056,69.3086107508013,74.07246451396729,79.21317319217911,84.76054862162572,90.74676096434601,97.20652526849118,104.17730278679214,111.69951822070912
0.4683870967741935,9.097115159582794,9.097782217927259,9.098502045273742,9.099278816021672,9.100117034794943,9.101021562565027,9.101997644840594,9.103050942087153,9.104187562553086,9.105414097692487,9.106737660390172,9.108165926210596,9.109707177909849,9.11137035346887,9.113165097926453,9.115101819312628,9.117191749006773,9.119447006870526,9.121880671533173,9.124506856237149,9.127340790683501,9.130398909351934,9.133698946807657,9.137260040547725,9.141102841983331,9.145249636201653,9.149724471201814,9.15455329735442,9.159764117893449,9.165387151313283,9.171455006612645,9.178002872401755,9.185068720969456,9.19269352849372,9.20092151267269,9.209800389154339,9.21938164825195,9.229720853550203,9.240877964133627,9.252917682306219,9.265909828818845,9.279929747780564,9.295058743602201,9.3113845525063,9.329001851337999,9.348012806627791,9.368527667090525,9.390665402996984,9.41455439612617,9.44033318429987,9.468151264817537,9.498169961451257,9.530563360029094,9.565519318032996,9.603240554066593,9.643945823511574,9.68787118719103,9.735271380397647,9.786421290226608,9.841617549781159,9.901180258496542,9.9654548385593,10.034814038188161,10.109660093394258,10.190427060757346,10.277583334746216,10.371634364181542,10.473125583593884,10.582645576475477,10.700829488768845,10.828362712385971,10.9659848601172,11.114494054978318,11.274751558867209,11.447686767368586,11.634302599668029,11.83568131482751,12.052990788146488,12.287491284000506,12.540542764428269,12.813612775844916,13.108284959612197,13.426268235814424,13.769406713493959,14.139690384813791,14.53926666516194,14.970452846119978,15.43574953351312,15.937855148473872,16.479681575617686,17.064371049082933,17.69531437436789,18.376170591645096,19.110888194594185,19.903728027815454,20.759287995621204,21.682529725506317,22.678807340934373,23.753898510307096,24.914037952183293,26.16595359105668,27.516905573370845,28.974728370034722,30.54787620959993,32.24547210557414,34.07736076218594,36.054165665407886,38.18735069031357,40.48928658203505,42.97332269584905,45.65386441241891,48.54645667713008,51.66787414797145,55.03621847473991,58.67102327370099,62.59336740646602,66.82599722000536,71.3934584566835,76.32223859928203,81.640920476489,87.38034801963833,93.57380513194718,100.25720870754274,107.46931691962791,115.25195398568235
0.47629032258064513,9.097402123239725,9.098091882425686,9.098836206409981,9.099639411652198,9.100506156074372,9.10144146607308,9.102450765668406,9.103539907958796,9.104715209064212,9.105983484754452,9.10735208997502,9.108828961499794,9.110422663957824,9.112142439501188,9.113998261401958,9.116000891889053,9.118161944560448,9.120493951732634,9.123010437117932,9.12572599425113,9.128656371120265,9.131818561492338,9.135230903463595,9.138913185805897,9.142886762725908,9.147174677702637,9.1518017971215,9.156794954479905,9.162183106000631,9.167997498555513,9.174271850873222,9.181042549082095,9.18834885772202,9.196233147449115,9.204741140753818,9.21392217711732,9.223829499144244,9.234520561330871,9.24605736325972,9.258506809152784,9.271941095868739,9.286438131594288,9.302081987657928,9.318963386086471,9.337180225731963,9.35683815002038,9.378051159614856,9.400942273546672,9.425644242648428,9.45230031942705,9.481065088841738,9.51210536480512,9.545601157607067,9.58174671787203,9.620751663104487,9.662842193356207,9.70826240306578,9.757275696678672,9.810166316257874,9.86724098994464,9.928830710829653,9.995292656551102,10.067012260752245,10.144405448411483,10.227921048008222,10.318043394512989,10.415295138296717,10.520240276247918,10.633487422674744,10.755693338958986,10.887566742429284,11.029872416539364,11.183435646184007,11.349147003870339,11.52796751449618,11.720934228682152,11.92916623697316,12.153871159780982,12.396352150698439,12.658015453792565,12.94037855869693,13.245079000790321,13.573883857490442,13.928699995729108,14.311585130032734,14.724759755333885,15.170620023714221,15.651751639754641,16.170944855077316,16.73121064904061,17.3357981894281,17.988213674397592,18.692240664966942,19.45196202595901,20.27178360265576,21.156459770477372,22.1111210058643,23.14130363826025,24.252981955742015,25.452602850489342,26.747123205016045,28.1440502359754,29.651485029502542,31.278169520563633,33.033537188751716,34.92776776451997,36.971846263099835,39.17762668844637,41.557900776635705,44.126472177362814,46.89823650372474,49.88926771450542,53.11691132990094,56.59988502125394,60.3583871581285,64.41421394220309,68.79088580725735,73.51378381826318,78.61029686057904,84.10998047281849,90.04472824449101,96.44895677237636,103.35980524822351,110.81735083521737,118.86484108221553
0.4841935483870967,9.097693888406864,9.098406728267621,9.099175958770523,9.100006040812302,9.100901788178133,9.101868395457624,9.10291146816915,9.104037055267263,9.105251684221647,9.106562398871096,9.107976800272002,9.109503090778265,9.111150121608249,9.112927444174629,9.114845365474807,9.116915007863131,9.119148373551527,9.121558414212625,9.124159106089017,9.126965531044208,9.12999396402533,9.133261967444813,9.136788493028389,9.140593991720028,9.144700532281249,9.14913192927253,9.15391388115908,9.159074119341879,9.164642568978246,9.17065152252465,9.177135827008142,9.184133086112524,9.191683878251217,9.199831991891521,9.20862467949504,9.218112931546967,9.228351772263496,9.239400578692276,9.25132342505659,9.264189454340244,9.278073279268257,9.293055415008835,9.309222746106142,9.326669030351928,9.345495442518251,9.365811161104805,9.387734001503778,9.411391099254416,9.436919647349962,9.464467691873171,9.494194990574844,9.526273939374935,9.56089057215968,9.5982456396733,9.638555773761556,9.682054743719434,9.728994812029345,9.779648197352698,9.83430865325957,9.893293171852479,9.956943822164424,10.025629733992863,10.099749238674665,10.179732179216993,10.266042403181082,10.359180452775352,10.459686467757809,10.568143317981354,10.685179983747007,10.81147520356667,10.947761410487367,11.094828979801674,11.253530812774375,11.424787282963308,11.609591573814674,11.809015438481444,12.024215415261772,12.256439534696025,12.507034557212119,12.777453783285553,13.069265481400768,13.38416198268371,13.723969494942127,14.090658693023245,14.486356146901507,14.913356653768595,15.374136545642266,15.871368049669197,16.40793478440363,16.9869484819333,17.611767032834322,18.286013958609722,19.01359942454536,19.798742914851235,20.6459977015961,21.56027724934581,22.546883708640948,23.61153866356175,24.760416311699107,26.000179268954493,27.338017206812395,28.781688546152516,30.33956544939271,32.02068237187966,33.834788454083466,35.79240405842361,37.90488177858953,40.18447227515331,42.64439531926114,45.298916456391304,48.163429734759056,51.25454697811812,54.59019412066048,58.189715162672115,62.07398434979536,66.26552722643989,70.78865126534781,75.66958683085193,80.93663929329459,86.62035317674034,92.7536892919027,99.37221588150621,106.51431488656532,114.22140452975508,122.5381795066682
0.49209677419354836,9.097990455084274,9.098726755453127,9.099521302355445,9.100378703502072,9.101303931106331,9.10230235071878,9.10337975234297,9.104542384012724,9.10579698802559,9.10715084004265,9.108611791281382,9.110188314046319,9.11188955086149,9.113725367489613,9.11570641014549,9.117844167235427,9.120151035980667,9.122640394311272,9.125326678447328,9.128225466617428,9.131353569399906,9.134729127210768,9.138371715503675,9.142302458292024,9.146544150651568,9.151121390913904,9.156060723317541,9.16139079194381,9.167142506830318,9.173349223225367,9.180046935022824,9.18727448349933,9.195073782564345,9.203490061829392,9.212572128906158,9.222372652454633,9.232948467622855,9.244360905649641,9.256676149541851,9.269965617888966,9.284306379040947,9.299781598051402,9.316481018978243,9.334501485338896,9.353947501738627,9.37493183992917,9.397576192812664,9.422011880183884,9.44838061030392,9.476835301722176,9.507540970113073,9.540675685270875,9.576431603812908,9.615016083580645,9.656652886201792,9.701583474787919,9.750068414293839,9.802388882660294,9.85884830150399,9.91977409581222,9.985519592847414,10.05646607127413,10.133024972392123,10.215640286298962,10.304791126819948,10.400994510137576,10.504808353233651,10.616834709531673,10.73772326050213,10.86817508347737,11.008946717523807,11.160854550947434,11.32477955587289,11.501672397348813,11.692558946603407,11.898546230417415,12.120828851110423,12.360695914365296,12.619538505060335,12.898857754456953,13.200273545520162,13.52553390685045,13.876525149699642,14.25528280685388,14.664003436818083,15.105057361755925,15.58100241305605,16.094598764240377,16.648824937237723,17.246895074852464,17.892277579602084,18.588715227022902,19.340246870094482,20.151230860661528,21.026370323688994,21.970740430930828,22.989817832187317,24.08951241483674,25.276201575828225,26.5567672048907,27.938635593434558,29.429820500586953,31.03896962610858,32.77541475969584,34.64922589748998,36.671269639620306,38.85327220743453,41.207887445857764,43.74877020523213,46.49065552818367,49.44944410072917,52.642294463161925,56.08772251545672,59.80570889423825,63.81781484400467,68.14730725455848,72.81929358975512,77.8608674900394,83.3012658931421,89.17203858410211,95.5072311578634,102.34358245547531,109.72073761886,117.68147799968892,126.27196925564563
0.49999999999999994,9.09829182327201,9.099051963982276,9.099872237164831,9.100757399721601,9.101712584859078,9.10274333185668,9.103855618190018,9.105055894195353,9.106351120476244,9.107748808269344,9.109257063003431,9.110884631304272,9.112640951717912,9.114536209446564,9.116581395414508,9.118788370006525,9.121169931848549,9.123739892029358,9.126513154193775,9.129505800971847,9.132735187245224,9.136220040791637,9.139980570891117,9.144038585523818,9.148417617839112,9.153143062629368,9.158242323599913,9.163744972289214,9.169682919560932,9.176090600662404,9.183005174922773,9.190466741248896,9.198518570668803,9.207207357271308,9.21658348899711,9.226701339851829,9.237619585235654,9.249401542218395,9.262115536733353,9.275835299819594,9.290640395210653,9.306616680749533,9.323856806306015,9.342460751084035,9.36253640343534,9.384200186542135,9.407577733597492,9.432804616399425,9.460027131584193,9.489403149058822,9.521103027553544,9.555310602604067,9.592224252693747,9.632058049738983,9.6750430005903,9.721428386749462,9.771483210072482,9.825497752843088,9.883785261264391,9.946683762132196,10.014558023225696,10.087801668784593,10.166839462340965,10.252129770144517,10.344167219466941,10.443485567200929,10.55066079538868,10.666314451630248,10.79111725374181,10.925792979565884,11.071122664488568,11.227949131002838,11.39718187658187,11.57980234820376,11.776869634110682,11.989526605804652,12.21900654589276,12.466640300211948,12.733863995703713,13.022227368790258,13.333402752544242,13.669194774765497,14.03155082320152,14.422572338598648,14.844527001072876,15.299861880471274,15.791217626987246,16.321443784327126,16.893615314237156,17.511050428226675,18.177329829905215,18.896317479532925,19.672183001211945,20.509425862673005,21.412901467890883,22.387849313854684,23.43992337478872,24.575224890035727,25.80033774575205,27.122366655604417,28.54897836188863,30.088446096004073,31.749697556117848,33.542366680247824,35.47684951500267,37.564364503966445,39.817017545346154,42.24787219615624,44.87102543006023,47.701689388195575,50.756279597062665,54.05251016506253,57.60949650973778,61.447866211445216,65.58987863631405,70.0595540221991,74.88281277621753,80.08762579167508,85.70417665609345,91.76503669100708,98.30535383861474,105.36305649066892,112.97907344163993,121.19757124170059,130.0662103259795
0.5079032258064515,9.098597992970138,9.099382353855137,9.100228763198759,9.101142129470988,9.102127749436482,9.103191338871447,9.104339065710441,9.105577585815325,9.10691408157381,9.108356303551421,9.109912615438429,9.111592042552445,9.113404324177889,9.115359970045924,9.117470321282363,9.119747616177012,9.122205061155855,9.124856907367679,9.127718533329283,9.130806534108544,9.13413881756254,9.137734708188873,9.141615059192407,9.145802373417373,9.150320933846158,9.155196944421572,9.160458682009274,9.166136660381667,9.172263807174234,9.178875654840574,9.186010546713568,9.193709859367697,9.202018242572096,9.210983878225967,9.22065875977798,9.231098993750233,9.242365125115409,9.254522488414178,9.267641586649185,9.281798500153032,9.297075327801537,9.313560663131117,9.331350108121638,9.350546827624449,9.371262147651139,9.393616200992897,9.417738623914849,9.443769307966058,9.471859211265405,9.502171233968673,9.534881162994232,9.570178691486564,9.608268518930169,9.64937153829425,9.693726117093247,9.741589479792925,9.793239199579538,9.848974808143678,9.90911953281486,9.974022171121367,10.044059113646695,10.119636526913892,10.201192708956935,10.289200631239499,10.384170681661974,10.486653624563335,10.597243794882578,10.71658254500197,10.845361964259132,10.984328892695899,11.13428925231751,11.296112720976506,11.470737775982045,11.659177136678883,11.862523637553437,12.081956565920619,12.318748500938966,12.5742726936088,12.850011030545215,13.147562627703593,13.46865310388883,13.815144587822497,14.189046516797088,14.592527289538463,15.027926840852645,15.497770210980324,16.00478218835291,16.551903110670285,17.14230591593959,17.779414542364794,18.46692378380011,19.208820715922734,20.009407817389516,20.873327920072317,21.80559113307355,22.811603896668974,23.89720033467596,25.068676087072742,26.33282481907636,27.696977618405956,29.169045509206168,30.757565329176877,32.47174923595795,34.32153812986295,36.317659302765826,38.47168864745149,40.79611778818786,43.30442652181486,46.01116098944244,48.9320180320821,52.083936219398595,55.48519407946724,59.15551609918158,63.11618711002187,67.39017572252153,72.00226752524492,76.97920882071729,82.34986173185199,88.14537157836212,94.39934749379694,101.14805733063254,108.4306379837014,116.28932235166073,124.76968425268836,133.92090271471116
0.5158064516129032,9.098908964178715,9.099717925071785,9.100590880457316,9.10153289275033,9.102549424838658,9.10364637176322,9.104830094904393,9.106107458872819,9.107485871318497,9.108973325889117,9.110578448586654,9.112310547791166,9.114179668241803,9.116196649288131,9.118373187749572,9.120721905747486,9.123256423903278,9.125991440327043,9.128942815854792,9.132127666028609,9.135564460353121,9.139273129403952,9.143275180409258,9.147593821974683,9.152254098675028,9.157283036293206,9.162709798548745,9.168565856224792,9.174885169674429,9.181704385764755,9.189063050400872,9.197003837862296,9.205572798281839,9.21481962470219,9.22479794125898,9.235565614161676,9.247185087275813,9.259723744252833,9.273254299307665,9.287855218910453,9.303611176838045,9.320613545224377,9.33896092445767,9.35875971499766,9.380124734429236,9.40317988333119,9.42805886382191,9.454905954949446,9.483876849422899,9.515139556538061,9.548875376533951,9.585279952031312,9.624564402651087,9.666956549393365,9.712702235877781,9.76206675410815,9.81533638303021,9.872820048805513,9.934851116430202,10.001789323089197,10.074022864458017,10.151970646051424,10.236084712674973,10.326852870068198,10.42480151394249,10.53049868281906,10.644557352369915,10.767638990364839,10.900457392838172,11.04378282371955,11.198446481931958,11.365345321859047,11.545447255132137,11.73979676389837,11.949520958116995,12.175836112005513,12.420054717535793,12.683593095878601,12.967979610930694,13.274863532550642,13.60602460089781,13.96338334733566,14.34901223174897,14.76514766086067,15.21420295724437,15.69878235424372,16.22169609796098,16.785976743898953,17.394896742770023,18.051987417463952,18.761059441234472,19.526224935871827,20.351921318023013,21.242937031959908,22.204439318034517,23.242004177865116,24.36164871003557,25.56986600383506,26.873662793399042,28.28060009061764,29.79883703245127,31.437178196931676,33.205124662240415,35.11292910496288,37.17165525703768,39.39324206619741,41.7905729319728,44.37755041876518,47.16917687925533,50.18164145569029,53.43241396357855,56.94034620223455,60.72578127968409,64.81067158592022,69.21870609865164,73.97544775980745,79.10848171946523,84.6475753068907,90.62485065638684,97.07497098903525,104.03534163061026,111.54632693139949,119.65148434588461,128.39781702975083,137.83604641907516
0.5237096774193548,9.099224736897808,9.100058677632289,9.100958588940586,9.101929689559721,9.102977611065722,9.104108430532127,9.105328705772031,9.106645513368012,9.108066489710517,9.109599875282681,9.111254562448394,9.113040147020769,9.114966983910039,9.117046247173635,9.119289994816656,9.121711238718552,9.124324020091526,9.12714349090827,9.130186001771257,9.133469196733152,9.137012115618255,9.140835304438372,9.144960934543414,9.149412931197768,9.154217112328064,9.159401338246994,9.164995673221492,9.171032559822264,9.177547007065783,9.184576793439899,9.192162685990423,9.200348676739349,9.209182237805743,9.218714596708919,9.229001033450471,9.240101201098145,9.252079471730742,9.265005309750407,9.278953674727342,9.29400545611329,9.310247942344933,9.327775327057878,9.346689255347044,9.367099413241617,9.389124163813324,9.412891233607267,9.438538453376427,9.466214557415888,9.4960800461327,9.52830811685407,9.56308566827232,9.600614384352113,9.641111903986317,9.684813083184169,9.731971357111997,9.782860209885895,9.837774760640563,9.897033475072805,9.960980012385818,10.029985218345503,10.104449276007296,10.184804026586162,10.271515473929004,10.365086487113125,10.46605971684317,10.575020742558415,10.692601468499817,10.81948378842962,10.95640354025362,11.104154773477022,11.263594354238307,11.435646934622675,11.621310315068522,11.821661230959592,12.037861596954846,12.27116524526221,12.522925196926693,12.794601508294404,13.087769738149564,13.404130084621677,13.745517244844605,14.113911054541758,14.511447969235638,14.940433453662237,15.40335535123919,15.902898311121744,16.441959356515746,17.023664684536733,17.651387795047775,18.32876905361731,19.059736802055742,19.84853013896521,20.699723502421683,21.618253197359707,22.609446021506844,23.679050155883985,24.833268499019134,26.078794638192043,27.422851666318227,28.87323406958097,30.43835292872666,32.12728469615295,33.949823831654285,35.91653960206566,38.038837374190805,40.32902475645745,42.80038297286104,45.467243883099954,48.345073095549175,51.4505596550518,54.80171282563789,58.417966529424255,62.320292047348396,66.53131963530352,71.07546976094277,75.97909472221313,81.27063146888688,86.98076651332495,93.14261388681689,99.79190717349262,106.96720673544392,114.71012333078748,123.06555942146558,132.08196957017205,141.81164143648522
0.5316129032258063,9.099545311127477,9.100404611536723,9.101331888648653,9.102332519899267,9.10341230811779,9.104577515178308,9.105834898313512,9.107191749301093,9.10865593675008,9.110235951732358,9.111940957023934,9.113780840241587,9.115766271182988,9.117908763702891,9.120220742484143,9.122715615090828,9.125407849721315,9.128313059112196,9.131448091079646,9.134831126223299,9.138481783359254,9.142421233293652,9.146672321596636,9.15125970108868,9.15620997480765,9.161551850285704,9.167316306030727,9.17353677117781,9.180249319352626,9.187492877871025,9.195309453488045,9.203744376005606,9.21284656115163,9.22266879425521,9.23326803636294,9.244705754571786,9.257048278494244,9.270367184923147,9.284739712927001,9.300249211783237,9.316985624347241,9.335046008660505,9.354535100823064,9.375565922394683,9.39826043584755,9.422750251871896,9.449177392636717,9.477695115432308,9.508468801471516,9.541676915004516,9.577512038309738,9.61618198856359,9.657911023066529,9.70294113981538,9.751533480964854,9.803969847317768,9.860554332627437,9.921615087190423,9.987506220957583,10.058609857200324,10.135338348642025,10.21813666890646,10.307484993151709,10.403901482854755,10.507945290895675,10.620219804367446,10.74137614391565,10.872116939899492,11.013200407270393,11.16544474279618,11.329732870127641,11.507017560220865,11.698326956804905,11.904770538932844,12.127545555188535,12.367943966856268,12.627359940312013,12.90729793207999,13.209381413435539,13.535362285144675,13.887131036933702,14.26672771060215,14.676353730354007,15.118384668953002,15.595384023736289,16.110118082378918,16.665571964623158,17.264966933007788,17.911779072993262,18.609759450821457,19.362955866019025,20.175736324701813,21.052814369816968,21.999276415228035,23.02061124216807,24.122741829124678,25.312059699751728,26.59546198800301,27.980391435439408,29.474879552662866,31.0875931951788,32.82788482378728,34.7058467409687,36.73236961778685,38.91920565071185,41.27903671461437,43.82554790715636,46.57350691106829,49.53884963454194,52.73877262637557,56.19183280179731,59.91805505728782,63.93904839847394,68.27813125453467,72.96046670583475,78.01320840899038,83.46565806560899,89.34943534788786,95.69866126649826,102.55015604413254,109.94365264221817,117.92202717907314,126.53154757573559,135.82214187140818,145.8476877645207
0.539516129032258,9.099870686867787,9.100755726785165,9.101710779581607,9.102741383769066,9.103853515994976,9.105053625701897,9.106348672528997,9.107746166672243,9.109254212437406,9.110881555238405,9.112637632313573,9.11453262745396,9.116577530061047,9.118784198876359,9.121165430752573,9.123735034864938,9.126507912793372,9.129500144939664,9.13272908378094,9.13621345450019,9.139973463577437,9.144030915971335,9.148409341570718,9.1531341316495,9.158232686116204,9.163734572412142,9.169671696979709,9.176078490295211,9.182992106539338,9.190452639063215,9.198503352899634,9.207190935667903,9.216565768327424,9.226682217350243,9.237598950007014,9.249379274594894,9.262091507580546,9.275809369787504,9.290612413925645,9.306586485942244,9.3238242228703,9.342425590061476,9.362498460919396,9.384159242495622,9.407533550576519,9.432756938176345,9.459975681661646,9.489347629066225,9.521043115516699,9.555245951077909,9.592154486747345,9.631982764781158,9.674961760023205,9.721340719436542,9.771388607606134,9.825395666596146,9.883675099208366,9.946564885403797,10.014429742421738,10.087663239963783,10.166690082709406,10.251968573399884,10.343993270774341,10.443297857771316,10.550458236628383,10.666095868827666,10.7908813792547,10.925538445469714,11.070847994643314,11.22765273249222,11.396862030475397,11.579457199588028,11.776497181332081,11.989124688861175,12.218572833907562,12.466172277916002,12.73335894884926,13.021682368410401,13.33281463796745,13.668560135286487,14.030865978302279,14.421833316604891,14.843729516122094,15.299001307658894,15.790288975546762,16.320441668688545,16.892533922796055,17.509883489642704,18.176070576734485,18.89495860898349,19.6707166327947,20.50784349250249,21.411193919370735,22.386006684461975,23.4379349786485,24.57307919595262,25.798022310339555,27.1198680511243,28.546282098381766,30.085536537261053,31.74655782900229,33.53897857684655,35.473193387034875,37.56041914884015,39.812760083200786,42.24327793717832,44.86606773130278,47.696339499070966,50.750506492613106,54.04628036604058,57.60277388845435,61.440611782258955,65.58205032954646,70.05110644016537,74.87369692995746,80.07778881685762,85.69356150644724,91.75358180749943,98.29299279246064,105.34971759809865,112.96467934819314,121.18203847363488,130.04944880619192,139.61833393107497,149.94418540091468
0.5474193548387096,9.100200864118806,9.10111202337769,9.102095261739537,9.103156281169223,9.104301234697406,9.105536762103037,9.106870028418646,9.108308765481656,9.109861316772713,9.111536685801074,9.113344588317602,9.115295508658239,9.11740076054462,9.11967255269451,9.12212405962249,9.124769498041514,9.127624209308431,9.130704748391528,9.134028979876136,9.137616181564985,9.141487156274156,9.145664352472982,9.150171994467476,9.155036222882336,9.160285246256173,9.165949504629152,9.172061846071736,9.178657717178297,9.185775368630365,9.193456077021628,9.201744384231166,9.210688355733165,9.220339859341145,9.230754866003311,9.241993774393451,9.25412176117992,9.267209159004047,9.281331864360121,9.296571777742505,9.313017278612511,9.330763737939728,9.34991407129032,9.370579335670067,9.392879373583607,9.416943508045275,9.442911292572369,9.470933320510621,9.501172098385746,9.533802988346247,9.569015225163449,9.607013013687018,9.648016713120981,9.692264114988603,9.740011822197978,9.79153673720637,9.847137667914112,9.90713706060149,9.971882869958822,10.041750577054778,10.117145366945957,10.198504478556199,10.286299740453035,10.381040307226513,10.483275612338556,10.593598554566155,10.712648936515775,10.841117175147893,10.979748305827325,11.129346303116789,11.290778743367358,11.464981836141071,11.652965853639241,11.855820989617685,12.074723681760242,12.310943434169374,12.565850179532612,12.840922223653429,13.137754818412503,13.458069412870127,13.803723636154084,14.176722070021839,14.579227873566845,15.013575327481648,15.48228337062516,15.988070207397454,16.533869070637138,17.122845231459227,17.75841435468418,18.4442623063133,19.184366527927757,19.98301910197559,20.844851641717483,21.774862150182937,22.77844400390706,23.861417229538795,25.030062254706813,26.29115632887683,27.65201282541553,29.12052365278365,30.70520502080867,32.41524682744339,34.26056595241036,36.251863766787295,38.40068819203735,40.7195006683696,43.22174842078429,45.92194244188061,48.83574164365538,51.98004366629767,55.37308287058852,59.03453608217535,62.985636700944696,67.24929783722813,71.85024518892563,76.81516043011972,82.17283594271183,87.9543417883944,94.19320588925436,100.92560846190544,108.19059183270244,116.03028685079262,124.49015721200989,133.61926311048524,143.47054574693593,154.10113434354227
0.5553225806451613,9.100535842880596,9.101473501314373,9.10248533512253,9.103577212099843,9.104755464225198,9.106026924381867,9.107398965982627,9.10887954572952,9.110477249756228,9.112201343420626,9.114061825036329,9.116069483854773,9.118235962634115,9.12057382515782,9.123096629094446,9.125819004621205,9.128756739267244,9.13192686946866,9.135347779366244,9.139039307418855,9.143022861450774,9.14732154280018,9.15196028028875,9.156965974789326,9.162367655230042,9.168196646939615,9.174486753310152,9.18127445183095,9.18859910563021,9.196503191751482,9.205032547488694,9.214236636208408,9.224168834200924,9.234886740223823,9.246452509533148,9.25893321433947,9.272401232779318,9.286934668657837,9.30261780439703,9.319541589816493,9.337804169581421,9.357511452376894,9.378777725109456,9.401726315698197,9.426490308299302,9.453213315112205,9.482050309243576,9.513168523459555,9.54674842003877,9.582984737350989,9.622087619231314,9.66428383369995,9.70981808809572,9.758954448250734,9.811977869936792,9.869195851465376,9.930940217025485,9.99756904110175,10.069468725133326,10.147056238456745,10.230781536528562,10.321130170451372,10.418626102936008,10.523834747029523,10.637366245230073,10.7598790080034,10.892083532219507,11.034746521650847,11.188695333424494,11.354822776210526,11.534092287967928,11.727543523270025,11.936298382606042,12.16156751861822,12.404657356999392,12.666977672760373,12.95004976579741,13.255515283165643,13.585145739215355,13.940852788795862,14.324699313099945,14.73891138243586,15.185891165300845,15.66823085861958,16.188727719934732,16.750400288728812,17.356505890954356,18.01055952829252,18.716354261691393,19.47798320740231,20.299863273083723,21.186760771633452,22.14381906129879,23.17658837236444,24.29105799339695,25.493691003706566,26.79146175345196,28.19189630874519,29.703116096307415,31.33388500077819,33.09366018780302,34.99264694762794,37.041857877244524,39.25317674428805,41.639427403040735,44.21444816218937,46.993172035602804,49.99171334151055,53.22746115227995,56.719180136717036,60.48711937968753,64.55312981011676,68.94079091834827,73.67554749771396,78.7848572032991,84.29834978361791,90.24799890860955,96.6683075904112,103.59650827219471,111.07277874541214,119.14047514759288,127.8463833918831,137.240990486409,147.37877731689227,158.3185345904105
0.5632258064516128,9.100875623153227,9.101840160595296,9.102880999730678,9.104004176561029,9.105216204578477,9.106524112538532,9.107935485221105,9.109458507416033,9.111102011388171,9.112875528097323,9.114789342470058,9.116854553043916,9.119083136329946,9.121488016266769,9.124083139169,9.126883554604657,9.129905502670566,9.133166508171941,9.136685482252286,9.140482832062991,9.144580579108672,9.149002486954533,9.153774199036405,9.15892338737264,9.164479913040326,9.170475999346452,9.176946418698352,9.183928694257103,9.191463317543436,9.19959398325807,9.20836784267835,9.217835777100737,9.228052692914988,9.239077840021308,9.250975155437123,9.26381363408629,9.277667728921102,9.29261778269769,9.30875049390889,9.326159419576882,9.344945517821554,9.365217733351352,9.387093629272288,9.410700068879335,9.436173951384506,9.46366300584856,9.493326647920947,9.525336904356884,9.55987941067347,9.597154487731018,9.63737830348346,9.68078412663563,9.727623679478237,9.778168597746541,9.832712005969274,9.891570217444222,9.95508456869946,10.023623399079117,10.097584186934036,10.177395854805736,10.263521256971915,10.356459863779051,10.456750658328598,10.564975262314363,10.68176130913723,10.807786083856845,10.943780451086916,11.090533093610011,11.248895086289126,11.419784831797111,11.604193386782772,11.803190209356117,12.017929361218007,12.249656200395759,12.499714603391094,12.769554758616882,13.060741576312413,13.374963763702329,13.714043618022847,14.079947594202988,14.474797708481939,14.900883844092965,15.360677030376946,15.856843772335651,16.39226151372821,16.97003532338951,17.593515901544805,18.26631901055092,18.992346442756023,19.775808647085025,20.621249145576794,21.533570881480085,22.518064651715406,23.580439788597438,24.72685726875469,25.963965441257486,27.298938582153088,28.73951849899553,30.294059426643567,31.97157647468475,33.781797907439056,35.73522155971945,37.84317571550941,40.117884802598645,42.572540284145155,45.22137715826967,48.07975650931063,51.16425458946201,54.49275894738773,58.08457216127269,61.960523777871416,66.14309110670315,70.65652956989456,75.52701336358805,80.78278724663218,86.45433033679875,92.57453286440774,99.17888690838184,106.30569222084054,113.99627833384245,122.29524423631233,131.25071701107703,140.91463093188946,151.34302863897264,162.59638613964918
0.5711290322580644,9.10122020493677,9.102212001220536,9.103282255564075,9.10443717455289,9.105683455757369,9.107028326573175,9.10847958613425,9.110045650541391,9.111735601668776,9.113559239831437,9.115527140619099,9.117650716226033,9.119942281632534,9.122415126021846,9.125083589846724,9.127963147992531,9.131070499519165,9.134423664502263,9.138042088535302,9.1419467554986,9.146160309249252,9.150707184937673,9.155613750712334,9.160908460634472,9.166622019689573,9.172787561852624,9.179440842239764,9.18662044446074,9.19436800437466,9.202728451546745,9.211750269806338,9.22148577841734,9.231991435491667,9.243328165405405,9.255561712116537,9.268763020433282,9.283008647444312,9.2983812064969,9.314969846297972,9.332870767916626,9.352187782686574,9.373032914244169,9.39552704819363,9.419800633167347,9.445994437347212,9.474260364834594,9.504762336603681,9.53767724114751,9.57319596033013,9.611524476394635,9.652885066547318,9.697517592046246,9.745680889270488,9.797654270837759,9.85373914547627,9.91426076604543,9.979570115842904,10.050045944137628,10.12609696273348,10.208164216302094,10.296723640230791,10.392288820818763,10.495413973827848,10.606697158660113,10.726783746800502,10.856370164636862,10.996207932360328,11.147108022365503,11.309945562422122,11.48566491088871,11.675285133395722,11.87990591275333,12.100713926350894,12.338989728025988,12.596115174306137,12.873581438083358,13.1729976561885,13.496100261009014,13.844763050261324,14.221008053310781,14.627017257052742,15.065145259354564,15.537932923438966,16.04812211239575,16.598671589274403,17.1927741749712,17.83387526342026,18.52569280147054,19.272238849325532,20.07784284658941,20.947176718854173,21.88528197043629,22.897598920388038,23.989998251337692,25.168815054123318,26.440885565656966,27.813586813073087,29.294879394066925,30.893353641514402,32.61827944008892,34.4796599837683,36.48828978597694,38.65581727876906,40.99481236407138,43.51883930872024,46.24253540601727,49.18169585996975,52.35336538446697,55.77593704858639,59.46925894124446,63.454749273753606,67.75552058778064,72.39651378900463,77.40464278375599,82.80895055740554,88.64077759962582,94.9339436532507,101.72494384072216,109.0531603054958,116.96109059574496,125.49459411480217,134.7031580675426,144.64018444497657,155.36329971132488,166.93468898950195
0.5790322580645161,9.101569588231287,9.102589023190175,9.103689102622814,9.104876206075538,9.106157217761998,9.107539566485949,9.109031268722235,9.110640975105792,9.112378020598275,9.114252478623232,9.116275219483768,9.11845797340149,9.120813398542305,9.123355154423548,9.126097981128193,9.129057784785502,9.13225172981382,9.135698338460532,9.139417598216342,9.143431077726904,9.147762051873935,9.152435636751244,9.157478935318451,9.162921194577045,9.168793975180368,9.175131334461126,9.181970023937868,9.189349702445892,9.197313166128561,9.20590659662293,9.215179828878947,9.2251866401655,9.235985061939385,9.24763771638587,9.26021217958267,9.273781373393495,9.288423988364022,9.304224940072883,9.321275861584374,9.339675634858903,9.3595309642032,9.380956995086105,9.404077981908882,9.429028008602929,9.455951766234154,9.485005392123918,9.516357375353207,9.550189533901728,9.586698069089094,9.626094703433525,9.66860790852736,9.71448423005064,9.763989717607425,9.817411467677324,9.875059288630757,9.937267497464202,10.004396858675582,10.076836676524074,10.155007052808035,10.239361323254426,10.330388686648698,10.428617041951567,10.53461604985495,10.64900043653051,10.772433558728336,10.905631250898415,11.049365976642564,11.204471308568722,11.37184676252344,11.55246301423292,11.747367528600035,11.957690634297398,12.184652078878388,12.429568102414542,12.69385907067454,12.979057712104973,13.286818006375102,13.618924776026866,13.977304036849583,14.36403416700015,14.781357959638637,15.231695628974645,15.717658845150325,16.242065879354218,16.807957947000297,17.418616843755867,18.077583976701202,18.78868090099541,19.55603148115453,20.384085805470082,21.277645992262602,22.24189403763594,23.28242186623576,24.405263759290683,25.61693134799901,26.924451375199094,28.33540644431391,29.85797899188163,31.500998738676987,33.27399389459891,35.18724641426773,37.25185162376476,39.479782564294254,41.883959425902745,44.47832447390725,47.277922902536844,50.298990084665974,53.55904572360906,57.07699545297311,60.873240473757285,64.96979586449962,69.39041825056667,74.16074357295807,79.30843575556788,84.8633471330468,90.85769156961032,97.32623127273752,104.30647838512267,111.83891252394474,119.96721552899903,128.73852478103746,138.20370655935028,148.41765102383528,159.43959053220698,171.333443138318
0.5869354838709677,9.101923773036855,9.102971226504295,9.104101540906989,9.10532127112908,9.106637490592496,9.108057832277,9.109590532985234,9.111244481109441,9.113029268176904,9.114955244472986,9.117033579064383,9.119276324570658,9.12169648705969,9.124308101472375,9.127126313013992,9.130167464984241,9.133449193555322,9.136990530047663,9.140812011296473,9.14493579874914,9.149385806984156,9.15418784239692,9.159369752856698,9.164961589202612,9.170995779515323,9.17750731717499,9.184533963796186,9.192116468216643,9.200298802809872,9.209128418492112,9.218656519902531,9.228938362352581,9.240033572266674,9.25200649297257,9.264926557846938,9.278868692980124,9.293913751695479,9.310148983443241,9.327668539788405,9.346574020427132,9.366975062398415,9.388989975908231,9.412746430453778,9.43838219522714,9.466045938092467,9.495898087770582,9.52811176423142,9.562873782690344,9.600385737031235,9.640865168939936,9.684546829528635,9.73168404076824,9.78255016462456,9.837440188418716,9.89667243560618,9.960590411896108,10.029564797417473,10.103995596485241,10.18431445743379,10.270987175970664,10.36451639656798,10.465444527556748,10.574356886828554,10.691885096385803,10.818710745424545,10.95556934319047,11.103254584528825,11.262622952861557,11.43459868728134,11.620179142563135,11.82044057317194,12.03654437480388,12.269743819650536,12.521391324439666,12.792946293394897,13.085983581591243,13.402202627781643,13.743437309652611,14.111666578657632,14.509025936099041,14.937819817009085,15.400534953646991,15.899854796111466,16.43867507370045,17.020120587266852,17.64756332995946,18.32464204144322,19.055283309007077,19.843724337938898,20.694537523228007,21.612656965101532,22.60340708217326,23.672533488146815,24.82623631114091,26.071206148867653,27.41466286817907,28.864397473990515,30.428817290387055,32.11699471592584,33.93871983587241,35.90455719647554,38.02590707051964,40.31507156943872,42.78532598538193,45.45099577694899,48.32753964504227,51.43163918060105,54.78129560409364,58.39593415777123,62.296516756065785,66.50566354740718,71.04778409241261,75.94921891916877,81.23839227650792,86.94597697111692,93.10507224439479,99.75139572059658,106.92349053940036,114.66294887409482,123.01465313160365,132.02703623310893,141.75236248468212,152.24703066673794,163.57190109998,175.7926485845452
0.5948387096774193,9.102282759353542,9.103358611162975,9.104519570416697,9.10577236971363,9.107124274248992,9.10858312394648,9.11015737892342,9.111856168552542,9.113689344404902,9.115667537380977,9.117802219361268,9.120105769733911,9.122591547185127,9.125273967168837,9.128168585504708,9.131292188589441,9.134662890744467,9.138300239264588,9.142225327776776,9.146460918566564,9.151031574581376,9.155963801876396,9.161286203329038,9.167029644513455,9.173227432697088,9.179915509997294,9.18713266181828,9.194920741777128,9.203324914423387,9.212393917159847,9.222180342883526,9.232740944986034,9.244136966482154,9.256434495175485,9.26970484692088,9.284024979206505,9.29947793745409,9.316153336625762,9.334147880930587,9.35356592464497,9.374520077299465,9.397131856741897,9.42153239386437,9.447863193081394,9.476276952969673,9.506938451829058,9.540025503300686,9.575729987584653,9.614258964237953,9.655835873006657,9.700701829656746,9.749117024319016,9.801362230457942,9.857740433215895,9.918578586576393,9.984229509537016,10.055073932288686,10.131522704267821,10.214019176886424,10.303041774757945,10.399106770329684,10.50277127801166,10.614636485164583,10.735351138682567,10.865615307388117,11.00618444205579,11.157873756606486,11.321562955876184,11.498201337372189,11.688813296598374,11.894504267870511,12.11646713506809,12.35598914949375,12.614459394952302,12.893376843334618,13.194359047416453,13.519151521278143,13.869637862739422,14.247850676507834,14.655983361383893,15.096402829878553,15.571663234007376,16.084520776862462,16.637949695861863,17.235159510372394,17.879613633735683,18.575049457641185,19.325500025329102,20.135317419320494,21.00919799931537,21.952209636628123,22.96982110310782,24.067933784983506,25.252915905556556,26.531639455209213,27.91152004289716,29.400559900234306,31.00739428755862,32.741341571094964,34.61245726161801,36.631592327991754,38.81045612375054,41.16168429163811,43.6989120398889,46.43685321518698,49.39138563085328,52.57964314508857,56.02011502324282,59.73275316032492,63.73908778554836,68.06235231989986,72.72761811079664,77.76193982517782,83.194512344187,89.0568400693022,95.38291962174567,102.20943699467762,109.57598030149073,117.52526935396887,126.10340340166967,135.36012846921537,145.3491258418242,156.12832337205683,167.76023141310077,180.31230532672274
0.6027419354838709,9.102646547181422,9.103751177166302,9.104943191152037,9.1062295018293,9.107617568731618,9.109115441494543,9.110731806536979,9.112476037435307,9.11435824928251,9.116389357347487,9.11858114037475,9.120946308891632,9.12349857891906,9.12625275151345,9.129224798600944,9.132431955601799,9.135892821382068,9.139627466112245,9.143657547658343,9.148006437180445,9.152699354667067,9.15776351519138,9.163228286737462,9.169125360511886,9.175488934728342,9.182355912931145,9.189766118007759,9.197762523131532,9.206391500973957,9.215703092631754,9.225751297828445,9.236594388073396,9.248295244594553,9.260921723004707,9.274547046816165,9.289250232086122,9.305116545655427,9.322237999638412,9.34071388503164,9.360651347536297,9.382166008933853,9.405382637618748,9.43043587217703,9.457471002207459,9.486644810913681,9.518126484354227,9.552098592623807,9.588758148656426,9.628317750791144,9.671006815726994,9.717072909017817,9.766783180823463,9.82042591524411,9.878312202223263,9.940777741715614,10.008184790583021,10.080924263509386,10.15941800011832,10.244121211441131,10.335525119922506,10.434159808273431,10.540597293691581,10.655454845276104,10.779398563873539,10.913147245113036,11.057476548030747,11.21322349345491,11.38129131823487,11.562654713460287,11.758365477043153,11.96955861343757,12.197458915865058,12.443388069210863,12.708772314776272,12.99515072133025,13.30418411042013,13.63766468769591,13.997526436097825,14.385856331176116,14.804906443581164,15.25710699890835,15.745080470635765,16.271656787885576,16.83988974620688,17.45307471655596,18.114767755179663,18.828806225233237,19.599331049731322,20.430810724891682,21.328067233140253,22.296304006061977,23.341136099469253,24.468622755586754,25.685302541193817,26.998231265501783,28.41502289766229,29.943893721196186,31.593709981402235,33.37403930205976,35.29520616959626,37.36835180647858,39.60549878103827,42.01962072840883,44.624717586892515,47.435896786058876,50.469460857391994,53.74300197554989,57.2755039784909,61.087452458093935,65.20095355970149,69.63986217952086,74.42992030331746,79.59890628864682,85.17679595633577,91.1959364254075,97.69123369954586,104.70035509294462,112.26394766944078,120.4258739616981,129.23346633741284,138.7378014876569,148.99399662916022,160.06152913825784,172.00458147011568,184.8924133634757
0.6106451612903225,9.103015136520563,9.104148924514362,9.105372403113106,9.106692667476207,9.108117374040509,9.109654784921347,9.111313815826085,9.113104087757941,9.115035982809975,9.1171207043728,9.119370342105166,9.121797942044207,9.124417582261936,9.127244454506734,9.130294952303306,9.133586766022017,9.137138985468942,9.140972210591586,9.145108670942278,9.149572354592069,9.154389147242727,9.15958698234361,9.165196003083985,9.17124873720024,9.177780285611801,9.184828525979693,9.192434332368272,9.200641812284085,9.209498562466484,9.219055944913519,9.229369384743867,9.240498691622289,9.252508406612689,9.265468176470431,9.279453157544582,9.294544451632596,9.310829576315214,9.328402972499342,9.347366552112494,9.367830289125225,9.389912857329332,9.413742318570709,9.43945686542844,9.467205622647441,9.497149511972768,9.529462185401387,9.564331032264024,9.601958265977895,9.642562096773185,9.686377997194743,9.733660067718475,9.784682510402554,9.839741219120052,9.89915549559561,9.96326990119835,10.032456255230384,10.107115791299716,10.187681484282974,10.274620561372494,10.368437211769551,10.46967551073729,10.578922574969575,10.696811967573145,10.824027372407437,10.961306559088094,11.109445661645136,11.26930379564525,11.441808040549807,11.627958816197715,11.828835684587334,12.04560361059759,12.279519717949507,12.531940579581184,12.80433008470844,13.098267928187775,13.415458771407517,13.757742127828228,14.127103030496617,14.525683543393146,14.955795183368801,15.419932324708421,15.920786664058456,16.46126282960776,17.044495225047754,17.673866206000476,18.353025694331496,19.08591234410459,19.87677638193392,20.73020425419953,21.65114522407094,22.644940072589463,23.7173520702615,24.874600398780217,26.123396216700783,27.470981578225018,28.925171430795107,30.49439893504915,32.18776436995624,34.01508790673832,35.98696655762038,38.11483562966035,40.411035040034626,42.888880877346494,45.56274262394824,48.44812648709555,51.5617653221794,54.92171566951,58.54746246737962,62.46003204864837,66.68211407613411,71.23819312392706,76.15469066768785,81.46011830735117,87.18524311079793,93.36326603734913,100.03001447578781,107.22415001346859,114.98739264140177,123.36476269551481,132.40484193714676,142.16005528682803,152.68697484516454,164.04664796389383,176.30495126965434,189.53297269350819
0.6185483870967742,9.103388527371045,9.104551853207239,9.105807206300005,9.107161866654467,9.108623690175799,9.110201154227047,9.111903406790928,9.113740319520662,9.115722544987545,9.117861578457203,9.120169824552844,9.122660669192026,9.125348557214213,9.12824907614922,9.131379046612407,9.134756619850808,9.13840138300592,9.14233447270358,9.146578697629707,9.151158670802738,9.156100952309865,9.161434203334842,9.167189352370643,9.173399774580883,9.180101485350209,9.187333349146119,9.195137304903517,9.20355860923907,9.212646098905934,9.222452474010888,9.233034603636451,9.244453855640417,9.256776452545475,9.270073855582973,9.284423179118049,9.299907637859693,9.316617029449343,9.334648255226883,9.354105882194276,9.375102749436088,9.39776062251391,9.422210899629981,9.448595373655587,9.47706705444378,9.507791056195579,9.54094555502622,9.576722822284994,9.61533033962173,9.656992002266914,9.70194941750418,9.750463305865805,9.802815013177717,9.85930814222317,9.920270313488077,9.986055065199363,10.057043903675474,10.13364851587973,10.216313157007665,10.305517226954407,10.401778050603165,10.505653878057652,10.617747122216356,10.738707852462566,10.869237564728822,11.010093249796734,11.162091783422001,11.326114663740293,11.503113123422951,11.694113646224181,11.900223919906033,12.122639260057657,12.362649542055866,12.621646681360597,12.90113270551894,13.202728464682982,13.528183031150121,13.879383842431091,14.25836764666385,14.667332313845574,15.108649581377763,15.584878807839194,16.098781814750243,16.653338902403156,17.25176613264341,17.897533978835913,18.59438745117964,19.346367814091245,20.157836021611278,21.033498006749863,21.97843197144006,22.998117835367843,24.098469014466872,25.285866713374155,26.56719693072104,27.949890391863466,29.44196564063081,31.052075539990604,32.789557451293234,34.66448738309263,36.68773842355674,38.87104379532343,41.227064898461656,43.76946473612449,46.51298714869608,49.47354231591831,52.668299022832045,56.115784224593575,59.83599048755372,63.85049192966389,68.18256933256232,72.85734515088348,77.90192920172893,83.34557587917423,89.21985380552397,95.55882890314876,102.39926194856723,109.78082175442154,117.74631521562324,126.34193555374668,135.61753019927718,145.62688986521184,156.42806048839665,168.08367984759917,180.66134081042426,194.23398331559883
0.6264516129032257,9.103766719732942,9.10495996324502,9.106247600712836,9.107637099364197,9.109136517137625,9.110754549411803,9.11250057943169,9.114384732723684,9.11641793581547,9.118611979600995,9.12097958771813,9.123534490335487,9.126291503776347,9.12926661644144,9.13247708152887,9.1359415170889,9.139680013993843,9.143714252449199,9.14806762772176,9.15276538581377,9.157834769870012,9.163305178166851,9.1692083345995,9.175578472656209,9.182452533946341,9.189870382433648,9.197875035617225,9.206512914000818,9.215834110297322,9.225892679929673,9.23674695451293,9.248459880135572,9.261099382401927,9.27473876035275,9.289457111548606,9.305339790781316,9.322478905073861,9.340973847839535,9.360931875298311,9.382468728493446,9.40570930451584,9.430788380829036,9.457851396895762,9.487055297639243,9.51856944363111,9.552576593284787,9.589273962750784,9.628874369661032,9.67160746735561,9.717721076750015,9.767482623567343,9.821180689270795,9.879126684691236,9.941656656056102,10.0091332338936,10.081947736114694,10.160522437469309,10.245313018537832,10.336811208459974,10.435547636726188,10.542094910569114,10.657070935800153,10.781142500347903,10.915029141277923,11.059507317716887,11.21541491387749,11.383656098294303,11.565206567445875,11.76111920416693,11.97253018365954,12.200665562507426,12.446848388898315,12.712506375281714,12.999180177951413,13.308532331561853,13.642356890386267,14.002589832223949,14.391320285287797,14.81080264317725,15.263469638193527,15.751946448813369,16.27906592313651,16.847885006595504,17.46170246920215,18.12407803514228,18.838853025664235,19.610172634983453,20.442509968395697,21.340691982011045,22.30992747454837,23.355837293529063,24.48448693104968,25.702421698168905,27.016704681896844,28.434957704909376,29.96540552552163,31.616923534244272,33.39908922352144,35.322237729129334,37.3975217653251,39.63697630131571,42.05358835411055,44.66137230249226,47.47545115885826,50.51214427023603,53.789061957058514,57.325207638521114,61.141088036756706,65.25883209891693,69.70231932680437,74.49731825825786,79.67163590336457,85.25527900210143,91.28062803856533,97.78262502092736,104.79897611607723,112.37037031407027,120.54071539044679,129.35739253481046,138.87153112229575,149.13830522137428,160.21725355749552,172.17262478808442,185.0737500912056,198.99544522859532
0.6343548387096773,9.104149713606326,9.105373254627796,9.1066935863517,9.108118365605518,9.109655854926128,9.11131497047578,9.113105333748559,9.115037327367228,9.117122155294005,9.119371907804467,9.121799631601366,9.124419405474988,9.127246421948806,9.130297075383938,9.133589057053326,9.137141457737023,9.140974878433559,9.145111549829434,9.149575461219586,9.1543924996265,9.159590599924718,9.165199906841437,9.171252949772644,9.177784831428642,9.18483343140301,9.192439625845537,9.200647524513174,9.209504726573709,9.219062596645728,9.229376562675755,9.240506437380102,9.252516765115628,9.265477196191148,9.279462890790288,9.294554954848412,9.310840910411505,9.328415203204969,9.347379750355984,9.36784453144612,9.38992822632207,9.413758903363615,9.439474762200613,9.46722493518654,9.497170352276921,9.52948467432871,9.56435530023353,9.601984453725851,9.642590356169313,9.686408492122974,9.733692975027392,9.784718020931031,9.839779538804013,9.899196846662356,9.963314523455383,10.032504407456157,10.107167752744429,10.187737556288099,10.2746810691184,10.368502506161404,10.46974597044012,10.57899860860436,10.69689401608659,10.824115911629248,10.96140210249052,11.109548763320833,11.269415053520689,11.44192809985288,11.628088373199652,11.82897549064061,12.045754476493247,12.279682518619124,12.532116259170845,12.804519662054012,13.09847250272329,13.415679529540967,13.757980349821674,14.1273600978905,14.525960947017966,14.956094531990484,15.420255354357598,15.92113524809772,16.461638989595333,17.04490114246052,17.674304234884335,18.35349837495256,19.086422417680232,19.877326806529105,20.73079822188087,21.651786179417567,22.64563173266844,23.718098446183333,24.875405818959752,26.124265351958122,27.471919468872127,28.926183515865326,30.495491083838907,32.18894291606196,34.0163596847859,35.98833894290042,38.11631658089867,40.41263314554614,42.89060540484055,45.56460357427357,48.45013465223691,51.563932347842325,54.92405412265622,58.549985909105175,62.46275511282656,66.68505255428018,71.24136405677584,76.15811244401571,81.46381077061612,87.18922767421492,93.36756580806896,100.0346543888996,107.22915697660247,114.99279569077096,123.37059316430083,132.4111336372069,142.1668447047752,152.6943013539591,164.0545540511747,176.3134827841313,189.5421791108465,203.81735843141033
0.642258064516129,9.104537508991278,9.105791727355653,9.107145163216703,9.10860566537855,9.11018170354145,9.111882417419139,9.113717669741726,9.115698103451514,9.117835203423411,9.120141363067921,9.122629956202903,9.125315414610935,9.128213311732061,9.13134045297726,9.13471497318641,9.138356441795917,9.142285976325931,9.146526364845284,9.151102198124349,9.156040012242274,9.161368442475547,9.167118389360416,9.173323197892184,9.180018850900632,9.187244177723056,9.195041079385083,9.20345477159519,9.212534046962169,9.222331557956275,9.232904122255075,9.244313052244848,9.256624510588539,9.269909893922335,9.284246246906218,9.299716709029747,9.316410996764438,9.334425923859017,9.353865962795076,9.37484385065942,9.39748124294695,9.421909419085964,9.448270043777715,9.476715988565791,9.507412218400214,9.540536748338056,9.57628167592924,9.614854295275034,9.656478299220478,9.70139507665311,9.749865112431852,9.802169498065197,9.858611561899952,9.919518628274936,9.985243915841817,10.056168586062203,10.13270395376098,10.21529387255544,10.304417308993687,10.400591120329945,10.50437305204502,10.616364972494054,10.737216363438556,10.8676280867031,11.008356448797777,11.16021758707504,11.324092202853496,11.500930668952824,11.691758541254728,11.897682506247214,12.119896799037608,12.359690129047546,12.61845315354734,12.89768654236402,13.199009680526078,13.52417005930795,13.87505341013006,14.25369464007947,14.662289632466084,15.103207980847271,15.579006730369017,16.09244520611485,16.646501014459506,17.244387310228202,17.889571429804928,18.58579499825553,19.33709562708042,20.1478303284369,21.0227007816252,21.966780598373425,22.985544745047946,24.084901292422387,25.271225677135497,26.5513976735317,27.93284129029506,29.42356782324646,31.03222231397504,32.768133683724905,34.641368833269325,36.66279102250351,38.84412286830381,41.19801432598387,43.738116048577524,46.47915854936469,49.43703762671171,52.628906546612704,56.073275517508065,59.790119034246594,63.80099171369173,68.12915329371825,72.79970352048491,77.83972770621529,83.2784538015973,89.14742189368836,95.48066711227192,102.31491700536866,109.68980452851407,117.64809788296385,126.23594853569517,135.5031588595154,145.5034709453639,156.29487826168275,167.93996196821755,180.50625383458834,194.06662786825882,208.6997229230168
0.6501612903225805,9.104930105887872,9.106215381428683,9.10760233130795,9.109098998683416,9.11071406298373,9.112456890242045,9.114337587411388,9.116367060976767,9.118557080203946,9.12092034539166,9.123470561523092,9.12622251774374,9.12919217312659,9.132396749221964,9.13585482992877,9.139586469266332,9.143613307671831,9.14795869749776,9.152647838437222,9.157707923662459,9.163168297524086,9.169060625725633,9.175419078960257,9.182280531074651,9.189684772909354,9.197674743055618,9.206296776867132,9.215600875170676,9.225640994234153,9.23647535867363,9.248166799114113,9.26078311656234,9.274397475604784,9.28908882871128,9.304942374105014,9.322050049854425,9.340511067052512,9.360432485175835,9.38192983296011,9.405127778393284,9.430160851711854,9.457174225593599,9.486324557071663,9.517780896052827,9.551725665709158,9.588355720429066,9.627883487463535,9.670538198888813,9.716567221030504,9.766237489059314,9.81983705507853,9.877676758681512,9.940092029667635,10.007444833371476,10.08012576988695,10.158556339360505,10.243191386490295,10.33452173840733,10.433077051235777,10.539428881839404,10.654194002566722,10.778037978216092,10.911679025962252,11.055892180626135,11.211513789440062,11.379446362370485,11.560663806122024,11.756217072170834,11.967240251575987,12.19495715190811,12.440688394430095,12.705859072681688,12.992007016875514,13.300791712025688,13.634003921521929,13.993576071953765,14.381593459405432,14.800306342207135,15.25214299027056,15.739723766685827,16.265876323244942,16.833651998018535,17.446343510085082,18.107504054036,18.820967904998444,19.59087265367831,20.42168320037938,21.318217647154928,22.285675238255266,23.32966651091283,24.45624583132254,25.67194650450681,26.983818661678388,28.399470144820455,29.927110625582515,31.575599214345047,33.354495835544924,35.27411666719283,37.34559396608206,39.58094062561977,41.993119840657464,44.59612028331269,47.40503722573243,50.436160080237514,53.70706686450172,57.236726139579105,61.04560701193091,65.15579783736717,69.59113431528333,74.37733771602798,79.54216404300298,85.11556499450951,91.12986165878202,97.61993194949649,104.62341286872116,112.18091877026455,120.33627688916816,129.13678150321624,138.63346820038916,148.88140984278132,159.94003594332992,171.87347730747246,184.75093793836618,198.6470963624136,213.64253870244406
0.6580645161290322,9.10532750429619,9.106644216846979,9.108065090625546,9.10959836552024,9.111252933253116,9.113038388944668,9.114965086757733,9.117044199943214,9.119287785635876,9.121708854775992,9.124321447562291,9.127140714873818,9.130183006132876,9.13346596411861,9.137008627281055,9.140831540149025,9.144956872472138,9.149408547787885,9.154212382159395,9.159396233888435,9.164990165071938,9.171026615938944,9.177540592979021,9.184569871953212,9.192155216964807,9.200340616860512,9.209173540332904,9.218705211203753,9.228990905484599,9.240090271937492,9.25206767799492,9.264992583045153,9.27893994124788,9.293990636216314,9.310231950086731,9.327758069695912,9.34667063280211,9.36707931751745,9.38910247837028,9.412867832686478,9.438513201270476,9.466187307681778,9.49605064074258,9.528276385278762,9.563051426492347,9.60057743379049,9.641072030356916,9.684770055248965,9.731924925340014,9.782810105006057,9.837720692080048,9.89697512927188,9.960917050979331,10.029917276200546,10.10437595910559,10.184724909738957,10.271430098311177,10.364994357602221,10.465960299147929,10.574913460120145,10.692485699148664,10.81935886077628,10.956268729795664,11.104009298397179,11.263437370870385,11.435477532558798,11.621127511879351,11.821463966496905,12.037648727203393,12.270935535705272,12.522677315386838,12.794334017207909,13.087481086229749,13.403818597862772,13.745181116814017,14.113548335904406,14.511056556449637,14.940011076780396,15.402899560745494,15.902406463726592,16.44142859982749,17.02309194052063,17.65076974217645,18.328102107609165,19.05901709508968,19.847753497250956,20.698885421995858,21.617348817967102,22.608470098415417,23.67799702947028,24.832132061947544,26.07756829999778,27.421528315188308,28.871806031111934,30.436811921419665,32.125621783388006,33.94802936986545,35.91460318481643,38.03674777182543,40.326769850978245,42.797949687653954,45.46461810710119,48.34223960141237,51.44750201084208,54.798413299540336,58.4144059869137,62.31644984022512,66.52717348195068,71.07099561711145,75.9742666415856,81.26542145260925,86.97514434763741,93.13654696783841,99.78536031814586,106.96014197742277,114.7024997003834,123.05733270797802,132.0730920655226,141.80206165855125,152.30066139581413,163.62977439774977,175.85510006784955,189.04753509443427,203.28358459233786,218.64580576877486
0.6659677419354838,9.10572970421631,9.10707823361063,9.108533441169602,9.110103765889148,9.11179831434975,9.113626913527177,9.115600167780967,9.117729520351086,9.120027319719467,9.122506891221228,9.125182614320861,9.128070006001588,9.131185810751408,9.134548097667766,9.138176365243925,9.142091654444764,9.146316670727744,9.1508759157167,9.155795829292071,9.161104942921598,9.166834045120721,9.17301636000223,9.17968773995066,9.18688687353884,9.194655509892357,9.203038700803166,9.212085061996454,9.221847055065972,9.232381291712906,9.243748862052787,9.256015688894355,9.269252910045175,9.2835372908611,9.298951669432267,9.315585436987533,9.333535056303475,9.352904621124614,9.37380645983927,9.396361786912205,9.420701405852146,9.44696646779125,9.475309290076007,9.505894239617229,9.53889868612231,9.574514030738257,9.612946816071322,9.654419924021074,9.699173868375931,9.747468189666836,9.799582960368683,9.855820409179076,9.9165066737945,9.98199369234909,10.052661244485293,10.128919153893252,10.211209665092037,10.300010008236095,10.395835166820406,10.499240864334196,10.610826787182393,10.731240062563828,10.861179011473126,11.001397198588355,11.152707802527514,11.315988331814333,11.492185713898026,11.682321786734564,11.887499224770993,12.108907933693065,12.347831951014642,12.605656892520567,12.8838779877403,13.184108751045713,13.508090338653085,13.8577016457878,14.234970202563504,14.642083931760821,15.08140383669044,15.55547769272064,16.067054821871828,16.61910203616296,17.21482084217459,17.857666006608444,18.551365590517882,19.299942568401214,20.107738157541544,20.97943699289511,21.920094293532372,22.935165178184622,24.03053629991141,25.212559983351166,26.48809106252906,27.864526632855064,29.349848947843753,30.952671709321972,32.68229001956816,34.548734285062224,36.56282838443932,38.73625243796867,41.08161054256268,43.612503865117674,46.34360951806044,49.29076567450678,52.47106341662362,55.90294584983305,59.60631505763215,63.60264751727393,67.91511864561917,72.5687371974184,77.59049029541818,83.00949993334396,88.85719185934448,95.16747781927774,101.97695221669917,109.32510433001349,117.25454731747244,125.81126533805752,135.0448802213408,145.0089392327899,155.7612256033115,167.36409362385118,179.88483024831626,193.3960453018168,207.97609255711055,223.70952412114104
0.6738709677419354,9.106136705648314,9.107517431719735,9.10900738294022,9.110615199790264,9.112350206273781,9.114222463989744,9.116242830481283,9.118423022200611,9.12077568245499,9.12331445472768,9.12605406179917,9.129010391127476,9.132200586982679,9.135643149870006,9.139358043818051,9.143366812154325,9.147692702439548,9.152360801285244,9.157398179836463,9.162834050763362,9.168699937672079,9.175029857917394,9.181860519877382,9.1892315358341,9.197185651694967,9.205768994887025,9.21503134186177,9.22502640676195,9.235812152924426,9.247451129025702,9.26001083181958,9.273564097570686,9.288189524454006,9.30397192837019,9.321002834820174,9.339381009691822,9.359213032036973,9.380613912160822,9.403707758608341,9.4286284979161,9.45552065130382,9.48454017281029,9.515855353734569,9.549647798628051,9.586113478497829,9.62546386732969,9.667927168522235,9.713749638345037,9.763197014096496,9.816556055244115,9.874136206485215,9.936271392373039,10.003321953916116,10.075676738382018,10.15375535442494,10.238010605615116,10.328931116482476,10.42704416630304,10.53291874706106,10.647168863319472,10.770457093133736,10.903498430657464,11.047064432721296,11.20198769342868,11.369166672713959,11.549570906860117,11.744246631188217,11.95432284752022,12.181017871595788,12.425646398406833,12.689627126416893,12.974490984873606,13.281890011920364,13.613606934987871,13.971565509019872,14.35784167248319,14.774675585856087,15.22448462240819,15.709877386609246,16.233668841465462,16.798896632514488,17.408838703151684,18.067032303450155,18.777294502719723,19.543744324771044,20.370826634261938,21.263337912658038,22.226454073297646,23.265760476874693,24.387284321413834,25.59752959457963,26.903514791020132,28.312813613477765,29.833598893702565,31.474689987872843,33.24560392137597,35.156610579543894,37.21879226440006,39.44410796279227,41.845462698607655,44.43678237124922,47.233094514368744,50.25061544318275,53.50684429574856,57.020664513555374,60.81245334992796,64.90420004129689,69.31963332662531,74.08435905449615,79.22600867586233,84.77439948359294,90.76170752806912,97.22265421159386,104.19470764370796,111.71829992510385,119.8370616202021,128.59807477813715,138.0521459694613,148.25410092195503,159.2631024641818,171.14299362059978,183.96266784789398,197.79646855958936,212.72462025585972,228.8336937587211
0.681774193548387,9.106548508592281,9.107961811174384,9.10948691593752,9.111132667223721,9.11290860902536,9.114825040332544,9.116893074858886,9.11912470549203,9.121532873842717,9.124131545295668,9.126935789997585,9.129961870251911,9.133227334827188,9.13675112072591,9.140553663004107,9.144657013278492,9.149084967608465,9.15386320449458,9.159019433793803,9.16458355741515,9.170587842727665,9.177067109686362,9.184058932761415,9.191603858841576,9.19974564237564,9.208531499115564,9.21801237993288,9.228243266296356,9.239283489124558,9.251197072862492,9.264053106777826,9.277926145630042,9.29289664203626,9.30905141304123,9.326484143597517,9.345295929875784,9.36559586555628,9.387501674501777,9.411140393481322,9.436649108904344,9.464175751838036,9.493879955918855,9.525933983133807,9.56052372284083,9.597849769822291,9.638128587624024,9.681593763926937,9.728497365231929,9.779111398714829,9.833729389729557,9.892668084108317,9.956269285131363,10.02490183581973,10.098963758047013,10.178884560875495,10.265127731503203,10.358193423267108,10.458621356290289,10.56699394759361,10.6839396888228,10.810136791177378,10.946317118676857,11.093270432571297,11.251848971507021,11.422972394004937,11.607633111909287,11.80690204573161,12.021934835260737,12.253978541449488,12.504378878437556,12.774588017644342,13.0661730091832,13.380824869428936,13.720368387434242,14.086772707060339,14.482162746186853,14.908831519221723,15.369253434371945,15.86609864279044,16.40224852281625,16.98081238910947,17.605145523587478,18.2788686327356,19.005888844138525,19.790422364005487,20.6370189270951,21.550588180840087,22.53642815668852,23.600255993780948,24.748241093144006,25.9870408946738,27.323839484391307,28.766389255862787,30.32305586738884,32.00286675567614,33.815563487328895,35.771658251752456,37.88249482307659,40.16031434462181,42.618326317398015,45.27078520430423,48.133073094263565,51.22178890567024,54.55484464644918,58.151569288951094,62.03282086206479,66.22110741058499,70.74071752329405,75.61786118670936,80.88082178132727,86.56012010181381,92.68869135232082,99.30207614335053,106.43862659779197,114.13972876137083,122.45004260730722,131.41776102700985,141.09488930873474,151.53754672495435,162.80629197738887,174.96647438701442,188.08861286565485,202.2488048668758,217.52916768775918,234.01831468073695
0.6896774193548386,9.106965113048295,9.108411371974675,9.109972040161608,9.111656168189645,9.11347352260464,9.115434642555751,9.11755090091398,9.11983457022558,9.12229889388293,9.124958162925514,9.12782779891648,9.130924443375331,9.13426605428544,9.137872010236066,9.141763222802773,9.14596225781806,9.150493466235416,9.155383125345779,9.160659591165334,9.16635346287841,9.172497760289152,9.179128115311075,9.186282978605014,9.194003842563886,9.202335481937405,9.211326213492296,9.221028176213851,9.231497633673902,9.24279530031876,9.25498669356947,9.268142513776391,9.282339054231684,9.297658643617602,9.31419012345664,9.332029363332543,9.35127981687033,9.37205312169977,9.394469746881976,9.418659691553957,9.444763238843086,9.472931769423974,9.503328639436175,9.536130127854406,9.571526458805769,9.60972290476316,9.650940977013052,9.695419710302023,9.743417049112546,9.795211343607958,9.851102963922484,9.911416042158459,9.976500352193492,10.046733338199322,10.122522303636519,10.20430677341955,10.292561042950872,10.38779692880608,10.490566737021284,10.601466466195463,10.721139263981804,10.850279157011123,10.989635075875496,11.140015198510921,11.302291637163608,11.477405496116479,11.666372329501941,11.870288030846709,12.09033518849768,12.327789943779237,12.584029391647679,12.860539566754488,13.15892406122528,13.48091332412522,13.828374696535604,14.203323240433381,14.60793342416986,15.04455173231407,15.515710272988406,16.024141461610466,16.5727938661992,17.16484930614118,17.803741303583593,18.493174994465694,19.237148614666495,20.039976685881385,20.90631503569736,21.841187796973617,22.85001654311169,23.938651728184514,25.11340661425943,26.381093882671266,27.749065141565588,29.2252535588254,30.818219867618293,32.53720201135721,34.39216871597204,36.39387730016354,38.55393605888619,40.884871581827454,43.40020139726807,46.11451236259215,49.04354525604008,52.20428606026009,55.61506446702145,59.29566017432988,63.267417592373796,67.55336962349789,72.1783712340196,77.16924359249202,82.55492961029124,88.36666178653275,94.63814333067646,101.40574361317762,108.7087090776357,116.58939083755446,125.09349027758378,134.2703240835276,144.17311023806874,154.85927664075027,166.390794141949,178.83453592216378,192.26266530071874,206.75305422284544,222.389734852026,239.26338688645143
0.6975806451612903,9.10738651901644,9.108866114120707,9.110462755612598,9.112185702688171,9.114044947011767,9.116051270659545,9.11821630864677,9.120552616401499,9.123073742575901,9.125794307617543,9.128730088556235,9.131898110498172,9.135316745357951,9.13900581840107,9.142986723214742,9.147282545773825,9.151918198321328,9.15692056383992,9.16231865195231,9.168143767154596,9.174429690358238,9.181212874793495,9.188532657410459,9.196431487003666,9.204955170383325,9.214153138020771,9.224078730708797,9.234789508899347,9.246347586512536,9.258819991153002,9.272279052822645,9.286802823384123,9.302475529207873,9.31938805962777,9.337638494038345,9.357332670690546,9.37858480048482,9.40151812932141,9.426265652849233,9.45297088775872,9.481788704091908,9.512886223396944,9.546443787936068,9.582656006568241,9.62173288337222,9.663901035555782,9.709405007714619,9.758508690063115,9.811496848862278,9.868676777920609,9.930380080745918,9.996964593683588,10.068816461194322,10.146352375306687,10.230021992231466,10.320310540152219,10.41774163331472,10.522880308734038,10.636336303128681,10.758767589083835,10.890884190948634,11.033452302594112,11.187298730908388,11.353315690794135,11.53246597947125,11.7257885600866,11.934404587006101,12.159523907725154,12.402452079097271,12.664597938563292,12.947481774282068,13.252744141537097,13.582155376541879,13.937625862812073,14.321217109637796,14.735153706900217,15.181836225560358,15.663855138633696,16.18400584338387,16.745304871856906,17.351007383770295,18.004626043209445,18.709951388610094,19.471073814166207,20.292407290148212,21.178714959700617,22.135136760570095,23.16721923195707,24.28094767935444,25.48278088391067,26.779688557608168,28.179191761470342,29.689406521191195,31.31909089312293,33.07769575356372,34.97541960587871,37.02326772328653,39.233115970285176,41.617779672823374,44.19108793660065,46.96796384447491,49.96451099804944,53.19810690530216,56.68750375582274,60.4529371680647,64.51624353925088,68.90098667846078,73.6325944572622,78.73850627034429,84.24833216129822,90.19402453634095,96.61006346177706,103.53365661976784,111.00495508198483,119.06728615245417,127.76740462988542,137.15576394659803,147.28680875642436,158.21929066835668,170.01660895692754,182.74717822516365,196.48482515225027,211.30921662671014,227.30632174791748,244.5689103751657
0.7054838709677419,9.1078127264968,9.109326037612574,9.110959062290604,9.11272127071943,9.114622882246902,9.116674924644101,9.11888929805747,9.121278844020031,9.123857419921917,9.126639979372081,9.129642658917232,9.13288287162088,9.136379408045235,9.140152545221518,9.144224164240711,9.148617877146606,9.153359163867147,9.158475519978097,9.163996616156002,9.169954470245184,9.176383632936627,9.183321388135607,9.190807969180048,9.19888679216359,9.207604707716493,9.217012272704569,9.227164043421867,9.238118891977496,9.249940347711451,9.26269696561953,9.276462723924023,9.291317453095955,9.307347298816993,9.324645221566067,9.343311535728125,9.363454491351643,9.385190901928945,9.408646821840227,9.4339582773903,9.461272055677828,9.490746555872324,9.522552707836075,9.556874963418736,9.593912366173878,9.633879705701519,9.677008763311493,9.723549656232127,9.773772288160137,9.827967914564434,9.886450831821872,9.949560199981146,10.017662009725903,10.091151204944156,10.170453973213533,10.256030217485302,10.3483762233008,10.448027537007523,10.555562071665378,10.67160345865372,10.796824664414093,10.931951893300784,11.077768799169895,11.23512103012749,11.404921132788857,11.588153844485294,11.785881804103846,11.999251714672964,12.229500993426221,12.477964947903022,12.746084519695795,13.035414640745154,13.347633250637163,13.684551027190775,14.048121886760915,14.440454315147553,14.863823594819294,15.320684999359589,15.813688031654381,16.34569178839467,16.919781540000944,17.53928662212644,18.207799742503894,18.92919781510903,19.707664442472524,20.547714176530093,21.45421869871437,22.432435071122168,23.4880362225999,24.627143846549686,25.856363901243245,27.182824918520968,28.61421934303879,30.158848141797336,31.825668942652115,33.62434798096635,35.56531615565072,37.65982951966468,39.9200345557687,42.35903861606715,44.990985933826096,47.8311396483657,50.895970318697195,54.20325143920342,57.7721625112697,61.62340026858951,65.77929870115408,70.26395857396189,75.10338719154534,80.32564921882935,85.96102943295492,92.04220834989148,98.60445174432438,105.68581516187331,113.327364609643,121.57341470492584,130.4717856631202,140.07408061518123,150.43598486281326,161.61758880683576,173.68373642143635,186.70440129517405,200.7550924194562,215.9172920777219,232.27892837472913,249.9348851462169
0.7133870967741934,9.10824373548946,9.109791142450378,9.111460960195743,9.113262872283554,9.115207328310198,9.117305604509605,9.119569869146288,9.122013253081422,9.124649925921265,9.127495178189466,9.130565509999856,9.133878726743903,9.13745404234781,9.141312190698022,9.145475545881384,9.149968251937215,9.154816362873824,9.160047993761415,9.16569348377769,9.17178557215166,9.178359588026051,9.185453655339415,9.193108913916108,9.20136975804635,9.210284093940032,9.219903617547311,9.230284114357254,9.241485782913204,9.253573583921119,9.266617616975537,9.280693527088031,9.295882943375847,9.312273952454968,9.329961609283083,9.349048488415194,9.36964527886896,9.391871426049796,9.41585582445873,9.44173756520048,9.46966674262717,9.499805324795902,9.532328092788703,9.567423654342585,9.605295537668557,9.646163371803368,9.690264160339733,9.737853655922212,9.789207843480359,9.844624540801309,9.904425125724405,9.968956399974738,10.038592600444774,10.113737569588226,10.194827097512908,10.282331449354762,10.376758092589586,10.478654640098114,10.588612026050896,10.707267933029337,10.835310490255551,10.973482264375578,11.122584565936405,11.2834820965275,11.457107963532488,11.644469091567967,11.84665206198626,12.064829414301013,12.300266446072902,12.554328550683154,12.828489135541995,13.124338166645293,13.443591389025507,13.788100276563295,14.15986276885697,14.561034857412363,14.993943088342524,15.461098054083347,15.96520895236846,16.50919929689755,17.09622387081316,17.729687021309637,18.413262401476864,19.150914273875024,19.946920499394434,20.8058973447277,21.732826252327715,22.73308272810563,23.812467514402638,24.97724022902097,26.234155665399292,27.59050296444794,29.054147885211403,30.633578419493695,32.33795401497338,34.17715869225937,36.161858363918704,38.303562687874994,40.61469181387031,43.10864841005901,45.79989538742125,48.70403977272757,51.837923216441716,55.219719660426,58.8690407318361,62.807049474396834,67.05658307660094,71.64228530854943,76.59074943545275,81.93067243657052,87.69302142392759,93.91121322589619,100.62130817707782,107.86221923830257,115.67593765946876,124.1077764938784,133.20663337624762,143.02527408828695,153.62063855629467,165.05417105529546,177.3921765346308,190.70620513139662,205.07346710158288,220.5772805751702,237.30755473179192,255.36131119897584
0.7212903225806451,9.108679545994507,9.11026142863422,9.111968449328128,9.113810507380684,9.115798285201814,9.117943310256242,9.120258021913438,9.12275584358592,9.12545126057423,9.128359904070031,9.1314986418045,9.134885675867698,9.13854064826621,9.142484754831193,9.146740868137474,9.151333670146483,9.156289795342317,9.161637985190989,9.167409254818674,9.17363707287553,9.180357555628255,9.187609676406947,9.195435491620986,9.203880384654669,9.212993329057097,9.222827172552654,9.233438943519186,9.244890181711364,9.257247295147204,9.270581945227581,9.28497146232224,9.300499294232544,9.317255490131895,9.335337222790457,9.354849352112975,9.375905033257952,9.398626372865163,9.423145137197361,9.449603516303263,9.478154948633698,9.508965010893526,9.542212378290168,9.578089860748012,9.616805521098385,9.658583881730321,9.703667226700297,9.75231700685279,9.804815356100766,9.861466727659996,9.92259965972653,9.988568680837412,10.05975636596457,10.136575555265864,10.219471748360446,10.308925688013147,10.405456148210911,10.509622942799174,10.622030172124871,10.743329726512535,10.874225066888885,11.015475304478073,11.167899603223502,11.332381930463123,11.50987618340415,11.701411721121875,11.908099334158386,12.131137686334506,12.371820266126193,12.63154288791163,12.911811786584202,13.214252352467694,13.540618557183922,13.89280312513071,14.272848509553137,14.682958736858271,15.125512187860103,15.603075390076686,16.11841790106638,16.674528369118974,17.274631864446988,17.922208581391764,18.62101402011093,19.3751007647946,20.188841984716845,21.06695679442012,22.014537620111174,23.037079730981294,24.140513106716803,25.331236826012514,26.61615617551927,28.00272269443067,29.498977386937117,31.11359735314389,32.85594610887325,34.736127886161135,36.7650462293423,38.95446722652814,41.317087743161544,43.86660905334114,46.6178162959085,49.58666421607219,52.790369689792584,56.24751156748548,59.97813841605089,64.00388478403559,68.34809666416643,73.03596688082942,78.09468118762605,83.55357592224871,89.44430813293934,95.80103916312294,102.66063275885189,110.06286884791781,118.05067423037286,126.67037151827152,135.9719477682761,146.00934436497198,156.84076983597305,168.52903741288694,181.14192929570777,194.7525897330723,209.43994919791425,225.28918211838015,242.39220081847068,260.8481885328454
0.7291935483870967,9.109120158012026,9.1107368961642,9.112481529687882,9.114364176010953,9.11639575292191,9.118588041884195,9.120953756359135,9.123506615533778,9.126261423881108,9.129234157014114,9.132442054331555,9.135903718992722,9.139639225800963,9.143670237621649,9.148020131009702,9.152714131775246,9.1577794612736,9.16324549426795,9.16914392928026,9.175508972418314,9.182377535745,9.189789451340243,9.19778770229705,9.206418671991292,9.215732413070873,9.225782937724281,9.236628530911936,9.24833208837692,9.260961481395425,9.274589950382273,9.289296529634289,9.305166505674869,9.32229191185795,9.340772062099932,9.360714126834994,9.382233754534198,9.405455742392963,9.430514760076722,9.45755613072229,9.486736673724533,9.518225614196261,9.552205564376024,9.588873582675639,9.62844231650971,9.671141235535162,9.717217962453216,9.766939709092007,9.82059482609857,9.878494475227788,9.940974433926716,10.008397042679988,10.08115330640968,10.159665162116301,10.244387925911532,10.335812933633326,10.434470390356422,10.5409324453224,10.655816510120218,10.779788839358492,10.913568394592398,11.057931013910315,11.213713911357264,11.381820532284392,11.563225792777304,11.75898173354282,11.970223621036693,12.19817653120822,12.444162454036077,12.70960796004976,12.996052473290366,13.305157198681405,13.638714755576235,13.998659573344522,14.387079109280814,14.806225953888205,15.2585308937377,15.74661700765894,16.27331487801201,16.841679005258335,17.45500552102871,18.11685130241793,18.83105459836281,19.60175728772986,20.433428898202248,21.33089252526656,22.299352801618472,23.344426079196708,24.472172998884623,25.689133636763597,27.002365430743307,28.419484107515302,29.948707847174425,31.598904941626103,33.37964522315778,35.3012555614144,37.37487975061019,39.612543134268186,42.02722234225141,44.63292054449686,47.44474865785455,50.47901297695843,53.753309737309,57.286627158948995,61.099455562496026,65.2139061961089,69.65383946248019,74.44500328946299,79.61518244676184,85.1943596745994,91.21488955876744,97.71168616039279,104.72242548851294,112.287763989632,120.4515743213153,129.26119977711247,138.76772883826007,149.0262914443373,160.0963787009954,172.042187878802,184.9329947039027,198.8435550994793,213.85453870776925,230.05299670671033,247.53286663416188,266.3955171472583
0.7370967741935484,9.109565571542108,9.111217545040418,9.11300020127512,9.114923878174501,9.11699973147065,9.11923979939365,9.1216570724836,9.12426556892525,9.127080415842194,9.13011793702206,9.133395747581424,9.136932856119438,9.140749774952612,9.144868639070019,9.149313334498794,9.15410963682435,9.159285360668655,9.164870520993436,9.170897507163772,9.177401270781546,9.184419528378067,9.19199298014137,9.2001655459467,9.208984620058999,9.218501345984574,9.22877091306592,9.239852876539812,9.251811502914862,9.264716142671551,9.278641632446275,9.29366872903188,9.309884577711717,9.327383217643403,9.346266127223341,9.366642812594886,9.388631442713391,9.412359534651246,9.43796469311755,9.465595408481375,9.495411917926969,9.527587134735372,9.562307651082017,9.599774820166294,9.640205923949097,9.683835433270916,9.730916367658754,9.781721762708232,9.836546253551191,9.895707783592162,9.959549448423573,10.028441485613353,10.102783421904473,10.183006390278633,10.269575630321263,10.362993186387666,10.463800819217024,10.572583147878431,10.689971040268423,10.816645271820502,10.953340473641953,11.100849392971254,11.260027490659926,11.431797902336625,11.617156792019681,11.817179129219756,12.033024923029544,12.265945949347445,12.517293010241563,12.788523767546291,13.08121119611418,13.397052705739517,13.737879984648568,14.105669621636824,14.502554568450366,14.930836508882571,15.392999206317155,15.891722907124569,16.429899883443593,17.010651205489033,17.637344840658667,18.31361518440785,19.043384136164843,19.83088384252008,20.680681239592353,21.597704536908026,22.587271796388183,23.655121772187798,24.80744719024062,26.05093066051003,27.39278343021261,28.840787202753752,30.40333926489236,32.08950118383385,33.90905135665309,35.87254171678656,37.99135892644008,40.277790409772365,42.74509560978583,45.407582882149796,48.28069247186951,51.38108605399108,54.726743357598274,58.3370664334335,62.23299216980469,66.43711370927188,70.9738114702246,75.8693945331641,81.15225321160948,86.85302369241046,93.0047657002407,99.64315421657744,106.80668636497705,114.53690466240629,122.87863793130295,131.8802612694538,141.59397658529753,152.0761153255259,163.38746515054868,175.59362245227098,188.76537275848787,202.9791012299303,218.31723563050005,234.86872433955062,252.72955217829173,272.00329704167535
0.7449999999999999,9.11001578658484,9.111703375262984,9.113524464089966,9.11548961387147,9.11761022084819,9.119898582784801,9.122367970287053,9.12503270376059,9.127908236457783,9.131011244094216,9.134359721554508,9.137973087248316,9.141872295721699,9.146079959176934,9.150620478605486,9.155520185294645,9.16080749352847,9.166513065368596,9.172669988470545,9.179313967966774,9.186483533529252,9.194220262812411,9.202569022572346,9.211578228860585,9.221300127801443,9.231791098581326,9.24311198040717,9.255328425330221,9.2685112789814,9.28273699142632,9.298088060522787,9.314653510352054,9.332529407498596,9.35181941817261,9.372635409406392,9.395098097811342,9.419337749658194,9.445494936340731,9.473721349604476,9.50418068126847,9.537049572542294,9.572518638444096,9.610793573261017,9.65209634346332,9.69666647499082,9.744762442377395,9.796663167770053,9.852669638536232,9.913106652840746,9.97832470331582,10.048702009748443,10.124646712573274,10.206599239891792,10.295034861744414,10.390466446448018,10.493447434982848,10.604575050676816,10.724493762799488,10.853899024149909,10.993541304310924,11.144230441956697,11.306840341449817,11.482314040960356,11.671669181493243,11.876003908534749,12.096503240537176,12.334445941167996,12.591211935170723,12.868290310837477,13.16728795549525,13.489938874079357,13.838114244829637,14.213833270420691,14.619274887451603,15.056790402199837,15.528917125917184,16.038393088743984,16.58817291757472,17.181444969959585,17.821649823412482,18.512500227357133,19.258002633426376,20.062480428983154,20.930599008609615,21.867392828968875,22.878294603945314,23.969166809380393,25.14633568011307,26.416627896485558,27.787410173070654,29.266631979204718,30.86287163907135,32.58538607867667,34.44416450820583,36.44998635106986,38.61448375557863,40.950209051750655,43.47070754444697,46.190596064963,49.125647736605586,52.29288344581951,55.71067054931421,59.39882938960402,63.378748236659256,67.67350732222978,72.30801268613243,77.30914061069721,82.70589348096856,88.52956797451952,94.81393655623698,101.59544333059678,108.9134153872072,116.8102908652476,125.33186505938693,134.5275559943909,144.4506910085278,155.15881600772042,166.71402918385812,179.18334113256032,192.6390634587701,207.15922812377121,222.82803996549004,239.73636501632052,257.98225745031414,277.67152821558375
0.7529032258064515,9.110470803140315,9.112194386831998,9.11405431813254,9.116061383101998,9.1182272210547,9.120564392057837,9.123086449769717,9.12580802004006,9.12874488572818,9.131914078230933,9.135333976251216,9.139024412379829,9.143006788108776,9.147304197943035,9.15194156333052,9.156945777186996,9.16234585985405,9.168173127394592,9.174461373201927,9.181247063975565,9.188569551200372,9.196471299355473,9.204998132176433,9.214199498398882,9.224128758524758,9.234843494274294,9.246405842518392,9.258882855628075,9.272346890330844,9.28687602732919,9.302554524114841,9.319473303604926,9.33773048143396,9.35743193495976,9.37869191728335,9.401633719843979,9.426390387432116,9.453105489767287,9.481933954115712,9.513042963776675,9.546612927648654,9.582838526498401,9.621929842001046,9.664113575099375,9.709634360748321,9.758756186669828,9.811763924346245,9.868964981131484,9.93069108306132,9.997300198702279,10.069178615196218,10.146743178540342,10.230443711094514,10.320765620335392,10.41823271398566,10.523410237843187,10.636908153925953,10.75938467794188,10.891550096596054,11.034170886870111,11.188074161159234,11.354152464041293,11.533368948491288,11.726762961554137,11.935456071862943,12.160658573951697,12.40367650707622,12.665919229240743,12.948907590347188,13.254282751859222,13.58381570412271,13.93941753653103,14.32315052009054,14.737240066654257,15.184087634177116,15.666284652834085,16.18662755276437,16.74813398059527,17.354060298794654,18.00792046934223,18.713506431238578,19.474910090035152,20.296547046917055,21.18318220495873,22.139957401058318,23.172421223802775,24.286561190191676,25.488838467825378,26.786225343923082,28.186245658464344,29.697018435934705,31.327304968704038,33.08655962508064,34.98498467668346,37.0335894630815,39.244254236801325,41.62979905894548,44.20405814495273,46.98196009163818,49.979614450756266,53.2144051511364,56.705091311155726,60.471916026172096,64.53672376178959,68.9230870337359,73.6564431089849,78.7642415208753,84.276103253687,90.2239925198119,96.64240212568116,103.5685535014166,111.04261255421127,119.10792259720645,127.81125570466071,137.20308395106002,147.33787210712947,158.27439349014108,170.07607080018477,182.81134391897112,196.5540668040891,211.38393578037912,227.38695171215235,244.65591873646792,263.2909824497103,283.40021066849613
0.7608064516129032,9.110930621208619,9.112690579747566,9.114589763402964,9.116639185866232,9.118850732090346,9.121237227212953,9.123812510931815,9.126591517763918,9.129590363653687,9.132826439432563,9.136318511671957,9.140086831514454,9.144153252114398,9.148541355368963,9.153276588674645,9.158386412502274,9.163900459646403,9.1698507070726,9.17627166135928,9.183200558809498,9.190677581393258,9.19874608977268,9.207452874761424,9.216848428676743,9.226987238157824,9.237928100148647,9.24973446287791,9.262474793813546,9.276222976725807,9.291058740161727,9.307068119815943,9.324343957479448,9.342986439460006,9.363103677596904,9.384812336239706,9.40823830882734,9.433517447991443,9.460796353418381,9.490233222039349,9.521998765479372,9.556277200086246,9.59326731528125,9.633183626427817,9.676257618904444,9.722739090597075,9.77289760059694,9.827024032505776,9.885432281414893,9.94846107434179,10.016475934681836,10.089871302067637,10.16907281992983,10.254539804025299,10.346767906248209,10.446291989171256,10.553689227986466,10.669582457833037,10.794643785922469,10.92959848940621,11.075229221587701,11.232380550868184,11.401963858744685,11.584962625260227,11.782438132552636,11.995535619572536,12.225490923657059,12.473637647469033,12.74141489285798,13.030375606487,13.342195585617945,13.678683196276047,14.041789860147508,14.433621371022515,14.856450106408454,15.312728205130746,15.805101787342412,16.336426299410473,16.909783072672308,17.528497192096097,18.19615677847756,18.916633796003385,19.694106505858606,20.533083696101183,21.43843082832801,22.415398252771826,23.469651655462773,24.60730491403151,25.834955552697338,27.159723002055816,28.589289885545004,30.13194657201881,31.79663925279588,33.59302182198886,35.531511860974504,37.62335105166358,39.880670368912206,42.316560430131155,44.94514741005597,47.781674960914636,50.84259261305492,54.145651168676345,57.710005641865244,61.55632634189392,65.70691874397113,70.18585284258968,75.0191027376096,80.23469726255753,85.86288252865846,91.93629732721827,98.49016240754256,105.56248472804636,113.19427786503962,121.42979985737465,130.3168098662575,139.9068451386357,150.25551988031805,161.42284777204372,173.47358999882377,186.47763081083664,200.5103827938153,215.65322419916023,231.9939708699278,249.62738549946653,268.6557271759857,289.18934439994814
0.7687096774193547,9.111395240789847,9.113191954009798,9.115130799901365,9.117223022164314,9.119480753955298,9.121917088250346,9.124546153773576,9.127383196932433,9.130444670234613,9.133748327699466,9.13731332781715,9.141160344652675,9.145311687739124,9.149791431455373,9.154625554638619,9.159842091241355,9.165471292906547,9.1715458044038,9.178100852943977,9.185174452470166,9.192807624109761,9.201044634066173,9.2099332503298,9.219525019697047,9.229875566703974,9.241044916208248,9.25309784149019,9.266104239891797,9.280139538172254,9.295285129930827,9.311628847634058,9.329265471984806,9.348297281587326,9.368834646096243,9.390996666289507,9.41491186477758,9.44071893135473,9.46856752731531,9.498619153399801,9.531048086404521,9.566042389887038,9.603805004829148,9.644554926582948,9.688528474925912,9.735980664590919,9.787186684219803,9.842443492317777,9.902071539464552,9.966416626770163,10.035851911353433,10.110780070473636,10.191635636865762,10.278887518822387,10.373041719636442,10.474644272174823,10.584284405600183,10.702597962604022,10.830271086966484,10.968044202825538,11.116716308729206,11.277149611369538,11.450274525866243,11.637095071593048,11.838694694833123,12.056242552024754,12.29100029002908,12.54432936273393,12.817698926418021,13.112694359656313,13.431026457169635,13.774541350930738,14.145231216057308,14.545245823574879,14.976905007045195,15.442712115356857,15.945368529695674,16.48778932888542,17.073120193951002,17.70475564994395,18.386358750826812,19.121882321582355,19.9155918807451,20.772090376297673,21.696344878390732,22.693715383692467,23.769985898418103,24.93139798030371,26.184686934046287,27.53712087011837,28.996542853469286,30.571416386541532,32.27087449036577,34.104772668361825,36.083746059988755,38.21927111568314,40.523732150743655,43.010493164113505,45.69397533854382,48.58974067156849,51.71458222227388,55.08662149721467,58.72541354022726,62.65206033556898,66.88933318202331,71.46180474763494,76.39599157087856,81.72050783464748,87.4662313048207,93.66648239571256,100.3572174008331,107.57723700953696,115.36841131878299,123.7759226448831,132.84852754334858,142.6388395563292,153.20363432734408,164.60417885271758,176.90658677910224,190.18220180752093,204.5080114273482,219.96709337954871,236.64909743828338,254.6507653048152,274.0764916286693,295.038929409498
0.7766129032258063,9.111864661884093,9.113698509618798,9.115677427627867,9.117812891996392,9.120117286649721,9.122603975170207,9.12528737829523,9.128183057545868,9.13130780547127,9.134679743031999,9.13831842468721,9.142244951794979,9.146482094983522,9.151054426202924,9.155988461223204,9.161312813405129,9.167058359635519,9.173258419389393,9.17994894795741,9.187168744959182,9.194959679351749,9.203366932238124,9.212439258884073,9.222229271462698,9.232793744166575,9.24419394245699,9.256495978359737,9.269771193868044,9.284096574676209,9.299555196643444,9.31623670757721,9.334237847130263,9.353663007826595,9.37462484047007,9.397244907446897,9.421654387710959,9.447994837540659,9.476419011479502,9.50709174822163,9.540190926580232,9.57590849708316,9.614451595178776,9.656043742508247,9.700926143211344,9.749359082783885,9.801623437599671,9.858022303851547,9.918882755358695,9.984557740434546,10.055428128816047,10.131904920525105,10.214431629472015,10.30348685562373,10.399587060653202,10.503289563165689,10.615195770870887,10.735954668443565,10.866266581297463,11.006887237097029,11.158632148557405,11.32238134294591,11.499084465708096,11.689766287810658,11.895532648734058,12.117576869573847,12.357186673435445,12.615751653249033,12.894771330305778,13.195863850242468,13.52077536689906,13.871390168463309,14.24974160462247,14.65802387808842,15.098604768876855,15.574039365131993,16.087084880127023,16.640716641371483,17.238145344555523,17.882835672397462,18.578526386378083,19.329252007887046,20.13936621452519,21.01356708725267,21.956924354806443,22.9749087933922,24.07342395215346,25.25884038840724,26.538032611188253,27.91841894734772,29.408004561400087,31.01542787859747,32.75001068044659,34.6218121631778,36.64168727265738,38.821349654032076,41.17343958115612,43.711597259729324,46.45054192923706,49.406157222411785,52.59558327722337,56.037316135566215,59.75131500506717,63.75911800603843,68.08396707480787,72.75094274775817,77.78710960770658,83.2216732360912,89.08614958115353,95.41454772431031,102.24356710460536,109.6128103449792,117.56501291457089,126.14629095890032,135.40640873514135,145.39906720338658,156.18221544749184,167.8183867314843,180.37506114037822,193.92505690841725,208.54695270411557,224.325543321005,241.3523314167115,259.72605815203667,279.55327580731296,300.94896569672505
0.784516129032258,9.112338884491447,9.114210246574679,9.116229646582596,9.118408795362614,9.12076033017379,9.123297887972743,9.126036184497009,9.128991099604498,9.132179769363967,9.135620685430531,9.139333802282565,9.143340652941857,9.147664473848165,9.152330339612277,9.157365308429176,9.162798578994492,9.168661659834353,9.174988552030582,9.181815946400976,9.189183436278167,9.197133747121102,9.205712984290708,9.21497090042677,9.224961183976626,9.235741770549016,9.2473751788988,9.259928873491093,9.273475655747532,9.288094086243742,9.30386894030659,9.320891699653492,9.339261082925145,9.359083618188563,9.380474260730763,9.403557059726117,9.428465877643848,9.455345166568025,9.484350805932518,9.515651006529536,9.549427286034765,9.585875521706912,9.625207086366984,9.667650074245692,9.713450623808484,9.762874345230173,9.816207860797958,9.873760467176531,9.935865929175662,10.002884415423114,10.075204587168663,10.153245852332857,10.23746079787228,10.328337814566948,10.426403929451098,10.532227862312451,10.646423323984115,10.769652575554984,10.9026302691372,11.046127592461454,11.200976741332303,11.368075745876483,11.548393678568198,11.74297627422894,11.952951994587938,12.17953857256707,12.42405007423571,12.687904519383133,12.972632104895537,13.279884078620867,13.611442315177694,13.969229649235661,14.355321026189115,14.771955534886814,15.221549392197643,15.706709954713629,16.2302508388499,16.795208237030863,17.404858524589873,18.062737259495982,18.772659685100255,19.538742854810856,20.36542950701272,21.257513828697498,22.220169257222093,23.25897848143301,24.379965816146488,25.589632137737254,26.894992583438892,28.3036172329841,29.823675008507223,31.463981047291885,33.234047822085536,35.144140305432984,37.20533549793295,39.42958666562687,41.829792659037665,44.41987271584578,47.21484718098924,50.23092461229146,53.485595776750294,56.99773508258393,60.787710035249546,64.87749935218355,69.29082042122718,74.05326684188672,79.19245684704927,84.73819346587531,90.72263735667681,97.18049331206637,104.14921151795049,111.66920473350133,119.78408265156928,128.5409047986301,137.9904534408773,148.1875280790866,159.1912632400769,171.06547140769533,183.87901308203817,197.70619611294617,212.62720662357077,228.72857402301418,246.10367280472752,264.8532640406754,285.0860797114889,306.9194532612281
0.7924193548387096,9.112817908612007,9.114727164877547,9.116787456765683,9.119010732263126,9.121409884527678,9.123998826658154,9.126792572379147,9.129807323108592,9.133060561913025,9.136571154895428,9.140359460603637,9.14444744809381,9.148858824333628,9.153619171684106,9.158756096257308,9.164299388010347,9.170281193504103,9.176736202328588,9.183701848276089,9.191218526428763,9.19932982741972,9.20808279022613,9.217528174960446,9.22772075724179,9.238719645854722,9.25058862553764,9.263396526888842,9.277217625535561,9.292132072880973,9.308226360927328,9.325593823871053,9.344335179378854,9.36455911268406,9.386382906890793,9.40993312314151,9.435346334592726,9.462769918455745,9.49236291069605,9.524296928348356,9.558757164796535,9.595943463790745,9.636071478430786,9.679373921837431,9.726101916765247,9.776526451984155,9.830939953876232,9.889657982362305,9.953021060993905,10.021396651824103,10.095181286510265,10.174802866007616,10.260723142190043,10.353440395789319,10.453492326182197,10.561459169782951,10.67796706512436,10.80369168414022,10.939362150705705,11.085765269157319,11.243750087311076,11.414232820436975,11.598202164740295,11.796725031158743,12.010952732721298,12.242127661344682,12.491590492781336,12.76078796149574,13.051281250551067,13.364755045155118,13.70302730236393,14.068059793595346,14.461969481087802,14.887040794277052,15.34573887728409,15.840723884340791,16.374866406058725,16.951264116006428,17.573259734138766,18.244460411259936,18.96875864694403,19.750354862230107,20.59378175800599,21.503930600349793,22.486079585273234,23.545924447368098,24.689611489868945,25.923773227686162,27.255566850114448,28.692715726271814,30.243554193968144,31.91707589174124,33.72298591434457,35.67175709414174,37.77469073478949,40.04398214940856,42.4927913833037,45.135319531359904,47.986891092686065,51.064042840088554,54.38461971973727,57.9678783371578,61.834598629677025,66.0072043729243,70.50989322022276,75.36877702898722,80.61203328790148,86.27006852302544,92.37569463044885,98.96431915807334,106.07415063999657,113.74642017426767,122.02562052897905,130.95976416331004,140.6006616598305,151.00422218273945,162.2307777044448,174.34543288073093,187.41844260349617,201.5256194205545,216.74877318519196,233.176185485085,250.90312160186932,270.0323829702972,290.6749033407895,312.9503921026248
0.8003225806451612,9.113301734245868,9.115249264527517,9.117350858177256,9.11961870269808,9.12206594971156,9.12470679122664,9.12755654194188,9.130631728058425,9.133950183118762,9.137531151427062,9.141395399650865,9.145565337251337,9.150065146440495,9.154920922419086,9.160160824708393,9.165815240453608,9.171916960645826,9.17850137028464,9.185606653584175,9.193274015412623,9.201547920249528,9.210476350046617,9.220111082487675,9.230507991261172,9.241727370087148,9.253834282377504,9.266898938557599,9.28099710323747,9.296210534594065,9.312627458512777,9.330343080238109,9.349460136500856,9.370089491323991,9.39235077896271,9.41637309770751,9.442295758574176,9.47026909322285,9.500455325791911,9.533029513703074,9.568180562894101,9.606112323367267,9.647044771407353,9.691215285325782,9.738880022129713,9.790315403100356,9.84581971689621,9.90571484947857,9.97034815089196,10.040094449725785,10.115358226939804,10.196575961659988,10.284218662548556,10.378794599427735,10.480852250998005,10.590983485744223,10.709826994475039,10.838071994399781,10.976462226221152,11.125800267420818,11.286952186748035,11.46085256689958,11.648509924513883,11.851012558905836,12.069534863454674,12.305344136239956,12.559807929415712,12.834401979937136,13.130718767625712,13.450476750197158,13.795530328803252,14.16788060187579,14.569686969633823,15.00327965654982,15.471173224395534,15.976081154234583,16.520931581929528,17.108884278422465,17.743348973268432,18.428005127691726,19.16682327184285,19.964088030005072,20.824422967288765,21.752817401914626,22.7546553385851,23.835746690742898,25.002360972787688,26.261263657644555,27.619755410532626,29.08571442645997,30.66764211696855,32.37471241107368,34.21682495630068,36.20466252833672,38.34975298222235,40.66453610434241,43.16243575289652,45.85793770519802,48.766673663244575,51.905511904717216,55.29265510510152,58.94774589821365,62.89198078728895,67.14823306721802,71.7411854707738,76.69747330806409,82.04583892929564,87.81729840660432,94.04532140156469,100.76602526145987,108.01838446990692,115.8444566664767,124.28962654603424,133.40286905220972,143.23703339130597,153.84914951368503,165.3007588399696,177.65827114999857,190.99334970419213,205.38332683071351,220.91165238848095,237.66837770674815,255.75067780769567,275.26341494048745,296.3197466948259,319.04178222055026
0.8082258064516128,9.113790361393125,9.115776545524698,9.117919850817444,9.120232706667627,9.122728525725613,9.12542178167841,9.128328093185448,9.131464314454275,9.134848632981502,9.138500675025806,9.14244161942468,9.146694320414944,9.151283440169356,9.156235591817902,9.161579493783218,9.167346136325193,9.17356896126059,9.180284055899977,9.187530362326674,9.195349903231415,9.203788025612452,9.212893663754407,9.222719623011054,9.233322886037778,9.24476494324977,9.257112149422417,9.270436108502025,9.284814088858639,9.300329471389235,9.317072233070112,9.33513946876293,9.35463595430069,9.375674754119345,9.398377876959158,9.422876983438648,9.449314149604886,9.477842690888485,9.508628051242042,9.541848762618791,9.577697480356164,9.616382100469236,9.658126965334022,9.703174164753213,9.751784939950117,9.80424119863345,9.860847149919744,9.92193106859514,9.987847198948439,10.058977809216461,10.135735408556188,10.218565139400447,10.307947359070816,10.404400425618679,10.508483704049427,10.62080081036247,10.742003112218443,10.872793506532721,11.013930495899844,11.166232587485792,11.33058303989457,11.507934985532946,11.699316958174176,11.905838857770897,12.128698387102611,12.36918799757918,12.628702384474183,12.908746575048442,13.21094465646248,13.537049194087412,13.888951394828455,14.26869207439658,14.678473492127543,15.120672121979906,15.5978524337746,16.11278176459879,16.668446366620618,17.268068724385422,17.915126242027444,18.613371408776587,19.36685355971391,20.17994235798096,21.057353134631366,22.004174233085518,23.02589651677363,24.128445211096125,25.31821426436564,26.60210342700209,27.987558264013348,29.482613332803197,31.09593877670295,32.83689060442943,34.715564947046154,36.74285660706896,38.93052223924821,41.29124852941769,43.838725766784904,46.58772723631511,49.554194891612454,52.7553318051239,56.20970193179394,59.93733776471194,63.959856507060124,68.30058543405798,72.98469717189566,78.03935567815793,83.49387377030024,89.37988311571048,95.73151766915448,102.58561162138913,109.98191300687839,117.96331420935972,126.57610070200073,135.87021946462949,145.89956863463817,156.72231007129142,168.40120664605251,181.00398621493164,194.60373438359073,209.27931834291815,225.1158442329618,242.20515068755583,260.6463414217854,280.54635995085073,302.0206097732268,325.19362361465693
0.8161290322580644,9.114283790053879,9.116309007869207,9.11849443468638,9.120852744171925,9.123397612570013,9.126143798013672,9.129107226110094,9.132305082296423,9.135755911501567,9.139479725692043,9.143498119925525,9.147834397585143,9.152513705520803,9.157563179881242,9.16301210348259,9.168892075626037,9.175237195349478,9.182084259175852,9.189472974505037,9.197446189886824,9.206050143510447,9.215334731351764,9.2253537965332,9.23616544157464,9.2478323653461,9.26042222667644,9.274008036726809,9.288668582404494,9.304488883272747,9.32156068460656,9.339982989453857,9.359862632787962,9.381314901081177,9.404464200892855,9.429444780349549,9.456401507701647,9.485490711471906,9.516881087068501,9.550754675120752,9.58730791721156,9.626752795129555,9.669318060248271,9.715250560162348,9.76481667027484,9.818303838638258,9.876022253008804,9.93830663978192,10.005518205242014,10.078046730384433,10.15631283145826,10.240770399339297,10.331909231879537,10.430257874498194,10.536386685486733,10.650911143803029,10.774495418535707,10.907856220736583,11.051766959956174,11.207062229583691,11.37464264699913,11.55548007660213,11.750623266002084,11.961203928049486,12.188443303973648,12.433659245681673,12.698273858284084,12.983821747161679,13.291958917394158,13.62447237715493,13.98329050075981,14.370494211463697,14.788329048854719,15.239218190826593,15.725776505647659,16.250825715620387,16.817410760273194,17.428817453984585,18.08859154044747,18.800559254483456,19.56884951045899,20.39791784598886,21.292572259791598,22.258001093545417,23.29980311944645,24.424020007960678,25.637171364062677,26.94629253514833,28.358975409879516,29.883412444562207,31.528444172375114,33.30361047096112,35.21920588568872,37.286339329407866,39.5169985049049,41.92411942364737,44.52166142396362,47.324688123694244,50.34945477676722,53.61350254028637,57.13576019879794,60.93665393564671,65.03822578799954,69.46426147247207,74.2404283226386,79.39442413834418,84.95613781001833,90.95782264947654,97.43428343238199,104.42307823705701,111.96473625013991,120.10299280217907,128.88504299617432,138.36181539989863,148.58826738918944,159.62370385495353,171.5321211221203,184.3825780749879,198.24959664117975,213.2135939566853,229.36134871817939,246.78650442707988,265.5901124437362,285.8812180010093,307.7774925756379,331.40591628461243
0.8240322580645161,9.114782020228224,9.116846651561154,9.119074609784198,9.121478815211123,9.124073210244944,9.12687284023263,9.129893940716057,9.133154031585153,9.136672018679292,9.140468303426152,9.144564901153842,9.148985568762452,9.153755942495437,9.158903686609802,9.16445865380731,9.170453058357074,9.176921662913575,9.183901980113527,9.191434490120727,9.199562875380547,9.208334273945484,9.217799552840965,9.22801360305676,9.239035657874817,9.250929636379679,9.263764514143666,9.277614723236685,9.292560583880494,9.308688770250912,9.326092813129403,9.344873642319284,9.365140171972342,9.387009932220623,9.41060975077661,9.436076488454924,9.46355783288135,9.493213154992482,9.52521443329347,9.559747251234324,9.597011873489262,9.637224407381265,9.68061805618772,9.727444471595954,9.777975213152407,9.832503323169721,9.89134502622548,9.954841563108912,10.023361169851405,10.097301213317996,10.177090495744778,10.263191741586667,10.356104281097123,10.456366946201861,10.564561195459532,10.681314486230326,10.807303913606773,10.943260137207373,11.089971618602572,11.24828919394352,11.419131008307163,11.603487840368564,11.80242884827417,12.017107770032027,12.248769614370316,12.498757880859797,12.768522351164796,13.059627496599852,13.37376155074342,13.712746299717555,14.078547646905307,14.4732870133698,14.89925364008683,15.358917863334058,15.854945440225318,16.390213007470113,16.967824763011986,17.591130467292803,18.26374486854409,18.989568664765798,19.77281112396538,20.61801449384668,21.530080342515685,22.514297982967648,23.576375146203784,24.722471080864533,25.959232271336443,27.29383098147346,28.734006847457618,30.288111761004384,31.965158303198507,33.77487200983408,35.72774777135176,37.83511069444127,40.109181778251205,42.5631487860678,45.21124272345302,48.06882036634596,51.15245331771548,54.4800241092129,58.07082990512856,61.945694410044375,66.1270886291492,70.63926118152158,75.50837892208631,80.76267868773175,86.43263104758614,92.55111700706784,99.15361869044301,106.2784251076909,113.96685419895104,122.2634924442267,131.21645342787963,140.8776568573741,151.30312965434877,162.5533308640919,174.69350226762413,187.79404672964853,201.93093647646936,217.18615367155306,233.6481658436987,251.412438924911,270.58199087316353,291.267989090602,313.5903951017207,337.6786602300995
0.8319354838709676,9.115285051916262,9.117389476600659,9.119660376111032,9.122110919785381,9.124755318750585,9.127608908335501,9.130688237003586,9.134011162320746,9.137596954515004,9.14146640822852,9.14564196311008,9.150147833947388,9.15501015109386,9.160257112004286,9.165919144758199,9.17202908451925,9.178622363953979,9.185737218714275,9.193414909175225,9.201699959714297,9.210640416919544,9.220288128224311,9.230699042584392,9.241933534941392,9.254056756354066,9.267139011828219,9.281256168036418,9.296490093292151,9.312929132330083,9.330668618645973,9.349811427367662,9.370468571863572,9.392759847548893,9.416814526623313,9.442772107769581,9.470783125160983,9.501010021469686,9.533628089939242,9.568826490984996,9.606809349218377,9.64779693725755,9.69202695319014,9.739755899096938,9.791260568631477,9.846839652282913,9.906815469631963,9.971535838646183,10.041376092855362,10.116741258105424,10.1980684015144,10.285829166252478,10.380532506845647,10.48272764086477,10.593007234116747,10.712010837807862,10.840428597610357,10.97900525613951,11.12854447204949,11.289913480791826,11.464048124061103,11.651958277090028,11.854733705262648,12.073550384003807,12.309677318589145,12.564483903418987,12.839447863427775,13.136163823677013,13.456352556822935,13.801870962082065,14.174722833560843,14.577070480394484,15.011247266081405,15.479771139731776,15.985359237702873,16.530943640303008,17.11968837494585,17.75500776436716,18.44058622631747,19.1803996395624,19.9787384001067,20.840232301359972,21.76987738253919,22.773064901016795,23.855612596639315,25.02379842933161,26.284396985643152,27.644718765369024,29.112652576078386,30.69671128140424,32.40608116839669,34.2506752202266,36.241190603174346,38.38917070127532,40.707072058366755,43.20833661573838,45.90746966429848,48.82012396330759,51.9631905134922,55.35489651094136,59.01491104983141,62.96445918696273,67.22644502958303,71.82558456029996,76.78854896935474,82.14411932546145,87.9233534821716,94.15976618768106,100.88952344256418,108.15165223254813,115.98826685260052,124.44481313482304,133.57033199646858,143.41774383643923,154.04415542953046,165.5111910981511,177.88535008203826,191.23839217841655,205.64775388899056,221.19699748707941,237.97629560910372,256.0829541806579,275.6219767096997,296.706673219284,319.45931735115164,344.01185545081546
0.8398387096774192,9.115792885118092,9.117937482987838,9.120251733667017,9.122749057894856,9.12544393808712,9.128352002322497,9.131490114972927,9.134876474503496,9.13853071900904,9.142474040099536,9.146729305794691,9.151321193140479,9.156276331316684,9.161623456065403,9.167393576336078,9.173620154113523,9.1803392984718,9.187589974979382,9.19541423167002,9.2038574428898,9.212968572434628,9.222800457504123,9.233410115118783,9.244859072777471,9.257213725272862,9.270545719734255,9.284932371130813,9.300457110645013,9.317209969516668,9.335288101163659,9.354796344607507,9.375847832471454,9.398564647077269,9.423078528445929,9.449531638308416,9.478077384557636,9.508881310923098,9.542122057028228,9.577992394398386,9.61670034442814,9.658470384791718,9.703544751293428,9.752184842708342,9.804672736760839,9.861312826033018,9.92243358329054,9.988389466463866,10.059562974332655,10.136366864834944,10.219246548865655,10.308682673446436,10.405193909246833,10.50933995862149,10.621724801606579,10.743000198698168,10.873869470723909,11.015091577725816,11.167485520505348,11.331935090352646,11.509393994500327,11.700891387020624,11.907537837235346,12.130531770244957,12.37116641692067,12.630837313657775,12.911050395376623,13.213430728698361,13.539731935935507,13.891846364544357,14.271816061010446,14.681844612804554,15.124309927082363,15.6017780202349,16.117017898260784,16.67301761425894,17.27300159616837,17.920449345249644,18.619115613753163,19.37305217879814,20.186631338743748,21.064571268322833,22.01196337958784,23.034301847349564,24.13751547034105,25.328002052882518,26.61266550643829,27.99895588622854,29.49491259507732,31.10921100504392,32.85121276720361,34.7310201013301,36.759534380311365,38.948519349034456,41.310669344351744,43.859682911741224,46.61034224556998,49.578598913642736,52.78166636316003,56.238119744538416,59.968003631981844,63.99294826548994,68.3362949884057,73.02323160793163,78.08093846359081,83.53874605070516,89.42830511297328,95.7837701905429,102.64199768800152,110.04275961091489,118.02897421040498,126.64695487331547,135.9466787013193,145.98207633650256,156.81134471417303,168.49728455659897,181.10766456485928,194.71561442081634,209.40004887829463,225.24612540284147,242.34573801399628,260.79805019394644,280.71006995299336,302.1972703867258,325.3842593236219,350.40550194647057
0.8477419354838709,9.116305519833816,9.118490670722805,9.12084868245229,9.123393229539705,9.126139068254734,9.129102122193832,9.132299574624332,9.13574996813369,9.139473312161739,9.143491199039593,9.147826929208133,9.152505646342254,9.157554483164523,9.163002718793864,9.168881948541776,9.175226267140854,9.182072466468155,9.189460248910146,9.197432457606611,9.2060353249088,9.215318740492759,9.225336540682735,9.236146820662638,9.247812271386188,9.26040054313969,9.273984637865963,9.28864333252471,9.30446163594467,9.321531281817116,9.339951260689897,9.35982839404739,9.381277953805858,9.4044243308171,9.429401756257512,9.456355080086412,9.485440611088492,9.516827023372405,9.550696334582952,9.587244961500224,9.626684859147906,9.669244750017215,9.715171450535612,9.764731302473336,9.818211717589397,9.875922844475326,9.938199367263577,10.005402446632147,10.07792181436206,10.156178033594728,10.240624937896948,10.331752263277995,10.430088488422026,10.536203899606049,10.650713898076479,10.774282569062777,10.907626533123587,11.051519102157453,11.206794764176504,11.374354022847477,11.555168619861124,11.750287170410754,11.9608412444557,12.188051929030458,12.43323690964944,12.697818111867823,12.98332994730713,13.29142821196032,13.623899688374172,13.982672507389594,14.369827329526487,14.787609410854284,15.238441623320323,15.724938505044667,16.249921422065118,16.816434929463128,17.427764426758472,18.087455209967775,18.799333030822737,19.567526282384748,20.39648993972522,21.291031394518665,22.256338333378363,23.29800882161557,24.422083766892065,25.635081951035296,26.94403783317731,28.35654234344811,29.880786903795222,31.52561093121353,33.30055309886391,35.21590665234934,37.28277910193346,39.51315663686127,41.91997363532672,44.517187673180736,47.31986046636158,50.34424521644055,53.6078808658084,57.129693809098626,60.93010765068389,65.03116164474345,69.45663850475151,74.2322023235708,79.38554740397126,84.9465588626642,90.94748593921888,97.4231290149088,104.41104142603922,111.9517472421047,120.0889762717078,128.86991765907717,138.34549354183477,148.5706543569965,159.60469750773785,171.5116112389254,184.36044571560453,198.2257134563921,213.18782144395152,229.33353741843422,246.75649305799539,265.5577269644185,285.8462706027084,307.7397805926117,331.36522101883565,356.8595997167881
0.8556451612903225,9.116822956063535,9.119049039805681,9.121451222466991,9.124043434720091,9.126840709253614,9.129859267949723,9.133116615958052,9.136631643211622,9.14042473397344,9.144517885049087,9.148934833350863,9.153701193553246,9.158844606638,9.164394900190391,9.170384261376128,9.176847423602212,9.183821867944166,9.191348040507867,9.199469586986517,9.208233605773053,9.217690921095965,9.227896377762503,9.238909159218686,9.250793130770699,9.263617209958198,9.277455766227565,9.292389052222985,9.308503669196746,9.325893069237921,9.34465809723218,9.364907575695941,9.386758935876719,9.410338898779818,9.435784210071187,9.463242433118635,9.49287280477083,9.524847158837394,9.559350922626042,9.596584192316358,9.636762893407155,9.680120032967608,9.72690705095485,9.777395278435206,9.831877511166168,9.890669707665227,9.95411282161352,10.02257477922125,10.096452613022345,10.176174764472876,10.262203568706513,10.355037935856348,10.455216244492165,10.563319463951903,10.67997452367312,10.8058579490622,10.941699784984229,11.088287829623908,11.246472203267231,11.417170278495254,11.601372000376678,11.800145627507089,12.014643927182744,12.246110860630118,12.49588879705403,12.76542629833395,13.056286519507339,13.370156273750625,13.708855814422344,14.074349390892394,14.468756639369886,14.894364874785701,15.35364235501295,15.84925259434878,16.38406980926801,16.96119558602665,17.583976866780947,18.25602535853526,18.981238477484517,19.76382195022151,20.608314202888526,21.519612679720957,22.503002243619214,23.5641858234581,24.709317485871217,25.9450381233061,27.278513965316197,28.717478136426955,30.270275501578585,31.945911059211536,33.75410216263313,35.705334872502426,37.81092476722708,40.08308256391637,42.53498493043226,45.18085089918324,48.036024325790855,51.1170628708152,54.44183402055294,58.02961870374368,61.9012231050694,66.079099323869,70.58747557778342,75.45249670640045,80.70237578970146,86.36755776056835,92.48089596016416,99.07784266006176,106.19665465598828,113.87861512545736,122.16827303587765,131.1137014915059,140.76677651744163,151.18347789737624,162.42421380970814,174.55417114464092,187.64369353381133,201.76868928470688,217.01107158554936,233.45923353346973,251.20856074073617,270.3619844917312,291.0305786585228,313.33420383663986,337.4022024365103,363.37414876150325
0.8635483870967741,9.117345193807356,9.119612590236589,9.122059353711256,9.124699673436176,9.127548861083948,9.130623439590389,9.133941238974343,9.137521499737591,9.141384984444487,9.145554098128416,9.150053018223348,9.154907834773999,9.160146701737743,9.165800000255713,9.171900514839981,9.178483623498577,9.185587502900974,9.19325334977387,9.201525619811262,9.210452285484324,9.2200851142463,9.230479968745806,9.241697130789676,9.253801650934182,9.266863725732065,9.28095910482331,9.296169530230546,9.312583210406917,9.330295331785628,9.349408610798045,9.370033889561848,9.392290778694033,9.416308350976914,9.442225889900163,9.470193697420243,9.500373965622018,9.532941717337952,9.568085821180237,9.60601008687275,9.646934447235484,9.691096233676578,9.738751552589413,9.790176770637359,9.84567011754028,9.905553415658199,9.970173946402875,10.039906464301426,10.11515537039225,10.196357057557398,10.283982441392421,10.378539691290404,10.480577177577773,10.590686651791914,10.709506678542379,10.837726338855894,10.97608922647931,11.125397760312964,11.286517837979677,11.46038385751231,11.648004136277027,11.850466758552562,12.068945885671084,12.304708565308605,12.559122079407071,12.83366187333418,13.129920112257613,13.449614914348432,13.794600314353948,14.166877015316986,14.568603990790356,15.002111004828853,15.469912122365269,15.974720288321794,16.51946306000811,17.107299584046967,17.74163891628707,18.426159790952596,19.1648319536842,19.961939182195984,20.822104128060474,21.750315123694026,22.75195511001137,23.832832852514827,24.999216626853883,26.257870569209846,27.61609390231213,29.081763264567932,30.663378387780067,32.37011138834505,34.21185995777795,36.19930476102101,38.34397137539446,40.65829712937824,43.15570322882879,45.85067258889661,48.758833822998476,51.89705187590517,55.28352582653474,58.937894427621515,62.88134999429718,67.13676130203976,71.72880620669201,76.68411475563123,82.03142362001437,87.80174274367468,94.02853517509178,100.74791112531118,107.99883737718567,115.82336326033771,124.26686450230764,133.378306370023,143.2105276275892,153.82054695711875,165.26989361958803,177.6249642732761,190.957408019036,205.34454190534203,220.86979930269354,237.62321374757647,255.7019410618692,275.2108227755564,296.26299412012855,318.98054011852156,343.495203576375,369.94914908036276
0.8714516129032257,9.117872233065379,9.120181322015645,9.12267307618523,9.125361945688121,9.128263523745927,9.131394637116053,9.13477344367346,9.138419537711892,9.142354063575228,9.146599838277986,9.151181483826054,9.156125570005052,9.161460768464377,9.16721801899056,9.173430708934184,9.18013486683094,9.187369371339722,9.195176176709479,9.203600556082389,9.212691364044405,9.222501319945835,9.233087313635034,9.244510735378377,9.256837831879844,9.270140090465,9.284494653657482,9.299984766552347,9.316700259580893,9.33473806946682,9.354202801395084,9.37520733565385,9.39787348226786,9.422332687419955,9.448726795757718,9.477208873006472,9.50794409365952,9.541110698894064,9.57690103026838,9.61552264519547,9.657199520662603,9.702173352177933,9.75070495547769,9.80307577912331,9.859589536760954,9.9205739685098,9.986382741694204,10.057397501942944,10.134030086550489,10.216724912936206,10.305961556052544,10.402257529688768,10.506171287798926,10.618305463258334,10.7393103628293,10.86988773860223,11.010794857780928,11.162848894410663,11.326931668513842,11.50399476011236,11.695065027789065,11.901250563786341,12.12374712017091,12.363845043325433,12.62293675697526,12.902524837139786,13.204230725830705,13.529804134024403,13.881133188433543,14.260255380917403,14.669369384026613,15.110847801202079,15.587250925570004,16.101341587125507,16.65610117441102,17.2547469236084,17.900750575315108,18.59785850720768,19.350113459355534,20.16187797818467,21.03785971505799,21.983138726193733,23.003196932248997,24.1039499084185,25.29178118941257,26.57357928826081,27.956777643623948,29.449397727277983,31.06009556175883,32.798211917930104,34.67382648357633,36.69781631715029,38.881918925653515,41.23880033244305,43.78212852969622,46.52665274148983,49.48828895714765,52.68421223087273,56.1329562829196,59.854520979905644,63.870488317552145,68.20414757845536,72.88063039069453,77.92705647050046,83.3726908941695,89.24911381126661,95.59040358331033,102.43333440999177,109.81758958899299,117.78599164613463,126.38475067041419,135.66373229407233,145.67674687174846,156.48186153572183,168.14173693690157,180.72399062438066,194.30158917085308,208.95327131789608,224.76400459500567,241.82547806039838,260.2366340210598,280.1042418155796,301.5435169872308,324.6787894379804,349.64422443817097,376.58460067312427
0.8793548387096773,9.11840407383771,9.120755235142973,9.12329238988905,9.126030251476095,9.128984697239742,9.132172860526937,9.135613230055665,9.139325757134827,9.143331971366013,9.147655105498202,9.152320230159457,9.157354399246955,9.162786806818545,9.168648956395677,9.174974843659596,9.181801153600292,9.189167473261566,9.197116521316035,9.205694395801448,9.21495084145509,9.224939538196647,9.235718412432602,9.247349972987585,9.259901673610917,9.273446304160736,9.2880624127344,9.303834761193364,9.320854816724419,9.339221282288129,9.359040669030941,9.380427913980744,9.403507046608322,9.428411908120575,9.455286927657214,9.48428795989264,9.515583188900886,9.549354103525811,9.585796549913416,9.625121867310702,9.667558113718336,9.713351388505583,9.76276725965818,9.816092303936674,9.873635768877506,9.93573136627566,10.002739207550112,10.075047892216078,10.153076761575726,10.23727833069709,10.328140912784551,10.42619145115972,10.531998575275239,10.646175898482767,10.76938557667808,10.902342148458471,11.045816679059767,11.20064123210128,11.367713695067549,11.548002986506473,11.742554675136489,11.952497043443827,12.17904763092798,12.423520294934972,12.687332830019391,12.972015190015327,13.279218360491821,13.610723933040818,13.968454436916465,14.354484487937647,14.771052819306595,15.220575264112272,15.705658764807895,16.229116490909327,16.793984152589726,17.403537604782624,18.061311843890877,18.771121507276362,19.5370829944209,20.363638338053637,21.255580963688768,22.218083486968123,23.256727710020108,24.37753699079759,25.587011173117517,26.892164279973162,28.300565188712664,29.820381523968525,31.460427022880875,33.2302126472919,35.140001739317626,37.20086954014903,39.42476741723774,41.82459217232443,44.41426083223361,47.2087913561526,50.224389727423606,53.47854393490324,56.99012538889734,60.77949835979426,64.8686380740444,69.28125815234092,74.04294812903385,79.18132185027109,84.72617761145175,90.7096709626526,97.1665011841531,104.1341125134625,111.65291129079544,119.76650028226004,128.52193153963586,137.96997926311903,148.16543424941096,159.16742163270303,171.03974376119163,183.85125019752215,197.6762369888541,212.59487752198376,228.69368746212285,246.06602647159403,264.812639617987,285.04224161149943,306.8721472595468,330.4289517947514,355.8492650216502,383.2805035395556
0.887258064516129,9.118940716124452,9.121334329618698,9.123917294822864,9.126704590800262,9.12971238156559,9.132958109823266,9.136460598121218,9.140240158006701,9.144318707817195,9.148719899789475,9.153469257224032,9.158594322500264,9.164124816800888,9.170092812471804,9.176532919017083,9.183482483807639,9.190981808667669,9.199074383594885,9.207807138970004,9.217230717718193,9.22739976900084,9.23837326514094,9.250214843620109,9.262993176130653,9.276782366823031,9.291662382058403,9.307719514158618,9.325046881843289,9.34374497025623,9.363922213713305,9.38569562455139,9.409191471725602,9.434546013090474,9.461906285612082,9.491430958094154,9.523291251363757,9.557671931253367,9.594772380138389,9.634807753244722,9.678010226432608,9.724630342693551,9.774938465169488,9.82922634512117,9.887808813939335,9.951025609011475,10.019243344033242,10.092857635191093,10.172295395546557,10.258017310927706,10.35052051168588,10.450341455811206,10.558059040125833,10.674297957596156,10.799732320232026,10.93508956858075,11.081154690485072,11.238774773567297,11.408863917836419,11.592408536903045,11.790473078539817,12.004206197756636,12.234847418183625,12.48373432038647,12.75231029879438,13.04213293221871,13.354883016498706,13.692374311651674,14.05656406004898,14.449564336611868,14.87365429684769,15.331293393755182,15.82513564024802,16.358044999810637,16.933111994645017,17.553671627629143,18.223322722028254,18.94594879112304,19.72574055879194,20.56722026165918,21.475267873751903,22.455149405758092,23.51254744300722,24.653594099276894,25.884906577537297,27.213625543861518,28.64745653704193,30.194714654055883,31.864372770519328,33.666113575764975,35.6103857243027,37.70846442928953,39.97251684939614,42.41567264825332,45.05210013565896,47.89708843209491,50.96713613303304,54.28004698720462,57.85503314368115,61.71282656650959,65.87579926300846,70.36809302294631,75.21575942097766,80.44691089423083,86.09188377117066,92.18341419716535,98.75682797697712,105.85024543510559,113.50480248200093,121.76488916814772,130.67840710943247,140.2970472766488,150.6765897600881,161.87722724759865,173.96391409201914,187.0067429922855,201.08135147264716,216.2693605172355,232.6588479036971,250.34485898083597,269.42995785234314,290.02482216302724,312.24888493680584,336.23102718858064,362.1103253265748,390.0368576794344
0.8951612903225805,9.119482159925717,9.121918605442941,9.124547790986812,9.127384963660791,9.130446576723662,9.133750385005266,9.137315547870381,9.141162740327822,9.145314272929129,9.149794221152218,9.154628565020255,9.159845339765532,9.165474798412049,9.171549587219696,9.178104935007516,9.185178857453993,9.192812377559207,9.201049763547394,9.209938785589635,9.219530992835542,9.229882012360527,9.241051871762496,9.253105347278785,9.266112339442328,9.280148278455677,9.29529456163387,9.311639025453161,9.32927645494333,9.348309133377844,9.368847435449917,9.391010467374693,9.414926757629946,9.440735002341423,9.468584869635826,9.498637867626494,9.531068281065856,9.566064182097001,9.603828520966443,9.644580303023917,9.688555858835453,9.736010214775963,9.787218572050312,9.8424779027206,9.902108671995917,9.966456696773,10.035895151206256,10.110826730938246,10.191685988541515,10.278941853715565,10.373100352853736,10.474707543750803,10.584352682469333,10.70267164072876,10.830350593633556,10.968129999124034,11.116808892224626,11.277249518989379,11.450382337013849,11.637211411507783,11.83882023821634,12.056378026952585,12.291146482174748,12.544487119924051,12.817869163549307,13.112878064001228,13.431224694101717,13.774755270102805,14.145462058068404,14.54549492716456,14.977173816856961,15.443002190315646,15.94568155204812,16.48812711395521,17.07348470066592,17.705148992195753,18.386783209729703,19.122340358701198,19.916086152370124,20.772623748848403,21.69692044503854,22.694336482298002,23.77065613088794,24.9321212334781,26.185467402239315,27.537963079441408,28.99745168807844,30.57239711696157,32.27193280405472,34.1059147026934,36.08497843784402,38.22060098385767,40.5251672213931,43.01204175947764,45.69564643920875,48.59154396854659,51.7165281732037,55.088721387006714,58.72767954650691,62.65450559929705,66.89197188370258,71.46465218954522,76.39906426581757,81.7238236016912,87.46980937265931,93.67034351416089,100.36138396116232,107.58173317432552,115.37326316203901,123.78115830325257,132.8541773792842,142.644936334167,153.2102134033099,164.61127837996324,176.91424792896237,190.190469008272,204.51693262185594,219.97672030329662,236.6594859193944,254.6619755878102,274.0885887238332,295.05198346988607,317.67373001874813,342.0850156192251,368.42740535271724,396.8536630925478
0.9030645161290322,9.12002840524161,9.122508062615829,9.12518387838104,9.12807137005785,9.131187282714153,9.134549686073168,9.138178079303422,9.142093504098494,9.146318666702177,9.150878069586849,9.155798153548616,9.161107451043327,9.166836751652687,9.17301928064011,9.179690891631774,9.186890274540374,9.19465917993736,9.20304266117493,9.212089335661933,9.221851666808977,9.232386268277843,9.24375423229974,9.256021483966466,9.269259163549245,9.283544039062487,9.298958951465208,9.315593295082078,9.333543536030408,9.35291377165973,9.373816334248565,9.396372442459617,9.420712904331658,9.446978875885256,9.475322679742026,9.505908688505219,9.538914278024995,9.574530856077072,9.612964972420814,9.654439516674772,9.699195010957004,9.74749100478704,9.799607580339453,9.855846976778858,9.9165353430968,9.982024629616031,10.052694629131844,10.128955179527754,10.21124854063904,10.30005195914802,10.395880436385061,10.499289715085718,10.610879502423828,10.73129694801013,10.861240397024156,11.001463440242112,11.152779284444724,11.316065468546352,11.492268952790983,11.682411610523687,11.887596154380136,12.109012531255702,12.347944823133826,12.605778693786755,12.884009424527438,13.184250585607632,13.508243393543903,13.857866808631973,14.235148431203264,14.642276259810739,15.081611379531381,15.555701653967896,16.067296500354907,16.619362833457508,17.2151022707301,17.85796969851902,18.55169330698675,19.30029620995394,20.10811977504732,20.979848799459806,21.92053867733241,22.935644716316258,24.031053773335525,25.213118393020334,26.48869364679035,27.865176886229712,29.350550641292326,30.953428912112667,32.683107122875185,34.54961602743089,36.56377987926568,38.7372792031528,41.08271853250818,43.61369950526216,46.34489974213771,49.29215796475692,52.472565847183816,55.90456713356075,59.60806459663258,63.604535457424674,67.91715593540779,72.5709356514344,77.59286266286823,83.01205997198666,88.8599544152735,95.17045891301761,101.9801691361105,109.32857573054825,117.25829333036012,125.81530768704965,135.04924234869074,145.01364643519761,155.76630517862446,167.36957502936843,179.89074527161603,193.40242824509875,207.98298043611916,223.71695687982663,240.69560150889436,259.0173762922154,278.7885322321742,300.12372553181046,323.1466825051248,347.9909170864514,374.8005050998594,403.7309197786916
0.9109677419354838,9.12057945207224,9.123102701137487,9.1258255570057,9.12876380999161,9.131934499537268,9.135356013027199,9.139048192420612,9.143032449319032,9.147331889136698,9.151971445093785,9.156978022809602,9.16238065633421,9.16821067652346,9.174501892733808,9.181290788890745,9.188616735067813,9.196522215803324,9.205053076478874,9.214258789188493,9.224192739640351,9.234912536754933,9.246480346755154,9.25896325368603,9.27243364845473,9.286969648647306,9.302655551556851,9.319582323050488,9.337848125110428,9.357558885108697,9.378828910117086,9.401781549815176,9.426549911841102,9.45327763373387,9.48211971594433,9.513243420745969,9.546829242259067,9.583071953214025,9.622181734524831,9.664385394223864,9.709927682827491,9.759072712761107,9.8121054900758,9.869333567339922,9.9310888272916,9.997729407596413,10.06964177787269,10.147242981029805,10.230983051917477,10.321347627312246,10.418860762376525,10.524087969922759,10.637639500106868,10.76017387956909,10.89240173054437,11.035089892087566,11.189065867310154,11.35522262241518,11.534523765356703,11.72800913415103,11.936800827242033,12.16210971088621,12.405242441288923,12.66760904220854,12.95073108196627,13.25625049727618,13.585939115061095,13.941708927469005,14.325623179673444,14.739908334756118,15.186966985058033,15.669391784875796,16.189980485304385,16.751752158421098,17.35796470490427,18.012133746624688,18.718053013780487,19.479816344814502,20.30184142670631,21.18889541332381,22.146122570410448,23.179074107535847,24.293740370019442,25.496585577520676,26.794585310756975,28.195266963745087,29.706753396157513,31.337810038942035,33.0978957263767,34.997217549340995,37.0467900479034,39.258499086487696,41.645170782036054,44.22064588488818,46.999860043718414,49.99893041999424,53.23524915424158,56.7275842261387,60.49618829333743,64.56291614018228,68.95135141742726,73.68694340793282,78.79715461146655,84.31162000447378,90.26231889839093,96.6837603931353,103.61318350124455,111.0907731032202,119.1598929864346,127.86733731903327,137.26360201717034,147.40317757928273,158.34486508559712,170.1521171954024,182.8934061195905,196.64262070239766,211.47949491508962,227.4900702464984,244.76719467188914,263.4110610937622,283.5297883770945,305.2400483485456,328.66774239569713,353.9487315900362,381.22962456779186,410.6686277376701
0.9188709677419353,9.121135300417716,9.123702521008045,9.126472826860935,9.129462283462244,9.132688227193203,9.136169365867593,9.139925887222214,9.14397957598975,9.148353940233056,9.153074347673456,9.158168172803705,9.163664955638758,9.169596573025027,9.175997423501563,9.182904626785321,9.190358239037339,9.198401485158296,9.207081009460625,9.216447146170932,9.226554211331537,9.237460817793965,9.249230215131247,9.261930656440372,9.275635794162126,9.290425107213997,9.30638436191327,9.323606109363547,9.342190222189336,9.362244473731591,9.383885163063363,9.40723778945044,9.432437780168696,9.459631275899234,9.488975978256457,9.520642064364454,9.554813173786044,9.591687473528394,9.631478807301914,9.674417935697864,9.720753874477234,9.770755338732569,9.824712301298323,9.882937674447835,9.945769124629981,10.013571030770013,10.086736597491482,10.165690135514534,10.250889522455058,10.34282885829522,10.442041330924507,10.549102308368319,10.664632675635437,10.78930243553371,10.923834594333766,11.06900935481174,11.225668640984159,11.394720980770929,11.5771467748976,11.774003982587338,11.98643425700962,12.21566956606052,12.463039336863696,12.729978165418308,13.018034136097565,13.328877799238699,13.664311858881982,14.02628162683588,14.41688630369033,14.838391152197294,15.293240633614364,15.784072583193122,16.31373350702215,16.885295088938964,17.50207200324457,18.167641136528136,18.88586233008202,19.660900763206733,20.49725110722133,21.399763590263344,22.37367212404326,23.424624655674894,24.558715920605838,25.782522786594622,27.103142393706023,28.528233311508348,30.066059952152006,31.7255404968886,33.51629861396319,35.44871926779704,37.53400894310455,39.78426063318844,42.21252396928621,44.83288089765322,47.66052734324092,50.711861333545365,54.00457809366466,57.55777266403276,61.392050635921535,65.52964764688083,69.99455832908556,74.81267545838094,80.01194011097085,85.62250369853035,91.67690282141014,98.2102479539344,105.26042705600739,112.86832529180738,121.07806212975173,129.93724719871614,139.497256384259,149.8135297659813,160.94589312380947,172.95890487766886,185.92223047251102,199.91104637981488,215.0064760584335,231.29606040299765,248.8742654080829,267.8430299921728,288.3123571583332,310.4009519198466,334.2369096902355,359.9584591297644,387.7147637563135,417.6667869692954
0.926774193548387,9.12169595027815,9.124307522227628,9.127125687946897,9.130166790469927,9.133448465682159,9.136989744594588,9.140811163708506,9.144934884110965,9.149384819991623,9.154186777326284,9.15936860353142,9.164960348957544,9.17099444115806,9.17750587294415,9.184532405316405,9.192114786450002,9.20029698800349,9.20912646012158,9.218654406610877,9.228936081884417,9.240031111397112,9.252003837430538,9.264923692232408,9.278865600674811,9.29391041476646,9.310145382538959,9.327664654026444,9.346569827273111,9.366970537535305,9.388985093095327,9.41274116137453,9.43837650932492,9.466039802393372,9.495891466692196,9.528104619376462,9.562866072623983,9.600377417040791,9.640856190775574,9.684537141123537,9.731673585936647,9.782538882735926,9.837428014046079,9.896659298146712,9.960576235161666,10.029549499192735,10.103979088050897,10.184296643052017,10.270967952329894,10.364495652183736,10.465422142125089,10.574332730528369,10.691859029125935,10.818682616031303,10.955538988530932,11.103221828564743,11.26258760562844,11.434560543786775,11.620137981597958,11.820396156027394,12.036496443887229,12.269692096991253,12.521335510077403,12.792886063639946,13.085918587147415,13.402132491720653,13.74336162522822,14.111584906946886,14.508937803456961,14.937724712321955,15.40043232536839,15.899744049063846,16.438555565623727,17.019991625093883,17.647424165796984,18.32449186823481,19.055121255852963,19.84354946504564,20.69434881645859,21.61245333009433,22.603187337995717,23.672296360447163,24.825980424758093,26.070930019856558,27.414364895204994,28.864075929042833,30.428470308758225,32.116620285397595,33.938315785046754,35.90412118218236,38.02543656422821,40.314563842594396,42.784778093582894,45.4504045428709,48.32690164001255,51.43095070471545,54.78055266475979,58.395132446554804,62.2956516237052,66.50472997685188,71.04677666972802,75.94813180214004,81.2372191607602,86.94471105355477,93.10370618375008,99.7499215948553,106.92189979986158,114.66123229579486,123.0128007598194,132.0250373256289,141.7502054495099,152.24470299486882,163.56938929285906,175.7899380757868,188.97721833001742,203.20770527701046,218.56392386583047,235.13492734902266,253.01681371719218,272.3132829871806,293.13623857564016,315.606436245479,339.85418438852054,366.0200997054305,394.2559226652324,424.7253974733877
0.9346774193548386,9.122261401653653,9.12491770479637,9.127784140263735,9.13087733101483,9.134215215004343,9.137817149208418,9.141704021879761,9.145898373682995,9.150424528412767,9.155308734052705,9.160579314993248,9.166266836291152,9.172404280923233,9.179027241062352,9.1861741244849,9.193886377306853,9.202208724340124,9.211189428463154,9.220880570509966,9.231338351300886,9.242623417566575,9.254801213655568,9.267942361065076,9.282123067996174,9.297425571308612,9.313938613438445,9.331757957044399,9.350986940367774,9.371737076526768,9.394128700220959,9.41829166559662,9.444366099320314,9.472503213228372,9.502866181265402,9.535631085797858,9.570987938791012,9.60914178377192,9.6503138849694,9.694743010527727,9.742686817236232,9.794423344805761,9.850252628358193,9.910498438480735,9.97551015893642,10.045664812920487,10.12136924961359,10.203062503712259,10.291218341619965,10.38634800906435,10.489003196074021,10.599779236508425,10.71931856069416,10.848314421188384,10.987514913273438,11.137727313495402,11.299822761403115,11.474741311633961,11.663497385639749,11.867185654663206,12.086987388075936,12.324177303887225,12.580130961144922,12.856332737092337,13.154384435336251,13.47601457494121,13.823088414314496,14.197618768008702,14.60177767916818,15.037909015309038,15.508542060478925,16.016406182622365,16.56444666121482,17.15584176695877,17.794021192597697,18.482685941740613,19.225829791045836,20.02776245023777,20.89313455427672,21.826964632626158,22.834668212027378,23.922089221562505,25.095533882137197,26.361807276920157,27.728252814822437,29.202794815874707,30.793984465463254,32.51104940392071,34.36394723904777,36.363423291890214,38.52107291064496,40.849408714058,43.36193315426479,46.073216819870524,48.99898293335736,52.15619853282723,55.56317286685216,59.23966357303582,63.20699125602818,67.48816312944676,72.10800643871985,77.09331243859137,82.47299176023358,88.27824206896516,94.54272898484906,101.3027813153574,108.59760173228815,116.46949411468572,124.96410887616284,134.13070769931895,144.0224492124926,154.69669726553656,166.2153535923583,178.6452167893894,192.05836969176306,206.53259739365723,222.15183833697213,239.00667108428314,257.1948395989439,276.8218200785292,298.00143262877486,320.8565013252174,345.5195664903407,372.13365331683667,400.8531012943631,431.8444592497741
0.9425806451612903,9.122831654544335,9.125533068714397,9.128448183811601,9.131593905097134,9.134988475159957,9.13865157970932,9.142604461736257,9.146870044706162,9.151473065496864,9.156440217853147,9.161800307189694,9.167584417640162,9.173826092321224,9.180561527856954,9.187829784291724,9.195673011608953,9.20413669416943,9.213269914486775,9.223125637869845,9.233761019582856,9.245237736304563,9.257622343808894,9.270986662941336,9.285408196129637,9.300970576844403,9.317764054616283,9.335886018422666,9.35544156147938,9.376544090712956,9.39931598444828,9.42388930212593,9.450406550165466,9.479021508416386,9.509900121989999,9.543221463644569,9.579178772305344,9.61798057374256,9.659851889907072,9.705035543937369,9.753793568406566,9.80640872497673,9.863186144273868,9.924455095494137,9.990570896004039,10.061916972009195,10.138907082242184,10.221987717565188,10.311640690403097,10.408385929023403,10.512784492866734,10.62544182641355,10.747011270455298,10.878197851130667,11.019762368697835,11.172525809751258,11.337374108466715,11.515263284481794,11.707224987202599,11.914372478684006,12.137907089773543,12.379125186953452,12.639425690276768,12.92031818598939,13.223431680878921,13.550524049113308,13.903492226348645,14.284383210220541,14.695405931010786,15.138944061328933,15.617569839095811,16.13405898399377,16.69140679389166,17.292845514596962,17.941863083673464,18.64222335703235,19.397987935604533,20.21353971868174,21.09360832052726,22.04329749766219,23.06811474589301,24.174003238727355,25.36737629240223,26.6551545573988,28.044806152128267,29.544389971533278,31.162602421759075,32.90882785191629,34.79319297539491,36.8266255963239,39.020917981737,41.388795246944674,43.943989150684935,46.70131772799685,49.67677122261592,52.887604817220875,56.35243869928498,60.09136604282533,64.12606953224926,68.47994710403606,73.1782476354458,78.24821736713558,83.71925790880918,89.62309674419859,95.99397122416414,102.86882711491842,110.28753285278607,118.29311074800044,126.93198647832418,136.25425831935004,146.3139876727921,157.16951257759058,168.88378602193396,181.5247410181235,195.1656845574143,209.88572272944046,225.7702194715619,242.91129160850008,261.4083430530756,281.36864126597237,302.9079393175059,326.151147158845,351.2330559954932,378.2991199637931,407.50629964352834,439.0239722982885
0.9504838709677418,9.123406708950311,9.126153613981842,9.12911781859065,9.132316512717013,9.13576824614921,9.139493036097537,9.143512483278274,9.147849897180793,9.152530431244287,9.157581228728052,9.163031580121265,9.16891309300517,9.175259875352719,9.182108733328755,9.189499384737797,9.19747468935737,9.206080897492642,9.215367918193872,9.225389608692181,9.236204086732249,9.247874067613305,9.260467227893093,9.274056597864162,9.288720985078637,9.304545431377806,9.32162170607706,9.340048838166537,9.35993369061402,9.381391580100885,9.404546945785361,9.429534070971739,9.456497861871028,9.485594687969627,9.516993288879972,9.550875752932603,9.58743857318526,9.626893786973566,9.669470205612349,9.715414741379478,9.764993839478317,9.818495023283571,9.87622856183237,9.938529269231209,10.005758446414356,10.078305976514782,10.156592585999269,10.241072284680635,10.332234998756965,10.430609412146987,10.536766032598305,10.651320500348321,10.774937158523894,10.908332905983041,11.052281354939614,11.20761731747854,11.375241646976157,11.556126462497618,11.751320786463792,11.961956628276244,12.189255549174595,12.434535746391168,12.699219697679105,12.984842410540086,13.293060323984733,13.625660914443724,13.984573061531732,14.371878233774261,14.789822559163685,15.240829850543651,15.72751566136012,16.252702453294123,16.819435963741267,17.431002868062627,18.090949839042,18.80310411408807,19.57159568946473,20.40088127026863,21.295770115055102,22.2614519250002,23.303526939342966,24.42803841164512,25.641507655210745,26.950971860905906,28.364024906694144,29.88886139555126,31.534324177142782,33.309955628849494,35.22605299352535,37.29372809489669,39.52497177689797,41.93272344063269,44.530946082210356,47.33470726660984,50.36026650714487,53.62516955725339,57.148350161419074,60.95023985529097,65.05288645174568,69.48008190000903,74.2575002593092,79.412846587192,84.97601760592384,90.97927507871057,97.45743290117042,104.44805899303374,111.99169316087148,120.13208219527623,128.91643356586167,138.39568918530145,148.62482083000847,159.6631489306515,171.57468658122664,184.4285107616492,198.29916292665013,213.26708128405738,229.41906726931478,246.84878892140514,265.6573240793354,285.95374654927326,307.85575864161166,331.4903737461537,356.99465290378316,384.5164996461174,414.2155177125574,446.2639366187718
0.9583870967741934,9.123986564871695,9.126779340598839,9.129793044601033,9.133045153874649,9.136554527972308,9.140341518373308,9.144428086506093,9.148837931107211,9.153596625655421,9.158731766677858,9.164273133788473,9.170252862386764,9.176705630018409,9.183668857478551,9.191182925824046,9.199291410553178,9.20804133431101,9.217483439585894,9.227672482978644,9.238667552751005,9.250532411495039,9.263335865910758,9.277152165836553,9.29206143484664,9.308150134912818,9.325511567825387,9.344246416281326,9.364463327777823,9.386279544697608,9.409821584240317,9.43522597214337,9.462640034447698,9.492222751900364,9.524145681949378,9.558593953678027,9.595767341449115,9.635881423485875,9.679168832109061,9.725880602881148,9.77628763048222,9.830682239761087,9.889379881073022,9.95272095973628,10.02107281021723,10.094831826493166,10.174425760947383,10.260316205128339,10.353001266759074,10.453018458520942,10.560947815363441,10.677415258416827,10.803096225013839,10.938719585869555,11.085071872133213,11.243001836822156,11.413425377086725,11.597330845846805,11.795784783598245,12.009938103623577,12.241032766470369,12.490408982397826,12.75951298355377,13.049905410948503,13.363270364857494,13.701425171133147,14.066330920058151,14.460103838854495,14.885027563798053,15.343566383107037,15.838379527404394,16.372336590630695,16.948534170841757,17.570313827401023,18.241281458712297,18.96532821287748,19.746653052554265,20.589787104882408,21.49961993769893,22.481427914432786,23.5409047921237,24.684194740016626,25.91792797021916,27.24925918705533,28.685909078093726,30.23620908746504,31.909149731116788,33.71443273419239,35.66252729288474,37.76473078703188,40.033234295532935,42.48119329451302,45.122803948222014,47.97338543508428,51.04946878631667,54.368892752298365,57.9509072526323,61.816285009817875,65.98744201391246,70.48856751677292,75.34576430973152,80.58720009819807,86.24327085103228,92.34677707197423,98.93311401536032,106.04047694921574,113.71008265607708,121.98640845606624,130.91745013834915,140.5550002967674,150.95494868375627,162.17760632435363,174.28805526989004,187.35652601963906,201.45880479916147,216.6766730572166,233.0983817299561,250.81916302274018,269.9417826774805,290.57713592820426,312.8448906008783,336.8741810869435,362.8043572150233,390.78579236363424,420.9807555012866,453.5643522110708
0.9662903225806451,9.124571222308601,9.127410248565521,9.130473861842908,9.133779828570221,9.137347320629464,9.141197026536881,9.145351271419992,9.14983414648575,9.154671648730645,9.159891831703014,9.165524968191837,9.171603725785548,9.178163356318986,9.185241900307153,9.192880407551407,9.201123175197463,9.210018004625791,9.219616478664298,9.229974260730922,9.241151417641074,9.253212767952025,9.266228257864498,9.280273366861527,9.295429545437134,9.311784687453466,9.329433639865911,9.348478752772385,9.36903047297696,9.391207984510222,9.415139899821307,9.440965005650193,9.468833067906235,9.498905700220927,9.531357301212328,9.566376065896986,9.604165077115338,9.644943483300493,9.688947769421125,9.736433128469546,9.787674941449087,9.842970374444151,9.902640102035209,9.967030167053727,10.03651398746253,10.111494522000248,10.192406607149008,10.279719478977917,10.373939494486743,10.475613068230837,10.585329841256486,10.703726100722648,10.831488470038362,10.969357890913395,11.118133920411978,11.278679367925664,11.451925298952066,11.638876434692747,11.840616978778513,12.058316904906857,12.293238741848869,12.546744895167102,12.820305548098302,13.115507187413854,13.43406180369558,13.777816819376264,14.148765802115726,14.549060025638775,14.981020945077471,15.447153659164927,15.950161437352852,16.492961396102217,17.078701415262625,17.71077839264884,18.39285794268501,19.128895653362317,19.923160024793575,20.78025722240035,21.705157788291622,22.703225465747813,23.780248303978098,24.942472223540474,26.19663723708311,27.55001653546165,29.01045866590299,30.58643304681489,32.287079083188985,34.122259167424126,36.10261587292728,38.239633672162725,40.54570553705826,43.03420480798915,45.719562748114434,48.61735223280958,51.74437805951916,55.11877440174541,58.76010997231919,62.68950150580829,66.929736218162,71.50540395375249,76.4430397861518,81.77127789960855,87.52101764360641,93.72560272347971,100.42101456624295,107.64608098299307,115.44270133795139,123.85608952993911,132.9350361953752,142.73219165335647,153.30437123366363,164.71288475834436,177.02389208759038,190.30878679177778,204.6446101746506,220.1144980486374,236.80816285322172,254.8224139122567,274.2617188472776,295.2388094025462,317.8753351951005,342.3025691810219,368.6621689290333,397.1069981161752,427.8020130095583,460.92521907503834
0.9741935483870967,9.125160681261148,9.128046337882022,9.13116027031643,9.134520536803914,9.138146624120887,9.1420595605885,9.146282038020267,9.150838543316738,9.155755500470345,9.161061423803964,9.166787083331874,9.172965683202124,9.17963305425515,9.186827861815368,9.194591829920823,9.202969983291316,9.212010908438248,9.221767035430545,9.232294941950709,9.243655681404421,9.255915136986538,9.269144403756943,9.283420200942123,9.298825316853623,9.315449089003799,9.333387922203299,9.352745847645105,9.373635126217623,9.396176899545864,9.420501892536535,9.446751171501635,9.475076962257448,9.505643532943706,9.538628146683003,9.574222089605682,9.61263178020243,9.654079966438504,9.698807017572523,9.747072318171913,9.799155772409799,9.855359427367699,9.916009224758364,9.981456891227957,10.05208197820014,10.128294063091914,10.210535124666567,10.299282106298879,10.395049682017108,10.498393241361965,10.609912110371386,10.730253027368832,10.860113893710004,11.00024782123688,11.151467499908161,11.314649910931267,11.490741412724162,11.68076322919683,11.885817372174763,12.107093032304148,12.34587347549485,12.603543484888933,12.881597391505949,13.181647740130533,13.505434640691984,13.854835859361819,14.231877707885808,14.638746794297655,15.077802703158104,15.551591678855358,16.06286139132161,16.61457686979914,17.20993769706502,17.85239656383453,18.545679290952762,19.293806435496702,20.10111660609605,20.972291622693447,21.912383666660656,22.92684457872882,24.0215574746459,25.20287086191343,26.477635455457797,27.8532439057405,29.337673669700482,30.9395332731452,32.66811223287291,34.53343492803095,36.54631873311576,38.718436749732454,41.06238550090154,43.591757980476956,46.32122248129562,49.26660765918948,52.44499432615527,55.874814504999904,59.57595831989048,63.56988934268096,67.87976906392349,72.53059121038943,77.54932668802599,82.9650799908952,88.80925798313497,95.11575203273367,101.9211345533436,109.26487109391013,117.18954920605827,125.74112541647825,134.96919173654288,144.927263254691,155.67308847937204,167.26898423228388,179.7821970340062,193.28529307776137,207.85657905283088,223.58055625804974,240.5484106388575,258.85854158971574,278.6171325885023,299.9387669720887,322.94709242408084,347.77553802820404,374.5680880456403,403.4801169035785,434.67929023722127,468.3465372105332
0.9820967741935482,9.125754941729449,9.128687608548482,9.13185227002176,9.135267278575906,9.138952438446793,9.142929120528413,9.147220386307199,9.151851121600512,9.156848180874912,9.162240542981161,9.168059479209107,9.1743387346371,9.18111472382761,9.188426742004017,9.196317192933243,9.204831834835838,9.214020045749658,9.223935109886115,9.23463452663972,9.246180344043026,9.258639518600864,9.272084303590741,9.286592668081397,9.302248749099642,9.31914333956789,9.337374414842252,9.357047700904895,9.378277287506055,9.401186289811708,9.425907562394247,9.45258446970716,9.4813717175122,9.512436250081143,9.545958218375642,9.582132024820387,9.621167450728949,9.663290872921056,9.708746576587314,9.75779817201556,9.810730123395304,9.86784939856672,9.92948724928197,9.996001132303409,10.067776782479951,10.145230449824014,10.228811313562403,10.319004087160597,10.4163318294271,10.521358977999324,10.634694622801687,10.756996038457906,10.888972496140607,11.031389376961428,11.185072610752899,11.350913465979787,11.529873718553322,11.72299122951843,11.931385963954774,12.156266485990695,12.398936967589801,12.660804751749493,12.943388513965711,13.248327069288136,13.577388876034377,13.932482291272697,14.315666637543373,14.729164144994838,15.17537283818883,15.656880442308726,16.17647938941889,16.737183011803857,17.34224301630201,17.99516834097856,18.699745503500495,19.46006055922748,20.2805227963684,21.16589030562674,22.12129757262849,23.152285253155334,24.26483230386403,25.46539065483074,26.760922624998297,28.1589412975088,29.667554089067508,31.295509766004646,33.05224917968784,34.94796001550634,36.99363587292155,39.20114001919414,41.58327418650143,44.15385281140447,46.92778314718664,49.921151713641656,53.151317585642616,56.63701306148246,60.39845229477263,64.45744851987075,68.83754055064237,73.56412928614175,78.6646250148263,84.1686063715459,90.10799186912261,96.5172249992584,103.43347397620292,110.89684728152635,118.95062625997613,127.6415161152812,137.0199167614687,147.14021510040644,158.0611004205354,169.84590474584448,182.56297010882733,196.28604487729692,211.09471143342586,227.07484768519316,244.31912508661824,262.92754605488693,283.0080239009381,304.6770086366286,328.06016228762917,353.2930876283117,380.52211456467757,409.90514872568815,441.6125871841299,475.8283066174191
0.99,9.126354003713624,9.12933406056503,9.132549860959054,9.136020053886389,9.139764763607396,9.14380570635687,9.14816631628108,9.152871881337408,9.157949689944736,9.163429189235059,9.169342155824069,9.175722880091088,9.182608365037073,9.190038540873923,9.19805649658962,9.206708729832135,9.216045416561302,9.226120702032492,9.23699301479967,9.248725405558877,9.261385912797307,9.275047957368551,9.289790768282424,9.30569984217874,9.32286743914984,9.341393117787499,9.361384312557204,9.382956956848528,9.406236155314966,9.431356909402735,9.45846490027629,9.487717333681404,9.519283851645737,9.553347516304543,9.590105871557437,9.629772088713537,9.672576202769372,9.718766446489624,9.76861069002787,9.822397994436614,9.880440288076272,9.94307417564555,10.010662890324545,10.08359840035185,10.162303682252372,10.247235173898785,10.338885421632305,10.437785936793437,10.544510278227609,10.659677378640518,10.783955134091832,10.918064277441305,11.062782558207562,11.218949253076197,11.387470033210663,11.569322216588175,11.765560435814905,11.97732275428394,12.205837266138952,12.452429218311966,12.718528695931246,13.005678915662365,13.315545175071533,13.64992450990517,14.010756115286016,14.400132591257135,14.820312077887309,15.273731350311417,15.763019949647989,16.291015431745244,16.860779822190988,17.475617373018892,18.139093724093776,18.855056580305785,19.62765802449461,20.461378595511025,21.361053271059735,22.331899506012945,23.379547488803322,24.510072791367026,25.73003160198652,27.046498745359884,28.467108710385105,30.000099923588458,31.65436252494637,33.439489923159016,35.365834429351075,37.44456729182465,39.68774348001078,42.10837159330762,44.720489300211796,47.53924474522161,50.5809843955976,53.863347837413286,57.40537007062873,61.22759189640754,65.35217903682818,69.80305067778004,74.60601818048349,79.78893476604104,85.38185704106449,91.41721930108973,97.93002162259167,104.95803283437661,112.54200954541582,120.7259324992977,129.5572616259593,139.08721126978259,149.37104719015102,160.46840705682015,172.44364629871,185.366211311755,199.3110421901024,214.35900731616954,230.5973723298172,248.12030619626842,267.0294273075488,287.43439278437734,309.4535343959711,333.2145447855628,358.8552179811741,386.524248485985,416.3820935823547,448.60190385014437,483.3705272955659
