,7.943282347242822e-05,8.259152475514034e-05,8.587583398375262e-05,8.929074604529615e-05,9.284145445194744e-05,9.653335923949455e-05,0.00010037207517989093,0.00010436344032038926,0.00010851352486223725,0.00011282864039244307,0.00011731534948264669,0.00012198047566969824,0.0001268311138331201,0.00013187464098523693,0.00013711872749038134,0.00014257134873024022,0.00014824079723308156,0.0001541356952853074,0.00016026500804451483,0.00016663805717400735,0.00017326453501949034,0.00018015451934951424,0.00018731848868208157,0.0001947673382207258,0.00020251239642430052,0.00021056544223567846,0.00021893872299555937,0.00022764497306863496,0.00023669743321043613,0.0002461098707043143,0.00025589660029918604,0.0002660725059798811,0.000276653063603202,0.0002876543644341236,0.0002990931396179268,0.00031098678562548054,0.0003233533907103759,0.0003362117624181465,0.0003495814561894092,0.0003634828051004314,0.00037793695078635296,0.00039296587559408774,0.0004085924360138113,0.0004248403974398749,0.00044173447031400735,0.00045930034770578023,0.00047756474438748696,0.0004965554374628564,0.0005163013086114004,0.0005368323880126368,0.0005581799000169855,0.0005803763106328038,0.0006034553769017738,0.0006274521982377402,0.0006524032698070655,0.0006783465380316996,0.0007053214582993621,0.0007333690549686152,0.0007625319837600722,0.000792854596628643,0.0008243830092154682,0.0008571651709821202,0.0008912509381337459,0.0009266921494420497,0.000963542705083421,0.001001858648612123,0.0010416982521932027,0.001083122105224738,0.0011261932064842164,0.001170977059939183,0.001217541774367852,0.00126595816694121,0.0013162998709241383,0.0013686434476593303,0.0014230685030043372,0.0014796578083988183,0.0015384974267460974,0.0015996768433005025,0.0016632891017595288,0.0017294309457677895,0.0017982029660479819,0.0018697097533826184,0.0019440600576791688,0.0020213669533605504,0.0021017480113324893,0.002185325477789264,0.0022722264601298,0.002362583120266852,0.002456532875623232,0.002554218608120818,0.0026557888814801567,0.0027613981671611074,0.0028712070792881995,0.0029853826189179603,0.003104098428019674,0.0032275350535558895,0.0033558802220642744,0.003489329125158376,0.003628084716381547,0.0037723580198654794,0.003922368451262703,0.004078344151441277,0.004240522333449012,0.004409149643274958,0.0045844825349569025,0.004766787660605206,0.004956342275936189,0.005153434661931937,0.005358364563267607,0.005571443644173091,0.005792995962422448,0.00602335846217171,0.006262881486394823,0.006511929309696944,0.006770880692315374,0.00704012945615078,0.007320085083704702,0.007611173340834154,0.007913836924270567,0.00822853613488777,0.008555749577742858,0.008895974889954764,0.009249729497527405,0.009617551402268363,0.01
0.09,9.091796127681938,9.091919931065982,9.092048657577633,9.092182502988491,9.092321670855151,9.092466372828778,9.092616828976995,9.092773268118567,9.092935928171402,9.093105056514375,9.09328091036356,9.093463757163407,9.093653874993485,9.093851552991389,9.094057091792477,9.094270803987083,9.094493014595919,9.094724061564369,9.094964296276459,9.095214084089244,9.09547380488847,9.0957438536663,9.09602464112204,9.096316594286755,9.09662015717269,9.096935791448564,9.09726397714167,9.09760521336794,9.097960019090996,9.098328933911427,9.098712518887417,9.099111357388034,9.099526055980439,9.099957245352362,9.100405581271287,9.100871745581767,9.101356447242388,9.10186042340399,9.102384440530743,9.102929295565824,9.103495817143433,9.104084866849004,9.104697340529546,9.105334169656073,9.105996322740232,9.10668480680723,9.10740066892738,9.108144997808505,9.108918925451704,9.109723628872928,9.110560331893037,9.111430306999035,9.112334877279315,9.113275418435864,9.11425336087649,9.115270191890227,9.116327457909286,9.117426766860909,9.118569790612787,9.119758267515683,9.120994005047212,9.12227888256071,9.12361485414343,9.125003951588413,9.126448287484513,9.127950058429315,9.12951154836981,9.13113513207593,9.132823278752184,9.134578555792949,9.136403632687069,9.138301285077722,9.140274398983767,9.142325975188905,9.144459133805427,9.146677119019419,9.148983304024666,9.151381196152775,9.15387444220728,9.156466834009889,9.15916231416726,9.161964982067117,9.164879100112808,9.167909100205772,9.171059590485813,9.174335362339392,9.177741397686615,9.181282876558011,9.1849651849726,9.188793923129237,9.192774913923714,9.196914211804538,9.201218111980895,9.205693159996754,9.210346161685724,9.215184193521766,9.220214613381533,9.225445071734661,9.230883523279108,9.23653823903914,9.242417818944451,9.2485312049095,9.254887694432965,9.261496954738007,9.268369037474862,9.275514394008082,9.282943891311724,9.290668828496624,9.298700953994931,9.30705248342799,9.315736118184805,9.324765064739296,9.334153054735742,9.34391436587298,9.354063843619098,9.364616923789663,9.375589656023816,9.38699872819395,9.398861491786093,9.41119598828961,9.424020976636328,9.437355961730866,9.451221224115528,9.465637850814892,9.480627767407015
0.0925,9.091971492237068,9.092102269114523,9.09223824642541,9.09237963096859,9.092526637766426,9.092679490391792,9.092838421308102,9.093003672222833,9.093175494455135,9.09335414931804,9.093539908515874,9.093733054557475,9.093933881185853,9.094142693824908,9.094359810043937,9.094585560040604,9.094820287143124,9.09506434833239,9.095318114784895,9.095581972437238,9.095856322573047,9.096141582433285,9.096438185850795,9.096746583910097,9.097067245633397,9.097400658693914,9.09774733015753,9.098107787253971,9.098482578178622,9.09887227292626,9.099277464157897,9.099698768102149,9.100136825492395,9.10059230254124,9.101065891953718,9.101558313980767,9.102070317514633,9.102602681227792,9.103156214757202,9.103731759935624,9.104330192071899,9.10495242128217,9.105599393874009,9.1062720937856,9.106971544082139,9.107698808511776,9.10845499312337,9.10924124794864,9.110058768751156,9.110908798844916,9.111792630985216,9.112711609334731,9.11366713150776,9.11466065069579,9.115693677877541,9.116767784116945,9.117884602952477,9.119045832881502,9.120253239943416,9.121508660405523,9.12281400355569,9.124171254606088,9.125582477712369,9.127049819112928,9.128575510392999,9.130161871878535,9.131811316165061,9.133526351786864,9.135309587032067,9.137163733909441,9.13909161227294,9.141096154110269,9.143180408001976,9.145347543757886,9.147600857237878,9.149943775364397,9.152379861334271,9.154912820037799,9.157546503693322,9.160284917705864,9.163132226758758,9.166092761147498,9.169171023365477,9.172371694951604,9.175699643610242,9.179159930614261,9.182757818502498,9.186498779083305,9.190388501756384,9.194432902165538,9.198638131195514,9.20301058432663,9.207556911361388,9.212284026537882,9.217199119045397,9.222309663958157,9.227623433603886,9.233148509384451,9.23889329406657,9.244866524561294,9.25107728521167,9.257535021608826,9.26424955495746,9.271231097012627,9.278490265610477,9.286038100816642,9.293886081716755,9.302046143874714,9.310530697485177,9.319352646247951,9.328525406992943,9.338062930085545,9.347979720643485,9.358290860597403,9.369012031628722,9.38015953901969,9.391750336451867,9.403802051790795,9.416333013896027,9.42936228049736,9.442909667179583,9.45699577751992,9.471642034423919,9.486870712707516,9.50270497297479
0.095,9.092151661301006,9.092289602726522,9.09243302948872,9.092582159715835,9.092737220210129,9.092898446792814,9.093066084662697,9.093240388769086,9.093421624199536,9.093610066582984,9.093806002508954,9.094009729963402,9.0942215587819,9.094441811120857,9.094670821947458,9.094908939549095,9.095156526063048,9.09541395802725,9.095681626952926,9.095959939920027,9.096249320196321,9.096550207881124,9.096863060574615,9.097188354073761,9.097526583095945,9.09787826203133,9.098243925725177,9.098624130291247,9.099019453957562,9.0994304979458,9.099857887385644,9.10030227226551,9.100764328421072,9.10124475856309,9.10174429334613,9.102263692479758,9.102803745883946,9.103365274890402,9.103949133491687,9.104556209639991,9.105187426597576,9.105843744340895,9.10652616102057,9.107235714479408,9.107973483830802,9.108740591099881,9.109538202929924,9.110367532356644,9.11122984065302,9.112126439247486,9.113058691718399,9.114028015867827,9.1150358858778,9.116083834552303,9.117173455648416,9.118306406300182,9.119484409538822,9.120709256913214,9.121982811214533,9.123307009309272,9.124683865084904,9.126115472512693,9.12760400883228,9.12915173786294,9.130761013446481,9.132434283027072,9.134174091373422,9.135983084448986,9.137864013436042,9.139819738919831,9.141853235239063,9.14396759500941,9.146166033826923,9.14845189515844,9.150828655426492,9.153299929296423,9.155869475173736,9.158541200920059,9.161319169796414,9.164207606642831,9.167210904303698,9.170333630308612,9.173580533818926,9.17695655285052,9.18046682178379,9.184116679172297,9.187911675861928,9.19185758343293,9.195960402977645,9.200226374227327,9.204661985041874,9.209273981276944,9.214069377043462,9.219055465375098,9.224239829319956,9.229630353473349,9.235235235969196,9.241063000948259,9.247122511522225,9.253422983253307,9.259973998169894,9.26678551933956,9.273867906021595,9.281231929422095,9.2888887890756,9.296850129878159,9.305128059797768,9.313735168289087,9.322684545440453,9.331989801882322,9.341665089487416,9.351725122894022,9.362185201885266,9.3730612346583,9.38436976201886,9.39612798253797,9.40835377870907,9.421065744145327,9.43428321185851,9.448026283662466,9.46231586074586,9.47717367546074,9.492622324375231,9.50868530264068,9.52538703972545
0.0975,9.09233663487379,9.092481931902022,9.092633006767604,9.09279008923027,9.092953418186312,9.093123242031893,9.093299819040835,9.09348341775739,9.09367431740467,9.093872808309282,9.094079192342884,9.094293783381264,9.094516907781712,9.094748904879335,9.094990127503152,9.095240942512667,9.095501731355817,9.095772890649089,9.096054832780696,9.096347986537772,9.096652797758466,9.096969730010008,9.097299265293698,9.097641904777966,9.097998169560565,9.098368601461067,9.098753763844885,9.099154242480065,9.099570646428136,9.100003608970399,9.100453788571036,9.100921869878531,9.101408564766908,9.10191461341838,9.10244078544903,9.10298788107929,9.103556732350931,9.104148204392473,9.104763196734895,9.105402644679687,9.10606752072128,9.106758836026058,9.107477641970176,9.108225031738536,9.109002141987338,9.109810154572752,9.11065029834834,9.111523851033926,9.112432141158822,9.113376550082284,9.114358514094361,9.115379526600243,9.116441140391508,9.117544970007645,9.118692694191537,9.119886058442548,9.121126877671147,9.122417038959103,9.123758504429436,9.125153314230497,9.126603589638705,9.12811153628468,9.129679447507662,9.131309707843307,9.133004796650207,9.134767291880594,9.136599874001018,9.138505330068904,9.140486557971245,9.142546570831835,9.14468850159376,9.146915607784141,9.149231276468313,9.151639029401045,9.15414252838259,9.156745580827726,9.15945214555626,9.162266338813799,9.165192440531937,9.168234900837394,9.171398346819995,9.174687589569796,9.178107631494031,9.181663673925046,9.185361125030765,9.189205608039726,9.193202969793203,9.197359289637411,9.201680888669316,9.206174339350131,9.210846475501105,9.2157044026968,9.220755509071678,9.226007476556445,9.231468292561196,9.237146262123181,9.243050020537648,9.24918854649096,9.255571175715982,9.262207615190505,9.269107957900276,9.276282698189128,9.283742747719526,9.291499452067812,9.299564607979406,9.307950481310172,9.31666982568128,9.325735901875904,9.335162498007268,9.344963950488726,9.355155165837758,9.365751643347044,9.37676949865711,9.388225488266382,9.400137035015957,9.41252225458781,9.425399983056781,9.438789805538221,9.452712085974886,9.467187998108379,9.482239557682231,9.497889655925636,9.514162094368741,9.531081621042434,9.548673968117745
0.1,9.092526412955458,9.092679256641059,9.092838178262108,9.093003419511946,9.093175231695025,9.09335387610909,9.09353962444258,9.09373275918781,9.093933574070608,9.094142374497011,9.094359478017743,9.09458521481116,9.094819928185387,9.095063975100448,9.095317726711126,9.095581568931445,9.095855903021565,9.096141146198045,9.096437732268358,9.096746112290637,9.097066755259663,9.097400148820125,9.097746800008252,9.098107236022937,9.0984820050275,9.098871676983382,9.099276844516936,9.099698123820732,9.100136155590675,9.100591606000412,9.101065167714456,9.101557560941623,9.102069534530358,9.1026018671076,9.10315536826295,9.103730879779933,9.1043292769162,9.104951469734663,9.105598404487548,9.10627106505549,9.106970474443854,9.107697696338569,9.108453836723813,9.10924004556404,9.110057518552885,9.110907498931628,9.11179127937996,9.112710203981937,9.11366567027012,9.114659131350997,9.115692098114927,9.116766141533953,9.117882895051007,9.119044057064118,9.120251393509392,9.121506740546737,9.122812007352353,9.124169179022301,9.125580319591512,9.127047575172854,9.128573177221043,9.130159445926324,9.131808793743124,9.133523729059007,9.135306860009551,9.137160898444913,9.139088664054121,9.141093088653399,9.143177220644999,9.14534422965335,9.14759741134557,9.149940192443678,9.152376135936102,9.154908946496453,9.157542476117774,9.160280729970825,9.163127872495364,9.166088233733618,9.169166315915648,9.172366800306555,9.175694554326009,9.179154638950864,9.182752316412168,9.186493058198248,9.190382553376054,9.1944267172434,9.198631700325295,9.203003897728005,9.207549958865105,9.212276797570304,9.217191602612415,9.22230184862847,9.227615307491618,9.233140060131069,9.238884508822096,9.244857389964755,9.251067787370783,9.257525146078862,9.264239286719288,9.27122042044986,9.278479164485729,9.286026558246823,9.29387408014741,9.30203366505331,9.31051772243335,9.319339155232642,9.328511379496385,9.33804834477406,9.347964555335034,9.358275092227856,9.368995636216775,9.38014249163039,9.391732611158696,9.403783621636233,9.416313850850559,9.429342355416834,9.442888949760897,9.456974236254931,9.471619636551516,9.486847424163804,9.502680758341274,9.519143719292684,9.536261344809715,9.554059668347067,9.572565758616896
0.1025,9.092720995546044,9.092881576943677,9.093048543972275,9.093222150560909,9.09340266073632,9.093590349024458,9.09378550086799,9.093988413060412,9.094199394197423,9.094418765146244,9.094646859533615,9.09488402425317,9.095130619993023,9.095387021784298,9.095653619571499,9.095930818805549,9.09621904106042,9.096518724674265,9.096830325416068,9.097154317178791,9.097491192700087,9.09784146431167,9.098205664718494,9.0985843478089,9.098978089497004,9.09938748859855,9.099813167741623,9.10025577431356,9.10071598144552,9.101194489036207,9.101692024816302,9.10220934545522,9.102747237711883,9.10330651963125,9.10388804178843,9.104492688582273,9.105121379580387,9.10577507091766,9.106454756750383,9.10716147076819,9.107896287766154,9.108660325279358,9.109454745282486,9.110280755957007,9.111139613528623,9.112032624177777,9.112961146026151,9.113926591202151,9.114930427988515,9.115974183055357,9.117059443781967,9.118187860670973,9.119361149858488,9.120581095724079,9.121849553604527,9.123168452615495,9.124539798585413,9.125965677106024,9.127448256704229,9.128989792140095,9.13059262783597,9.132259201441997,9.13399204754339,9.135793801515145,9.137667203530032,9.139615102725978,9.14164046153916,9.143746360209413,9.145936001464802,9.148212715392479,9.150579964503237,9.15304134899746,9.155600612240478,9.158261646455669,9.161028498643926,9.163905376738551,9.166896656004894,9.170006885694463,9.173240795963677,9.17660330506773,9.180099526840527,9.183734778472088,9.187514588595214,9.191444705693732,9.195531106845124,9.199780006810794,9.204197867487835,9.20879140773667,9.213567613599485,9.21853374892502,9.22369736641589,9.22906631911518,9.234648772349875,9.240453216149193,9.24648847815679,9.25276373705641,9.259288536531464,9.2660727997797,9.273126844605109,9.280461399109964,9.28808761801089,9.296017099603786,9.30426190340337,9.312834568484208,9.321748132551111,9.331016151767896,9.340652721374692,9.350672497125124,9.36109071757601,9.371923227263427,9.383186500800456,9.394897667933211,9.407074539593278,9.419735634986194,9.432900209757161,9.446588285276828,9.460820679091709,9.475619036585513,9.491005863899584,9.50700456216249,9.523639463080832,9.540935865945428,9.558920076109123,9.577619444994772,9.59706241169423
0.105,9.092920382645593,9.093088892809918,9.09326410389815,9.093446282377208,9.09363570531025,9.093832660778055,9.09403744831713,9.09425037937526,9.094471777785184,9.094701980257064,9.094941336890585,9.095190211707397,9.09544898320472,9.095718044930994,9.095997806084382,9.09628869213511,9.096591145472521,9.096905626077895,9.097232612223985,9.097572601202407,9.097926110079928,9.098293676484849,9.098675859424636,9.099073240136095,9.099486422969326,9.099916036306842,9.100362733519242,9.100827193958873,9.101310123993015,9.101812258078159,9.102334359876979,9.102877223419755,9.103441674311954,9.10402857098984,9.104638806026022,9.105273307486907,9.105933040344137,9.106619007942163,9.107332253524152,9.10807386181861,9.10884496068907,9.109646722849376,9.110480367647222,9.111347162918552,9.112248426915754,9.1131855303125,9.114159898288323,9.115173012696088,9.116226414315651,9.117321705197133,9.118460551097396,9.119644684013373,9.120875904816181,9.122156085989943,9.123487174479548,9.124871194651645,9.126310251373376,9.127806533213557,9.129362315771145,9.130979965136055,9.132661941487632,9.134410802836179,9.136229208913301,9.138119925216946,9.140085827217291,9.14212990472989,9.14425526646272,9.146465144744054,9.14876290043833,9.15115202805751,9.15363616107571,9.156219077455154,9.158904705391883,9.161697129289955,9.164600595973205,9.16761952114403,9.170758496099017,9.174022294711621,9.177415880692529,9.180944415138724,9.184613264382767,9.188428008154206,9.192394448065542,9.196518616435638,9.20080678546402,9.205265476769995,9.20990147131112,9.214721819696083,9.219733852907689,9.224945193452271,9.230363766952486,9.23599781420108,9.241855903694042,9.247946944662113,9.254280200620553,9.260865303457708,9.26771226808386,9.274831507662597,9.282233849447897,9.289930551250993,9.297933318562093,9.30625432235296,9.31490621758745,9.323902162468181,9.333255838448544,9.342981471040574,9.353093851450266,9.363608359073275,9.374540984885206,9.385908355762068,9.397727759767882,9.41001717244792,9.422795284167544,9.436081528538242,9.449896111974091,9.464260044423606,9.47919517132371,9.494724206824435,9.510870768334884,9.527659412442995,9.545115672263751,9.563266096272619,9.582138288683318,9.601760951431299,9.6221639278268
0.1075,9.093124574254142,9.093301204239827,9.093484858039783,9.093675814960894,9.093874365416873,9.094080811369942,9.094295466790062,9.094518658132431,9.09475072483397,9.09499201982955,9.095242910088745,9.095503777173928,9.095775017820582,9.096057044540647,9.0963502862499,9.096655188920252,9.096972216258008,9.097301850409087,9.097644592692273,9.098000964361662,9.09837150739938,9.098756785339864,9.099157384126904,9.099573913004761,9.100007005444727,9.100457320108543,9.1009255418501,9.101412382756997,9.101918583233518,9.10244491312665,9.102992172896903,9.103561194835683,9.104152844331061,9.1047680211839,9.105407660976296,9.106072736494449,9.106764259208115,9.107483280808882,9.108230894809632,9.109008238207585,9.109816493213495,9.110656889049604,9.111530703819078,9.112439266449815,9.11338395871551,9.114366217337126,9.115387536167912,9.116449468465307,9.117553629253205,9.118701697778144,9.119895420063171,9.121136611563273,9.122427159926376,9.123769027864183,9.125164256137133,9.126614966658071,9.128123365719356,9.129691747348273,9.131322496795894,9.13301809416467,9.134781118180275,9.136614250113453,9.13852027785781,9.14050210016976,9.142562731077104,9.144705304462883,9.146933078831538,9.1492494422646,9.151657917573438,9.154162167656924,9.156766001072148,9.159473377826645,9.162288415400983,9.165215395010833,9.168258768118047,9.17142316320068,9.17471339279222,9.178134460800733,9.181691570119074,9.185390130537744,9.189235766972374,9.193234328018413,9.197391894846021,9.201714790448628,9.206209589259338,9.210883127149698,9.215742511826097,9.220795133639612,9.226048676825696,9.23151113119085,9.23719080426402,9.243096333931247,9.249236701572698,9.255621245722178,9.26225967626979,9.269162089229416,9.276338982093431,9.283801269798055,9.291560301323571,9.299627876954695,9.30801626622734,9.316738226589063,9.32580702280159,9.335236447114907,9.34504084024364,9.35523511317758,9.365834769859573,9.376855930765226,9.388315357420328,9.400230477893256,9.412619413301138,9.425501005370103,9.438894845091525,9.452821302517858,9.467301557743356,9.482357633116836,9.498012426735443,9.51428974727039,9.531214350177617,9.548811975348471,9.567109386257641,9.58613441066793,9.605915982953734,9.626484188107634,9.647870307497016
0.11,9.09333357037173,9.093518511233444,9.093710806397223,9.093910748312021,9.094118641056243,9.094334800800178,9.094559556286852,9.094793249331989,9.095036235343857,9.095288883863786,9.095551579128177,9.095824720652862,9.09610872384071,9.096404020613372,9.096711060068172,9.097030309161111,9.097362253417025,9.097707397667993,9.098066266821098,9.098439406656734,9.098827384658634,9.099230790876932,9.099650238825529,9.100086366415145,9.100539836923478,9.101011340003938,9.101501592734502,9.102011340708271,9.102541359167393,9.103092454182075,9.1036654638765,9.104261259703458,9.104880747769698,9.105524870213964,9.10619460663983,9.106890975605525,9.107615036172994,9.108367889518556,9.109150680607614,9.109964599935969,9.110810885340364,9.111690823881037,9.112605753799135,9.11355706655196,9.114546208929152,9.115574685253023,9.11664405966639,9.117755958511395,9.118912072802898,9.120114160800245,9.121364050681306,9.122663643322838,9.124014915191417,9.125419921349332,9.126880798580011,9.128399768637728,9.129979141626546,9.131621319513616,9.133328799782202,9.135104179229955,9.136950157918243,9.138869543278513,9.140865254381978,9.142940326379058,9.145097915115382,9.14734130193134,9.149673898652502,9.152099252778484,9.154621052878156,9.157243134199394,9.159969484501909,9.162804250122038,9.16575174227869,9.168816443630078,9.172003015091162,9.175316302922225,9.17876134609931,9.182343383977768,9.186067864260556,9.189940451283395,9.193967034629415,9.198153738086361,9.202506928960002,9.207033227757897,9.211739518258256,9.216632957979202,9.221720989064359,9.227011349601323,9.232512085390233,9.238231562180339,9.244178478393167,9.250361878351663,9.256791166035399,9.26347611938278,9.270426905162026,9.27765409443349,9.285168678626905,9.292982086257927,9.301106200309494,9.309553376304347,9.318336461096262,9.327468812408556,9.336964319149564,9.346837422536025,9.357103138056466,9.367777078308027,9.378875476741419,9.39041521235017,9.4024138353417,9.414889593829237,9.427861461585225,9.44134916689841,9.455373222578478,9.469954957153915,9.485116547310518,9.500881051619906,9.517272445609333,9.534315658226115,9.55203660975219,9.570462251226415,9.589620605434618,9.609540809529687,9.630253159346585,9.65178915547965,9.674181551192271
0.1125,9.093547370998406,9.09374081379082,9.093941948970514,9.09415108243064,9.094368532228417,9.094594629068826,9.094829716807569,9.09507415297401,9.095328309314924,9.095592572359857,9.095867344008978,9.096153042144302,9.096450101265214,9.096758973149282,9.097080127539325,9.097414052857822,9.097761256949717,9.098122267854775,9.098497634610634,9.098887928087809,9.099293741857892,9.099715693096265,9.100154423520742,9.1006106003675,9.101084917405847,9.101578095993323,9.102090886172777,9.102624067813043,9.103178451795012,9.103754881244841,9.104354232816204,9.104977418023555,9.105625384628377,9.106299118080582,9.106999643017218,9.10772802482078,9.108485371239475,9.109272834071932,9.11009161091891,9.11094294700464,9.111828137070617,9.112748527344701,9.1137055175885,9.114700563226187,9.115735177557971,9.11681093406158,9.117929468785267,9.119092482835983,9.120301744966486,9.121559094265335,9.122866442953848,9.124225779294289,9.125639170613697,9.127108766447975,9.12863680181098,9.130225600593636,9.131877579098205,9.13359524971311,9.135381224733875,9.137238220336027,9.13916906070597,9.141176682336152,9.143264138490988,9.145434603850433,9.147691379338161,9.150037897141779,9.152477725932652,9.155014576293313,9.157652306360696,9.160394927693778,9.16324661137456,9.166211694351658,9.169294686036148,9.172500275159718,9.175833336905534,9.179298940322674,9.182902356035406,9.186649064259047,9.190544763134573,9.194595377394664,9.19880706737438,9.203186238380148,9.207739550431324,9.21247392838915,9.217396572488493,9.222514969288403,9.227836903058137,9.233370467615961,9.239124078638756,9.245106486461115,9.251326789383432,9.257794447509214,9.264519297132653,9.271511565698333,9.278781887355866,9.286341319133054,9.294201357752248,9.302373957115392,9.310871546484442,9.319707049384734,9.328893903260099,9.338446079909597,9.348378106736966,9.358705088845094,9.369442732009134,9.380607366563183,9.392215972236889,9.404286203979714,9.416836418812185,9.429885703744922,9.443453904807962,9.45756165723446,9.472230416844772,9.487482492678547,9.503341080924548,9.51983030019977,9.53697522823151,9.5548019399982,9.573337547386997,9.592610240428465,9.612649330171052,9.63348529326058,9.655149818292552,9.677675854007768,9.701097659404576
0.115,9.093765976134208,9.093968111912,9.09417828575971,9.09439681731681,9.094624038933457,9.094860296175952,9.09510594835228,9.095361369058567,9.095626946747249,9.09590308531785,9.096190204731242,9.096488741648345,9.096799150094204,9.097121902148498,9.097457488663487,9.097806420010523,9.098169226856236,9.098546460969594,9.098938696061055,9.099346528655081,9.099770578997358,9.100211491998085,9.100669938212782,9.101146614862085,9.101642246892117,9.102157588077004,9.102693422165244,9.10325056407166,9.103829861116758,9.104432194315354,9.105058479716464,9.105709669796454,9.106386754907614,9.107090764784317,9.10782277010907,9.108583884140868,9.10937526440826,9.110198114469778,9.111053685744347,9.11194327941449,9.112868248405226,9.113829999441641,9.114829995188298,9.115869756473712,9.116950864603286,9.118074963764222,9.119243763526077,9.12045904144073,9.121722645745768,9.123036498175358,9.124402596882897,9.12582301947989,9.127299926195668,9.12883556316276,9.130432265832896,9.13209246252888,9.13381867813767,9.135613537950356,9.1374797716548,9.139420217487078,9.141437826548,9.143535667291268,9.145716930190128,9.147984932589594,9.15034312375161,9.152795090100861,9.155344560679179,9.157995412816847,9.160751678029433,9.163617548149125,9.16659738169987,9.16969571052605,9.172917246684737,9.176266889612037,9.179749733574416,9.183371075416327,9.18713642261594,9.191051501661219,9.19512226675909,9.199354908890934,9.203755865228173,9.20833182892232,9.213089759284303,9.21803689236861,9.223180751978326,9.228529161107785,9.234090253840296,9.239872487718957,9.245884656609448,9.252135904074322,9.258635737279151,9.26539404145167,9.272421094915922,9.279727584724265,9.287324622911003,9.295223763392384,9.303437019538663,9.31197688244494,9.320856339928582,9.330088896282122,9.339688592811656,9.349670029192016,9.360048385671156,9.370839446157552,9.38205962222573,9.393725978076416,9.405856256489287,9.418468905807797,9.431583107997113,9.445218807817836,9.459396743159896,9.474138476582736,9.489466428109775,9.50540390932702,9.521975158837687,9.539205379126775,9.557120774891644,9.575748592896904,9.59511716341423,9.615255943310155,9.636195560847318,9.657967862267395,9.680605960226481,9.704144284156637,9.728618632630189
0.1175,9.09398938577918,9.09420040559703,9.094419816764862,9.094647952970579,9.094885161171419,9.095131802121617,9.095388250921058,9.095654897585739,9.095932147640918,9.096220422737852,9.096520161295064,9.096831819165097,9.097155870327793,9.097492807611141,9.09784314344079,9.098207410619356,9.098586163136732,9.098979977012615,9.099389451172538,9.099815208358738,9.100257896077242,9.10071818758262,9.101196782901894,9.101694409899164,9.102211825382572,9.102749816255285,9.103309200712237,9.103890829484486,9.10449558713302,9.10512439339404,9.10577820457773,9.106458015022646,9.107164858607945,9.10789981032574,9.108663987916005,9.10945855356646,9.11028471568008,9.111143730712877,9.112036905084771,9.112965597166438,9.113931219345178,9.114935240172924,9.115979186599688,9.117064646295784,9.118193270066444,9.119366774362408,9.120586943890396,9.12185563432734,9.123174775142582,9.124546372532297,9.125972512470595,9.127455363881957,9.128997181939829,9.130600311496384,9.132267190648678,9.134000354446613,9.135802438748346,9.137676184229031,9.139624440548948,9.141650170687404,9.143756455448958,9.145946498148863,9.1482236294848,9.150591312602375,9.153053148362025,9.155612880815386,9.158274402899426,9.161041762357014,9.16391916789293,9.166910995574671,9.170021795487806,9.173256298655971,9.176619424236069,9.180116286999567,9.183752205111333,9.187532708217777,9.191463545856653,9.19555069620127,9.199800375152435,9.204219045791966,9.208813428212112,9.213590509735871,9.218557555543732,9.223722119723012,9.229092056756572,9.234675533468419,9.240481041444326,9.246517409946401,9.252793819341205,9.259319815061875,9.266105322125481,9.27316066022767,9.2804965594376,9.288124176516998,9.296055111888192,9.304301427276883,9.312875664056552,9.321790862322338,9.331060580723445,9.340698917084222,9.350720529845281,9.361140660357274,9.371975156061222,9.383240494590664,9.394953808832286,9.407132912983137,9.419796329644075,9.43296331799064,9.446653903064211,9.460888906228005,9.475689976834214,9.491079625150476,9.507081256595741,9.523719207337614,9.541018781305311,9.559006288674532,9.577709085882773,9.59715561723596,9.617375458169656,9.638399360230684,9.660259297847537,9.68298851696073,9.706621585587081,9.731194446394783,9.756744471369252
0.12,9.094217599933371,9.09443769484596,9.094666541986024,9.094904489392011,9.095151898942367,9.09540914690589,9.095676624513972,9.095954738555601,9.096243911996012,9.09654458461996,9.096857213700543,9.097182274694664,9.097520261966093,9.097871689537337,9.098237091871368,9.098617024684467,9.099012065791365,9.099422815984008,9.09984989994527,9.100293967198981,9.100755693097758,9.101235779850098,9.101734957588327,9.102253985479006,9.102793652877505,9.103354780528484,9.103938221814103,9.104544864051888,9.105175629844194,9.105831478481326,9.106513407400472,9.107222453702636,9.107959695729908,9.108726254705443,9.109523296438658,9.110352033098243,9.111213725055672,9.11210968280203,9.113041268941048,9.114009900261415,9.11501704989148,9.116064249539642,9.117153091823845,9.118285232693676,9.119462393948819,9.120686365857626,9.121959009879832,9.123282261497543,9.124658133158798,9.126088717338178,9.12757618971913,9.129122812502855,9.130730937848732,9.132403011451608,9.134141576261305,9.13594927635005,9.137828860933704,9.139783188552888,9.141815231420376,9.14392807994138,9.146124947413579,9.148409174914045,9.150784236380519,9.15325374389473,9.155821453175836,9.158491269292295,9.161267252600885,9.164153624921902,9.16715477595991,9.170275269979838,9.173519852748536,9.176893458752401,9.180401218701988,9.184048467335087,9.187840751530072,9.191783838741905,9.195883725773601,9.200146647896512,9.204579088333281,9.209187788117907,9.21397975634792,9.218962280844224,9.22414293923487,9.22952961047959,9.235130486852597,9.24095408640195,9.247009265904337,9.253305234335052,9.259851566873632,9.266658219466446,9.27373554396839,9.281094303886725,9.288745690750998,9.296701341133938,9.304973354349231,9.313574310853072,9.322517291377505,9.331815896824617,9.341484268951898,9.351537111880166,9.361989714456824,9.372857973508426,9.384158418017941,9.39590823426348,9.408125291956713,9.42082817142075,9.43403619184881,9.447769440686658,9.462048804183516,9.476895999157888,9.492333606026643,9.508385103147578,9.525074902527692,9.542428386951489,9.56047194858579,9.579233029119745,9.598740161501134,9.619023013332392,9.640112431992412,9.662040491552709,9.684840541559337,9.708547257754727,9.733196694816622,9.758826341194283,9.785475176125422
0.1225,9.094450618596822,9.09467997965884,9.094918461423248,9.09516642658116,9.095424252246364,9.09569233052884,9.0959710691311,9.096260891968232,9.096562239812618,9.096875570964258,9.09720136194778,9.097540108237153,9.097892325009223,9.098258547927207,9.098639333955358,9.099035262206003,9.09944693482029,9.099874977883946,9.100320042379433,9.10078280517601,9.101263970059124,9.101764268800759,9.102284462272337,9.102825341601887,9.103387729377213,9.10397248089692,9.104580485471182,9.105212667774243,9.105869989250689,9.106553449577651,9.10726408818516,9.108002985836935,9.108771266274063,9.109570097924022,9.110400695677676,9.111264322736915,9.112162292535794,9.113095970738053,9.114066777314061,9.115076188700376,9.116125740045165,9.11721702754291,9.118351710861972,9.11953151566869,9.12075823625182,9.12203373825139,9.123359961496023,9.124738922953117,9.126172719796335,9.127663532595067,9.12921362863074,9.130825365344997,9.132501193924988,9.13424366303125,9.136055422673817,9.13793922824248,9.139897944697296,9.141934550925757,9.144052144273218,9.146253945253475,9.148543302446683,9.150923697592022,9.153398750882904,9.155972226472729,9.158648038199598,9.161430255538662,9.16432310979119,9.167331000519754,9.170458502239278,9.173710371374233,9.177091553492433,9.180607190826525,9.184262630094567,9.188063430631624,9.192015372844692,9.196124467003871,9.200396962383142,9.204839356764595,9.209458406320659,9.214261135889283,9.21925484965773,9.224447142271245,9.229845910383446,9.235459364666074,9.241296042296293,9.2473648199406,9.253674927255048,9.26023596092232,9.267057899247034,9.274151117331446,9.281526402854633,9.289194972479187,9.297168488910334,9.30545907863345,9.314079350356945,9.323042414188562,9.332361901574266,9.342051986030038,9.352127404698118,9.362603480760479,9.373496146743609,9.384821968750085,9.396598171653741,9.408842665296794,9.42157407172876,9.434811753528587,9.448575843253078,9.462887274056412,9.477767811527308,9.493240086792287,9.509327630935362,9.526054910786497,9.543447366133309,9.561531448412563,9.580334660940341,9.599885600742063,9.620214002045987,9.641350781506329,9.663328085224805,9.686179337642095,9.709939292373594,9.73464408506679,9.76033128836062,9.787039969030443,9.81481074740551
0.125,9.094688441769584,9.09492726003572,9.095175575076588,9.095433764538088,9.095702221083474,9.095981352990535,9.096271584772511,9.096573357823717,9.096887131090824,9.097213381770846,9.097552606036874,9.097905319792677,9.098272059457303,9.098653382780887,9.099049869692896,9.099462123184116,9.099890770223679,9.100336462712605,9.100799878475222,9.101281722290034,9.101782726961563,9.10230365443484,9.102845296954186,9.10340847826809,9.103994054882001,9.104602917360925,9.105235991683834,9.105894240651935,9.10657866535292,9.107290306683469,9.108030246932282,9.108799611426067,9.109599570240972,9.110431339982092,9.11129618563372,9.112195422483191,9.11313041812122,9.11410259452178,9.11511343020471,9.116164462484297,9.117257289807286,9.11839357418386,9.119575043715303,9.12080349522215,9.12208079697688,9.123408891545251,9.124789798740641,9.126225618695868,9.127718535057141,9.129270818305075,9.130884829207698,9.132563022410842,9.13430795017125,9.136122266238175,9.138008729889316,9.13997021012725,9.142009690042737,9.14413027135155,9.146335179111695,9.148627766628245,9.151011520553187,9.153490066188104,9.156067172997693,9.158746760342565,9.161532903439992,9.164429839561702,9.167441974478137,9.170573889158977,9.173830346740106,9.177216299767647,9.180736897730059,9.184397494889742,9.188203658426112,9.192161176902454,9.19627606906951,9.200554593019127,9.205003255701934,9.209628822823484,9.21443832913395,9.219439089126986,9.224638708164077,9.230045094041227,9.23566646901565,9.241511382310696,9.247588723118081,9.253907734117151,9.26047802553178,9.267309589746258,9.274412816502403,9.281798508701025,9.289477898831754,9.297462666056246,9.305764953970717,9.314397389074852,9.32337309997517,9.332705737352036,9.342409494720727,9.352499130018073,9.362989988047566,9.373898023817038,9.3852398268044,9.39703264618839,9.40929441708265,9.422043787813088,9.435300148279959,9.44908365944786,9.463415284008445,9.478316818262524,9.493810925270026,9.509921169318265,9.526672051760896,9.54408904828213,9.562198647642813,9.581028391967381,9.600606918632899,9.620964003823923,9.642130607819455,9.664138922080815,9.687022418212104,9.710815898867699,9.73555555068419,9.761278999317318,9.788025366667563,9.815835330381462,9.84475118571913
0.1275,9.094931069451702,9.095179535976653,9.095437882946102,9.095706503262855,9.095985805453763,9.096276214291043,9.096578171438283,9.096892136122134,9.097218585830719,9.097558017039821,9.097910945967934,9.098277909361348,9.098659465310455,9.099056194098504,9.099468699084133,9.099897607618958,9.100343572001691,9.100807270470165,9.10128940823283,9.10179071854126,9.102311963805302,9.10285393675259,9.103417461634137,9.104003395477902,9.104612629392177,9.105246089920833,9.105904740452422,9.106589582685354,9.107301658151307,9.10804204979923,9.108811883642332,9.109612330470565,9.110444607631214,9.111309980880272,9.112209766307464,9.113145332337801,9.114118101812732,9.115129554154063,9.116181227613916,9.11727472161417,9.118411699178914,9.119593889463657,9.120823090385086,9.122101171355412,9.123430076125459,9.124811825740789,9.126248521615397,9.127742348727635,9.129295578943214,9.130910574470352,9.13258979145233,9.1343357837029,9.136151206590231,9.138038821075316,9.140001497910966,9.142042222007774,9.144164096973714,9.14637034983424,9.148664335940106,9.151049544070329,9.153529601738109,9.156108280707702,9.158789502730729,9.161577345510548,9.16447604890383,9.167490021368767,9.170623846669656,9.173882290848136,9.177270309471634,9.180793055170055,9.184455885472177,9.188264370953672,9.192224303709148,9.196341706161093,9.200622840219106,9.205074216803396,9.209702605746944,9.214515046091478,9.219518856792877,9.224721647852292,9.230131331889888,9.23575613617889,9.241604615158122,9.24768566344217,9.254008529348905,9.260582828964942,9.267418560770457,9.274526120845561,9.28191631868141,9.289600393620058,9.297590031948074,9.30589738466992,9.314535085988133,9.323516272518393,9.33285460326873,9.342564280413237,9.352660070891897,9.363157328869383,9.374072019086961,9.385420741143056,9.397220754739363,9.409490005930955,9.422247154420267,9.435511601936497,9.449303521743577,9.463643889321602,9.478554514268376,9.494058073469613,9.5101781455882,9.526939246925055,9.544366868706044,9.562487515851721,9.581328747288849,9.600919217864993,9.621288721929968,9.642468238650398,9.664489979126344,9.687387435381616,9.711195431302329,9.73595017560114,9.761689316887756,9.78845200092943,9.816278930188597,9.845212425728109,9.875296491578341
0.13,9.095178501643227,9.09543680748169,9.095705385031849,9.095984642755521,9.096275005357297,9.096576914430441,9.096890829128498,9.097217226863568,9.097556604032395,9.09790947677128,9.098276381741062,9.09865787694328,9.0990545425688,9.099466981880196,9.099895822129206,9.10034171551069,9.1008053401545,9.10128740115681,9.101788631652456,9.102309793929905,9.102851680590573,9.103415115754258,9.104000956312461,9.104610093231612,9.105243452908061,9.105901998576984,9.106586731777313,9.107298693874903,9.108038967646287,9.108808678925405,9.109608998315814,9.110441142970977,9.111306378445377,9.112206020619201,9.113141437699596,9.114114052301485,9.115125343611135,9.116176849635767,9.117270169542614,9.118406966091005,9.119588968161144,9.12081797338348,9.122095850872597,9.123424544069856,9.124806073699048,9.126242540839613,9.127736130122026,9.129289113050302,9.130903851456578,9.132582801093092,9.134328515367004,9.136143649223731,9.138030963184693,9.139993327545655,9.142033726741985,9.144155263887534,9.146361165493987,9.148654786377893,9.15103961476283,9.153519277584461,9.156097546006551,9.158778341156335,9.161565740087966,9.164463981983099,9.16747747459805,9.170610800967346,9.173868726373827,9.17725620559595,9.180778390443276,9.184440637591612,9.188248516729747,9.192207819030132,9.196324565956433,9.200605018421296,9.205055686308327,9.209683338372688,9.21449501253543,9.219498026587186,9.224699989317516,9.230108812086833,9.235732720858493,9.241580268709376,9.24766034883796,9.253982208089695,9.260555461020227,9.267390104517869,9.274496533007582,9.281885554259548,9.2895684058264,9.29755677213414,9.305862802252669,9.314499128373033,9.32347888501943,9.332815729025242,9.34252386030343,9.35261804344293,9.363113630163879,9.374026582665786,9.38537349790425,9.397171632833045,9.409438930650039,9.422194048086848,9.435456383783709,9.449246107792755,9.46358419225456,9.478492443294604,9.493993534188187,9.510111039844222,9.52686947266036,9.54429431980398,9.562412081975754,9.581250313714758,9.600837665306374,9.62120392635682,9.642380071100481,9.664398305509037,9.687292116273978,9.711096321737049,9.73584712484605,9.761582168216583,9.788340591383433,9.8161630903287,9.845091979377228,9.875171255553402,9.906446665497295
0.1325,9.09543073834421,9.095699074550886,9.095978081333884,9.096268183016152,9.096569820794143,9.096883453408802,9.097209557843232,9.09754863004811,9.097901185695942,9.098267760965324,9.09864891335637,9.099045222538594,9.09945729123247,9.099885746126096,9.100331238828268,9.100794446859469,9.101276074682277,9.101776854772728,9.1022975487343,9.102838948456185,9.103401877317614,9.103987191440098,9.104595780989436,9.105228571529523,9.105886525429971,9.10657064332973,9.107281965658885,9.108021574220984,9.108790593838297,9.10959019406247,9.110421590953239,9.111286048927855,9.11218488268406,9.113119459199527,9.114091199810817,9.115101582375003,9.116152143517247,9.117244480967777,9.118380255991761,9.119561195915836,9.120789096755093,9.122065825944535,9.12339332517914,9.124773613366884,9.126208789699167,9.127701036843362,9.129252624262303,9.130865911665783,9.132543352599303,9.134287498175526,9.136101000954135,9.137986618975939,9.139947219957453,9.14198578565223,9.144105416385658,9.146309335770074,9.148600895607382,9.150983580986638,9.153461015584334,9.15603696717546,9.15871535336372,9.161500247539616,9.164395885075464,9.167406669766766,9.170537180529713,9.173792178365058,9.177176613598878,9.1806956334113,9.18435458966461,9.188159047042653,9.192114791513918,9.196227839131156,9.200504445180941,9.204951113697065,9.209574607352264,9.214381957743282,9.219380476084952,9.224577764329542,9.229981726728274,9.235600581852614,9.241442875093602,9.24751749165824,9.253833670082704,9.260401016282946,9.267229518164013,9.274329560810369,9.281711942280252,9.28938789002816,9.297369077980377,9.30566764428956,9.314296209795367,9.323267897219207,9.332596351122307,9.342295758657466,9.352380871146025,9.362867026512909,9.373770172613849,9.385106891490242,9.396894424588577,9.409150698982778,9.421894354639303,9.435144772766542,9.448922105291576,9.463247305509151,9.478142159949483,9.493629321513362,9.509732343924966,9.526475717554757,9.543884906666971,9.56198638814836,9.580807691777059,9.600377442092856,9.620725401932539,9.64188251769653,9.66388096641567,9.686754204689718,9.71053701957203,9.735265581477774,9.760977499196184,9.787711877090503,9.815509374572628,9.844412267942888,9.874464514689052,9.9057118203423,9.938201707991901
0.135,9.095687779554698,9.095966337184297,9.096255971852267,9.096557124044809,9.096870251764372,9.097195831226198,9.097534357582568,9.097886345675843,9.098252330821458,9.098632869622055,9.099028540813968,9.099439946147404,9.099867711301593,9.10031248683635,9.100774949181469,9.10125580166546,9.101755775585199,9.10227563131811,9.102816159478575,9.103378182120327,9.103962553986664,9.104570163810372,9.105201935665342,9.105858830371936,9.106541846958242,9.107252024179427,9.107990442097522,9.108758223724019,9.109556536727785,9.110386595210906,9.111249661555133,9.112147048341766,9.113080120347878,9.114050296621912,9.11505905264184,9.116107922559122,9.117198501531902,9.118332448150994,9.11951148696233,9.120737411089713,9.122012084961895,9.123337447148048,9.124715513306041,9.126148379247931,9.127638224127363,9.129187313753711,9.130798004038033,9.132472744576026,9.134214082373495,9.136024665719933,9.137907248216173,9.13986469296218,9.141899976911375,9.14401619539814,9.146216566845327,9.148504437659,9.150883287317797,9.153356733664685,9.15592853840916,9.158602612848231,9.16138302381491,9.164273999863262,9.167279937699396,9.170405408868207,9.17365516670601,9.177034153569663,9.18054750835318,9.184200574303217,9.187998907145385,9.191948283533696,9.196054709836039,9.20032443126898,9.204763941395875,9.209379992002638,9.214179603366276,9.219170074931736,9.224358996413361,9.22975425933779,9.235364069045897,9.241196957171997,9.247261794619318,9.253567805051453,9.260124578920342,9.26694208805207,9.274030700812743,9.281401197877415,9.289064788626124,9.297033128191947,9.305318335186993,9.313933010133308,9.322890254626737,9.332203691262851,9.341887484355293,9.351956361478017,9.36242563586421,9.373311229695949,9.384629698320039,9.396398255426814,9.408634799230267,9.421357939689273,9.434587026811332,9.448342180081879,9.462644319063905,9.477515195214481,9.492977424966499,9.509054524126027,9.525770943637527,9.543152106771398,9.561224447790346,9.580015452153438,9.599553698318957,9.619868901209667,9.640991957406571,9.662954992139912,9.685791408148908,9.70953593648449,9.734224689332352,9.759895214936636,9.786586554707794,9.814339302601478,9.843195666858774,9.873199534201675,9.904396536581444,9.936834120581372,9.97056161957947
0.1375,9.095949625274747,9.096238595381978,9.096539056587059,9.09685146584156,9.097176298268055,9.09751404788271,9.097865228346587,9.098230373746857,9.09861003940904,9.099004802741577,9.099415264113969,9.099842047769837,9.1002858027763,9.100747204011096,9.101226953188961,9.101725779928827,9.102244442863446,9.10278373079315,9.103344463885483,9.103927494922555,9.10453371059797,9.105164032865348,9.105819420340467,9.106500869759163,9.107209417493204,9.107946141126432,9.108712161093614,9.109508642384423,9.110336796315208,9.11119788237121,9.112093210122032,9.11302414121329,9.113992091437451,9.114998532887025,9.116044996193391,9.117133072854633,9.118264417655949,9.119440751186335,9.12066386245531,9.121935611613711,9.123257932782705,9.124632836995268,9.126062415254648,9.127548841714457,9.12909437698521,9.13070137157236,9.132372269451052,9.134109611783018,9.135916040781298,9.137794303728628,9.139747257155628,9.141777871185152,9.143889234049375,9.14608455678653,9.148367178124396,9.15074056955799,9.153208340629197,9.155774244416314,9.15844218324193,9.16121621460776,9.164100557365506,9.167099598133087,9.170217897966038,9.173460199294198,9.176831433134247,9.180336726589054,9.18398141064525,9.18777102828089,9.19171134289551,9.195808347075436,9.200068271707643,9.20449759545605,9.209103054614657,9.213891653352487,9.218870674365967,9.22404768995488,9.229430573538801,9.235027511631491,9.240847016291466,9.2468979380677,9.253189479460124,9.259731208915401,9.266533075379288,9.273605423427682,9.280959008999385,9.288605015754516,9.296555072083432,9.30482126879207,9.313416177490549,9.322352869713058,9.331644936798073,9.341306510559146,9.351352284777734,9.361797537550713,9.372658154526595,9.383950653065803,9.395692207361702,9.407900674560654,9.420594621920776,9.433793355050748,9.447516947271575,9.46178627014603,9.476623025222128,9.492049777039,9.50808998744529,9.52476805128233,9.542109333486328,9.560140207666047,9.578888096214573,9.598381512016276,9.61865010181233,9.639724691290766,9.661637331969663,9.684421349944751,9.708111396575593,9.732743501187423,9.758355125868805,9.784985222448453,9.812674291737881,9.841464445129958,9.871399468647084,9.902524889536403,9.934888045513295,9.968538156758507,10.003526400778398
0.14,9.096216275504405,9.096515849143985,9.096827335538322,9.09715120840647,9.097487960305262,9.09783810337841,9.098202170135373,9.098580714261242,9.098974311458784,9.099383560323998,9.099809083256488,9.100251527406016,9.100711565656724,9.10118989765048,9.101687250850905,9.102204381649743,9.102742076517202,9.103301153198043,9.103882461955243,9.104486886863102,9.10511534715178,9.105768798605292,9.106448235015103,9.10715468969152,9.107889237035197,9.108652994171118,9.10944712264756,9.11027283020263,9.111131372601031,9.11202405554388,9.112952236654476,9.113917327543009,9.114920795953413,9.115964167995557,9.117049030466214,9.11817703326233,9.119349891890254,9.120569390074737,9.12183738247171,9.123155797488915,9.124526640218702,9.125951995487469,9.127434031026338,9.128975000767943,9.130577248274312,9.132243210301041,9.133975420503232,9.13577651328878,9.137649227824896,9.139596412203966,9.14162102777504,9.143726153647606,9.145914991374426,9.148190869820612,9.150557250226324,9.153017731470781,9.15557605554562,9.158236113245884,9.161001950087346,9.16387777245913,9.166867954020994,9.16997704235501,9.173209765881774,9.17657104105163,9.180065979821865,9.18369989743125,9.187478320483745,9.191406995353661,9.195491896925068,9.199739237678742,9.204155477140457,9.20874733170501,9.213521784850924,9.218486097761321,9.223647820367198,9.229014802829807,9.234595207479702,9.24039752123051,9.246430568486394,9.2527035245628,9.25922592964088,9.26600770327686,9.273059159488398,9.280391022440854,9.288014442757405,9.2959410144777,9.30418279269096,9.312752311870272,9.321662604935971,9.330927223077149,9.340560256361377,9.350576355164026,9.360990752449784,9.371819286940225,9.3830784272027,9.394785296697172,9.4069576998191,9.419614148977976,9.432773892752692,9.446456945166597,9.460684116126709,9.475477043073461,9.490858223889031,9.50685105111438,9.523479847527005,9.540769903133537,9.558747513633426,9.577440020412249,9.596875852125436,9.617084567935688,9.638096902469844,9.659944812563547,9.682661525864859,9.706281591370695,9.730840931972986,9.756376899094452,9.782928329497098,9.810535604349862,9.8392407106452,9.86908730505805,9.90012078034432,9.93238833437982,9.965939041944711,10.000823929362602,10.037096052107815
0.14250000000000002,9.09648773024373,9.096798098470378,9.097120808706118,9.097456351739607,9.097805237876072,9.09816799771338,9.098545182949016,9.098937367219095,9.099345146970792,9.099769142369427,9.10020999824164,9.100668385056066,9.101144999943005,9.101640567754648,9.102155842167457,9.10269160682838,9.103248676546652,9.103827898532995,9.104430153688071,9.105056357942203,9.10570746364835,9.10638446103048,9.107088379689545,9.107820290169325,9.108581305584574,9.109372583313858,9.110195326759767,9.11105078717908,9.11194026558573,9.112865114729434,9.113826741153016,9.114826607331521,9.11586623389641,9.1169472019482,9.118071155461061,9.119239803783035,9.120454924235693,9.121718364817143,9.123032047012558,9.124397968716435,9.125818207271086,9.127294922625943,9.128830360622505,9.130426856409903,9.132086837996303,9.133812829941517,9.135607457196478,9.137473449095365,9.13941364350651,9.141430991148347,9.143528560077003,9.14570954035234,9.147977248889545,9.150335134503642,9.152786783154632,9.155335923401173,9.157986432071167,9.160742340157825,9.163607838950195,9.166587286407506,9.169685213786941,9.172906332535042,9.176255541453097,9.179737934147509,9.183358806776425,9.187123666104414,9.191038237877466,9.195108475531024,9.199340569244299,9.203740955354663,9.208316326146397,9.213073640028714,9.218020132118534,9.223163325244082,9.228511041386076,9.234071413573888,9.239852898254782,9.245864288155017,9.252114725652419,9.258613716680719,9.265371145186824,9.27239728816302,9.279702831276945,9.287298885123114,9.295197002120744,9.303409194083512,9.311947950488047,9.32082625746889,9.330057617568814,9.339656070274586,9.349636213369358,9.360013225134171,9.370802887432381,9.382021609712059,9.393686453962916,9.405815160665691,9.41842617577348,9.431538678766026,9.44517261181968,9.459348710137354,9.474088533484613,9.489414498979894,9.505349915188708,9.52191901757365,9.539147005354213,9.557060079832388,9.57568548424239,9.595051545185116,9.615187715710332,9.63612462011214,9.657894100505859,9.680529265257125,9.704064539336931,9.728535716679136,9.753980014620094,9.78043613050323,9.807944300534624,9.836546360979119,9.866285811790041,9.897207882769315,9.929359602358558,9.962789869165823,9.997549526336757,10.033691438883256,10.071270574087283
0.14500000000000002,9.096763989492775,9.097085343361218,9.097419476090511,9.097766895841042,9.098128130980552,9.098503730887703,9.098894266787598,9.099300332620507,9.099722545945164,9.10016154887797,9.100618009069546,9.101092620720117,9.10158610563528,9.102099214323756,9.102632727138783,9.103187455464912,9.103764242951991,9.104363966798209,9.10498753908419,9.105635908160098,9.106310060087939,9.107011020141194,9.107739854364096,9.108497671192909,9.109285623141684,9.110104908555035,9.110956773430646,9.111842513314215,9.112763475269784,9.11372105992839,9.11471672361822,9.115751980579436,9.1168284052671,9.117947634745667,9.119111371178695,9.12032138441757,9.121579514693162,9.122887675414526,9.124247856078899,9.125662125297401,9.127132633941073,9.128661618412009,9.130251404044575,9.131904408641871,9.13362314615284,9.135410230495582,9.137268379532726,9.139200419204869,9.141209287828397,9.14329804056421,9.14546985406415,9.147728031302199,9.150076006597804,9.15251735083894,9.155055776912903,9.157695145353031,9.160439470210013,9.163292925156641,9.16625984983534,9.16934475645813,9.172552336669018,9.175887468679301,9.179355224686603,9.182960878588954,9.186709914005604,9.19060803261683,9.194661162835354,9.198875468822623,9.203257359863606,9.20781350011442,9.212550818737565,9.217476520440211,9.222598096431561,9.22792333581594,9.233460337438956,9.239217522204749,9.24520364588304,9.251427812425492,9.257899487811603,9.264628514445223,9.271625126123558,9.278899963601456,9.286464090774631,9.294329011506443,9.302506687123833,9.31100955460901,9.319850545514573,9.32904310563083,9.338601215435236,9.348539411355024,9.358872807875413,9.369617120526993,9.380788689787236,9.392404505932534,9.404482234878504,9.417040245047906,9.430097635307037,9.443674264013058,9.45779077921647,9.472468650064668,9.48773019945432,9.503598637982261,9.520098099246518,9.537253676551163,9.555091461070852,9.573638581533036,9.592923245478259,9.61297478216127,9.633823687158204,9.655501668747668,9.67804169613632,9.701478049602223,9.725846372632281,9.75118372613308,9.777528644797512,9.804921195712978,9.833403039300288,9.86301749267592,9.893809595534059,9.925826178648538,9.959115935098954,9.993729494329209,10.029719499151165,10.067140685810486,10.106049967236462
0.14750000000000002,9.097045053251597,9.097377583816561,9.09772333769157,9.098082840710843,9.098456639618782,9.09884530290146,9.099249421651209,9.099669610465574,9.100106508382005,9.100560779849744,9.101033115740327,9.1015242343983,9.10203488273369,9.10256583735795,9.103117905765044,9.103691927559519,9.104288775733403,9.104909357993895,9.105554618143824,9.10622553751703,9.10692313647081,9.107648475937717,9.108402659039065,9.109186832762603,9.110002189706886,9.110849969895037,9.111731462660616,9.112648008608492,9.113601001653683,9.114591891141275,9.115622184050656,9.11669344728737,9.11780731006615,9.11896546638868,9.120169677619902,9.12142177516678,9.12272366326357,9.124077321867867,9.125484809671795,9.12694826723296,9.128469920229906,9.130052082847007,9.131697161293994,9.13340765746541,9.13518617274561,9.137035411965057,9.138958187513945,9.140957423619415,9.143036160792855,9.145197560454035,9.147444909739155,9.149781626500072,9.152211264502325,9.154737518829874,9.157364231504774,9.160095397330286,9.162935169966401,9.165887868246912,9.168957982747719,9.172150182616338,9.175469322672976,9.178920450793996,9.182508815589,9.186239874383197,9.19011930151721,9.194152996976918,9.198347095366492,9.202707975238257,9.207242268793557,9.211956871969411,9.216858954926252,9.221955972952752,9.227255677804289,9.232766129492294,9.23849570854244,9.24445312874028,9.25064745038376,9.25708809406271,9.26378485498633,9.270747917880428,9.277987872477054,9.285515729620135,9.29334293801157,9.301481401623258,9.309943497801568,9.31874209609175,9.327890577810948,9.337402856399578,9.347293398582007,9.357577246368752,9.368270039933616,9.379388041400615,9.390948159576821,9.402967975668775,9.415465770021564,9.42846054992125,9.441972078502914,9.456020904808309,9.470628395038815,9.485816765051263,9.501609114146001,9.51802946019867,9.535102776189042,9.552855028182538,9.571313214822172,9.59050540839099,9.61046079750746,9.631209731518757,9.652783766659446,9.675215714045795,9.69853968957869,9.722791165831074,9.748007025998808,9.77422561999703,9.80148682278731,9.829832095024337,9.859304546114348,9.889948999781243,9.921812062240058,9.95494219308153,9.989389778975521,10.025207210305425,10.062448960850087,10.101171670634438,10.141434232074804
0.15000000000000002,9.09733092152025,9.097674819836469,9.098032393509355,9.098404186349084,9.09879076379084,9.099192713754732,9.099610647539942,9.100045200754394,9.100497034281421,9.10096683528486,9.101455318254107,9.101963226090746,9.10249133123838,9.103040436857391,9.103611378046413,9.104205023112382,9.104822274891093,9.105464072120265,9.106131390867203,9.106825246013248,9.10754669279723,9.108296828420338,9.109076793714767,9.109887774878743,9.110731005280547,9.111607767334258,9.112519394450105,9.113467273062371,9.114452844737924,9.11547760836863,9.116543122450905,9.117651007455953,9.118802948294238,9.12000069687797,9.121246074785471,9.122540976031521,9.123887369947848,9.125287304178167,9.126742907792325,9.12825639452428,9.129830066138842,9.131466315932297,9.133167632372233,9.13493660288211,9.136775917776331,9.138688374351792,9.140676881142133,9.142744462341165,9.144894262402214,9.147129550820342,9.149453727104744,9.151870325948897,9.154383022606279,9.15699563847987,9.159712146933941,9.16253667933693,9.16547353134464,9.168527169433288,9.171702237692353,9.17500356488755,9.178436171804664,9.182005278885436,9.185716314167088,9.189574921537586,9.193586969319167,9.197758559193227,9.2020960354801,9.20660599478787,9.211295296044879,9.2161710709312,9.221240734724926,9.226511997579783,9.231992876251214,9.237691706288773,9.24361715471337,9.249778233198636,9.256184311776497,9.26284513308774,9.2697708271993,9.27697192701078,9.28445938427364,9.29224458624741,9.300339373018284,9.308756055506418,9.317507434189313,9.326606818569783,9.336068047418113,9.345905509819161,9.356134167056483,9.366769575366689,9.377827909598702,9.389325987813868,9.401281296864344,9.41371201898868,9.426637059465023,9.44007607536402,9.454049505445157,9.46857860124197,9.483685459383477,9.499393055200906,9.51572527767091,9.532706965748366,9.550363946144047,9.56872307260462,9.587812266754687,9.60766056056306,9.628298140497757,9.649756393436984,9.672067954405847,9.69526675621144,9.719388081051825,9.744468614177322,9.77054649968581,9.797661398536851,9.82585454887288,9.85516882873921,9.885648821298261,9.917340882637149,9.950293212271818,9.984555926454915,10.0201811343989,10.057223017530324,10.09573791189582,10.13578439384509,10.177423369121252
0.15250000000000002,9.097621594298793,9.097977051421005,9.098346643543934,9.098730932755835,9.099130503496802,9.099545963447607,9.099977944453885,9.100427103487066,9.100894123643519,9.101379715183434,9.10188461661101,9.102409595797594,9.102955451149498,9.103523012822235,9.104113143983056,9.104726742123686,9.105364740425257,9.106028109177533,9.106717857254562,9.107435033649,9.108180729067474,9.108956077589353,9.109762258391516,9.110600497541675,9.111472069863039,9.112378300873099,9.113320568799548,9.114300306676318,9.115319004523018,9.116378211611002,9.11747953881956,9.118624661085823,9.119815319952059,9.121053326214284,9.122340562676207,9.123678987012664,9.125070634746931,9.12651762234644,9.128022150441588,9.129586507172544,9.131213071669164,9.132904317669261,9.134662817280784,9.136491244893582,9.138392381246748,9.140369117657677,9.142424460419328,9.144561535372315,9.14678359265885,9.149094011665689,9.15149630616368,9.153994129651661,9.15659128091289,9.15929170979241,9.162099523204164,9.165018991377014,9.168054554349101,9.171210828720492,9.174492614674342,9.177904903277266,9.18145288407002,9.18514195296003,9.188977720427788,9.192966020059576,9.197112917419519,9.201424719274437,9.20590798318554,9.21056952748156,9.215416441628458,9.22045609701153,9.225696158146249,9.231144594334951,9.236809691787046,9.242700066221232,9.24882467596883,9.255192835598224,9.261814230081088,9.268698929521952,9.275857404473525,9.283300541861067,9.291039661540006,9.299086533512014,9.307453395825707,9.316152973189212,9.325198496322885,9.334603722081651,9.34438295437752,9.354551065934167,9.365123520906602,9.376116398400372,9.387546416926062,9.399430959826265,9.411788101713741,9.424636635960919,9.437996103282613,9.451886821455368,9.4663299162187,9.481347353405166,9.496961972348183,9.513197520618386,9.530078690141359,9.547631154751686,9.565881609240432,9.584857809955418,9.604588617016116,9.625104038207292,9.646435274618177,9.66861476809665,9.691676250590488,9.715654795450842,9.740586870775903,9.76651039487591,9.793464793943865,9.821491062019657,9.850631823338805,9.880931397160635,9.912435865174514,9.945193141586623,9.979253045993895,10.01466737915593,10.05149000178014,10.089776916439938,10.129586352750547,10.170978855931992,10.21401737889393
0.15500000000000003,9.097917071587286,9.098284278570233,9.09866608779538,9.099063079931172,9.09947585873675,9.099905051980171,9.100351312393135,9.100815318663692,9.101297776468408,9.101799419545586,9.102321010811163,9.10286334351898,9.10342724246719,9.104013565252643,9.104623203575152,9.105257084593617,9.105916172336098,9.106601469165922,9.107314017306136,9.10805490042455,9.108825245281817,9.109626223445062,9.110459053069638,9.11132500075175,9.112225383454737,9.113161570511972,9.114134985709383,9.115147109450813,9.11619948100948,9.117293700868947,9.118431433157225,9.119614408177632,9.120844425040307,9.122123354398381,9.123453141292933,9.124835808111094,9.126273457661778,9.127768276373724,9.129322537620698,9.13093860517896,9.132618936822173,9.13436608805931,9.136182716021167,9.13807158350147,9.140035563158628,9.142077641884619,9.14420092534759,9.146408642715096,9.148704151565168,9.15109094299268,9.153572646918768,9.156153037611396,9.158836039425433,9.161625732771022,9.164526360319256,9.167542333454659,9.170678238984232,9.173938846113321,9.17732911369886,9.180854197791072,9.184519459475071,9.188330473024282,9.19229303437811,9.196413169956736,9.20069714582643,9.205151477229352,9.20978293849231,9.214598573329567,9.219605705555338,9.224811950222305,9.230225225203057,9.235853763232093,9.241706124426704,9.247791209305742,9.254118272326142,9.260696935957707,9.267537205317637,9.274649483387,9.282044586832331,9.289733762456406,9.297728704303195,9.306041571443055,9.314685006465163,9.323672154705351,9.333016684238562,9.34273280666637,9.352835298731138,9.363339524789719,9.374261460180874,9.385617715521938,9.397425561971719,9.409702957498002,9.422468574189661,9.43574182665491,9.449542901548847,9.463892788275258,9.478813310909343,9.49432716138992,9.510457934031608,9.527230161409467,9.54466935167068,9.562802027330033,9.581655765608179,9.601259240374073,9.621642265755336,9.642835841482912,9.664872200038953,9.687784855679668,9.71160865540769,9.736379831971464,9.76213605897232,9.788916508162988,9.816761909024724,9.845714610713689,9.875818646470735,9.907119800592621,9.939665678066472,9.973505776973402,10.008691563771444,10.045276551572222,10.083316381530487,10.122868907470222,10.163994283876088,10.206755057383983,10.251216261909867
0.15750000000000003,9.098217353385786,9.098596501284216,9.098990726263759,9.09940062787517,9.099826829510764,9.10026997935251,9.100730751357785,9.101209846284373,9.101707992756197,9.102225948371432,9.102764500854697,9.103324469255043,9.103906705191608,9.10451209414878,9.105141556822872,9.105796050522372,9.10647657062382,9.107184152085651,9.107919871022167,9.108684846340152,9.109480241440542,9.110307265987768,9.111167177749461,9.11206128450932,9.11299094605603,9.113957576251288,9.11496264518006,9.11600768138634,9.117094274197827,9.11822407614303,9.119398805464508,9.120620248732036,9.1218902635597,9.12321078143103,9.124583810636478,9.126011439327709,9.127495838693358,9.12903926626106,9.130644069330792,9.13231268854475,9.134047661599192,9.135851627103866,9.137727328594927,9.139677618707436,9.141705463513771,9.143813947034563,9.146006275929023,9.148285784371772,9.150655939123617,9.153120344803954,9.155682749372863,9.158347049831177,9.161117298147229,9.163997707419297,9.166992658283089,9.170106705574042,9.173344585254545,9.176711221616644,9.180211734771161,9.18385144843464,9.187635898025933,9.191570839084786,9.195662256025177,9.199916371236748,9.204339654548185,9.208938833066908,9.213720901410044,9.218693132342283,9.223863087836724,9.229238630575606,9.234827935908367,9.240639504285243,9.246682174185304,9.252965135558602,9.259497943802865,9.266290534296003,9.27335323750652,9.280696794704829,9.288332374299348,9.296271588822234,9.304526512590593,9.313109700070015,9.322034204968382,9.33131360008897,9.340961997973059,9.350994072363434,9.36142508052143,9.37227088643147,9.383547984928368,9.39527352678412,9.407465344792328,9.420141980889921,9.433322714357445,9.447027591140797,9.461277454339013,9.47609397590447,9.491499689603728,9.507518025289135,9.524173344533335,9.541490977680866,9.559497262373192,9.578219583605819,9.597686415378336,9.617927364000803,9.638973213122322,9.660855970550275,9.683608916931453,9.707266656369107,9.731865169052918,9.757441865981916,9.7840356458636,9.811686954275796,9.84043784518119,9.870332044888183,9.90141501855525,9.933734039340022,9.967338260298218,10.0022787891418,10.038608765970029,10.076383444091654,10.11566027406116,10.156498991056845,10.198961705733659,10.243112998688932,10.289020018684697
0.16,9.098522439694356,9.09891371956302,9.099320558949143,9.099743576587903,9.100183415818929,9.100640745564714,9.101116261347931,9.101610686349215,9.102124772507,9.102659301661099,9.103215086741741,9.103792973005927,9.104393839322906,9.105018599510807,9.1056682037264,9.106343639910138,9.10704593528864,9.10777615793695,9.1085354184029,9.109324871396074,9.110145717543935,9.110999205217778,9.11188663243132,9.112809348814748,9.113768757667303,9.11476631809147,9.115803547212035,9.116882022483392,9.118003384088595,9.119169337433826,9.12038165574203,9.12164218274971,9.122952835510965,9.124315607313017,9.125732570707688,9.127205880663423,9.128737777842659,9.13033059200952,9.131986745573014,9.133708757271158,9.135499246001563,9.137360934804382,9.139296655003626,9.141309350513174,9.143402082314005,9.14557803310948,9.147840512165754,9.150192960344643,9.152638955336677,9.155182217102194,9.15782661352886,9.160576166314131,9.163435057081651,9.166407633740874,9.169498417099591,9.172712107739404,9.176053593164616,9.179527955235399,9.183140477896577,9.186896655213715,9.190802199728811,9.194863051148241,9.199085385376208,9.2034756239074,9.208040443593188,9.212786786796164,9.217721871948514,9.22285320453024,9.22818858848397,9.233736138083673,9.239504290275379,9.245501817508623,9.251737841078178,9.258221844996324,9.26496369041679,9.271973630632273,9.279262326668377,9.286840863497668,9.294720766898509,9.30291402098432,9.31143308642993,9.320290919422735,9.329500991367471,9.339077309374614,9.349034437563532,9.359387519212795,9.370152299791354,9.381345150905593,9.392983095198707,9.40508383224023,9.417665765445154,9.430748030063523,9.444350522283111,9.458493929489439,9.47319976172914,9.488490384424555,9.504389052389307,9.520919945196564,9.538108203953838,9.555979969540212,9.574562422364156,9.593883823702436,9.61397355868294,9.634862180976851,9.6565814592681,9.679164425570796,9.702645425468122,9.727060170349105,9.75244579172271,9.778840897691863,9.806285631673308,9.834821733452587,9.864492602667028,9.895343364813268,9.927420939879726,9.960774113708377,9.995453612194408,10.031512178436547,10.069004652955448,10.107988057102101,10.148521679783151,10.190667167634954,10.234488618783615,10.280052680333473,10.327428649732393
0.1625,9.098832330513057,9.099235933406712,9.099655585851602,9.100091926069451,9.100545617661325,9.101017350616873,9.101507842363672,9.102017838858321,9.102548115720934,9.103099479414706,9.103672768472434,9.104268854771774,9.10488864486124,9.105533081338898,9.106203144285917,9.106899852757115,9.107624266330763,9.108377486720046,9.109160659448584,9.109974975592584,9.110821673592282,9.111702041135409,9.112617417115551,9.113569193668399,9.114558818288955,9.115587796032944,9.116657691805768,9.117770132742463,9.118926810682325,9.120129484741918,9.121379983990419,9.12268021023133,9.124032140894831,9.125437832045131,9.12689942150742,9.128419132119163,9.129999275110682,9.13164225362018,9.13335056634854,9.135126811359445,9.136973690030649,9.138894011162328,9.140890695248856,9.1429667789204,9.145125419561182,9.147369900111375,9.149703634059943,9.152130170636045,9.154653200206868,9.157276559890118,9.160004239389695,9.16284038706343,9.165789316232122,9.16885551173945,9.172043636772752,9.175358539955052,9.178805262719088,9.1823890469746,9.186115343080514,9.189989818134137,9.19401836459,9.198207109221437,9.202562422438529,9.207090927976592,9.211799512969954,9.216695338426309,9.221785850117623,9.227078789904121,9.23258220750859,9.238304472758918,9.244254288317466,9.250440702916647,9.256873125120855,9.263561337635643,9.270515512185941,9.27774622498593,9.285264472824116,9.293081689788027,9.301209764654047,9.309661058968747,9.318448425849285,9.327585229531424,9.337085365694927,9.346963282597235,9.35723400304757,9.367913147254868,9.37901695658435,9.390562318258777,9.402566791042052,9.415048631944149,9.42802682398806,9.441521105080929,9.455551998033341,9.470140841772388,9.485309823795982,9.501082013917829,9.517481399354327,9.53453292120678,9.552262512394439,9.570697137096026,9.589864831759753,9.609794747744218,9.630517195655,9.652063691444448,9.674467004344697,9.697761206706902,9.721981725822419,9.747165397804816,9.773350523614608,9.800576927311957,9.828886016625946,9.858320845932505,9.888926181736831,9.920748570759834,9.95383641073221,9.98824002400379,10.024011734080114,10.061205945202627,10.099879225093556,10.140090390991276,10.181900599107012,10.22537343763896,10.270575023485234,10.317574102802755,10.366442155564995
0.165,9.099147025841948,9.09956314281536,9.099995806971211,9.100445676319891,9.100913435038041,9.101399794509081,9.101905494405106,9.102431303811803,9.102978022398112,9.103546481632382,9.104137546046907,9.104752114552735,9.10539112180677,9.106055539633221,9.10674637850161,9.107464689063503,9.10821156375041,9.108988138435176,9.10979559415947,9.110635158929954,9.111508109585884,9.112415773740977,9.113359531802502,9.114340819070646,9.115361127921386,9.116422010076148,9.11752507896173,9.118672012164065,9.11986455397956,9.121104518067897,9.122393790210317,9.12373433117759,9.125128179712048,9.126577455628183,9.128084363036548,9.129651193695869,9.131280330498441,9.132974251094144,9.13473553165855,9.136566850810894,9.13847099368783,9.140450856179202,9.142509449332229,9.144649903930855,9.146875475257186,9.149189548042276,9.151595641613786,9.154097415248344,9.15669867373675,9.15940337317049,9.162215626958346,9.165139712082288,9.168180075602114,9.17134134141877,9.174628317306619,9.178046002225349,9.181599593922673,9.18529449683933,9.189136330328456,9.193130937201818,9.197284392615883,9.201603013311257,9.206093367219562,9.210762283452333,9.21561686268712,9.220664487966653,9.225912835927414,9.231369888474747,9.237043944922252,9.242943634613914,9.249077930048177,9.255456160523913,9.262088026329064,9.268983613493502,9.276153409128572,9.283608317376636,9.291359675994897,9.29941927359869,9.307799367590489,9.316512702801914,9.325572530877057,9.334992630426639,9.344787327983623,9.354971519792187,9.36556069446318,9.376570956530513,9.388019050944331,9.399922388538206,9.41229907250909,9.425167925950316,9.438548520479495,9.452461206004882,9.466927141675466,9.481968328061873,9.497607640617005,9.513868864467346,9.530776730587803,9.54835695341516,9.56663626995729,9.585642480457675,9.605404490677035,9.62595235585639,9.64731732642844,9.669531895546752,9.69262984850508,9.716646314121963,9.741617818168747,9.76758233892233,9.794579364927069,9.822649955053736,9.851836800946874,9.882184291955504,9.913738582645939,9.94654766299942,9.980661431401298,10.016131770532779,10.053012626280669,10.091360089785107,10.131232482750091,10.17269044614652,10.215797032442664,10.260617801502308,10.307220920296462,10.355677266580198,10.406060536692346
0.1675,9.099466525681095,9.09989534778903,9.100341222308044,9.100804827339305,9.101286867949161,9.10178807724143,9.102309217472337,9.102851081209767,9.10341449253865,9.10400030831425,9.104609419465298,9.105242752348953,9.105901270159654,9.106585974393955,9.107297906373661,9.108038148829506,9.108807827547798,9.109608113082574,9.110440222535814,9.11130542140846,9.112205025525036,9.11314040303481,9.114112976492521,9.115124225021866,9.116175686565004,9.117268960221518,9.118405708680395,9.119587660748712,9.120816613980862,9.122094437412366,9.12342307440237,9.124804545589189,9.126240951963373,9.127734478062989,9.129287395295954,9.130902065394498,9.132580944006971,9.134326584432522,9.13614164150425,9.1380288756268,9.139991156974515,9.142031469856516,9.144152917255381,9.146358725546307,9.148652249403922,9.151036976904246,9.153516534829508,9.156094694183944,9.158775375928917,9.161562656946106,9.164460776237839,9.167474141373969,9.17060733519515,9.173865122782637,9.177252458705286,9.18077449455472,9.184436586780146,9.188244304834736,9.192203439645962,9.19632001242276,9.200600283812927,9.205050763424678,9.20967821972684,9.214489690342734,9.219492492753437,9.22469423542663,9.230102829388054,9.235726500253081,9.241573800736774,9.247653623661398,9.253975215481237,9.260548190345212,9.267382544718737,9.274488672587061,9.281877381263158,9.289559907824284,9.297547936202152,9.30585361495272,9.314489575732658,9.323468952510527,9.332805401541986,9.342513122139295,9.352606878266801,9.363102020995212,9.374014511848793,9.385360947081033,9.397158582915683,9.409425361791559,9.422179939651034,9.435441714313717,9.449230854978488,9.463568332898726,9.47847595327744,9.49397638843078,9.510093212270359,9.526850936156867,9.544275046179493,9.562392041917843,9.581229476745333,9.60081599973535,9.621181399233897,9.64235664816505,9.66437395113806,9.687266793427812,9.711069991903107,9.735819747980244,9.761553702682397,9.788310993888608,9.8161323158594,9.845059981129552,9.875137984862224,9.906412071762235,9.938929805650307,9.9727406418041,10.007896002176004,10.044449353602145,10.082456289121534,10.121974612528993,10.1630644262905,10.205788222954645,10.250210980199187,10.296400259657288,10.344426309673713,10.394362172147249,10.446283793621838
0.17,9.099790830030562,9.100232548327792,9.100691831862175,9.101169379127773,9.101665916394774,9.102182198814017,9.102719011565464,9.103277171052325,9.103857526142674,9.104460959460445,9.105088388727747,9.105740768160587,9.106419089920056,9.10712438562127,9.10785772790227,9.108620232055328,9.109413057723152,9.110237410662483,9.11109454457788,9.111985763028386,9.112912421410044,9.113875929017231,9.114877751185963,9.115919411522443,9.117002494220225,9.118128646469504,9.11929958096225,9.120517078496924,9.121782990686789,9.123099242775933,9.124467836567241,9.12589085346684,9.127370457649572,9.128908899350378,9.130508518286536,9.132171747216015,9.133901115637316,9.135699253636444,9.137568895886858,9.139512885808486,9.141534179892126,9.143635852195809,9.145821099019976,9.14809324376855,9.150455742003329,9.152912186699373,9.155466313709363,9.15812200744528,9.160883306785994,9.163754411219807,9.166739687231233,9.16984367494178,9.173071095014798,9.176426855834903,9.179916060972918,9.183544016947653,9.187316241296347,9.191238470966047,9.195316671038668,9.199557043803038,9.20396603818769,9.208550359568774,9.213316979967981,9.218273148656028,9.223426403177774,9.228784580815805,9.234355830509852,9.240148625250233,9.246171774964122,9.252434439914268,9.258946144630547,9.265716792395512,9.272756680306003,9.280076514933688,9.287687428608404,9.295600996349012,9.303829253467551,9.31238471387345,9.32128038910566,9.330529808121607,9.340147037873132,9.350146704700645,9.360544016578075,9.371354786242449,9.38259545524325,9.394283118948165,9.406435552543241,9.419071238066996,9.432209392519594,9.445869997089872,9.46007382754462,9.47484248582639,9.49019843290784,9.506165022952644,9.522766538834865,9.540028229070861,9.557976346219874,9.576638186811717,9.596042132862282,9.616217695040019,9.637195557549038,9.6590076247971,9.681687069919484,9.705268385232507,9.729787434693481,9.755281508446847,9.78178937953948,9.809351362891416,9.838009376611678,9.86780700575249,9.898789568598795,9.93100418559396,9.964499851006424,9.999327507446367,10.035540123345632,10.073192773518839,10.11234272292815,10.153049513779063,10.195375056079776,10.239383721801733,10.285142442784641,10.332720812534811,10.382191192071632,10.433628819983157,10.487111926858166
0.17250000000000001,9.100119938890415,9.100574744431718,9.10104763563368,9.101539331685379,9.102050580374966,9.102582159226934,9.103134876684592,9.103709573339588,9.104307123210301,9.104928435071093,9.105574453834398,9.10624616198778,9.106944581088145,9.107670773315352,9.108425843087621,9.109210938741182,9.110027254276696,9.110876031175147,9.111758560285928,9.112676183790017,9.113630297241217,9.114622351688574,9.115653855883187,9.116726378572766,9.117841550887466,9.11900106882056,9.120206695807786,9.121460265409233,9.122763684097919,9.124118934159213,9.125528076705594,9.126993254811264,9.12851669677143,9.130100719491194,9.1317477320092,9.133460239161405,9.135240845390538,9.137092258707058,9.139017294807616,9.141018881357287,9.143100062442103,9.14526400319864,9.147513994627696,9.1498534585994,9.152285953057369,9.154815177429779,9.157444978255645,9.160179355034824,9.163022466310654,9.165978635994472,9.169052359941643,9.17224831278908,9.17557135506468,9.179026540579473,9.182619124113726,9.186354569408696,9.190238557476187,9.194276995238555,9.198476024512283,9.202842031348814,9.207381655746817,9.212101801750707,9.217009647950716,9.222112658400535,9.227418593969107,9.232935524143851,9.23867183930324,9.244636263477448,9.250837867616418,9.257286083385582,9.263990717510172,9.27096196668997,9.278210433107178,9.285747140550958,9.293583551183238,9.301731582971197,9.310203627813028,9.319012570384482,9.328171807734892,9.337695269662468,9.347597439899879,9.357893378142288,9.368598742951415,9.379729815570409,9.391303524685789,9.40333747217407,9.415849959872297,9.428860017413152,9.442387431166988,9.456452774334819,9.471077438238025,9.486283664852376,9.50209458063583,9.518534231701612,9.535627620389988,9.553400743294457,9.571880630800116,9.591095388194386,9.611074238412584,9.631847566483417,9.653446965741926,9.675905285880237,9.699256682909136,9.723536671106517,9.748782177031686,9.775031595687652,9.802324848916875,9.83070344611925,9.860210547384685,9.890891029136279,9.922791552383977,9.955960633692449,9.99044871897119,10.026308260199018,10.063593795199665,10.102362030589827,10.142671928025779,10.184584793879724,10.228164372482293,10.273476943072971,10.320591420605872,10.369579460564221,10.42051556794289,10.47347721056474,10.52854493690309
0.17500000000000002,9.100453852260719,9.10092193610088,9.101408633622636,9.101914685012202,9.102440859889832,9.102987958480282,9.103556812829828,9.104148288071668,9.104763283741654,9.105402735146331,9.106067614785395,9.106758933830697,9.107477743664086,9.108225137476376,9.109002251929915,9.109810268887276,9.11065041720866,9.111523974620814,9.112432269660227,9.11337668369364,9.114358653018865,9.11537967104918,9.116441290584557,9.117545126173228,9.118692856567156,9.119886227275149,9.121127053217496,9.122417221486176,9.12375869421483,9.125153511562841,9.126603794818111,9.128111749623192,9.129679669329732,9.131309938486291,9.133005036464873,9.134767541231666,9.136600133267713,9.138505599645526,9.140486838267776,9.142546862274559,9.144688804625916,9.14691592286659,9.149231604080246,9.151639370040703,9.154142882568033,9.156745949097612,9.159452528470668,9.162266736955079,9.165192854505596,9.16823533127302,9.171398794372214,9.17468805491926,9.178108115348461,9.181664177020306,9.185361648131982,9.189206151942455,9.193203535324633,9.197359877657624,9.201681500072594,9.206174975066324,9.210847136497033,9.215705089977734,9.220756223682866,9.226008219584694,9.231469065136535,9.237147065420576,9.243050855778785,9.24918941494611,9.255572078705931,9.262208554088557,9.26910893413435,9.276283713243922,9.28374380313878,9.291500549456657,9.2995657490068,9.307951667711443,9.31667105926076,9.325737184509677,9.335163831646025,9.34496533716073,9.355156607651924,9.365753142496155,9.376771057421143,9.388227109015986,9.400138720216047,9.412524006801325,9.425401804948576,9.438791699879124,9.452714055645913,9.467190046105108,9.482241687119366,9.497891870041745,9.514164396531168,9.531084014752441,9.548676457015821,9.566968478913438,9.585987900012064,9.60576364616414,9.626325793501394,9.647705614177992,9.669935623932767,9.693049631542888,9.717082790244174,9.742071651196262,9.768054219073944,9.795070009869255,9.823160110992148,9.852367243761275,9.882735828379815,9.914312051495225,9.94714393644566,9.981281416299897,10.016776409801826,10.05368290033505,10.09205701802764,10.131957125121966,10.173443904739392,10.21658045317485,10.261432375861647,10.308067887152477,10.356557914068324,10.406976204173093,10.459399437737979,10.513907344366167,10.570582824255208
0.17750000000000002,9.100792570141543,9.101274123335347,9.101774825829123,9.102295439108333,9.10283675493946,9.103399596574159,9.103984820001278,9.104593315248687,9.10522600773686,9.105883859686294,9.10656787158088,9.107279083689491,9.10801857764805,9.10878747810453,9.109586954429352,9.110418222493827,9.111282546519277,9.112181240999732,9.11311567270105,9.114087262739549,9.115097488743308,9.11614788709939,9.117240055290447,9.11837565432423,9.119556411259728,9.120784121833733,9.122060653191888,9.123387946728299,9.12476802103811,9.126202974987448,9.127694990905475,9.12924633790337,9.130859375325283,9.132536556336534,9.134280431654489,9.136093653427805,9.137978979269933,9.139939276453028,9.141977526268613,9.144096828561675,9.146300406445047,9.148591611201264,9.150973927379358,9.153450978094329,9.156026530537337,9.15870450170505,9.161488964356785,9.164384153208584,9.167394471373562,9.170524497058407,9.173778990526136,9.177162901335768,9.180681375869858,9.184339765161411,9.188143633032015,9.1920987645536,9.196211174846722,9.200487118228683,9.204933097725457,9.20955587496189,9.214362480445157,9.219360224257203,9.224556707172354,9.229959832217048,9.23557781668926,9.2414192046559,9.24749287994718,9.253808079667744,9.260374408245074,9.26720185203657,9.274300794517488,9.281682032072881,9.289356790417518,9.297336741668772,9.305634022098456,9.31426125059059,9.32323154783317,9.332558556273163,9.342256460865011,9.352340010644296,9.362824541159277,9.373725997794507,9.385060960021937,9.396846666616435,9.409101041874054,9.42184272287292,9.435091087818236,9.44886628551446,9.463189266009543,9.478081812457788,9.493566574249831,9.5096671014601,9.526407880664166,9.543814372180476,9.561913048793068,9.580731436014215,9.600298153948206,9.620642960819938,9.641796798234546,9.663791838236886,9.686661532242457,9.710440661914191,9.73516539206247,9.760873325648852,9.787603560977168,9.815396751158922,9.844295165943512,9.874342756007255,9.905585219799022,9.938070073044114,9.971846721012152,10.006966533658817,10.043482923755763,10.081451428127544,10.120929792119028,10.161978057421873,10.204658653393517,10.249036492007646,10.295179066580491,10.343156554423135,10.393041923575877,10.44491104378705,10.498842801905008,10.554919221858755,10.613225589409726
0.18000000000000002,9.101136092532952,9.101631306135197,9.102146212253219,9.102681593973854,9.103238265523945,9.103817073508665,9.10441889819905,9.105044654870758,9.105695295196046,9.106371808691115,9.107075224221006,9.107806611564323,9.10856708304021,9.1093577952,9.110179950586133,9.111034799561052,9.111923642208785,9.11284783031216,9.113808769408667,9.114807920928042,9.115846804414863,9.11692699983955,9.118050150001228,9.119217963026177,9.120432214965616,9.121694752496788,9.12300749573147,9.124372441136153,9.125791664568357,9.127267324433678,9.128801664968385,9.130397019652547,9.132055814758896,9.133780573042804,9.135573917578997,9.137438575750847,9.139377383398305,9.141393289130756,9.143489358811417,9.145668780220031,9.147934867900997,9.15029106820428,9.152740964526787,9.155288282762166,9.157936896967326,9.160690835254298,9.16355428591638,9.166531603797909,9.169627316917326,9.172846133353627,9.176192948406646,9.179672852042092,9.18329113663264,9.187053305006854,9.190965078818202,9.19503240724686,9.199261476047555,9.203658716957234,9.208230817476808,9.212984731041907,9.217927687598085,9.223067204596553,9.2284110984272,9.23396749630624,9.239744848636603,9.245751941859867,9.251997911819245,9.258492257654009,9.265244856246412,9.272265977243148,9.279566298674156,9.287156923192539,9.295049394960282,9.303255717205486,9.31178837047778,9.320660331629703,9.329885093552928,9.33947668569932,9.349449695418079,9.35981929014137,9.370601240452256,9.381811944069932,9.393468450788813,9.405588488409379,9.418190489700214,9.431293620432248,9.44491780852786,9.459083774369153,9.473813062311516,9.489128073450392,9.505052099691108,9.521609359173569,9.538825033105688,9.556725304061628,9.575337395803018,9.594689614683807,9.61481139270165,9.635733332261369,9.657487252718518,9.680106238773895,9.703624690792562,9.728078377123941,9.753504488502541,9.779941694612058,9.807430202898894,9.836011819724527,9.86573001394975,9.89662998304749,9.928758721844734,9.962165093998154,9.996899906312088,10.033015986011952,10.070568261090552,10.109613843849557,10.150212117763122,10.192424827795799,10.236316174312101,10.281952910720502,10.329404445000401,10.378742945266431,10.430043449530654,10.483383979829576,10.538845660889507,10.596512843510753,10.656473232858248
0.1825,9.101484419435018,9.101993484500502,9.102522792895007,9.103073149608852,9.103645391643381,9.104240389283902,9.104859047423256,9.105502306938,9.106171146119339,9.106866582160938,9.10758967270592,9.108341517455356,9.109123259840743,9.109936088762973,9.110781240400462,9.111660000089175,9.112573704277418,9.113523742558355,9.114511559783365,9.115538658259421,9.116606600033862,9.117717009270013,9.118871574717282,9.12007205227948,9.121320267685268,9.122618119264795,9.123967580836764,9.125370704710297,9.126829624806177,9.128346559902187,9.129923817007544,9.131563794871488,9.133268987631395,9.135041988605986,9.136885494239355,9.138802308201832,9.140795345653947,9.142867637679922,9.145022335897494,9.147262717251037,9.149592188995296,9.152014293877292,9.15453271552431,9.157151284046137,9.159873981860072,9.162704949747596,9.165648493151865,9.16870908872566,9.1718913911397,9.175200240161715,9.178640668017016,9.182217907041766,9.185937397640611,9.189804796560743,9.193825985494986,9.198007080027018,9.202354438932296,9.206874673848848,9.21157465933265,9.216461543312855,9.221542757962798,9.226826031003313,9.232319397455521,9.238031211861019,9.243970160987992,9.250145277042636,9.256565951405932,9.2632419489167,9.270183422722646,9.277400929721978,9.284905446619096,9.292708386618765,9.300821616784159,9.309257476085191,9.318028794164558,9.327148910850076,9.336631696442934,9.34649157281279,9.356743535331717,9.367403175680439,9.37848670556148,9.390010981355333,9.401993529757124,9.414452574432794,9.427407063735311,9.44087669952309,9.45488196712444,9.469444166493627,9.484585444605923,9.500328829140926,9.516698263505386,9.533718643248797,9.551415853927134,9.569816810472359,9.588949498127528,9.608843015009809,9.629527616366108,9.651034760588638,9.673397157060414,9.696648815903444,9.720825099705271,9.745962777302564,9.772100079703536,9.799276758234246,9.827534144997248,9.8569152157345,9.887464655190168,9.91922892507274,9.95225633471979,9.986597114572875,10.02230349257435,10.05942977360219,10.098032422063756,10.138170147774028,10.17990399524892,10.223297436549514,10.268416467818394,10.315329709654858,10.364108511481705,10.41482706006229,10.467562492332869,10.522395012721836,10.579408015134247,10.638688209787151,10.700325755088572
0.185,9.10183755084781,9.102360658431339,9.102904567754566,9.103470106013416,9.104058133297862,9.104669543899973,9.105305267674005,9.105966271450534,9.106653560506869,9.107368180095902,9.108111217035775,9.108883801362753,9.109687108049824,9.110522358793647,9.111390823872547,9.112293824078417,9.11323273272542,9.114208977738578,9.115224043825423,9.116279474733993,9.11737687560063,9.118517915391136,9.119704329438997,9.12093792208456,9.122220569419133,9.123554222138237,9.124940908508293,9.126382737451303,9.127881901752183,9.129440681393637,9.131061447023674,9.132746663560962,9.134498893943611,9.136320803026987,9.13821516163654,9.140184850781813,9.142232866037997,9.14436232210175,9.146576457528168,9.148878639656123,9.151272369729483,9.15376128822196,9.156349180373725,9.159039981948181,9.161837785217672,9.164746845187203,9.167771586065683,9.170916607994473,9.17418669404353,9.177586817485746,9.18112214936056,9.184798066338367,9.18862015889764,9.192594239827246,9.196726353066857,9.201022782898924,9.205490063506168,9.21013498890916,9.214964623299064,9.219986311781287,9.22520769154637,9.2306367034851,9.236281604265528,9.242150978890237,9.248253753752966,9.254599210214488,9.261196998718312,9.268057153467748,9.275190107686628,9.282606709486897,9.290318238367204,9.2983364223676,9.306673455906415,9.315342018326469,9.324355293178792,9.33372698827322,9.343471356526333,9.353603217638453,9.364137980632684,9.375091667290263,9.386480936517863,9.398323109683929,9.410636196962555,9.423438924725003,9.436750764020493,9.450591960189616,9.464983563655377,9.479947461938734,9.4955064129473,9.511684079587857,9.528505065755331,9.545994953752926,9.564180343200416,9.583088891489666,9.602749355849006,9.623191637080389,9.64444682503586,9.666547245902528,9.68952651136792,9.713419569740545,9.738262759103364,9.764093862581067,9.790952165805168,9.818878516664341,9.847915387430886,9.878106939357767,9.909499089844521,9.942139582274176,9.976078058627364,10.011366134984083,10.048057480027982,10.086207896672466,10.125875406932865,10.167120340173655,10.210005424865011,10.254595883988179,10.300959534234808,10.349166889151054,10.399291266383349,10.451408899188928,10.505599052380653,10.561944142882506,10.620529865079055,10.681445321149495,10.74478315658449
0.1875,9.102195486771398,9.102732827927783,9.10329153683198,9.103872463187637,9.104476490487484,9.105104537356986,9.105757558951412,9.106436548408483,9.107142538358769,9.107876602496148,9.108639857210726,9.109433463286683,9.110258627667635,9.111116605292212,9.1120087010026,9.11293627152901,9.113900727553041,9.114903535853097,9.115946221535127,9.117030370352065,9.118157631115505,9.119329718203282,9.120548414166763,9.121815572441832,9.123133120167667,9.12450306111761,9.125927478746592,9.127408539359742,9.128948495406991,9.1305496889087,9.132214555017493,9.133945625721756,9.135745533696396,9.137617016306715,9.139562919771537,9.14158620349185,9.143689944551605,9.145877342397487,9.148151723704784,9.15051654743674,9.152975410105126,9.155532051239978,9.158190359076857,9.16095437647027,9.163828307042248,9.166816521575416,9.16992356466031,9.173154161607025,9.176513225631703,9.180005865328827,9.183637392440637,9.187413329935517,9.19133942040763,9.195421634810577,9.199666181538365,9.20407951586748,9.208668349774468,9.213439662143879,9.218400709382204,9.223559036453837,9.228922488355947,9.234499222049626,9.240297718865532,9.246326797402846,9.252595626941174,9.259113741385818,9.265891053767584,9.272937871319213,9.280264911151349,9.287883316551895,9.295804673933544,9.304041030455258,9.3126049123445,9.321509343948097,9.330767867540683,9.340394563920873,9.3504040738265,9.36081162020145,9.371633031348006,9.382884764999888,9.394583933352616,9.406748329089249,9.419396452441118,9.432547539324673,9.446221590597268,9.460439402476371,9.475222598168461,9.490593660755733,9.50657596739061,9.523193824850106,9.54047250650407,9.558438290753584,9.577118500997946,9.596541547191057,9.616736969050384,9.637735480984242,9.659569018805739,9.68227078830438,9.705875315749289,9.730418500400777,9.755937669110184,9.782471633091008,9.81006074694769,9.838746970051787,9.868573930358949,9.8995869907637,9.931833318092966,9.965361954843306,10.000223893770896,10.036472155447743,10.074161868902106,10.113350355465688,10.154097215955193,10.196464421320814,10.24051640689948,10.286320170416236,10.333945373882797,10.383464449548207,10.434952710062758,10.4884884630227,10.544153130069901,10.60203137072761,10.662211211160637,10.724784178055694,10.789845437825596
0.19,9.102558227205854,9.103109992989914,9.103683700127334,9.104280221131607,9.10490046321235,9.105545369655042,9.10621592125559,9.10691313781197,9.107638079675175,9.108391849361823,9.10917559323093,9.109990503227312,9.110837818694359,9.111718828258866,9.112634871790831,9.11358734244118,9.114577688760525,9.115607416902177,9.11667809291277,9.117791345113954,9.118948866578826,9.120152417706816,9.121403828900974,9.12270500335173,9.124057919931332,9.12546463620341,9.126927291552198,9.1284481104362,9.130029405771241,9.131673582448052,9.133383140989737,9.135160681354662,9.137008906890602,9.138930628446099,9.140928768645345,9.143006366333024,9.145166581195936,9.147412698568388,9.149748134428695,9.152176440594351,9.154701310123805,9.157326582933052,9.16005625163555,9.162894467614397,9.165845547335955,9.168913978914556,9.172104428938255,9.175421749566015,9.178870985907132,9.18245738369411,9.186186397260645,9.190063697836882,9.194095182174536,9.198286981515004,9.202645470914108,9.207177278937655,9.211889297742543,9.216788693558774,9.221882917588289,9.227179717337215,9.232687148398764,9.238413586704686,9.244367741263934,9.250558667407903,9.256995780562372,9.263688870567137,9.270648116565072,9.277884102483291,9.28540783312994,9.29323075093111,9.301364753333335,9.30982221089812,9.318615986116045,9.32775945296905,9.337266517270638,9.347151637814983,9.357429848367039,9.368116780527156,9.379228687504957,9.39078246883863,9.402795696097233,9.415286639605121,9.428274296229139,9.441778418270806,9.455819543507499,9.470419026428274,9.485599070711876,9.501382762996288,9.517794107991241,9.534858064987022,9.552600585815192,9.571048654318858,9.590230327392618,9.610174777654537,9.6309123378151,9.652474546810593,9.674894197771101,9.69820538789607,9.722443570313303,9.747645608000244,9.773849829849585,9.801096088964453,9.829425823271842,9.858882118546482,9.889509773941006,9.92135537012206,9.954467340115995,9.988896042971907,10.024693840354027,10.061915176179946,10.100616659425855,10.140857150224626,10.18269784938778,10.226202391487437,10.271436941639777,10.318470296137283,10.367373987082734,10.418222391184079,10.471092842875688,10.526065751937951,10.583224725794116,10.642656696670356,10.704452053812409,10.768704780959855,10.835512599287103
0.1925,9.102925772151252,9.10349215361781,9.104081057640713,9.104693379845413,9.105330051472555,9.10599204079425,9.106680354586658,9.107396039661122,9.108140184456218,9.108913920693073,9.109718425096542,9.110554921184812,9.11142468113018,9.11232902769381,9.113269336237458,9.114247036815161,9.115263616348125,9.116320620886095,9.117419657958644,9.118562399019975,9.119750581990933,9.120986013902108,9.122270573642032,9.123606214814682,9.124994968710597,9.126438947396148,9.127940346925659,9.129501450681262,9.13112463284556,9.132812362012388,9.134567204941153,9.136391830460482,9.138289013527094,9.140261639446074,9.142312708258977,9.14444533930643,9.14666277597217,9.148968390615726,9.151365689701281,9.153858319130443,9.156450069787128,9.159144883302917,9.161946858051675,9.164860255382576,9.167889506100968,9.171039217206973,9.17431417890205,9.177719371874181,9.181259974872773,9.184941372584783,9.188769163824023,9.192749170046175,9.196887444202362,9.201190279944843,9.205664221198747,9.210316072114466,9.215152907415812,9.220182083159685,9.225411247923617,9.230848354438209,9.236501671682136,9.242379797458163,9.248491671469234,9.254846588914564,9.261454214626424,9.26832459776907,9.275468187122222,9.282895846972309,9.290618873635673,9.298649012638831,9.30699847658196,9.315679963712743,9.324706677238863,9.334092345408486,9.343851242389272,9.353998209977716,9.364548680171781,9.375518698641189,9.386924949131073,9.398784778836067,9.411116224783488,9.423938041265675,9.437269728363264,9.451131561602734,9.465544622793388,9.480530832090599,9.496112981334175,9.512314768712463,9.529160834804983,9.546676800058387,9.56488930375272,9.5838260445173,9.603515822457794,9.623988582958592,9.64527546222709,9.667408834649155,9.690422362027803,9.714351044779967,9.739231275169242,9.765100892655548,9.79199924144592,9.81996723033394,9.849047394918816,9.879283962298754,9.910722918337013,9.943412077602948,9.977401156094382,10.012741846851975,10.049487898580526,10.087695197396808,10.12742185182827,10.168728281191848,10.211677307487317,10.25633425094493,10.302767029372632,10.351046261453977,10.401245374153794,10.453440714394954,10.507711665176103,10.564140766306876,10.622813839944262,10.683820121120972,10.74725239346434,10.813207130312103,10.881784641439683
0.195,9.103298121607667,9.103879309811548,9.1044836093722,9.10511193932915,9.105765255268201,9.106444550774722,9.10715085894473,9.107885253956065,9.10864885270204,9.109442816490045,9.110268352807724,9.111126717159358,9.112019214975284,9.112947203597248,9.1139120943427,9.114915354651192,9.115958510316098,9.117043147805122,9.118170916673048,9.119343532070454,9.12056277735218,9.121830506789538,9.123148648390343,9.124519206831131,9.125944266505934,9.12742599469633,9.128966644867525,9.13056856009553,9.132234176630599,9.133966027602398,9.13576674687249,9.137639073040031,9.139585853606759,9.14161004930759,9.143714738613456,9.145903122413172,9.1481785288815,9.150544418540797,9.153004389523932,9.15556218304652,9.158221689096715,9.16098695235132,9.163862178327122,9.16685173977685,9.169960183339494,9.173192236455046,9.176552814554263,9.180047028534295,9.183680192531618,9.18745783200407,9.19138569213425,9.195469746567145,9.19971620649516,9.204131530104464,9.20872243239699,9.213495895402993,9.21845917879975,9.223619830952517,9.228985700394556,9.234564947763678,9.240366058213462,9.246397854318031,9.252669509490016,9.259190561932083,9.265970929143302,9.273020923002358,9.280351265450596,9.28797310479872,9.29589803268196,9.304138101689496,9.312705843694951,9.32161428891584,9.33087698573094,9.340508021285755,9.350522042917392,9.360934280431447,9.37176056926478,9.383017374569404,9.394721816254131,9.406891695022049,9.419545519443442,9.432702534105331,9.446382748880438,9.46060696936011,9.475396828497479,9.490774819508978,9.506764330084286,9.523389677956695,9.540676147888034,9.55865003012439,9.577338660381105,9.596770461417895,9.616974986267287,9.637982963182164,9.659826342370748,9.682538344590117,9.706153511672182,9.730707759058928,9.756238430426865,9.782784354483756,9.810385904023988,9.839085057332442,9.868925462030212,9.8999525014593,9.932213363707262,9.965757113376752,10.000634766209126,10.03689936667565,10.074606068654226,10.113812219314406,10.154577446338244,10.196963748609633,10.241035590510037,10.28685999996407,10.334506670383945,10.384048066667912,10.43555953541383,10.489119419515507,10.544809177316035,10.602713506499391,10.662920472908624,10.725521644486573,10.790612230542797,10.858291226558434,10.928661564749282
0.1975,9.10367527557517,9.104271461571212,9.104891355321888,9.105535899582916,9.106206074599392,9.106902899596562,9.107627434329926,9.108380780696928,9.109164084412775,9.109978536752893,9.110825376364643,9.111705891151125,9.112621420229862,9.113573355969379,9.114563146106777,9.115592295949508,9.116662370664702,9.117774997659541,9.118931869056285,9.120134744265712,9.121385452662917,9.122685896369484,9.124038053146322,9.12544397940152,9.126905813317826,9.128425778104479,9.130006185378361,9.13164943867961,9.133358037127012,9.135134579218793,9.136981766784512,9.138902409094133,9.140899427130478,9.142975858031607,9.145134859709822,9.14737971565437,9.149713839925138,9.1521407823449,9.154664233898062,9.157288032344104,9.16001616805421,9.16285279008004,9.165802212463806,9.168868920799289,9.172057579053758,9.175373036661181,9.178820335897493,9.182404719549158,9.186131638886689,9.190006761955232,9.19403598219485,9.198225427403592,9.202581469057018,9.20711073199828,9.2118201045136,9.216716748808373,9.221808111899895,9.227101936943242,9.232606275007543,9.238329497320564,9.244280308000217,9.25046775729235,9.256901255334968,9.263590586469816,9.27054592412308,9.277777846277852,9.285297351561885,9.29311587597511,9.301245310282344,9.309698018097679,9.318486854688002,9.327625186524298,9.337126911610438,9.347006480620394,9.357278918876005,9.367959849198762,9.379065515670314,9.390612808337888,9.402619288902162,9.41510321742668,9.428083580109423,9.441580118158795,9.455613357817914,9.470204641582903,9.485376160662646,9.501150988729384,9.517553117011492,9.534607490781799,9.552340047296969,9.57077775524562,9.589948655765209,9.609881905090052,9.630607818895342,9.652157918404638,9.674564978330919,9.697863076724122,9.722087646801027,9.747275530836255,9.773465036196377,9.800695993602371,9.829009817709007,9.858449570093326,9.889060024747996,9.920887736179155,9.953981110212329,9.98839047761408,10.024168170641387,10.061368602635163,10.100048350778957,10.14026624214871,10.182083443184437,10.225563552719876,10.270772698711642,10.317779638814915,10.366655864958682,10.417475712079511,10.470316471179276,10.52525850687869,10.582385379645467,10.64178397288299,10.70354462507266,10.767761267171005,10.834531565470385,10.903957070140555,10.976143369676976
0.2,9.10405723405384,9.104668608896883,9.105304295489859,9.105965260606803,9.106652509466226,9.10736708725989,9.10811008074237,9.10888261988384,9.10968587958857,9.110521081481764,9.111389495767456,9.112292443160289,9.113231296894106,9.114207484810416,9.115222491529916,9.116277860710355,9.117375197394198,9.118516170449634,9.119702515108656,9.120936035606084,9.122218607923498,9.123552182642332,9.124938787910379,9.126380532526298,9.127879609146758,9.12943829762112,9.131058968458731,9.132744086434109,9.134496214335458,9.136318016862285,9.138212264677993,9.140181838623617,9.142229734099157,9.144359065619096,9.14657307154912,9.14887511903116,9.151268709104308,9.153757482029356,9.156345222825093,9.159035867024734,9.161833506661276,9.16474239649087,9.167766960463664,9.170911798451979,9.174181693246021,9.177581617827816,9.181116742934368,9.184792444921609,9.188614313941043,9.192588162441572,9.196720034009376,9.20101621255936,9.205483231892085,9.210127885630763,9.214957237553396,9.219978632335804,9.225199706721853,9.230628401137897,9.236272971769083,9.24214200311588,9.248244421049963,9.25458950638926,9.261186909012864,9.268046662537214,9.275179199575941,9.282595367606518,9.290306445467893,9.298324160514184,9.306660706450506,9.315328761878108,9.324341509576955,9.33371265655516,9.34345645489569,9.353587723432113,9.36412187028631,9.375074916302445,9.386463519412873,9.398304999972956,9.410617367103434,9.423419346080319,9.436730406814025,9.450570793461054,9.464961555213238,9.47992457831139,9.495482619332085,9.511659339798127,9.528479342165424,9.545968207240955,9.564152533088745,9.583059975483058,9.602719289970295,9.623160375603588,9.644414320416622,9.666513448705826,9.689491370192878,9.71338303114224,9.738224767511555,9.764054360215676,9.790911092588393,9.818835810129299,9.84787098262658,9.878060768750322,9.909451083214467,9.94208966660964,9.976026158013028,10.011312170485732,10.04800136957244,10.08614955492277,10.125814745158479,10.16705726611551,10.209939842595192,10.254527693764025,10.300888632347204,10.349093167766709,10.399214613380781,10.451329197987938,10.505516181765014,10.56185797681561,10.62044027251221,10.681352165822622,10.744686296818877,10.810538989574711,10.879010398665825,10.950204661495729,11.024230056678816
0.2025,9.104443997043752,9.105070751788645,9.105722429876208,9.10640002240091,9.107104559868814,9.10783711376481,9.108598798182179,9.109390771516933,9.110214238229561,9.111070450676815,9.111960711016334,9.112886373187033,9.113848844968212,9.114849590120569,9.11589013061234,9.116972048933977,9.118096990504851,9.119266666175687,9.12048285483048,9.121747406091902,9.123062243134289,9.12442936560847,9.12585085268294,9.127328866205922,9.12886565399322,9.130463553246779,9.13212499410921,9.13385250335965,9.135648708256605,9.1375163405336,9.13945824055371,9.141477361629333,9.143576774513702,9.145759672071042,9.148029374132415,9.150389332544686,9.152843136420245,9.155394517595507,9.15804735630647,9.16080568708997,9.163673704919594,9.166655771585624,9.169756422328657,9.172980372737037,9.176332525918564,9.17981797995741,9.183442035667543,9.18721020465451,9.191128217697779,9.195202033466426,9.199437847581432,9.203842102038324,9.208421495004545,9.213182991006427,9.218133831521248,9.223281545990533,9.22863396327128,9.234199223542587,9.239985790685758,9.246002465156716,9.252258397370335,9.258763101616996,9.265526470532567,9.272558790143828,9.27987075551217,9.28747348699943,9.295378547180546,9.303597958428782,9.312144221200263,9.321030333045648,9.330269808377809,9.339876699025634,9.349865615605205,9.360251749740819,9.371050897169695,9.382279481765492,9.393954580517162,9.406093949501152,9.418716050886456,9.431840081013576,9.445485999590108,9.459674560047377,9.47442734110424,9.489766779586152,9.505716204549305,9.522299872761845,9.539543005596062,9.557471827387692,9.576113605320682,9.59549669089806,9.61565056306201,9.636605873028717,9.658394490906188,9.681049554165945,9.704605518042309,9.729098207935952,9.75456487390139,9.781044247301319,9.808576599713925,9.837203804182815,9.866969398902661,9.897918653437479,9.930098637572206,9.963558292902317,9.998348507270368,10.034522192162637,10.072134363183611,10.111242223730702,10.15190525199642,10.194185291430346,10.238146644798478,10.283856171982984,10.331383391671093,10.380800587087785,10.432182915933062,10.485608524690978,10.541158667484291,10.598917829655432,10.658973856261774,10.721418085680567,10.786345488526706,10.8538548120946,10.924048730543792,10.997034001056656,11.07292162620569
0.20500000000000002,9.104835564544986,9.10547789024658,9.106145758481023,9.106840184965334,9.107562225807257,9.108312979111444,9.10909358664948,9.109905235596344,9.1107491603359,9.1116266443382,9.112539022111443,9.113487681231536,9.114474064452374,9.115499671900048,9.116566063354282,9.117674860620623,9.118827749996933,9.120026484837991,9.121272888222062,9.122568855723504,9.12391635829565,9.125317445268298,9.126774247464429,9.128288980440852,9.12986394785771,9.131501544982001,9.133204262330377,9.134974689456863,9.136815518891137,9.138729550233466,9.140719694412455,9.142788978112128,9.144940548375038,9.147177677388438,9.149503767460784,9.15192235619611,9.154437121874205,9.157051889044704,9.159770634343655,9.162597492541385,9.165536762830866,9.168592915366142,9.171770598060766,9.1750746436566,9.178510077073696,9.182082123052455,9.18579621409971,9.189657998750766,9.193673350160019,9.197848375033171,9.20218942291466,9.206703095844418,9.211396258398638,9.216276048129838,9.22134988642208,9.22662548977787,9.232110881553899,9.237814404163476,9.24374473176421,9.249910883450232,9.256322236969055,9.26298854298387,9.269919939903039,9.277126969299303,9.284620591942154,9.292412204467775,9.300513656711884,9.308937269731862,9.317695854545564,9.326802731615311,9.336271751106702,9.346117313953082,9.356354393757652,9.366998559566582,9.378065999547747,9.389573545611094,9.401538699008098,9.413979656949236,9.426915340279965,9.440365422257305,9.45435035847079,9.46889141795329,9.484010715529042,9.49973124544806,9.516076916358124,9.533072587667498,9.550744107353708,9.569118351275886,9.588223264050454,9.60808790155234,9.62874247510637,9.650218397436028,9.672548330439492,9.695766234865594,9.719907421965283,9.745008607197127,9.771107966068538,9.798245192197681,9.826461557684334,9.855799975881538,9.88630506666352,9.918023224289135,9.951002687964042,9.985293615208954,10.020948158145503,10.058020542815793,10.096567151656231,10.136646609251091,10.178319871496212,10.221650318308438,10.266703850021806,10.313548987617052,10.36225697693688,10.412901897045492,10.465560772897119,10.520313692484951,10.577243928648596,10.63643806572525,10.697986131237268,10.761981732816324,10.82852220057236,10.897708735123913,10.969646561514807,11.04444508925132,11.122218078703188
0.20750000000000002,9.105231936557617,9.105890024270773,9.106574281304395,9.107285748300171,9.108025507281665,9.108794683299903,9.1095944461444,9.110426012122206,9.111290645907726,9.112189662466081,9.113124429052958,9.114096367293984,9.115106955346794,9.11615773014907,9.117250289755976,9.118386295770541,9.11956747587071,9.120795626436838,9.12207261528372,9.123400384501235,9.124780953407955,9.12621642162221,9.127708972255279,9.129260875231553,9.130874490740736,9.132552272827324,9.134296773122824,9.13611064472638,9.137996646239733,9.139957645962625,9.14199662625503,9.14411668807287,9.146321055684096,9.148613081572295,9.15099625153531,9.153474189986603,9.156050665467452,9.158729596378311,9.161515056938121,9.164411283380577,9.167422680396815,9.170553827834276,9.173809487661995,9.177194611212837,9.180714346713751,9.184374047115472,9.188179278233582,9.192135827213308,9.196249711330932,9.200527187145218,9.204974760012739,9.209599193981607,9.214407522078638,9.219407057005613,9.224605402260867,9.230010463703179,9.235630461575495,9.241473943006799,9.247549795011158,9.253867258003668,9.260435939853917,9.26726583049828,9.274367317133322,9.281751200013383,9.289428708876384,9.297411520022843,9.305711774074062,9.31434209443651,9.323315606500486,9.332645957602237,9.342347337779932,9.35243450135503,9.362922789371872,9.373828152929656,9.385167177442225,9.396957107862637,9.409215874910805,9.421962122344192,9.435215235312931,9.448995369842606,9.463323483489441,9.478221367214603,9.493711678526036,9.50981797593828,9.526564754802662,9.543977484562353,9.562082647488994,9.580907778959743,9.600481509336074,9.620833607507965,9.641995026169754,9.663997948896478,9.686875839092346,9.71066349088575,9.735397082048243,9.761114229017995,9.787854044111363,9.815657195009615,9.84456596661132,9.874624325344397,9.90587798603571,9.938374481439872,9.972163234533019,10.007295633681473,10.04382511079968,10.081807222616236,10.121299735171577,10.162362711675927,10.20505860386103,10.249452346964626,10.295611458492157,10.343606140905834,10.393509388397275,10.445397097906097,10.499348184553241,10.55544470166461,10.613771965567569,10.674418685349993,10.737477097779287,10.803043107586483,10.871216433328746,10.94210075905212,11.015803891985103,11.092437926502877,11.172119414611473
0.21000000000000002,9.105633113081726,9.10630715386131,9.10700799834642,9.107736712405526,9.108494404292145,9.109282226330308,9.11010137666706,9.110953101094655,9.111838694945192,9.112759505060616,9.113716931841049,9.114712431374565,9.115747517651673,9.116823764867853,9.117942809817652,9.119106354383993,9.12031616812646,9.121574090972524,9.122882036015778,9.124241992425437,9.125656028471576,9.127126294670614,9.128655027055927,9.1302445505785,9.131897282642802,9.133615736783304,9.13540252648714,9.137260369168843,9.13919209030309,9.141200627721828,9.14328903608224,9.145460491512432,9.147718296441822,9.150065884623627,9.152506826357092,9.155044833917357,9.157683767201272,9.160427639597717,9.163280624091364,9.166247059609157,9.169331457619176,9.172538508991908,9.175873091134372,9.17934027540793,9.182945334841087,9.186693752149006,9.190591228071911,9.194643690045098,9.198857301213712,9.203238469806015,9.207793858879388,9.212530396453902,9.217455286048875,9.222576017638414,9.227900379042635,9.23343646777188,9.239192703341905,9.245177840078851,9.251400980433386,9.257871588824331,9.264599506032795,9.27159496416871,9.278868602232553,9.286431482295905,9.294295106325453,9.30247143367604,9.310972899279355,9.319812432555933,9.329003477079237,9.338560011021714,9.348496568413935,9.358828261249148,9.369570802466868,9.380740529850465,9.392354430875082,9.404430168543698,9.416986108250612,9.430041345713214,9.443615736014554,9.45772992380081,9.472405374679676,9.487664407867365,9.503530230133883,9.520026971098257,9.537179719927327,9.555014563493987,9.57355862605286,9.59284011049379,9.61288834123589,9.633733808827344,9.655408216318884,9.677944527481372,9.701377016940922,9.725741322307735,9.75107449837798,9.777415073491142,9.804803108128564,9.83328025584229,9.862889826606885,9.893676852690602,9.925688157146036,9.958972425024498,9.99358027742234,10.029564348471913,10.066979365394213,10.105882231734979,10.146332113910818,10.188390531196994,10.23212144929373,10.277591377613303,10.324869470435921,10.374027632088172,10.425140626304028,10.47828618993471,10.533545151180324,10.591001552523052,10.650742778548906,10.712859688852324,10.777446756225798,10.844602210344632,10.914428187165328,10.987030884264778,11.06252072235651,11.141012513229528,11.222625634365167
0.21250000000000002,9.106039094117394,9.10672927901828,9.107446909607189,9.108193077281499,9.108968916838807,9.109775608202773,9.110614378217594,9.111486502513829,9.112393307448443,9.113336172121967,9.11431653047589,9.115335873473464,9.116395751367213,9.117497776056615,9.118643623539551,9.119835036461227,9.12107382676446,9.122361878445354,9.123701150418556,9.125093679496466,9.126541583486894,9.12804706441392,9.129612411866816,9.131240006482166,9.132932323564429,9.134691936850492,9.13652152242393,9.1384238627849,9.140401851081911,9.142458495511828,9.144596923894905,9.146820388431697,9.149132270649165,9.151536086543466,9.154035491927246,9.156634287989567,9.159336427076957,9.162146018704318,9.165067335804894,9.168104821228754,9.171263094499711,9.174546958840937,9.177961408479945,9.18151163624409,9.185203041458093,9.189041238155632,9.193032063617471,9.197181587249133,9.201496119811594,9.20598222301905,9.210646719518365,9.215496703265359,9.220539550313715,9.225782930032953,9.231234816772469,9.236903501989447,9.242797606859034,9.24892609538599,9.255298288037746,9.261923875919607,9.268812935513644,9.275975944003724,9.283423795209954,9.291167816156799,9.29921978430005,9.30759194543887,9.316297032340145,9.325348284103454,9.334759466296154,9.344544891889164,9.354719443025296,9.36529859365327,9.376298433061805,9.387735690349608,9.399627759868446,9.411992727678053,9.42484939905304,9.438217327083713,9.452116842414245,9.466569084163481,9.481596032075359,9.497220539947891,9.513466370391516,9.530358230969709,9.547921811776819,9.566183824510263,9.58517204309655,9.604915345932874,9.625443759808572,9.646788505573214,9.668982045620812,9.69205813326235,9.716051864061724,9.740999729213216,9.766939671041614,9.793911140709461,9.821955158219152,9.851114374801167,9.881433137783304,9.91295755803961,9.945735580121521,9.979817055177987,10.01525381677535,10.052099759732391,10.090410922090408,10.130245570342964,10.171664288054961,10.214730068005808,10.259508407996789,10.306067410468346,10.35447788607882,10.404813461402076,10.457150690907863,10.511569173395193,10.568151673055777,10.626984245351622,10.688156367898257,10.751761076552537,10.817895106912049,10.886659041441243,10.958157462448025,11.032499111143446,11.109797053026346,11.190168849844424,11.273736738393243
0.21500000000000002,9.106449879664702,9.107156399741768,9.107891015086798,9.108654842928193,9.109449044921764,9.11027482891742,9.111133450796126,9.112026216379872,9.112954483417635,9.113919663650295,9.114923224957657,9.115966693590876,9.117051656493622,9.118179763715581,9.119352730921916,9.120572342002509,9.12184045178499,9.123158988855625,9.124529958492387,9.125955445714672,9.127437618454291,9.128978730852538,9.13058112668839,9.132247242943038,9.133979613506133,9.135780873029455,9.1376537609338,9.139601125575213,9.1416259285769,9.143731249333397,9.145920289693853,9.148196378831557,9.150562978307093,9.153023687332855,9.155582248246892,9.158242552204452,9.16100864509582,9.16388473369953,9.166875192080239,9.169984568241016,9.173217591040203,9.17657917738328,9.180074439700787,9.183708693723556,9.18748746656718,9.191416505137951,9.19550178487307,9.199749518828442,9.20416616712784,9.208758446787842,9.213533341933472,9.21849811442007,9.223660314877579,9.22902779419399,9.234608715455495,9.240411566361411,9.24644517213284,9.252718708934639,9.259241717831157,9.266024119296945,9.27307622830449,9.28040877001197,9.288032896074839,9.295960201606091,9.304202742810968,9.312773055322953,9.321684173268931,9.330949649092519,9.340583574165702,9.350600600220139,9.361015961630738,9.371845498585374,9.383105681176009,9.394813634447846,9.406987164444624,9.419644785289657,9.43280574734382,9.4464900664833,9.460718554541643,9.475512850962414,9.490895455710586,9.50688976349274,9.523520099338116,9.540811755594623,9.558791030396108,9.57748526765934,9.59692289867161,9.617133485332136,9.638147765113093,9.659997697808619,9.682716514142914,9.706338766311367,9.730900380531574,9.756438711684165,9.78299260012658,9.810602430766158,9.83931019448243,9.869159551991988,9.900195900253108,9.9324664415111,9.966020255089372,10.000908372035461,10.037183852735478,10.074901867615058,10.114119781049546,10.154897238611019,10.197296257784815,10.24138132229358,10.287219480172242,10.334880445743055,10.384436705645847,10.435963629084648,10.489539582458404,10.54524604855009,10.603167750455448,10.663392780439835,10.72601273391914,10.791122848768467,10.858822150170463,10.929213601223566,11.002404259539118,11.07850544006557,11.157632884387308,11.239906936755535,11.325452727118911
0.21750000000000003,9.106865469723733,9.107588516031864,9.108340314785343,9.10912200934571,9.109934788541123,9.110779888474374,9.11165859440279,9.112572242692922,9.113522222852918,9.114509979645767,9.115537015286533,9.116604891726992,9.117715233031108,9.118869727844979,9.120070131964988,9.121318271008102,9.122616043188339,9.12396542220365,9.125368460237597,9.126827291080417,9.128344133374155,9.129921293986888,9.131561171521104,9.133266259961601,9.135039152468444,9.136882545320763,9.138799242017367,9.140792157540442,9.14286432278878,9.145018889187305,9.147259133479919,9.149588462712915,9.15201041941658,9.154528686992844,9.157147095317173,9.159869626563236,9.162700421259185,9.165643784584784,9.16870419291894,9.171886300647612,9.175194947242442,9.17863516462088,9.18221218479899,9.185931447848585,9.189798610170786,9.193819553098594,9.198000391841544,9.202347484786083,9.20686744316575,9.21156714111595,9.216453726128542,9.221534629922177,9.226817579744921,9.232310610126335,9.238022075096898,9.243960660893359,9.250135399169343,9.256555680731283,9.263231269820608,9.270172318963875,9.277389384413441,9.284893442202176,9.292695904836604,9.300808638653898,9.309243981869095,9.318014763339999,9.327134322078322,9.336616527536695,9.346475800702466,9.356727136030328,9.36738612424713,9.37846897606359,9.38999254682896,9.401974362166115,9.414432644626098,9.427386341402654,9.440855153148869,9.454859563939792,9.469420872426591,9.484561224229624,9.500303645619688,9.516672078538715,9.533691417013124,9.55138754501525,9.569787375830439,9.588918892989648,9.608811192829863,9.629494528747014,9.65100035720873,9.673361385596909,9.696611621952862,9.720786426700693,9.745922566427598,9.77205826980286,9.799233285720602,9.827488943754718,9.856868217017961,9.887415787520734,9.919178114129043,9.952203503224943,9.98654218217695,10.022246375732152,10.059370385446213,10.09797067227205,10.138105942432825,10.179837236709808,10.223228023280917,10.268344294251142,10.315254666021637,10.364030483650096,10.414745929361192,10.46747813537201,10.522307301204098,10.579316815660544,10.638593383653536,10.700227158075283,10.764311876912851,10.83094500581539,10.900227886330555,10.972265890035546,11.04716857879714,11.125049871404379,11.206028216827375,11.290226774365577,11.377773600959536
0.22000000000000003,9.107285864294568,9.108025627888662,9.108794808702921,9.109594576534157,9.110426147697003,9.111290786873752,9.112189809037721,9.113124581453123,9.11409652575445,9.11510712010855,9.116157901462694,9.117250467882007,9.118386480979883,9.11956766844503,9.120795826669013,9.12207282347827,9.12340060097479,9.124781178489735,9.12621665565453,9.127709215594061,9.129261128246876,9.130874753817393,9.132552546365414,9.134297057538351,9.136110940451896,9.137996953724988,9.139957965675253,9.141996958681261,9.144117033718272,9.146321415074338,9.14861345525395,9.150996640076686,9.153474593978611,9.156051085524497,9.158730033139232,9.16151551106716,9.164411755568391,9.167423171361522,9.170554338322559,9.173810018450222,9.17719516310825,9.180714920555696,9.18437464377667,9.188179898621458,9.192136472271374,9.196250382040215,9.200527884525762,9.204975485125146,9.209599947928659,9.21440830600697,9.219407872107451,9.224606249775853,9.23001134492025,9.235631377834842,9.241474895701911,9.247550785590931,9.253868287974619,9.26043701078247,9.26726694401315,9.274368474927991,9.281752403848676,9.289429960583151,9.297412821504732,9.305713127310428,9.314343501485418,9.323317069501838,9.332647478781038,9.34234891944966,9.352436145921164,9.36292449933555,9.373829930891473,9.385169026106194,9.396959030040296,9.409217873525506,9.421964200435523,9.435217396041367,9.448997616494292,9.463325819481206,9.47822379609915,9.493714203997342,9.509820601837225,9.526567485122856,9.543980323456225,9.562085599274093,9.580910848125317,9.600484700549892,9.620836925623413,9.641998476233224,9.66400153615504,9.686879569001723,9.710667369118623,9.73540111450288,9.761118421827213,9.78785840365186,9.815661727911674,9.844570679768884,9.874629225925558,9.905883081493613,9.93837977952405,9.972168743301173,10.007301361511738,10.043831066403365,10.081813415051062,10.121306173855466,10.162369406401323,10.205065564809788,10.249459584723501,10.29561898406891,10.343613965745963,10.393517524401437,10.445405557448195,10.499356980499249,10.555453847392144,10.613781474986228,10.674428572922519,10.737487378543557,10.803053797178382,10.871227548005955,10.942112315718827,11.015815908217728,11.09245042057679,11.172132405528806,11.254983050729722,11.341128363071912,11.430699360326539
0.22250000000000003,9.107711063377295,9.108467735312246,9.109254496839633,9.11007254449364,9.110923122389519,9.111807524115681,9.112727094701048,9.11368323266062,9.114677392122383,9.115711085038816,9.116785883486326,9.11790342205612,9.11906540034016,9.120273585515973,9.121529815034243,9.122835999413285,9.124194125144635,9.1256062577142,9.127074544743518,9.128601219255971,9.130188603072849,9.131839110344481,9.13355525122178,9.135339635673786,9.137194977457026,9.139124098242716,9.141129931908084,9.143215528998347,9.14538406136611,9.147638826995285,9.149983255016798,9.15242091092379,9.154955501994184,9.157590882928893,9.160331061714233,9.163180205717477,9.16614264802479,9.169222894031208,9.172425628292672,9.175755721650548,9.179218238639463,9.182818445189708,9.186561816635965,9.190454046044485,9.194501052871427,9.1987089919655,9.203084262928613,9.207633519848756,9.212363681419932,9.21728194146453,9.222395779874114,9.227712973985323,9.233241610408117,9.238990097324416,9.244967177275818,9.251181940459817,9.257643838554804,9.264362699094809,9.2713487404159,9.278612587196962,9.286165286618454,9.294018325163785,9.302183646088796,9.31067366758598,9.31950130167102,9.328679973820392,9.338223643389902,9.348146824845212,9.358464609836627,9.369192690151753,9.380347381580911,9.391945648731607,9.404005130829809,9.416544168547274,9.429581831895725,9.443137949230298,9.45723313740639,9.471888833135758,9.487127325589574,9.50297179029802,9.519446324397975,9.53657598328243,9.55438681870734,9.5729059184139,9.592161447326504,9.612182690389032,9.633000097104633,9.654645327846763,9.677151302011865,9.700552248086984,9.724883755708445,9.75018282979076,9.776487946808107,9.803839113313987,9.832277926788054,9.861847638902637,9.892593221305246,9.924561434017026,9.957800896551241,9.992362161859951,10.02829779322131,10.065662444184445,10.104512941693514,10.144908372517316,10.18691017311595,10.230582223081154,10.275990942292443,10.323205391936815,10.372297379545607,10.42334156820829,10.476415590129264,10.531600164700334,10.588979221268424,10.648640026785262,10.71067331853307,10.775173442128171,10.842238495012339,10.911970475650074,10.984475438658693,11.059863656107158,11.138249785228853,11.219753042803392,11.30449738647262,11.392611703266455,11.484230005625323
0.22500000000000003,9.108141066971996,9.108914838302711,9.109719379195575,9.110555913224267,9.111425712618782,9.112330100200287,9.113270451392912,9.11424819631556,9.115264821956877,9.116321874436734,9.117420961357613,9.11856375424953,9.119751991112155,9.120987479058035,9.122272097060929,9.123607798813415,9.12499661569817,9.126440659877355,9.127942127504907,9.129503302066519,9.131126557852479,9.132814363568587,9.134569286090672,9.13639399436841,9.13829126348438,9.140263978874534,9.1423151407165,9.144447868492385,9.146665405733039,9.148971124950947,9.151368532769329,9.153861275255164,9.156453143464308,9.159148079207117,9.161950181043348,9.164863710515457,9.16789309862975,9.171042952595315,9.17431806283087,9.17772341025031,9.181264173837933,9.18494573852492,9.188773703379033,9.19275389011999,9.19689235197346,9.201195382877158,9.205669527053022,9.210321588960062,9.21515864364297,9.220188047492297,9.225417449432486,9.230854802554845,9.236508376213107,9.242386768600005,9.248498919823952,9.254854125505771,9.261462050916093,9.26833274567497,9.275476659036046,9.282904655778523,9.290628032731105,9.298658535953045,9.307008378598445,9.315690259490943,9.32471738243708,9.334103476307686,9.343862815917856,9.354010243737262,9.364561192463812,9.375531708495016,9.386938476332723,9.39879884395839,9.411130849217436,9.423953247252836,9.437285539029693,9.451148000994126,9.46556171591164,9.480548604931851,9.496131460928332,9.512333983164313,9.529180813336941,9.546697573054937,9.564910902806627,9.583848502477666,9.60353917348001,9.624012862556288,9.64530070732615,9.667435083643882,9.690449654839302,9.71437942291687,9.739260781790838,9.765131572637426,9.792031141448218,9.820000398872311,9.849081882438222,9.879319821250181,9.910760203257256,9.943450845197543,9.977441465323864,10.012783759021547,10.049531477433295,10.087740509210741,10.127468965517004,10.16877726840948,10.211728242737408,10.256387211693806,10.30282209616721,10.35110351804427,10.40130490762029,10.453502615281051,10.507776027625829,10.564207688208068,10.622883423077441,10.68389247131416,10.747327620753993,10.81328534911048,10.88186597070886,10.953173789054865,11.027317255470402,11.10440913403732,11.184566673100093,11.267911783588199,11.35457122442937,11.444676795335612,11.538365537255192
0.22750000000000004,9.108575875078758,9.109366936860154,9.110189455770849,9.111044682726146,9.111933918384914,9.112858515127694,9.113819879113446,9.114819472418091,9.115858815258095,9.116939488302476,9.118063135076742,9.11923146446244,9.120446253296086,9.121709349071455,9.123022672749324,9.12438822167894,9.125808072635689,9.127284384979529,9.128819403939044,9.130415464026077,9.132074992586166,9.133800513490142,9.135594650972559,9.137460133622733,9.139399798534507,9.141416595621036,9.143513592101138,9.145693977164072,9.147961066819802,9.150318308942133,9.152769288512417,9.155317733071747,9.157967518389995,9.160722674360267,9.163587391127766,9.166566025462377,9.169663107384656,9.172883347055334,9.176231641938765,9.179713084251244,9.183332968705535,9.187096800563351,9.191010304008056,9.195079430850331,9.199310369580015,9.203709554777928,9.208283676901944,9.21303969246225,9.217984834601205,9.223126624093974,9.228472880786555,9.23403173548872,9.239811642339866,9.245821391666606,9.2520701233517,9.258567340734588,9.265322925064728,9.272347150529685,9.279650699880838,9.287244680680484,9.29514064219503,9.30335059295998,9.311887019043418,9.320762903035797,9.329991743794874,9.339587576975848,9.34956499637794,9.359939176139832,9.370725893817795,9.38194155438154,9.39360321516432,9.405728611805252,9.418336185223266,9.43144510966376,9.44507532186058,9.459247551357697,9.473983352036702,9.489305134898078,9.505236202146078,9.52180078262908,9.539024068689331,9.556932254478088,9.575552575794473,9.594913351508612,9.615044026632079,9.635975217101125,9.657738756340848,9.68036774368109,9.703896594697712,9.728361093555822,9.753798447434564,9.780247343116216,9.80774800582573,9.83634226041013,9.866073594950878,9.896987226905914,9.92913017188199,9.962551315141893,9.997301485955287,10.033433534906301,10.071002414275355,10.110065261617585,10.15068148666487,10.192912861683679,10.236823615426156,10.2824805308173,10.32995304652682,10.379313362580115,10.43063655016902,10.484000665829253,10.539486870158273,10.597179551254014,10.657166453062246,10.71953880882774,10.784391479852147,10.851823099769614,10.921936224559545,10.994837488524565,11.070637766470945,11.14945234233804,11.231401084533202,11.31660862823874,11.405204564968214,11.497323639660191,11.593105955609285
0.23,9.109015487697667,9.109824030984663,9.110664726565556,9.111538852999384,9.112447739688031,9.113392768898034,9.11437537786279,9.115397060968364,9.116459372026197,9.117563926636217,9.1187124046439,9.119906552695051,9.121148186892173,9.122439195556469,9.123781542099684,9.125177268010134,9.126628495957492,9.128137433021042,9.129706374046279,9.131337705135028,9.13303390727432,9.134797560109593,9.13663134586792,9.138538053437271,9.140520582607966,9.142581948482823,9.14472528606265,9.146953855014107,9.149271044627158,9.151680378969662,9.154185522246943,9.156790284374495,9.159498626772278,9.162314668389456,9.165242691968682,9.168287150559529,9.171452674290899,9.174744077412775,9.17816636561798,9.181724743655105,9.185424623244163,9.189271631307045,9.19327161852524,9.197430668237882,9.201755105693653,9.206251507670572,9.21092671247836,9.215787830358533,9.220842254298107,9.226097671273296,9.23156207394035,9.237243772791293,9.243151408793068,9.249293966529263,9.255680787864494,9.262321586152126,9.269226461007023,9.276405913665746,9.283870862957587,9.291632661910716,9.299703115018712,9.308094496193712,9.316819567433537,9.325891598231108,9.335324385755765,9.345132275837104,9.355330184783297,9.365933622067057,9.376958713913773,9.388422227827654,9.400341598093243,9.41273495229103,9.425621138867537,9.439019755801775,9.452951180411707,9.46743660034603,9.482498045808414,9.49815842306322,9.514441549273663,9.531372188725387,9.548976090490564,9.567280027589817,9.586311837711479,9.606100465550194,9.626676006829195,9.648069754073239,9.670314244201839,9.693443308015132,9.71749212164769,9.742497260068518,9.76849675270862,9.795530141300704,9.823638540019047,9.852864698010954,9.883253064414925,9.91484985596441,9.947703127280004,9.981862843956918,10.017380958558968,10.054311489634605,10.09271060387515,10.132636701540239,10.17415050528034,10.217315152491432,10.262196291342361,10.308862180620809,10.357383793549786,10.407834925732557,10.460292307390041,10.514835720061496,10.571548117945882,10.630515754068444,10.691828311464377,10.755579039579082,10.821864896092379,10.890786694382403,10.962449256853379,11.036961574360452,11.11443697197399,11.194993281335424,11.27875301986671,11.365843577105908,11.456397408452275,11.55055223661535,11.648451261074523
0.2325,9.109459904828814,9.110286120676337,9.111145191579801,9.112038424044098,9.112967176528256,9.113932861511435,9.114936947641086,9.115980961966528,9.117066492261346,9.118195189438136,9.11936877005928,9.120589018947571,9.12185779190064,9.12317701851332,9.124548705112273,9.125974937807278,9.127457885663889,9.128999804002222,9.130603037826965,9.13227002539375,9.134003301917357,9.135805503427385,9.137679370777237,9.139627753812544,9.14165361570532,9.143760037460504,9.145950222601693,9.148227502043198,9.150595339155872,9.153057335034356,9.155617233973798,9.158278929164366,9.161046468612193,9.1639240612958,9.166916083567306,9.17002708580822,9.17326179934989,9.176625143669154,9.180122233870158,9.18375838846366,9.187539137455728,9.191470230758064,9.195557646932803,9.199807602285041,9.20422656031696,9.208821241557885,9.213598633785276,9.21856600265216,9.223730902737172,9.229101189034036,9.234685028897935,9.240490914466948,9.246527675577436,9.252804493193066,9.259330913367819,9.266116861764292,9.273172658749337,9.280509035090004,9.288137148273671,9.296068599477165,9.304315451210696,9.312890245663448,9.3218060237787,9.331076345087528,9.340715308331216,9.350737572903778,9.361158381147183,9.371993581533184,9.38325965276705,9.394973728849807,9.407153625137164,9.419817865434709,9.432985710170625,9.44667718568875,9.460913114706546,9.475715147984312,9.491105797253784,9.507108469456233,9.523747502342125,9.541048201486484,9.559036878776261,9.57774089242826,9.597188688598466,9.617409844646081,9.63843511411806,9.66029647352256,9.683027170962479,9.70666177670299,9.731236235750066,9.756787922519864,9.783355697682234,9.81097996726468,9.839702744106786,9.869567711758492,9.900620290919438,9.93290770852041,9.966479069551987,10.001385431749567,10.037679883248423,10.075417623326867,10.114656046360304,10.155454829113879,10.197876021506465,10.241984140984021,10.287846270645867,10.335532161273063,10.385114337414084,10.43666820768913,10.49027217948078,10.546007778185412,10.603959771206787,10.664216296880271,10.7268689985238,10.792013163819442,10.85974786973746,10.930176133223307,11.00340506787667,11.07954604686079,11.158714872289817,11.241031951351781,11.326622479434919,11.41561663053591,11.508149755239494,11.604362586570533,11.704401454031544
0.23500000000000001,9.109909126472287,9.110753205935268,9.111630850813684,9.112543395860397,9.113492228905708,9.114478792968027,9.115504588448472,9.116571175412739,9.117680175963708,9.118833276708408,9.120032231323075,9.12127886322021,9.12257506832171,9.12392281794225,9.125324161787352,9.12678123107066,9.128296241755178,9.1298714979234,9.131509395281462,9.13321242480263,9.134983176515691,9.136824343443967,9.138738725700998,9.140729234749077,9.142798897827133,9.14495086255469,9.147188401718923,9.149514918252061,9.151933950406717,9.15444917713705,9.157064423693882,9.159783667442332,9.162611043910792,9.165550853080436,9.168607565924864,9.171785831209773,9.175090482563052,9.178526545826012,9.182099246696955,9.185814018678702,9.189676511342157,9.193692598918487,9.197868389232994,9.202210232994235,9.20672473345255,9.211418756442681,9.216299440825734,9.221374209346404,9.226650779921933,9.232137177380004,9.23784174566342,9.243773160520101,9.249940442697739,9.256352971663148,9.263020499867205,9.269953167577043,9.277161518298087,9.284656514809372,9.292449555836535,9.30055249338784,9.30897765077961,9.317737841378465,9.326846388088896,9.336317143615798,9.346164511532775,9.356403468188292,9.36704958548295,9.378119054552567,9.389628710393055,9.401596057464573,9.414039296313884,9.426977351255402,9.440429899153054,9.454417399346713,9.468961124768729,9.484083194297888,9.499806606399991,9.516155274106254,9.53315406138269,9.550828820945826,9.569206433582242,9.588314849031761,9.608183128496464,9.628841488840163,9.6503213485456,9.672655375499238,9.695877536676335,9.72002314980187,9.745128937065893,9.77123308097499,9.798375282424843,9.82659682108214,9.855940618167752,9.886451301736628,9.918175274553652,9.951160784668783,9.985457998798738,10.021119078626862,10.058198260137207,10.096751936103493,10.136838741858387,10.178519644473559,10.221858035486115,10.266919827312451,10.313773553496146,10.362490472942339,10.413144678297101,10.46581320863666,10.520576166637795,10.577516840407595,10.636721830157907,10.698281179917002,10.762288514478854,10.828841181798209,10.89804040104802,10.969991416564365,11.044803657912983,11.122590906320744,11.203471467725244,11.287568352705561,11.37500946356785,11.46592778887019,11.56046160568256,11.658754689889408,11.760956534854659
0.23750000000000002,9.110363152628175,9.111225286761558,9.112121704267313,9.113053768448394,9.11402289682051,9.115030563267943,9.116078300285093,9.117167701307148,9.11830042313345,9.119478188447218,9.12070278843548,9.121976085513179,9.123300016155614,9.124676593843505,9.126107912125187,9.127596147800565,9.129143564231674,9.130752514784913,9.13242544641013,9.134164903362064,9.135973531069746,9.137854080159796,9.139809410639693,9.141842496247403,9.14395642897398,9.146154423766003,9.148439823415018,9.150816103641416,9.153286878380472,9.155855905278587,9.158527091408104,9.161304499209377,9.16419235266913,9.167195043744506,9.170317139042586,9.173563386765517,9.176938723931825,9.180448283884898,9.184097404100049,9.187891634302035,9.1918367449054,9.195938735790419,9.200203845428081,9.204638560367904,9.209249625103062,9.214044052327806,9.2190291336028,9.224212450444574,9.229601885855953,9.235205636315039,9.241032224240941,9.247090510955221,9.253389710158782,9.259939401944692,9.266749547368233,9.273830503596391,9.281193039659748,9.288848352830819,9.29680808565368,9.30508434365082,9.313689713734144,9.322637283348117,9.331940660374187,9.341613993826742,9.351671995372087,9.362129961703163,9.373003797804055,9.384310041139665,9.396065886807325,9.408289213688645,9.420998611641332,9.434213409772356,9.447953705835483,9.462240396797831,9.47709521062204,9.492540739312265,9.508600473274385,9.525298837042593,9.542661226426757,9.56071404713704,9.579484754944511,9.599001897438859,9.619295157446702,9.640395398176528,9.662334710158946,9.68514646005363,9.708865341397194,9.733527427369186,9.759170225656431,9.785832735499227,9.813555507006082,9.842380702827265,9.872352162280933,9.903515468029408,9.935918015406948,9.969609084504516,10.004639915121142,10.041063784695883,10.07893608933889,10.118314428084846,10.159258690496872,10.201831147754174,10.246096547361926,10.292122211627415,10.339978140052267,10.38973711579639,10.441474816375589,10.495269928761198,10.551204269056733,10.609362906933564,10.669834295014892,10.732710403404674,10.798086859566183,10.866063093762834,10.936742490282485,11.010232544675114,11.08664502724306,11.166096153032333,11.248706758583559,11.334602485711295,11.423913972591166,11.516777052445395,11.613332960128872,11.71372854692983,11.818116503911812
0.24000000000000002,9.110821983296567,9.111702363155302,9.112617751940794,9.113569541808204,9.114559180272785,9.115588172411318,9.116658083151094,9.117770539649914,9.118927233770739,9.120129924654744,9.12138044139669,9.122680685826689,9.124032635402578,9.125438346217331,9.126899956126046,9.12841968799728,9.12999985309369,9.131642854587097,9.133351191213336,9.135127461072441,9.136974365579949,9.138894713575334,9.14089142559382,9.14296753830806,9.145126209146442,9.147370721095065,9.149704487690647,9.152131058211996,9.154654123077924,9.157277519459816,9.160005237117382,9.16284142446649,9.16579039488828,9.168856633289163,9.17204480292172,9.175359752476796,9.178806523457657,9.182390357847378,9.186116706081124,9.189991235335487,9.194019838147424,9.198208641375981,9.202564015520354,9.207092584408521,9.211801235271157,9.21669712921613,9.221787712119571,9.227080725950005,9.23258422054283,9.238306565843018,9.244256464634677,9.250442965776807,9.256875477965421,9.263563784042923,9.270518055876536,9.277748869828399,9.285267222840847,9.293084549161374,9.301212737732675,9.30966415027425,9.318451640083063,9.327588571581831,9.337088840644714,9.346966895731272,9.357237759860883,9.367917053461003,9.379021018124055,9.390566541309047,9.402571182025511,9.415053197538832,9.428031571137554,9.44152604100495,9.455557130238704,9.470146178064422,9.48531537229041,9.501087783053107,9.517487397904471,9.534539158294727,9.552268997505905,9.570703880093944,9.589871842899269,9.609802037688285,9.630524775490608,9.65207157269947,9.674475199005434,9.697769727236304,9.72199058517905,9.747174609462554,9.773360101583144,9.8005868861581,9.828896371495777,9.858331612574418,9.888937376525472,9.920760210721024,9.953848513568827,9.988252608122698,10.024024818620155,10.06121955006374,10.099893370967033,10.140105099391233,10.181915892403113,10.22538933909044,10.270591557276274,10.317591294079264,10.366460030472856,10.417272090002424,10.47010475182563,10.525038368247987,10.582156486932277,10.64154597796771,10.703297165992087,10.767503967567807,10.834264034020686,10.903678899958782,10.975854137697027,11.050899517822543,11.12892917614479,11.210061787284365,11.29442074516448,11.38213435067953,11.473336006826125,11.568164421593305,11.666763818920481,11.769284158043792,11.875881361564538
0.24250000000000002,9.111285618477558,9.112184435116601,9.113118993834233,9.114090715939943,9.11510107926266,9.116151620398286,9.11724393704662,9.118379690441193,9.119560607875748,9.120788485331174,9.122065190206907,9.123392664160955,9.124772926062837,9.126208075063985,9.1277002937902,9.1292518516611,9.13086510834154,9.132542517330295,9.134286629691447,9.136100097934161,9.137985680046727,9.139946243691044,9.141984770563882,9.144104360931587,9.146308238345105,9.148599754542513,9.150982394546496,9.153459781964536,9.15603568449987,9.158714019681597,9.161498860822645,9.164394443214675,9.167405170569321,9.170535621715576,9.173790557563525,9.17717492834497,9.180693881142018,9.184352767715033,9.188157152641892,9.19211282178089,9.196225791070216,9.200502315677314,9.204948899512118,9.209572305118575,9.214379563959518,9.21937798711055,9.224575176379167,9.229979035866064,9.235597783986192,9.241439965967855,9.247514466848845,9.253830524989406,9.260397746122546,9.26722611796311,9.274326025397787,9.281708266279182,9.28938406784797,9.297365103808126,9.305663512081146,9.314291913266338,9.323263429835201,9.332591706089117,9.342290928910705,9.352375849340381,9.362861805010981,9.373764743474519,9.385101246456605,9.396888555075385,9.409144596063376,9.421888009032058,9.435138174820729,9.44891524497269,9.463240172383655,9.478134743168935,9.493621609797922,9.50972432554623,9.526467380317925,9.543876237892302,9.561977374651885,9.58079831985053,9.600367697482893,9.620715269818957,9.641871982669798,9.663870012453474,9.686742815132591,9.710525177098015,9.73525326807608,9.760964696139789,9.78769856490768,9.815495533017318,9.844397875963923,9.87444955039812,9.905696260980667,9.938185529895797,9.971966769128901,10.007091355618497,10.043612709396779,10.08158637483755,10.121070105135153,10.16212395014287,10.204810347704324,10.249194218616854,10.295343065371249,10.343327074817969,10.393219224916065,10.445095395727055,10.499034484822591,10.55511852728142,10.613432820458108,10.674066053713245,10.737110443302466,10.802661872629345,10.870820038075472,10.941688600629469,11.015375343545502,11.09199233627104,11.171656104893135,11.254487809362384,11.340613427764087,11.430163947916787,11.523275566589533,11.620089896640799,11.720754182394051,11.8254215235774,11.934251108167945
0.24500000000000002,9.111754058171238,9.112671502645556,9.113625429947739,9.114617290843727,9.115648593790258,9.116720907228984,9.11783586197182,9.118995153681146,9.120200545448647,9.121453870476689,9.12275703486633,9.124112020516192,9.125520888136625,9.126985780383714,9.128508925117924,9.130092638792323,9.131739329975547,9.133451503014852,9.135231761844839,9.137082813947625,9.139007474470517,9.141008670507393,9.143089445550382,9.145252964118532,9.147502516570558,9.149841524108982,9.152273543983252,9.15480227489978,9.157431562647112,9.160165405944797,9.163007962524828,9.165963555454939,9.169036679713344,9.17223200902492,9.175554402969269,9.179008914371408,9.182600796986383,9.186335513489462,9.190218743784072,9.19425639364011,9.198454603675778,9.202819758696581,9.207358497405709,9.21207772250058,9.216984611170862,9.222086626013988,9.227391526384737,9.232907380196146,9.2386425761897,9.244605836693493,9.250806230887694,9.257253188597591,9.26395651463509,9.270926403710574,9.278173455937713,9.2857086929549,9.293543574687753,9.301690016778219,9.310160408706787,9.318967632635362,9.328125082999463,9.337646686879552,9.347546925182458,9.357840854665147,9.368544130834291,9.379673031756507,9.391244482815456,9.403276082453456,9.415786128936787,9.428793648185367,9.442318422709144,9.456381021695208,9.471002832291399,9.486206092133967,9.5020139231688,9.518450366817602,9.535540420542565,9.553310075865125,9.571786357896613,9.59099736644096,9.610972318731939,9.631741593869972,9.653336779026075,9.675790717483212,9.699137558588138,9.723412809689716,9.748653390142657,9.774897687458884,9.802185615691867,9.830558676142761,9.860060020480676,9.890734516373044,9.922628815725943,9.955791425638159,9.990272782176863,10.02612532708714,10.063403587552036,10.10216425912441,10.142466291956712,10.184370980459862,10.227942056527533,10.273245786467669,10.320351071788606,10.369329553993081,10.42025572353952,10.473207033136273,10.528264015541085,10.585510406044996,10.645033269826854,10.706923134372154,10.771274127157591,10.838184118810618,10.907754871961794,10.980092196016214,11.055306108079398,11.13351100028232,11.214825813760068,11.2993742195486,11.387284806674762,11.478691277725499,11.573732652193693,11.672553477909801,11.775304050880818,11.882140643870816,11.99322574407068
0.24750000000000003,9.112227302377704,9.113163565742266,9.11413706028142,9.115149266519676,9.116201723855712,9.117296032903552,9.11843385792684,9.119616929369933,9.120847046489612,9.122126080091483,9.123455975375162,9.124838754892624,9.12627652162418,9.127771462176778,9.129325850109492,9.130942049391244,9.13262251799603,9.134369811641115,9.136186587673883,9.138075609113244,9.140039748851757,9.14208199402486,9.144205450553837,9.14641334786945,9.1487090438234,9.151096029795118,9.153577936001613,9.156158537018479,9.158841757520463,9.16163167825029,9.164532542224876,9.167548761188305,9.170684922321449,9.173945795218383,9.177336339140236,9.180861710557496,9.184527270992247,9.188338595172272,9.192301479509402,9.196421950915017,9.200706275966134,9.20516097043596,9.209792809203478,9.21460883655707,9.219616376907918,9.224823045929393,9.230236762139466,9.23586575894368,9.241718597157051,9.24780417802391,9.254131756755514,9.260710956605987,9.267551783508035,9.274664641290668,9.282060347502085,9.289750149861774,9.297745743366887,9.306059288078854,9.314703427617346,9.323691308389659,9.33303659958482,9.342753513962782,9.352856829470351,9.363361911716725,9.374284737342808,9.385641918319864,9.39745072721446,9.409729123458137,9.422495780661723,9.435770115015913,9.449572314821216,9.463923371192262,9.478845109983126,9.494360224982247,9.510492312427413,9.527265906893337,9.544706518606375,9.56284067224316,9.581695947272168,9.601301019899566,9.621685706683133,9.642881009880606,9.664919164601416,9.68783368783353,9.71165942941997,9.73643262506253,9.762190951433329,9.788973583478004,9.816821253997698,9.845776315600467,9.875882805116344,9.90718651057399,9.93973504084084,9.973577898032639,10.008766552802483,10.045354522623887,10.083397453186958,10.12295320303139,10.164081931545084,10.20684619046217,10.251311018999573,10.297544042776861,10.34561557666975,10.395598731753708,10.447569526500306,10.5016070023954,10.557793344154932,10.616214004721273,10.676957835230045,10.740117220145162,10.805788217767567,10.874070706331286,10.945068535909012,11.018889686358193,11.095646431547781,11.175455510115395,11.258438303014543,11.344721018121872,11.43443488218516,11.527716340403977,11.624707263946364,11.725555165717246,11.830413424706563,11.939441519258258,12.052805269614908
0.25,9.112705351097047,9.113660624406831,9.114653884835386,9.115686642967908,9.116760469459146,9.117876997422124,9.119037924911833,9.120245017507717,9.121500110998817,9.12280511417574,9.124162011733608,9.12557286729047,9.127039826525738,9.128565120443433,9.130151068765185,9.131800083458165,9.133514672403315,9.135297443209438,9.137151107178964,9.139078483431422,9.14108250319089,9.143166214243921,9.14533278557476,9.147585512184897,9.149927820104232,9.15236327160157,9.154895570602278,9.157528568321393,9.160266269120738,9.163112836598962,9.16607259992374,9.1691500604158,9.17234989839475,9.175676980297167,9.17913636607772,9.182733316904628,9.186473303161115,9.19036201276509,9.194405359819633,9.198609493607503,9.202980807943321,9.207525950897656,9.212251834907796,9.21716564729061,9.22227486117345,9.227587246859741,9.233110883646555,9.238854172112122,9.244825846891965,9.251034989963125,9.257491044456629,9.26420382901925,9.271183552746393,9.278440830708803,9.285986700096723,9.293832637006068,9.301990573892114,9.310472917717291,9.319292568820634,9.328462940537635,9.337997979600313,9.347912187348534,9.35822064178484,9.368939020506359,9.380083624548613,9.391671403177565,9.403719979667565,9.416247678104405,9.429273551254267,9.442817409540961,9.456899851175473,9.471542293483731,9.486767005480164,9.502597141736635,9.519056777598266,9.536170945799697,9.55396567453748,9.572468027056523,9.59170614281079,9.611709280260843,9.632507861373368,9.654133517890298,9.67661913943797,9.699998923549456,9.724308427676156,9.749584623267756,9.775865952002812,9.803192384255484,9.831605479887326,9.861148451456621,9.891866229941366,9.923805533075887,9.957014936405006,9.991544947163844,10.027448081095578,10.064778942324033,10.10359430640256,10.143953206665495,10.185917024013538,10.229549580269593,10.274917235247045,10.322088987678105,10.371136580155703,10.42213460824848,10.475160633954925,10.530295303669053,10.587622470837118,10.647229323491835,10.709206516858083,10.773648311231682,10.840652715340998,10.91032163540929,10.982761030144538,11.058081071892381,11.13639631419726,11.217825866026516,11.302493572922437,11.390528205357626,11.48206365458016,11.57723913624636,11.67619940215072,11.779094960375053,11.88608230419158,11.997324150067966,12.11298968513631
0.25250000000000006,9.113188204329363,9.114162678639358,9.115175903609751,9.116229420188542,9.117324830600692,9.118463800784843,9.11964806292695,9.12087941809466,9.12215973897644,9.123490972729657,9.124875143941876,9.126314357709953,9.127810802841545,9.129366755183943,9.130984581085285,9.132666740993393,9.134415793197734,9.136234397720173,9.138125320360462,9.14009143690258,9.142135737488367,9.144261331165058,9.146471450613676,9.148769457065436,9.151158845413663,9.153643249528997,9.156226447785961,9.158912368809286,9.161705097448767,9.164608880991706,9.16762813562239,9.170767453138463,9.174031607934367,9.17742556426248,9.18095448378303,9.184623733414215,9.188438893494512,9.192405766269559,9.19653038471654,9.200819021719479,9.205278199609403,9.209914700083885,9.21473557452106,9.219748154703778,9.224960063970238,9.23037922880803,9.236013890909241,9.241872619704955,9.247964325398199,9.25429827251518,9.260884093995395,9.267731805842079,9.274851822355226,9.28225497197042,9.289952513727492,9.297956154394093,9.306278066270234,9.314930905700846,9.323927832324525,9.333282529087759,9.34300922305505,9.3531227070466,9.363638362136458,9.374572181045364,9.385940792463868,9.397761486342684,9.41005224018881,9.42283174640734,9.436119440730609,9.449935531777886,9.464301031790558,9.479237788589616,9.494768518803955,9.510916842420125,9.527707318706002,9.54516548356308,9.563317888364155,9.582192140335486,9.601816944544868,9.622222147559444,9.6434387828397,9.665499117938657,9.688436703578054,9.71228642467618,9.737084553404936,9.762868804356856,9.78967839190598,9.817554089849803,9.84653829342305,9.876675083777545,9.908010295026306,9.940591583953765,9.974468502498173,10.009692573116446,10.046317367146004,10.08439858628286,10.123994147299822,10.165164270133658,10.207971569475212,10.25248115000174,10.298760705396292,10.346880621304749,10.396914082387061,10.44893718362551,10.503029046059247,10.55927193712112,10.61775139575976,10.678556362537256,10.74177931490019,10.807516407829766,10.87586762008493,10.946936906260817,11.020832354893797,11.097666352853519,11.17755575627192,11.260622068269125,11.346991623746506,11.436795781527842,11.530171124140814,11.627259665542587,11.72820906710532,11.833172862190084,11.942310689650654,12.055788536622186,12.173778990964069
0.255,9.113675862074752,9.114669728439953,9.115703116604628,9.116777598181704,9.117894807280482,9.119056442991853,9.120264271972346,9.121520131130929,9.122825930422662,9.124183655753423,9.125595372000177,9.127063226151302,9.12858945057184,9.130176366398567,9.131826387070076,9.133542021997235,9.135325880379616,9.137180675173683,9.139109227218766,9.14111446952713,9.143199451744634,9.145367344788761,9.147621445671112,9.149965182511638,9.152402119752306,9.154935963578062,9.157570567553373,9.16030993848293,9.163158242505384,9.166119811429418,9.169199149321791,9.172400939357345,9.17573005094143,9.179191547115542,9.182790692257477,9.186532960087678,9.190424041993966,9.19446985568733,9.198676554201905,9.203050535252867,9.20759845096645,9.212327217996888,9.217244028045682,9.222356358799178,9.227671985301091,9.233198991777286,9.238945783930783,9.244921101725694,9.25113403267954,9.257594025684156,9.264310905376215,9.271294887079206,9.278556592339632,9.286107065081017,9.293957788400304,9.302120702032218,9.310608220508097,9.319433252036887,9.328609218136947,9.33815007404856,9.348070329958208,9.358385073066849,9.369109990535804,9.380261393345142,9.391856241100824,9.403912167828379,9.416447508792325,9.429481328382117,9.443033449107038,9.457124481744168,9.47177585668523,9.487009856530033,9.502849649976074,9.519319327055838,9.536443935775393,9.554249520210021,9.572763160114814,9.592013012110463,9.61202835250695,9.632839621830176,9.654478471119338,9.676977810065447,9.700371857064143,9.724696191259046,9.749987806654696,9.776285168381445,9.803628271197859,9.832058700319596,9.8616196946673,9.892356212629686,9.92431500044184,9.957544663282748,9.992095739200145,10.028020775975163,10.065374411043637,10.104213454595648,10.144596975979665,10.186586393542697,10.230245568043083,10.275640899778008,10.32284142957338,10.371918943789767,10.422948083503982,10.476006458032371,10.531174762968504,10.588536902914708,10.648180119094068,10.710195122037044,10.77467622954437,10.84172151013608,10.911432932204834,10.983916519100248,11.059282510380175,11.137645529474057,11.2191247580133,11.30384411709382,11.391932455746339,11.483523746900993,11.578757291144312,11.677777928578344,11.780736259104074,11.887788871464126,11.999098581393037,12.11483467923716,12.235173187420859
0.25750000000000006,9.114168324333308,9.115181773808715,9.116235523820126,9.117331176947514,9.11847039949865,9.119654924043298,9.120886552048175,9.122167156616696,9.12349868533766,9.124883163247237,9.126322695908716,9.127819472614739,9.129375769716873,9.130993954087575,9.132676486719845,9.134425926469996,9.136244933949296,9.138136275570325,9.140102827754268,9.1421475813055,9.144273645960151,9.146484255115523,9.148782770747593,9.151172688524074,9.15365764312078,9.156241413749429,9.15892792990524,9.161721277343108,9.164625704291428,9.167645627913009,9.170785641022924,9.174050519073504,9.177445227417085,9.180974928857589,9.184644991502397,9.188460996926453,9.19242874866103,9.196554281020074,9.200843868277529,9.205304034209613,9.209941562016562,9.214763504638924,9.219777195484099,9.224990259579434,9.230410625168837,9.23604653577056,9.24190656271447,9.247999618177886,9.254334968739808,9.26092224947417,9.267771478603514,9.274893072735406,9.28229786270475,9.289997110046123,9.298002524121118,9.306326279926852,9.314981036612602,9.323979956732844,9.33333672626589,9.34306557542863,9.353181300319022,9.363699285419212,9.374635526993565,9.38600665741717,9.397829970471811,9.410123447647894,9.422905785492338,9.436196424044006,9.450015576399945,9.4643842594574,9.479324325878354,9.494858497325216,9.511010399018211,9.527804595667021,9.545266628831346,9.563423055767197,9.582301489818013,9.601930642412015,9.622340366729725,9.643561703107991,9.665626926249647,9.688569594310584,9.712424599938863,9.737228223343555,9.763018187473982,9.789833715393288,9.817715589933616,9.846706215723621,9.876849683682638,9.908191838079599,9.94078034625874,9.974664771138045,10.009896646590784,10.046529555824748,10.084619212878355,10.124223547357637,10.165402792542942,10.20821957699932,10.252739019829963,10.299028829717548,10.347159407904057,10.397203955265764,10.449238583646148,10.50334243161606,10.55959778483724,10.618090201212123,10.678908641010315,10.74214560216963,10.807897260977377,10.876263618345856,10.947348651904539,11.021260474140123,11.098111496824993,11.178018601984121,11.261103319660334,11.347492012748308,11.437316069178328,11.530712101742019,11.627822155863955,11.728793925635056,11.833780978436222,11.94294298849387,12.056445979722437,12.174462578223123,12.297172274822863
0.26,9.114665591105128,9.115698814745755,9.116773125256366,9.117890156486094,9.119051607255326,9.120259243939318,9.121514903154592,9.122820494552123,9.12417800372162,9.125589495211294,9.12705711566771,9.1285830971005,9.13016976027689,9.131819518251234,9.133534880034881,9.135318454411996,9.137172953907115,9.139101198910469,9.141106121967358,9.14319077223811,9.145358320135376,9.147612062145836,9.149955425843663,9.152391975103326,9.154925415519715,9.157559600043781,9.160298534842287,9.163146385390602,9.16610748280775,9.169186330443397,9.172387610726783,9.175716192288006,9.179177137362478,9.18277570948986,9.186517381519128,9.190407843931984,9.19445301349726,9.198659042269476,9.203032326945229,9.207579518591674,9.212307532761852,9.217223560012274,9.22233507683877,9.227649857047195,9.233175983576333,9.238921860790931,9.24489622726362,9.2511081690651,9.25756713358285,9.264282943889366,9.271265813681763,9.278526362815489,9.286075633455765,9.293925106871315,9.302086720895938,9.310572888084458,9.319396514590704,9.328571019796193,9.338110356719397,9.348029033236628,9.358342134146804,9.369065344113695,9.380214971520488,9.391807973273,9.403861980589243,9.416395325814564,9.429427070303165,9.442977033408377,9.457065822625822,9.471714864935274,9.486946439388907,9.502783710995514,9.519250765952176,9.536372648277045,9.554175397898895,9.57268609026141,9.591932877502442,9.611945031270837,9.632752987246024,9.654388391427991,9.676884148268133,9.700274470714135,9.72459493224499,9.749882520975357,9.776175695911482,9.803514445444284,9.831940348168551,9.861496636120771,9.892228260531732,9.92418196019395,9.957406332547862,9.991951907594922,10.027871224749997,10.065218912749966,10.10405177274001,10.144428864664013,10.186411597090403,10.230063820610084,10.275451924948454,10.322644939939257,10.37171464051375,10.422735655864921,10.475785582952733,10.530945104522974,10.588298111819281,10.647931832174832,10.709936961677798,10.774407803112314,10.841442409384669,10.911142732652849,10.983614779386215,11.058968771591099,11.137319314447447,11.218785570611473,11.303491441449328,11.39156575547737,11.483142464295623,11.578360846312286,11.677365718569124,11.780307656989839,11.887343225386301,11.998635213570887,12.114352884937015,12.234672233884288,12.359776253479769
0.26250000000000007,9.115167662390315,9.116220851251178,9.117315920913457,9.118454536797573,9.119638430550646,9.120869402680064,9.122149325291758,9.123480144937384,9.124863885574722,9.126302651645792,9.127798631277374,9.129354099608815,9.130971422252145,9.132653058889815,9.134401567015479,9.136219605823548,9.138109940253413,9.140075445194478,9.14211910985844,9.144244042325397,9.146453474270775,9.148750765880207,9.151139410959857,9.153623042249977,9.156205436949739,9.158890522461792,9.161682382365253,9.164585262626211,9.167603578055205,9.170741919021504,9.174005058434362,9.177397959001928,9.180925780778777,9.184593889013613,9.188407862309024,9.192373501105733,9.196496836504236,9.200784139437232,9.205241930206837,9.209876988401026,9.214696363204444,9.21970738411923,9.224917672112166,9.230335151205132,9.235968060526456,9.2418249668415,9.247914777581574,9.25424675439094,9.26083052721255,9.267676108933927,9.274793910615463,9.282194757324303,9.28988990459789,9.297891055562216,9.30621037873081,9.314860526511547,9.323854654449407,9.333206441234474,9.34293010950558,9.353040447481265,9.36355283145092,9.374483249160372,9.385848324127402,9.397665340924267,9.409952271465613,9.422727802341804,9.436011363239206,9.44982315649069,9.464184187801258,9.479116298195583,9.494642197235978,9.510785497561386,9.527570750799896,9.5450234849094,9.563170243003196,9.582038623719596,9.601657323196925,9.622056178717765,9.643266214088817,9.665319686825416,9.68825013721245,9.712092439316304,9.73688285402544,9.762659084200234,9.789460332016017,9.817327358586468,9.846302545958093,9.87642996157005,9.907755425277367,9.940326579039489,9.97419295938014,10.009406072728712,10.046019473757726,10.084088846835593,10.123672090718443,10.164829406609897,10.207623389722691,10.252119124481387,10.298384283510945,10.346489230561746,10.396507127527517,10.448514045718982,10.502589081562384,10.558814476898876,10.617275744067712,10.67806179596343,10.741265081264803,10.806981725041238,10.875311674950392,10.946358853249311,11.020231314850324,11.097041411661918,11.176905963464588,11.259946435581476,11.346289123613909,11.436065345522826,11.529411641348114,11.62646998086957,11.727387979525243,11.832319122915498,11.941423000234145,12.054865546981635,12.172819297329372,12.295463646518867,12.422985123694787
0.265,9.115674538188967,9.116747883325093,9.117863910791522,9.119024317882076,9.12023086938475,9.12148540026568,9.122789818459827,9.124146107772651,9.125556330897158,9.127022632550934,9.128547242737925,9.130132480139917,9.131780755642888,9.13349457600359,9.135276547661933,9.137129380704971,9.139055892988534,9.141059014422732,9.143141791427912,9.145307391567789,9.147559108366815,9.14990036631914,9.152334726096727,9.154865889964617,9.157497707411485,9.160234181004153,9.163079472474879,9.166037909050733,9.169113990034662,9.172312393648264,9.17563798414667,9.179095819216357,9.182691157667152,9.18642946743011,9.19031643387345,9.194357968449173,9.198560217683541,9.202929572525058,9.2074726780642,9.21219644363966,9.217108053346493,9.222214976962109,9.227524981306788,9.233046142055938,9.238786856022108,9.244755853925392,9.250962213671698,9.257415374159034,9.264125149632813,9.271101744612059,9.278355769409147,9.285898256266735,9.29374067613639,9.301894956124485,9.31037349763183,9.319189195214674,9.328355456195766,9.337886221055273,9.347795984632597,9.358099818171317,9.368813392240808,9.379953000569381,9.3915355848252,9.40357876038267,9.416100843113494,9.429120877243115,9.442658664314958,9.456734793306495,9.471370671942942,9.48658855925623,9.502411599438751,9.5188638570434,9.53597035358341,9.553757105587692,9.572251164169527,9.591480656168807,9.611474826930412,9.632264084783758,9.653880047291207,9.67635558933564,9.699724893120377,9.724023500157434,9.749288365323261,9.775557913064105,9.802872095836538,9.831272454871996,9.860802183357777,9.891506192130565,9.92343117798241,9.956625694683048,9.991140226826573,10.027027266614775,10.064341393693914,10.103139358166379,10.143480166903426,10.185425173290318,10.229038170540315,10.27438548871944,10.321536095629575,10.370561701703313,10.421536869070044,10.474539124959222,10.529649079613188,10.586950548888861,10.646530681734838,10.708480092737611,10.772892999938573,10.839867368131346,10.90950505785731,10.981911980325952,11.057198258495584,11.135478394559355,11.216871444091275,11.301501197117046,11.389496366385004,11.480990783123497,11.57612360058237,11.675039505668003,11.777888938993758,11.88482832368048,11.996020303254841,12.111633989007412,12.231845217186535,12.356836816419058,12.486798885764648
0.26750000000000007,9.116186218501186,9.117279910967609,9.118417094890678,9.11959949973973,9.120828923757774,9.122107236696317,9.123436382658966,9.124818383058097,9.12625533968911,9.127749437926923,9.129302950049581,9.130918238694045,9.132597760449377,9.134344069592837,9.136159821974541,9.138047779056588,9.140010812112825,9.1420519065956,9.144174166676182,9.146380819965724,9.14867522242397,9.151060863463142,9.153541371254821,9.15612051824784,9.158802226905602,9.161590575671559,9.164489805171911,9.167504324664973,9.170638718746986,9.173897754324617,9.17728638786472,9.18080977293239,9.184473268028785,9.18828244474063,9.192243096213781,9.196361245963788,9.200643157036781,9.20509534153468,9.20972457051918,9.214537884309589,9.219542603190163,9.22474633854325,9.230157004425152,9.235782829602323,9.24163237006621,9.247714522045758,9.254038535537394,9.260614028373041,9.267451000847585,9.274559850928012,9.281951390067391,9.289636859647702,9.29762794807656,9.305936808563828,9.314576077605134,9.323558894200444,9.332898919836884,9.342610359266233,9.352707982108667,9.363207145315624,9.374123816525966,9.385474598350932,9.397276753624851,9.409548231659999,9.422307695545538,9.435574550532078,9.449368973544997,9.46371194387144,9.478625275067653,9.494131648135207,9.510254646016524,9.527018789462232,9.54444957432487,9.56257351033565,9.581418161423288,9.601012187636229,9.62138538873198,9.64256874949991,9.664594486886427,9.687496098994172,9.711308416029835,9.736067653278,9.761811466181637,9.788579007613016,9.816410987422119,9.845349734353142,9.875439260423255,9.906725327861526,9.939255518709817,9.973079307191526,10.008248134958201,10.044815489328508,10.08283698463852,10.122370446827054,10.163476001384684,10.206216164800207,10.25065593964363,10.296862913430255,10.344907361416233,10.394862353481928,10.446803865265599,10.500810893716434,10.556965577242648,10.615353320637347,10.676062924972161,10.73918672265614,10.804820717865288,10.87306473255636,10.944022558286813,11.017802114071907,11.094515610518945,11.174279720488212,11.257215756540152,11.343449855438639,11.433113169990794,11.526342068515186,11.62327834224165,11.72406942095807,11.828868597232127,11.937835259548883,12.051135134718747,12.168940539924394,12.291430644789985,12.418791743871068,12.551217539979657
0.27,9.116702703327073,9.117816934178837,9.118975473211039,9.120180082370663,9.121432593669857,9.122734911972124,9.124089017889332,9.125496970793897,9.12696091195077,9.128483067773962,9.130065753212564,9.131711375271436,9.133422436671868,9.135201539657835,9.137051389953605,9.138974800878723,9.140974697626637,9.143054121713462,9.145216235603657,9.147464327519648,9.149801816442714,9.152232257312733,9.154759346434696,9.15738692710025,9.160118995432732,9.162959706464704,9.165913380457107,9.16898450946975,9.172177764193062,9.175498001051515,9.178950269589539,9.182539820151131,9.186272111864872,9.190152820946455,9.194187849331408,9.198383333651075,9.20274565456557,9.207281446467839,9.211997607573657,9.216901310412835,9.222000012737638,9.227301468865006,9.232813741469798,9.238545213847026,9.244504602661715,9.250700971205777,9.25714374318208,9.26384271703665,9.270808080860833,9.278050427886063,9.285580772594798,9.293410567472167,9.30155172042374,9.310016612885986,9.318818118656905,9.327969623475509,9.33748504537992,9.34737885587505,9.357666101942064,9.36836242892308,9.379484104315953,9.3910480425153,9.403071830537394,9.415573754768102,9.428572828774474,9.442088822222361,9.45614229094399,9.470754608201258,9.48594799719227,9.501745564850609,9.518171336988686,9.535250294838667,9.55300841304654,9.571472699177107,9.590671234789996,9.61063321814916,9.631389008630826,9.65297017289744,9.675409532907835,9.698741215836643,9.723000705978869,9.748224898718595,9.774452156643868,9.80172236789313,9.830077006821947,9.859559197082284,9.890213777210272,9.922087368822227,9.955228447522623,9.989687416631881,10.025516683846107,10.06277074094532,10.101506246671486,10.141782112902302,10.183659594251848,10.227202381234367,10.272476697132827,10.319551398719614,10.368498080982507,10.419391186015211,10.47230811623803,10.527329352120887,10.584538574587661,10.644022792288029,10.705872473930352,10.770181685876809,10.837048235210018,10.906573818488743,10.978864176418853,11.054029254674695,11.132183371115543,11.213445389651254,11.297938901021602,11.385792410764196,11.477139534656695,11.572119201930642,11.670875866565842,11.773559726986576,11.880326954493771,11.991339930780423,12.10676749489146,12.2267852000036,12.351575580415638,12.481328429155125,12.616241086623681
0.2725,9.117223992666732,9.118358952958888,9.119539045752731,9.120766065775006,9.122041879121136,9.123368426093254,9.124747724151094,9.12618187098023,9.127673047682329,9.129223522092255,9.130835652227095,9.132511889872331,9.134254784310622,9.136066986198863,9.137951251599427,9.139910446171703,9.141947549530327,9.144065659776702,9.14626799821075,9.148557914230004,9.150938890423532,9.153414547868428,9.155988651636912,9.158665116522448,9.161448012993535,9.164341573384299,9.167350198331228,9.170478463465887,9.173731126373776,9.177113133829915,9.180629629322159,9.184285960873696,9.188087689176609,9.192040596048885,9.196150693227727,9.200424231512544,9.204867710271532,9.209487887326292,9.214291789229526,9.21928672195144,9.224480281991116,9.229880367929747,9.23549519244328,9.2413332947928,9.24740355381159,9.25371520140865,9.260277836609205,9.267101440153574,9.274196389676563,9.281573475490518,9.289243916996009,9.297219379745123,9.305511993183305,9.314134369096749,9.323099620793371,9.332421383046567,9.342113832832075,9.352191710889473,9.362670344141117,9.373565669002636,9.384894255620393,9.396673333072819,9.408920815573934,9.421655329718908,9.434896242813107,9.448663692327706,9.462978616526684,9.477862786311766,9.493338838333754,9.509430309420626,9.526161672374736,9.543558373193587,9.561646869770783,9.58045467213601,9.600010384295274,9.620343747735014,9.641485686656267,9.663468355007678,9.686325185388911,9.710090939898803,9.73480176300564,9.760495236519942,9.787210436753373,9.81498799395072,9.843870154085314,9.873900843111901,9.905125733774668,9.937592315072045,9.971349964483919,10.00645002307112,10.042945873561397,10.080893021540623,10.120349179872726,10.161374356476745,10.204030945594464,10.248383822687465,10.294500443107905,10.342450944693065,10.392308254439692,10.444148199420406,10.498049622110733,10.554094500302316,10.612368071784479,10.672958963983858,10.735959328759224,10.80146498255644,10.869575552136702,10.940394626099678,11.014029912431935,11.090593402320208,11.170201540478685,11.2529754022492,11.33904087774373,11.42852886330914,11.52157546060533,11.618322183599528,11.718916173791461,11.823510423996638,11.932264011028101,12.04534233763043,12.16291738403383,12.285167969510915,12.412280024333867,12.544446872545489,12.681869525974205
0.275,9.117750086520267,9.118905967307873,9.120107812515872,9.121357449952892,9.12265678011176,9.124007779059857,9.125412501444412,9.126873083617271,9.12839174688398,9.129970800882017,9.131612647093402,9.133319782496974,9.1350948033659,9.136940409216205,9.138859406912314,9.14085471493586,9.142929367824248,9.145086520785703,9.147329454497877,9.14966158009724,9.152086444366907,9.154607735130755,9.157229286862037,9.159955086515046,9.162789279588663,9.165736176431052,9.16880025879504,9.171986186654209,9.175298805290021,9.178743152660779,9.18232446706362,9.186048195101208,9.189919999965214,9.193945770049229,9.198131627904152,9.202483939549715,9.207009324156314,9.211714664111808,9.21660711548869,9.221694118927461,9.22698341095282,9.232483035739866,9.23820135734818,9.244147072442425,9.25032922351883,9.256757212657599,9.263440815822246,9.270390197727558,9.277615927298802,9.285128993745719,9.292940823275694,9.3010632964716,9.30950876636067,9.318290077201942,9.327420584020798,9.336914172920363,9.346785282200605,9.357048924317295,9.367720708714213,9.378816865563309,9.39035427044897,9.402350470033896,9.414823708745644,9.427792956524415,9.441277937674316,9.455299160861937,9.469877950307911,9.485036478218875,9.500797798509165,9.517185881863542,9.534225652194264,9.551943024547981,9.570364944520074,9.589519429236413,9.60943560996486,9.63014377642132,9.651675422837734,9.674063295862082,9.697341444363252,9.721545271216526,9.746711587148429,9.772878666722868,9.800086306553684,9.828375885832171,9.857790429261616,9.888374672494566,9.920175130172359,9.95324016667042,9.987620069656856,10.023367126576282,10.060535704175201,10.099182331189816,10.139365784322118,10.181147177634939,10.224590055501961,10.269760489254013,10.316727177668662,10.365561551455887,10.41633788189876,10.469133393814358,10.524028383006623,10.581106338389892,10.640454068968703,10.70216183586702,10.766323489607691,10.833036612850819,10.90240266880812,10.974527155559024,11.04951976650307,11.127494557192653,11.208570118799797,11.292869758480691,11.380521686912328,11.471659213286326,11.566420948056493,11.664951013748414,11.767399264151623,11.873921512227641,11.984679767080467,12.099842480349842,12.219584802401936,12.344088848707074,12.473543976809513,12.608147074310473,12.748102858302337
0.2775,9.118280984887782,9.119457977225908,9.120681773500587,9.121954234904448,9.123277296641863,9.124652970872091,9.126083349769456,9.127570608705204,9.129117009555916,9.130724904143452,9.13239673781171,9.13413505314561,9.13594249383797,9.137821808710145,9.139775855892573,9.141807607171527,9.14392015250876,9.146116704740857,9.148400604465458,9.150775325121812,9.15324447827333,9.15581181910024,9.158481252110636,9.161256837078659,9.164142795218787,9.167143515605682,9.17026356184932,9.173507679035554,9.1768808009427,9.180388057545082,9.184034782814972,9.187826522834797,9.191769044231908,9.195868342948804,9.200130653362102,9.204562457764126,9.209170496221567,9.213961776826174,9.21894358635308,9.224123501342975,9.229509399624988,9.235109472297777,9.24093223618709,9.246986546798702,9.253281611786454,9.259827004955877,9.266632680824703,9.273708989762369,9.281066693731614,9.28871698265604,9.296671491438564,9.304942317656668,9.31354203996129,9.322483737207433,9.3317810083455,9.341447993103683,9.35149939349281,9.361950496166376,9.37281719566979,9.384116018614165,9.395864148811429,9.408079453409002,9.420780510063768,9.433986635196696,9.44771791337106,9.461995227838957,9.476840292302583,9.492275683938578,9.50832487773565,9.525012282197732,9.54236327646696,9.560404248922934,9.579162637316987,9.598666970502478,9.618946911824604,9.640033304235718,9.66195821720477,9.68475499549221,9.708458309864566,9.733104209825793,9.758730178445626,9.785375189368313,9.813079766088432,9.841886043583965,9.87183783240034,9.90298068528293,9.93536196645934,9.96903092367686,10.004038763104626,10.040438727214436,10.078286175758645,10.117638669968283,10.158556060099485,10.20110057646135,10.245336924063645,10.291332381028356,10.339156900914674,10.388883219113085,10.440586963470333,10.494346769313504,10.550244399048125,10.608364866512202,10.668796566275244,10.731631408078908,10.796964956623771,10.864896576914697,10.935529585385865,11.008971407035295,11.085333738807767,11.164732719474559,11.24728910626842,11.333128458542253,11.422381328730845,11.51518346090603,11.61167599722714,11.712005692600739,11.816325137876024,11.92479299191526,12.03757422289217,12.1548403591852,12.276769750247116,12.403547837847686,12.535367438101895,12.67242903471249,12.81494108387287
0.28,9.118816687769383,9.120014982713103,9.121260928706997,9.122556420629811,9.123903428711595,9.12530400153011,9.126760269126391,9.128274446244207,9.129848835698334,9.131485831876775,9.133187924382247,9.134957701818484,9.136797855727094,9.138711184680977,9.140700598540517,9.14276912287904,9.14491990358423,9.147156211642553,9.149481448113919,9.151899149304176,9.154412992143293,9.157026799777416,9.15974454738329,9.16257036821391,9.165508559884573,9.168563590908914,9.171740107494847,9.175042940610764,9.178477113332722,9.182047848483805,9.185760576577279,9.18962094407561,9.193634821977923,9.197808314748942,9.202147769603013,9.206659786157319,9.211351226468961,9.216229225471185,9.221301201824629,9.22657486920007,9.232058248009865,9.237759677605906,9.243687828962635,9.24985171786445,9.256260718617495,9.262924578306759,9.269853431620101,9.27705781626181,9.284548688979088,9.29233744222588,9.30043592148936,9.308856443305427,9.317611813990654,9.326715349119128,9.336180893773832,9.346022843603368,9.356256166716038,9.366896426444608,9.37795980501634,9.389463128164332,9.401423890717574,9.413860283208662,9.426791219539611,9.440236365747888,9.454216169916364,9.468751893272742,9.483865642525695,9.499580403486952,9.51592007603044,9.532909510441662,9.550574545212601,9.568942046339627,9.588039948184196,9.607897295958464,9.628544289900452,9.650012331205952,9.672334069787025,9.695543453929739,9.719675781926671,9.744767755762696,9.770857536935731,9.797984804497322,9.826190815401356,9.855518467252677,9.886012363551059,9.91771888152973,9.950686242691667,9.984964586150914,10.020606044890457,10.057664825052663,10.096197288382847,10.136262037951363,10.17792000728459,10.22123455304034,10.266271551368678,10.313099498104643,10.361789612945271,10.412415947769363,10.465055499264668,10.519788326033837,10.57669767035714,10.635870084797224,10.697395563838306,10.761367680760095,10.82788372995453,10.897044874901754,10.968956302030314,11.043727380695644,11.121471829519981,11.202307889346713,11.28635850307217,11.373751502628275,11.464619803400373,11.55910160637592,11.657340608331355,11.759486220376804,11.865693795190927,11.976124863291414,12.090947378700442,12.210335974378637,12.334472227815933,12.463544937183242,12.597750408464837,12.737292754008042,12.8823842029443
0.28250000000000003,9.119357195165176,9.120576983769576,9.121845278135227,9.123164007129116,9.1245351763211,9.125960871034069,9.12744325951539,9.128984596234465,9.130587225311434,9.132253584082198,9.133986206805243,9.135787728515847,9.137660889033544,9.139608537128984,9.14163363485646,9.143739262058737,9.145928621051022,9.148205041491188,9.150571985443683,9.153033052644792,9.155591985977294,9.158252677162821,9.161019172680577,9.163895679921424,9.166886573586698,9.169996402341473,9.173229895732408,9.176591971380688,9.180087742461005,9.183722525477938,9.187501848351603,9.191431458824798,9.195517333204501,9.199765685450979,9.204182976628331,9.208775924730856,9.213551514900175,9.218517010048656,9.223679961905294,9.229048222500854,9.234629956109728,9.240433651666699,9.246468135677448,9.25274258564251,9.259266544015022,9.26604993271354,9.273103068211993,9.280436677229702,9.288061913045341,9.295990372459682,9.304234113432852,9.312805673423014,9.32171808845429,9.330984912942977,9.340620240312193,9.350638724426293,9.36105560187769,9.371886715159949,9.38314853676241,9.39485819422299,9.40703349617727,9.419692959443472,9.432855837184551,9.446542148190197,9.460772707323331,9.475569157177349,9.490954000992318,9.506950636880156,9.523583393410856,9.54087756661389,9.558859458451064,9.57755641681934,9.596996877144475,9.617210405628736,9.638227744218458,9.660080857359869,9.682802980614255,9.706428671206448,9.73099386058349,9.756535909063432,9.783093662657343,9.810707512151037,9.839419454536282,9.869273156884972,9.900314022763425,9.932589261287763,9.966147958925456,10.001041154152183,10.037321915077605,10.075045420158048,10.114269042118906,10.155052435214358,10.197457625957107,10.24154910745616,10.287393937506067,10.335061840576824,10.384625313859537,10.436159737529112,10.489743489391646,10.545458064090894,10.603388197055038,10.663621993372303,10.726251061791368,10.791370654050317,10.859079809746083,10.929481506964574,11.00268281890061,11.07879507670582,11.157934038812112,11.24022006698816,11.325778309396716,11.414738890930991,11.50723711111961,11.60341364990103,11.703414781580335,11.80739259729375,11.915505236319147,12.027917126584281,12.144799234738446,12.266329326167886,12.392692235350218,12.524080146959124,12.66069288814668,12.802738232447787,12.950432215768878
0.28500000000000003,9.119902507075269,9.121143980395445,9.122434821785404,9.123776994402496,9.125172539470523,9.126623579384129,9.128132320936622,9.129701058676163,9.131332178395411,9.133028160759938,9.134791585080936,9.136625133237951,9.138531593757593,9.140513866054466,9.142574964840719,9.144718024710961,9.146946304909504,9.149263194287162,9.151672216455182,9.154177035144127,9.156781459775836,9.159489451256997,9.162305128003082,9.165232772201833,9.168276836325845,9.171441949904098,9.1747329265628,9.178154771346184,9.18171268832847,9.18541208852848,9.189258598139022,9.19325806708352,9.197416577912895,9.20174045505627,9.206236274439513,9.21091087348631,9.215771361516905,9.220825130560414,9.226079866597045,9.23154356124745,9.237224523926866,9.243131394482623,9.249273156334187,9.255659150135747,9.262299087982115,9.269203068179545,9.27638159060396,9.2838455726699,9.291606365934525,9.299675773361905,9.308066067273849,9.316790008014603,9.325860863357764,9.335292428684967,9.34509904796702,9.355295635579385,9.365897698985208,9.376921362320399,9.388383390916598,9.400301216799381,9.412692965200439,9.425577482124089,9.438974363010022,9.452903982535904,9.467387525605131,9.482447019566903,9.498105367717601,9.51438638413443,9.5313148298943,9.548916450733056,9.567218016202311,9.58624736038344,9.606033424220689,9.626606299537752,9.647997274804775,9.670238882725418,9.693364949716315,9.717410647354212,9.74241254586905,9.76840866976429,9.795438555649154,9.823543312370694,9.852765683537124,9.883150112527591,9.914742810087164,9.947591824609896,9.98174711521687,10.0172606277403,10.054186373729339,10.092580512597673,10.132501437037895,10.174009861832502,10.217168916196627,10.262044239792932,10.308704082564647,10.357219408538631,10.407664003756274,10.460114588496388,10.514650933960747,10.571355983599748,10.630315979262623,10.691620592364139,10.755363060267149,10.821640328088446,10.89055319614355,10.962206473254625,11.036709136154625,11.114174495230154,11.194720366854963,11.278469252576173,11.36554852542575,11.456090623640453,11.550233252084855,11.648119591683756,11.74989851718238,11.855724823565543,11.965759461480044,12.080169782018277,12.199129791235285,12.322820414786287,12.451429773087058,12.585153467415623,12.724194877390321,12.868765470276555,13.019085122592653
0.28750000000000003,9.120452623499771,9.121715972590822,9.123029559657654,9.12439538245009,9.125815518160014,9.127292126580448,9.128827453390262,9.130423833569488,9.132083694950468,9.13380956191021,9.135604059209557,9.137469915985049,9.139409969899512,9.141427171457716,9.143524588493612,9.14570541083606,9.147972955160052,9.150330670030876,9.152782141148853,9.155331096802648,9.157981413539424,9.16073712206049,9.163602413351393,9.166581645055773,9.169679348102699,9.172900233597531,9.176249199986819,9.179731340508116,9.183351950936053,9.187116537636433,9.19103082594062,9.195100768852946,9.199332556104366,9.20373262356617,9.208307663038026,9.213064632425256,9.218010766320857,9.223153587008294,9.228500915901865,9.234060885441995,9.23984195146358,9.245852906056161,9.252102890935529,9.258601411347044,9.26535835052188,9.272383984708119,9.279688998799603,9.287284502586285,9.295182047650815,9.303393644937048,9.311931783017192,9.320809447085402,9.330040138706678,9.339637896351125,9.349617316744794,9.35999357706961,9.370782458046085,9.382000367934008,9.393664367487556,9.405792195902794,9.41840229779706,9.431513851261226,9.445146797027531,9.45932186879735,9.474060624775008,9.489385480455608,9.505319742716772,9.52188764526609,9.539114385498255,9.557026162817891,9.575650218486395,9.595014877053389,9.615149589435797,9.636084977710063,9.657852881685647,9.680486407330646,9.704019977123158,9.728489382405012,9.753931837817465,9.780386037901659,9.807892215949956,9.836492205197606,9.866229502447878,9.897149334227352,9.92929872557206,9.962726571549045,9.997483711622111,10.033623006974915,10.071199420908929,10.110270102438603,10.150894473210842,10.193134317880968,10.237053878082637,10.282719950134634,10.330201986633067,10.379572202083562,10.430905682734002,10.484280500774897,10.539777833081027,10.597482084674962,10.657481017100123,10.719865881898754,10.784731559397597,10.85217670301246,10.922303889291047,10.995219773922225,11.071035253948946,11.149865636431528,11.231830813817721,11.317055446286219,11.405669151340977,11.497806700944503,11.593608226489968,11.693219431923817,11.796791815342862,11.904482899402964,12.016456470889503,12.132882829814054,12.25393904841597,12.37980924046278,12.510684841258817,12.646764898787964,12.788256376433228,12.935374467733391,13.088342923655512
0.29000000000000004,9.121007544438791,9.12229296035583,9.123629491752103,9.125019171272035,9.126464112389721,9.127966512623189,9.129528656876479,9.131152920914625,9.132841774976812,9.134597787533238,9.136423629191341,9.138322076757394,9.140296017459582,9.142348453339032,9.144482505815462,9.146701420434376,9.149008571803035,9.151407468722732,9.153901759525128,9.156495237620828,9.159191847268568,9.16199568957385,9.164911028726106,9.167942298483887,9.171094108917954,9.174371253422517,9.177778716005275,9.181321678867352,9.185005530284691,9.188835872802812,9.19281853175749,9.196959564134255,9.201265267780188,9.205742190982058,9.210397142425347,9.215237201549296,9.220269729313749,9.225502379394156,9.230943109821752,9.236600195086645,9.242482238722193,9.248598186389819,9.25495733948417,9.261569369279306,9.268444331637449,9.275592682302632,9.28302529280255,9.290753466982764,9.298788958198418,9.307143987189637,9.31583126066775,9.324863990640653,9.334255914506672,9.344021315947511,9.354175046652038,9.36473254890398,9.375709879067854,9.387123732008877,9.398991466483983,9.411331131542578,9.424161493977172,9.437502066865658,9.45137313924864,9.465795806986945,9.48079200484627,9.496384539857738,9.512597126005131,9.52945442029154,9.54698206024029,9.5652067028872,9.58415606532345,9.603858966850737,9.624345372812853,9.645646440170315,9.667794564887416,9.690823431203691,9.714768062864836,9.739664876390918,9.765551736462948,9.792468013512018,9.820454643598614,9.849554190673183,9.879810911312616,9.911270822031138,9.94398176926797,9.977993502158172,10.01335774819742,10.050128291915705,10.08836105667965,10.128114189747878,10.169448150708725,10.21242580343484,10.257112511694507,10.303576238565089,10.351887649799782,10.402120221304866,10.454350350890932,10.508657474467977,10.565124186861114,10.623836367430592,10.684883310687171,10.748357862101484,10.81435655931387,10.88297977895944,10.954331889331657,11.028521409116538,11.105661172438856,11.185868500471367,11.269265379867942,11.355978648291956,11.446140187322086,11.539887123028764,11.637362034526372,11.738713170818249,11.844094676264227,11.953666825013595,12.06759626475994,12.186056270188502,12.309227006501466,12.437295803421929,12.570457440093143,12.708914441306321,12.852877385507476,13.002565225051592,13.158205619191243
0.29250000000000004,9.121567269892441,9.122874943690586,9.124234618068881,9.12564836086847,9.127118322159793,9.128646737512513,9.130235931395454,9.131888320711765,9.133606418474644,9.135392837629238,9.137250295026533,9.13918161555525,9.141189736438076,9.143277711698715,9.145448716806595,9.147706053506262,9.150053154838838,9.152493590363145,9.155031071584455,9.157669457599145,9.160412760963784,9.163265153797633,9.16623097412782,9.169314732486818,9.172521118772307,9.175855009379811,9.179321474618977,9.182925786424772,9.186673426375329,9.190570094028637,9.194621715590735,9.198834452928637,9.203214712941639,9.207769157305313,9.21250471260297,9.217428580860036,9.222548250497317,9.227871507719865,9.23340644835872,9.23916149018357,9.245145385705046,9.251367235486113,9.257836501982823,9.264563023935455,9.271557031331968,9.278829160966476,9.286390472616457,9.29425246586327,9.30242709758157,9.310926800124232,9.319764500230429,9.328953638685629,9.338508190763422,9.348442687480235,9.358772237695318,9.369512551089555,9.380679962058103,9.392291454553153,9.404364687914635,9.416918023728135,9.42997055375087,9.443542128948225,9.457653389684978,9.472325797117165,9.4875816658323,9.503444197787639,9.519937517598056,9.53708670922725,9.55491785413805,9.573458070959886,9.592735556733704,9.612779629797117,9.63362077437499,9.655290686943252,9.677822324436516,9.701249954372786,9.725609206971484,9.75093712934409,9.777272241839803,9.80465459663193,9.83312583863409,9.862729268838901,9.893509910175482,9.9255145759859,9.958791941224783,9.993392616490281,10.029369224999058,10.066776482622346,10.105671281104764,10.1461127745925,10.188162469602455,10.23188431856911,10.277344817111471,10.324613105167954,10.373761072153023,10.424863466295527,10.477998008324958,10.533245509678588,10.590689995409171,10.650418831980163,10.712522860142776,10.77709653309695,10.844238060146305,10.914049556065534,10.986637196407417,11.062111378985536,11.140586891778298,11.222183087509594,11.307024065171522,11.395238858765198,11.486961633546729,11.582331890076617,11.681494676383021,11.784600808561402,11.89180710014597,12.003276600601813,12.11917884330029,12.239690103354741,12.364993665708653,12.495280103883916,12.630747569812996,12.771602095195847,12.918057904839783,13.070337742458753,13.228673209427578
0.29500000000000004,9.12213179986083,9.123461922595212,9.124844938608119,9.126282951239537,9.127778147470384,9.129332801248582,9.13094927694736,9.1326300329611,9.134377625444168,9.136194712198435,9.138084056715366,9.140048532378872,9.142091126835275,9.144214946537069,9.146423221467336,9.148719310052073,9.151106704267841,9.153589034952521,9.156170077327273,9.158853756738075,9.161644154625588,9.1645455147324,9.16756224955714,9.17069894706522,9.173960377666463,9.177351501470172,9.180877475828748,9.184543663181257,9.188355639208924,9.192319201314936,9.196440377441464,9.200725435237288,9.205180891590013,9.209813522537324,9.214630373572394,9.219638770359095,9.224846329873305,9.230260971987306,9.235890931514797,9.241744770734956,9.247831392414492,9.254160053347585,9.260740378434225,9.267582375318442,9.274696449608614,9.282093420703069,9.289784538245003,9.297781499231764,9.306096465804531,9.314742083745418,9.323731501710164,9.333078391225646,9.342796967482638,9.352902010955436,9.363408889881232,9.374333583633428,9.385692707024456,9.39750353557503,9.409784031788316,9.422552872468914,9.4358294771283,9.449634037519816,9.463987548348236,9.478911839200544,9.49442960774654,9.51056445425972,9.52734091751099,9.544784512089768,9.562921767209259,9.581780267054913,9.601388692737455,9.621776865914253,9.642975794145435,9.665017718053686,9.687936160359463,9.711765976866252,9.736543409473331,9.762306141296772,9.78909335398241,9.816945787298039,9.845905801095412,9.876017439736314,9.907326499080678,9.939880596138641,9.973729241492451,10.008923914598407,10.045518142083305,10.08356757915452,10.123130094247502,10.164265857039426,10.207037429962874,10.251509863358667,10.297750794412632,10.345830550026701,10.395822253780807,10.447801937148245,10.501848655133632,10.558044606509283,10.6164752588329,10.677229478436653,10.740399665585318,10.806081895009045,10.874376062024403,10.945386034465939,11.019219810659283,11.095989683675985,11.175812412119868,11.258809397704633,11.345106869892675,11.4348360778759,11.528133490190504,11.62514100226918,11.726006152246395,11.830882345344904,11.939929087184632,12.053312226368782,12.171204206716002,12.293784329522127,12.421239026250367,12.553762142064565,12.69155523063666,12.834827860676697,12.983797934651534,13.138692020176803,13.299745694586251
0.29750000000000004,9.12270113434407,9.124053897069826,9.125460453369946,9.126922942385374,9.128443588321645,9.130024703831564,9.131668693532376,9.133378057662819,9.135155395885596,9.137003411241054,9.138924914258087,9.140922827228522,9.143000188651465,9.145160157854397,9.147406019798014,9.149741190072165,9.152169220090428,9.154693802491279,9.157318776754032,9.160048135038107,9.162886028254503,9.16583677237871,9.168904855014672,9.172094942219752,9.175411885601129,9.178860729694364,9.182446719635411,9.186175309137699,9.190052168786433,9.194083194662749,9.198274517310793,9.202632511061415,9.20716380372661,9.211875286679499,9.216774125335135,9.221867770048101,9.227163967443474,9.23267077219837,9.238396559292028,9.244350036743002,9.250540258852906,9.256976639976786,9.26366896884113,9.270627423431229,9.27786258647058,9.285385461515851,9.293207489691888,9.301340567092232,9.309797062871592,9.318589838057813,9.327732265111923,9.337238248266043,9.34712224467007,9.357399286379296,9.368085003216425,9.37919564654274,9.390748113974587,9.402759975082756,9.415249498113875,9.428235677774428,9.44173826411967,9.455777792591382,9.470375615250157,9.485553933249689,9.501335830602505,9.51774530928847,9.534807325759456,9.55254782889572,9.570993799471713,9.59017329119134,9.61011547335509,9.630850675223943,9.652410432147498,9.67482753352653,9.698136072682866,9.722371498712487,9.74757067040069,9.773771912281298,9.801015072925237,9.829341585547068,9.858794531021685,9.889418703407035,9.921260678072473,9.954368882536409,9.988793670120954,10.02458739653561,10.061804499506444,10.100501581571894,10.140737496171075,10.182573437155561,10.22607303186074,10.271302437878282,10.318330443676935,10.36722857322461,10.4180711947709,10.47093563395544,10.52590229141416,10.5830547650622,10.64247997723951,10.704268306912471,10.76851372713252,10.835313947960906,10.904770565076817,10.976989214294887,11.052079732227124,11.130156323333422,11.211337733614787,11.295747431213375,11.383513794193922,11.474770305792134,11.569655757426945,11.668314459785302,11.770896462300477,11.877557781357664,11.988460637573791,12.103773702512447,12.223672355209047,12.34833894889626,12.47796308833539,12.612741918175354,12.752880422777762,12.898591737964063,13.050097475158838,13.207628058422072,13.37142307488306
0.30000000000000004,9.123275273342276,9.124650867114553,9.126081162354497,9.127568334306126,9.12911464471373,9.130722445261625,9.132394181150683,9.13413239481712,9.135939729799135,9.137818934757318,9.13977286765494,9.141804500104465,9.14391692188693,9.146113345651008,9.148397111798964,9.150771693566893,9.153240702306984,9.155807892979839,9.158477169865186,9.161252592499727,9.164138381851057,9.167138926737138,9.170258790501032,9.173502717951076,9.17687564257702,9.18038269405316,9.184029206039801,9.187820724294996,9.191763015108828,9.19586207407312,9.200124135199852,9.20455568040223,9.20916344935274,9.213954449733249,9.218935967892714,9.224115579928702,9.229501163209589,9.235100908354969,9.24092333169247,9.246977288209932,9.253271985022675,9.259816995376296,9.26662227320631,9.273698168276804,9.281055441921083,9.288705283408284,9.296659326960842,9.304929669448686,9.313528888787074,9.322470063066064,9.331766790440705,9.3414332098122,9.351484022331496,9.36193451375803,9.372800577707583,9.384098739824678,9.395846182916213,9.408060773084614,9.420761086900217,9.433966439654228,9.447696914735236,9.461973394173935,9.476817590402556,9.49225207927726,9.50830033441377,9.524986762888437,9.54233674235904,9.560376659661802,9.57913395094329,9.598637143388292,9.618915898607074,9.640001057748071,9.661924688404566,9.684720133386772,9.708422061433406,9.733066519939984,9.758690989783949,9.785334442330074,9.813037398702825,9.841841991415809,9.87179202845208,9.902933059892744,9.935312447195184,9.9689794352263,10.003985227160305,10.040383062354966,10.078228297324767,10.11757848993412,10.15849348693865,10.201035515007739,10.245269275366713,10.291262042202598,10.339083764983162,10.388807174844755,10.440507895210816,10.494264556809215,10.550158917263385,10.608275985439052,10.668704150735714,10.731535317519443,10.796865044901434,10.864792692074914,10.935421569431323,11.008859095685628,11.085216961249701,11.164611298102146,11.24716285641289,11.332997188191166,11.422244838236074,11.51504154268009,11.611528435427498,11.711852262801537,11.81616560672675,11.924627116785866,12.037401751504058,12.154661029227537,12.276583288977907,12.40335396167898,12.53516585216847,12.672219432423436,12.814723146445308,12.962893727268199,13.116956526572555,13.27714585740532,13.44370535052792
0.30250000000000005,9.123854216855559,9.125252832729515,9.1267070655619,9.128219127001937,9.129791316646799,9.13142602553893,9.13312573980246,9.1348930444242,9.136730627184999,9.13864128274746,9.140627916906169,9.14269355100697,9.144841326541957,9.147074509927215,9.149396497470521,9.151810820536625,9.154321150917905,9.156931306418617,9.15964525666119,9.162467129123424,9.165401215415779,9.168451977808251,9.171624056016837,9.174922274259854,9.178351648594857,9.181917394547334,9.185624935042753,9.18947990865405,9.193488178177084,9.197655839547098,9.201989231109776,9.20649494326096,9.211179828469723,9.216051011699998,9.221115901246668,9.226382200002549,9.23185791717344,9.237551380459028,9.243471248718192,9.249626525137973,9.256026570926206,9.262681119548702,9.269600291532557,9.276794609858174,9.28427501596336,9.292052886383853,9.300140050055617,9.308548806305167,9.31729194355532,9.326382758774848,9.335835077701542,9.345663275869525,9.355882300472738,9.36650769309789,9.377555613361425,9.389042863486459,9.400986913857095,9.413405929588945,9.426318798156293,9.439745158117928,9.453705428985312,9.468220842278537,9.483313473817299,9.499006277295983,9.515323119193974,9.532288815074237,9.549929167325402,9.568271004404776,9.587342221641935,9.607171823664972,9.627789968513945,9.649228013508592,9.671518562940108,9.694695517659483,9.718794126637855,9.743851040577303,9.769904367653577,9.796993731475585,9.825160331349787,9.854447004941125,9.884898293425833,9.916560509235175,9.949481806493173,9.98371225425545,10.019303912660543,10.056310912109565,10.094789535594558,10.134798304300821,10.176398066613343,10.219652090662724,10.264626160551353,10.311388676406127,10.360010758409919,10.41056635496999,10.463132355187806,10.517788705801356,10.574618532777762,10.6337082677411,10.695147779427694,10.759030510368792,10.825453619008425,10.894518127472656,10.96632907521481,11.040995678770397,11.11863149786464,11.199354608125187,11.2832877806626,11.370558668791789,11.461300002178202,11.55564978870404,11.65375152436151,11.75575441149215,11.861813585704184,11.972090351812946,12.086752429163067,12.20597420670555,12.32993700821759,12.458829368068379,12.592847317950326,12.732194685011647,12.877083401843697,13.027733828794462,13.184375089098333,13.347245417331795,13.516592521724931
0.30500000000000005,9.124437964884038,9.125859793914836,9.127338162992295,9.128875320472952,9.130473604121,9.132135444663652,9.133863369487894,9.135660006484251,9.137528088043402,9.13947045521171,9.141490062012029,9.1435899799363,9.145773402616836,9.148043650683327,9.150404176813023,9.152858570981723,9.155410565923582,9.158064042808043,9.1608230371425,9.163691744909697,9.166674528949205,9.169775925592628,9.173000651562711,9.176353611146764,9.179839903655365,9.18346483117767,9.187233906645112,9.191152862215777,9.195227657992183,9.199464491085745,9.203869805041704,9.208450299638839,9.213212941078892,9.218164972581182,9.22331392539854,9.228667630271309,9.234234229336819,9.240022188512476,9.246040310371285,9.252297747529374,9.258804016565922,9.265569012496616,9.27260302382268,9.279916748178366,9.287521308600667,9.295428270446068,9.303649658979992,9.312197977665738,9.321086227180707,9.330327925188868,9.339937126899493,9.349928446443462,9.360317079099646,9.371118824405173,9.382350110184714,9.394028017535351,9.406170306805038,9.418795444604127,9.431922631891101,9.445571833175185,9.459763806880265,9.47452013691631,9.48986326550631,9.505816527318647,9.522404184956825,9.539651465860551,9.557584600674263,9.57623086314148,9.595618611585664,9.615777332040656,9.636737683096314,9.658531542527548,9.681192055777666,9.704753686369802,9.72925226832305,9.754725060653087,9.78121080404012,9.808749779750388,9.837383870900801,9.867156626159941,9.898113325982232,9.930301051476109,9.963768756010852,9.998567339671016,10.034749726671725,10.072370945852496,10.111488214372082,10.152161024731592,10.194451235258214,10.238423164187191,10.284143687485104,10.33168234056322,10.381111424035623,10.432506113682937,10.485944574788839,10.541508081023315,10.599281138053358,10.659351612069148,10.72181086342111,10.786753885571132,10.854279449569153,10.924490254274922,10.99749308255326,11.073398963680415,11.152323342208424,11.234386253544292,11.319712506510912,11.40843187316744,11.500679286177629,11.596595044026332,11.696325024396211,11.800020906029074,11.907840399409219,12.0199474866196,12.136512670735469,12.257713235134771,12.383733513119624,12.514765168258814,12.65100748587767,12.792667676138539,12.939961189172756,13.093112042743337,13.252353162936675,13.417926738401293,13.590084588672438
0.30750000000000005,9.125026517427827,9.126471750670643,9.127974454645813,9.129536914719317,9.131161507136499,9.13285070263596,9.134607070207164,9.136433280997474,9.138332112374552,9.140306452150297,9.142359302972762,9.144493786892731,9.146713150111859,9.149020767919662,9.151420149826809,9.153914944902551,9.156508947324411,9.159206102148543,9.16201051130958,9.164926439859043,9.167958322451872,9.171110770090854,9.17438857713928,9.17779672861248,9.181340407759274,9.185025003944956,9.18885612084773,9.192839584981089,9.196981454555113,9.20128802869013,9.205765856996793,9.210421749537108,9.215262787181581,9.22029633237824,9.22553004034989,9.230971870736662,9.236630099701538,9.242513332517271,9.248630516653847,9.2549909553864,9.26160432194426,9.268480674222664,9.275630470079513,9.283064583240424,9.290794319836289,9.298831435598462,9.307188153737767,9.31587718353449,9.324911739667634,9.334305562312862,9.344072938039652,9.354228721539487,9.364788358218108,9.375767907686203,9.38718406818425,9.399054201978663,9.411396361767888,9.424229318138588,9.43757258811369,9.451446464835708,9.465872048430509,9.480871278098425,9.496466965481574,9.512682829358091,9.529543531716083,9.547074715262127,9.565303042421418,9.58425623588882,9.603963120792567,9.624453668534693,9.645759042374873,9.667911644827043,9.690945166940862,9.714894639542955,9.73979648651591,9.765688580196048,9.792610298974191,9.820602587187102,9.849708017390618,9.87997085510924,9.911437126160624,9.94415468665738,9.978173295792658,10.013544691520192,10.050322669243922,10.088563163636849,10.12832433371359,10.169666651285981,10.21265299293626,10.257348735647728,10.303821856238283,10.352143034748078,10.402385761938495,10.454626451065975,10.508944554100593,10.565422682566194,10.62414673318583,10.68520601852352,10.748693402821063,10.814705443236443,10.883342536698558,10.95470907260168,11.02891359157173,11.106068950545861,11.186292494416373,11.269706234499916,11.356437034103388,11.446616801468725,11.540382690389926,11.637877308807377,11.739248935696713,11.844651746581937,11.95424604801577,12.068198521383774,12.186682476402941,12.309878114700258,12.43797280387207,12.571161362440916,12.709646356143221,12.8536384059984,13.003356508627771,13.159028369310496,13.32089074828296,13.48918982080821,13.664181551563095
0.31000000000000005,9.125619874487043,9.12708870299706,9.128615940522591,9.130203909741176,9.131855025693449,9.133571799456023,9.135356841960458,9.137212867964074,9.139142700178672,9.141149273563453,9.143235639788626,9.14540497187653,9.147660569027321,9.150005861636538,9.152444416512223,9.154979942299486,9.157616295120793,9.160357484440553,9.163207679162896,9.166171213971968,9.169252595924327,9.17245651130351,9.175787832747178,9.179251626657685,9.18285316090732,9.186597912849988,9.190491577651462,9.194540076950915,9.198749567866873,9.203126452361326,9.2076773869762,9.212409292957018,9.217329366779145,9.222445091092633,9.227764246102286,9.233294921400299,9.239045528269418,9.24502481247537,9.251241867567995,9.257706148711332,9.264427487063678,9.271416104729491,9.278682630305898,9.28623811504742,9.294094049673525,9.302262381844587,9.310755534332767,9.319586423915538,9.328768481020532,9.338315670151593,9.348242511127141,9.358564101163108,9.369296137834045,9.380454942947347,9.392057487366872,9.404121416823738,9.416665078753535,9.4297075502008,9.44326866683315,9.457369053109257,9.472030153646514,9.48727426583611,9.503124573755125,9.519605183427222,9.536741159485574,9.554558563293773,9.573084492582717,9.59234712266376,9.612375749280803,9.633200833166502,9.654854046370376,9.677368320429261,9.700777896453383,9.72511837720423,9.750426781243425,9.776741599234969,9.804102852486471,9.832552153818417,9.862132770854041,9.892889691826067,9.924869694000401,9.958121414820853,9.992695425883069,10.028644309850185,10.066022740427206,10.1048875655157,10.145297893675297,10.187315184023483,10.2310033397104,10.276428805110815,10.323660666881082,10.37277075903473,10.423833772196545,10.476927367201231,10.532132293209436,10.58953251052074,10.649215318270414,10.711271487204055,10.775795397732095,10.842885183474058,10.912642880510846,10.985174582572073,11.060590602394337,11.139005639495862,11.220538954622624,11.305314551131197,11.39346136358412,11.485113453844631,11.58041021496888,11.679496583205639,11.782523258425988,11.889646933318028,12.001030531695214,12.11684345628066,12.237261846344177,12.36246884558386,12.492654880659531,12.628017950801599,12.76876392893573,12.915106874781277,13.067269360399512,13.22548280868681,13.389987845327505,13.561034664741602,13.738883410583943
0.3125,9.126218036061802,9.127710650894215,9.129262620622768,9.130876305538683,9.132554159792013,9.134298735124018,9.136112684747962,9.137998767384245,9.139959851455979,9.141998919451419,9.144119072459874,9.146323534887976,9.148615659363516,9.150998931834273,9.15347697686961,9.156053563172895,9.15873260931313,9.1615181896845,9.164414540702916,9.167426067248973,9.170557349367112,9.173813149231187,9.177198418387041,9.180718305283065,9.184378163100245,9.188183557893565,9.192140277057174,9.196254338126183,9.200531997928469,9.20497976210042,9.209604394981096,9.21441292989983,9.219412679872939,9.224611248725818,9.230016542657303,9.235636782263917,9.241480515042293,9.247556628388752,9.253874363115857,9.26044332750646,9.267273511926643,9.274375304019758,9.281759504504704,9.289437343602433,9.2974204981157,9.305721109188019,9.314351800768838,9.323325698813026,9.332656451243851,9.34235824870985,9.352445846167114,9.362934585319865,9.373840417953412,9.385179930195001,9.396970367739454,9.40922966207796,9.421976457769912,9.435230140799277,9.449010868058622,9.463339598005637,9.478238122538803,9.49372910014065,9.50983609033906,9.526583589539,9.543997068279184,9.562103009970356,9.580928951174084,9.600503523483342,9.62085649706859,9.642018825955565,9.664022695103652,9.68690156935645,9.710690244338993,9.73542489937899,9.761143152532647,9.787884117798699,9.815688464607707,9.844598479677085,9.874658131325933,9.905913136347507,9.938411029541,9.972201236008438,10.00733514632658,10.043866194708212,10.08184994027165,10.121344151542111,10.162408894313385,10.205106623003543,10.249502275643469,10.295663372642823,10.343660119483534,10.393565513497023,10.44545545488756,10.499408862170565,10.555507792201427,10.613837564977326,10.674486893401909,10.737548018210086,10.803116848258165,10.871293106392649,10.942180481119468,11.015886784304385,11.092524115144242,11.172209030658466,11.255062722960123,11.341211203575947,11.430785495095739,11.523921830442532,11.620761860066496,11.721452867377614,11.82614799274486,11.935006466402298,12.04819385061638,12.165882291482685,12.288250780734888,12.415485427964207,12.547779743663154,12.685334933524077,12.828360204439981,12.977073082672998,13.13169974467427,13.29247536105841,13.459644454255612,13.633461270385224,13.814190165916461
0.31500000000000006,9.126821002152225,9.128337594362236,9.12991449494648,9.131554102111982,9.133258909432351,9.135031509640116,9.136874598569866,9.138790979258197,9.14078356620669,9.142855389814429,9.14500960098676,9.147249475927344,9.149578421120745,9.15199997851319,9.154517830899318,9.157135807523158,9.15985788990183,9.162688217880829,9.165631095930118,9.168690999690574,9.171872582780779,9.175180683874482,9.17862033405951,9.182196764489316,9.185915414338798,9.189781939076493,9.193802219065732,9.197982368507832,9.202328744740909,9.2068479579085,9.211546881012655,9.216432660366808,9.22151272646433,9.226794805279276,9.232286930016533,9.237997453329235,9.243935060022007,9.250108780259406,9.256528003299577,9.263202491774097,9.270142396535645,9.277358272096146,9.284861092678817,9.292662268908575,9.300773665166155,9.309207617632357,9.317976953049856,9.327095008231117,9.336575650342079,9.346433297992455,9.356682943164754,9.36734017401533,9.378421198582199,9.389942869435602,9.401922709308911,9.414378937748758,9.42733049882499,9.44079708994258,9.45479919179929,9.469358099534704,9.484495955117943,9.500235781023374,9.516601515245528,9.533618047706442,9.551311258110857,9.569708055306808,9.588836418211496,9.60872543836466,9.629405364174218,9.650907646921436,9.67326498859559,9.69651139163093,9.720682210621517,9.745814206092662,9.7719456004107,9.799116135916153,9.827367135368705,9.856741564795907,9.88728409884121,9.919041188710699,9.952061132821898,9.986394150262068,10.022092457167716,10.059210346141505,10.097804268827327,10.137932921769115,10.179657335683995,10.223040968285533,10.268149800798213,10.315052438310003,10.363820214115535,10.414527298208618,10.467250810089098,10.52207093605556,10.579071051162293,10.638337846025935,10.699961458674668,10.764035611640432,10.830657754502647,10.899929212100215,10.971955338637116,11.046845677916046,11.124714129943637,11.205679124160651,11.289863799560607,11.377396191970634,11.468409428779388,11.563041931408158,11.661437625832972,11.763746161477833,11.870123138812009,11.980730345997351,12.095736004945557,12.215315027159528,12.339649279747821,12.468927862016733,12.60334739306065,12.74311231078789,12.888435182836844,13.039537029855218,13.1966476616339,13.360006026606728,13.529860575247621,13.706469637917628,13.890101817736655
0.3175,9.127428772758432,9.128969533401253,9.13057156349387,9.132237299461227,9.133969274614628,9.135770123004496,9.137642583426357,9.139589503586128,9.141613844431026,9.143718684652722,9.145907225369548,9.148182794994913,9.15054885429931,9.153009001673617,9.1555669786017,9.158226675350653,9.160992136887298,9.163867569029978,9.166857344844972,9.169966011297282,9.173198296165884,9.17655911523399,9.18005357976523,9.183687004277132,9.187464914623726,9.191393056399583,9.195477403678016,9.19972416809681,9.204139808305214,9.208731039786667,9.213504845072062,9.218468484359235,9.223629506554698,9.228995760754488,9.234575408181577,9.240376934597974,9.246409163210423,9.252681268089335,9.259202788121314,9.265983641516565,9.273034140893188,9.280365008961349,9.287987394831138,9.29591289096897,9.304153550828254,9.31272190718122,9.321630991179715,9.330894352174006,9.34052607831972,9.350540818004255,9.360953802125271,9.37178086725511,9.383038479726425,9.39474376067562,9.406914512082194,9.419569243843593,9.432727201926783,9.446408397639306,9.460633638064387,9.47542455770636,9.49080365139455,9.506794308495667,9.523420848486728,9.540708557942619,9.558683728994591,9.57737369931812,9.596806893710996,9.617012867324876,9.638022350616039,9.659867296083728,9.682580926867155,9.70619778727508,9.730753795324846,9.756286297370735,9.782834124904763,9.810437653616301,9.83913886480033,9.868981409207748,9.900010673434835,9.932273848952823,9.965820003882607,10.000700157623704,10.036967358451005,10.07467676419729,10.113885726144282,10.15465387624972,10.197043217843214,10.241118219928753,10.286945915237277,10.334596002178476,10.384140950846808,10.435656113242976,10.489219837878476,10.54491358893751,10.602822070177425,10.66303335375616,10.725639014182589,10.79073426759338,10.858418116568304,10.928793500704066,11.001967453175697,11.078051263523601,11.157160646913733,11.239415920128284,11.324942184554589,11.41386951645037,11.506333164774711,11.602473756885589,11.702437512416708,11.806376465658843,11.914448696783946,12.026818572263446,12.143656994846483,12.265141663478115,12.391457343552734,12.522796147913667,12.659357829026298,12.801350082768902,12.948988864303269,13.102498716505426,13.262113111455845,13.428074805508533,13.600636208478964,13.780059767512194,13.966618366215114
0.32000000000000006,9.128041347880538,9.129606468011396,9.131233826265074,9.13292589758657,9.134685255339008,9.136514575217333,9.138416639317631,9.140394340368251,9.142450686129214,9.144588803966538,9.14681194560849,9.149123492090963,9.151526958899511,9.154026001315875,9.156624419977106,9.15932616665576,9.16213535026995,9.165056243132394,9.168093287447963,9.171251102069617,9.174534489522985,9.177948443310319,9.181498155504856,9.185189024647215,9.189026663955794,9.193016909863653,9.197165830894905,9.20147973689406,9.205965188622411,9.210629007736022,9.215478287160511,9.220520401878394,9.225763020145425,9.23121411515295,9.236881977154047,9.24277522607187,9.248902824609411,9.255274091880555,9.26189871758324,9.268786776736205,9.275948745001791,9.28339551461808,9.291138410964589,9.29918920978676,9.307560155105383,9.316263977838254,9.325313915162335,9.334723730645905,9.344507735181308,9.354680808750128,9.365258423053907,9.376256665044831,9.387692261392147,9.399582603921562,9.411945776066288,9.42480058036997,9.438166567083346,9.452064063898103,9.466514206863184,9.48153897253055,9.497161211379298,9.513404682568968,9.530294090074912,9.547855120260657,9.566114480944442,9.585099942019335,9.604840377688685,9.625365810381213,9.646707456412466,9.668897773462124,9.691970509939363,9.715960756311349,9.740904998472939,9.766841173238767,9.793808726042087,9.821848670928178,9.8510036529335,9.881318012945513,9.912837855141813,9.945611117111097,9.979687642762666,10.015119258135332,10.05195985022099,10.090265448922798,10.130094312272554,10.171507015036893,10.214566540847068,10.259338377992423,10.305890619023199,10.354294064314221,10.404622329746905,10.45695195867334,10.511362538332762,10.56793682089741,10.626760849331852,10.687924088257182,10.751519560019084,10.817643986166678,10.886397934557282,10.957885972310807,11.032216824846325,11.109503541242708,11.189863666174737,11.273419418686123,11.360297878071346,11.450631177148905,11.544556703219845,11.642217307017244,11.743761519964268,11.849343780071205,11.959124666815018,12.073271145358483,12.19195682048034,12.315362200602607,12.443674972316428,12.577090285824063,12.715811051730972,12.86004824963934,13.010021249012325,13.165958142796994,13.328096094313183,13.496681697935985,13.671971354120208,13.8542316593372,14.043739811517096
0.3225,9.128658727518673,9.130248398192794,9.131901283260238,9.133619896488161,9.135406851605653,9.137264866278807,9.139196766243876,9.141205489604772,9.143294091301476,9.145465747756123,9.147723761703855,9.150071567215777,9.152512734921656,9.1550509774403,9.157690155025895,9.160434281438864,9.1632875300502,9.166254240188524,9.169338923739572,9.172546272008098,9.175881162852649,9.179348668104074,9.182954061279041,9.186702825600275,9.19060066233576,9.194653499469526,9.198867500717286,9.203249074900548,9.207804885693532,9.212541861757687,9.217467207279201,9.222588412925582,9.227913267237913,9.233449868476168,9.239206636935561,9.245192327752674,9.251416044220852,9.257887251635095,9.264615791687538,9.271611897435369,9.278886208863991,9.28644978906907,9.294314141082111,9.302491225365111,9.310993478000947,9.31983382960712,9.329025725001657,9.338583143651055,9.348520620931405,9.358853270234974,9.369596805955938,9.380767567390166,9.392382543585452,9.404459399179965,9.417016501268215,9.430072947335427,9.443648594302774,9.457764088727657,9.472440898205004,9.487701344017273,9.503568635082896,9.520066903254758,9.537221240022388,9.555057734673738,9.573603513974527,9.592886783425557,9.612936870160722,9.633784267550952,9.655460681581971,9.677999079076361,9.7014337378333,9.725800298762241,9.751135820089809,9.777478833722366,9.80486940384997,9.83334918788087,9.862961499799184,9.893751376042161,9.925765643997199,9.959052993222773,9.993664049501644,10.029651451838944,10.06706993252222,10.105976400365241,10.146430027262147,10.188492338183554,10.232227304751524,10.277701442535674,10.3249839122184,10.374146624783082,10.425264350885204,10.478414834572744,10.533678911528751,10.591140632015945,10.650887388710254,10.713010049617758,10.777603096277094,10.844764767457512,10.91459720857109,10.98720662702633,11.062703453759312,11.141202511188117,11.222823187845853,11.307689619957797,11.395930880238907,11.487681174198599,11.583080044251403,11.682272581943876,11.785409648620401,11.892648104863481,12.004151049057402,12.120088065438006,12.240635482005773,12.36597663869442,12.496302166202744,12.631810275913782,12.772707061342137,12.919206811567799,13.07153233713323,13.22991530889919,13.394596610374666,13.565826704056672,13.743866012337122,13.928985313555899,14.121466153802587
0.32500000000000007,9.12928091167295,9.13089532394558,9.132573934479502,9.134319296166158,9.136134063414731,9.138020996189095,9.139982964205288,9.1420229512959,9.144144059948038,9.146349516021719,9.148642673655903,9.151027020369641,9.153506182366051,9.156083930047222,9.158764183748426,9.161551019700354,9.164448676228462,9.167461560198815,9.170594253720285,9.173851521113253,9.177238316155435,9.180759789615866,9.184421297088445,9.188228407137023,9.192186909764391,9.196302825218032,9.200582413146053,9.205032182117233,9.209658899519615,9.214469601852777,9.219471605429344,9.2246725175021,9.230080247833563,9.235703020725655,9.241549387527755,9.247628239642143,9.253948822046642,9.260520747354997,9.26735401043641,9.27445900361643,9.281846532482337,9.289527832317066,9.297514585186658,9.305818937707206,9.314453519518374,9.323431462491508,9.332766420701645,9.342472591193724,9.352564735574598,9.363058202463728,9.373968950836659,9.385313574296806,9.397109326312458,9.4093741464574,9.422126687695037,9.435386344747547,9.449173283593199,9.463508472136697,9.478413712099206,9.493911672176566,9.510025922516114,9.526780970564571,9.544202298341514,9.562316401195094,9.581150828099007,9.60073422355195,9.621096371143322,9.642268238851432,9.66428202614309,9.687171212946238,9.710970610570106,9.735716414650325,9.76144626019953,9.788199278847205,9.816016158355769,9.844939204503511,9.8750124054284,9.906281498530692,9.938794040036075,9.972599477325131,10.007749224139129,10.044296738776552,10.082297605399239,10.121809618571822,10.162892871163042,10.205609845742583,10.250025509612476,10.296207413617541,10.34422579488518,10.394153683650734,10.446067014330886,10.50004474101399,10.556168957542981,10.614525022373481,10.67520168839693,10.738291237926221,10.80388962304906,10.87209661156251,10.943015938710605,11.016755464955803,11.09342734002415,11.173148173473669,11.256039212045254,11.342226524065806,11.431841191184043,11.52501950773043,11.621903188004472,11.72263958180456,11.827381898528019,11.936289440182232,12.049527843661098,12.167269332655207,12.28969297957887,12.416984977912225,12.54933892537257,12.686956118345542,12.830045858023887,12.978825768719283,13.133522128831368,13.294370214977254,13.461614659804761,13.635509824033681,13.816320183290745,14.00432073032657,14.199797393226396
0.3275,9.1299079003435,9.131547245269887,9.133251779923011,9.135024096620713,9.136866890766411,9.138782964948382,9.14077523320206,9.142846725441848,9.145000592069133,9.14724010876357,9.1495686814649,9.151989851552843,9.154507301233007,9.157124859136974,9.159846506145056,9.162676381440617,9.165618788805162,9.168678203163728,9.171859277390594,9.175166849385608,9.178605949431923,9.182181807846312,9.18589986293373,9.189765769258177,9.193785406242467,9.197964887110004,9.20231056818211,9.206829058545088,9.211527230101709,9.216412228022422,9.221491481612157,9.226772715609263,9.232263961933791,9.237973571902936,9.243910228932272,9.250082961742049,9.256501158088689,9.263174579042316,9.270113373832071,9.277328095281769,9.284829715859395,9.292629644364833,9.300739743281207,9.30917234681625,9.317940279661105,9.327056876495119,9.336536002266293,9.3463920732782,9.356640079115499,9.367295605441345,9.3783748577014,9.389894685770479,9.40187260957932,9.41432684576048,9.427276335353847,9.440740772613943,9.454740634962796,9.46929721413399,9.484432648555197,9.500169957018512,9.516533073689754,9.533546884509992,9.551237265044694,9.569631119838009,9.588756423332102,9.608642262413722,9.62931888065276,9.65081772430005,9.673171490114408,9.696414175091611,9.720581128170984,9.745709103998221,9.771836318826235,9.799002508639004,9.827248989586892,9.856618720825292,9.887156369852212,9.918908380444144,9.951923043293563,9.986250569455477,10.021943166714722,10.05905511899017,10.097642868896584,10.137765103589718,10.179482844025172,10.222859537766793,10.267961155485734,10.314856291296953,10.363616267085701,10.414315240982695,10.467030320152936,10.52184167806964,10.578832676451698,10.638089992050055,10.699703748475796,10.76376765327045,10.830379140426912,10.899639518577718,10.97165412507604,11.046532486203647,11.1243884837495,11.205340528212261,11.289511738890079,11.377030131131495,11.468028811032246,11.562646177873965,11.661026134612596,11.763318306736673,11.869678269828182,11.980267786172014,12.095255050773922,12.214814947160907,12.339129313353165,12.468387218411943,12.602785249983848,12.742527813278896,12.887827441936947,13.038905121255201,13.19599062426833,13.359322861192371,13.529150242763686,13.70573105802562,13.889333867137406,14.080237909802584,14.278733529938206
0.33000000000000007,9.130539693530443,9.13220416216585,9.133934819590907,9.135734297851982,9.137605333660861,9.139550772556845,9.141573573234393,9.143676812042825,9.145863687664981,9.14813752598193,9.150501785131116,9.152960060765668,9.155516091522836,9.158173764709895,9.160937122216152,9.163810366660048,9.166797867780721,9.169904169083715,9.173133994750991,9.1764922568257,9.179984062682681,9.183614722796035,9.187389758815572,9.191314911964456,9.195396151770762,9.199639685146284,9.204051965826359,9.208639704185089,9.213409877440867,9.218369740267763,9.223526835828862,9.22888900724839,9.234464409540019,9.240261522009545,9.246289161150761,9.252556494054172,9.259073052348914,9.26584874669912,9.272893881876744,9.280219172433785,9.287835758997753,9.295755225215151,9.303989615368753,9.31255145269546,9.32145375843261,9.330710071621688,9.340334469699606,9.350341589908794,9.360746651558742,9.37156547917281,9.382814526555523,9.394510901816941,9.406672393392219,9.41931749709584,9.432465444251774,9.446136230942265,9.460350648419777,9.475130314728345,9.490497707582422,9.506476198553244,9.523090088614675,9.540364645102649,9.558326140144382,9.577001890615819,9.596420299688084,9.616610900026142,9.637604398705356,9.659432723914254,9.682129073514572,9.705727965532393,9.730265290657185,9.755778366828611,9.782305995994104,9.809888523123544,9.838567897570796,9.868387736875443,9.899393393101724,9.93163202181559,9.965152653804811,10.000006269651143,10.036245877268042,10.073926592521811,10.113105723058785,10.153842855466085,10.196199945898437,10.240241414308938,10.286034242427029,10.333648075632732,10.383155328881992,10.43463129684432,10.488154268420137,10.543805645812014,10.601670068330861,10.661835541125363,10.724393569030381,10.789439295737887,10.857071648502066,10.927393488598593,11.000511767766941,11.07653769087354,11.155586885043181,11.237779575515866,11.32324076849643,11.412100441275047,11.50449373990774,11.600561184757373,11.700448884207766,11.804308756875916,11.912298762660113,12.024583142975375,12.141332670541518,12.262724909103584,12.38894448347967,12.520183360346774,12.656641140191596,12.798525360870268,12.946051813238714,13.099444869333425,13.258937823601935,13.424773247701768,13.597203359407462,13.776490406186689,13.96290706402883,14.156736852132491,14.358274564082677
0.3325,9.131176291233905,9.132866074633606,9.13462305348334,9.136449899860127,9.138349392098249,9.140324419014672,9.142377984302483,9.144513211099047,9.146733346735823,9.149041767677044,9.15144198465482,9.15393764800841,9.156532553235854,9.159230646766325,9.16203603196208,9.164952975359043,9.167985913155565,9.171139457959239,9.174418405801974,9.177827743434062,9.18137265590829,9.185058534465654,9.18889098473464,9.19287583525659,9.19701914635006,9.201327219327716,9.205806606079715,9.210464119038221,9.215306841538151,9.220342138589936,9.225577668080694,9.23102139242081,9.236681590653683,9.242566871047028,9.248686184184892,9.255048836580306,9.261664504829248,9.268543250327491,9.275695534572675,9.283132235074891,9.290864661900004,9.298904574870814,9.307264201452304,9.315956255348079,9.324993955836371,9.334391047874961,9.344161823005619,9.354321141089843,9.364884452908992,9.375867823663137,9.387287957404405,9.39916222244198,9.411508677757368,9.424346100470157,9.437694014395984,9.451572719740206,9.466003323972389,9.48100777392861,9.496608889190371,9.512830396790928,9.529696967301772,9.547234252354215,9.565468923653082,9.584428713541907,9.604142457181275,9.624640136404533,9.645952925317495,9.668113237711552,9.691154776362284,9.71511258428855,9.740023098050022,9.765924203164223,9.792855291727372,9.820857322326644,9.849972882334985,9.88024625268324,9.911723475208074,9.944452422678141,9.978482871604994,10.013866577949475,10.050657355838716,10.08891115941349,10.12868616793035,10.17004287424804,10.213044176832678,10.257755475421698,10.304244770492,10.352582766683579,10.402842980335933,10.45510185130077,10.509438859201047,10.565936644313169,10.624681133256123,10.68576166967875,10.7492711501438,10.815306165415494,10.883967147365404,10.95535852171999,11.029588866882175,11.106771079068386,11.187022544012157,11.270465315495493,11.357226300979335,11.44743745461548,11.541235977933441,11.638764528507387,11.740171436920427,11.845610932356271,11.955243377161167,12.06923551073284,12.187760703107344,12.310999218629345,12.439138490106837,12.572373403867182,12.7109065961479,12.854948761272963,13.004718972083237,13.160445013108284,13.32236372698626,13.490721374658712,13.665774009887956,13.847787868666718,14.037039774112154,14.233817557460059,14.438420495799493
0.3350000000000001,9.13181769345401,9.133532982673286,9.135316481600453,9.137170902645302,9.13909906607875,9.141103904322048,9.143188466406531,9.145355922610733,9.147609569281887,9.149952833849165,9.152389280036282,9.154922613281364,9.157556686372372,9.160295505306603,9.16314323538321,9.166104207537996,9.169182924930128,9.172384069790764,9.175712510544043,9.179173309211237,9.182771729109335,9.186513242855801,9.190403540691614,9.194448539135308,9.198654389981154,9.20302748965515,9.207574488943095,9.212302303105476,9.217218122394627,9.2223294229901,9.227643978368896,9.233169871127863,9.238915505276223,9.244889619016936,9.251101298036337,9.257559989322253,9.264275515531633,9.271258089929521,9.278518331922115,9.286067283207519,9.293916424568764,9.30207769333464,9.310563501534887,9.31938675477736,9.328560871875895,9.338099805258711,9.348018062188386,9.35833072682571,9.369053483170937,9.38020263891736,9.391795150253467,9.403848647651408,9.416381462681017,9.429412655890136,9.442962045793674,9.45705023901549,9.471698661628922,9.486929591743674,9.502766193388574,9.519232551741778,9.536353709761993,9.554155706276417,9.572665615583348,9.591911588629705,9.611922895826046,9.63272997156426,9.654364460505603,9.676859265709496,9.70024859867629,9.7245680313801,9.749854550370852,9.776146613027839,9.803484206050326,9.83190890627418,9.861463943907005,9.892194268277997,9.924146616202444,9.957369583064933,9.99191369672931,10.027831494387831,10.06517760246637,10.104008819707209,10.14438420355577,10.186365159982671,10.230015536877689,10.275401721157687,10.322592739736178,10.371660364508068,10.42267922150925,10.475726904417026,10.530884092564008,10.588234673644905,10.64786587130284,10.709868377789201,10.774336491898755,10.841368262389768,10.911065637107273,10.983534618036153,11.05888542251993,11.13723265089033,11.218695460762529,11.303397748261194,11.391468336452771,11.483041171270626,11.57825552523098,11.677256209249325,11.780193792879446,11.887224833310022,11.998512113466857,12.114224889582925,12.234539148612676,12.359637875881951,12.489711333380596,12.624957349120914,12.765581618001953,12.911798014637185,13.06382891862129,13.221905552730616,13.386268334571692,13.557167242212566,13.734862194352926,13.919623445611233,14.111731997530027,14.31148002592437,14.51917132522347
0.3375,9.132463900190888,9.13420488628503,9.136015103942398,9.137897306207668,9.139854355602534,9.141889228479156,9.144005019546738,9.146204946578095,9.148492355303407,9.150870724498548,9.153343671275776,9.155914956584823,9.158588490932715,9.161368340331077,9.164258732479912,9.167264063197312,9.170388903104838,9.173638004578757,9.177016308977704,9.180528954157765,9.184181282286401,9.187978847967111,9.191927426687178,9.196033023601352,9.200301882664835,9.20474049612945,9.209355614417424,9.214154256387847,9.21914372001137,9.224331593469408,9.229725766694715,9.235334443370894,9.241166153409091,9.247229765920837,9.253534502706783,9.260089952281833,9.266906084458029,9.273993265507318,9.281362273927334,9.289024316834105,9.296991047006662,9.305274580609458,9.31388751561955,9.322842950986585,9.33215450655471,9.341836343776729,9.351903187251986,9.362370347120777,9.37325374234929,9.384569924940548,9.396336105108146,9.40857017745107,9.421290748169438,9.434517163362514,9.448269538452077,9.462568788775876,9.477436661397702,9.492895768182466,9.5089696201866,9.525682663416056,9.543060316006326,9.561129006881018,9.579916215947774,9.599450515892695,9.619761615636817,9.640880405520743,9.662839004286162,9.685670807925698,9.709410540475396,9.734094306827112,9.759759647641088,9.786445596442288,9.814192738987293,9.843043274992063,9.87304108231445,9.904231783689067,9.936662816116042,9.970383503009128,10.005445129212973,10.041901019003584,10.079806617190632,10.11921957344496,10.160199829979506,10.202809712717016,10.247114026083196,10.293180151569427,10.341078150214997,10.39088086916465,10.442664052463508,10.496506456257878,10.552489968577127,10.610699733878745,10.671224282546033,10.734155665535335,10.79958959437753,10.867625586746719,10.938367117817466,11.011921777640703,11.088401434777682,11.167922406440724,11.250605635399523,11.336576873922048,11.425966875029626,11.518911591357131,11.615552381920669,11.716036227107057,11.820515952212132,11.929150459867737,12.042104971710822,12.159551279662125,12.28166800719661,12.408640881002812,12.54066301344435,12.677935196253012,12.82066620590004,12.969073121110048,13.123381653000356,13.283826488347778,13.450651646504932,13.624110850508826,13.804467912946059,13.991997137161505,14.186983734420643,14.38972425765987,14.600527052484612
0.3400000000000001,9.133114911444665,9.134881785468973,9.13671892050932,9.138629110547388,9.140615260669776,9.142680391486188,9.144827643723305,9.147060283001355,9.149381704800623,9.151795439625444,9.154305158373578,9.156914677919083,9.159627966917201,9.162449151840088,9.165382523252559,9.168432542337394,9.171603847680133,9.174901262323687,9.178329801103462,9.181894678274197,9.185601315440078,9.189455349800216,9.193462642722016,9.19762928865546,9.201961624401907,9.206466238751473,9.211149982503633,9.21601997888634,9.221083634389466,9.226348650029031,9.231823033059408,9.237515109151259,9.243433535053748,9.249587311760303,9.255985798197923,9.26263872546087,9.269556211610396,9.276748777062998,9.284227360590613,9.292003335957109,9.300088529216342,9.30849523669811,9.317236243709354,9.326324843979048,9.33577485987636,9.345600663432826,9.35581719820052,9.36644000197945,9.377485230448784,9.388969681737786,9.40091082197391,9.413326811846844,9.426236534228941,9.439659622894064,9.453616492378458,9.468128369029161,9.483217323287086,9.49890630325395,9.515219169594058,9.532180731824052,9.549816786045799,9.568154154179831,9.587220724759003,9.607045495344405,9.627658616628057,9.649091438289453,9.671376556675705,9.694547864377814,9.718640601778455,9.743691410649706,9.769738389882189,9.796821153430448,9.824980890562651,9.854260428506258,9.88470429758494,9.91635879894584,9.949272074980106,9.983494182543913,10.019077169091217,10.056075151834108,10.094544400051126,10.134543420668718,10.176133047245989,10.219376532498073,10.264339644498861,10.311090766709357,10.359701001983781,10.410244280711629,10.4627974732601,10.517440506887908,10.574256487308272,10.63333182508593,10.69475636706041,10.758623532995395,10.825030457661976,10.894078138571865,10.965871589585221,11.040520000626639,11.118136903752204,11.198840345820127,11.282753068027484,11.370002692586153,11.460721916821706,11.555048714990447,11.653126548121504,11.755104582203026,11.861137915044214,11.971387812158271,12.086021952024847,12.205214681104925,12.329147278996063,12.458008234130993,12.591993530438986,12.731306945405821,12.876160359985578,13.02677408083561,13.183377175364669,13.346207820103693,13.51551366292906,13.691552199689166,13.87459116580704,14.064908943454604,14.262794984917814,14.468550252796456,14.682487677708204
0.3425,9.13377072721547,9.13556368022526,9.13742793130137,9.139366315664619,9.14138178128065,9.143477393343328,9.145656338936437,9.147921931880735,9.150277617773769,9.152726979230112,9.155273741329966,9.157921777284445,9.160675114326153,9.16353793983399,9.16651460770153,9.169609644958646,9.172827758656451,9.176173843026028,9.179652986921829,9.183270481561083,9.187031828570962,9.190942748355765,9.195009188796822,9.199237334298376,9.203633615193173,9.208204717522086,9.212957593202656,9.217899470601965,9.22303786553,9.22838059267014,9.233935777464245,9.239711868470321,9.245717650211663,9.251962256536917,9.258455184511462,9.2652063088612,9.27222589699072,9.279524624598695,9.287113591914247,9.295004340579,9.303208871200464,9.311739661603465,9.320609685807382,9.329832433758062,9.339421931844408,9.349392764230839,9.359760095038105,9.370539691406163,9.381747947474183,9.393401909314194,9.405519300856257,9.418118550844623,9.43121882086586,9.444840034491586,9.459002907580118,9.473728979783175,9.489040647305472,9.504961196967125,9.521514841620599,9.538726756976109,9.556623119891483,9.57523114818471,9.59457914202972,9.614696526998406,9.635613898814283,9.657363069885903,9.679977117690806,9.703490435083546,9.727938782604365,9.753359342868047,9.77979077711566,9.807273284015242,9.835848660800819,9.865560366842757,9.896453589746146,9.928575314077726,9.961974392825901,9.996701621702492,10.032809816399277,10.070353892916776,10.109390951087462,10.149980361420434,10.19218385539961,10.236065619372773,10.281692392174277,10.329133566629823,10.378461295097727,10.429750599207164,10.483079483960248,10.53852905637149,10.596183648825061,10.656130947337417,10.718462124920338,10.783271980247232,10.850659081833498,10.920725917950218,10.993579052499204,11.069329287086303,11.148091829539547,11.229986469128297,11.315137758749854,11.403675204360614,11.495733461939725,11.591452542284806,11.690978023951162,11.794461274658211,11.902059681499836,12.013936890308758,12.130263054538839,12.251215094043776,12.376976964145772,12.50773993540321,12.643702884502872,12.785072596719,12.932064080399117,13.084900893954874,13.243815485855228,13.409049548138855,13.580854383983542,13.759491289891464,13.94523195307157,14.138358864623443,14.339165749151029,14.547958011459524,14.765053201014878
0.3450000000000001,9.134431347503432,9.136250570554028,9.138142136318702,9.14010892155953,9.142153917435332,9.144280234050772,9.14649110518634,9.14878989321645,9.151180094223086,9.153665343312811,9.156249420145217,9.158936254681212,9.161729933159899,9.164634704313132,9.167654985827202,9.170795371061478,9.174060636034236,9.177455746686258,9.18098586643332,9.184656364018977,9.18847282167965,9.192441043634396,9.196567064912296,9.200857160530857,9.205317855039443,9.209955932442169,9.214778446515437,9.219792731535737,9.225006413434066,9.230427421393916,9.236063999910492,9.241924721329454,9.248018498884313,9.25435460025227,9.26094266164912,9.267792702484677,9.274915140600992,9.28232080811655,9.290020967900544,9.298027330702267,9.306352072961705,9.315007855328396,9.324007841916728,9.333365720326961,9.343095722462436,9.353212646174615,9.363731877768888,9.374669415405368,9.386041893430274,9.397866607674912,9.41016154176071,9.422945394450347,9.436237608086566,9.45005839816191,9.464428784064385,9.47937062104578,9.494906633461296,9.511060449331037,9.52785663627591,9.545320738882602,9.563479317554496,9.58235998890755,9.60199146777266,9.622403610868318,9.643627462210048,9.665695300325654,9.68864068734809,9.712498520060649,9.737305082972073,9.763098103502344,9.789916809363048,9.817801988219632,9.846796049726253,9.876943090027599,9.908288958825759,9.940881329114179,9.974769769684713,10.010005820518083,10.046643071172408,10.08473724228897,10.124346270339244,10.165530395742033,10.208352254484723,10.252876973388007,10.299172269158955,10.347308551383069,10.397359029611914,10.449399824709268,10.503510084624985,10.559772104772778,10.618271453194861,10.679097100703855,10.742341556199836,10.808101007368307,10.87647546697305,10.947568924966282,11.021489506647502,11.0983496371114,11.178266212235037,11.26136077646418,11.347759707669182,11.437594409351535,11.531001510493287,11.628123073353246,11.729106809525987,11.834106304592144,11.943281251701558,12.056797694444604,12.174828279380854,12.29755251860913,12.42515706277831,12.557835984953858,12.695791075771885,12.839232150329545,12.988377367278362,13.143453560605833,13.30469658460984,13.472351672590392,13.646673809804293,13.82792812124987,14.016390274871448,14.212346900796858,14.416096027245533,14.62794753377007,14.848223622520704
0.34750000000000003,9.135096772308682,9.136942456455413,9.138861535561464,9.140856928232282,9.142931669134,9.145088913608706,9.147331942473222,9.149664167008732,9.152089134148817,9.154610531873802,9.157232194819615,9.159958110109686,9.162792423418763,9.165739445277866,9.168803657629956,9.171989720646305,9.17530247981393,9.178746973304856,9.18232843963845,9.18605232564844,9.189924294766747,9.193950235636764,9.198136271069133,9.202488767353657,9.20701434394153,9.211719883512597,9.216612542442927,9.22169976168868,9.226989278102769,9.232489136201549,9.238207700399434,9.244153667730034,9.250336081073186,9.256764342907967,9.263448229612619,9.270397906333153,9.27762394244321,9.285137327618724,9.292949488551827,9.301072306329402,9.309518134502751,9.3182998178758,9.327430712040508,9.336924703689093,9.346796231734048,9.357060309268034,9.367732546397031,9.378829173981536,9.390367068321865,9.402363776825105,9.414837544692814,9.427807342669968,9.441292895897448,9.455314713911905,9.469894121838626,9.485053292824874,9.500815281763021,9.517204060354759,9.534244553569714,9.55196267755395,9.57038537904599,9.589540676360294,9.609457702000594,9.6301667469678,9.651699306829965,9.674088129624314,9.697367265664228,9.721572119326916,9.746739502900567,9.772907692572852,9.800116486645948,9.828407266066623,9.85782305736345,9.888408598086851,9.92021040485151,9.953276844084668,9.987658205587847,10.023406779023922,10.06057693344586,10.099225199988053,10.139410357846053,10.181193523675411,10.224638244545636,10.269810594590586,10.316779275502327,10.365615721021234,10.416394205581295,10.469191957275786,10.52408927531516,10.581169652155706,10.640519900484772,10.702230285255599,10.766394660972574,10.833110614435673,10.902479613161129,10.974607159704039,11.049602952117615,11.12758105079297,11.20866005193326,11.292963267925899,11.3806189148871,11.471760307664017,11.56652606259089,11.665060308307565,11.767512904960986,11.874039672122896,11.984802625770358,12.099970224689502,12.219717626677067,12.344226954929411,12.473687575024075,12.608296382914991,12.748258104379405,12.893785606371782,13.045100220758185,13.202432080923467,13.366020471763129,13.536114193592068,13.712971940523698,13.896862693894827,14.088066131334596,14.286873052099644,14.493585819322359,14.708518819844729,14.931998942337255
0.3500000000000001,9.13576700163135,9.137639337929562,9.139586129029812,9.14161033568304,9.143715036376834,9.145903432017326,9.148178850797288,9.1505447532578,9.153004737551202,9.155562544913346,9.15822206535344,9.16098734357017,9.163862585103077,9.166852162728551,9.16996062311018,9.17319269371354,9.17655328999598,9.180047522882303,9.183680706537745,9.18745836645003,9.191386247832856,9.195470324363523,9.199716807268045,9.204132154767535,9.208723081900262,9.213496570734257,9.218459880986076,9.223620561061821,9.228986459537218,9.234565737094233,9.240366878932356,9.246398707673452,9.25267039677978,9.25919148450562,9.265971888403701,9.273021920408503,9.28035230251939,9.287974183107382,9.295899153870428,9.304139267462926,9.312707055826307,9.321615549248587,9.33087829618185,9.340509383847824,9.350523459662869,9.360935753514987,9.37176210092672,9.383018967139172,9.394723472153787,9.406893416769968,9.419547309658148,9.432704395509472,9.446384684304936,9.460608981748464,9.475398920910234,9.49077699512839,9.506766592219156,9.523392030047406,9.540678593511776,9.558652573000609,9.577341304377155,9.596773210554918,9.616977844726337,9.637985935310557,9.659829432688678,9.682541557797533,9.706156852655932,9.730711232900193,9.756242042408884,9.782788110099872,9.81038980898599,9.83908911757926,9.868929683736946,9.899956891046616,9.932217927851154,9.96576185901869,10.00063970056663,10.03690449725325,10.074611403254886,10.113817766051389,10.154583213647449,10.196969745262427,10.241041825626603,10.286866483027264,10.33451341125373,10.384055075596347,10.435566823060672,10.48912699696441,10.544817056091425,10.602721698583974,10.662928990761625,10.725530501062686,10.790621439311868,10.858300801525978,10.928671520477762,11.001840622246942,11.07791938899645,11.157023528221384,11.239273348728059,11.324793943610748,11.413715380504325,11.506172899402141,11.602307118339912,11.70226424725835,11.806196310369822,11.914261377367074,12.026623803825617,12.143454481165406,12.264931096551797,12.39123840313104,12.522568501011303,12.659121129416363,12.801103970456339,12.9487329649774,13.102232640970659,13.261836455039786,13.42778714744657,13.600337111274335,13.779748776270651,13.966295007953127,14.160259522585122,14.361937318652625,14.571635125498432,14.789671869795876,15.016379160571713
0.35250000000000004,9.136442035471571,9.138341214976617,9.1403159167239,9.142369143911973,9.144504019164012,9.146723789276827,9.14903183015875,9.15143165196388,9.153926904430486,9.156521382431707,9.15921903174698,9.162023955062976,9.164940418213172,9.167972856665545,9.171125882268257,9.174404290263597,9.177813066580836,9.181357395419086,9.185042667131722,9.188874486424318,9.192858680878592,9.197001309815331,9.201308673509736,9.205787322773261,9.210444068916459,9.215285994108038,9.220320462145848,9.225555129656197,9.230997957738529,9.23665722407317,9.24254153551056,9.248659841161105,9.255021446005598,9.26163602504685,9.268513638024107,9.275664744712609,9.283100220831559,9.290831374584705,9.2988699638587,9.307228214105361,9.315918836935094,9.324955049449683,9.334350594343904,9.34411976080654,9.354277406252534,9.364838978919387,9.375820541362161,9.387238794882792,9.399111104930897,9.411455527514713,9.42429083666231,9.437636552974876,9.451512973315483,9.46594120167851,9.480943181286637,9.496541727964292,9.512760564838235,9.529624358418122,9.547158756111896,9.56539042523307,9.584347093559229,9.604057591503445,9.624551895962748,9.645861175910335,9.668017839800877,9.691055584861004,9.715009448339957,9.739915860798355,9.765812701516099,9.792739356103736,9.820736776404846,9.849847542780621,9.880115928871302,9.911587968933027,9.944311527852468,9.978336373945757,10.013714254652395,10.050498975239314,10.088746480634738,10.12851494051632,10.169864837782967,10.2128590605449,10.257562997771824,10.304044638744713,10.352374676462407,10.402626615160319,10.454876882104717,10.509204943832652,10.565693427014224,10.624428244121043,10.685498724091975,10.748997748194826,10.815021891290655,10.88367156871544,10.955051189002502,11.0292693126779,11.106438817370305,11.186677069486338,11.270106102712516,11.356852803615183,11.447049104620637,11.540832184668965,11.638344677846607,11.739734890314946,11.845157025864811,11.954771420439817,12.06874478598512,12.18725046399255,12.310468689127491,12.438586863338424,12.571799840866074,12.710310224585395,12.85432867413112,13.00407422627546,13.159774628045055,13.321666683083837,13.489996611788525,13.665020425764355,13.847004317170601,14.036225063547944,14.232970448743362,14.437539700572701,14.650243945886594,14.871406683731676,15.101364277326908
0.3550000000000001,9.137121873829477,9.139048087596722,9.14105089864388,9.143133352919248,9.145298617495715,9.147549985387402,9.149890880557818,9.152324863127205,9.154855634786918,9.157487044429152,9.16022309400052,9.163067944588411,9.166025922749382,9.169101527089207,9.172299435104579,9.1756245102969,9.179081809568952,9.182676590915694,9.186414321420914,9.190300685571868,9.194341593904566,9.198543191992849,9.202911869794926,9.207454271371603,9.212177304990956,9.21708815363484,9.222194285923207,9.227503467472848,9.233023772707824,9.238763597139574,9.244731670135346,9.2509370681944,9.257389228752155,9.264097964533287,9.271073478475596,9.27832637924736,9.285867697381752,9.29370890205289,9.301861918518998,9.31033914625925,9.319153477831847,9.328318318482028,9.337847606529836,9.347755834568648,9.358058071506704,9.36876998548517,9.379907867707585,9.391488657216941,9.403529966658079,9.416050109064585,9.42906812571093,9.442603815072218,9.45667776293557,9.471311373708996,9.486526902975296,9.502347491340577,9.518797199628828,9.535901045476093,9.553685041379913,9.572176234261871,9.591402746603485,9.611393819217932,9.632179855722722,9.653792468780923,9.676264528181296,9.699630210830462,9.723925052733106,9.749186003039332,9.775451480241328,9.802761430604825,9.831157388924229,9.860682541693823,9.891381792791117,9.923301831772246,9.956491204883266,9.991000388895404,10.026881867876492,10.064190213015365,10.102982165620661,10.143316723420178,10.185255230292116,10.228861469564606,10.274201761025441,10.321345061789533,10.370363071177515,10.421330339764939,10.47432438276795,10.529425797937849,10.586718388143797,10.646289288830134,10.708229100542088,10.772632026721414,10.839596016981504,10.90922291607986,10.981618618814416,11.05689323107929,11.135161237324871,11.216541674676847,11.301158313978961,11.389139848034816,11.480620087334898,11.575738163566525,11.674638741216098,11.777472237585462,11.884395051556929,11.995569801454796,12.111165572365056,12.231358173289447,12.35633040452474,12.486272335673968,12.621381594712322,12.761863668547228,12.907932215529733,13.059809390392417,13.217726182107883,13.381922765181747,13.55264886491426,13.730164137186053,13.914738563345594,14.106652860798908,14.306198909925948,14.51368019797292,14.729412280595701,14.953723261756169,15.18695429270144
0.35750000000000004,9.137806516705199,9.139759955790021,9.141791074789912,9.143902962705033,9.146098831372127,9.148382020349247,9.150756001994706,9.153224386748,9.15579092862074,9.158459530905946,9.161234252114347,9.164119312146788,9.167119098712044,9.1702381739999,9.173481281619535,9.176853353813872,9.180359518960787,9.184005109372622,9.187795669405851,9.191736963893257,9.195834986911397,9.200095970896744,9.20452639612433,9.209133000563336,9.213922790124586,9.21890304931556,9.224081352319127,9.229465574512822,9.235063904446234,9.240884856294658,9.246937282808025,9.253230388774748,9.259773745020974,9.266577302966573,9.273651409759937,9.28100682401466,9.28865473217202,9.29660676551414,9.304875017853702,9.313472063927149,9.322410978519315,9.33170535634858,9.341369332742824,9.351417605137565,9.361865455429056,9.372728773216286,9.384024079967235,9.39576855414618,9.40798005734023,9.420677161424846,9.433879176809661,9.447606181807563,9.461879053171709,9.476719497846908,9.492150085983697,9.50819428526527,9.52487649659954,9.542222091230538,9.56025744932569,9.579010000097572,9.598508263521229,9.618781893710478,9.639861724019196,9.661779813936143,9.684569497844706,9.708265435721678,9.73290366585221,9.758521659641085,9.785158378603724,9.812854333623548,9.841651646565875,9.87159411434201,9.902727275521022,9.935098479590453,9.968756958971364,10.00375390389718,10.040142540270276,10.077978210614653,10.117318458247881,10.158223114800263,10.200754391214362,10.244976972363274,10.290958115431527,10.338767752208238,10.38847859544809,10.440166249461868,10.493909325104738,10.549789559337155,10.607891939540163,10.668304832774206,10.731120120177945,10.7964333367115,10.8643438164566,10.9349548436946,11.00837380999208,11.084712377532918,11.164086648945213,11.246617343881226,11.332429982618946,11.421655076964406,11.514428328745014,11.610890836195807,11.711189308552374,11.815476289176766,11.923910387555775,12.036656520524202,12.153886163080024,12.275777609172868,12.40251624286227,12.534294820258078,12.671313762671826,12.813781461424695,12.961914594775717,13.11593845745212,13.276087303282898,13.442604701456725,13.615743906945974,13.795768245660117,13.98295151491429,14.177578399822107,14.37994490624583,14.59035881096251,14.809140129730668,15.036621603969332,15.273149206789721
0.3600000000000001,9.138495964098874,9.140476819556659,9.142536445162152,9.144677973269497,9.146904660793428,9.149219894162565,9.151627194469627,9.154130222826497,9.156732785932208,9.15943884186236,9.162252506088757,9.165178057738418,9.168219946101498,9.171382797397989,9.174671421813521,9.178090820814935,9.181646194756796,9.185342950790359,9.189186711087068,9.193183321389059,9.197338859899705,9.201659646527686,9.206152252498674,9.210823510349243,9.215680524318191,9.220730681151107,9.225981661334583,9.231441450777176,9.237118352954894,9.243021001539649,9.249158373529921,9.25553980290357,9.262174994813586,9.269074040348357,9.276247431878902,9.283706079016422,9.291461325204423,9.299524964970672,9.307909261865193,9.316626967111624,9.32569133900026,9.335116163052316,9.344915772986065,9.355105072516727,9.365699558023287,9.376715342116709,9.388169178145384,9.400078485675099,9.41246137698228,9.425336684600788,9.43872398996418,9.45264365318701,9.467116844030434,9.482165574099257,9.497812730319358,9.514082109746436,9.530998455759006,9.548587495690708,9.566875979959141,9.585891722750782,9.605663644323807,9.626221814993219,9.647597500865144,9.669823211389865,9.692932748805918,9.716961259550473,9.741945287714149,9.767922830621616,9.794933396622477,9.823018065180358,9.852219549351567,9.882582260748364,9.914152377085667,9.946977912413862,9.981108790144605,10.01659691898064,10.053496271865104,10.091862968070425,10.131755358551628,10.173234114693864,10.216362320589143,10.261205568982577,10.30783206103409,10.356312710047252,10.406721249323068,10.459134344302633,10.513631709169285,10.570296228087534,10.629214081263125,10.690474876015967,10.754171783065221,10.820401678233795,10.889265289787735,10.960867351634576,11.035316762613569,11.112726752120047,11.193215052315773,11.2769040771871,11.363921108723252,11.454398490497852,11.548473828947948,11.64629020265677,11.747996379958277,11.853747045194481,11.963703033969612,12.078031577758761,12.19690655824302,12.320508771757876,12.44902620425695,12.582654317209165,12.721596344864242,12.866063603338368,13.016275811990191,13.172461427575856,13.334857991691134,13.503712492029116,13.679281738002853,13.861832751304071,14.051643171992042,14.249001680730174,14.454208437812369,14.667575539646977,14.889427493392544,15.120101710467164,15.359949019682087
0.36250000000000004,9.13919021601064,9.141198678896783,9.14328700976076,9.14545838461281,9.147716105759807,9.150063606827551,9.152504457982797,9.15504237136293,9.157681206721568,9.160424977298664,9.163277855924035,9.166244181363618,9.169328464918081,9.172535397283845,9.175869855686933,9.17933691130052,9.182941836957445,9.18669011516941,9.1905874464651,9.194639758059855,9.19885321287012,9.203234218886353,9.207789438918686,9.212525800730104,9.217450507572618,9.222571049142394,9.22789521297056,9.233431096266969,9.239187118234947,9.245172032875779,9.251394942302358,9.2578653105823,9.264592978131533,9.2715881766803,9.278861544834283,9.286424144254571,9.29428747648103,9.302463500424714,9.310964650555873,9.319803855815257,9.328994559277458,9.338550738596219,9.348486927262774,9.358818236709594,9.369560379293112,9.380729692190432,9.392343162246318,9.404418451808304,9.416973925589176,9.43002867859772,9.44360256518019,9.457716229216674,9.472391135518315,9.487649602473086,9.503514835989831,9.520010964792162,9.537163077115897,9.554997258865885,9.573540633290206,9.592821402232138,9.612868889022604,9.633713583078327,9.655387186273579,9.67792266115599,9.701354281079782,9.725717682332693,9.751049918335834,9.77738951599896,9.804776534316817,9.833252625295737,9.86286109730311,9.89364698093609,9.925657097509731,9.958940130268699,9.993546698430853,10.029529434175355,10.066943062692339,10.105844485415917,10.146292866567096,10.188349723138234,10.232079018455849,10.277547259464136,10.324823597877057,10.37397993535291,10.42509103285127,10.478234624338626,10.533491535015632,10.590945804245756,10.650684813372251,10.712799418617859,10.777384089269292,10.84453705135666,10.914360437046303,10.986960439974258,11.062447476756452,11.140936354921356,11.222546447520356,11.307401874681377,11.395631692381873,11.487370088728182,11.582756588039711,11.681936263048316,11.785059955535507,11.892284505742973,12.003772990905327,12.119694973267718,12.240226757965443,12.365551661157804,12.495860288823797,12.631350826643654,12.772229341407098,12.918710094406535,13.071015867291853,13.229378300882344,13.394038247450911,13.5652461370164,13.743262358201065,13.928357654232284,14.120813534690901,14.320922703632307,14.528989504731351,14.745330384128124,14.97027437167857,15.20416358134174,15.447353731464846
0.3650000000000001,9.139889272440632,9.141925533810541,9.144042768585892,9.146244196735148,9.148533166271447,9.150913158344407,9.15338779253443,9.15596083235753,9.158636190989075,9.16141793721513,9.16431030162048,9.167317683022707,9.17044465516214,9.173695973657834,9.17707658324017,9.180591625271058,9.184246445563195,9.188046602510274,9.191997875540492,9.19610627390623,9.200378045823266,9.204819687973421,9.209437955385097,9.214239871706715,9.219232739888719,9.22442415329034,9.22982200722805,9.235434510983266,9.241270200287543,9.247337950304287,9.253646989126672,9.260206911812372,9.267027694976363,9.274119711964067,9.281493748627875,9.28916101973104,9.297133186003926,9.305422371878514,9.314041183928156,9.323002730040644,9.332320639353705,9.342009082983292,9.35208279557618,9.362557097719636,9.373447919242263,9.384771823441465,9.39654603227435,9.408788452550423,9.42151770316589,9.434753143420984,9.448514902463419,9.462823909902705,9.47770192764194,9.49317158297546,9.509256403002693,9.525980850410571,9.543370360678914,9.561451380765389,9.580251409328858,9.59979903855232,9.620123997629037,9.641257197978012,9.663230780257551,9.68607816324846,9.709834094681185,9.734534704084227,9.76021755773422,9.786921715791195,9.814687791706003,9.843558013990199,9.873576290442346,9.904788274928421,9.937241436817922,9.970985133181212,10.006070683857974,10.042551449510901,10.080482912783344,10.11992276268436,10.160930982329477,10.203569940170592,10.247904484853828,10.294002043849506,10.34193272600429,10.391769428171447,10.443587946081395,10.497467089621093,10.553488802697649,10.611738287868388,10.67230413592688,10.735278460642053,10.800757038855224,10.868839456148102,10.939629258303304,11.01323410878766,11.08976595249779,11.169341186016965,11.252080834642127,11.338110736450263,11.427561733684016,11.520569871747567,11.617276606115356,11.717829017468302,11.822380035384619,11.931088670925359,12.044120258468453,12.16164670715884,12.283846762357102,12.410906277484267,12.543018496675986,12.680384348675991,12.823212752415806,12.971720934745244,13.12613476079702,13.286689077487775,13.45362807067788,13.627205636533246,13.807685767653826,13.995342954556032,14.190462603119684,14.393341468634336,14.604288107105067,14.82362334450414,15.051680764682258,15.28880721668131,15.53536334222039
0.36750000000000005,9.140593133388986,9.142657384298085,9.144803721637711,9.147035409636684,9.149355842328536,9.151768548713335,9.154277198124747,9.156885605810535,9.15959773873498,9.162417721612035,9.165349843178387,9.168398562716003,9.171568516834014,9.17486452652033,9.178291604473635,9.181854962726982,9.185560020574515,9.189412412813455,9.193417998313786,9.19758286892877,9.20191335875978,9.206416053789576,9.211097801898642,9.215965723279865,9.221027221267349,9.226289993595865,9.231762044108045,9.23745169492714,9.243367599113839,9.249518753826417,9.255914514004205,9.262564606595236,9.269479145349633,9.276668646201339,9.284144043261483,9.291916705447775,9.299998453775203,9.308401579334319,9.317138861984466,9.326223589790397,9.335669579231807,9.345491196216559,9.355703377929531,9.36632165555034,9.377362177874488,9.388841735873836,9.400777788233805,9.413188487906107,9.426092709717413,9.439510079075937,9.453461001819619,9.46796669525127,9.483049220407933,9.498731515613484,9.515037431365553,9.531991766609814,9.549620306456786,9.567949861398569,9.587008308085105,9.606824631722027,9.627428970154558,9.648852659704517,9.671128282830143,9.694289717681253,9.718372189625047,9.743412324821003,9.769448205926288,9.796519430016426,9.82466716880933,9.853934231284292,9.884365128791137,9.916006142748614,9.948905395034958,9.983112921177668,10.018680746453851,10.055662965016852,10.094115822169472,10.134097799908973,10.17566970587392,10.218894765828125,10.263838719822377,10.31056992218018,10.359159445459554,10.409681188548996,10.462211989062018,10.516831740201127,10.573623512269029,10.632673679011791,10.694072048986106,10.75791200215044,10.824290631887756,10.893308892675766,10.965071753629315,11.039688358148334,11.117272189914116,11.197941245486392,11.281818213763598,11.369030662579236,11.459711232718087,11.553997839647284,11.652033883268967,11.753968466013522,11.859956619604997,11.970159540843497,12.084744836763155,12.203886779538415,12.327766571526201,12.456572620847158,12.590500827924838,12.729754883418645,12.874546578003663,13.02509612446829,13.181632492619611,13.344393757505804,13.513627461485019,13.689590990691505,13.872551966471402,14.062788652383505,14.260590377383993,14.46625797583875,14.680104245032345,14.902454420869642,15.13364667249343,15.374032616570332,15.623977852027226
0.37,9.141301798855842,9.143394230359558,9.145569868916379,9.147832023317589,9.150184133931262,9.152629777934541,9.155172674753967,9.157816691722182,9.160565849959545,9.163424330489653,9.166396480598056,9.16948682044383,9.172700049934058,9.176041055871709,9.179514919387733,9.183126923668725,9.186882561991878,9.190787546079463,9.194847814785529,9.199069543128065,9.2034591516803,9.208023316335503,9.212768978460067,9.217703355450357,9.222833951709372,9.2281685700599,9.233715323611548,9.23948264809967,9.245479314714997,9.25171444344342,9.258197516936308,9.26493839493234,9.27194732925291,9.2792349793938,9.286812428736923,9.294691201406732,9.302883279796967,9.311401122794397,9.320257684727238,9.329466435067134,9.339041378914583,9.348997078299048,9.359348674326084,9.370111910205216,9.381303155193557,9.392939429491596,9.405038430129036,9.417618557880026,9.430698945248759,9.44429948556796,9.458440863254566,9.47314458526857,9.488433013822936,9.504329400394274,9.520857921086046,9.538043713398073,9.555912914458277,9.574492700774806,9.593811329568988,9.613898181752006,9.634783806610656,9.65649996827012,9.679079694004477,9.702557324468376,9.726968565926326,9.752350544558977,9.77874186292906,9.80618265869279,9.834714665646121,9.864381277198587,9.89522761237138,9.927300584419953,9.96064897218558,9.995323494284337,10.031376886246376,10.06886398072279,10.107841790882071,10.148369597122953,10.190509037235566,10.234324200147983,10.279881723400742,10.327250894497585,10.376503756286539,10.427715216531585,10.480963161841586,10.536328576129675,10.593895663783282,10.653751977732114,10.715988552608781,10.780700043204632,10.84798486843131,10.917945361006925,10.990687923094502,11.066323188129356,11.14496618908144,11.226736533408587,11.311758584966634,11.40016165315305,11.492080189571695,11.587653992517737,11.687028419593657,11.79035460877971,11.897789708294887,12.009497115597984,12.125646725892233,12.246415190511257,12.371986185579361,12.502550691354664,12.638307282679841,12.779462430982122,12.926230818281885,13.078835663687244,13.237509062871199,13.402492341047607,13.574036419982688,13.752402199600276,13.937860954761168,14.130694747819861,14.331196857586281,14.539672225344761,14.75643791860863,14.981823613315738,15.216172095198315,15.45983978108958,15.713197260960111
0.37250000000000005,9.14201526884134,9.144136071995113,9.146341210422055,9.14863403777804,9.151018041079816,9.153496846008224,9.156074222422308,9.158754090092707,9.16154052466302,9.16443776384826,9.167450213879784,9.170582456206507,9.173839254462616,9.177225561712346,9.180746527982869,9.184407508096731,9.188214069815755,9.192172002308805,9.196287324956275,9.20056629650471,9.205015424585467,9.209641475611894,9.214451485070112,9.219452768218993,9.224652931215653,9.23005988268338,9.235681845739567,9.241527370501947,9.247605347092186,9.253925019156563,9.260495997924336,9.267328276825152,9.27443224668777,9.28181871154315,9.289498905056025,9.297484507609875,9.305787664071334,9.314421002261025,9.323397652158926,9.332731265873495,9.34243603840487,9.352526729233809,9.36301868476912,9.373927861687786,9.385270851203256,9.397064904298812,9.40932795796441,9.422078662476874,9.435336409764968,9.449121362902464,9.46345448677406,9.478357579960823,9.493853307893623,9.50996523732499,9.526717872171837,9.54413669078356,9.562248184692184,9.581079898903518,9.600660473790581,9.621019688653034,9.642188507008852,9.664199123687137,9.687085013793702,9.710880983623879,9.735623223600014,9.761349363314142,9.788098528759583,9.815911401838466,9.84483028223573,9.874899151753688,9.90616374120499,9.938671599965742,9.972472168294555,10.00761685252752,10.044159103263441,10.082154496658298,10.121660818952488,10.162738154359483,10.205448976449514,10.249858243167267,10.296033495628107,10.344044960843071,10.393965658528838,10.44587151216513,10.499841464468414,10.555957597457517,10.614305257293736,10.67497318408529,10.738053646853505,10.80364258386595,10.87183974854998,10.942748861208484,11.016477766768611,11.093138598803336,11.172847950075242,11.255727049861894,11.341901948332435,11.431503708255734,11.524668604331643,11.621538330448438,11.722260215181578,11.826987445861544,11.935879301551365,12.049101395288167,12.166825925957118,12.28923194018071,12.416505604621607,12.548840489113262,12.686437861048665,12.82950699147498,12.978265473359603,13.13293955251147,13.293764471661007,13.460984828221877,13.634854946278626,13.815639263365922,14.003612732627632,14.199061240967282,14.402282043825881,14.61358421724835,14.83328912792601,15.061730921930097,15.299257032879598,15.546228710316202,15.803021569090093
0.375,9.142733543345619,9.144882909204904,9.147117746154906,9.149441453018214,9.151857563774385,9.154369752934594,9.156981841129998,9.159697800922352,9.16252176284567,9.16545802168814,9.168511043023873,9.171685470004363,9.17498613042004,9.17841804404262,9.181986430259453,9.185696716011439,9.189554544046622,9.193565781501997,9.197736528826576,9.202073129059306,9.206582177475923,9.211270531619446,9.216145321729535,9.221213961586582,9.226484159787063,9.231963931467245,9.237661610493111,9.243585862135054,9.249745696246583,9.25615048096711,9.262809956969656,9.269734252275143,9.276933897655793,9.284419842651088,9.292203472220619,9.30029662405918,9.30871160660043,9.31746121773649,9.326558764281993,9.336018082212124,9.345853557705517,9.356080149023907,9.36671340926193,9.377769510001588,9.389265265907389,9.401218160299571,9.413646371744315,9.42656880170136,9.440005103271098,9.453975711084873,9.468501872383927,9.483605679334278,9.49931010262669,9.515639026412805,9.532617284630618,9.550270698774513,9.568626117167323,9.58771145579414,9.607555740759986,9.628189152435912,9.649643071360696,9.671950125967912,9.69514424221101,9.71926069516184,9.744336162661135,9.770408781102525,9.797518203434946,9.825705659471648,9.85501401859754,9.885487854970222,9.917173515313905,9.950119189409294,9.984374983386648,10.019992995933503,10.057027397532945,10.095534512852941,10.135572906412042,10.177203471651717,10.220489523550832,10.265496894923036,10.312294036543602,10.360952121257911,10.41154515222995,10.464150075495429,10.518846896990675,10.575718804235278,10.634852292853521,10.696337298127029,10.760267331778616,10.826739624195417,10.895855272307518,10.967719393346957,11.04244128472095,11.120134590242392,11.200917472970454,11.284912794924056,11.372248303941532,11.463056827970567,11.557476477083911,11.655650853528,11.757729270123885,11.863866977352618,11.974225399470342,12.088972380012112,12.208282437057877,12.332337028648627,12.461324828756377,12.59544201422772,12.734892563137134,12.879888565003816,13.030650543343857,13.18740779104812,13.350398719095917,13.519871219134844,13.696083040477992,13.87930218209207,14.069807300172451,14.267888131924964,14.473845936199044,14.687993951642303,14.91065787307328,15.142176346796981,15.382901485616475,15.633199404323776,15.89345077648458
0.37750000000000006,9.143456622368818,9.145634741989083,9.147899476115096,9.15025426903829,9.152702702015166,9.155248498713854,9.157895530877255,9.160647824211358,9.16350956450775,9.16648510400957,9.169578968030628,9.172795861837727,9.176140677806684,9.179618502862914,9.183234626217896,9.186994547413294,9.190903984684962,9.194968883659559,9.199195426396992,9.203590040792449,9.208159410352318,9.212910484358856,9.21785048843908,9.222986935553937,9.228327637424481,9.233880716412438,9.239654617873203,9.245658123000094,9.25190036217937,9.258390828876333,9.26513939407364,9.272156321283788,9.279452282158577,9.287038372719334,9.294926130232556,9.303127550756638,9.311655107386393,9.320521769223097,9.329741021098908,9.339326884085688,9.349293936819384,9.359657337672418,9.370432847807825,9.38163685515018,9.393286399309774,9.405399197497976,9.41799367147316,9.431088975558216,9.444705025772226,9.458862530120639,9.473583020090011,9.488888883395205,9.504803398028862,9.521350767664929,9.53855615847011,9.556445737379201,9.57504671189255,9.594387371456152,9.61449713048734,9.635406573111482,9.657147499677775,9.679752975124824,9.703257379269617,9.72769645909637,9.753107383124744,9.779528797940177,9.807000886972258,9.83556543161057,9.865265874750957,9.89614738686884,9.92825693472009,9.961643352773955,9.996357417486648,10.0324519245286,10.069981769082789,10.109004029336294,10.149578053292048,10.191765549032793,10.235630678574553,10.281240155452302,10.32866334618629,10.377972375783298,10.429242237433277,10.482550906568164,10.537979459456404,10.595612196513406,10.655536770515576,10.717844319912807,10.782629607442196,10.849991164253762,10.92003143976734,10.992856957488486,11.068578477020397,11.147311162518161,11.229174757841474,11.314293768672218,11.40279765187379,11.494821012380099,11.590503807913676,11.689991561844156,11.793435584510766,11.90099320334547,12.012828002146568,12.12911006986664,12.250016259293215,12.375730456015402,12.506443858085527,12.642355266801113,12.783671389049271,12.930607151673302,13.083386028339659,13.242240379402174,13.407411805280532,13.579151513890313,13.75772070268339,13.943390955879698,14.136444657494499,14.33717542078921,14.545888534799005,14.762901428616278,14.988544154136012,15.223159887997344,15.46710545348474,15.720751863182404,15.984484883207454
0.38,9.144184505911086,9.146391570347799,9.14868640030279,9.151072485838442,9.153553455802346,9.15613308334622,9.158815291664308,9.161604159959968,9.164503929649527,9.167519010812837,9.170653988900355,9.173913631706926,9.177302896622905,9.180826938173611,9.184491115858611,9.18830100230274,9.192262391731251,9.196381308782005,9.20066401766808,9.205117031704749,9.209747123215307,9.21456133383083,9.219566985199512,9.224771690121875,9.230183364128786,9.23581023751991,9.241660867880865,9.24774415309817,9.254069344891738,9.260646062885515,9.26748430923767,9.274594483852574,9.281987400197718,9.289674301749608,9.297666879093688,9.305977287704241,9.314618166431373,9.323602656723153,9.332944422612163,9.34265767149686,9.352757175749348,9.363258295182435,9.374177000410128,9.385529897137133,9.39733425141425,9.409608015898149,9.422369857155372,9.4356391840522,9.449436177273455,9.463781820015235,9.478697929898187,9.494207192149902,9.510333194106884,9.52710046108859,9.544534493698057,9.562661806605922,9.581509968876746,9.601107645899058,9.621484642982807,9.64267195069061,9.664701791971703,9.687607671170278,9.711424424982777,9.736188275441611,9.761936885005928,9.788709413843186,9.81654657938866,9.845490718273489,9.875585850715419,9.906877747470217,9.939413999445524,9.973244090083075,10.008419470619351,10.04499363833912,10.083022217940867,10.122563046137913,10.1636762596238,10.206424386535815,10.25087244155567,10.297088024792016,10.345141424595164,10.395105724460345,10.447056914182111,10.501074005428892,10.55723915191348,10.615637774342181,10.676358690332632,10.739494249497874,10.805140473902053,10.873397204101403,10.944368250992511,11.018161553698809,11.094889343735392,11.174668315701782,11.25761980476214,11.343869971182905,11.43354999220839,11.52679626156612,11.623750596905282,11.724560455483719,11.829379158431419,11.938366123931559,12.05168710967363,12.169514464947294,12.292027392760462,12.419412222379952,12.55186269270933,12.689580246934819,12.832774338887285,12.981662751586175,13.136471928449945,13.297437317676442,13.464803730317138,13.638825712589677,13.819767932994887,14.00790558482711,14.203524804689872,14.406923107653427,14.618409839715996,14.838306648256838,15.066947971196573,15.304681545608851,15.55186893655683,15.808886086958767,16.07612388931911
0.38250000000000006,9.14491719397256,9.14715339428121,9.149478518718155,9.151896103418856,9.154409825136124,9.157023506831894,9.15974112349138,9.162566808168426,9.165504858271262,9.168559742098223,9.171736105633359,9.175038779612292,9.17847278686906,9.182043349975098,9.185755899182018,9.18961608068023,9.193629765185978,9.197803056869864,9.202142302640409,9.20665410179681,9.211345316065541,9.216223080036073,9.221294812011594,9.22656822529122,9.232051339900867,9.237752494790616,9.243680360517125,9.24984395243039,9.25625264438488,9.262916182995943,9.26984470246313,9.277048739982996,9.284539251774824,9.292327629743644,9.300425718805881,9.308845834903998,9.317600783737529,9.326703880238986,9.336168968824257,9.346010444448329,9.356243274498304,9.366883021557067,9.37794586707218,9.389448635966033,9.401408822224674,9.41384461550423,9.426774928795398,9.44021942718808,9.454198557779906,9.468733580774156,9.483846601814346,9.499560605604682,9.515899490867534,9.532888106691049,9.550552290322237,9.568918906462995,9.58801588812882,9.607872279132385,9.628518278256582,9.649985285184199,9.672305948254133,9.695514214116722,9.719645379363767,9.744736144211736,9.770824668319806,9.797950628827667,9.826155280701323,9.855481519478683,9.88597394651038,9.917678936795047,9.9506447095122,9.984921401360022,10.020561142809566,10.057618137391376,10.096148744135077,10.136211563287342,10.177867525438572,10.221179984193855,10.266214812529132,10.313040502979081,10.361728271809149,10.412352167330072,10.464989182519648,10.519719372123038,10.576625974409641,10.635795537771704,10.697318052357218,10.761287086937235,10.82779993121573,10.896957743798453,10.968865706045744,11.04363318204327,11.121373884933925,11.202206049863898,11.28625261380574,11.373641402532026,11.46450532502384,11.558982575609683,11.65721684414225,11.759357534532608,11.86555999197405,11.975985739201265,12.090802722143936,12.210185565348365,12.334315837555591,12.46338232783973,12.597581332726488,12.737116954728535,12.882201412751588,13.033055364843268,13.189908243775637,13.352998605971578,13.522574494305767,13.698893815331935,13.882224731510053,14.072846069030001,14.27104774185194,14.477131192608192,14.691409851037319,14.914209610647507,15.145869324334221,15.386741319705964,15.637191934901907,15.897602075716206,16.168367794876545
0.385,9.145654686553385,9.147920213789469,9.150275831361357,9.15272512177971,9.155271810016695,9.157919769171091,9.1606730263587,9.163535768836978,9.166512350373223,9.169607297866015,9.17282531822995,9.176171305554162,9.179650348545508,9.18326773826776,9.187028976188536,9.190939782546216,9.195006105049632,9.199234127923658,9.203630281314542,9.208201251069248,9.212953988903685,9.2178957229753,9.22303396887609,9.228376541062799,9.233931564741614,9.239707488225518,9.245713095783023,9.251957520997871,9.258450260659998,9.265201189208915,9.272220573751417,9.279519089676555,9.287107836891517,9.294998356703184,9.30320264937101,9.311733192357925,9.320602959307031,9.329825439772925,9.339414659737699,9.349385202942793,9.35975223306915,9.370531516799433,9.381739447797331,9.393393071640489,9.405510111744917,9.418108996320381,9.431208886397698,9.444829704970646,9.45899216729672,9.473717812402919,9.489029035844402,9.504949123765893,9.521502288317606,9.538713704479585,9.556609548350446,9.575217036958774,9.594564469657707,9.614681271165699,9.635598036318887,9.657346576603173,9.679959968536732,9.70347260397662,9.727920242425903,9.753340065420947,9.779770733081518,9.807252442909762,9.835826990927444,9.865537835244465,9.89643016215532,9.928550954864045,9.961949064942138,9.996675286628173,10.0327824340821,10.070325421711681,10.109361347693302,10.149949580814114,10.19215185076761,10.236032342039955,10.28165779152984,10.329097590050337,10.378423887867095,10.429711704433405,10.483039042488963,10.5384870066959,10.596139926992459,10.656085486851891,10.71841485664165,10.78322283228566,10.85060797944048,10.920672783404699,10.993523804989398,11.069271842586806,11.148032100683533,11.229924365074647,11.315073185045001,11.403608062794875,11.495663650397946,11.591379954591067,11.690902549707275,11.79438279907583,11.90197808522588,12.013852049243892,12.130174839648738,12.25112337116287,12.376881593773211,12.507640772490717,12.643599778234123,12.784965390280272,12.931952610740801,13.084784991543499,13.243694974415632,13.408924244386109,13.580724097344193,13.759355822213731,13.945091098323969,14.138212408581474,14.339013469071366,14.547799675741274,14.764888568847368,14.990610315868818,15.22530821362512,15.469339210359987,15.723074448585898,15.986899829514773,16.261216599933444
0.38750000000000007,9.146396983653707,9.148692028872738,9.151078338232569,9.153559540921187,9.156139410444252,9.158821870364022,9.161611000266499,9.164511041965872,9.167526405955675,9.170661678116502,9.17392162669044,9.177311209532864,9.180835581652612,9.184500103051995,9.18831034687858,9.192272107901152,9.1963914113227,9.200674521943919,9.205127953691052,9.209758479522677,9.214573141730401,9.219579262649223,9.224784455793774,9.230196637437443,9.235824038651923,9.241675217825582,9.247759073679598,9.254084858801734,9.260662193718304,9.267501081525728,9.274611923103931,9.282005532934763,9.289693155549418,9.297686482629974,9.305997670790955,9.31463936006805,9.32362469314206,9.332967335327323,9.342681495355016,9.352781946982967,9.363284051464808,9.374203780912671,9.385557742588958,9.397363204164119,9.409638119978867,9.422401158350773,9.435671729966762,9.449470017404714,9.463817005829062,9.47873451490706,9.494245231994297,9.510372746639897,9.527141586463921,9.544577254461508,9.562706267790514,9.581556198101636,9.601155713472373,9.621534622008584,9.64272391717998,9.66475582495849,9.687663852831212,9.711482840762471,9.736249014182523,9.762000039083473,9.788775079306241,9.81661485610564,9.84556171008424,9.875659665589161,9.90695449766974,9.939493801697942,9.97332706575736,10.00850574591092,10.04508334446177,10.083115491326348,10.122660028643422,10.163777098747746,10.206529235642142,10.250981460107118,10.297201378592653,10.34525928604256,10.395228272807772,10.447184335811182,10.50120649413302,10.557376909192637,10.615781009709353,10.676507621632474,10.73964910323803,10.805301485597662,10.873564618633289,10.944542322979617,11.018342547885464,11.09507753539396,11.174863991051302,11.257823261403656,11.344081518552079,11.433769952046111,11.527024968407842,11.623988398589805,11.72480771368221,11.829636249197483,11.938633438273136,12.051965054147674,12.16980346227811,12.29232788248257,12.41972466150657,12.55218755642744,12.689918029327806,12.833125553686376,12.982027932951762,13.136851631783902,13.297832120466827,13.465214233016443,13.639252539527973,13.820211733329362,14.008367033529279,14.204004603572074,14.407421986436166,14.61892855713769,14.838845993227688,15.067508763998365,15.305264639142424,15.55247521763914,15.809516477671595,16.07677934841133,16.354670304540242
0.39,9.14714408527367,9.149468839531167,9.151886039331956,9.154399360843469,9.157012626418998,9.1597298104109,9.162555045215004,9.165492627555354,9.168547025018889,9.171722882849975,9.175025031015142,9.178458491548744,9.182028486190736,9.18574044432819,9.189600011252583,9.193613056745493,9.197785684005678,9.202124238931177,9.206635319770514,9.211325787157715,9.216202774546357,9.221273699058562,9.226546272765423,9.232028514415987,9.237728761632697,9.24365568359178,9.249818294207895,9.256225965843107,9.262888443561012,9.269815859947693,9.277018750522085,9.284508069759134,9.292295207750165,9.300392007525776,9.308810783067612,9.317564338036409,9.326665985244809,9.336129566904534,9.345969475678741,9.356200676571579,9.366838729688205,9.377899813899928,9.38940075145044,9.40135903354056,9.41379284693043,9.426721101599602,9.440163459507085,9.454140364495114,9.468673073382114,9.48378368829214,9.49949519026999,9.515831474233085,9.532817385313326,9.55047875664415,9.568842448650287,9.587936389899982,9.607789619581808,9.628432331670659,9.649895920850135,9.672213030261139,9.695417601149305,9.719544924486804,9.74463169464699,9.770716065213575,9.797837707009172,9.826037868431493,9.855359438188959,9.885847010531126,9.917546953073158,9.950507477317487,9.984778711979907,10.020412779231654,10.057463873973393,10.095988346261686,10.136044787013304,10.177694117117731,10.220999680093358,10.266027338428305,10.312845573752371,10.36152559099246,10.41214142666987,10.464770061504133,10.519491537494666,10.576389079658265,10.635549222607573,10.697061942162994,10.76102079219823,10.827523046927508,10.896669848850836,10.968566362582347,11.04332193479557,11.121050260528847,11.201869556103846,11.285902738920038,11.373277614398562,11.464127070359766,11.558589279129947,11.656807907684659,11.75893233614808,11.865117884980748,11.975526051201047,12.090324753999745,12.209688590120965,12.333799099397961,12.46284504084756,12.597022679742961,12.736536086101534,12.88159744504152,13.032427379479541,13.189255285659623,13.352319682024124,13.521868571956883,13.698159820950439,13.881461548770808,14.07205253721619,14.27022265408982,14.476273294031719,14.690517836879726,14.913282124257005,15.144904955110839,15.385738600956309,15.63614934160859,15.896518022218668,16.167240632459567,16.44872890874418
0.39250000000000007,9.14789599141342,9.150250645764919,9.15269893465969,9.155244581546741,9.157891457941128,9.160643589311944,9.163505161204451,9.166480525605678,9.16957420756313,9.172790912066722,9.176135531204368,9.179613151602137,9.18322906216025,9.186988762096743,9.190897969310969,9.194962629079704,9.199188923099062,9.203583278885967,9.208152379553503,9.212903173974986,9.217842887352223,9.222979032204044,9.228319419791815,9.233872171999275,9.239645733684844,9.245648885525087,9.251890757368967,9.258380842123124,9.265129010189339,9.272145524476127,9.279441056007292,9.287026700151197,9.294913993495397,9.303114931392358,9.311641986202883,9.32050812626505,9.329726835617478,9.339312134506926,9.349278600711424,9.359641391711365,9.370416267742286,9.381619615764372,9.393268474385179,9.405380559773464,9.41797429260353,9.431068826071082,9.44468407502319,9.458840746246695,9.473560369961078,9.488865332563737,9.50477891067746,9.521325306551867,9.53852968487269,9.556418211034867,9.575018090937643,9.594357612362245,9.61446618799503,9.635374400161565,9.657114047339663,9.679718192522127,9.703221213502774,9.727658855162176,9.753068283832707,9.779488143825537,9.806958616205536,9.83552147990354,9.865220175258866,9.896099870088733,9.928207528385116,9.961591981743442,9.996304003631831,10.03239638661378,10.069924022641791,10.108943986543999,10.149515622830803,10.191700635953547,10.235563184152424,10.281169977036438,10.328590377043742,10.377896504936684,10.429163349491992,10.48246888155289,10.537894172616621,10.59552351813766,10.6554445657342,10.717748448492795,10.782529923573914,10.849887516329204,10.919923670149522,10.99274490227171,11.068461965780966,11.147190018055174,11.229048795907325,11.314162797692388,11.402661472655469,11.494679417809234,11.590356582639995,11.689838481953624,11.79327641718506,11.900827706507892,12.012655924093847,12.12893114888618,12.249830223265038,12.375537021998282,12.506242731886713,12.642146142528901,12.78345394864776,12.930381064438729,13.083150950417442,13.24199595326395,13.407157659180454,13.578887261299663,13.75744594170275,13.943105268627765,14.136147609472527,14.336866560220237,14.54556739194082,14.76256751504699,14.988196962011289,15.222798889278094,15.466730099134036,15.720361582330538,15.984079082283786,16.258283681710143,16.543392412589423
0.395,9.148652702073107,9.151037447574149,9.153517024215944,9.156095203031189,9.158775905010843,9.161563207067363,9.164461348235072,9.167474736117095,9.170607953588673,9.173865765767037,9.177253127258437,9.180775189693383,9.184437309561517,9.18824505635805,9.192204221054162,9.196320824904243,9.200601128603349,9.20505164180883,9.209679133040602,9.214490639975114,9.219493480148673,9.224695262086394,9.230103896873732,9.235727610188151,9.24157495480927,9.247654823626485,9.253976463163873,9.260549487642924,9.267383893604517,9.27449007511235,9.281878839560978,9.289561424112481,9.297549512786766,9.305855254231494,9.314491280198679,9.32347072475603,9.332807244262282,9.342515038136881,9.352608870455619,9.363104092405079,9.37401666563001,9.38536318650918,9.39716091139659,9.4094277828665,9.422182457002101,9.435444331769434,9.449233576519616,9.463571162664326,9.478478895571177,9.493979447727455,9.510096393222714,9.526854243602676,9.544278485148904,9.562395617641041,9.581233194660484,9.600819865496875,9.621185418721083,9.642360827490975,9.664378296658896,9.687271311752502,9.711074689903405,9.735824632801164,9.761558781753093,9.788316274933667,9.816137806910586,9.845065690538027,9.875143921311247,9.906418244280372,9.938936223625157,9.97274731499658,10.007902940735185,10.044456568080703,10.082463790491781,10.121982412199579,10.16307253612376,10.20579665528464,10.250219747850466,10.296409375964393,10.344435788501453,10.394372027911798,10.446294041312651,10.500280795997982,10.556414399541481,10.614780224675545,10.675467039136146,10.73856714067102,10.804176497416504,10.8723948938565,10.943326082585447,11.017077942106178,11.093762640902527,11.173496808036214,11.256401710527419,11.342603437788782,11.432233093393227,11.525426994467276,11.622326879013007,11.72308012147392,11.827839956872491,11.93676571386026,12.050023057034773,12.167784238891956,12.290228361796903,12.417541650371506,12.549917734713214,12.687557944875417,12.830671617057382,12.979476411969374,13.134198645857023,13.295073634688315,13.462346052026794,13.636270301134946,13.817110901873896,14.00514289298765,14.200652250383737,14.40393632204639,14.6153042802437,14.835077591716454,15.063590506563775,15.301190566569181,15.54823913374001,15.805111939864261,16.07219965792062,16.349908496210674,16.638660816117085
0.3975000000000001,9.149414217252877,9.151829244959021,9.15434030800089,9.156951225296998,9.159665967628348,9.162488663677381,9.1654236063071,9.168475259089856,9.171648263095793,9.174947443951218,9.178377819177667,9.18194460582283,9.185653228394909,9.189509327112509,9.193518766482597,9.19768764421958,9.202022300519044,9.206529327700304,9.211215580232393,9.216088185158732,9.221154552936387,9.226422388706345,9.231899704011967,9.237594828983465,9.243516425006895,9.249673497896962,9.256075411593677,9.262731902403655,9.26965309380778,9.276849511857693,9.284332101184573,9.292112241644531,9.30020176562593,9.308612976044971,9.317358665056922,9.326452133511415,9.335907211181443,9.345738277796787,9.355960284913902,9.366588778655485,9.37763992335435,9.38913052613754,9.4010780624881,9.413500702823347,9.426417340130103,9.43984761869891,9.453811964000915,9.468331613752897,9.483428650217656,9.499126033788908,9.515447637911777,9.53241828539197,9.550063786148884,9.568410976470073,9.587487759826734,9.607323149312357,9.627947311769036,9.649391613668579,9.671688668818197,9.694872387963322,9.718978030363012,9.744042257416378,9.770103188421594,9.797200458552302,9.825375279139589,9.854670500351212,9.885130676363415,9.916802133124452,9.949733038812862,9.983973477097692,10.019575523312044,10.05659332365583,10.095083177548176,10.135103623254711,10.176715526919992,10.219982175140435,10.264969371218578,10.311745535244993,10.360381808160135,10.410952159954297,10.463533502170277,10.518205804879821,10.575052218311711,10.634159199316494,10.695616642860145,10.75951801874661,10.825960513777188,10.895045179562867,10.96687708621441,11.041565482143897,11.119223960220753,11.199970630534827,11.283928300029334,11.371224659276756,11.461992476681688,11.556369800406001,11.654500168323304,11.756532826322005,11.862622955288865,11.97293190711828,12.087627450106062,12.206884024100983,12.330883005801962,12.45981298460436,12.5938700494149,12.733258086871238,12.878189091419767,13.028883487723194,13.185570465888102,13.348488330022303,13.51788486065217,13.69401769155086,13.877154701550719,14.06757442193565,14.265566460032943,14.471431939648909,14.685483959018088,14.908048066962479,15.139462757985035,15.38007998705041,15.630265704835814,15.89040041426617,16.160879749179966,16.44211507600586,16.73453411936532
0.4,9.150180536952881,9.152626037919692,9.155168786014702,9.157812648344358,9.16056164579384,9.163419959142212,9.166391935420771,9.169482094524218,9.172695136084762,9.176035946619558,9.179509606962377,9.18312139999082,9.186876818660801,9.190781574360527,9.194841605596709,9.199063087026177,9.203452438846648,9.208016336560938,9.212761721129462,9.21769580952647,9.222826105716049,9.22816041206463,9.233706841207312,9.239473828386071,9.245470144278636,9.251704908337512,9.258187602659447,9.264928086406465,9.271936610800365,9.279223834713488,9.286800840879517,9.294679152748895,9.302870752014554,9.311388096834582,9.32024414077954,9.329452352533282,9.339026736377193,9.34898185348905,9.359332844088854,9.370095450465357,9.381286040918283,9.392921634652664,9.405019927663156,9.417599319647708,9.430678941991502,9.444278686863766,9.458419237471663,9.473122099517312,9.488409633905771,9.504305090753743,9.520832644750692,9.538017431926223,9.555885587879567,9.574464287529393,9.593781786444342,9.613867463817188,9.63475186714798,9.656466758704102,9.679045163827949,9.702521421165681,9.726931234893437,9.75231172902045,9.778701503851678,9.806140694695799,9.834671032907846,9.864335909359381,9.895180440432696,9.927251536639401,9.960597973967804,9.995270468067572,10.031321751384475,10.068806653362573,10.107782183835784,10.148307619735668,10.190444595247298,10.234257195550326,10.279812054287811,10.32717845491102,10.37642843605435,10.427636901100595,10.480881732103194,10.53624390823871,10.593807628969648,10.653660442104924,10.715893376952742,10.780601082768296,10.847881972706922,10.917838373501521,10.990576681091895,11.066207522442655,11.144845923795744,11.22661148561343,11.311628564477799,11.400026462223323,11.491939622590113,11.587507835696872,11.686876450644492,11.790196596573546,11.897625412511822,12.009326286361457,12.125469103388948,12.246230504596072,12.371794155364453,12.50235102478231,12.638099676078255,12.779246568603645,12.926006371822744,13.07860229178829,13.237266410598764,13.40224003935368,13.57377408514369,13.752129432633495,13.937577340817946,14.130399855554728,14.330890238500944,14.539353413106024,14.756106428339212,14.981478940856869,15.215813716342991,15.459467150785379,15.712809812480282,15.97622700558987,16.25011935610974,16.53490342113751,16.8310123223694
