,7.943282347242822e-05,8.340884765952238e-05,8.758389244849442e-05,9.196791985117064e-05,9.657139052966059e-05,0.00010140528875638693,0.00010648114862349354,0.00011181108156416919,0.00011740780525155777,0.0001232846739442067,0.00012945571035046413,0.00013593563908785269,0.0001427399218172586,0.00014988479413576995,0.00015738730431619045,0.00016526535398566914,0.00017353774084050337,0.00018222420349904157,0.00019134546859970422,0.00020092330025650479,0.0002109805519900774,0.0002215412212581185,0.00023263050671536287,0.00024427486833971437,0.00025650209056800457,0.00026934134859202036,0.0002828232779729916,0.0002969800477406453,0.00031184543715124613,0.00032745491628777317,0.0003438457306945527,0.00036105699024829526,0.0003791297624775858,0.00039810717055349773,0.0004180344961851458,0.00043895928766569486,0.0004609314733266293,0.0004840034806709952,0.0005082303614698827,0.0005336699231206312,0.0005603828665801928,0.0005884329312027773,0.0006178870468273719,0.0006488154934780258,0.0006812920690579615,0.00071539426543765,0.000751203453356997,0.0007888050765828518,0.0008282888557850936,0.0008697490026177834,0.000913284444516178,0.000958999060745999,0.001007001930268195,0.0010574075920106172,0.001110336318167639,0.0011659144011798323,0.0012242744550784754,0.0012855557319139033,0.0013499044540227355,0.0014174741629268063,0.0014884260856962918,0.001562929519651205,0.0016411622363191895,0.0017233109056135083,0.001809571541243322,0.0019001499684190614,0.0019952623149688807,0.0020951355270380357,0.0022000079106016773,0.0023101297000831605,0.002425763655434669,0.0025471856891047927,0.002674685524389084,0.002808567386734475,0.0029491507296470682,0.0030967709969353546,0.0032517804231076506,0.003414548873833601,0.0035854647284751014,0.0037649358067924714,0.0039533903420370786,0.0041512780027522945,0.004359070965720862,0.004577265042618834,0.004806380863064394,0.005046965116884396,0.005299591858562768,0.005564863876983295,0.005843414133735175,0.006135907273413176,0.006443041209516127,0.006765548789727877,0.00710419954455419,0.007459801523487941,0.007833203223083885,0.008225295611543627,0.008637014254641438,0.009069341548063794,0.009523309061488976,0.01
0.09,9.091796127681938,9.09195196554233,9.092115603895067,9.092287433195223,9.09246786344218,9.092657325157912,9.092856270414257,9.093065173911592,9.09328453411151,9.093514874426198,9.09375674446734,9.094010721357538,9.094277411107376,9.094557450061417,9.094851506416578,9.095160281816499,9.09548451302573,9.095824973687721,9.096182476170794,9.09655787350653,9.09695206142518,9.097365980492947,9.09780061835627,9.098257012098435,9.098736250714134,9.099239477707926,9.099767893822717,9.10032275990486,9.100905399912625,9.101517204075307,9.10215963221042,9.102834217206956,9.103542568683004,9.104286376826433,9.105067416427847,9.105887551115387,9.106748737801514,9.107653031352399,9.108602589491008,9.109599677945631,9.110646675856124,9.11174608145075,9.112900518007196,9.11411274011195,9.115385640233015,9.116722255621596,9.118125775559287,9.119599548967992,9.12114709240078,9.122772098432714,9.124478444471707,9.126270202010385,9.12815164634108,9.13012726675709,9.132201777264592,9.134380127830733,9.136667516194754,9.139069400270317,9.141591511168668,9.144239866873644,9.147020786601228,9.14994090587786,9.153007192373511,9.156226962527292,9.159607899005282,9.163158069032205,9.166885943640725,9.170800417884283,9.174910832061707,9.179226994004232,9.183759202478123,9.188518271758756,9.19351555743475,9.198762983503784,9.204273070824701,9.210058966993847,9.216134477716865,9.222514099750887,9.229213055495661,9.236247329316193,9.24363370568358,9.251389809225017,9.259534146778591,9.268086151553177,9.277066229498821,9.286495807998302,9.296397386995991,9.306794592686087,9.317712233888294,9.329176361245505,9.341214329384716,9.353854862189545,9.367128121340096,9.381065778283714,9.395701089808401,9.411068977399214,9.42720611056702,9.44415099434848,9.461944061186005,9.480627767407015
0.09313131313131313,9.092016536034903,9.092183406475352,9.092358629645965,9.092542623644189,9.092735827495417,9.09293870220054,9.093151731835937,9.093375424708524,9.093610314568615,9.0938569618835,9.094115955174766,9.094387912422567,9.094673482540166,9.094973346922313,9.095288221071101,9.095618856303222,9.095966041542678,9.096330605203212,9.096713417164988,9.097115390850194,9.097537485402547,9.097980707975907,9.098446116137413,9.098934820390957,9.099447986826922,9.099986839904595,9.10055266537383,9.101146813342956,9.101770701500266,9.10242581849674,9.103113727498114,9.103836069914715,9.104594569318031,9.105391035553303,9.106227369057981,9.107105565396344,9.10802772002109,9.108996033273293,9.110012815632617,9.111080493230322,9.11220161363826,9.113378851947603,9.114615017151868,9.115913058849447,9.117276074281614,9.118707315722858,9.120210198241105,9.121788307846408,9.123445410047513,9.12518545883673,9.127012606124548,9.128931211646504,9.130945853365946,9.133061338397507,9.135282714477379,9.13761528200771,9.140064606703916,9.142636532875052,9.145337197368939,9.148173044215332,9.151150840002058,9.15427769002082,9.157561055221185,9.161008770013234,9.164629060961323,9.168430566413583,9.172422357113994,9.176613957846216,9.181015370160818,9.185637096240148,9.190490163957783,9.195586153192352,9.200937223458528,9.206556142921134,9.212456318861566,9.218651829669268,9.225157458434564,9.231988728223044,9.239161939115636,9.246694207102802,9.254603504925601,9.262908704961147,9.27162962425475,9.280787071806218,9.29040289822315,9.300500047859714,9.311102613565327,9.322235894173861,9.333926454870614,9.346202190581028,9.359092392532482,9.372627818147949,9.386840764438348,9.40176514506869,9.417436571281934,9.433892436873679,9.451172007420451,9.469316513974515,9.488369251448797,9.508375681926701
0.09626262626262626,9.09224448179503,9.092422762101853,9.092609966261804,9.092806540959995,9.093012955240448,9.093229701625274,9.093457297289872,9.093696285296952,9.093947235892337,9.094210747865612,9.09448744997889,9.094778002467098,9.095083098613348,9.095403466403173,9.095739870261571,9.096093112876982,9.096464037116572,9.096853528037396,9.097262514998217,9.097691973877037,9.098142929399636,9.098616457584644,9.099113688311029,9.099635808014089,9.100184062516382,9.10075976000038,9.101364274129903,9.10199904732781,9.102665594217743,9.10336550523816,9.104100450437267,9.104872183457898,9.10568254572187,9.106533470823784,9.107426989144757,9.108365232697105,9.109350440211507,9.11038496247884,9.111471267959365,9.11261194867273,9.113809726382748,9.11506745909179,9.116388147860256,9.117774943967383,9.119231156430498,9.120760259900656,9.12236590295349,9.124051916795072,9.125822324403535,9.12768135012831,9.129633429769829,9.131683221163794,9.13383561529524,9.13609574796892,9.138469012063862,9.140961070401323,9.14357786925688,9.14632565254886,9.149210976736986,9.15224072646679,9.155422130997113,9.15876278144991,9.162270648923489,9.16595410351244,9.169821934279616,9.173883370227836,9.178148102321332,9.182626306609526,9.187328668508266,9.1922664082965,9.197451307889219,9.202895738950525,9.208612692413968,9.214615809480525,9.220919414168245,9.227538547491202,9.234489003349319,9.241787366214705,9.24945105070445,9.257498343134277,9.265948445152238,9.274821519556564,9.28413873840699,9.293922333544387,9.304195649639242,9.314983199895563,9.32631072454315,9.338205252257824,9.350695164656129,9.363810264018484,9.377581844402332,9.392042766315006,9.40722753512452,9.423172383395372,9.43991535734585,9.457496407633162,9.475957484683011,9.495342638791138,9.51569812523567,9.53707251465111
0.0993939393939394,9.092479964962388,9.092670032421914,9.09286961374267,9.093079185142734,9.093299246677379,9.093530323432233,9.093772966776191,9.094027755677022,9.094295298082836,9.094576232372708,9.094871228879901,9.09518099149134,9.09550625932715,9.095847808504258,9.096206453988277,9.096583051538088,9.096978499747756,9.09739374219065,9.097829769670897,9.098287622587524,9.098768393416947,9.099273229319715,9.099803334877734,9.100359974968512,9.100944477783267,9.101558237996105,9.102202720091851,9.102879461860427,9.103590078066167,9.10433626430079,9.105119801029227,9.105942557837988,9.106806497896152,9.107713682639673,9.10866627669016,9.10966655301986,9.11071689837518,9.111819818971691,9.112977946474183,9.11419404427608,9.115471014093137,9.116811902887227,9.118219910136677,9.119698395470518,9.121250886684905,9.12288108816076,9.1245928897028,9.126390375820986,9.128277835476561,9.13025977231595,9.132340915416908,9.134526230572563,9.136820932140319,9.139230495483833,9.141760670037812,9.144417493026738,9.147207303870346,9.150136759310133,9.153212849293055,9.1564429136503,9.15983465961092,9.163396180192125,9.16713597351013,9.171062963057603,9.17518651899614,9.179516480514549,9.18406317930629,9.18883746422212,9.193850727156738,9.19911493023123,9.204642634336142,9.21044702910333,9.216541964378075,9.222941983266594,9.229662356837748,9.236719120561848,9.244129112573399,9.251910013849187,9.260080390397517,9.268659737559299,9.277668526526703,9.287128253190389,9.297061489431842,9.307491936983272,9.318444483983528,9.329945264365064,9.342021720213591,9.354702667249306,9.368018363585877,9.382000581931333,9.39668268540309,9.412099707138092,9.428288433887994,9.445287493798888,9.463137448585062,9.48188089031671,9.501562543052584,9.522229369560133,9.543930683377738,9.566718266486532
0.10252525252525252,9.092722985537057,9.092925217435619,9.093137572088652,9.09336055619251,9.093594701806321,9.093840567621541,9.094098740295031,9.094369835848877,9.094654501140273,9.094953415404968,9.095267291877997,9.095596879495513,9.095942964681814,9.096306373225827,9.096687972251505,9.097088672286866,9.097509429436588,9.097951247663369,9.098415181183462,9.098902336982128,9.09941387745501,9.099951023181703,9.100515055838168,9.101107321254931,9.10172923262835,9.102382273892626,9.103068003260612,9.103788056941843,9.104544153046682,9.105338095685886,9.106171779275382,9.107047193056516,9.107966425842564,9.10893167100283,9.109945231696237,9.111009526366864,9.112127094514596,9.113300602754592,9.114532851180094,9.1158267800437,9.117185476773098,9.118612183337959,9.120110303985578,9.121683413363757,9.12333526505024,9.125069800509127,9.126891158495598,9.128803684931377,9.13081194327455,9.132920725408422,9.135135063075445,9.137460239883449,9.139901803912894,9.142465580955145,9.145157688413429,9.147984549899594,9.150952910561532,9.154069853177822,9.157342815058009,9.16077960578883,9.164388425868756,9.168177886275286,9.172157029011721,9.176335348682409,9.180722815147954,9.185329897314489,9.190167588113708,9.195247430733314,9.200581546160473,9.206182662103974,9.212064143364117,9.21824002372283,9.22472503943006,9.23153466436638,9.23868514696571,9.246193548986255,9.254077786222187,9.262356671253196,9.271049958333945,9.280178390530553,9.28976374921655,9.29982890604645,9.310397877530947,9.321495882343982,9.33314940149841,9.345386241533879,9.358235600867717,9.371728139467118,9.38589605200894,9.400773144701663,9.41639491595283,9.432798641074482,9.450023461228719,9.46811047682562,9.487102845596436,9.50704588557604,9.527987183240443,9.549976707057374,9.573066926720914,9.597312938354724
0.10565656565656566,9.092973543519111,9.09318831714305,9.09341384129985,9.093650654109423,9.093899320627386,9.094160434193318,9.094434617846526,9.094722525812674,9.095024845064815,9.095342296962576,9.095675638973383,9.096025666479841,9.096393214677592,9.096779160568161,9.097184425051562,9.097609975123644,9.098056826183432,9.098526044455955,9.099018749536356,9.099536117061342,9.100079381514364,9.1006498391712,9.101248851192986,9.10187784687407,9.10253832705243,9.103231867690823,9.10396012363716,9.104724832573128,9.105527819160462,9.106370999394748,9.107256385177163,9.108186089115062,9.109162329562848,9.110187435915178,9.1112638541651,9.112394152740448,9.113581028632318,9.114827313830371,9.116135982080207,9.117510155979025,9.118953114426414,9.120468300448147,9.122059329411558,9.123729997652157,9.125484291532077,9.127326396951895,9.129260709338642,9.131291844133694,9.133424647805706,9.13566420941476,9.138015872755387,9.14048524910741,9.143078230625033,9.145801004396143,9.148660067205348,9.151662241035996,9.154814689348166,9.158124934171447,9.161600874053331,9.165250802906026,9.169083429796643,9.173107899728029,9.177333815459773,9.181771260421518,9.186430822773188,9.1913236206696,9.196461328789713,9.201856206193835,9.207521125575242,9.213469603976039,9.219715835040535,9.226274722883097,9.233161917651309,9.240393852869301,9.247987784650348,9.255961832872298,9.264335024414128,9.273127338556751,9.282359754656444,9.292054302204642,9.302234113393583,9.312923478313179,9.324147902910916,9.335934169853006,9.348310402432086,9.36130613167393,9.374952366803333,9.389281669237308,9.404328230282161,9.420127952719884,9.436718536478514,9.45413956859093,9.472432617656738,9.491641333032666,9.51181154898818,9.532991394074847,9.555231405970458,9.578584652071946,9.603106856124894,9.62885653119177
0.1087878787878788,9.093231638908627,9.093459331544297,9.093698421376352,9.093949478893581,9.094213103140692,9.094489923147696,9.094780599430822,9.095085825568567,9.095406329856637,9.095742877045726,9.096096270166269,9.096467352444556,9.096857009314736,9.097266170531537,9.097695812388755,9.09814696004877,9.098620689988667,9.099118132568824,9.09964047473004,9.100188962825671,9.100764905595568,9.101369677288824,9.102004720942867,9.102671551826672,9.103371761056332,9.104107019391604,9.104879081222492,9.105689788755386,9.10654107640873,9.107434975428719,9.108373618736048,9.10935924601525,9.110394209058796,9.111480977378685,9.112622144098932,9.11382043214301,9.115078700730995,9.11639995220194,9.11778733917774,9.119244172085589,9.12077392705698,9.12238025422209,9.12406698641934,9.12583814834093,9.12769796613615,9.129650877495386,9.131701542238897,9.133854853435608,9.136115949078476,9.138490224344265,9.140983344466983,9.143601258255726,9.146350212289159,9.149236765820502,9.152267806428622,9.155450566452522,9.158792640248496,9.162302002311087,9.165987026301124,9.169856505026209,9.173919671421347,9.178186220579796,9.182666332886678,9.18737069831057,9.192310541911038,9.197497650622983,9.202944401381707,9.208663790655793,9.21466946545833,9.220975755910398,9.2275977094346,9.234551126660161,9.241852599125352,9.24951954886711,9.257570269992424,9.266023972330608,9.274900827270669,9.284222015893148,9.294009779511267,9.304287472742004,9.315079619233751,9.326411970183493,9.338311565783208,9.350806799742061,9.363927487038398,9.377704935063194,9.392172018324759,9.407363256892907,9.42331489876986,9.440065006384392,9.457653547415626,9.476122490163254,9.495515903691704,9.51588006298729,9.537263559379232,9.5597174164881,9.583295211978307,9.608053205405248,9.634050472462144,9.661349045946926
0.11191919191919192,9.09349727170569,9.093738260639446,9.093991312318265,9.094257030545094,9.094536049346361,9.09482903448481,9.095136685048065,9.095459735116718,9.095798955515917,9.09615515565461,9.096529185456873,9.096921937389897,9.097334348593508,9.097767403116245,9.098222134263406,9.09869962706259,9.099201020852682,9.099727512002408,9.100280356764982,9.100860874275636,9.101470449699194,9.102110537535207,9.102782665088508,9.10348843611351,9.104229534640904,9.105007728995902,9.105824876017643,9.106682925489752,9.107583924792731,9.108530023789175,9.109523479953554,9.110566663758757,9.111662064332252,9.112812295395388,9.114020101499968,9.115288364577019,9.116620110813342,9.118018517872295,9.11948692247599,9.121028828367034,9.122647914668809,9.124348044664202,9.126133275013794,9.128007865435437,9.129976288868372,9.132043242146104,9.134213657203524,9.136492712845005,9.138885847101548,9.141398770206505,9.144037478220763,9.146808267339997,9.149717748918038,9.152772865242282,9.15598090609873,9.159349526166208,9.162886763281273,9.166601057617383,9.170501271824099,9.174596712174369,9.178897150770359,9.183412848860838,9.188154581325708,9.193133662386156,9.198361972601747,9.203851987218895,9.209616805938337,9.215670184172673,9.222026565868523,9.22870111797165,9.235709766617283,9.243069235132,9.250797083937833,9.258911752453853,9.267432603095198,9.27637996747453,9.285775194916202,9.295640703398869,9.306000033048129,9.316877902306823,9.328300266917061,9.340294381854687,9.352888866364006,9.36611377224795,9.38000065557665,9.394582651985528,9.409894555742607,9.425972902773685,9.442856057843557,9.460584306101246,9.479199949207795,9.498747406275905,9.519273319862405,9.540826667266382,9.56345887739864,9.587223953501342,9.612178602010678,9.638382367870083,9.665897776616887,9.694790483581471
0.11505050505050506,9.093770441910385,9.094025104428596,9.094292514125685,9.094573309064073,9.094868159244516,9.095177768204794,9.095502874698402,9.095844254457296,9.09620272204284,9.096579132789435,9.096974384845415,9.097389421316112,9.097825232514182,9.098282858322587,9.098763390675844,9.099267976165475,9.099797818775878,9.100354182757146,9.100938395641673,9.101551851411772,9.102196013825836,9.102872419911,9.103582683630629,9.104328499735376,9.105111647807016,9.105933996504682,9.106797508023666,9.107704242777393,9.108656364313754,9.109656144477535,9.110705968831248,9.111808342347304,9.112965895385116,9.114181389967378,9.115457726370515,9.116797950045013,9.11820525888216,9.11968301084452,9.121234731978355,9.1228641248271,9.124575077266016,9.126371671779024,9.12825819519992,9.130239148941184,9.132319259734805,9.134503490910731,9.13679705423989,9.139205422369992,9.14173434188385,9.144389847011311,9.147178274027556,9.15010627637214,9.153180840524794,9.156409302675929,9.15979936623157,9.163359120194551,9.167097058465755,9.171022100111527,9.175143610645575,9.17947142437616,9.184015867871905,9.1887877846022,9.19379856081101,9.199060152685826,9.204585114886603,9.210386630502722,9.216478542509503,9.222875386799313,9.229592426866079,9.236645690226,9.244052006661322,9.251829048378497,9.259995372176478,9.268570463725844,9.277574784064385,9.28702981842008,9.29695812747801,9.30738340121353,9.318330515420131,9.329825591066943,9.341896056627473,9.35457071352832,9.367879804874082,9.381855087612411,9.396529908311448,9.411939282730462,9.42811997937356,9.445110607225892,9.462951707881663,9.481685852283846,9.50135774230642,9.522014317421553,9.543704866706278,9.566481146455912,9.590397503684935,9.615511005809985,9.641881576824476,9.669572140289764,9.69864876948409,9.729180845067592
0.11818181818181818,9.094051149522796,9.094319862911837,9.09460202679872,9.094898314450633,9.095209432835285,9.09553612430779,9.095879168381995,9.096239383590468,9.096617629437592,9.097014808450407,9.097431868332128,9.097869804223452,9.098329661077036,9.09881253615087,9.099319581626409,9.099852007357793,9.100411083758665,9.100998144833492,9.101614591360612,9.102261894234632,9.102941597976098,9.103655324416874,9.104404776569968,9.105191742693084,9.106018100555564,9.106885821918928,9.107796977241655,9.108753740619509,9.10975839497312,9.110813337495255,9.111921085370732,9.113084281782662,9.114305702219337,9.115588261096807,9.11693501871294,9.118349188549603,9.119834144940326,9.121393431121787,9.123030767688324,9.124750061469632,9.126555414852842,9.128451135571222,9.130441746982857,9.132531998863834,9.134726878741686,9.137031623796135,9.13945173335555,9.1419929820189,9.144661433434552,9.147463454768776,9.150405731898472,9.153495285364391,9.156739487122897,9.160146078136263,9.163723186843459,9.167479348555508,9.171423525821703,9.17556512981526,9.179914042789468,9.184480641657897,9.18927582275493,9.194311027835713,9.199598271377583,9.20515016924807,9.210979968807921,9.217101580520978,9.223529611146322,9.230279398591886,9.237367048512722,9.24480947274125,9.252624429641182,9.260830566481419,9.26944746393105,9.27849568278161,9.287996813008109,9.297973525285881,9.30844962508621,9.319450109479806,9.331001226783684,9.343130539193785,9.355866988552792,9.369240965410087,9.383284381538658,9.398030746081961,9.41351524551252,9.429774827592999,9.44684828954015,9.464776370602,9.48360184926921,9.503369645352585,9.524126927170297,9.545923224100648,9.568810544768919,9.592843501150375,9.618079438885513,9.64457857411861,9.672404137186032,9.701622523497232,9.732303451968454,9.764520131387227
0.12131313131313132,9.094339394543011,9.09462253608927,9.09491985033748,9.095232046704897,9.0955598701188,9.095904102793941,9.096265566098998,9.096645122516415,9.097043677700368,9.09746218263774,9.097901635917246,9.098363086112176,9.09884763428236,9.099356436601408,9.099890707115447,9.10045172063993,9.101040815801465,9.10165939823191,9.102308943922313,9.102991002744782,9.10370720215061,9.104459251053516,9.105248943907279,9.106078164987464,9.106948892887475,9.107863205239656,9.108823283672727,9.10983141901733,9.11089001677219,9.112001602843835,9.113168829573656,9.114394482066647,9.11568148483692,9.117032908785877,9.118451978529675,9.119942080093468,9.121506768990786,9.12314977870734,9.12487502960948,9.126686638298576,9.128588927433633,9.130586436045585,9.13268393036788,9.134886415209195,9.13719914589541,9.13962764080936,9.142177694558265,9.144855391800265,9.147667121763055,9.150619593489258,9.153719851844913,9.156975294329298,9.160393688726156,9.16398319163849,9.167752367951126,9.17171021126749,9.175866165369369,9.180230146750866,9.184812568280298,9.189624364046548,9.194677015449086,9.19998257859399,9.205553713061294,9.21140371211231,9.217546534409033,9.223996837321291,9.23077001190113,9.237882219607888,9.245350430871605,9.253192465586766,9.261427035633025,9.270073789524384,9.279153359293328,9.288687409721863,9.298698690036858,9.30921108819312,9.320249687873682,9.331840828343367,9.344012167298429,9.356792746862244,9.370213062884575,9.384305137709728,9.399102596587285,9.414640747907749,9.430956667454536,9.448089286873428,9.466079486570521,9.484970193260443,9.50480648239754,9.525635685734528,9.547507504265237,9.570474126820988,9.594590354603607,9.619913731952234,9.646504683656008,9.674426659140256,9.703746283870302,9.734533518334148,9.766861824983422,9.800808343530957
0.12444444444444444,9.094635176971126,9.094933123960994,9.095245984742071,9.095574505826985,9.095919471095193,9.096281703663399,9.096662067849579,9.097061471235314,9.097480866831368,9.097921255351652,9.098383687601011,9.09886926698255,9.099379152130439,9.099914559674525,9.100476767143315,9.101067116012278,9.101687014904716,9.10233794295288,9.103021453327303,9.103739176942803,9.104492826350006,9.10528419982163,9.106115185643343,9.10698776661938,9.107904024803688,9.10886614646791,9.109876427318028,9.110937277972127,9.112051229712357,9.113220940524808,9.114449201441715,9.115738943201125,9.117093243239916,9.118515333036857,9.120008605823216,9.121576624679356,9.123223131036573,9.124952053604519,9.126767517745499,9.12867385531798,9.130675615012844,9.13277757320702,9.134984745360397,9.137302397983223,9.13973606120254,9.14229154195763,9.144974937855988,9.147792651722849,9.150751406879005,9.15385826318337,9.157120633878565,9.160546303279723,9.164143445348728,9.167920643198185,9.171886909571713,9.176051708349357,9.18042497712951,9.185017150941173,9.189839187143175,9.194902591569726,9.200219445984743,9.205802436910421,9.211664885898843,9.21782078131889,9.22428481173428,9.231072400952382,9.238199744827453,9.245683849906122,9.25354257400731,9.261794668833453,9.270459824714695,9.279558717592826,9.289113058357065,9.299145644649457,9.309680415263442,9.320742507265487,9.332358315976016,9.344555557952807,9.357363337127156,9.370812214250613,9.384934279818022,9.399763230640872,9.415334450253695,9.431685093345392,9.448854174416946,9.46688266087711,9.485813570798213,9.505692075565367,9.526565607664017,9.548483973863071,9.571499474063684,9.595667026097304,9.621044296770801,9.647691839471387,9.67567323865968,9.705055261595735,9.735908017660092,9.76830512565002,9.802323889450182,9.838045482496893
0.12757575757575756,9.094938496807229,9.095251626527112,9.095580430012612,9.09592569181702,9.096288235764606,9.096668926916315,9.097068673633904,9.097488429747353,9.097929196830796,9.09839202659237,9.098878023383671,9.09938834683485,9.099924214621582,9.100486905370555,9.101077761710382,9.10169819347524,9.102349681068858,9.103033778996894,9.103752119576122,9.104506416829292,9.105298470574946,9.106130170721944,9.10700350177896,9.107920547589707,9.108883496305172,9.109894645604754,9.110956408178739,9.112071317485194,9.11324203379505,9.114471350539752,9.115762200976643,9.117117665188008,9.118540977430435,9.120035533852063,9.12160490059612,9.123252822310086,9.124983231080789,9.126800255816743,9.128708232100145,9.130711712531992,9.13281547759505,9.135024547060565,9.137344191965953,9.139779947192025,9.142337624669794,9.145023327248346,9.14784346325687,9.150804761795623,9.153914288792278,9.157179463861985,9.160608078011393,9.164208312228839,9.167988757005109,9.171958432831303,9.176126811722773,9.18050383982042,9.185099961123363,9.189926142409547,9.194993899403789,9.200315324255682,9.205903114392967,9.211770602819158,9.217931789927771,9.22440137690907,9.231194800828996,9.238328271464054,9.245818809980001,9.25368428954667,9.261943477985808,9.270616082553737,9.279722796965684,9.289285350773975,9.299326561217955,9.30987038766934,9.320941988802936,9.332567782629132,9.344775509531454,9.357594298459569,9.371054736435726,9.385188941540479,9.40003063955187,9.415615244420946,9.431979942775667,9.449163782654827,9.467207766683782,9.48615494991428,9.506050542561917,9.526942017886352,9.548879225471723,9.571914510177601,9.596102837044334,9.621501922450804,9.648172371837664,9.676177824324595,9.705585104566783,9.73646438221292,9.768889339345264,9.80293734630132,9.83868964629668,9.876231549289578
0.13070707070707072,9.095249354051422,9.09557804378773,9.095923186149216,9.096285604675137,9.096666164127177,9.097065772552845,9.097485383452145,9.097925998052718,9.098388667698858,9.098874496360123,9.09938464326548,9.099920325669357,9.100482821756097,9.101073473689835,9.10169369081702,9.102344953029233,9.103028814294353,9.103746906364455,9.104500942669324,9.105292722404858,9.106124134826104,9.106997163755196,9.107913892314944,9.108876507899348,9.109887307392924,9.110948702651287,9.112063226256062,9.113233537557859,9.114462429021733,9.115752832890278,9.117107828180218,9.118530648029257,9.120024687410636,9.121593511233879,9.123240862851008,9.124970672988544,9.126787069126614,9.128694385347517,9.13069717267728,9.132800209944865,9.13500851518493,9.137327357611374,9.139762270190221,9.14231906284185,9.145003836304062,9.147822996689088,9.150783270769255,9.153891722027776,9.157155767512986,9.160583195536235,9.164182184255647,9.167961321190125,9.171929623710133,9.176096560554168,9.180472074422264,9.185066605700433,9.189891117372657,9.194957121179883,9.200276705088418,9.205862562133312,9.211728020705518,9.217887076355108,9.224354425186446,9.231145498925006,9.238276501739497,9.245764448907186,9.25362720741465,9.261883538590883,9.270553142874448,9.27965670682154,9.289215952467101,9.299253689156812,9.309793867973585,9.320861638888523,9.332483410772639,9.344686914412595,9.357501268680815,9.370957050017878,9.385086365392986,9.39992292891663,9.415502142288283,9.431861179271044,9.449039074394891,9.467076816100152,9.486017444543496,9.505906154299844,9.526790402205254,9.54872002059816,9.571747336229166,9.595927295123166,9.62131759369175,9.647978816408767,9.675974580377572,9.705371687134951,9.73624028205396,9.768654021726059,9.802690249721968,9.83843018115062,9.875959096456663,9.915366544918905
0.13383838383838384,9.095567748703797,9.09591237574296,9.096274253152004,9.096654244401462,9.097053256183056,9.097472240573149,9.097912197304478,9.098374176151605,9.098859279435775,9.099368664655149,9.0999035472467,9.100465203486355,9.1010549735343,9.10167426463272,9.102324554463618,9.10300739467468,9.103724414581663,9.104477325056074,9.105267922607478,9.106098093670127,9.106969819104167,9.10788517892215,9.108846357252137,9.109855647549226,9.110915458067959,9.112028317608628,9.113196881551236,9.114423938191486,9.11571241539391,9.117065387578041,9.118486083054265,9.119977891726878,9.12154437318273,9.12318926518474,9.124916492590561,9.126730176717688,9.128634645177307,9.130634442200424,9.132734339480853,9.134939347560948,9.137254727787276,9.139686004864725,9.142238980039018,9.144919744939099,9.147734696112384,9.150690550287614,9.153794360401681,9.157053532428701,9.160475843051476,9.164069458217504,9.167842952623863,9.171805330177374,9.175966045478972,9.180335026383464,9.184922697688542,9.18974000600959,9.194798445899604,9.200110087276602,9.205687604223916,9.211544305232136,9.217694164954846,9.224151857553936,9.23093279171405,9.238053147409746,9.245529914513071,9.25338093333371,9.261624937188422,9.270281597101357,9.279371568741935,9.288916541712247,9.298939291301657,9.309463732832047,9.32051497872342,9.332119398416031,9.344304681292027,9.357099902746763,9.370535593567448,9.38464381278467,9.399458224170688,9.415014176566972,9.43134878823275,9.448501035415795,9.466511845356823,9.485424193949456,9.50528320828877,9.526136274353169,9.548033150076535,9.571026084080469,9.595169940349981,9.620522329150125,9.64714374449599,9.675097708504088,9.704450922969627,9.735273428531322,9.767638771803615,9.801624180875091,9.837310749591868,9.874783631065725,9.914132240868703,9.95545047039905
0.13696969696969696,9.095893680764458,9.096254622392909,9.096633631021097,9.097031610996131,9.097449511932387,9.09788833097739,9.098349115191084,9.098832964044215,9.09934103204176,9.09987453147769,9.100434735327598,9.10102298028614,9.101640669956513,9.102289278199564,9.102970352650566,9.103685518412016,9.10443648193127,9.105225035072282,9.106053059391165,9.106922530625742,9.107835523409845,9.108794216223583,9.109800896591393,9.110857966540289,9.111967948331321,9.113133490477924,9.114357374065523,9.115642519387466,9.116991992913112,9.118409014604735,9.119896965600645,9.121459396282926,9.12310003474898,9.124822795707136,9.12663178981753,9.128531333500538,9.130525959236197,9.132620426379138,9.134819732514906,9.137129125384694,9.139554115406991,9.142100488826014,9.144774321518284,9.147581993490313,9.150530204101967,9.153625988051854,9.156876732162882,9.160290193008018,9.163874515418325,9.167638251917438,9.171590383128844,9.175740339204674,9.180098022327133,9.184673830336255,9.189478681540374,9.194524040768522,9.199821946726889,9.205385040724652,9.211226596837706,9.217360553582296,9.223801547174078,9.230564946452043,9.237666889550578,9.245124322407221,9.252955039197962,9.2611777247966,9.269811999359469,9.278878465141924,9.288398755658308,9.298395587302696,9.308892813553616,9.319915481892078,9.331489893568744,9.343643666362857,9.356405800482698,9.36980674776481,9.383878484337147,9.398654586919513,9.414170312943407,9.430462684682416,9.447570577593977,9.465534813083254,9.484398255910548,9.504205916474671,9.52500505821633,9.546845310397881,9.569778786528529,9.593860208717599,9.619147038252622,9.64569961271382,9.673581289952208,9.702858599274869,9.73360140019818,9.765883049147819,9.799780574503327,9.83537486040496,9.872750839761386,9.911997696918833,9.95320908047527,9.996483326747423
0.14010101010101011,9.096227150233506,9.09660478373769,9.097001319756624,9.097417704459282,9.097854931375327,9.09831404376574,9.098796137112151,9.099302361730752,9.099833925517043,9.100392096827994,9.100978207508446,9.101593656069015,9.102239911023071,9.10291851439073,9.10363108537827,9.104379324241684,9.105165016343662,9.105990036413619,9.106856353020982,9.107766033272357,9.108721247743858,9.10972427566029,9.110777510333591,9.1118834648735,9.113044778184074,9.11426422126035,9.115544703800222,9.116889281147227,9.118301161580913,9.119783713972087,9.121340475821265,9.1229751616995,9.124691672111698,9.126494102803619,9.12838675453472,9.130374143340193,9.132461011306692,9.13465233788741,9.136953351783575,9.139369543420653,9.141906678049084,9.14457080950076,9.147368294634097,9.150305808502186,9.153390360280175,9.156629309989915,9.160030386061779,9.16360170377554,9.16735178462434,9.171289576647924,9.175424475783679,9.179766348286426,9.184325554270451,9.189112972429953,9.194140025996912,9.1994187099983,9.204961619877679,9.210781981549495,9.21689368295778,9.223311307214553,9.230050167397014,9.237126343086564,9.24455671873682,9.252359023962232,9.260551875843364,9.269154823349858,9.278188393987062,9.287674142777616,9.297634703694916,9.308093843671143,9.319076519308787,9.330608936430965,9.342718612612632,9.35543444284193,9.368786768468329,9.382807449602142,9.397529941138108,9.412989372584535,9.429222631888448,9.446268453456797,9.464167510583769,9.482962512504765,9.50269830630864,9.52342198395141,9.545182994626778,9.568033262761654,9.59202731191823,9.61722239489826,9.643678630360073,9.671459146274236,9.700630230560295,9.731261489263979,9.763426012652346,9.797200549623247,9.832665690845225,9.869906061064942,9.909010521040948,9.950072379585706,9.993189616221803,10.038465114983657
0.14323232323232324,9.09656815711105,9.096962859777424,9.09737731935871,9.097812524791062,9.098269514512026,9.098749378938365,9.099253263067865,9.099782369211422,9.10033795986185,9.100921360706314,9.101533963789523,9.102177230835284,9.102852696734312,9.103561973206599,9.10430675264714,9.105088812164137,9.10591001781934,9.106772329080638,9.107677803497532,9.108628601610642,9.109626992106946,9.110675357233086,9.111776198479628,9.112932142549852,9.114145947627307,9.115420509957112,9.116758870756652,9.118164223472226,9.11963992139892,9.121189485681867,9.122816613718078,9.12452518797875,9.126319285273254,9.128203186476796,9.130181386745,9.132258606239812,9.134439801392276,9.136730176729074,9.139135197291077,9.141660601673477,9.144312415718682,9.147096966894601,9.150020899392663,9.15309118998155,9.156315164654533,9.15970051611008,9.163255322107485,9.1669880647413,9.17090765068056,9.175023432421108,9.179345230601728,9.183883357437326,9.188648641325091,9.193652452682343,9.198906731077711,9.204424013720416,9.210217465375601,9.21630090977711,9.222688862612685,9.229396566160279,9.236440025658121,9.243836047495355,9.251602279314357,9.259757252120433,9.268320424499393,9.277312229048494,9.286754121131569,9.296668630074667,9.307079412924399,9.318011310897232,9.32949040865448,9.341544096544393,9.354201135959917,9.367491727968055,9.381447585374618,9.396102008396328,9.411489964120847,9.427648169944352,9.444615181185776,9.46243148308677,9.481139587416928,9.500784133914845,9.52141199680701,9.543072396658793,9.565817017824388,9.589700131776006,9.61477872660662,9.641112643015283,9.66876471709954,9.69780093029566,9.728290566824484,9.760306379018628,9.793924760925528,9.82922593060058,9.866294121525412,9.905217783607991,9.946089794244248,9.989007679944828,10.034073849055789,10.081395836128578
0.14636363636363636,9.096916701397197,9.097328850512225,9.097761629827486,9.098216071991606,9.098693261342648,9.099194336495444,9.09972049305842,9.10027298648644,9.100853135076418,9.101462323112909,9.102102004171114,9.102773704585266,9.103479027090582,9.104219654647547,9.1049973544576,9.105813982179845,9.106671486358819,9.1075719130739,9.108517410821442,9.109510235641284,9.110552756499864,9.111647460942805,9.112796961030424,9.11400399957035,9.115271456662136,9.116602356569429,9.117999874936162,9.119467346363955,9.12100827236877,9.122626329735889,9.12432537929307,9.126109475122867,9.127982874236064,9.129950046729327,9.132015686451307,9.134184722202628,9.136462329496505,9.13885394290805,9.141365269041732,9.144002300147916,9.14677132842101,9.149678961013299,9.152732135800324,9.155938137935385,9.159304617232719,9.1628396064208,9.166551540309307,9.170449275915537,9.174542113598248,9.178839819249383,9.183352647596623,9.188091366672369,9.193067283507549,9.198292271111558,9.20377879680271,9.209539951956797,9.215589483244756,9.221941825433978,9.228612135831524,9.235616330451448,9.242971121992522,9.250694059716999,9.258803571325545,9.267319006928327,9.276260685217096,9.285649941948522,9.295509180854436,9.305861927100468,9.316732883420658,9.328147989061984,9.340134481679483,9.352720962329636,9.365937463717136,9.379815521857886,9.394388251329241,9.409690424287064,9.425758553438142,9.442630979165987,9.460347961017915,9.478951773771708,9.498486808311139,9.51899967755105,9.540539327664776,9.563157154879306,9.586907128116945,9.611845917776089,9.638033030958436,9.665530953465346,9.694405298902167,9.724724965246354,9.75656229925298,9.78999326908996,9.825097645614942,9.861959192726431,9.90066586724336,9.94131002879007,9.983988660187523,10.028803598876625,10.075861779925887,10.125275491203249
0.14949494949494951,9.097272783092055,9.097702755942215,9.098154251163086,9.098628346061068,9.099126171867354,9.099648916437154,9.100197827084013,9.100774213556024,9.10137945116099,9.102014984048042,9.102682328653513,9.103383077319279,9.104118902092239,9.104891558713968,9.105702890810079,9.106554834289275,9.107449421962617,9.108388788393983,9.109375174993346,9.110410935364982,9.111498540923384,9.112640586790295,9.113839797986913,9.115099035936034,9.116421305289697,9.117809761098558,9.119267716340142,9.120798649823932,9.122406214492143,9.124094246135993,9.125866772548282,9.127728023134095,9.129682439002593,9.131734683563932,9.133889653656633,9.136152491231934,9.13852859562301,9.141023636428336,9.143643567039941,9.146394638848818,9.149283416161408,9.15231679186273,9.155502003863548,9.15884665237081,9.162358718022576,9.166046580930704,9.169919040676735,9.173985337308691,9.178255173388894,9.18273873714539,9.187446726782271,9.192390376006848,9.19758148083464,9.203032427736094,9.20875622319224,9.214766524729788,9.221077673509704,9.22770472854709,9.234663502643947,9.24197060012063,9.24964345643599,9.257700379790771,9.266160594813513,9.275044288433252,9.284372658048417,9.294167962106933,9.304453573218181,9.315254033923573,9.326595115258842,9.338503878247755,9.351008738474032,9.364139533885528,9.377927595992503,9.392405824629865,9.407608766461793,9.423572697416091,9.440335709244962,9.457937800418803,9.476420971569869,9.495829325713615,9.516209173486855,9.537609143653857,9.560080299144106,9.583676258898615,9.608453325815546,9.634470621100487,9.661790225341944,9.690477326648729,9.720600376202723,9.752231251598216,9.78544542835759,9.820322160032617,9.85694466732116,9.895400336650528,9.935780928701341,9.978182797369518,10.02270711968883,10.069460137262656,10.11855340978105,10.170104081227993
0.15262626262626264,9.09763640219574,9.09808457606752,9.098555183365649,9.099049346999596,9.09956824608631,9.100113118763682,9.10068526514485,9.101286050420395,9.101916908115804,9.102579343511987,9.103274937237018,9.104005349037655,9.104772321739642,9.105577685406262,9.106423361705016,9.107311368492919,9.108243824631272,9.109222955041478,9.110251096013892,9.111330700782451,9.112464345378292,9.113654734776427,9.11490470935005,9.116217251647953,9.117595493511152,9.119042723545778,9.120562394969994,9.122158133853713,9.123833747770748,9.125593234884066,9.127440793485784,9.12938083201472,9.131417979575364,9.133557096983386,9.135803288364036,9.1381619133311,9.140638599775498,9.143239257294013,9.145970091290199,9.148837617781131,9.151848678945322,9.155010459448887,9.158330503588935,9.16181673329509,9.165477467032092,9.169321439648586,9.17335782321945,9.177596248931419,9.182046830064218,9.186720186122018,9.191627468172845,9.19678038545635,9.202191233323502,9.207872922574788,9.213839010267014,9.220103732062153,9.226682036195461,9.233589619143931,9.240842963080151,9.248459375200992,9.256457029024945,9.264855007756656,9.273673349822147,9.282933096683367,9.292656343046197,9.302866289581685,9.313587298286356,9.324844950613658,9.33666610851532,9.34907897853822,9.362113179129775,9.37579981131242,9.390171532895867,9.40526263640419,9.421109130903744,9.437748827927154,9.455221431698408,9.473568633874416,9.492834213029033,9.51306413911702,9.53430668316719,9.556612532466524,9.580034911510088,9.60462970900542,9.630455611234417,9.657574242090996,9.686050310128685,9.715951762969029,9.747349949439313,9.780319789826448,9.814939954653344,9.851293052404335,9.88946582664764,9.929549363025204,9.971639306603851,10.015836090106408,10.06224517356735,10.11097729598485,10.162148739569675,10.215881607221473
0.15575757575757576,9.098007558708362,9.09847431088827,9.09896442643531,9.099479074807345,9.100019483999686,9.100586943475212,9.101182807241132,9.101808497079784,9.102465505941117,9.103155401505019,9.103879829921931,9.104640519740725,9.105439286033162,9.106278034724832,9.107158767142863,9.108083584791267,9.109054694365328,9.110074413016982,9.111145173883745,9.112269531894421,9.113450169865395,9.114689904902084,9.115991695120815,9.117358646707183,9.118794021327686,9.120301243912397,9.12188391082716,9.12354579845488,9.125290872206335,9.127123295982033,9.1290474421077,9.131067901767077,9.133189495956946,9.13541728699052,9.13775659057663,9.140212988503556,9.142792341957751,9.145500805509243,9.148344841797087,9.151331236949902,9.15446711677831,9.157759963777888,9.161217634983215,9.164848380715632,9.168660864269423,9.172664182583416,9.176867887947315,9.18128201079457,9.185917083636156,9.1907841661924,9.195894871782786,9.201261395036756,9.206896540991595,9.212813755646835,9.219027158048123,9.225551573977071,9.232402571327496,9.239596497252482,9.247150517170866,9.25508265572628,9.263411839796436,9.272157943655328,9.28134183639608,9.290985431727645,9.301111740264153,9.31174492443169,9.322910356123549,9.334634677241514,9.346945863267656,9.35987329001834,9.373447803739747,9.387701794712157,9.402669274538669,9.41838595730276,9.434889344788383,9.45221881596593,9.470415720957634,9.489523479706628,9.509587685585112,9.530656214188875,9.552779337577807,9.576009844234978,9.600403165030578,9.62601750549129,9.652913984690738,9.681156781092435,9.710813285693263,9.741954262832923,9.774654019053093,9.808990580409231,9.845045878658134,9.882905946765533,9.92266112420027,9.964406272504885,10.008241001657044,10.054269907761928,10.102602822642709,10.153355075924747,10.206647770238776,10.262608070199775
0.1588888888888889,9.098386252630041,9.098871960404585,9.099381980372216,9.099917529484474,9.100479885607657,9.101070390571936,9.101690453373072,9.10234155353442,9.103025244637182,9.103743158027417,9.104497006708566,9.105288589428834,9.106119794973175,9.106992606670099,9.107909107124076,9.108871483184826,9.109882031165345,9.11094316232111,9.112057408603576,9.113227428701638,9.114456014385514,9.115746097168172,9.117100755300205,9.118523221114822,9.120016888740508,9.121585322199746,9.123232263913108,9.124961643629053,9.12677758780068,9.128684429431853,9.130686718416188,9.132789232393545,9.134996988149963,9.137315253588222,9.139749560297599,9.142305716752805,9.144989822173624,9.147808281078273,9.15076781856528,9.153875496360271,9.15713872966603,9.160565304855961,9.164163398053246,9.167941594639982,9.17190890974287,9.17607480974433,9.180449234870386,9.1850426229092,9.189865934116872,9.194930677369904,9.2002489376268,9.205833404764235,9.211697403856693,9.21785492697177,9.224320666557038,9.231110050498135,9.238239278931726,9.245725362901206,9.253586164947352,9.261840441730815,9.270507888788144,9.279609187528134,9.289166054580685,9.299201293615859,9.30973884975687,9.32080386671679,9.332422746795356,9.344623213879016,9.357434379594586,9.37088681277434,9.385012612398342,9.399845484188031,9.4154208210339,9.431775787449132,9.448949408250762,9.46698266167998,9.485918577183787,9.505802338091343,9.526681389430022,9.548605551138468,9.571627136946804,9.595801079207678,9.621185059976051,9.647839648650493,9.675828446504452,9.705218238452423,9.736079152413103,9.768484826649885,9.80251258548797,9.838243623827404,9.87576320089235,9.915160843678903,9.956530560586911,9.999971065745592,10.045586014568192,10.093484251097772,10.143780067734292,10.196593477962764,10.252050502733184,10.310283471175547
0.16202020202020204,9.098772483960897,9.099277524616605,9.099807845176512,9.100364711031139,9.100949450910395,9.101563460054047,9.102208203540885,9.102885219784538,9.10359612420426,9.104342613079472,9.105126467597236,9.105949558102331,9.106813848560067,9.107721401242483,9.108674381649122,9.10967506367411,9.110725835031884,9.111829202954487,9.112987800174079,9.11420439120486,9.11548187893948,9.116823311575612,9.118231889889232,9.11971097487199,9.121264095750853,9.122894958409182,9.124607454229334,9.12640566937788,9.1282938945556,9.13027663523553,9.132358622413452,9.13454482389655,9.136840456157083,9.139250996779431,9.141782197530178,9.144440098082415,9.147231040427041,9.150161684005425,9.153239021599536,9.156470396017482,9.15986351761425,9.163426482689456,9.167167792806014,9.171096375075827,9.17522160346089,9.179553321140633,9.1841018639989,9.188878085286575,9.193893381518745,9.199159719668152,9.204689665719858,9.210496414655243,9.216593821936884,9.222996436569472,9.229719535815603,9.236779161649341,9.24419215903451,9.251976216119056,9.260149906441397,9.268732733249493,9.277745176038357,9.287208739417096,9.297146004422057,9.307580682398564,9.318537671579781,9.330043116497752,9.342124470368363,9.35481056059911,9.368131657575997,9.382119546893676,9.396807605201266,9.412230879844747,9.428426172496069,9.445432126968477,9.46328932142765,9.48204036521868,9.501730000539936,9.522405209206491,9.544115324757813,9.56691215017731,9.590850081504595,9.615986237635493,9.642380596619477,9.670096138779842,9.69919899699809,9.729758614521186,9.761847910668223,9.795543454831943,9.830925649190307,9.868078920564125,9.907091921878521,9.948057743709017,9.991074136416973,10.036243743404459,10.08367434604513,10.133479120875547,10.185776909660603,10.240692502977481,10.298356937994749,10.35890781115713
0.16515151515151516,9.099166252701053,9.09969100352446,9.100242020848343,9.100820619447505,9.101428179908083,9.102066151921745,9.102736057744789,9.103439495830381,9.104178144642617,9.104953766661476,9.105768212588266,9.106623425761573,9.107521446794228,9.108464418442418,9.109454590718478,9.110494326259646,9.111586105965527,9.112732534917752,9.113936348595951,9.115200419404859,9.116527763528152,9.117921548125343,9.119385098888932,9.120921907979827,9.122535642359974,9.12423015254209,9.126009481777361,9.127877875703037,9.129839792472948,9.131899913395097,9.134063154101737,9.136334676278562,9.138719899981028,9.141224516567148,9.14385450227767,9.146616132496018,9.149515996722007,9.152561014295102,9.155758450904704,9.159115935926872,9.162641480628846,9.166343497284837,9.170230819248632,9.174312722030995,9.178598945432098,9.183099716781799,9.18782577534327,9.192788397938145,9.197999425854379,9.203471293100996,9.209217056077193,9.215250424726522,9.22158579525057,9.228238284460161,9.235223765846031,9.242558907455091,9.250261211662647,9.258349056935451,9.266841741685301,9.275759530317767,9.28512370158599,9.294956599364898,9.305281685967016,9.316123598127094,9.327508205789158,9.339462673836241,9.352015526910131,9.365196717475792,9.379037697292897,9.393571492465012,9.408832782245529,9.4248579817884,9.441685329041153,9.459354975987528,9.477909084457478,9.49739192673316,9.517849991191003,9.53933209323195,9.561889491764573,9.585576011519038,9.61044817148381,9.636565319771565,9.663989775236148,9.692786976178528,9.723025636496581,9.754777909651349,9.78811956084101,9.823130147793417,9.859893210608659,9.898496471104574,9.939032042140955,9.981596647421933,10.026291852300963,10.073224306139236,10.122505996795729,10.174254517856184,10.228593349238622,10.285652151844936,10.345567076961604,10.408481091147749
0.1682828282828283,9.09956755885063,9.100112397128289,9.100684507387864,9.10128525473374,9.101916072600904,9.102578466175231,9.103274015985004,9.104004381672196,9.104771305952523,9.105576618773725,9.106422241681983,9.107310192406917,9.10824258967606,9.109221658270343,9.11024973433263,9.111329270941967,9.112462843966862,9.113653158211553,9.114903053869911,9.116215513302427,9.117593668152395,9.119040806818324,9.120560382300361,9.122156020439496,9.123831528569152,9.12559090459988,9.127438346558744,9.12937826260624,9.131415281554608,9.133554263912634,9.135800313483328,9.138158789542103,9.140635319624574,9.143235812954423,9.145966474543437,9.148833819997314,9.151844691062594,9.155006271951793,9.158326106485722,9.16181211609387,9.165472618715796,9.169316348648682,9.173352477388338,9.177590635513452,9.182040935665253,9.186713996677467,9.191620968914105,9.196773560875576,9.20218406713659,9.20786539768253,9.213831108714293,9.220095434995097,9.226673323816462,9.233580470664393,9.240833356670901,9.248449287940185,9.256446436843367,9.264843885380294,9.273661670711881,9.28292083297165,9.292643465470547,9.302852767414874,9.313573099263076,9.324830040853543,9.336650452442095,9.349062538794811,9.36209591648917,9.375781684584073,9.3901524988274,9.40524264957819,9.42108814362939,9.437726790126415,9.455198290786557,9.473544334634541,9.492808697480282,9.513037346376253,9.534278549303698,9.556582990349476,9.580003890648344,9.604597135379324,9.63042140711917,9.657538325871197,9.686012596103566,9.715912161147966,9.747308365327077,9.78027612419773,9.814894103315977,9.85124490595067,9.889415270193469,9.929496275935623,9.971583562205401,10.0157775553848,10.06218370885006,10.110912754607833,10.162080967527386,10.215810442799375,10.272229387283176,10.331472425437953,10.393680920567414,10.459003312144723
0.1714141414141414,9.099976402409757,9.100541705428231,9.101135304795225,9.101758616890013,9.102413128989046,9.103100402814714,9.103822078261762,9.104579877310233,9.105375608134256,9.106211169416524,9.107088554878727,9.108009858038741,9.10897727720597,9.10999312072671,9.111059812492071,9.112179897721616,9.113356049036492,9.114591072836552,9.115887915996689,9.117249672898366,9.118679592813097,9.120181087655528,9.121757740124593,9.123413312252177,9.125151754379694,9.12697721458399,9.128894048575065,9.130906830089229,9.133020361802496,9.135239686790252,9.137570100560552,9.140017163689734,9.142586715090541,9.145284885944365,9.1481181143309,9.151093160590074,9.15421712345295,9.15749745698006,9.160941988347616,9.16455893652401,9.168356931881187,9.17234503678769,9.176532767232503,9.1809301155313,9.185547574169272,9.19039616083744,9.195487444722183,9.200833574110717,9.206447305378413,9.212342033427081,9.218531823646908,9.225031445478274,9.231856407653567,9.239022995203054,9.246548308313157,9.254450303129815,9.26274783460433,9.271460701483944,9.280609693554462,9.290216641247701,9.300304467732134,9.310897243611002,9.322020244358455,9.333700010630755,9.345964411596489,9.358842711436884,9.372365639174934,9.386565461999979,9.401476062262688,9.417133018324199,9.433573689452343,9.450837304967537,9.468965057851081,9.488000203039237,9.507988160637652,9.528976624302423,9.551015675046443,9.574157900742607,9.598458521609034,9.623975521975765,9.650769788647388,9.678905256191713,9.708449059501275,9.739471693991623,9.77204718381877,9.806253258517144,9.842171538479564,9.879887729721851,9.919491828396797,9.961078335545533,10.00474648259869,10.050600468165488,10.0987497066757,10.149309089467845,10.202399258946503,10.258146896463016,10.31668502460635,10.378153324625497,10.442698469740682,10.510474475138697
0.17454545454545456,9.100392783378561,9.100978928424432,9.101594413070586,9.102240705916499,9.102919349072698,9.103631961840401,9.104380244575292,9.105165982744744,9.105991051188093,9.106857418590186,9.107767152178832,9.108722422657413,9.109725509384372,9.110778805811972,9.111884825197304,9.11304620659915,9.114265721175027,9.115546278793422,9.116890934977025,9.118302898193493,9.119785537511156,9.12134239063795,9.122977172362722,9.12469378341908,9.126496319792924,9.128389082495879,9.130376587827934,9.132463578153777,9.134655033218566,9.136956182030104,9.13937251533578,9.141909798724063,9.144574086381802,9.14737173554014,9.150309421643541,9.153394154278129,9.156633293897292,9.160034569384548,9.163606096495494,9.167356397222914,9.171294420131204,9.175429561708668,9.179771688788618,9.184331162092782,9.189118860953219,9.194146209271686,9.199425202778462,9.204968437655625,9.210789140593098,9.216901200349211,9.223319200891037,9.230058456193637,9.237135046781207,9.244565858097364,9.252368620796101,9.260561953049566,9.269165404973625,9.278199505277227,9.287685810246858,9.297646955183021,9.308106708411437,9.319090027997893,9.330623121302049,9.342733507512312,9.355450083311041,9.368803191826737,9.382824695037785,9.397548049800513,9.413008387683002,9.429242598795156,9.446289419815074,9.464189526421773,9.482985630354866,9.502722581332767,9.523447474072679,9.545209760667712,9.568061368589312,9.592056824596607,9.617253384848325,9.643711171527793,9.671493316307037,9.700666110992342,9.731299165710736,9.763465575014871,9.797242092302715,9.832709312968195,9.86995186671989,9.909058619526649,9.950122885672045,9.993242650423639,10.03852080384841,10.086065386332209,10.135989846389165,10.188413311376113,10.243460871758012,10.301263879602667,10.361960262016893,10.42569485027203,10.49261972540406,10.562894581112909
0.1776767676767677,9.100816701757177,9.101424066117028,9.102061832214105,9.102731521813366,9.103434732852056,9.104173143252508,9.10494851492583,9.105762697975992,9.106617635114326,9.107515366295022,9.108458033582652,9.109447886263322,9.110487286211686,9.111578713526594,9.112724772448843,9.113928197575136,9.115191860383089,9.116518776082849,9.117912110811675,9.11937518918864,9.120911502247491,9.1225247157666,9.12421867901586,9.125997433941425,9.127865224810193,9.129826508337038,9.13188596431899,9.13404850680169,9.13631929580481,9.138703749634379,9.141207557811422,9.143836694647746,9.146597433501281,9.14949636174496,9.152540396484904,9.155736801065379,9.159093202399918,9.162617609169981,9.166318430934556,9.170204498196304,9.174285083472146,9.178569923418543,9.183069242064299,9.187793775206277,9.192754796026307,9.197964141990338,9.203434243094089,9.209178151522542,9.215209572794103,9.221542898463714,9.228193240462941,9.235176467159045,9.242509241219,9.250209059368867,9.258294294143388,9.266784237725409,9.275699147979754,9.285060296791418,9.294890020823384,9.30521177481524,9.316050187549717,9.327431120620782,9.339381730143428,9.351930531552517,9.365107467645222,9.378943980029486,9.393473084148987,9.408729448063637,9.4247494751736,9.441571391084267,9.45923533481943,9.477783454600369,9.49726000841936,9.517711469647654,9.539186637929902,9.561736755629674,9.585415630103954,9.610279762098372,9.636388480569593,9.663804084256563,9.69259199033846,9.722820890534082,9.754562915015175,9.787893804524824,9.822893091111656,9.859644287911095,9.898235088426551,9.938757575786052,9.98130844247368,10.025989221060067,10.072906526482562,10.12217231045315,10.173904128601173,10.228225420988274,10.285265806664876,10.345161392971042,10.408055100319656,10.474097003236903,10.543444688473697,10.616263631042507
0.1808080808080808,9.101248157545735,9.101877118506174,9.102537562225944,9.103231064580802,9.103959280327315,9.10472394705125,9.105526889313618,9.10637002300424,9.10725535991324,9.108185012531356,9.109161199090538,9.110186248856856,9.111262607688346,9.112392843871053,9.11357965424721,9.114825870650145,9.11613446666131,9.117508564705531,9.118951443501409,9.120466545884657,9.122057487023035,9.123728063042504,9.125482260085139,9.127324263820466,9.129258469432875,9.131289492108978,9.1334221780499,9.135661616034806,9.138013149563246,9.140482389605301,9.143075227989929,9.145797851463483,9.148656756451949,9.1516587645621,9.154811038858588,9.158121100955785,9.161596848965184,9.165246576341158,9.169078991670084,9.173103239449993,9.177328921910407,9.181766121924351,9.186425427067283,9.191317954880294,9.196455379397896,9.20184995900369,9.207514565680375,9.213462715723908,9.219708601995103,9.226267127785611,9.233153942379124,9.240385478392632,9.247978990986859,9.25595259903943,9.264325328379027,9.273117157183693,9.282349063651633,9.292043076058242,9.30222232531884,9.312911100182518,9.32413490518881,9.335920521525507,9.34829607093282,9.361291082806387,9.374936564659269,9.38926507611106,9.404310806580678,9.420109656868256,9.43669932482075,9.454119395285804,9.472411434568395,9.491619089615762,9.511788192167275,9.532966868117752,9.555205652355248,9.57855760934732,9.603078459763527,9.628826713436354,9.655863808977807,9.684254260384867,9.714065810983643,9.745369595079579,9.778240307699447,9.812756382830175,9.849000180579843,9.887058183707447,9.927021203990384,9.968984598922097,10.013048499256971,10.059318047945412,10.107903651029245,10.158921241096117,10.212492553921487,10.268745418958336,10.327814064367635,10.389839437317486,10.454969540315044,10.523359784373772,10.595173359858606,10.670581625893858
0.18393939393939396,9.101687150744374,9.102338085592018,9.103021603106269,9.103739334218986,9.104492991498677,9.105284373236849,9.106115367738894,9.106987957829757,9.107904225585138,9.108866357299515,9.10987664870285,9.11093751043841,9.112051473814784,9.11322119684583,9.114449470592936,9.115739225824763,9.117093540010337,9.118515644662178,9.120008933047009,9.121576968282401,9.123223491838738,9.12495243246671,9.126767915571714,9.128674273057468,9.13067605366237,9.13277803381324,9.134985229022359,9.137302905854988,9.139736594495933,9.142292101945138,9.144975525873793,9.147793269174015,9.150752055236826,9.153858943994887,9.157121348768255,9.160547053953382,9.164144233597527,9.167921470902964,9.171887778707449,9.176052620989891,9.180425935452485,9.185018157233241,9.18984024380544,9.194903701123485,9.2002206110775,9.205803660322196,9.211666170548815,9.21782213027236,9.224286228209978,9.231073888330158,9.238201306656341,9.2456854899128,9.253544296104995,9.261796477131242,9.270461723527372,9.27956071145115,9.289115152018589,9.299147843109871,9.309682723768505,9.320744931323535,9.332360861371106,9.344558230758524,9.357366143721105,9.370815161329634,9.38493737441417,9.399766480138195,9.415337862405861,9.431688676294183,9.448857936711688,9.466886611495076,9.485817719166043,9.505696431581555,9.526570181722542,9.548488776878195,9.571504517495988,9.595672321981047,9.62104985774263,9.647697678800489,9.67567937027945,9.705061700137023,9.735914778486109,9.768312224893007,9.802331344049898,9.838053310241047,9.875563361042863,9.914951000720066,9.956310213803274,9.999739689357641,10.04534305647773,10.093229131570473,10.14351217801633,10.196312178828183,10.251755122958548,10.309973305938259,10.371105645563945,10.435298013387497,10.50270358279849,10.573483194530032,10.647805740460074,10.725848566623933
0.18707070707070708,9.102133681353232,9.102806967374713,9.103513954855249,9.104256330728102,9.105035866366345,9.105854421809532,9.106713950201911,9.107616502452816,9.108564232130314,9.109559400599828,9.110604382419954,9.111701671008388,9.112853884591448,9.114063772451413,9.115334221486558,9.116668263099585,9.118069080430823,9.119540015953515,9.121084579449269,9.122706456382753,9.124409516695563,9.126197824040279,9.128075645476754,9.13004746165372,9.132117977500098,9.134292133451389,9.13657511723809,9.138972376264135,9.141489630604957,9.144132886656188,9.146908451465551,9.149822947782134,9.152883329858986,9.156096900046698,9.159471326217627,9.163014660062261,9.166735356301457,9.170642292860355,9.17474479205211,9.179052642821999,9.183576124104988,9.188326029352474,9.193313692286752,9.19855101394463,9.20405049107477,9.209825245956472,9.215889057711077,9.222256395180713,9.228942451452816,9.235963180112833,9.243335333311594,9.251076501738217,9.259205156593906,9.267740693666807,9.276703479613124,9.28611490055488,9.295997413110353,9.306374597978909,9.317271216208125,9.328713268277474,9.340728056139547,9.353344248366874,9.3665919485598,9.380502767178656,9.395109896971643,9.410448192178412,9.426554251698366,9.443466506422133,9.461225310934603,9.479873039808398,9.499454188717516,9.520015480612468,9.541605977210272,9.564277196065346,9.58808323350067,9.613080893692587,9.639329824217231,9.666892658382118,9.695835164682434,9.726226403738787,9.758138893090809,9.791648780239937,9.826836024354225,9.863784587068839,9.902582632837467,9.943322739312782,9.98610211825792,10.03102284751612,10.078192114592037,10.127722472425948,10.179732107971144,10.234345124215343,10.29169183631907,10.351909082577556,10.415140550948145,10.481537121922248,10.551257228559951,10.624467234546279,10.701341831171076,10.782064454179682
0.1902020202020202,9.102587749372447,9.103283763854412,9.104014617473053,9.10478205410834,9.105587904930529,9.106434092769526,9.107322636702921,9.108255656873697,9.10923537954908,9.110264142432635,9.111344400242222,9.1124787305672,9.11366984001879,9.114920570688298,9.116233906928628,9.117612982475215,9.119061087923436,9.120581678580267,9.122178382708997,9.123855010186602,9.125615561594492,9.127464237764295,9.129405449801448,9.13144382961054,9.1335842409475,9.135831791025012,9.138191842698847,9.140670027264179,9.143272257892445,9.146004743740791,9.148874004767775,9.151886887290674,9.155050580321545,9.15837263272097,9.161860971210482,9.165523919286583,9.169370217081548,9.173409042218369,9.177650031709604,9.182103304952411,9.186779487874615,9.191689738289428,9.196845772519328,9.202259893352645,9.20794501939951,9.213914715917287,9.220183227179,9.226765510461982,9.233677271737912,9.240935003149335,9.248556022362127,9.256558513887823,9.26496157247438,9.273785248668943,9.283050596661319,9.292779724522351,9.302995846957053,9.313723340698393,9.324987802673917,9.336816111084024,9.349236489537612,9.362278574398177,9.375973485501046,9.390353900410526,9.405454132394132,9.421310212300002,9.437959974532856,9.455443147333687,9.473801447578609,9.493078680323064,9.513320843328993,9.534576236824309,9.556895578756713,9.580332125816758,9.604941800519077,9.630783324644936,9.657918359364603,9.686411652373899,9.716331192396003,9.747748371417249,9.780738155044011,9.815379261387218,9.851754348901338,9.889950213626069,9.930057996301398,9.97217339985025,10.016396917747642,10.062834073821312,10.111595674055996,10.162798071002168,10.216563441420169,10.273020077822187,10.332302694607707,10.394552749522889,10.45991878121083,10.528556763658129,10.600630478383408,10.676311905255782,10.755781632875735,10.839229289497478
0.19333333333333336,9.103049354802163,9.103768475031274,9.10452359095986,9.10531650435989,9.106149107191438,9.107023386117064,9.10794142724218,9.108905421092679,9.109917667841748,9.110980582798279,9.112096702170033,9.113268689115266,9.114499340097266,9.115791591556995,9.117148526919701,9.11857338395227,9.120069562488851,9.121640632543189,9.123290342827016,9.12502262969485,9.126841626536523,9.128751673639854,9.130757328547007,9.132863376929253,9.135074844006047,9.137397006535732,9.139835405406407,9.142395858857075,9.145084476360552,9.147907673201322,9.150872185783081,9.153985087702516,9.157253806627676,9.160686142021191,9.164290283750658,9.168074831630571,9.17204881594245,9.176221718982118,9.180603497685558,9.185204607387318,9.190036026768176,9.195109284051583,9.200436484511402,9.206030339356579,9.211904196061665,9.21807207021558,9.224548678964595,9.231349476129365,9.238490689079766,9.24598935745559,9.253863373825428,9.262131526380816,9.270813543767497,9.279930142160778,9.289503074697334,9.2995551833814,9.310110453589212,9.321194071301784,9.332832483202559,9.345053459783372,9.357886161609322,9.371361208900632,9.3855107545976,9.400368561082967,9.415970080744776,9.432352540572,9.449555030984778,9.467618599111278,9.486586346733716,9.50650353313732,9.527417683107641,9.549378700333934,9.572438986489203,9.596653566271122,9.622080218702166,9.648779615002304,9.67681546336325,9.706254660969748,9.737167453630654,9.769627603400737,9.803712564593189,9.839503668602855,9.87708631798122,9.916550190226223,9.957989451773232,10.001502982697772,10.047194612666166,10.095173368697129,10.14555373532549,10.198455927788812,10.25400617888874,10.312337040211563,10.373587698426686,10.437904307417691,10.505440337038435,10.576356939326319,10.650823333046418,10.729017207484002,10.811125146448797,10.897343073502565
0.19646464646464648,9.103518497642527,9.10426110090546,9.105040875315838,9.105859681482947,9.106719473149289,9.107622301852384,9.108570321819947,9.109565795110052,9.11061109700863,9.111708721697108,9.112861288203773,9.114071546653006,9.115342384827347,9.116676835058017,9.118078081460343,9.11954946753137,9.121094504127758,9.122716877843034,9.124420459804162,9.126209314908422,9.128087711522669,9.13006013166807,9.132131281714662,9.134306103611214,9.136589786677227,9.138987779985182,9.141505805362579,9.144149871044815,9.146926286011471,9.149841675040193,9.152902994514122,9.156117549020578,9.159493008780593,9.1630374279509,9.166759263842055,9.170667397098514,9.174771152888878,9.179080323156793,9.183605189985682,9.188356550132998,9.193345740792575,9.198584666646534,9.204085828271317,9.209862351965608,9.215928021071322,9.222297308862432,9.228985413080048,9.236008292196244,9.243382703493078,9.251126243047743,9.259257387719224,9.267795539236655,9.276761070494608,9.286175374165742,9.296060913746874,9.306441277160216,9.317341233037741,9.328786789822967,9.340805257831175,9.353425314416189,9.366677072399213,9.380592151922999,9.395203755902822,9.410546749254353,9.426657742087407,9.443575177064178,9.461339421130374,9.479992861838163,9.499580008490812,9.520147598350324,9.541744708161605,9.564422871259204,9.588236200536135,9.613241517568213,9.639498488202014,9.667069764930046,9.696021136392838,9.726421684364745,9.758343948598048,9.79186409991872,9.827062121986915,9.86402200215589,9.902831931884801,9.943584517183606,9.986376999592196,10.031311488221101,10.078495203407424,10.128040732567372,10.180066298855927,10.23469604327465,10.292060320900756,10.352296011944276,10.415546848375465,10.4819637569018,10.55170521911285,10.624937649652345,10.701835793319647,10.782583142048113,10.867372372755144,10.956405807108546
0.1995959595959596,9.103995177893687,9.10476164147713,9.105566470541174,9.106411585477712,9.107299002804297,9.108230839975725,9.109209320436488,9.110236778926106,9.111315667050048,9.112448559129477,9.113638158343827,9.11488730318085,9.116198974209505,9.117576301191885,9.119022570551135,9.120541233213151,9.122135912840854,9.123810414480573,9.125568733641279,9.127415065828247,9.129353816553957,9.13138961185008,9.13352730930566,9.135772009657797,9.138129068962558,9.140604111375035,9.143203042569196,9.145932063829422,9.148797686847427,9.151806749259853,9.154966430963599,9.158284271247833,9.161768186783563,9.165426490513692,9.169267911488625,9.173301615694765,9.177537227925622,9.181984854747661,9.186655108615769,9.191559133195824,9.196708629954818,9.202115886081987,9.207793803807547,9.213755931189043,9.220016494438717,9.226590431869088,9.233493429537711,9.24074195867619,9.248353314992748,9.256345659942157,9.264738064061477,9.273550552475056,9.282804152677349,9.292520944707576,9.302724113835973,9.313438005887345,9.324688185333933,9.336501496296233,9.348906126597335,9.361931675023623,9.37560922195234,9.389971403514584,9.40505248947066,9.420888464983685,9.437517116486527,9.454978121847027,9.47331314504663,9.492565935598401,9.512782432941624,9.534010876062132,9.556301918599953,9.579708749718959,9.604287221026912,9.63009597984885,9.65719660917177,9.685653774594602,9.715535378634131,9.746912722755066,9.779860677510923,9.814457861201715,9.850786827474757,9.888934262316269,9.92899119090382,9.971053194813198,10.015220640098013,10.061598916786268,10.110298690365356,10.161436165855529,10.215133365102004,10.271518417947274,10.330725867978394,10.392896993578761,10.458180145050399,10.526731098611101,10.598713428111036,10.674298895355701,10.75366785996646,10.837009709756552,10.924523312649324,11.016417491216902
0.20272727272727276,9.104479395555792,9.105270096746455,9.106100376636046,9.106972216344383,9.107887696156686,9.108849000487332,9.109858423092072,9.110918372541141,9.112031377966334,9.113200095095747,9.114427312590598,9.115715958699237,9.117069108244221,9.118489989959134,9.119981994192655,9.121548680998258,9.123193788628846,9.124921242456587,9.12673516433923,9.128639882455277,9.130639941631435,9.132740114187033,9.134945411321263,9.137261095070402,9.139692690863571,9.142246000706981,9.144927117028123,9.147742437212944,9.150698678870677,9.153802895862789,9.157062495134245,9.16048525438729,9.164079340639903,9.167853329713216,9.171816226694382,9.17597748742374,9.180347041057539,9.184935313760064,9.189753253581696,9.194812356582258,9.200124694262016,9.205702942365754,9.21156041112868,9.217711077036325,9.22416961617422,9.230951439246946,9.238072728350101,9.245550475582952,9.25340252359388,9.26164760815541,9.270305402870385,9.279396566115992,9.288942790337632,9.298966853810311,9.309492674990988,9.320545369591684,9.332151310509456,9.344338190756282,9.357135089539053,9.370572541647293,9.38468261031426,9.399498963725241,9.415056955355643,9.431393708330583,9.4485482040073,9.466561374991732,9.485476202811284,9.505337820476836,9.52619362017871,9.548093366373656,9.571089314532658,9.595236335832968,9.6205920480919,9.647216953254846,9.675174581765589,9.704531644163438,9.735358190268922,9.767727776337903,9.80171764058301,9.83740888748118,9.874886681307162,9.914240449354748,9.955564095330695,9.9989562234305,10.044520373630746,10.092365268759407,10.142605073933712,10.19535966898455,10.250754934517474,10.308923052292847,10.370002820641833,10.434139985670805,10.501487589044428,10.572206333177187,10.64646496470465,10.72444067714944,10.806319533742506,10.892296911408604,10.982577966975114,11.077378126716553
0.20585858585858588,9.104971150628995,9.105786466713598,9.106642593600641,9.107541574083164,9.108485553206679,9.109476783387452,9.110517629786973,9.111610575955455,9.112758229757812,9.11396332959628,9.115228750944485,9.116557513208612,9.117952786931985,9.119417901360297,9.120956352385498,9.122571810887344,9.12426813149246,9.12604936177187,9.127919751898892,9.129883764790472,9.131946086756157,9.134111638680096,9.136385587762764,9.138773359850441,9.141280652381829,9.143913447982737,9.14667802874125,9.149580991197464,9.152629262083515,9.155830114851524,9.159191187028837,9.162720498442004,9.166426470352974,9.17031794555317,9.174404209463399,9.178695012289912,9.183200592289555,9.187931700199425,9.192899624889423,9.198116220298852,9.203593933721367,9.209345835505754,9.215385650243421,9.22172778951702,9.228387386288343,9.235380331007555,9.242723309529909,9.250433842930464,9.258530329311771,9.267032087704298,9.275959404164382,9.285333580179683,9.295176983497646,9.30551310149828,9.316366597238597,9.327763368302476,9.339730608596353,9.352296873238219,9.365492146694766,9.379347914329283,9.393897237531027,9.40917483260535,9.425217153612863,9.442062479355274,9.459751004715526,9.478324936570157,9.497828594502787,9.518308516559063,9.539813570295419,9.562395069386646,9.586106896070557,9.611005629721904,9.637150681862392,9.664604437928956,9.693432406138593,9.72370337380499,9.755489571479963,9.788866845311393,9.823914838028946,9.860717178989438,9.899361683735362,9.939940563542752,9.982550645458385,10.027293603351401,10.07427620053063,10.123610544506567,10.175414354505861,10.229811242376641,10.286931007554912,10.346909946795856,10.409891179408987,10.47602498877324,10.545469180946755,10.618389461227014,10.694959829559712,10.775362995739819,10.85979081539533,10.94844474779399,11.041536336565109,11.13928771448343
0.208989898989899,9.10547044311345,9.10631075137873,9.107193121435147,9.108119658694264,9.109092573954506,9.110114188676336,9.111186940521467,9.112313389169353,9.113496222424827,9.11473826263145,9.116042473405898,9.11741196670942,9.118850010273293,9.120360035395922,9.12194564513027,9.12361062288107,9.125358941432422,9.127194772427227,9.129122496321147,9.131146712834811,9.133272251929206,9.135504185330454,9.137847838631465,9.140308803999352,9.142892953518913,9.145606453204044,9.148455777710497,9.151447725785093,9.154589436488262,9.157888406228615,9.161352506650191,9.164990003415076,9.168809575926185,9.17282033803731,9.177031859799802,9.181454190297833,9.186097881626669,9.190974014071235,9.19609422254499,9.201470724352252,9.207116348340183,9.21304456551002,9.219269521160594,9.225806068640825,9.232669804791742,9.239877107162615,9.247445173089982,9.25539206073284,9.263736732161911,9.27249909860582,9.281700067962124,9.291361594686604,9.30150673217984,9.3121596877961,9.323345880605787,9.335092002049299,9.347426079627036,9.360377543777538,9.373977298103341,9.388257793112132,9.403253103649181,9.418999010205814,9.43553308429797,9.452894778118567,9.471125518677633,9.49026880665483,9.510370320200286,9.531478023931417,9.553642283385868,9.57691598520365,9.601354663325319,9.62701663150729,9.653963122470559,9.682258434014837,9.711970082446808,9.743168963688591,9.775929522450896,9.810329929874536,9.846452270064193,9.884382735959562,9.924211835011262,9.96603460515227,10.009950841580276,10.056065334892022,10.104488121137921,10.155334744393556,10.20872653247461,10.264790886453065,10.323661584665508,10.385479101938865,10.450390944795243,10.518552003435678,10.590124921342563,10.665280483382604,10.744198023336253,10.827065851825939,10.914081705664014,11.005453219692503,11.101398422240338,11.202146255380088
0.21212121212121215,9.105977273009314,9.10684295074203,9.107751960139755,9.108706470177891,9.109708758400398,9.11076121635424,9.111866355295835,9.113026812183147,9.114245355967714,9.115524894201634,9.11686847997525,9.118279319202124,9.119760778268647,9.121316392066568,9.122949872427577,9.124665116980117,9.126466218449478,9.128357474423474,9.130343397606897,9.132428726589284,9.13461843715167,9.13691775413931,9.139332163928692,9.141867427518592,9.14452959427643,9.147325016372672,9.150260363937807,9.153342640977973,9.156579202087277,9.159977769996656,9.163546454001164,9.167293769309648,9.171228657362997,9.175360507169438,9.17969917770778,9.184255021452099,9.189038909073943,9.194062255381064,9.199337046554525,9.20487586874919,9.210691938125857,9.216799132386681,9.22321202388914,9.229945914417561,9.237016871695205,9.24444176772398,9.252238319043338,9.260425129004364,9.26902173215999,9.278048640877197,9.2875273942825,9.297480609657471,9.307932036406937,9.318906612728687,9.330430525119866,9.342531270862072,9.355237723634271,9.368580202410124,9.382590543804056,9.397302178038823,9.41275020871574,9.428971496578043,9.446004747467155,9.463890604681856,9.482671745960662,9.502392985318927,9.523101379983611,9.544846342680943,9.567679759544918,9.591656113927991,9.616832616409415,9.643269341311482,9.671029370049418,9.700178941656997,9.730787610847111,9.762928413984426,9.796678043366194,9.832117030227124,9.86932993690495,9.908405558625303,9.949437135387335,9.992522574455743,10.037764683990043,10.08527141836859,10.13515613579274,10.187537868785766,10.242541608232008,10.300298601633934,10.360946666298828,10.424630518202285,10.491502117313207,10.561721030204229,10.635454810812707,10.712879400260725,10.794179546688003,10.879549246099419,10.969192205278823,11.063322327873644,11.162164224809898,11.265953750255349
0.21525252525252528,9.106491640316749,9.107383064803663,9.108319109714659,9.109302008534259,9.11033410654459,9.111417866421425,9.112555874110365,9.113750844997151,9.115005630386824,9.116323224307212,9.117706770652966,9.119159570687184,9.12068509091856,9.122286971372793,9.123969034278044,9.125735293185159,9.127589962544377,9.129537467761443,9.131582455757055,9.133729806054896,9.135984642424656,9.138352345107883,9.140838563655784,9.143449230409644,9.146190574656005,9.149069137490413,9.152091787425157,9.15526573677828,9.158598558882955,9.162098206158284,9.16577302908465,9.169631796128908,9.173683714666916,9.177938452953413,9.182406163191576,9.187097505757382,9.192023674636511,9.197196424134559,9.202628096924231,9.208331653496487,9.214320703085894,9.220609536143982,9.22721315843811,9.234147326857178,9.241428587009661,9.249074312703653,9.257102747403152,9.265533047759508,9.27438532932188,9.283680714535846,9.293441383144625,9.303690625113248,9.31445289620192,9.325753876321235,9.337620530808444,9.350081174771036,9.363165540651186,9.37690484917224,9.391331883836603,9.406481069152774,9.422388552778191,9.439092291773946,9.45663214317714,9.475049959107086,9.494389686632243,9.514697472636243,9.536021773933248,9.558413472895372,9.581925998868153,9.606615455663734,9.632540755436082,9.659763759257617,9.688349424732777,9.718365961000739,9.74988499149718,9.782981724863461,9.817735134411084,9.854228146569666,9.892547838768076,9.932785647220978,9.975037585116532,10.019404471725945,10.065992172981527,10.114911854097294,10.166280244834926,10.220219918048008,10.276859582169172,10.336334388338013,10.39878625290262,10.464364196064148,10.533224697472463,10.605532069621248,10.681458849933458,10.761186212472605,10.84490440026209,10.932813179244071,11.025122314960887,11.122052073096286,11.223833745070628,11.330710199943969
0.2183838383838384,9.107013545035914,9.107931093563817,9.108894570160052,9.109906273763587,9.11096861838732,9.11208413887815,9.113255496965344,9.114485487611683,9.115777045682508,9.117133252948573,9.118557345439468,9.120052721165074,9.121622948223552,9.123271773315171,9.1250031306823,9.126821151496895,9.128730173717884,9.130734752441972,9.13283967077255,9.135049951232668,9.13737086774929,9.13980795823741,9.142367037814106,9.145054212674001,9.147875894659292,9.150838816559084,9.153950048174543,9.15721701318821,9.160647506877714,9.164249714716162,9.168032231903588,9.172004083876082,9.176174747841493,9.180554175393143,9.185152816255489,9.189981643218408,9.195052178319575,9.200376520337436,9.205967373660396,9.211838078601057,9.218002643227887,9.22447577679027,9.231272924816679,9.238410305969749,9.245904950746175,9.25377474211378,9.262038458182769,9.27071581701291,9.279827523663654,9.289395319599398,9.299442034567832,9.309991641075138,9.321069311588037,9.332701478599217,9.344915897699426,9.35774171380677,9.371209530711253,9.385351484100529,9.400201318241072,9.415794466497838,9.432168135884478,9.44936139584592,9.467415271485164,9.48637284145676,9.506279340760585,9.52718226868119,9.549131502130324,9.57217941466311,9.596381001451837,9.621794010515659,9.648479080519287,9.676499885469573,9.705923286655201,9.736819492192133,9.769262224555442,9.803328896497392,9.83910079577149,9.876663279103314,9.916105975871005,9.957523001981397,10.001013184452164,10.046680297235874,10.094633308848621,10.144986642394151,10.197860448603882,10.253380892544348,10.311680454676116,10.372898246982537,10.437180344922595,10.504680135999884,10.575558685779342,10.649985122225079,10.728137039276223,10.810200920623657,10.896372584698735,10.986857651935603,11.08187203542189,11.181642456108383,11.286406983806799,11.396415605266341
0.22151515151515153,9.107542987166973,9.10848703702267,9.109478341476139,9.110519265866092,9.111612293928832,9.112760033724685,9.113965223861069,9.11523074002707,9.11655960185512,9.117954980126111,9.119420204335194,9.120958770636268,9.122574350184143,9.124270797894278,9.126052161640978,9.127922691916025,9.129886851970772,9.131949328465913,9.134115042654315,9.136389162123635,9.138777113126707,9.141284593529146,9.143917586405038,9.146682374313187,9.149585554287963,9.152634053580526,9.155835146187997,9.159196470209999,9.162726046074013,9.166432295672992,9.170324062460951,9.17441063255445,9.178701756890332,9.183207674492587,9.187939136903875,9.19290743383997,9.198124420128396,9.203602543995485,9.209354876769387,9.215395144069895,9.221737758559527,9.228397854333993,9.23539132303413,9.242734851765475,9.250445962915943,9.25854305596666,9.26704545139568,9.275973436779385,9.285348315201562,9.295192456085683,9.305529348571678,9.316383657564579,9.327781282588786,9.339749419588387,9.352316625821029,9.365512888000161,9.379369693848295,9.393920107231999,9.409198847057949,9.425242370118289,9.44208895808299,9.459778808846838,9.478354132448967,9.497859251793914,9.518340708414467,9.53984737352876,9.562430564656578,9.58614416807319,9.611044767392912,9.63719177858923,9.664647591773702,9.693477720071947,9.723750955951974,9.755539535377949,9.788919310181013,9.823969929058585,9.860775027633958,9.89942242802979,9.94000434843166,9.982617623141756,10.02736393364782,10.074350051258643,10.123688091885139,10.175495783574874,10.229896747438438,10.287020792637955,10.347004226141577,10.409990177983023,10.476128942802246,10.5455783384821,10.618504082736678,10.695080188549825,10.7754893794073,10.859923525313208,10.948584100631,11.041682664841343,11.139441367363784,11.242093477646659,11.34988394178983,11.463069967028217
0.22464646464646468,9.108079966710092,9.109050895180403,9.110070423663117,9.111140984841995,9.112265133169371,9.113445550961298,9.114685054797834,9.115986602243638,9.117353298905023,9.118788405840222,9.120295347340578,9.12187771910125,9.123539296800871,9.125284045110705,9.127116127154729,9.129039914443261,9.131059997303828,9.133181195834132,9.135408571403307,9.137747438728843,9.140203378558065,9.14278225098436,9.14549020942998,9.148333715328743,9.151319553543715,9.154454848556608,9.157747081467571,9.16120410784591,9.164834176474344,9.168645949031516,9.17264852075975,9.176851442167322,9.181264741817078,9.185898950255764,9.190765125141148,9.195874877626922,9.201240400068318,9.206874495114578,9.212790606257652,9.21900284991009,9.225526049088602,9.232375768783708,9.23956835309986,9.247120964254671,9.255051623530301,9.263379254274733,9.272123727055545,9.281305907073918,9.290947703952046,9.301072124012734,9.311703325175934,9.32286667460325,9.33458880922792,9.346897699314768,9.359822715201755,9.373394697382423,9.387646030096468,9.402610718604024,9.41832447032811,9.43482478005881,9.452151019422564,9.47034453083004,9.489448726126792,9.509509190182097,9.530573789663208,9.55269278725453,9.575918961594352,9.60030773321528,9.62591729678895,9.65280875999057,9.681046289314667,9.710697263190005,9.741832432759049,9.774526090705624,9.808856248533658,9.844904822720009,9.882757830185602,9.92250559355132,9.964242956668382,10.008069510937569,10.054089832957251,10.102413734067367,10.153156522384696,10.206439277954743,10.262389141676703,10.321139618690946,10.382830896952845,10.447610181753085,10.515632046982633,10.587058803980394,10.662060888843609,10.740817269125102,10.823515870887631,10.910354027134247,11.001538948684507,11.097288218619966,11.197830311478524,11.303405138436364,11.414264619778026,11.530673286020463
0.2277777777777778,9.108624483665443,9.109622668037204,9.110670816721193,9.111771430691528,9.112927136109183,9.114140690588266,9.115414989775942,9.11675307426172,9.118158136832585,9.11963353009131,9.12118277445607,9.12280956656051,9.124517788074275,9.126311514965046,9.128195027224207,9.130172819079329,9.132249609717844,9.134430354547506,9.136720257020487,9.139124781049356,9.14164966404453,9.144300930604343,9.147084906890347,9.150008235722229,9.153077892428266,9.15630120148922,9.15968585401535,9.163239926098232,9.166971898081222,9.17089067479451,9.175005606803044,9.17932651271806,9.183863702625427,9.18862800268673,9.193630780971775,9.198883974584174,9.204400118144742,9.210192373700647,9.216274562131716,9.222661196128813,9.229367514822993,9.236409520148072,9.243804015023379,9.251568643447785,9.259721932600714,9.268283337050587,9.277273285176173,9.286713227911664,9.29662568993173,9.30703432339878,9.317963964400588,9.329440692213055,9.341491891529447,9.354146317804656,9.367434165870396,9.381387141985073,9.39603853949026,9.411423318254332,9.427578188092806,9.444541696364492,9.462354319952457,9.481058561849323,9.500699052577353,9.521322656685374,9.542978584576657,9.565718509934621,9.589596693026557,9.614670110179633,9.64099858973814,9.668644954826425,9.697675173258148,9.72815851494965,9.760167717213003,9.79377915832321,9.829073039773725,9.866133577655186,9.905049203614029,9.945912775870541,9.988821800799846,10.033878665604552,10.081190882634292,10.130871345935068,10.183038600640606,10.237817125848474,10.295337631655933,10.355737371064233,10.419160467495598,10.485758258704266,10.555689657902214,10.629121532961127,10.70622910459535,10.787196364475822,10.872216514272573,10.961492426673193,11.0552371294772,11.153674313921242,11.257038868447818,11.365577439191016,11.479549018516352,11.599225563018845
0.23090909090909092,9.109176538033195,9.11020235559326,9.111279520650575,9.112410603414913,9.113598302748523,9.114845452605866,9.116155028795703,9.117530156081651,9.118974115638178,9.120490352879788,9.12208248568212,9.123754313014551,9.125509824004903,9.127353207457903,9.129288861850076,9.131321405824957,9.13345568921363,9.13569680460692,9.138050099506835,9.140521189086247,9.14311596958729,9.145840632390394,9.14870167878758,9.151705935495226,9.154860570943358,9.15817311238028,9.161651463833442,9.165303924969285,9.169139210897209,9.173166472964782,9.177395320593918,9.181835844210061,9.18649863931912,9.191394831789605,9.19653610440028,9.201934724716702,9.207603574363132,9.213556179759706,9.219806744398188,9.226370182733323,9.233262155770673,9.240499108435847,9.248098308814308,9.256077889355376,9.26445689013878,9.273255304306948,9.282494125771537,9.292195399307946,9.302382273157422,9.313079054262248,9.32431126626584,9.336105710416133,9.348490529517617,9.36149527508461,9.375150977856032,9.389490221839933,9.404547222064492,9.420357906221,9.436960000393665,9.45439311908082,9.472698859722353,9.491920901958926,9.512105111859837,9.533299651368292,9.555555093225182,9.578924541645698,9.60346375903667,9.629231299057082,9.656288646339261,9.684700363204138,9.714534243720722,9.745861475477385,9.778756809451009,9.813298738379325,9.849569684062107,9.887656194038138,9.927649148107285,9.969643975190465,10.013740881044981,10.060045087378569,10.108667082932751,10.159722887134558,10.21333432694575,10.269629327570103,10.328742217712383,10.390814050117376,10.455992938153758,10.524434409245865,10.596301775996652,10.671766525887264,10.751008730483003,10.834217475121987,10.921591310111673,11.013338724509657,11.109678643619121,11.210840951385821,11.317067038942897,11.428610380612184,11.545737138736214,11.668726798783824
0.23404040404040408,9.10973612981352,9.110789957848764,9.111896535451473,9.113058503012386,9.114278633087647,9.115559837014379,9.116905171857423,9.118317847703779,9.119801235322178,9.121358874206068,9.122994481019182,9.124711958463868,9.126515404593308,9.128409122589888,9.130397631033011,9.132485674680886,9.134678235791997,9.136980546013273,9.139398098863339,9.141936662840612,9.144602295187546,9.147401356343842,9.15034052512313,9.153426814649338,9.156667589090752,9.16007058123173,9.16364391092398,9.167396104461423,9.171336114924884,9.175473343545178,9.179817662135507,9.184379436646772,9.189169551901944,9.19419943756855,9.199481095431246,9.205027128029542,9.210850768729026,9.21696591329784,9.223387153063753,9.230129809730967,9.237209971939713,9.244644533655892,9.252451234482377,9.260648701988135,9.269256496156222,9.278295156056688,9.287786248855753,9.297752421278254,9.308217453646103,9.319206316621761,9.330745230792099,9.342861729234846,9.355584723216925,9.368944571181453,9.38297315118802,9.39770393697913,9.413172077854304,9.42941448254245,9.446469907272675,9.464379048253667,9.483184638782344,9.502931551213518,9.523666904033888,9.545440174295882,9.56830331567965,9.59231088246494,9.617520159708695,9.64399129993901,9.671787466691649,9.700974985231621,9.731623500819527,9.763806144900274,9.79759970961079,9.833084831023118,9.87034618156018,9.909472672043318,9.950557663853782,9.993699191714375,10.039000197622894,10.08656877649552,10.136518434106327,10.188968357938345,10.244043701592478,10.301875883432853,10.362602900181193,10.426369656208442,10.493328309309321,10.563638633784777,10.63746840169865,10.71499378321816,10.796399766993352,10.881880601578484,10.97164025894847,11.065892921216243,11.164863491712183,11.268788131645005,11.377914823624305,11.492503963389288,11.612828981155278,11.739176994060406
0.2371717171717172,9.110303259006596,9.111385474803908,9.112521861124101,9.113715129484182,9.114968127126811,9.11628384381409,9.117665418961419,9.119116149128445,9.120639495884967,9.12223909407057,9.123918760467724,9.125682502908976,9.127534529840053,9.129479260361618,9.131521334773693,9.13366562564787,9.135917249453778,9.138281578767478,9.140764255091003,9.143371202313551,9.146108640846512,9.148983102466023,9.152001445898476,9.155170873186186,9.158498946872236,9.161993608045535,9.165663195289133,9.169516464577024,9.173562610166872,9.177811286538578,9.18227263143098,9.186957290031678,9.191876440377731,9.197041820027781,9.202465754069305,9.208161184527789,9.214141701248025,9.2204215743212,9.227015788135171,9.233940077129173,9.241210963338272,9.248845795817175,9.25686279203743,9.26528108135686,9.274120750664904,9.283402892312816,9.293149654443095,9.30338429383824,9.31413123141494,9.325416110496136,9.337265857999983,9.349708748691778,9.362774472652106,9.376494206122262,9.390900685896,9.406028287435088,9.421913106895147,9.438593047257434,9.456107908772188,9.474499483929286,9.49381165718292,9.514090509668197,9.53538442915959,9.557744225533641,9.581223252011409,9.605877532470029,9.631765895127158,9.658950112917326,9.687495050895174,9.717468821017327,9.748942944672244,9.78199252334591,9.816696417830569,9.853137436404209,9.891402532429757,9.931583011845564,9.973774751042244,10.018078425645776,10.064599750752796,10.113449733191269,10.164744936408503,10.218607758618525,10.275166724872491,10.334556793749021,10.396919679396241,10.462404189693869,10.53116658134222,10.603370932725326,10.679189535437773,10.7588033054094,10.84240221460869,10.930185744354889,11.02236336132029,11.119155017358333,11.220791674349979,11.327515855320545,11.439582223141711,11.557258188199413,11.680824546477297,11.810576149577978
0.24030303030303032,9.110877925612598,9.111988906458889,9.113155497668675,9.114380482830537,9.11566678486628,9.117017473005287,9.118435770108007,9.119925060356003,9.121488897326929,9.123131012473722,9.12485532402821,9.126665946350391,9.128567199745708,9.130563620773723,9.13265997307281,9.13486125872667,9.137172730199806,9.139599902870458,9.142148568190843,9.144824807506184,9.14763500656542,9.15058587075829,9.153684441115105,9.156938111107413,9.160354644289617,9.16394219282368,9.167709316931086,9.171665005318497,9.17581869662582,9.180180301947901,9.184760228483542,9.189569404368308,9.194619304750365,9.199921979171567,9.205490080319148,9.211336894216599,9.217476371925793,9.223923162836014,9.230692649619284,9.237800984935454,9.245265129974607,9.253102894928753,9.261332981489415,9.269975027472476,9.27904965367681,9.288578513088485,9.298584342547988,9.309091017003723,9.320123606481271,9.33170843590437,9.343873147910314,9.356646768809737,9.370059777848128,9.38414417993437,9.398933582009873,9.414463273240516,9.430770309222787,9.447893600405045,9.465874004934898,9.484754426154298,9.504579914974967,9.525397777378467,9.54725768729746,9.570211805147506,9.59431490229227,9.619624491739126,9.646200965377076,9.674107738084443,9.703411399050225,9.734181870670213,9.766492575397054,9.80042061094237,9.836046934249042,9.873456554672652,9.91273873683304,9.953987213620039,9.99730040986164,10.042781677188323,10.090539540653925,10.140687957701562,10.193346590092478,10.248641089446693,10.306703397076733,10.367672058829864,10.431692555690033,10.498917650928322,10.569507754630171,10.643631306469121,10.7214651776403,10.803195092912624,10.889016073806628,10.979132903955287,11.073760617758053,11.173125013493902,11.277463192117587,11.38702412302447,11.502069238133718,11.622873055707144,11.749723835391968,11.8829242660502
0.24343434343434348,9.11146012963171,9.112600252813905,9.113797445085412,9.115054563051695,9.11637460630632,9.117760724588265,9.119216225297514,9.120744581386806,9.122349439648458,9.124034629415956,9.125804171701121,9.127662288788638,9.129613414310848,9.131662203826837,9.133813545931067,9.136072573918051,9.138444678030933,9.140935518323143,9.14355103816389,9.146297478419644,9.149181392345518,9.152209661222019,9.155389510774533,9.158728528414683,9.162234681344726,9.165916335568184,9.169782275852057,9.173841726688282,9.178104374304414,9.182580389776097,9.187280453296442,9.19221577966023,9.197398145023765,9.20283991500422,9.208554074185518,9.214554257101181,9.220854780768063,9.22747067884858,9.234417737523012,9.241712533157413,9.24937247185706,9.257415830999792,9.265861802848391,9.27473054034602,9.284043205204048,9.293822018396979,9.304090313185002,9.314872590790676,9.326194578862612,9.338083292865658,9.350567100544112,9.363675789611746,9.3774406388302,9.391894492645363,9.407071839559817,9.42300889442841,9.439743684873296,9.457316142024688,9.475768195803848,9.49514387497569,9.515489412209748,9.536853354400234,9.559286678508432,9.582842913203862,9.607578266594503,9.633551760350858,9.660825370543943,9.689464175533256,9.719536511257663,9.751114134299725,9.784272393112609,9.81909040781819,9.855651259005331,9.894042185978895,9.934354794932567,9.976685277542169,10.021134640501124,10.067808946545746,10.116819567545472,10.168283450261944,10.222323395411058,10.279068350693837,10.338653718495294,10.401221678985475,10.466921529393568,10.535910040264573,10.608351829548544,10.684419755414902,10.764295328729048,10.848169146175362,10.936241345059939,11.028722080878103,11.12583202878611,11.227802910173356,11.334878045591395,11.447312935358912,11.565375869227728,11.689348566564433,11.819526848574819,11.956221344174914
0.2465656565656566,9.112049871064112,9.11321951386916,9.114447703374536,9.115737370147897,9.117091591447197,9.118513598563322,9.120006784530261,9.121574712221216,9.123221122849952,9.124949944897708,9.126765303486934,9.128671530224244,9.130673173536058,9.132775009521604,9.134982053349166,9.1372995712228,9.139733092948015,9.142288425126484,9.14497166501118,9.147789215055077,9.150747798188066,9.153854473858598,9.157116654878285,9.160542125109679,9.164139058039416,9.167916036281085,9.17188207205429,9.176046628688844,9.180419643205365,9.18501155002615,9.18983330587296,9.194896415911055,9.200212961201908,9.205795627530106,9.211657735673214,9.217813273186815,9.224276927780627,9.231064122365263,9.238191051853347,9.245674721802729,9.253532988994065,9.261784604039551,9.270449256124524,9.279547619988646,9.289101405258858,9.299133408251722,9.309667566368859,9.32072901521524,9.332344148576643,9.344540681399375,9.357347715922602,9.370795811121038,9.384917055623754,9.399745144283065,9.415315458576268,9.431665151032048,9.448833233883034,9.46686067215609,9.485790481422415,9.505667830440798,9.5265401489389,9.548457240789794,9.571471402853849,9.595637549769506,9.621013344990809,9.647659338384303,9.675639110713705,9.705019425357122,9.73587038761882,9.768265612015751,9.802282397938,9.838001914102325,9.875509392238941,9.914894330473723,9.956250706891161,9.999677203787604,10.045277443149976,10.093160233921795,10.143439831646505,10.196236211107676,10.251675352616576,10.309889542630243,10.3710176894173,10.435205654524689,10.502606600836224,10.573381358053368,10.647698806470222,10.7257362799584,10.807679989123239,10.893725465640886,10.984078028836388,11.078953275615927,11.178577594922068,11.28318870793934,11.393036235338949,11.508382292915948,11.629502117039783,11.756684721410462,11.890233586687089,12.030467384634049
0.24969696969696972,9.11264714990999,9.113846689624852,9.11510627253627,9.116428904119392,9.117817740289187,9.119276094930756,9.120807447806584,9.122415452859597,9.124103946931811,9.125876958919418,9.127738719386137,9.12969367065775,9.131746477421931,9.133902037858673,9.13616549532783,9.1385422506417,9.141037974951924,9.143658623281436,9.146410448733773,9.149300017413642,9.152334224094343,9.155520308669434,9.158865873427912,9.1623789011941,9.16606777437556,9.169941294964444,9.174008705540052,9.178279711322684,9.18276450333142,9.187473782701083,9.192418786216425,9.197611313124439,9.203063753288806,9.208789116753643,9.214801064787089,9.221113942478832,9.227742812969346,9.234703493392502,9.24201259261736,9.249687550879168,9.257746681394153,9.266209214057392,9.27509534132808,9.284426266411627,9.294224253853606,9.304512682666273,9.315316102114423,9.32666029029371,9.338572315641223,9.351080601525082,9.364214994067202,9.378006833361066,9.392489028254449,9.407696134875549,9.423664439089922,9.44043204308498,9.458038956288664,9.476527190839285,9.495940861834299,9.516326292597306,9.53773212521442,9.560209436603822,9.583811860395441,9.608595714911647,9.63462013755431,9.66194722591896,9.690642185972747,9.72077348764983,9.752413028235452,9.785636303928616,9.820522589992729,9.857155129924108,9.895621334089725,9.936012988308226,9.978426472871886,10.022962992532154,10.069728817997543,10.118835539520166,10.170400333175907,10.224546240473664,10.281402461960813,10.34110466552542,10.403795310130814,10.469623985754955,10.53874777034565,10.611331604643304,10.687548685765465,10.7675808804922,10.851619159238357,10.939864051748053,11.032526125598588,11.129826488655375,11.23199731667665,11.339282407326618,11.451937761918806,11.57023219627748,11.69444798217445,11.824881520871548,11.961844050375658,12.10566238809359
0.25282828282828285,9.113251966169532,9.114481780081192,9.115773152570842,9.117129164966432,9.118553052832564,9.120048213690868,9.121618215126816,9.123266803302318,9.124997911894438,9.126815671481538,9.128724419399225,9.130728710089695,9.132833325969063,9.135043288838705,9.137363871867782,9.139800612175554,9.142359324043536,9.145046112788966,9.147867389332731,9.150829885496517,9.15394067006564,9.157207165655949,9.160637166424976,9.164238856669675,9.168020830355054,9.171992111620348,9.17616217631164,9.180540974592324,9.185138954685359,9.189967087803948,9.195036894330187,9.20036047130407,9.205950521288521,9.21182038267929,9.217984061532048,9.224456264982624,9.231252436340144,9.238388791936801,9.245882359822197,9.253751020394576,9.262013549065932,9.270689661062768,9.279800058469442,9.289366479626343,9.299411751000774,9.309959841654322,9.321035920436701,9.332666416042532,9.344879080074373,9.357703053262515,9.371168934999524,9.385308856355483,9.400156556748168,9.415747464451123,9.432118781131727,9.449309570621029,9.46736085212713,9.486315698114613,9.506219337083522,9.52711926149323,9.549065341088658,9.572109941899354,9.596308051195328,9.621717408697883,9.648398644358524,9.67641542303474,9.705834596407863,9.736726362505584,9.769164433209726,9.803226210149031,9.83899296939667,9.876550055413217,9.915987084697846,9.957398159633746,10.000882093037998,10.04654264395173,10.094488765233177,10.144834863544443,10.197701072352288,10.25321353859437,10.311504723694897,10.372713719647974,10.43698658092274,10.50447667298225,10.575345038247638,10.64976078038071,10.727901467801797,10.809953557405604,10.896112839485996,10.986584904931169,11.081585635803846,11.181341720476926,11.286091194553522,11.396084008861905,11.511582625880385,11.632862646015093,11.760213465224707,11.893938965561047,12.034358240272983,12.18180635520353
0.255959595959596,9.113864319842925,9.115124785238388,9.116448343478483,9.117838152689268,9.11929752907761,9.120829954843973,9.122439086491294,9.124128763549752,9.125903017738251,9.127766082584515,9.129722403526694,9.13177664852063,9.13393371917806,9.136198762462366,9.138577182969753,9.14107465582517,9.143697140223747,9.146450893650057,9.149342486809136,9.152378819304886,9.155567136103269,9.158915044819581,9.162430533871063,9.166121991538144,9.169998225979818,9.174068486250906,9.178342484371374,9.18283041850032,9.187542997269988,9.192491465337838,9.19768763021765,9.203143890453687,9.208873265205158,9.214889425311563,9.221206725913051,9.227840240703637,9.234805797899007,9.242120018004739,9.249800353475079,9.257865130356882,9.266333592018109,9.27522594506523,9.284563407559087,9.294368259644294,9.304663896712972,9.315474885229696,9.326827021350852,9.338747392478309,9.35126444189428,9.364408036631595,9.378209538741373,9.392701880128149,9.407919641131011,9.423899133038327,9.440678484732882,9.458297733674282,9.476798921435659,9.496226194022707,9.51662590721442,9.538046737176915,9.560539796614307,9.58415875673379,9.60895997531599,9.635002631196194,9.662348865477368,9.691063929811952,9.721216342106244,9.75287805001898,9.786124602644191,9.821035330788074,9.857693536270045,9.896186690699652,9.936606644203737,9.97904984460184,10.023617567552892,10.070416158222308,10.119557285046183,10.171158206198028,10.22534204939394,10.282238105703751,10.341982138069245,10.404716705265564,10.47059150207873,10.539763716510963,10.61239840486603,10.688668885609536,10.768757152943877,10.852854311084517,10.941161030273747,11.033888025619849,11.13125655990404,11.233498971554804,11.340859229049197,11.453593513063757,11.571970827763865,11.696273642689958,11.826798566771851,11.963857056079277,12.107776156997042,12.258899286597867
0.25909090909090915,9.114484210930362,9.11577570509665,9.117131845259424,9.118555867288158,9.120051169024602,9.121621318390375,9.123270061900364,9.125001333602276,9.126819264463663,9.128728192228813,9.130732671769053,9.13283748595111,9.135047657049533,9.13736845873033,9.13980542863449,9.142364381591367,9.145051423493452,9.147872965865698,9.150835741164078,9.153946818839952,9.157213622208547,9.16064394616179,9.164245975767777,9.168028305801274,9.17199996125179,9.176170418858257,9.180549629721604,9.185148043049251,9.189976631088149,9.195046915305875,9.200370993882245,9.205961570577065,9.211831985042869,9.217996244655023,9.22446905793511,9.231265869647382,9.238402897651982,9.245897171602957,9.253766573583302,9.262029880774094,9.270706810259476,9.279818066074426,9.289385388607599,9.299431606477087,9.30998069100293,9.321057813406348,9.332689404872163,9.3449032196178,9.357728401119296,9.371195551652411,9.385336805314743,9.400185904703127,9.415778281429299,9.432151140665933,9.449343549924826,9.467396532279082,9.48635316425175,9.506258678604494,9.527160572271631,9.54910871969703,9.57215549184439,9.59635588116487,9.621767632820267,9.648451382474924,9.67647080098512,9.705892746331273,9.736787423155455,9.769228550284984,9.803293536641755,9.839063665957173,9.876624290733384,9.91606503591368,9.957480012748057,10.000968043364235,10.046632896580057,10.094583535519865,10.144934377625749,10.19780556768408,10.253323264518745,10.311619942035174,10.372834705333462,10.437113622644771,10.504610073883084,10.575485116643808,10.6499078705226,10.728055920671235,10.810115741553387,10.896283141911312,10.98676373200506,11.081773414238903,11.18153889834548,11.28629824235684,11.39630142065288,11.511810920442443,11.633102368100072,11.760465186852727,11.894203287385428,12.034635793013482,12.182097801151324,12.336941182894607
0.26222222222222225,9.115111639432039,9.116434539656192,9.117823657913902,9.11928230876336,9.120813972673831,9.122422304330394,9.124111141354373,9.125884513460274,9.127746652071092,9.129702000414895,9.13175522412681,9.133911222381704,9.136175139584104,9.138552377643279,9.141048608862745,9.143669789474968,9.146422173853567,9.149312329436894,9.152347152398661,9.155533884102931,9.158880128382815,9.162393869684044,9.166083492116737,9.169957799460843,9.174026036172933,9.178297909444556,9.182783612364704,9.187493848241731,9.192439856142714,9.197633437711215,9.203086985327447,9.208813511678022,9.214826680805846,9.221140840714279,9.227771057603292,9.23473315181942,9.242043735605186,9.249720252738168,9.257781020154235,9.266245271654304,9.275133203798907,9.284466024100098,9.294266001625664,9.304556520136442,9.3153621338835,9.32670862619836,9.33862307101607,9.351133897477908,9.364270957767935,9.378065598345234,9.392550734741809,9.40776093010468,9.42373247766956,9.44050348736294,9.458113976739245,9.476605966470032,9.496023580613167,9.516413151901178,9.53782333230009,9.560305209102545,9.583912426832253,9.608701315250665,9.634731023771343,9.66206366260277,9.69076445095642,9.720901872673739,9.752547839643416,9.785777863398904,9.820671235305657,9.857311215768053,9.895785232907503,9.936185091185818,9.978607190471656,10.023152756072786,10.069928080283038,10.119044776020324,10.170620043160909,10.22477694820546,10.28164471794412,10.341359047821353,10.404062425736273,10.469904472051056,10.539042296618664,10.611640873681711,10.687873435536966,10.767921885904665,10.851977233988912,10.940240050264725,11.03292094507914,11.130241071208197,11.232432651568791,11.339739533344357,11.452417769846372,11.570736231499842,11.694977247410375,11.825437279043463,11.962427627623155,12.106275176937771,12.257323173324794,12.41593204469578
0.2653535353535354,9.11574660534815,9.117101288917233,9.118523781442155,9.120017477115141,9.121585940025588,9.123232912664347,9.12496232485367,9.126778303124134,9.12868518056097,9.130687507143229,9.132790060600481,9.134997857812973,9.1373161667824,9.139750519201906,9.142306723655276,9.144990879476817,9.14780939130501,9.15076898436466,9.153876720514003,9.157140015095052,9.160566654627425,9.164164815387833,9.167943082919582,9.171910472518656,9.176076450745231,9.180450958011985,9.185044432303073,9.1898678340804,9.194932672436586,9.200251032557052,9.20583560455676,9.21169971376041,9.217857352498333,9.224323213493989,9.231112724922713,9.238242087225375,9.24572831176479,9.253589261417153,9.261843693195322,9.27051130300568,9.279612772645372,9.28916981915208,9.299205246624071,9.309743000634187,9.320808225367644,9.332427323619948,9.344628019798142,9.357439426075686,9.37089211185887,9.3850181767305,9.399851327044932,9.415426956357258,9.431782229878527,9.448956173158567,9.466989765208053,9.485926036281978,9.505810170557945,9.526689613954243,9.54861418734502,9.571636205442736,9.595810601631555,9.621195059049576,9.64785014823273,9.675839471648763,9.705229815466245,9.736091308920727,9.768497591658376,9.802525989456374,9.838257698739444,9.875777980332735,9.91517636291347,9.956546856646787,9.999988177515549,10.045603982879436,10.09350311882538,10.14379987989952,10.196614281840478,10.252072347964665,10.310306409886955,10.371455423294266,10.435665299525446,10.50308925374864,10.573888170566812,10.648230987923744,10.726295100226483,10.808266781645974,10.894341630605846,10.984725036519741,11.079632669890811,11.179290996942562,11.28393782000881,11.39382284497206,11.50920827710396,11.630369446729356,11.757595466206611,11.891189919791566,12.03147158803089,12.178775208413104,12.333452274091922,12.495871872587493
0.26848484848484855,9.116389108678893,9.117775952879986,9.119232215844425,9.12076137234376,9.12236707108016,9.124053143392558,9.125823612398609,9.127682702594244,9.129634849933725,9.13168471241429,9.133837181190595,9.136097392245498,9.138470738645053,9.140962883406907,9.143579773012853,9.146327651597755,9.149213075848714,9.15224293065002,9.155424445511231,9.158765211817558,9.162273200943746,9.165956783274662,9.169824748177968,9.173886324976536,9.178151204970687,9.182629564562749,9.187332089539137,9.192270000567927,9.197455079972697,9.20289969984661,9.208616851573735,9.21462017682813,9.220924000124608,9.227543362998858,9.234494059898543,9.241792675870924,9.249456626137029,9.257504197646757,9.26595459271408,9.27482797483647,9.28414551680792,9.293929451240304,9.304203123613707,9.314991047982263,9.326318965468449,9.338213905685448,9.350704251234086,9.363819805428337,9.37759186341093,9.39205328682881,9.407238582246656,9.423183983485519,9.439927538083147,9.457509198082253,9.4759709153634,9.495356741750014,9.515712934124373,9.53708806480544,9.559533137451929,9.583101708767176,9.60785001629626,9.633837112620313,9.661125006268257,9.689778809682256,9.719866894589897,9.751461055153937,9.784636679288905,9.819472928553333,9.856052927046944,9.894463959763486,9.93479768087257,9.977150332427485,10.021622974020854,10.068321723936174,10.11735801237058,10.168848847333132,10.222917093852992,10.27969176716377,10.339308340563544,10.401909068685095,10.467643326947718,10.536667968000454,10.609147696007255,10.685255459667003,10.765172864906143,10.849090608228519,10.937208931756278,11.029738101047485,11.126898906830442,11.228923191851667,11.336054404094464,11.448548177687941,11.566672942892325,11.690710566615804,11.82095702499101,11.957723109615713,12.101335169142581,12.252135887987285,12.410485104012693,12.576760667139986
0.27161616161616164,9.117039149424471,9.11845853154468,9.119948961120953,9.12151399444949,9.123157365837844,9.12488299651535,9.126695003989555,9.128597711871,9.130595660189792,9.132693616228558,9.134896585897671,9.137209825679857,9.139638855172704,9.142189470258987,9.144867756936252,9.147680105838639,9.15063322748562,9.153734168294013,9.15699032739149,9.160409474271704,9.163999767333161,9.167769773346057,9.171728487893567,9.175885356836323,9.18025029885133,9.184833729099077,9.18964658407535,9.194700347707004,9.200007078754014,9.205579439583149,9.21143072638195,9.21757490088512,9.224026623688998,9.230801289233643,9.237915062536002,9.2453849177618,9.253228678728203,9.261465061433896,9.270113718718093,9.279195287155003,9.288731436295684,9.298744920374785,9.309259632605562,9.320300662192713,9.33189435419912,9.344068372409323,9.356851765339746,9.370275035553206,9.384370212443097,9.399170928660942,9.414712500369694,9.431032011514294,9.448168402310563,9.466162562163642,9.48505742723766,9.50489808290947,9.525731871350985,9.547608504496784,9.57058018266659,9.59470171912571,9.620030670880622,9.646627476021882,9.674555597942069,9.703881676772914,9.734675688402982,9.767011111455368,9.800965102623863,9.836618680785996,9.874056920332247,9.913369154172809,9.954649186906284,9.997995518658948,10.04351158012878,10.091305979394987,10.141492761082059,10.194191678496649,10.249528479386662,10.30763520600437,10.368650510189516,10.432719984224159,10.499996508248714,10.570640615068044,10.644820873218032,10.722714289206545,10.804506729888502,10.890393365982753,10.980579137788903,11.075279244215132,11.174719656283818,11.279137656339934,11.388782404248687,11.503915531933176,11.624811767670455,11.75175959163537,11.885061924256132,12.025036849023818,12.17201837148025,12.326357216194955,12.48842166363264,12.6585984289077
0.2747474747474748,9.117696727585088,9.119149024911534,9.12067401727199,9.122275343432602,9.123956824298944,9.125722472033056,9.127576499626866,9.129523330954806,9.131567611329613,9.13371421858652,9.135968274722252,9.138335158116645,9.140820516366006,9.143430279758864,9.146170675426259,9.149048242200335,9.152069846216683,9.155242697297687,9.158574366155934,9.162072802458765,9.165746353797067,9.169603785603552,9.173654302068076,9.177907568099883,9.182373732389205,9.187063451623224,9.191987915914185,9.197158875500357,9.202588668783529,9.20829025176996,9.214277228985026,9.220563885935356,9.227165223195874,9.23409699220314,9.241375732840366,9.2490188129038,9.257044469544667,9.265471852785545,9.274321071215024,9.283613239969682,9.293370531117887,9.30361622656564,9.314374773610721,9.325671843277688,9.337534391572968,9.34999072380616,9.363070562131092,9.376805116467777,9.391227158974509,9.406371102247826,9.422273081436945,9.438971040468607,9.456504822588112,9.474916265432599,9.494249300863427,9.514550059795907,9.535866982276564,9.558250933070543,9.58175532303506,9.606436236568474,9.632352565439179,9.659566149313584,9.688141923318591,9.718148072990695,9.749656196981407,9.782741477907306,9.81748286175239,9.853963246250837,9.892269678699675,9.932493563673413,9.974730881136246,10.01908241547233,10.065653995980572,10.114556749407836,10.165907365123099,10.219828373565313,10.276448438629323,10.335902664687524,10.398332918979785,10.463888170140839,10.532724843672886,10.6050071952115,10.680907702475407,10.760607476835293,10.84429669548357,10.932175055236145,11.024452249048922,11.121348466385804,11.22309491863206,11.32993439080644,11.442121820888326,11.559924908142047,11.683624751889568,11.813516522255528,11.949910164484818,12.093131138513007,12.243521195553983,12.401439193557625,12.567261953482905,12.741385158429367
0.27787878787878795,9.118361843160946,9.119847432980777,9.12140738429778,9.123045419293371,9.124765446463758,9.126571569946007,9.128468099310911,9.130459559846063,9.132550703353635,9.134746519488663,9.137052247664874,9.139473389556452,9.14201572222561,9.144685311907255,9.14748852848367,9.150432060683718,9.153522932042867,9.156768517662101,9.160176561805725,9.16375519638002,9.167512960336875,9.171458820048702,9.175602190703202,9.179952958769094,9.184521505586385,9.189318732137465,9.194356085058148,9.199645583950739,9.205199850064268,9.211032136410369,9.217156359386617,9.223587131982853,9.230339798649648,9.237430471912202,9.244876070816957,9.252694361302765,9.260903998592843,9.269524571708752,9.278576650212603,9.288081833288992,9.298062801283832,9.308543369823068,9.319548546640368,9.33110459124945,9.343239077603425,9.355980959890669,9.369360641624233,9.383410048189683,9.398162703024457,9.413653807610563,9.429920325471471,9.447001070373666,9.464936798943334,9.483770307919189,9.503546536273511,9.52431267244512,9.546118266940134,9.56901535056924,9.593058558603628,9.618305261145858,9.644815700026745,9.672653132554995,9.701883982462538,9.732577998405839,9.764808420401351,9.798652154592311,9.834189956763879,9.871506625044567,9.910691202253762,9.95183718837817,9.995042763684229,10.04041102299885,10.088050221717488,10.1380740341266,10.190601824656811,10.245758932714073,10.303676971768379,10.364494143413701,10.428355567148486,10.495413626663524,10.565828333463449,10.639767708689387,10.717408184053793,10.798935022843965,10.884542761998748,10.974435676313092,11.06882826587796,11.167945767918487,11.272024694251536,11.381313395644826,11.496072654424065,11.61657630674188,11.743111895993053,11.875981358934983,12.015501746150154,12.162005978569583,12.315843641861942,12.477381820583698,12.647005974080297,12.825120856228121
0.28101010101010104,9.119034496152254,9.120553755752635,9.12214906219858,9.123824222032075,9.125583232332595,9.12743029025454,9.129369803042064,9.131406398545181,9.133544936262306,9.135790518935488,9.138148504726088,9.140624519999882,9.143224472752179,9.145954566704894,9.148821316109288,9.151831561289672,9.15499248496514,9.158311629388328,9.161796914342048,9.165456656036767,9.169299586954017,9.173334876683079,9.177572153800673,9.182021528845858,9.18669361844496,9.191599570644097,9.196751091509766,9.202160473060927,9.207840622599287,9.213805093507734,9.220068117590415,9.226644639031667,9.233550350054777,9.240801728365716,9.24841607647115,9.256411562964598,9.264807265879204,9.273623218210629,9.282880455718633,9.292601067121486,9.302808246802906,9.31352635015736,9.324780951705783,9.336598906120354,9.349008412304034,9.36203908067768,9.375722003835403,9.390089830736688,9.405176844612376,9.421019044770405,9.437654232496506,9.455122101254858,9.473464331403953,9.492724689653675,9.512949133500939,9.534185920893123,9.556485725380945,9.579901757035632,9.60448988941886,9.630308792908512,9.657420074698395,9.685888425805963,9.715781775438892,9.74717145308885,9.780132358739253,9.814743141593187,9.851086387747955,9.889248817264116,9.929321491099227,9.97140002840011,10.015584834672103,10.061981341369775,10.110700257480756,10.161857833703047,10.215576139846089,10.271983356117543,10.33121407899075,10.393409642382718,10.458718454908912,10.527296354019544,10.59930697786229,10.674922155758669,10.754322318225684,10.83769692752098,10.925244929738733,11.01717522953483,11.113707188613976,11.215071149167942,11.321508983513771,11.433274671243227,11.550634905260337,11.673869728152942,11.803273200416404,11.93915410212363,12.081836669715436,12.23166136966903,12.388985710890358,12.554185097768507,12.727653725927365,12.909805522811597
0.28414141414141414,9.119714686559226,9.121267993227342,9.122899050974645,9.124611751648995,9.126410181905763,9.128298632959002,9.130281610820695,9.132363847052574,9.134550310056083,9.136846216927495,9.139257045906438,9.141788549447542,9.144446767946384,9.147238044152514,9.150169038303925,9.15324674401909,9.156478504984488,9.159872032477448,9.163435423766089,9.167177181430318,9.171106233649931,9.175231955508268,9.179564191362235,9.184113278332095,9.188890070967037,9.193905967145446,9.199172935271593,9.20470354283373,9.210510986391673,9.21660912306545,9.223012503600145,9.229736407085895,9.23679687741576,9.244210761568628,9.251995749808371,9.260170417895255,9.268754271410295,9.277767792298345,9.287232487740985,9.297170941475803,9.307606867684575,9.3185651675789,9.330071988818343,9.342154787902873,9.354842395688443,9.368165086182143,9.382154648780965,9.396844464126696,9.41226958375785,9.428466813748765,9.445474802535449,9.463334133137746,9.482087419997882,9.50177941066652,9.522457092578941,9.544169805176143,9.56696935763848,9.590910152512718,9.616049315527544,9.642446831907343,9.67016568950946,9.69927202912659,9.72983530231289,9.761928437110488,9.795628012071802,9.831014438992982,9.868172154794472,9.9071898230066,9.94816054534095,9.991182083852385,10.036357094221813,10.083793370716384,10.133604103411542,10.185908148288794,10.240830310853571,10.29850164394995,10.35905976048283,10.422649161793696,10.489421582473463,10.559536352435105,10.633160777109934,10.710470536674642,10.791650105261573,10.876893191152401,10.966403199005448,11.060393715219366,11.159089017591192,11.262724610484627,11.371547786785385,11.485818217984194,11.605808573795263,11.731805172788421,11.864108665587175,12.00303475226253,12.148914935634155,12.30209731227601,12.462947403113583,12.63184902559439,12.809205209512491,12.995439158672076
0.28727272727272735,9.12040241438207,9.121990145405128,9.12365735062623,9.125408008144415,9.127246295183577,9.129176598059729,9.131203522647189,9.13333190536866,9.135566824735426,9.137913613465189,9.140377871206491,9.142965477900047,9.1456826078089,9.14853574425086,9.1515316950684,9.154677608872873,9.157980992101908,9.161449726930554,9.165092090079053,9.168916772561998,9.172932900426076,9.177150056525873,9.181578303389653,9.186228207229744,9.191110863154757,9.196237921643855,9.201621616346207,9.207274793271985,9.213210941444544,9.219444225086937,9.225989517419574,9.232862436149668,9.240079380737136,9.247657571525924,9.255615090834096,9.263970926100749,9.272745015192706,9.281958293979146,9.291632746287602,9.301791456360654,9.31245866393839,9.32365982209815,9.335421657989523,9.347772236609565,9.360741027770421,9.374358976419122,9.38865857647741,9.403673948377751,9.419440920480605,9.435997114567206,9.453382035611867,9.471637166048062,9.490806064753214,9.510934470988385,9.532070413540948,9.554264325330626,9.57756916375244,9.60204053704372,9.62773683697672,9.654719378193489,9.683052544515512,9.71280394257722,9.744044563150016,9.776848950541753,9.811295380475917,9.847466046874953,9.88544725799347,9.925329642369311,9.967208365083954,10.01118335484824,10.057359542455352,10.105847111169936,10.156761759650914,10.210224978035267,10.26636433784159,10.325313796385096,10.387214016430438,10.452212701845008,10.52046495005359,10.592133622135238,10.66738973144546,10.746412851690872,10.829391545429889,10.916523814021847,11.008017570097962,11.104091133681397,11.204973753140008,11.310906152214631,11.422141104428,11.538944036244626,11.6615936604206,11.790382641054352,11.92561829192493,12.06762330978386,12.216736544349986,12.37331380684437,12.53772871899411,12.710373604530732,12.891660425310002,13.08202176428662
0.29040404040404044,9.121097679621002,9.122720212286236,9.124423961153596,9.12621299151862,9.12809157216635,9.130064185557073,9.132135538521924,9.13431057349386,9.136594480300797,9.138992708549083,9.141510980626807,9.14415530535802,9.146931992340411,9.14984766700069,9.15290928640354,9.156124155851938,9.159499946318398,9.163044712748755,9.166766913282158,9.17067542943314,9.174779587283924,9.179089179737511,9.183614489884706,9.188366315540764,9.193355995010267,9.19859543414169,9.204097134736212,9.209874224378552,9.21594048776104,9.222310399575655,9.228999159052497,9.23602272622716,9.243397860023487,9.251142158242637,9.259274099553851,9.267813087587141,9.276779497233102,9.28619472326033,9.296081231366491,9.306462611784818,9.317363635573983,9.32881031372567,9.340829959230883,9.353451252253105,9.366704308563836,9.380620751403805,9.395233786941349,9.41057828350802,9.426690854800512,9.443609947247445,9.46137593174948,9.480031200011714,9.499620265698223,9.520189870650112,9.541789096420594,9.56446948139322,9.588285143762738,9.613292910672087,9.639552453813641,9.667126431818325,9.69608063977236,9.726484166218437,9.758409558015982,9.791932993453871,9.82713446402873,9.86409796532256,9.902911697435172,9.943668275449694,9.986464950433373,10.031403841500998,10.078592179494718,10.128142562861639,10.180173226339805,10.234808323093663,10.292178220972142,10.352419813596308,10.415676847018757,10.482100262734217,10.551848557859731,10.62508816334373,10.701993841106448,10.782749101059121,10.867546638996936,10.956588796410438,11.050088043312426,11.148267485232232,11.251361395586933,11.359615774699588,11.473288936798191,11.592652126395704,11.71799016552167,11.849602133349565,11.987802079841225,12.132919775110908,12.285301496296785,12.445310853817167,12.61332965898262,12.789758835034059,12.975019373780254,13.169553340117213
0.29353535353535354,9.121800482276239,9.123458193870901,9.125198882557008,9.127026701771904,9.128946012854403,9.130961395451386,9.133077658445293,9.135299851428602,9.137633276752672,9.140083502179696,9.142656374167954,9.145358031822083,9.14819492154161,9.151173812402758,9.154301812310184,9.1575863849572,9.161035367634975,9.164656989933162,9.16845989337663,9.172453152045103,9.176646294224959,9.181049325144821,9.185672750849193,9.190527603267132,9.195625466535743,9.200978504641348,9.206599490444239,9.21250183615632,9.21869962534434,9.225207646535093,9.23204142850275,9.239217277322584,9.24675231527944,9.254664521723843,9.262972775973209,9.271696902360555,9.280857717538188,9.290477080149264,9.300577942985734,9.311184407757159,9.322321782601064,9.334016642472099,9.346296892554081,9.359191834846255,9.372732238082666,9.386950411151489,9.40188028018952,9.41755746953581,9.434019386737582,9.451305311811346,9.46945649097217,9.488516235054776,9.508530022861363,9.52954560968273,9.551613141251703,9.574785273400774,9.599117297709496,9.624667273441476,9.651496166085792,9.679667992833453,9.70924997533604,9.740312700111051,9.772930286976726,9.807180565918276,9.843145262807573,9.880910194419448,9.920565473209967,9.962205722345324,10.005930301494436,10.05184354392402,10.100055005461908,10.150679725922615,10.20383850361899,10.259658183614912,10.318271960406845,10.3798196957564,10.444448252432304,10.51231184465804,10.58357240610127,10.658399976283079,10.736973106328913,10.819479285029296,10.90611538622681,10.997088138596718,11.092614618942003,11.19292277017974,11.298251945254528,11.408853478276631,11.524991284247422,11.646942488802843,11.77499808947732,11.909463650065668,12.050660029739566,12.198924148658062,12.354609791898605,12.518088453626701,12.689750223518049,12.870004717548118,13.059282055369785,13.25803388661094
0.29666666666666675,9.122510822348,9.124204090159363,9.125982114836729,9.127849138904555,9.129809617248057,9.131868227743022,9.134029882417684,9.136299739173316,9.138683214091522,9.141185994357548,9.14381405183051,9.146573657292874,9.149471395413192,9.152514180457835,9.155709272789176,9.159064296189595,9.162587256052662,9.166286558484906,9.170171030363708,9.174249940399243,9.178533021250685,9.183030492749452,9.18775308628493,9.192712070410845,9.197919277733384,9.20338713314524,9.20912868347294,9.215157628608207,9.221488354197653,9.228135965968772,9.2351163257742,9.242446089440188,9.250142746509663,9.258224661974669,9.266711120097796,9.27562237042716,9.284979676114743,9.294805364653378,9.305122881153478,9.315956844286603,9.327333105029421,9.339278808348164,9.35182245797087,9.364993984401885,9.378824816340993,9.393347955677582,9.408598056238784,9.424611506479552,9.441426516311958,9.459083208280923,9.477623713303975,9.497092271203483,9.517535336271253,9.539001688117448,9.561542548068287,9.585211701390337,9.610065625633046,9.63616362539576,9.66356797384086,9.692344061290681,9.722560551262799,9.754289544316077,9.787606750098385,9.822591668006607,9.859327776889973,9.89790273424943,9.93840858540838,9.980941983153883,10.025604418372444,10.072502462230693,10.121748020478872,10.173458600483881,10.22775759162904,10.284774559749655,10.344645556306894,10.407513443037628,10.473528232854886,10.542847447812289,10.615636494986482,10.692069061174436,10.772327527347262,10.856603403849384,10.945097787381362,11.0380218408566,11.135597297276805,11.238056988828273,11.345645402461335,11.458619263278324,11.577248147121981,11.701815123825645,11.832617432659887,11.969967191587,12.114192142015407,12.265636430830808,12.424661431569703,12.591646606694553,12.766990413027647,12.95111125250398,13.144448470511426,13.347463404200143
0.29979797979797984,9.123228699836506,9.124957901151868,9.12677365799303,9.128680302916871,9.13068238534764,9.132784682432343,9.134992210439492,9.137310236728439,9.139744292317825,9.142300185083167,9.144984013615057,9.147802181771032,9.15076141395586,9.153868771166698,9.157131667841371,9.160557889550057,9.164155611572495,9.167933418405122,9.171900324244644,9.176065794496942,9.180439768362616,9.185032682553068,9.18985549619375,9.19491971697392,9.200237428605405,9.205821319655803,9.211684713824992,9.217841601737156,9.224306674324207,9.231095357880248,9.238223850870751,9.24570916258426,9.253569153718862,9.261822579000281,9.270489131933282,9.27958949179318,9.28914537296959,9.299179576780162,9.309716045877932,9.320779921382158,9.33239760286892,9.344596811364676,9.357406655493088,9.370857700932957,9.38498204335301,9.399813384997609,9.415387115106114,9.43174039435781,9.448912243543926,9.466943636678327,9.485877598769084,9.50575930848423,9.526636205956686,9.548558105985654,9.571577316904541,9.595748765399145,9.621130127573906,9.647781966579007,9.675767877126747,9.70515463724203,9.736012367609092,9.768414698894736,9.802438947447301,9.838166299790686,9.875682006353612,9.915075584896462,9.956441034121061,9.99987705797315,10.04548730117274,10.093380596534391,10.143671224667498,10.196479186676305,10.251930490510293,10.310157451648188,10.37129900883303,10.435501055611647,10.502916788469536,10.573707072391827,10.64804082472248,10.726095418237547,10.80805710439422,10.894121457765392,10.984493842720118,11.079389903463307,11.17903607860383,11.283670141478616,11.39354176752182,11.508913130032601,11.630059525762944,11.757270031817846,11.890848195435153,12.03111275829061,12.178398417056123,12.33305662202573,12.49545641571457,12.66598531343163,12.845050227927052,13.033078440320132,13.230518619624446,13.437841893302608
0.30292929292929294,9.12395411474198,9.125719626848664,9.127573512026183,9.129520193809153,9.131564317153481,9.133710759519708,9.13596464251112,9.13833134409441,9.140816511432067,9.14342607435709,9.14616625952218,9.149043605257205,9.152064977170332,9.155237584530127,9.158568997467633,9.162067165039542,9.165740434195518,9.169597569694961,9.173647775020706,9.177900714339591,9.182366535562279,9.187055894557357,9.191979980577502,9.197150542958394,9.202579919154044,9.208281064175496,9.214267581503101,9.220553755546138,9.22715458572727,9.234085822273105,9.241364003796344,9.249006496759124,9.257031536911786,9.265458272805894,9.27430681148539,9.283598266464896,9.293354808109623,9.303599716537168,9.31435743716738,9.325653639052899,9.337515276129508,9.349970651532528,9.363049485132667,9.376782984452529,9.391203919133003,9.406346699127205,9.422247456808607,9.438944133189267,9.456476568453901,9.474886597025856,9.494218147391834,9.514517346923569,9.535832631946617,9.558214863318907,9.581717447794844,9.606396465464618,9.63231080357279,9.659522297035483,9.688095875991545,9.718099720739716,9.749605424431572,9.782688163908444,9.817426879089995,9.853904461342502,9.89220795127634,9.932428746444641,9.974662819438764,10.019010946900961,10.0655789500007,10.114477946948472,10.165824618149577,10.21974148463059,10.276357200402835,10.335806859460439,10.3982323181455,10.463782533649477,10.53261391945849,10.60489071859053,10.680785395515164,10.760479047690707,10.844161837700794,10.932033447021304,11.024303552500234,11.121192326687298,11.222930963206908,11.329762228427922,11.441941040746315,11.559735078862728,11.683425420506117,11.81330721312728,11.949690378162316,12.092900350546243,12.243278855241014,12.401184722630527,12.566994744727964,12.741104574238221,12.923929668620376,13.115906281402609,13.317492503114709,13.529169354321747
0.3060606060606061,9.12468706706465,9.126489267249998,9.128381676936462,9.1303688115817,9.13245541266591,9.134646459005486,9.136947178632967,9.139363061271673,9.14189987143474,9.144563662179852,9.147360789552474,9.150297927752042,9.153382085057322,9.156620620548914,9.16002126166883,9.163592122659,9.167341723922782,9.17127901235558,9.175413382693165,9.179754699928594,9.184313322851224,9.189100128764013,9.194126539438058,9.199404548366314,9.204946749381556,9.210766366706803,9.216877286509993,9.223294090038154,9.230032088410136,9.237107359150963,9.244536784554949,9.252338091969147,9.260529896093226,9.269131743396763,9.278164158759893,9.287648694448636,9.29760798154178,9.308065783932008,9.31904705503017,9.330577997307973,9.34268612482121,9.355400328862698,9.36875094690162,9.38276983497376,9.397490443695371,9.412947898082114,9.429179081363477,9.446222722992733,9.464119491062428,9.482912089345943,9.502645359196707,9.523366386548211,9.545124614270165,9.56797196014893,9.59196294077374,9.61715480162436,9.643607653670594,9.67138461680964,9.700551970483536,9.731179311836147,9.763339721787073,9.797109939418794,9.83257054509316,9.869806152734215,9.908905611736143,9.949962218978179,9.993073941452334,10.038343650035214,10.085879364961697,10.13579451358623,10.188208201046782,10.24324549447724,10.30103772144645,10.361722783335935,10.425445484404012,10.492357877321464,10.562619626003135,10.636398386601233,10.713870207569189,10.795219949750715,10.880641727496213,10.970339371859009,11.06452691697644,11.163429110796244,11.267281951366652,11.37633324996967,11.49084322244099,11.61108511008725,11.73734583168201,11.869926668095857,12.009143981193978,12.15532996871633,12.308833456941315,12.47002073302404,12.639276418994953,12.817004389504076,13.003628735500303,13.199594776145105,13.40537012137482,13.621445787646813
0.30919191919191924,9.125427556804745,9.12726682235612,9.129198152724141,9.131226156234819,9.133355671885269,9.135591780890046,9.137939818805442,9.140405388260676,9.142994372326333,9.145712948552,9.148567603706537,9.151565149256205,9.154712737617555,9.158017879223861,9.16148846044584,9.165132762409405,9.168959480755355,9.172977746388154,9.177197147263314,9.181627751265367,9.186280130231006,9.191165385174754,9.1962951727773,9.201681733199761,9.207337919290222,9.213277227252224,9.219513828848422,9.226062605216223,9.232939182376123,9.240159968517467,9.247742193150577,9.255703948218724,9.26406423126801,9.272842990778193,9.282061173762603,9.291740775750782,9.301904893273061,9.312577778972358,9.323784899474708,9.335552996156597,9.347910148954117,9.360885843366244,9.374511040812061,9.388818252509894,9.403841617054605,9.419616981878182,9.436181988788046,9.45357616378714,9.471841011390186,9.491020113661161,9.511159234208334,9.53230642738501,9.5545121529566,9.577829396507616,9.602313795875956,9.628023773916148,9.655020677908398,9.683368925946112,9.713136160651187,9.744393410583907,9.777215259732612,9.811680025487552,9.847869945523652,9.885871374038114,9.925774987811131,9.967676002581385,10.01167440025268,10.057875167473828,10.106388546161085,10.157330296560891,10.210821973480636,10.266991216346517,10.325972053780596,10.387905223423763,10.45293850776772,10.521227086797223,10.592933908283976,10.668230076615684,10.747295261087897,10.830318124632813,10.91749677400788,11.009039232518266,11.105163936400988,11.206100256054945,11.312089043360398,11.423383206393607,11.540248312907774,11.66296322401995,11.791820759615787,11.927128397059517,12.06920900487611,12.218401613155972,12.375062222520189,12.539564653576262,12.712301438890961,12.89368475960845,13.084147428948171,13.284143924929106,13.494151474784303,13.714671193653075
0.31232323232323234,9.126175583962493,9.128052292167286,9.130022939389503,9.132092227768817,9.13426509481189,9.13654672517376,9.138942563028959,9.141458325061873,9.144100014107348,9.14687393347408,9.149786701984972,9.15284526977036,9.156056934851765,9.15942936055577,9.162970593799551,9.16668908429173,9.17059370469431,9.174693771793862,9.17899906873245,9.18351986835134,9.1882669577032,9.193251663791306,9.198485880597127,9.20398209746082,9.20975342888234,9.21581364581429,9.222177208521163,9.228859301083396,9.235875867628588,9.243243650376304,9.250980229587267,9.259104065512297,9.267634542441014,9.276592014955527,9.28599785649939,9.29587451037777,9.30624554331052,9.31713570166595,9.328570970509476,9.340578635608058,9.353187348538407,9.366427195054305,9.380329766876178,9.394928237074279,9.410257439225298,9.42635395053137,9.443256179099757,9.461004455591539,9.479641129457974,9.499210669994213,9.51975977245148,9.541337469460972,9.563995248035349,9.587787172427014,9.612770013136371,9.639003382377924,9.66654987632745,9.695475224489707,9.725848446543136,9.757742017035758,9.79123203832537,9.826398422176641,9.863325080448469,9.902100125326637,9.94281607957953,9.985570097338657,10.030464195930763,10.077605499314735,10.12710649370418,10.17908529598557,10.233665935572494,10.290978650368443,10.351160197544377,10.414354179872543,10.480711388395166,10.550390162245629,10.623556766480581,10.700385788824514,10.781060556273294,10.865773572550655,10.954726977461318,11.04813302923665,11.146214611023598,11.249205762725301,11.357352239462156,11.470912097985705,11.590156312444341,11.715369420969816,11.846850204627243,11.984912400348225,12.129885449548055,12.28211528421295,12.44196515233276,12.609816484648386,12.786069804781812,12.971145684920204,13.16548574933409,13.36955372812402,13.583836563709745,13.808845572702038
0.3154545454545455,9.126931148538127,9.128845676683751,9.130856036932828,9.132967026184007,9.135183681446122,9.13751129185701,9.139955411303932,9.142521871675722,9.14521679677829,9.148046616946647,9.15101808438839,9.154138289295178,9.157414676760691,9.160855064545455,9.164467661730862,9.168261088306961,9.17224439574073,9.176427088573899,9.180819147101888,9.185431051187956,9.190273805269392,9.19535896461542,9.200698662899466,9.206305641151602,9.21219327816023,9.218375622395548,9.224867425531016,9.231684177642753,9.238842144170908,9.246358404731179,9.254250893869099,9.262538443854336,9.271240829617144,9.280378815934155,9.289974206976161,9.300049898336079,9.31062993166127,9.321739552020581,9.33340526814301,9.345654915671714,9.358517723584328,9.372024383938099,9.386207125106251,9.401099788680343,9.41673791022214,9.433158804057733,9.450401652316154,9.468507598425095,9.487519845286723,9.507483758367933,9.528446973951048,9.550459512803247,9.573573899535994,9.597845287939327,9.623331592590029,9.6500936270478,9.67819524896916,9.707703512485402,9.73868882820819,9.77122513124462,9.805390057622688,9.841265129548136,9.878935949934753,9.918492406672327,9.960028887119659,10.003644503334463,10.049443328577581,10.09753464565586,10.148033207696235,10.20105951197327,10.256740087443513,10.315207796672746,10.376602152876519,10.441069652830388,10.508764126444257,10.57984710383476,10.654488200771562,10.732865523417187,10.81516609332599,10.90158629371625,10.992332338080141,11.087620762249507,11.187678941091427,11.292745631066262,11.40307153994258,11.518919925028127,11.640567221344053,11.768303701241,11.902434167030775,12.043278678285942,12.191173315542514,12.346470982227729,12.50954224672612,12.680776226592842,12.86058151702381,13.049387165797885,13.247643697017057,13.455824186087334,13.67442538850501,13.903968925141672
0.31858585858585864,9.127694250531881,9.129646975905775,9.131697445354401,9.1338505514807,9.136111431788304,9.13848548094017,9.140978363630776,9.143596028102683,9.14634472033966,9.149230998970262,9.15226175091741,9.155444207831335,9.15878596334508,9.16229499119374,9.165979664240673,9.169848774456094,9.173911553895712,9.178177696729467,9.18265738237295,9.187361299776674,9.192300672931184,9.197487287648851,9.202933519686248,9.208652364274238,9.214657467126232,9.22096315699857,9.227584479880809,9.234537234897395,9.241838012006493,9.24950423158584,9.257554186000178,9.266007083249358,9.274883092801353,9.28420339371951,9.293990225198877,9.304266939632246,9.31505805833247,9.326389330044101,9.338287792383921,9.35078183635699,9.363901274102197,9.377677410028927,9.392143115514644,9.40733290734161,9.423283030059924,9.440031542473436,9.4576184084549,9.476085592307095,9.495477158897476,9.515839378805286,9.537220838732084,9.559672557439121,9.583248107488256,9.608003743076912,9.633998534272132,9.661294507964044,9.689956795875108,9.720053789978333,9.751657305695316,9.784842753263574,9.819689317682053,9.856280147664249,9.894702554049765,9.935048218147843,9.977413410509923,10.021899220653317,10.068611798284145,10.117662606595095,10.169168688242426,10.223252944636835,10.280044429214621,10.339678655388848,10.402297919915318,10.468051642444884,10.537096722072233,10.60959791173187,10.68572821133452,10.765669280581962,10.849611872445166,10.937756288339928,11.030312856085992,11.127502431789907,11.229556926849005,11.336719861333782,11.449246945068914,11.567406687799174,11.691481039895939,11.821766065132799,11.958572647135364,12.10222723119062,12.253072603185547,12.411468707533466,12.57779350603936,12.752443879753335,12.935836575963794,13.128409202589811,13.330621272345063,13.542955299164749,13.765917949511396,14.000041251306609
0.32171717171717173,9.128464889943997,9.13045618983362,9.132547164654515,9.134742803659213,9.137048345838792,9.13946929242363,9.142011420009919,9.144680794343223,9.147483784791978,9.150427079545489,9.15351770157265,9.156763025379519,9.160170794605685,9.163749140501452,9.167506601329896,9.17145214274013,9.175595179160357,9.179945596261783,9.184513774546973,9.189310614118963,9.194347560690193,9.199636632893379,9.205190450959426,9.211022266830874,9.217145995782703,9.22357624962595,9.230328371573389,9.237418472850454,9.244863471138776,9.25268113094406,9.26089010598465,9.269509983701905,9.278561331998631,9.288065748317065,9.298045911173544,9.308525634272856,9.319529923331343,9.331085035744422,9.34321854324087,9.355959397673379,9.36933800010241,9.383386273338163,9.398137738113803,9.413627593071697,9.429892798753528,9.446972165794744,9.464906447533757,9.483738437256935,9.503513070311405,9.52427753132936,9.546081366819756,9.568976603396024,9.593017871922001,9.618262537872274,9.64477083821803,9.672606025165077,9.701834517087025,9.732526057013791,9.76475387905363,9.798594883145842,9.834129818561097,9.871443476587318,9.910624892860884,9.951767559825935,9.994969649828793,10.040334249379777,10.087969605141465,10.137989382230284,10.190512935447813,10.245665594088951,10.30357896100651,10.364391226645829,10.428247498798646,10.495300148863047,10.565709175435627,10.63964258610335,10.71727679834602,10.798797060505859,10.88439789382854,10.974283556630299,11.068668531698513,11.167778038088604,11.271848568538205,11.381128453780777,11.495878455104956,11.616372386573262,11.742897768384656,11.875756512939619,12.015265645244558,12.161758059374185,12.315583312796575,12.477108460456034,12.646718930603617,12.824819444464909,13.011834981939208,13.20821179563417,13.414418475655223,13.630947067690343,13.858314247057825,14.097062551518377
0.3248484848484849,9.129243066774709,9.131273318467546,9.133405194833452,9.135643782719868,9.137994423597933,9.140462726307774,9.143054580441786,9.145776170397811,9.148633990135762,9.151634858672896,9.154785936354736,9.158094741940417,9.161569170543265,9.165217512469429,9.169048472999455,9.173071193160084,9.177295271535783,9.18173078717207,9.186388323625305,9.191278994216301,9.19641446854805,9.201807000350797,9.207469456720974,9.213415348823677,9.219658864132025,9.226214900280299,9.233099100611627,9.240327891505084,9.247918521571226,9.255889102809643,9.26425865382669,9.273047145216566,9.28227554721401,9.291965879732338,9.302141264906213,9.312825982264544,9.324045526665158,9.335826669129512,9.34819752072259,9.361187599630442,9.374827901595433,9.38915097387726,9.404190992916257,9.419983845884301,9.43656721631793,9.45398067403802,9.4722657695706,9.491466133294123,9.511627579549794,9.532798215963373,9.555028558239366,9.578371650701515,9.602883192867237,9.628621672358058,9.655648504463219,9.68402817868947,9.713828412646787,9.745120313637212,9.777978548332397,9.812481520944793,9.848711560317573,9.886755116379806,9.926702966435586,9.968650431779434,10.012697605154795,10.058949589598424,10.107516749240537,10.15851497265921,10.212065949417347,10.268297460442103,10.327343682939592,10.389345510572408,10.45445088966389,10.5228151722313,10.594601486690237,10.669981127114696,10.749133961981546,10.832248863374609,10.919524157672317,11.011168098794203,11.107399365135302,11.208447581373997,11.314553866398205,11.425971408657098,11.542966070311026,11.665817021620885,11.79481740709047,11.93027504495097,12.072513161656452,12.22187116314254,12.378705444688386,12.543390241314038,12.716318520742089,12.897902921053994,13.088576735278187,13.28879494525913,13.499035307273912,13.719799491986727,13.951614281461048,14.195032826085637
0.32797979797979804,9.130028781024262,9.132098361807824,9.13427153589151,9.136553488662987,9.138949665066084,9.141465782592995,9.144107844926811,9.146882156266923,9.149795336371529,9.152854336353062,9.156066455264307,9.159439357514728,9.162981091158588,9.166700107098512,9.170605279250275,9.174705925716976,9.17901183102311,9.183533269461567,9.188281029609305,9.19326644007019,9.198501396506392,9.20399839002291,9.209770536972876,9.215831610254824,9.222196072176596,9.228879108964254,9.235896666998421,9.243265490864463,9.251003163307336,9.259128147186425,9.26765982953051,9.276618567797957,9.286025738452556,9.29590378797089,9.306276286402978,9.317167983613993,9.328604868341245,9.340614230207398,9.35322472483787,9.366466442237803,9.380370978591802,9.394971511657749,9.41030287993462,9.426401665793215,9.4433062827682,9.461057067219727,9.479696374583401,9.49926868043828,9.519820686634048,9.541401432730654,9.56406241301634,9.587857699383287,9.612844070354102,9.63908114656705,9.666631533043336,9.695560968575935,9.725938482596419,9.75783655989418,9.791331313581015,9.826502666713917,9.863434543009365,9.902215067104278,9.942936774841444,9.985696834081239,10.030597276566498,10.077745241393835,10.127253230672315,10.179239377979567,10.233827730255827,10.29114854380857,10.351338595133987,10.414541507296912,10.480908092647942,10.55059671269545,10.623773655991103,10.700613534930477,10.781299702415476,10.866024689372638,10.954990664171156,11.048409915036688,11.146505356611874,11.249511061872091,11.357672820665444,11.471248726209483,11.590509790943933,11.715740593208588,11.847239956289219,11.985321661451433,12.130315196663686,12.282566542795571,12.44243899916715,12.610314050418845,12.786592276770097,12.97169430983847,13.166061836299638,13.370158651782935,13.584471767516886,13.809512572365207,14.045818053025831,14.293952075304404
0.33111111111111113,9.130822032692897,9.13293131985472,9.135146187828987,9.137471921488897,9.139914070243604,9.142478461279689,9.145171213465424,9.14799875195104,9.15096782349981,9.154085512586565,9.157359258301998,9.160796872103154,9.164406556452425,9.168196924389553,9.172177020083293,9.17635634041184,9.180744857623475,9.185353043131517,9.190191892500344,9.195272951682131,9.200608344566888,9.206210801911544,9.212093691717135,9.218271051126525,9.224757619918838,9.231568875680477,9.238721070736693,9.246231270931803,9.254117396350626,9.262398264078273,9.271093633100351,9.280224251450736,9.289811905719377,9.299879473038322,9.310450975669985,9.321551638327936,9.333207948366978,9.345447718986165,9.358300155595565,9.371795925505154,9.385967231102125,9.400847886691233,9.416473399181578,9.432881052812311,9.450109998119498,9.468201345356421,9.48719826259024,9.507146078709132,9.528092391585677,9.550087181654655,9.573182931176229,9.59743474946916,9.622900504412868,9.649640960532166,9.67771992399416,9.70720439486332,9.738164726978077,9.770674795830404,9.804812174849014,9.840658320506835,9.878298766694462,9.917823328823397,9.959326318146102,10.0029067668043,10.048668664142495,10.096721204850589,10.147179049527708,10.200162598288946,10.255798278067887,10.314218844300392,10.375563697709499,10.439979216947258,10.507619107887175,10.578644770400642,10.653225683492456,10.731539809714302,10.813774019821043,10.900124538683015,10.99079741351814,11.08600900556096,11.185986506341623,11.290968479806462,11.401205431573594,11.516960406681527,11.63850961725694,11.76614310159894,11.900165416252305,12.040896362720654,12.188671750553436,12.343844198627144,12.506783976532443,12.677879888074612,12.857540198995123,13.04619361112774,13.244290285313326,13.452302915514027,13.670727856689435,13.900086309125962,14.140925562045155,14.393820299458278
0.3342424242424243,9.131622821780862,9.133772192608506,9.136029150646177,9.138399081197923,9.140887639130856,9.143500762368255,9.146244686058067,9.14912595745064,9.152151451521137,9.155328387373991,9.158664345468452,9.162167285706404,9.165845566425563,9.169707964343415,9.173763695499456,9.178022437245708,9.182494351338018,9.18719010818318,9.192120912299808,9.19729852905365,9.2027353127312,9.208444236018535,9.214438920955773,9.220733671440998,9.22734350736119,9.234284200431647,9.241572311829382,9.249225231710334,9.257261220704645,9.265699453489079,9.27456006454049,9.283864196179593,9.293634049019618,9.303892934940276,9.31466533271342,9.325976946413155,9.33785476674979,9.350327135473949,9.363423813004587,9.377176049442257,9.391616659137078,9.406780098989394,9.422702550669905,9.439422006955544,9.456978362387071,9.475413508464758,9.494771433609296,9.515098328126507,9.53644269442631,9.558855462758947,9.582390112744704,9.607102800987079,9.633052495073938,9.660301114286462,9.688913677351591,9.718958457590608,9.750507145834053,9.78363502149173,9.81842113218604,9.854948482377274,9.893304231430958,9.933579901599916,9.975871596417278,10.02028023002162,10.066911767961392,10.115877480053237,10.16729420589755,10.221284633684819,10.277977592957983,10.337508362029354,10.400018990785586,10.46565863965092,10.534583935517402,10.606959345491344,10.682957569347714,10.762759951628793,10.846556914370304,10.934548411487427,11.026944405904729,11.123965370568357,11.22584281453579,11.33281983539822,11.445151699353524,11.563106450313663,11.686965549499742,11.817024547050517,11.953593787246676,12.096999149033332,12.247582823607415,12.405704130925109,12.57174037707725,12.746087754578324,12.929162287716867,13.12140082522279,13.323262082619973,13.53522773675116,13.757803575086514,13.991520702558203,14.236936808800431,14.4946374988187
0.33737373737373744,9.132431148288408,9.134620980069453,9.136920424343383,9.1393349677904,9.141870371728205,9.144532685859092,9.147328262705184,9.150263772766213,9.153346220436045,9.156582960715932,9.159981716764324,9.163550598325195,9.167298121078781,9.17123322696096,9.175365305499714,9.179704216219637,9.184260312167895,9.189044464617828,9.19406808900909,9.19934317218628,9.204882301001021,9.210698692345733,9.216806224690826,9.223219471200478,9.22995373450611,9.237025083220463,9.244450390279459,9.252247373203314,9.260434636372972,9.26903171542277,9.278059123855233,9.287538401989254,9.297492168358465,9.307944173682438,9.318919357539512,9.33044390787648,9.342545323497163,9.355252479678946,9.368595697073909,9.382606814058926,9.397319262707411,9.412768148563982,9.42899033441245,9.44602452823696,9.463911375586264,9.482693556561484,9.502415887658843,9.523125428710346,9.544871595177677,9.567706276067208,9.591683957747552,9.616861853965105,9.643300042367834,9.671061607863109,9.700212793151668,9.730823156796912,9.76296573920676,9.796717236924119,9.832158185641866,9.869373152379074,9.908450937277042,9.949484785496665,9.992572609722744,10.037817223806227,10.085326588101799,10.135214067086293,10.187598699872598,10.24260548426452,10.300365675030367,10.361017097106963,10.42470447448135,10.491579775534912,10.561802575673862,10.635540438111319,10.712969313709428,10.79427396083554,10.879648386234106,10.969296307966145,11.063431641520744,11.162279010258311,11.266074281403434,11.375065128865984,11.48951162423327,11.60968685734312,11.735877587918448,11.86838492981787,12.007525069534811,12.153630020659218,12.30704841610188,12.468146339971328,12.63730820108802,12.814937650219845,13.001458543227304,13.197315952416279,13.402977228511347,13.618933115783515,13.8456989229929,14.083815752940358,14.333851793561694,14.596403673645174
0.34050505050505053,9.133247012215781,9.135477682237841,9.13782000892091,9.140279581266663,9.142862268036017,9.14557423175261,9.14842194340722,9.151412197898251,9.154552130245078,9.15784923261298,9.161311372190266,9.164946809960247,9.16876422041288,9.172772712243063,9.176981850085033,9.18140167733468,9.186042740114269,9.190916112436733,9.196033422629595,9.201406881081567,9.207049309378048,9.212974170895015,9.219195602924348,9.225728450407226,9.232588301356078,9.239791524049648,9.247355306089913,9.255297695414026,9.263637643359209,9.272395049883304,9.28159081104892,9.29124686888448,9.30138626374114,9.312033189270535,9.32321305015454,9.334952522724787,9.34727961861663,9.360223751609409,9.373815807812566,9.38808821936505,9.403075041823932,9.418812035426827,9.43533675042214,9.452688616670683,9.470909037732497,9.490041489663442,9.510131624757255,9.531227380480685,9.553379093861622,9.576639621603233,9.601064466210676,9.626711908431425,9.6536431463252,9.68192244129541,9.711617271430548,9.74279849252146,9.775540507138732,9.809921442173646,9.846023335266361,9.883932330566168,9.923738884290985,9.965537980576537,10.009429358130323,10.05551774823117,10.103913124642306,10.154730966034219,10.208092531543505,10.264125150125222,10.322962524389068,10.384745049644431,10.4496201489155,10.517742624725757,10.589275028491198,10.664388048403596,10.743260916729273,10.826081837495094,10.91304843558206,11.004368228297995,11.100259120554322,11.200949924828322,11.306680907151394,11.417704360425844,11.53428520643801,11.656701628003905,11.785245732755545,11.92022425015152,12.061959263374698,12.210788977863105,12.367068528307627,12.531170826041686,12.703487448844664,12.884429575281933,13.074428965810739,13.273938992992607,13.483435723270368,13.703419052890835,13.934413900683342,14.176971460540253,14.431670516587817,14.69911882418552
0.34363636363636374,9.134070413563236,9.136342299113945,9.138727904379063,9.141232921627047,9.143863328054668,9.146625400049215,9.149525728164624,9.15257123284725,9.155769180948779,9.15912720306574,9.16265331174694,9.166355920612292,9.170243864428658,9.174326420190607,9.178613329256379,9.183114820591904,9.18784163517831,9.192805051641189,9.198016913162741,9.203489655741068,9.209236337863993,9.215270671668257,9.221607055658412,9.228260609063513,9.235247207913588,9.242583522921949,9.250287059263755,9.258376198345779,9.266870241666988,9.275789456874664,9.285155126125927,9.294989596870069,9.305316335172899,9.31615998171033,9.327546410564821,9.339502790965003,9.352057652115777,9.365240951273641,9.379084145229644,9.39362026537058,9.408883996497526,9.42491175958982,9.441741798711977,9.459414272270914,9.477971348841281,9.497457307787556,9.517918644923004,9.539404183457659,9.561965190500088,9.585655499390919,9.61053163816009,9.636652964414335,9.664081806976798,9.692883614616779,9.723127112224503,9.754884464803599,9.788231449672619,9.823247637286505,9.860016581109504,9.898626016992585,9.939168072531135,9.981739486902491,10.026441841707863,10.073381803369506,10.122671377661481,10.174428176981401,10.228775701000812,10.285843631363935,10.345768141137876,10.408692219752652,10.474766014206343,10.544147187349477,10.617001294103417,10.693502176510444,10.77383237855802,10.858183581766925,10.946757062582513,11.039764172660327,11.137426843191898,11.239978114473926,11.347662691984265,11.460737530291345,11.579472446190039,11.704150762526783,11.835069984249893,11.97254250829795,12.11689636901985,12.268476020904835,12.427643160490009,12.594777589406108,12.77027812062061,12.954563530040332,13.148073555743885,13.351269947228008,13.564637567171218,13.78868554834355,14.023948508422704,14.270987825615284,14.53039297812673,14.80278295067611
0.34676767676767684,9.134901352331028,9.137214830698047,9.139644110718152,9.142194988871896,9.14487355178453,9.14768619074932,9.150639616977855,9.15374087761371,9.1569973725477,9.160416872074817,9.164007535435013,9.167777930282059,9.171737053126922,9.175894350804477,9.18025974301473,9.184843645992384,9.189656997361205,9.194711282232495,9.20001856060996,9.205591496166358,9.211443386460589,9.21758819466736,9.224040582895096,9.230815947171632,9.237930454181166,9.24540107984013,9.253245649804025,9.261482882001905,9.270132431299967,9.279214936400868,9.288752069090657,9.298766585950851,9.309282382659044,9.32032455100763,9.33191943877672,9.344094712604095,9.356879424002239,9.370304078680004,9.384400709334297,9.399202952085519,9.414746126739136,9.431067321064932,9.448205479295037,9.46620149505194,9.485098308928215,9.50494101095085,9.525776948174647,9.547655837661503,9.57062988511512,9.594753909454273,9.620085473621916,9.646685021942243,9.6746160243535,9.703945127860747,9.734742315569923,9.767081073682792,9.801038566851174,9.836695822308975,9.874137923221358,9.913454211712425,9.954738502055907,9.998089304537528,10.043610060523246,10.091409389294279,10.14160134723785,10.194305700012155,10.249648208334918,10.30776092807747,10.368782525380325,10.43285860754218,10.500142070471759,10.570793463531553,10.644981372643878,10.722882822573345,10.80468369934549,10.890579193809394,10.980774267402511,11.075484141228978,11.17493480961816,11.279363579388656,11.389019636104367,11.504164638673442,11.625073343708735,11.752034261139245,11.885350342636693,12.025339704499569,12.172336386719277,12.326691150039292,12.488772312908948,12.658966630328583,12.837680216682829,13.025339514763772,13.22239231329591,13.429308815390629,13.646582760479433,13.874732602402894,14.114302746466128,14.365864848412604,14.630019178415614,14.907396053342111
0.34989898989898993,9.135739828519412,9.138095276990434,9.140568627938489,9.143165783001551,9.145892939225982,9.148756603853345,9.151763609847366,9.154921132198137,9.158236705042397,9.16171823964082,9.165374043255158,9.169212838970289,9.173243786508486,9.17747650408557,9.18192109136107,9.186588153537205,9.191488826664143,9.196634804211962,9.202038364972692,9.207712402359018,9.213670455169574,9.21992673989424,9.226496184636511,9.233394464733895,9.240638040161343,9.248244194806976,9.256231077713782,9.264617746385763,9.273424212261832,9.282671488465954,9.292381639947545,9.302577836131691,9.313284406204904,9.324526897168283,9.336332134796645,9.348728287649084,9.361744934283701,9.375413133836908,9.389765500135729,9.404836279519941,9.420661432559779,9.437278719864198,9.454727792184475,9.473050285028124,9.492289918008977,9.512492599170423,9.53370653453084,9.555982343112547,9.579373177728861,9.603934851817401,9.629725972622385,9.656808081043668,9.685245798486296,9.715106981060952,9.746462881503307,9.779388319198604,9.813961858717256,9.850265997287446,9.88838736165208,9.928416914779874,9.970450172923773,10.014587433544685,10.060934014644364,10.10960050607853,10.160703033449886,10.21436353521069,10.270710053636087,10.32987704036243,10.392005677219668,10.457244213123214,10.525748317829173,10.597681453396914,10.673215264245268,10.752529986732974,10.835814879240557,10.923268673779734,11.015100050207783,11.111528134178263,11.212783020016035,11.31910631976404,11.430751739711724,11.547985685780498,11.67108789921055,11.800352124065506,11.936086808147495,12.078615838994725,12.2282793167175,12.385434365516424,12.550455985818948,12.723737949067194,12.905693737291884,13.096757529714072,13.297385238728538,13.508055597740626,13.729271303452034,13.961560215321066,14.205476615059201,14.46160252916931,14.730549117681132,15.012958132397735
0.353030303030303,9.136585842128653,9.138983637991386,9.14150145604039,9.14414530401636,9.146921490379405,9.149836639361705,9.152897706773624,9.15611199660104,9.159487178433428,9.163031305764369,9.166752835208055,9.170660646677728,9.174764064574175,9.179072880034791,9.183597374296395,9.188348343227457,9.193337123088325,9.198575617580913,9.204076326252391,9.209852374320645,9.2159175439927,9.222286307350823,9.228973860884771,9.235996161752624,9.243369965856678,9.251112867825293,9.259243342996104,9.267780791500737,9.276745584556295,9.286159113074,9.296043838701056,9.306423347417487,9.317322405815855,9.328767020198176,9.340784498631045,9.353403516107033,9.366654182967896,9.38056811675282,9.395178517643204,9.410520247683978,9.42662991397053,9.443545955999728,9.461308737393512,9.479960642213907,9.499546176099324,9.520112072463474,9.541707404010326,9.564383699831218,9.588195068363557,9.613198326504515,9.639453135187825,9.66702214174723,9.69597112940627,9.726369174251145,9.758288810061256,9.7918062013907,9.827001325313821,9.863958162268386,9.902764896451902,9.943514126249173,9.986303085193253,10.031233873987032,10.078413704139109,10.127955153795261,10.179976436375998,10.234601682661118,10.291961236994412,10.352191968315205,10.41543759675887,10.481849036605581,10.551584756395547,10.624811157069917,10.70170296903958,10.782443669129174,10.867225918391098,10.956252021834018,11.04973441116271,11.147896151680934,11.250971474566663,11.35920633578955,11.47285900300403,11.59220067181825,11.717516112908989,11.84910435152648,11.98727938101017,12.132370912017702,12.284725159254549,12.444705667581239,12.61269417946912,12.789091545874152,12.974318682701968,13.16881757514617,13.373052332296098,13.587510294530258,13.81270319633763,14.04916838734135,14.29747011443811,14.558200868112639,14.831982796139643,15.119469188046484
0.35616161616161623,9.137439393159008,9.139879913701193,9.14244259502417,9.145133551916672,9.147959205245186,9.150926297274827,9.154041907757094,9.157313470822928,9.16074879272136,9.164356070446082,9.168143911294383,9.172121353405132,9.17629788732481,9.18068347865305,9.185288591821706,9.190124215064245,9.195201886634962,9.200533722340676,9.20613244445052,9.212011412052851,9.218184652931741,9.224666897039052,9.231473611642013,9.23862103823017,9.246126231269745,9.254007098897914,9.262282445654098,9.270972017350234,9.280096548187096,9.289677810229106,9.299738665355694,9.310303119813172,9.3213963814973,9.333044920103232,9.345276530286407,9.358120397985052,9.371607170062608,9.385769027436258,9.40063976186604,9.416254856587821,9.43265157098253,9.449869029483695,9.467948314935448,9.486932566623805,9.506867083215099,9.527799430847274,9.549779556631938,9.572859907838032,9.597095557041547,9.622544333539917,9.64926696134467,9.677327204081656,9.706792017144618,9.737731707465173,9.770220101280469,9.804334720298847,9.840156966683908,9.877772317298351,9.917270527671132,9.958745846174635,10.002297238922914,10.04802862592766,10.09604912907537,10.146473332517443,10.199421556094515,10.255020142447416,10.313401758499817,10.374705712031938,10.439078284100582,10.506673078098714,10.577651386287355,10.652182574674324,10.730444487158083,10.81262386990093,10.898916816943986,10.98952923812714,11.0846773504303,11.184588193908159,11.289500173449367,11.399663627652593,11.515341426176647,11.636809596989787,11.764357985014588,11.898290943739765,12.038928061448907,12.186604923798702,12.341673914565964,12.504505056473828,12.6754868941032,12.855027420995828,13.04355505316095,13.241519651308193,13.449393594245617,13.667672906003984,13.89687843937654,14.137557118698254,14.390283244829796,14.65565986546014,14.93432021399741,15.226929220481388
0.35929292929292933,9.138300481610742,9.140784104120147,9.14339204489015,9.146130526702837,9.14900608382371,9.152025577593136,9.155196212798243,9.158525554864323,9.162021547906763,9.16569253368659,9.169547271514835,9.173594959153256,9.177845254761232,9.182308299941264,9.186994743938012,9.191915769048675,9.197083117305278,9.202509118492598,9.208206719568553,9.214189515557257,9.22047178198848,9.227068508960887,9.233995436910389,9.241269094168894,9.248906836403139,9.256926888027683,9.265348385690892,9.274191423937685,9.283477103157999,9.293227579935401,9.303466119915985,9.314217153323714,9.325506333254681,9.337360596889416,9.34980822976927,9.362878933290295,9.376603895575672,9.391015865895794,9.406149232813613,9.422040106241722,9.438726403606987,9.456247940328337,9.474646524823651,9.49396605827241,9.51425263937222,9.535554674339183,9.557922992414591,9.58141096715359,9.606074643785258,9.631972872948012,9.659167451119448,9.687723268075764,9.717708461732629,9.749194580736978,9.782256755197743,9.816973875962896,9.853428782870651,9.891708462423972,9.931904255360134,9.974112074610606,10.018432634171347,10.064971689429663,10.113840289521011,10.165155042317982,10.219038392683675,10.275618914653426,10.335031618242029,10.397418271608517,10.462927739347125,10.531716337711625,10.603948207620556,10.67979570633327,10.759439818731309,10.84307058918635,10.930887575045057,11.023100322812786,11.119928868172162,11.221604261029498,11.328369116841628,11.440478195538484,11.55819900942256,11.681812461495536,11.811613515734892,11.94791190091963,12.0910328496842,12.24131787456385,12.399125582882798,12.564832532429367,12.73883412995957,12.92154557467278,13.113402848910432,13.314863758441524,13.526409024816894,13.74854343239856,13.981797032800905,14.226726409617653,14.483916006452134,14.753979521419877,15.037561371450815,15.335338229885256
0.3624242424242424,9.139169107484122,9.141696209248542,9.144349805638653,9.147136228375212,9.150062126115369,9.153134480317064,9.156360621897548,9.159748248725744,9.163305443990208,9.167040695486518,9.170962915870108,9.175081463922867,9.179406166884279,9.183947343900359,9.188715830646332,9.193723005181871,9.198980815100501,9.204501806038028,9.210299151607979,9.216386684835495,9.222778931164704,9.229491143118299,9.236539336692065,9.243940329571176,9.251711781259473,9.259872235217472,9.268441163109635,9.277439011266546,9.286887249472798,9.296808422197048,9.307226202386492,9.318165447954112,9.329652261093482,9.341714050562732,9.354379597086204,9.36767912202996,9.381644359514965,9.396308632140046,9.411706930495352,9.42787599665599,9.444854411855161,9.462682688545964,9.481403367071556,9.501061117174384,9.521702844586681,9.54337780295664,9.566137711377287,9.590036877798587,9.615132328617213,9.641483944753293,9.669154604538782,9.698210333758471,9.728720463201688,9.760757794100602,9.794398771849966,9.82972366842279,9.866816773917257,9.905766597691953,9.946666079569342,9.989612811611488,10.034709270997173,10.082063064556138,10.131787185543878,10.184000283269736,10.238826946221616,10.296397999362842,10.35685081631057,10.420329647140564,10.486985962600478,10.556978815552908,10.63047522051059,10.707650552169264,10.78868896388903,10.87378382712264,10.963138192839095,11.056965276043412,11.155488964548486,11.258944353212883,11.36757830491907,11.481650039630427,11.601431752932372,11.727209265533247,11.859282705274465,11.997967223277017,12.143593745932852,12.296509764535198,12.457080164431638,12.625688095678147,12.802735887271302,12.988646007139812,13.18386207018579,13.388849896780862,13.604098624242596,13.830121873943138,14.067458976834823,14.316676260316937,14.578368399514092,14.85315983619061,15.141706268686594,15.444696216430911
0.36555555555555563,9.140045270779414,9.14261622908667,9.145315877270003,9.148150656934158,9.151127332120558,9.154253005447044,9.157535135055486,9.160981552407717,9.164600480972275,9.168400555846508,9.172390844360898,9.176580867714733,9.1809806236948,9.185600610531266,9.190451851947689,9.195545923464957,9.200894980021872,9.20651178497833,9.212409740570294,9.218602919889214,9.22510610046223,9.231934799513278,9.239105310989222,9.246634744439412,9.254541065841384,9.262843140470169,9.271560777913498,9.280714779340299,9.290326987135309,9.300420337018231,9.311018912771805,9.322148003709394,9.333834165019217,9.346105281129223,9.358990632243831,9.372520964211292,9.386728561888413,9.401647326177692,9.417312854920743,9.433762527840992,9.451035595738388,9.469173274148948,9.488218841692673,9.508217743344465,9.529217698874557,9.551268816717164,9.574423713539115,9.598737639793802,9.62426861156002,9.651077548980346,9.679228421629388,9.70878840115879,9.739828021583273,9.772421347590173,9.806646151274114,9.84258409771855,9.880320939867008,9.919946723149055,9.961556000349232,10.005248057231714,10.051127149459026,10.099302751370175,10.149889817211768,10.203009055445484,10.25878721678636,10.317357396659197,10.378859352794743,10.443439838723414,10.511252953962261,10.582460511730703,10.657232425072348,10.735747112304153,10.818191922760235,10.904763583846089,10.995668670469808,11.091124097970232,11.191357639718026,11.296608470624598,11.407127737855436,11.523179160109496,11.645039656894287,11.773000009297977,11.907365553834856,12.048456911019528,12.19661075040798,12.352180593930735,12.515537659434608,12.687071746445595,12.86719216626617,13.056328718625998,13.254932717216244,13.463478066554307,13.682462392748329,13.912408230859386,14.153864271694463,14.407406671005164,14.673640424215904,14.953200809962006,15.246754905882035,15.555003180281451
0.36868686868686873,9.140928971496892,9.14354416363483,9.14629025978453,9.149173812380031,9.152201701839672,9.155381152983514,9.158719752272537,9.162225465910774,9.165906658853547,9.169772114767202,9.173831056987913,9.178093170529634,9.18256862519365,9.187268099834926,9.192202807843119,9.197384523899071,9.202825612070638,9.208539055314878,9.214538486457009,9.22083822072007,9.22745328988288,9.234399478147822,9.241693359804064,9.249352338776019,9.257394690151518,9.265839603788686,9.274707230105676,9.284018728162446,9.293796316149376,9.304063324403167,9.314844251076545,9.326164820594633,9.338052045037433,9.350534288594964,9.363641335248804,9.37740445984158,9.391856502703991,9.40703194801745,9.42296700609932,9.439699699807152,9.457269955268048,9.475719697149724,9.49509294870057,9.515435936797465,9.536797202251996,9.55922771563835,9.582780998919237,9.607513253160096,9.63348349263637,9.660753685653841,9.689388902418068,9.719457470305814,9.751031136908948,9.784185241239904,9.818998893507239,9.855555163890271,9.893941280763254,9.934248838842104,9.976574017750329,10.021017811525741,10.067686269615542,10.11669074993484,10.168148184592436,10.222181358917918,10.278919204455796,10.338497106625839,10.401057227783614,10.466748846452097,10.535728713533713,10.608161426352686,10.684219821420156,10.764085386859112,10.84794869547311,10.936009859492039,11.028479008079799,11.125576788743176,11.227534893838067,11.334596613429246,11.447017415822568,11.565065557154611,11.689022721494085,11.819184692982066,11.955862061614587,12.099380964351404,12.250083863318988,12.408330362964374,12.574498068109378,12.74898348495228,12.932202967166685,13.124593709354729,13.326614790224895,13.538748267983404,13.761500330552728,13.99540250336157,14.241012917588185,14.498917641883166,14.769732080749222,15.054102442914795,15.352707283205188,15.666259121590452
0.3718181818181818,9.141820209636826,9.144480012893323,9.147272953182563,9.150205694713197,9.153285235273115,9.156518922926915,9.159914473549188,9.163479989235446,9.167223977634613,9.171155372249244,9.175283553751866,9.179618372368349,9.184170171381686,9.188949811812286,9.19396869833366,9.199238806485358,9.204772711248062,9.210583617049053,9.216685389269644,9.223092587329736,9.229820499428484,9.236885179023952,9.244303483138799,9.25209311258343,9.260272654192546,9.268861625175953,9.277880519689385,9.287350857736516,9.297295236518869,9.307737384356097,9.318702217305365,9.330215898614922,9.342305901153718,9.355001072966077,9.36833170610782,9.382329608928151,9.397028181969722,9.412462497668093,9.428669384040678,9.44568751256495,9.463557490455594,9.482321957560792,9.502025688108894,9.522715697548259,9.544441354735214,9.567254499737874,9.591209567536898,9.616363717918416,9.64277697186905,9.670512354798536,9.699636046931712,9.730217541228729,9.762329809210362,9.796049475084091,9.831456998586473,9.868636866978123,9.90767779664941,9.94867294481797,9.991720131823193,10.036922074548055,10.084386631525366,10.13422706031318,10.18656228775358,10.241517193759636,10.299222909307687,10.359817129345938,10.423444441366005,10.490256670421333,10.560413241415677,10.634081559526052,10.711437409667763,10.79266537595462,10.87795928215503,10.967522654194875,11.061569205810565,11.160323348510898,11.26402072706442,11.372908781789752,11.487247338990388,11.60730923094253,11.733380946915117,11.865763316775144,12.004772228809173,12.150739383473551,12.304013084871594,12.464959071845987,12.6339613906692,12.81142331141396,12.99776829019015,13.193440979543777,13.398908289428814,13.614660501283259,13.841212437867563,14.079104691656685,14.328904914716688,14.591209173143758,14.866643369297307,15.155864735221003,15.45956340081511,15.778464040502255
0.37494949494949503,9.142718985199492,9.145423776862454,9.148263957464437,9.151246303934025,9.154377932421289,9.157666315277691,9.161119298885929,9.164745122382273,9.168552437316063,9.172550328293285,9.176748334653471,9.181156473231669,9.18578526225978,9.1906457464643,9.195749523420364,9.20110877122497,9.206736277555406,9.212645470182252,9.218850449009732,9.225366019719894,9.232207729100896,9.239391902143696,9.246935680995664,9.25485706586409,9.263174957967157,9.271909204634921,9.28108064666786,9.290711168066062,9.300823748247684,9.311442516881293,9.322592811462945,9.334301237775392,9.346595733373693,9.359505634248714,9.373061744827622,9.38729641147838,9.402243599693671,9.417938975138442,9.434419988754454,9.451725966124924,9.469898201312532,9.488980055394713,9.509017059931347,9.530057025611795,9.552150156340508,9.575349169033483,9.599709419411424,9.625289034089784,9.652149049280913,9.680353556439272,9.709969855197293,9.741068613956802,9.773724038519246,9.808014049157107,9.844020466549024,9.881829207022342,9.921530487568942,9.96321904112358,10.006994342618416,10.052960846353146,10.101228235247122,10.151911682568196,10.205132126762821,10.261016560043135,10.319698331419634,10.381317464902452,10.446020993630475,10.51396331072551,10.585306537708599,10.660220911357502,10.73888518992832,10.821487079710446,10.908223682932523,10.999301968088007,11.094939263802454,11.195363777420733,11.30081513955139,11.41154497586732,11.527817507526885,11.649910181647833,11.77811433333829,11.91273588086411,12.054096055611081,12.202532168583515,12.35839841526783,12.522066720781394,12.693927627322905,12.874391226041602,13.063888135548673,13.26287052940532,13.471813215039083,13.691214766662574,13.921598714897819,14.16351479594455,14.417540263273118,14.684281264971835,14.96437429003519,15.25848768704411,15.567323258862048,15.891617937152178
0.37808080808080813,9.14362529818517,9.146375455542524,9.149263272630485,9.152295640042881,9.155479793284602,9.15882333003629,9.162334228283251,9.166020865351797,9.169892037898496,9.173956982899984,9.178225399693453,9.182707473120388,9.187413897828803,9.192355903791928,9.197545283104287,9.20299441811907,9.208716310993953,9.214724614715877,9.221033665678814,9.22765851789224,9.234614978901979,9.2419196475091,9.249589953376903,9.257644198620469,9.26610160147806,9.27498234216856,9.284307611044364,9.294099659154659,9.304381851339743,9.315178721983056,9.326516033553998,9.338420838081207,9.350921541703007,9.364047972449068,9.377831451414984,9.392304867499684,9.40750275588395,9.42346138043737,9.440218820250347,9.457815060497662,9.476292087850428,9.49569399066411,9.516067064181701,9.537459921003089,9.559923607084235,9.583511723542996,9.608280554562208,9.634289201695303,9.6615997248949,9.690277290600967,9.72039032724186,9.752010688519373,9.785213824867405,9.820078963493398,9.856689297432162,9.89513218406322,9.935499353565373,9.977887127805884,10.022396650186613,10.069134126995511,10.118211080839423,10.169744616762852,10.223857701687711,10.280679457840787,10.340345470869082,10.40299811337813,10.468786884665308,10.53786876745867,10.610408602512491,10.686579481953222,10.766563162314359,10.850550498245632,10.938741897931262,11.031347801303834,11.128589182194668,11.230698075618685,11.337918131451758,11.450505195821437,11.568727921598091,11.692868409442895,11.82322288094205,11.960102385433121,12.103833542209752,12.254759319875488,12.413239854706035,12.579653309972382,12.754396778274929,12.937887229041399,13.130562503449221,13.332882359146016,13.545329567260856,13.768411064323754,14.002659161841786,14.248632816417926,14.506918963443205,14.778133917544546,15.062924843129823,15.36197129853926,15.67598685748767,16.005720811666738
0.3812121212121212,9.14453914859413,9.147335048933844,9.150270898681049,9.15335370304014,9.156590817863462,9.159989967203165,9.163559261741652,9.167307218144567,9.171242779382514,9.175375336070005,9.179714748872538,9.18427137203531,9.189056078089637,9.194080283796138,9.199355977386494,9.204895747168829,9.210712811564987,9.216821050651344,9.223235039278444,9.22997008184848,9.237042248833605,9.244468415122226,9.252266300284777,9.260454510855046,9.269052584727978,9.278081037779861,9.287561412822175,9.297516331005903,9.307969545798988,9.31894599966571,9.330471883583265,9.342574699537558,9.355283326147356,9.368628087573365,9.382640825876722,9.39735497699952,9.412805650548716,9.429029713573792,9.4460658785381,9.46395479569381,9.482739150080901,9.502463763381666,9.52317570087379,9.54492438373722,9.56776170698283,9.591742163284307,9.616922973008725,9.643364220756146,9.671128998734028,9.70028355730862,9.730897463092544,9.763043764945866,9.796799168286718,9.832244218127476,9.869463491273223,9.908545798141109,9.94958439468227,9.992677204911882,10.037927054578418,10.085441916529646,10.135335168360854,10.187725862960054,10.242739012595706,10.300505887224844,10.3611643277333,10.424859074855496,10.491742114558498,10.5619730407145,10.635719435926934,10.713157271418869,10.794471326937785,10.879855631678469,10.96951392727605,11.063660153973753,11.162518961125231,11.26632624324942,11.375329702916783,11.489789441809842,11.60997858136808,11.73618391449789,11.868706589902375,12.007862830663594,12.153984688791583,12.307420837540317,12.468537403380877,12.637718839616726,12.815368843725345,13.001911320614818,13.19779139409366,13.403476468967032,13.61945734629344,13.846249394462976,14.08439377889117,14.334458753262627,14.597041015405393,14.872767131031432,15.162295028740283,15.466315569853444,15.785554196825267,16.120772664163923
0.38434343434343443,9.145460536426665,9.14830255703672,9.151286835616467,9.154420492926178,9.157711006158285,9.161166226778768,9.164794399261632,9.16860418076113,9.17260466176872,9.176805387804007,9.181216382191462,9.185848169977236,9.190711803043168,9.19581888647791,9.201181606268058,9.206812758375426,9.212725779269803,9.218934777990075,9.22545456981019,9.232300711590335,9.239489538897665,9.247038204985147,9.254964721721564,9.263288002570325,9.272027907719655,9.281205291471835,9.290842052004598,9.30096118362342,9.311586831629395,9.322744349933608,9.334460361555513,9.346762822149671,9.359681086712454,9.373245979627873,9.387489868219694,9.40244673998539,9.41815228369617,9.434643974556671,9.451961163627507,9.470145171724067,9.489239388015633,9.509289373560124,9.530342970021508,9.552450413829334,9.575664456052793,9.60004048827538,9.625636674770519,9.652514091293567,9.680736870821386,9.710372356587301,9.74149126277655,9.774167843265774,9.808480068809137,9.844509813093932,9.882343048109604,9.922070049296414,9.963785610963242,10.00758927248859,10.053585555844474,10.101884215010038,10.15260049786997,10.205855421222644,10.261776059554176,10.320495848267417,10.38215490208938,10.44690034941683,10.514886683397746,10.586276130586317,10.66123903805105,10.739954279859559,10.822609683909857,10.909402480126495,11.000539771090802,11.09623902622812,11.19672860073098,11.302248280456238,11.413049854096165,11.52939771398852,11.651569486998941,11.779856696980774,11.91456546039277,12.056017216734192,12.204549495539931,12.360516721765498,12.524291061483357,12.6962633099082,12.876843823869882,13.066463500958625,13.265574807678798,13.474652859064125,13.694196552330366,13.924729757270272,14.166802566231182,14.420992606657636,14.687906419330982,14.968180905594595,15.262484847017921,15.571520501125695,15.896025276999978,16.236773494753393
0.3874747474747475,9.14638946168305,9.149277979851467,9.152311083437084,9.155496009701373,9.158840358169485,9.16235210876356,9.166039640843694,9.169911753202044,9.173977685057727,9.178247138102671,9.182730299650963,9.187437866946981,9.192381072690294,9.197571711838224,9.203022169750058,9.208745451740047,9.21475521410971,9.221065796733507,9.227692257275624,9.234650407119538,9.241956849096061,9.249629017099949,9.257685217689556,9.266144673768821,9.275027570455855,9.284355103247512,9.294149528594954,9.30443421701085,9.315233708834956,9.326573772791129,9.33848146747554,9.350985205922806,9.364114823404066,9.377901648618888,9.392378578450794,9.407580156464833,9.42354265533456,9.440304163395023,9.457904675528416,9.47638618859918,9.495792801666353,9.516170821212283,9.537568871638815,9.560038011294642,9.583631854310687,9.608406698534244,9.634421659867204,9.661738813328885,9.690423341180137,9.720543688462156,9.752171726321151,9.78538292350866,9.820256526466677,9.8568757484274,9.895327967978758,9.93570493756958,9.978103002451933,10.022623330583048,10.069372154035431,10.118461022491159,10.17000706942528,10.2241332916134,10.280968842630376,10.34064934104047,10.403317194014209,10.469121937144171,10.538220591270433,10.610778037167048,10.686967408983502,10.766970507379842,10.85097823334117,10.939191043706462,11.031819429498517,11.129084418196246,11.231218101147546,11.338464187381062,11.451078585138038,11.569330012511683,11.693500638650772,11.82388675705727,11.960799492584256,12.104565543820828,12.255527962635114,12.414046972735191,12.580500829200815,12.755286721036592,12.93882171889994,13.131543770264926,13.333912744396423,13.546411529627687,13.769547185559432,14.003852152929616,14.249885524040627,14.50823437677521,14.779515175384233,15.064375241388817,15.36349429810652,15.67758609248727,16.007400098128976,16.353723303536714
0.3906060606060606,9.147325924363576,9.150261317378398,9.153343642143247,9.156580253366103,9.159978873897483,9.163547613158,9.167294986488349,9.171229935467865,9.17536184925015,9.179700586966668,9.184256501251783,9.189040462945366,9.194063887031911,9.199338759878067,9.204877667833584,9.21069382726389,9.21680111608602,9.223214106883082,9.229948101676337,9.237019168437827,9.244444179430706,9.252240851468736,9.26042778819106,9.269024524453068,9.278051572939356,9.28753047310994,9.297483842596591,9.307935431171867,9.318910177419694,9.33043426824268,9.34253520134818,9.355241850862244,9.368584536227974,9.382595094552752,9.397306956576951,9.412755226445434,9.42897676547217,9.446010280097903,9.46389641425072,9.482677846329956,9.502399391044854,9.523108106351001,9.544853405739724,9.567687176148416,9.591663901773144,9.616840794079,9.64327792831846,9.671038386883493,9.700188409833517,9.7307975529584,9.762938853753694,9.79668900570415,9.832128541291418,9.869342024162586,9.908418250918189,9.949450463001101,9.992536569192012,10.037779379242316,10.085286849201932,10.13517233902745,10.187554883085244,10.242559474195007,10.300317361891446,10.360966365615813,10.424651203584476,10.49152383811929,10.56174383826362,10.635478760549228,10.712904548822468,10.794205954083706,10.879576975341644,10.969221322534336,11.063352902621286,11.162196330006378,11.265987462509337,11.374973964164415,11.489415896188957,11.609586337531764,11.73577203648167,11.868274094890864,12.007408686645363,12.153507812096654,12.30692009025441,12.468011590630217,12.637166706716958,12.81478907318773,13.001302529002638,13.197152128721195,13.402805204433365,13.618752480842796,13.845509246162807,14.083616581619003,14.333642652492024,14.596184063781015,14.871867283722528,15.161350138561739,15.465323382142493,15.784512344061836,16.119678660321703,16.471622090607593
0.39373737373737383,9.14826992446853,9.151252569617832,9.154384511735303,9.157673223920757,9.161126553342703,9.164752739962557,9.168560436196108,9.17255872755916,9.176757154346609,9.18116573439668,9.185794986994674,9.190655957973213,9.195760246068925,9.20112003059844,9.20674810051973,9.21265788494816,9.218863485200057,9.225379708440256,9.232222103013925,9.239406995546963,9.246951529903528,9.254873708093626,9.2631924332284,9.271927554625615,9.281099915172954,9.29073140106219,9.300844994012873,9.311464826110159,9.322616237387656,9.334325836292695,9.346621563178287,9.35953275697331,9.373090225190003,9.38732631743583,9.40227500260514,9.417971949934811,9.434454614117337,9.451762324674416,9.46993637980436,9.489020144927245,9.509059156162978,9.530101228989194,9.552196572338316,9.575397908405991,9.599760598456855,9.625342774927807,9.652205480144039,9.680412811978854,9.710032076804826,9.741133950101315,9.773792645101587,9.808086089881945,9.844096113315496,9.881908640334242,9.92161389696544,9.963306625631503,10.007086311227184,10.053057418513458,10.101329641394617,10.152018164673333,10.205243938908268,10.261133969030075,10.31982161740441,10.381446922065086,10.44615693087665,10.514106052423687,10.585456424464025,10.660378300824979,10.73905045766564,10.821660620074546,10.908405910020507,10.999493316725271,11.09514019058025,11.195574761785677,11.301036684949528,11.411777610945428,11.528061787393883,11.650166689199398,11.77838368064772,11.9130187106428,12.054393042742127,12.20284402173207,12.358725878572066,12.52241057562808,12.694288694211858,12.874770366543506,13.064286254360834,13.263288576510329,13.47225218797154,13.69167571288929,13.922082734317083,14.164023043510545,14.418073951751698,14.68484166783422,14.964962744496498,15.259105597253999,15.567972099255028,15.892299255965673,16.232860963680046,16.59046985605211
0.3968686868686869,9.1492214619982,9.152251736570088,9.155433692213608,9.158774921365719,9.162283396505568,9.165967489177698,9.169835989967487,9.173898129476495,9.178163600347727,9.182642580393395,9.18734575688039,9.192284352031352,9.197470149802253,9.202915524000346,9.2086334678096,9.214637624794069,9.220942321453155,9.227562601406493,9.234514261289995,9.241813888448709,9.249478900516467,9.257527586976748,9.26597915280392,9.274853764289029,9.284172597159467,9.293957887107352,9.30423298284719,9.315022401829438,9.32635188874291,9.338248476945633,9.350740552970743,9.363857924261348,9.377631890296009,9.392095317274535,9.407282716542365,9.42323032694063,9.439976201278432,9.457560297133709,9.476024572199329,9.495413084401955,9.515772097032617,9.537150189139831,9.559598371448722,9.583170208082759,9.60792194437858,9.633912641098894,9.661204315363756,9.689862088636492,9.719954342117429,9.751552879916247,9.784733100392302,9.819574176071791,9.85615924257111,9.894575596977173,9.934914906158104,9.977273425501346,10.021752228601159,10.06845744844354,10.117500530664106,10.16899849948318,10.223074236952689,10.279856776181111,10.339481609236143,10.402091010459753,10.467834375966977,10.536868580138579,10.609358349958024,10.685476658085998,10.76540513561019,10.849334505455156,10.937465037486282,11.0300070263936,11.127181293495607,11.229219713660223,11.336365768600041,11.448875127861793,11.56701625889617,11.691071067663412,11.821335571302981,11.958120604472061,12.101752561038088,12.252574172894713,12.410945327759293,12.57724392790295,12.751866791861975,12.935230601281885,13.12777289515315,13.32995311381066,13.542253695187984,13.765181225941822,13.999267650193353,14.245071538770539,14.503179421979864,14.774207189087626,15.058801557850128,15.357641617599375,15.671440449566258,16.000946828307832,16.34694700829856,16.71026659994889
0.4,9.150180536952881,9.153258818235486,9.15649118357851,9.15988534570138,9.16344940338651,9.167191860803893,9.171121647803004,9.175248141220441,9.179581187254133,9.184131124957505,9.188908810909695,9.193925645120622,9.199193598232812,9.204725240084795,9.210533769704307,9.216633046802837,9.223037624846654,9.22976278578327,9.23682457650617,9.244239847144845,9.252026291271479,9.260202488120246,9.268787946919966,9.277803153445891,9.287269618901728,9.297209931248531,9.307647809102948,9.31860815833344,9.330117131489548,9.34220219020598,9.354892170730462,9.368217352731739,9.382209531551876,9.396902094075303,9.412330098395675,9.428530357470589,9.445541526963872,9.463404197484978,9.48216099144566,9.501856664765034,9.52253821366572,9.544254986815936,9.567058803085134,9.591004075194174,9.616147939555134,9.642550392610554,9.670274433997488,9.699386216877993,9.729955205794758,9.762054342428607,9.795760219653374,9.8311532643035,9.868317929090503,9.907342894126229,9.948321278533811,9.991350862651217,10.036534321357673,10.083979469079638,10.133799517061002,10.186113343511328,10.241045777276776,10.298727895710519,10.359297337453395,10.42289863087109,10.489683538931462,10.559811421344888,10.63344961483163,10.710773832423554,10.791968582752787,10.877227610327722,10.966754357846773,11.060762451652824,11.159476211486588,11.263131185754979,11.371974713591538,11.486266515049785,11.606279310837554,11.73229947307082,11.864627708599487,12.00357977653538,12.149487241694283,12.302698265749468,12.463578437984287,12.632511647625716,12.80990099984018,12.99616977757695,13.19176245155401,13.397145740796036,13.612809726254932,13.839269020169926,14.077063993957294,14.326762067559587,14.58895906333076,14.864280627687789,15.153383723920937,15.456958199724948,15.775728433191437,16.11045506119034,16.461936794264656,16.8310123223694
