,7.943282347242822e-05,8.259152475514034e-05,8.587583398375262e-05,8.929074604529615e-05,9.284145445194744e-05,9.653335923949455e-05,0.00010037207517989093,0.00010436344032038926,0.00010851352486223725,0.00011282864039244307,0.00011731534948264669,0.00012198047566969824,0.0001268311138331201,0.00013187464098523693,0.00013711872749038134,0.00014257134873024022,0.00014824079723308156,0.0001541356952853074,0.00016026500804451483,0.00016663805717400735,0.00017326453501949034,0.00018015451934951424,0.00018731848868208157,0.0001947673382207258,0.00020251239642430052,0.00021056544223567846,0.00021893872299555937,0.00022764497306863496,0.00023669743321043613,0.0002461098707043143,0.00025589660029918604,0.0002660725059798811,0.000276653063603202,0.0002876543644341236,0.0002990931396179268,0.00031098678562548054,0.0003233533907103759,0.0003362117624181465,0.0003495814561894092,0.0003634828051004314,0.00037793695078635296,0.00039296587559408774,0.0004085924360138113,0.0004248403974398749,0.00044173447031400735,0.00045930034770578023,0.00047756474438748696,0.0004965554374628564,0.0005163013086114004,0.0005368323880126368,0.0005581799000169855,0.0005803763106328038,0.0006034553769017738,0.0006274521982377402,0.0006524032698070655,0.0006783465380316996,0.0007053214582993621,0.0007333690549686152,0.0007625319837600722,0.000792854596628643,0.0008243830092154682,0.0008571651709821202,0.0008912509381337459,0.0009266921494420497,0.000963542705083421,0.001001858648612123,0.0010416982521932027,0.001083122105224738,0.0011261932064842164,0.001170977059939183,0.001217541774367852,0.00126595816694121,0.0013162998709241383,0.0013686434476593303,0.0014230685030043372,0.0014796578083988183,0.0015384974267460974,0.0015996768433005025,0.0016632891017595288,0.0017294309457677895,0.0017982029660479819,0.0018697097533826184,0.0019440600576791688,0.0020213669533605504,0.0021017480113324893,0.002185325477789264,0.0022722264601298,0.002362583120266852,0.002456532875623232,0.002554218608120818,0.0026557888814801567,0.0027613981671611074,0.0028712070792881995,0.0029853826189179603,0.003104098428019674,0.0032275350535558895,0.0033558802220642744,0.003489329125158376,0.003628084716381547,0.0037723580198654794,0.003922368451262703,0.004078344151441277,0.004240522333449012,0.004409149643274958,0.0045844825349569025,0.004766787660605206,0.004956342275936189,0.005153434661931937,0.005358364563267607,0.005571443644173091,0.005792995962422448,0.00602335846217171,0.006262881486394823,0.006511929309696944,0.006770880692315374,0.00704012945615078,0.007320085083704702,0.007611173340834154,0.007913836924270567,0.00822853613488777,0.008555749577742858,0.008895974889954764,0.009249729497527405,0.009617551402268363,0.01
0.09,0.003752778551327376,0.0039020103915870497,0.004057176539411833,0.004218512976655286,0.004386265069152969,0.00456068793988296,0.0047420468569653726,0.004930617637091012,0.005126687064992545,0.005330553329596332,0.005542526477518062,0.005762928884592005,0.005992095746150919,0.006230375586802323,0.006478130790476308,0.006735738151551131,0.00700358944789468,0.0072820920366932955,0.007571669473974183,0.007872762158763572,0.008185828002860206,0.008511343127242893,0.008849802586171199,0.009201721120080445,0.009567633938416132,0.009948097533598368,0.010343690527354035,0.010755014550704049,0.011182695158943904,0.011627382783008993,0.012089753718671676,0.0125705111550745,0.013070386244163646,0.01359013921264919,0.014130560518183328,0.014692472051514645,0.015276728386447024,0.015884218079504023,0.016515865021275212,0.01717262984149982,0.017855511370024554,0.018565548155857255,0.019303820046626886,0.020071449830851927,0.020869604945514472,0.021699499251537396,0.02256239487986458,0.023459604150951684,0.024392491570586858,0.02536247590507679,0.026371032338953663,0.02741969471848512,0.028510057884398726,0.029643780097369142,0.030822585559956032,0.03204826703882898,0.03332268859126678,0.03464778840007807,0.0360255817212541,0.037458163948837574,0.038947713801667706,0.040496496636848414,0.04210686789497903,0.043781276682387044,0.045522269495810515,0.04733249409519538,0.04921470353049711,0.05117176032861084,0.053206640846797694,0.05532243979922853,0.057522374963528064,0.0598097920744786,0.062188169912325196,0.06466112559342056,0.0672324200712562,0.06990596385624626,0.07268582296296182,0.07557622509386164,0.07858156606892325,0.08170641651095245,0.08495552879673868,0.08833384428462887,0.09184650082950932,0.09549884059662705,0.09929641818613323,0.10324500908070389,0.10735061842908669,0.11161949017893212,0.11605811657279633,0.12067324802176073,0.12547190337168287,0.13046138057769008,0.13564926780315403,0.1410434549600228,0.14665214570806132,0.1524838699312514,0.15854749671032403,0.16485224781115254,0.17140771170952207,0.17822385817360417,0.18531105342631068,0.1926800759105939,0.20034213268166098,0.20830887645103616,0.21659242330839545,0.225205371148119,0.23416081882858758,0.24347238609336583,0.25315423428456213,0.26322108787986725,0.27368825688603554,0.28457166012285073,0.29588784943299873,0.30765403485466364,0.3198881107951258,0.3326086832451742,0.3458350980757187,0.35958747045963446,0.37388671546358815,0.3887545798563707,0.4042136751821059,0.4202875121486425,0.43700053638342434,0.454378165611213,0.47244682831021306
0.0925,0.003964161911085786,0.004121799557162555,0.004285705773499074,0.0044561298341366405,0.0046333309256716155,0.004817578541435009,0.00500915289134691,0.005208345328069131,0.005415458790104005,0.00563080826251341,0.005854721255958508,0.006087538304788932,0.006329613484938739,0.006581314952416959,0.00684302550321147,0.007115143155457946,0.007398081754759119,0.007692271603574938,0.007998160115640937,0.008316212496409976,0.008646912450552179,0.008990762917589133,0.009348286836781149,0.009720027942430655,0.010106551590811483,0.01050844561998161,0.010926321243786785,0.011360813981414999,0.011812584623915283,0.0122823202391507,0.01277073521671414,0.01327857235439583,0.01380660398785496,0.014355633165213533,0.014926494868358777,0.015520057282811379,0.01613722311809103,0.016778930980587196,0.01744615680102296,0.018139915318683062,0.018861261624663287,0.019611292766488098,0.020391149416537198,0.02120201760681812,0.022045130532723233,0.022921770428514423,0.023833270517387817,0.024781017039083992,0.02576645135812763,0.026791072155902873,0.027856437709897812,0.02896416826358497,0.030115948490541555,0.03131353005655737,0.03255873428362639,0.03385345491987413,0.03519966101963289,0.036599399938045424,0.03805480044475066,0.03956807596138784,0.04114152792784189,0.04277754930234989,0.044478628200791896,0.04624735168070051,0.0480864096757443,0.04999859908666857,0.05198682803491555,0.05405412028539216,0.05620361984511268,0.05843859574470976,0.06076244701008482,0.06317870783176018,0.06569105293979412,0.06830330319243266,0.07101943138699825,0.07384356830185272,0.07678000897862247,0.07983321925424117,0.08300784255274378,0.08630870694714034,0.08974083250211053,0.0933094389086859,0.09701995342252952,0.10087801911788766,0.10488950346976575,0.10906050727737931,0.11339737394245346,0.11790669911647998,0.1225953407316035,0.12747042943039388,0.1325393794103656,0.13780989969973592,0.1432900058815724,0.14898803228415988,0.15491264465612342,0.16107285334558885,0.16747802700342096,0.17413790683137947,0.181062621396864,0.1882627020367778,0.19574909887393468,0.20353319747037268,0.2116268361428965,0.22004232396718246,0.2287924594978344,0.23789055023285097,0.24735043285211133,0.2571864942606619,0.2674136934688005,0.27804758434223625,0.289104339256931,0.3006007736945853,0.31255437181618456,0.3249833130524957,0.33790649975195003,0.3513435859279656,0.36531500714942805,0.3798420116197836,0.3949466924920156,0.4106520214686508,0.4269818837378881,0.44396111429899043,0.461615535732182,0.4799719974704866,0.499058416633242
0.095,0.004181336595769083,0.004347610343712733,0.004520496082492815,0.004700256742507897,0.004887165709766117,0.005081507241659719,0.005283576899273149,0.00549368199688227,0.0057121420693281135,0.005939289357976161,0.006175469316000065,0.006421041133758377,0.006676378285063215,0.0069418690951717245,0.007217917331364037,0.007504942817006046,0.007803382070030802,0.008113688966809505,0.008436335432421853,0.008771812158375462,0.00912062934886585,0.009483317496711989,0.009860428190147541,0.010252534951694573,0.010660234110395751,0.011084145708731515,0.011524914445601256,0.011983210656802967,0.012459731334502315,0.012955201187241503,0.013470373742100236,0.014006032490684864,0.014562992080688508,0.015142099554834436,0.01574423563908698,0.016370316082088852,0.017021293047862273,0.017698156563891832,0.01840193602679121,0.019133701767843937,0.019894566680798968,0.02068568791439651,0.021508268632198478,0.022363559842399832,0.023252862300403476,0.02417752848705247,0.025138964665528136,0.026138633020041855,0.02717805387957364,0.02825880803003927,0.029382539118402082,0.030550956152386198,0.031765836099592416,0.03302902658996995,0.03434244872575349,0.03570810000313971,0.03712805735014602,0.03860448028527216,0.0401396142017677,0.04173579378250113,0.0433954465506236,0.045121096561426786,0.04691536824101059,0.048780990377597915,0.05072080027156667,0.0527377480505109,0.054834901155893394,0.05701544900811269,0.05928270785708016,0.06164012582568366,0.0640912881538075,0.0666399226508851,0.06928990536527593,0.07204526647908897,0.07491019643741818,0.07788905232131144,0.08098636447416427,0.08420684339161742,0.08755538688543613,0.09103708753226493,0.09465724041858849,0.098421351193676,0.10233514444275575,0.10640457239315544,0.11063582396664848,0.11503533419177195,0.11960979399043302,0.12436616035368672,0.1293116669221589,0.13445383498720875,0.1398004849295602,0.1453597481127967,0.15114007924981054,0.15715026926101308,0.16339945864385852,0.16989715137401779,0.17665322935934252,0.18367796746859896,0.19098204915783173,0.19857658271812073,0.20647311816943878,0.2146836648263099,0.22322070956197415,0.2320972357988397,0.2413267432541073,0.2509232684705894,0.26090140616395097,0.2712763314188429,0.2820638227676757,0.2932802861871361,0.30494278004894715,0.317069041062806,0.3296775112509646,0.34278736599547405,0.3564185432007421,0.37059177361576506,0.38532861236214344,0.40065147171582727,0.41658365519245477,0.4331493929881168,0.45037387882944524,0.468283308289074,0.48690491862474145,0.506267030202617,0.526399089567861
0.0975,0.004404302605377269,0.00457944275123758,0.004761547466393056,0.004950893701769052,0.005147769421436472,0.005352474040557086,0.005565318880744086,0.005786627643530423,0.006016736902664861,0.006255996615984585,0.006504770657642727,0.00676343737150034,0.0070323901465243425,0.007312038015066616,0.007602806274934002,0.007905137136195428,0.00821949039370973,0.008546344126396991,0.008886195424316923,0.009239561144660027,0.009606978697801215,0.009989006864611452,0.010386226646270367,0.010799242147872192,0.011228681497168934,0.011675197799848087,0.012139470132797446,0.012622204576867947,0.013124135290705004,0.013646025627281391,0.014188669294829958,0.014752891563941608,0.015339550522664279,0.015949538381511898,0.016583782830367936,0.017243248449347052,0.01792893817576074,0.01864189482941792,0.019383202698579936,0.020153989188982428,0.0209554265384316,0.021788733599582475,0.022655177693610726,0.023556076537597056,0.024492800248555185,0.02546677342715153,0.026479477324285523,0.027532452093825245,0.02862729913492486,0.029765683527485966,0.03094933656446646,0.03218005838488879,0.03345972071155129,0.034790269697606846,0.0361737288863373,0.03761220228862569,0.039107877582806164,0.04066302944175828,0.04228002299230517,0.04396131741217744,0.045709469670012805,0.04752713841407906,0.04941708801563512,0.05138219277307925,0.053425441283277635,0.05554994098672237,0.057758922893430646,0.06005574649677244,0.062443904882700074,0.06492703004215017,0.06750889839469615,0.07019343653185335,0.07298472718877055,0.07588701545338944,0.07890471522251598,0.08204241591462236,0.08530488944958715,0.08869709750599039,0.09222419906700025,0.09589155826632613,0.09970475254617249,0.1036695811395992,0.10779207389018804,0.11207850042243037,0.1165353796767814,0.12116948982388166,0.12598787857302537,0.13099787389055229,0.1362070951444624,0.14162346469220533,0.1472552199292667,0.15311092581687244,0.1591994879078683,0.16553016589058234,0.17211258767126641,0.17895676401653812,0.1860731037780886,0.19347242972281098,0.20116599499242527,0.2091655002176327,0.217483111312823,0.22613147797840533,0.2351237529388938,0.24447361194600772,0.25419527457721414,0.2643035258613341,0.27481373876410625,0.28574189756790863,0.2971046221811875,0.3089191934145665,0.32120357926208354,0.33397646222751237,0.3472572677373388,0.3610661936835983,0.37542424114150186,0.3903532463085726,0.40587591371386433,0.4220158507477655,0.43879760356490566,0.45624669441476834,0.4743896604567771,0.493254094118893,0.5128686850611023,0.5332632638076042,0.5544688471140696
0.1,0.0046330599399103415,0.004817296779737099,0.005008859925199795,0.005208040711920106,0.005415142060682678,0.005630478938127111,0.0058543788357597205,0.006087182268013593,0.006329243290114252,0.0065809300365386805,0.006842625280886495,0.007114727018014822,0.007397649069322122,0.007691821712101634,0.007997692333921369,0.00831572611302609,0.008646406725795901,0.008990237082337402,0.009347740091326152,0.009719459455263669,0.01010596049735828,0.01050783102128752,0.01092568220514963,0.011360149530963514,0.011811893751131031,0.012281601893331318,0.012769988305375353,0.013277795741609935,0.01380579649252334,0.014354793559270364,0.014925621874903306,0.015519149574166053,0.016136279313782278,0.01677794964524591,0.017445136442201636,0.018138854384585984,0.018860158501786444,0.01961014577716546,0.020389956816389145,0.02120077758209854,0.022043841197561184,0.022920429822045993,0.023831876600773936,0.024779567692409785,0.025764944377178363,0.0267895052488116,0.027854808493659983,0.02896247426043418,0.03011418712418131,0.03131169864824296,0.03255683004809095,0.03385147496109274,0.035197602326418186,0.036597259379468075,0.03805257476537782,0.03956576177633208,0.04113912171761332,0.04277504740750378,0.04447602681636308,0.04624464685041676,0.04808359728600952,0.049995674860306684,0.05198378752466547,0.05405095886714449,0.056200332710877196,0.058435177895302934,0.060758893247527306,0.06317501275137141,0.06568721092197247,0.0682993083941093,0.07101527773275071,0.07383924947466493,0.07677551841027803,0.07982855011533405,0.0830029877422916,0.08630365908178553,0.08973558390489114,0.09330398159736002,0.09701427909743612,0.100872119149324,0.1048833688848626,0.10905412874645541,0.11339074176482632,0.1178998032057124,0.12258817060016451,0.1274629741737085,0.1325316276902305,0.13780183972707669,0.14328162539851397,0.14897931854538365,0.154903584409485,0.1610634328119631,0.16746823185574575,0.1741277221728676,0.18105203173834733,0.1882516912731499,0.19573765025965928,0.20352129359401544,0.21161445890064454,0.22002945453531383,0.22877907830408728,0.23787663692665914,0.24733596627365556,0.25717145240868655,0.26739805346715484,0.27803132240508516,0.2890874306525772,0.30058319270785916,0.3125360917093359,0.3249643060245275,0.3378867368963402,0.35132303718870467,0.36529364127530706,0.37981979611686867,0.39492359357422946,0.4106280040063879,0.426956911204591,0.44393514871559797,0.46158853760936813,0.4799439257486058,0.4990292286198838,0.5188734717884476,0.5395068350412647,0.5609606982854483,0.583267689271868
0.1025,0.004867608599368302,0.00506117242921129,0.005262433458913034,0.00547169777296106,0.005689283627504738,0.005915521934369795,0.006150756764320054,0.006395345870331782,0.006649661231676285,0.006914089619638452,0.007189033185731376,0.007474910073301821,0.007772155053456554,0.008081220186276777,0.008402575508326135,0.008736709747498031,0.009084131066289318,0.00944536783463073,0.009820969433449536,0.010211507090186391,0.010617574747537044,0.011039789966740201,0.011478794866785326,0.011935257100968542,0.012409870872282033,0.012903357989181215,0.013416468963334977,0.013949984151028934,0.014504714939957331,0.015081504983208422,0.015681231482320285,0.016304806521358208,0.016953178454042504,0.017627333346036486,0.018328296474588095,0.019057133887805645,0.019814954025939382,0.020602909407134457,0.021422198380218842,0.022274066947192275,0.023159810658187712,0.024080776581787068,0.02503836535368811,0.026034033306838032,0.027069294686273015,0.028145723952032686,0.02926495817365151,0.030428699519868655,0.031638717847342984,0.032896853392310244,0.03420501956927555,0.03556520588099805,0.0369794809441931,0.038449995635553645,0.039978986362875064,0.041568778466258886,0.043221789754567475,0.04494053418250866,0.04672762567394145,0.0485857820972191,0.05051782939861374,0.05252670590010971,0.05461546676810165,0.05678728865979368,0.05904547455436534,0.06139345877625264,0.06383481221818336,0.06637324777190957,0.0690126259748973,0.07175696088156107,0.0746104261679712,0.07757736147931983,0.08066227902979833,0.08386987046492281,0.08720501399674509,0.09067278182280089,0.09427844784007625,0.09802749566572634,0.1019256269767438,0.10597877018125851,0.11019308943465873,0.11457499401424469,0.11913114806667063,0.12386848074300157,0.12879419673679782,0.13391578724125247,0.13924104134204837,0.14477805786325992,0.15053525768431375,0.15652139654674363,0.16274557837021517,0.1692172690980687,0.17594631109344283,0.18294293810786902,0.19021779084510113,0.19778193314385303,0.20564686880405447,0.21382455908221248,0.22232744088248965,0.23116844567116404,0.24036101914323166,0.24991914167107118,0.25985734956625933,0.2701907571868763,0.2809350799239296,0.29210665810184255,0.3037224818293639,0.3158002168386944,0.328358231352121,0.34141562401701914,0.3549922529517174,0.36910876594638276,0.38378663186486944,0.39904817329528514,0.4149166004989247,0.4314160467092112,0.4485716048343233,0.46640936561932506,0.4849564573258423,0.5042410869896289,0.5242925833187653,0.5451414412977376,0.5668193685652285,0.589359333636149,0.6127956160412563
0.105,0.005107948583751153,0.005311069699660153,0.005522268067532774,0.005741864884891919,0.005970194121902652,0.00620760302928514,0.006454452666425092,0.006711118450484989,0.006977990727350962,0.007255475365283898,0.007543994372177364,0.007843986537361342,0.008155908098927639,0.008480233437592051,0.00881745579814831,0.009168088039611265,0.009532663415189983,0.009911736383276986,0.010305883450687083,0.010715704049428197,0.011141821448337504,0.011584883700969495,0.012045564631177468,0.012524564857887274,0.013022612860621958,0.013540466087397781,0.014078912106676326,0.014638769805124954,0.015220890633006983,0.015826159899095575,0.016455498117080896,0.017109862405518077,0.017790247943444963,0.018497689483883622,0.019233262927527313,0.019998086959006046,0.020793324748219558,0.02162018571932492,0.022479927390069036,0.023373857284263642,0.0243033349203112,0.025269773878805704,0.026274643952353266,0.027319473380881792,0.028405851175839145,0.029535429536814792,0.030709926364260134,0.031931127872128685,0.033200891304409896,0.034521147759687856,0.035893905128020265,0.037321251144604745,0.03880535656487605,0.040348478465863556,0.04195296367882906,0.04362125235840612,0.045355881693668686,0.04715948976677292,0.04903481956504031,0.05098472315258448,0.0530121660078255,0.05512023153348813,0.05731212574594368,0.05959118215102681,0.06196086681374212,0.06442478362957149,0.06698667980539885,0.06965045155838698,0.07242015004147463,0.0752999875045055,0.07829434370035766,0.0814077725458181,0.08464500904733152,0.08801097650215578,0.09151079398587651,0.09514978413766853,0.09893348125514251,0.10286763971108945,0.10695824270492335,0.11121151136212971,0.115633914195561,0.12023217694296709,0.12501329279572104,0.12998453303429794,0.13515345808668136,0.14052792902651362,0.14611611952847914,0.15192652829910205,0.15796799200186165,0.16424969869628545,0.1707812018114572,0.1775724346751893,0.18463372562095964,0.1919758136955866,0.1996098649915279,0.20754748962864772,0.21580075941127436,0.22438222618740206,0.23330494093796064,0.2425824736251835,0.25222893383025624,0.26225899221164173,0.27268790281670524,0.283531526280577,0.2948063539475383,0.30652953295160645,0.3187188922944664,0.3313929699604147,0.3445710411095429,0.3582731473920416,0.37252012742821505,0.3873336485005469,0.402736239506026,0.4187513252188478,0.435403261915588,0.45271737441704263,0.4707199946030616,0.48943850145894696,0.5089013627143284,0.5291381781378378,0.550179724553422,0.5720580026467634,0.5948062856329944,0.6184591698597066,0.6430526274222346
0.1075,0.005354079893058888,0.005566988591083686,0.005788363751059013,0.006018542047712673,0.0062578735438764185,0.006506722222873143,0.006765466542074827,0.007034500008473209,0.007314231777138281,0.007605087273475014,0.007907508840224457,0.008221956410193378,0.008548908205735376,0.00888886146604745,0.009242333203387881,0.009609860989365775,0.00999200377249789,0.010389342728276161,0.010802482143038784,0.011232050332989078,0.011678700599759664,0.012143112223975393,0.01262599149832604,0.013128072801719712,0.013650119716150794,0.014192926187981006,0.014757317735399391,0.01534415270389798,0.015954323571672282,0.016588758306931815,0.017248421779185136,0.017934317226645645,0.018647487781989644,0.019389018058787306,0.02016003580101927,0.020961713598187173,0.02179527066862696,0.022661974713736835,0.02356314384593971,0.024500148593312624,0.02547441398393164,0.026487421713101904,0.027540712396769383,0.028635887914541063,0.02977461384587675,0.030958622003157906,0.03218971306548581,0.03346975931721426,0.03480070749538202,0.03618458175037576,0.037623486724325104,0.039119610751912795,0.04067522918846701,0.0422927078703978,0.04397450671323975,0.045723183452773764,0.04754139753491689,0.04943191416029655,0.0513976084896596,0.05344147001651288,0.05556660711364476,0.057776251760441925,0.060073764458191535,0.06246263934084386,0.06494650948900746,0.06752915245525945,0.07021449600917373,0.07300662411080358,0.07590978312170442,0.07892838826294256,0.08206703032991004,0.08533048267415966,0.08872370846287754,0.0922518682270329,0.09592032770968574,0.09973466602638839,0.10370068415008982,0.10782441373344918,0.11211212628197463,0.11657034269193756,0.12120584316756933,0.12602567753262253,0.13103717595197742,0.1362479600796014,0.14166595464981507,0.1472993995294919,0.1531568622495226,0.159247251034603,0.16557982835115773,0.17216422499400894,0.17901045473321112,0.18612892954332486,0.19353047543829616,0.20122634893602018,0.20922825417762764,0.21754836072753383,0.22619932208131877,0.2351942949095841,0.24454695906705737,0.254271538397372,0.26438282236516086,0.27489618854837045,0.28582762602499323,0.29719375968978845,0.3090118755379809,0.3212999469543766,0.33407666204788455,0.3473614520730197,0.3611745209816013,0.3755368761495946,0.39047036032583315,0.4059976848511968,0.4221424641987767,0.4389292518875564,0.45638357782421896,0.474531987129882,0.4934020805108055,0.513022556234463,0.533423253774826,0.5546351991932326,0.5766906523238532,0.5996231558355247,0.6234675862445616,0.6482602069561212,0.6740387234148024
0.11,0.005606002527291514,0.005828929103481889,0.006060720509491752,0.006301729261423329,0.0065523218934260405,0.0068128795151338045,0.007083798391269261,0.007365490544296448,0.007658384381038245,0.007962925344211806,0.008279576589872661,0.008608819691797933,0.008951155373879766,0.009307104271642977,0.009677207724044855,0.010062028596761566,0.01046215213821304,0.010878186869628255,0.011310765510504642,0.011760545940869038,0.01222821220180352,0.012714475535757901,0.01322007546823105,0.01374578093246585,0.014292391438868544,0.014860738290930892,0.015451685849504177,0.016066132847348022,0.01670501375595324,0.01736930020671714,0.018060002468632996,0.01877817098474092,0.019524897969676554,0.02030131907074755,0.021108615095063985,0.021948013805349036,0.0228207917871616,0.023728276390370208,0.024671847747830867,0.025652940874339236,0.026673047849049027,0.027733720084675652,0.028836570686936458,0.02998327690781584,0.031175582696385814,0.032415301351062034,0.03370431827732858,0.03504459385512535,0.036438166420259384,0.037887155364373974,0.03939376435819004,0.040960284702922206,0.04258909881496599,0.04428268384915637,0.046043615466107156,0.04787457174936181,0.04977833727831211,0.05175780736307956,0.05381599244779934,0.05595602268900428,0.058181152716071514,0.06049476658097108,0.06290038290484522,0.06540166022924483,0.0680024025801614,0.07070656525331655,0.07351826082950802,0.0764417654291594,0.07948152521558667,0.08264216315687227,0.08592848605662834,0.08934549186434457,0.0928983772764364,0.09659254563955418,0.10043361516817284,0.10442742748896047,0.10858005652491828,0.11289781773280562,0.1173872777078977,0.12205526417068205,0.12690887635068374,0.13195549578321106,0.13720279753543985,0.142658761878912,0.14833168642619904,0.15423019875018726,0.16036326950517887,0.16674022606976277,0.1733707667322019,0.1802649754399142,0.18743333713547686,0.19488675370247532,0.20263656054545232,0.21069454382916983,0.21907295840340027,0.22778454644051133,0.2368425568141877,0.24626076524875867,0.2560534952697799,0.26623563998772964,0.2768226847479456,0.28783073068125753,0.2992765191911232,0.3111774574145108,0.32355164469525743,0.3364179001101531,0.34979579108961845,0.3637056631765095,0.3781686709682964,0.39320681028967824,0.40884295164457163,0.4251008749983326,0.44200530594312154,0.4595819533014111,0.4778575482248177,0.4968598848477293,0.5166178625575552,0.5371615299458736,0.5585221305073353,0.5807321501558129,0.6038253666300595,0.6278369008640216,0.6528032703999302,0.6787624449253923,0.7057539040189604
0.1125,0.005863716486449025,0.006096891236854765,0.006339338342830989,0.006591426526023884,0.006853539170551514,0.007126074906067125,0.007409448214008395,0.007704090057954705,0.00801044853905085,0.008328989577494268,0.008660197621121971,0.009004576382175009,0.009362649603360808,0.00973496185437863,0.01012207936011923,0.010524590861798643,0.010943108512335436,0.011378268807333272,0.01183073355308466,0.012301190873068078,0.012790356254469074,0.01329897363631702,0.0138278165408925,0.014377689250125695,0.014949428028775207,0.01554390239624745,0.016162016448990683,0.016804710235475074,0.017472961185849848,0.01816778559845155,0.018890240185424494,0.01964142367980391,0.020422478506505696,0.02123459251976436,0.02207900080966145,0.022956987580491636,0.02386988810382347,0.02481909074922503,0.02580603909574251,0.026832234127343462,0.027899236515663367,0.02900866899352696,0.030162218822854508,0.03136164036070613,0.032608757727366364,0.03390546758052718,0.03525374199978841,0.03665563148586201,0.03811326807904197,0.039628868601682486,0.0412047380296151,0.042843272997633,0.04454696544437301,0.04631840640213929,0.048160289937431294,0.05007541724817028,0.05206670092385434,0.05413716937512197,0.05628997143945953,0.058528381170058714,0.060855802815105796,0.06327577599507564,0.06579198108590473,0.06840824481622976,0.07112854608720394,0.07395702202374277,0.07689797426640174,0.07995587551345444,0.08313537632312139,0.08644131218629458,0.0898787108805126,0.09345280011637279,0.09716901548800812,0.10103300873971963,0.10505065636133781,0.1092280685253848,0.11357159837962785,0.11808785170915877,0.12278369698269259,0.12766627579836318,0.13274301374490421,0.13802163169473264,0.14351015754610832,0.14921693843222975,0.1551506534158332,0.16132032668859983,0.16773534129544793,0.1744054534045814,0.18134080714499426,0.18855195003400113,0.19604984901825442,0.20384590715264075,0.21195198094242818,0.2203803983750356,0.22914397766884584,0.2382560467675803,0.24773046360988124,0.2575816372049258,0.2678245495461282,0.27847477839625656,0.28954852097861045,0.3010626186103029,0.3130345823150953,0.325482619454744,0.33842566141936786,0.35188339241893596,0.365876279419668,0.38042560327088415,0.3955534910696283,0.41128294981229246,0.42763790138443053,0.4446432189419543,0.4623247647390604,0.48070942946041195,0.4998251731173841,0.5197010675705845,0.5403673407433103,0.5618554225931788,0.5841979929118565,0.6074290310255792,0.6315838674720405,0.6566992377322538,0.6828133380991006,0.7099658837675203,0.738198169234708
0.115,0.006127221770531428,0.006370874991202315,0.00662421725107673,0.0068876338415143415,0.007161525375252843,0.007446308395673107,0.007742416010292232,0.00805029854944798,0.008370424251176099,0.008703279973322407,0.009049371933972393,0.009409226481324603,0.009783390894178508,0.01017243421425441,0.010576948111611013,0.010997547784477004,0.01143487289486508,0.011889588541391214,0.012362386270778838,0.012853985129586201,0.013365132757756326,0.013896606525652751,0.014449214716310386,0.01502379775469925,0.015621229485870785,0.01624241850393067,0.01688830953385891,0.017559884868279144,0.01825816586136212,0.018984214482135053,0.019739134929559622,0.02052407531183461,0.021340229392477063,0.022188838405837717,0.023071192944811674,0.023988634923614964,0.02494255961861258,0.02593441779030133,0.02696571788967465,0.028038028352325325,0.02915297998377466,0.030312268439655832,0.031517656804523536,0.032770978273211945,0.03407413893881839,0.035429120691553344,0.03683798423286533,0.03830287220942421,0.03982601247172978,0.041409721462301326,0.04305640773860028,0.04476857563604515,0.046548829076688045,0.04839987552934654,0.05032453012721218,0.05232571994919919,0.05440648847154362,0.05657000019642375,0.0588195454646402,0.061158545459676174,0.0635905574107476,0.06611928000275559,0.06874855900137007,0.07148239310179862,0.07432494001013511,0.07728052276653814,0.08035363631985486,0.08354895436368868,0.0868713364443086,0.09032583535120957,0.09391770480156282,0.0976524074302444,0.1015356230975927,0.10557325752752929,0.10977145128918067,0.11413658913566137,0.11867530971421854,0.12339451566250864,0.1283013841063593,0.13340337757498102,0.1387082553502308,0.14422408526718733,0.14995925598398285,0.15592248973955466,0.16212285561871756,0.1685697833447295,0.17527307762032984,0.18224293303905897,0.18948994958953477,0.19702514877626992,0.20485999038154393,0.2130063898938212,0.22147673662922376,0.23028391257361747,0.23944131197396437,0.24896286170874074,0.2588630424683995,0.2691569107780855,0.2798601218961025,0.2909889536229526,0.30256033105715546,0.3145918523355068,0.32710181539690947,0.3401092458104881,0.3536339257103124,0.36769642388072526,0.3823181270380335,0.3975212723561437,0.4133289812855968,0.4297652947174377,0.44685520954541,0.464624716682062,0.48310084058659364,0.5023116803645589,0.5222864525019185,0.543055535298448,0.5646505150680717,0.5871042341763785,0.6104508409883895,0.6347258418025312,0.6599661548497966,0.686210166440222,0.7134977893420726,0.7418705234825055,0.7713715190620456
0.1175,0.006396518379538714,0.006650880366524532,0.006915357234228966,0.0071903512078946965,0.007476280507530021,0.007773579983951743,0.008082701780120763,0.008404116018776267,0.008738311517413989,0.009085796531696217,0.009447099528423918,0.009822769989246714,0.010213379246332853,0.010619521351270318,0.01104181397852019,0.011480899364796642,0.011937445285801965,0.012412146071802072,0.012905723663587167,0.013418928710423403,0.013952541711665276,0.014507374203765083,0.015084269994484705,0.015684106446186497,0.016307795810155273,0.01695628661398055,0.017630565104108847,0.018331656745760216,0.019060627782490035,0.019818586857767644,0.020606686701038376,0.021426125880833008,0.022278150627590657,0.023164056728967635,0.02408519150051464,0.025042955834719025,0.02603880633152891,0.02707425751359906,0.02815088412962726,0.029270323549284796,0.030434278253382904,0.03164451842306225,0.03290288463194351,0.03421129064533326,0.03557172633074187,0.036986260684140515,0.0384570449765593,0.03998631602581194,0.04157639959832283,0.04322971394623043,0.04494877348514557,0.046736192618158666,0.048594689711911096,0.05052709123077811,0.052536336035449764,0.05462547985244847,0.056797699921379875,0.0590562998269849,0.06140471452334127,0.06384651555785664,0.0663854165029969,0.0690252786040109,0.07177011665124126,0.07462410508595137,0.07759158434895481,0.08067706748170261,0.08388524698986738,0.08722100197986216,0.09068940557914822,0.09429573265161717,0.09804546781977892,0.10194431380595927,0.10599820010519008,0.11021329200298306,0.11459599995170133,0.11915298931979011,0.12389119052869034,0.12881780959285516,0.13394033907889774,0.13926656950053545,0.1448046011666634,0.150562856500575,0.15655009284906335,0.1627754158008867,0.1692482930348521,0.17597856871857628,0.18297647847982443,0.19025266497319523,0.19781819406582332,0.20568457166672027,0.21386376122534517,0.22236820192601653,0.23121082760583894,0.2404050864249154,0.2499649613187558,0.2599049912639925,0.27024029338974204,0.2809865859682376,0.29216021231970235,0.30377816566781757,0.31585811498358046,0.3284184318568687,0.3414782184365657,0.355057336481743,0.36917643756809065,0.3838569944955207,0.3991213339447144,0.4149926704322879,0.4314951416162019,0.44865384500511324,0.46649487612750973,0.48504536821865524,0.5043335334857207,0.5243887060138518,0.5452413863784205,0.5669232880313192,0.5894673855318384,0.6129079646954726,0.6372806747369338,0.6626225824866687,0.6889722287633271,0.7163696869879254,0.744856624128846,0.7744763640703468,0.8052739535009726
0.12,0.006671606313470892,0.006936907362821423,0.007212758292287705,0.007499578625164954,0.007797804567383057,0.008107889670903042,0.008430305523493997,0.008765542465939576,0.009114110337764521,0.009476539252615702,0.009853380404476557,0.010245206905941344,0.010652614659823858,0.01107622326542635,0.011516676960846774,0.01197464560275757,0.012450825685146098,0.01294594139856586,0.013460745731509658,0.013996021615579685,0.014552583116195925,0.015131276670654031,0.01573298237541547,0.016358615324587465,0.017009127001628682,0.0176855067263971,0.018388783159740508,0.019120025867918312,0.019880346949233612,0.020670902725349324,0.021492895499860762,0.022347575386799122,0.02323624221184648,0.024160247489154116,0.025120996476770366,0.026119950313803816,0.027158628242572484,0.02823860991911827,0.029361537815600372,0.030529119718221896,0.031743131324488104,0.033005418943746236,0.03431790230511447,0.0356825774770701,0.03710151990313685,0.038576887558288704,0.04011092423087038,0.041705962935025216,0.04336442945882109,0.04508884605346987,0.04688183526925096,0.04874612394397355,0.05068454735004219,0.052700053506434044,0.054795707662144075,0.0569746969579182,0.05924033527336318,0.06159606826680544,0.06404547861556285,0.06659229146460015,0.06924038009185371,0.07199377179884163,0.07485665403551828,0.07783338076868809,0.08092847910366317,0.08414665616923624,0.08749280627643934,0.09097201836197483,0.09458958372764037,0.0983510040875174,0.10226199993516102,0.10632851924351751,0.11055674651080034,0.11495311216608103,0.11952430234889994,0.12427726907777115,0.12921924082304329,0.13435773350019845,0.13970056190030805,0.14525585157502657,0.15103205119420215,0.15703794539489577,0.16328266814134992,0.16977571661622587,0.17652696566423687,0.18354668281014028,0.1908455438739319,0.19843464920699047,0.20632554057386013,0.21453021870535247,0.22306116154965844,0.23193134324922685,0.24115425387227388,0.2507439199289294,0.26071492570322014,0.2710824354333358,0.2818622163739094,0.29307066277538224,0.3047248208169282,0.31684241453085193,0.3294418727578857,0.3425423571743892,0.35616379143406396,0.3703268914685087,0.385053196992703,0.4003651042633228,0.4162859001397113,0.43283979749931717,0.4500519720614438,0.4679486006753196,0.4865569011307299,0.5059051735517347,0.5260228434364422,0.5469405064082908,0.5686899747468904,0.5913043257691987,0.6148179521346111,0.6392666141504612,0.6646874941574901,0.6911192530779924,0.7186020892126328,0.7471777993753644,0.7768898424594214,0.8077834055310456,0.8399054725514901
0.1225,0.0069524855723279546,0.007228955980092984,0.00751642042525294,0.007815316093325107,0.008126097554811942,0.008449237456526995,0.00878522724041193,0.009134577890937898,0.009497820712227698,0.00987550813608086,0.010268214562130297,0.010676537231408491,0.011101097134651508,0.01154253995672251,0.012001537058590752,0.012478786498359772,0.012975014092897471,0.013490974521682561,0.014027452474546304,0.01458526384505504,0.015165256971348268,0.015768313926319586,0.01639535185910266,0.01704732438990212,0.017725223060290996,0.018430078841180305,0.019162963700753884,0.019924992234753403,0.02071732336159284,0.02154116208488008,0.022397761326026767,0.02328842382973293,0.02421450414524453,0.025177410686397138,0.02617860787357883,0.02721961836086934,0.028302025351743282,0.02942747500685891,0.03059767894759396,0.031814416859136614,0.03307953919709024,0.03439497000170776,0.03576270982403638,0.037184838768422435,0.03866351965600327,0.0402010013139979,0.0417996219957985,0.04346181293706404,0.04519010205322458,0.04698711778401958,0.04885559309091646,0.05079836961348978,0.05281840199108128,0.05491876235631427,0.05710264500729508,0.059373371265608314,0.06173439452749348,0.06418930551588534,0.06674183774130485,0.06939587317990666,0.07215544817731802,0.07502475958724772,0.0780081711542011,0.08111022015000871,0.08433562427426007,0.08768928882913896,0.09117631417957066,0.0948020035100267,0.09857187088978489,0.10249164965891025,0.10656730114770901,0.11080502374291905,0.11521126231442344,0.11979271801682312,0.12455635848077633,0.1295094284096044,0.13465946059727724,0.14001428738453836,0.14558205257059006,0.15137122379845433,0.1573906054328469,0.16364935195014962,0.17015698186084247,0.17692339218557218,0.1839588735068718,0.19127412561942134,0.1988802738026521,0.20678888574044443,0.215011989113645,0.2235620898921663,0.23245219135448336,0.24169581386345207,0.25130701542852835,0.26130041308565943,0.2716912051273574,0.2824951942167705,0.2937288114209011,0.3054091411995194,0.31755394738777964,0.3301817002120552,0.3433116043800708,0.35696362828806777,0.37115853438940427,0.3859179107707853,0.40126420398414925,0.41722075318413093,0.43381182562302356,0.45106265355723096,0.46899947262132224,0.48764956172805657,0.5070412845550705,0.5272041326812998,0.5481687704387576,0.569967081547876,0.592632217607328,0.6161986485120858,0.6407022148763893,0.6661801825413443,0.692671299250058,0.7202158535765013,0.7488557361977131,0.7786345036025389,0.8095974443337975,0.8417916478646008,0.8752660762135968
0.125,0.007239156156109908,0.007527026218339218,0.007826343633124677,0.008137563612375167,0.008461159469816683,0.008797623340823612,0.009147466930874563,0.00951122229377124,0.009889442640803518,0.01028270318209169,0.010691602001385152,0.01111676096564816,0.011558826670815816,0.012018471425158802,0.01249639427175214,0.01299332205160326,0.013510010509056095,0.01404724544115219,0.014605843892697113,0.015186655398849482,0.015790563277122308,0.016418485970761752,0.017071378445546296,0.017750233642130492,0.01845608398614223,0.019190002958330184,0.019953106727148985,0.020746555846265523,0.02157155701956772,0.022429364936359945,0.023321284179536418,0.024248671209634455,0.025212936427784806,0.026215546320696736,0.02725802569094006,0.0283419599759156,0.029468997659041325,0.030640852776821027,0.03185930752560805,0.03312621497202897,0.034443501871189344,0.035813171596946865,0.03723730718870927,0.038718074519390286,0.040257725589341195,0.04185860195126813,0.04352313827134372,0.04525386603192841,0.0470534173815333,0.04892452913787961,0.050870046950142106,0.0528929296267074,0.054996253635028414,0.05718321778041887,0.05945714807090285,0.061821502775518865,0.0642798776837708,0.06683601157422465,0.06949379190056733,0.0722572607037762,0.07513062075938987,0.0781182419692292,0.0812246680072898,0.08445462322991328,0.08781301986074562,0.09130496546141083,0.09493577069926142,0.09871095742401782,0.10263626706558195,0.10671766936579577,0.11096137145742295,0.11537382730416396,0.1199617475160594,0.12473210955520943,0.12969216834733066,0.13484946731528985,0.14021184985139237,0.14578747124587502,0.15158481108974398,0.15761268617081875,0.16388026388259774,0.1703970761663366,0.17717303400754109,0.18421844250892563,0.19154401656275702,0.19916089714641952,0.20708066826598512,0.21531537457355734,0.22387753968517812,0.23278018522716193,0.2420368506398203,0.25166161376869234,0.26166911227460266,0.2720745658951057,0.28289379959116767,0.29414326761429666,0.30584007853071765,0.31800202124064914,0.33064759203225713,0.3437960227114278,0.3574673098501363,0.3716822451979048,0.38646244730258683,0.4018303943885729,0.41780945854242946,0.43442394125794564,0.4516991103946519,0.4696612386060299,0.48833764329583734,0.5077567281633243,0.5279480264005316,0.5489422456073509,0.5707713144926673,0.5934684314326073,0.6170681149597336,0.641606256259981,0.6671201737571734,0.6936486698681219,0.7212320900146375,0.7499123839821965,0.7797331697185685,0.8107397996694493,0.8429794297519762,0.8765010910710128,0.9113557644872936
0.1275,0.0075316180648167495,0.007831118077560125,0.008142527915902918,0.008466321182315125,0.00880299031239728,0.009153047323792888,0.009517024594881898,0.0098954756744396,0.010288976123491984,0.010698124390648198,0.011123542722241113,0.011565878108660346,0.012025803268316777,0.012504017670735222,0.01300124860033093,0.01351825226248804,0.014055814933621964,0.014614754156974743,0.015195919985962078,0.015800196276963004,0.016428502033518057,0.017081792803980533,0.017761062134746368,0.018467343081272566,0.01920170977918238,0.019965279077846728,0.02075921223892581,0.021584716702454654,0.02244304792315826,0.02333551127978889,0.024263464060389688,0.025228317526503695,0.026231539059467318,0.02727465439205289,0.028359249928854052,0.029486975158942594,0.0306595451644666,0.031878743229004615,0.03314642354964261,0.034464514056898946,0.03583501934678541,0.03726002372946352,0.038741694399133136,0.040282284729973666,0.04188413770315059,0.04354968947009936,0.04528147305750601,0.047082122219618334,0.04895437544374725,0.05090108011504997,0.05292519684692786,0.05502980398362639,0.05721810228188357,0.05949341977874781,0.06185921685296733,0.06431909148764985,0.06687678474219516,0.06953618644182334,0.07230134109335026,0.07517645403620878,0.07816589783806924,0.08127421894478608,0.08450614459478432,0.0878665900084018,0.09136066586311976,0.09499368606605187,0.09877117583551161,0.10269888010394818,0.10678277225503151,0.11102906320817398,0.11544421086430287,0.12003492992725219,0.12480820211570826,0.12977128678123992,0.13493173194856284,0.14029738579482762,0.1458764085853887,0.15167728508420844,0.15770883745776967,0.16398023869211986,0.17050102654345478,0.17728111804345661,0.18433082458144584,0.19166086758628625,0.19928239483189247,0.2072069973911349,0.215446727263931,0.22401411570632912,0.23292219228845934,0.24218450471033934,0.2518151394056691,0.26182874296494757,0.2722405444104967,0.283066378357268,0.2943227090946509,0.30602665562591436,0.31819601770335865,0.33084930289877146,0.34400575475036044,0.3576853820289696,0.371908989168082,0.38669820790390036,0.4020755301736113,0.41806434232187123,0.4346889606675438,0.45197466848476675,0.46994775445459597,0.4886355526457136,0.5080664840849893,0.5282700999811226,0.5492771266671131,0.5711195123298881,0.5938304755981711,0.6174445560624848,0.6419976668041069,0.6675271490128845,0.6940718287769634,0.7216720761307943,0.750369866451229,0.7802088442950775,0.8112343897751988,0.8434936875760953,0.8770357987139562,0.9119117351502819,0.9481745373725807
0.13,0.007829871298448476,0.008141231557755696,0.008464973273587653,0.00880158880314498,0.009151590082553725,0.009515509405434818,0.009893900232433925,0.010287338032942973,0.010696421160293087,0.011121771761750372,0.011564036724698181,0.01202388866044505,0.012502026927154386,0.01299917869345176,0.013516100044327115,0.014053577131014088,0.014612427366595073,0.015193500669150206,0.0157976807543412,0.0164258864793956,0.01707907324053549,0.01775823442597591,0.018464402926702872,0.01919865270732834,0.019962100439411438,0.020755907199729924,0.021581280236084344,0.022439474803320793,0.023331796072364446,0.02425960111516691,0.025224300968586588,0.026227362780340636,0.027270312040292045,0.028354734900465594,0.02948228058732077,0.030654663909950315,0.031873667868019095,0.03314114636340962,0.034459027019697656,0.03582931411374653,0.03725409162387839,0.03873552639925773,0.04027587145530795,0.04187746940017254,0.04354275599743143,0.045274263870491605,0.04707462635428536,0.04894658150013376,0.050892976239866404,0.052916770715530595,0.05502104278127369,0.05720899268424673,0.05948394793164672,0.06184936835130105,0.06430885135348852,0.0668661374020012,0.06952511570276651,0.07228983011868138,0.07516448531965361,0.07815345317720433,0.08126127941335608,0.08449269051391829,0.08785260091668463,0.0913461204854742,0.09497856228138245,0.09875545064306195,0.10268252958832114,0.10676577154981766,0.11101138645813344,0.11542583118604471,0.12001581936834867,0.12478833161218376,0.12975062611336985,0.13491024969491452,0.14027504928447282,0.14585318384821752,0.151653136799266,0.1576837288995384,0.16395413167466705,0.17047388136235758,0.17725289341541775,0.18430147758150964,0.19163035358255645,0.19925066741765401,0.207174008314278,0.21541242635356736,0.2239784507964895,0.2328851091387596,0.24214594692348865,0.2517750483416983,0.26178705765202964,0.2721972014522176,0.2830213118362103,0.29427585047214627,0.30597793363780695,0.3181453582516233,0.33079662893882417,0.34395098617388614,0.3576284355420893,0.3718497781646803,0.38663664233390743,0.40201151640605387,0.41799778300247786,0.4346197545706803,0.4519027103594917,0.469872934864594,0.4885577578028555,0.5079855956762819,0.5281859949887776,0.5491896771814514,0.5710285853548149,0.5937359328489108,0.6173462537552689,0.6418954554375079,0.6674208731404477,0.6939613267707955,0.7215571799357587,0.7502504013293607,0.7800846285598321,0.8111052345151439,0.8433593963676036,0.8768961673224763,0.9117665512197373,0.9480235801024075,0.9857223948694569
0.1325,0.008133915857005094,0.008457366658925946,0.008793679706178892,0.00914336647486474,0.009506958780286028,0.009885009585749411,0.01027809384353066,0.010686809369281368,0.011111777751206836,0.011553645295398225,0.012013084008756359,0.012490792621002276,0.012987497647328653,0.013503954493308433,0.014040948603740706,0.014599296657181429,0.015179847807975431,0.015783484977678605,0.01641112619783448,0.01706372600614728,0.017742276898174633,0.01844781083674791,0.019181400821415822,0.01994416252029782,0.020737255966829415,0.0215618873239798,0.02241931071862461,0.023310830148863947,0.024237801467186293,0.025201634442494035,0.02620379490412712,0.02724580697114528,0.028329255370259016,0.029455787845934858,0.030627117666340256,0.03184502622893877,0.033111365769698836,0.034428062180036106,0.035797117935773205,0.03722061514257175,0.038700718702468356,0.04023967960632951,0.041839838357233754,0.04350362852998694,0.04523358047218377,0.047032325152444876,0.04890259816168182,0.050847243873474765,0.05286921976989082,0.054971600939321554,0.05715758475317968,0.059430495728568455,0.06179379058431793,0.06425106349807866,0.06680605157246645,0.06946264051857302,0.07222487056548489,0.07509694260479884,0.07808322457947747,0.08118825812676295,0.08441676548525047,0.08777365667662594,0.09126403697299083,0.09489321466113058,0.0986667091155338,0.10259025919244125,0.10666983195769014,0.11091163176162644,0.1153221096748879,0.11990797329940818,0.12467619696956046,0.12963403235895865,0.13478901950904437,0.14014899829623334,0.14572212035506074,0.15151686147545973,0.15754203449302454,0.1638068026918652,0.17032069374043637,0.177093614181532,0.18413586449848696,0.1914581547804958,0.19907162101087328,0.2069878420030289,0.21521885700991383,0.22377718403371702,0.23267583886366094,0.24192835487084904,0.25154880359026616,0.2615518161212392,0.27195260537890215,0.28276698923050275,0.2940114145517436,0.3057029822397408,0.3178594732206361,0.3304993754914238,0.3436419122371144,0.3573070710659935,0.3715156344074441,0.3862892111185603,0.4016502693476132,0.417622170704366,0.4342292057891866,0.4514966311350005,0.4694507076182738,0.4881187403974278,0.5075291204394309,0.5277113676977353,0.548696176007203,0.5705154597643112,0.5932024024636374,0.6167915071644197,0.6413186489639611,0.6668211295576778,0.6933377339687566,0.720908789533715,0.7495762272335602,0.7793836454638221,0.8103763763404471,0.8426015546423962,0.8761081894957837,0.9109472389085935,0.9471716872693206,0.9848366259273903,1.0239993369779232
0.135,0.008443751740486597,0.008779523381070863,0.009128647213676629,0.009491654197474395,0.00986909640559418,0.010261547864736664,0.01066960542817209,0.011093889683454778,0.011535045896233226,0.01199374499159175,0.012470684574415643,0.012966589990332017,0.013482215428839569,0.01401834507030523,0.014575794278571698,0.01515541084099005,0.015758076257763036,0.01638470708255992,0.017036256316441917,0.01771371485721804,0.01841811300643547,0.019150522036296514,0.019912055818885204,0.02070387252018101,0.021527176361436303,0.022383219450596334,0.02327330368654659,0.024198782739084112,0.025161064107623792,0.026161611261770242,0.02720194586701128,0.02828365009891764,0.02940836904936821,0.030577813228460683,0.0317937611659125,0.03305806211590796,0.03437263886950581,0.03573949067888406,0.03716069629786922,0.038638417143374605,0.04017490058255527,0.04177248335067883,0.04343359510491051,0.045160762119416845,0.04695661112740758,0.04882387331595915,0.05076538847969533,0.05278410933964131,0.05488310603382046,0.0570655707864228,0.05933482276264577,0.061694313116591536,0.06414763023989715,0.06669850521908059,0.0693508175099011,0.07210860083736523,0.07497604933035029,0.07795752390017564,0.08105755887282175,0.08428086888488458,0.08763235605375237,0.09111711743290894,0.09474045276370284,0.09850787253537088,0.1024251063655737,0.10649811171418963,0.11073308294361854,0.11513646073937439,0.11971494190529483,0.12447548954826423,0.1294253436679382,0.13457203216757688,0.1399233823027317,0.1454875325851963,0.1512729451603265,0.15728841867655413,0.16354310166666408,0.17004650646118868,0.17680852365507738,0.18383943714964301,0.1911499397926621,0.19875114964041501,0.20665462686639602,0.2148723913424109,0.22341694091879985,0.2323012704315838,0.2415388914654451,0.25114385290259733,0.26113076228879173,0.2715148080489617,0.2823117825862865,0.2935381062998028,0.3052108525570966,0.3173477736600514,0.32996732784313804,0.34308870734531577,0.35673186759822917,0.37091755757509326,0.3856673513464249,0.40100368089060945,0.41694987020919916,0.4335301707988363,0.45076979853373733,0.46869497201483146,0.48733295244388986,0.5067120850832679,0.526861842364322,0.5478128687100735,0.5695970271402648,0.5922474477297015,0.6157985779935803,0.6402862352764144,0.6657476612242472,0.6922215784229933,0.7197482492890332,0.7483695373016421,0.7781289706703671,0.8090718085341777,0.8412451097930735,0.8746978046768343,0.9094807691597384,0.9456469023344458,0.9832512068627052,1.0223508726252295,1.0630053636979797
0.1375,0.00875937894889299,0.009107701724190453,0.009469875796080864,0.009846451970973951,0.010238002958478189,0.01064512424239657,0.011068434986358221,0.011508578975463202,0.011966225595372257,0.012442070850330946,0.012936838421676035,0.013451280768434276,0.013986180271687139,0.014542350424442152,0.01512063706882009,0.01572191968243995,0.016347112715957873,0.01699716698379415,0.01767307111016351,0.018375853032607876,0.019106581565318,0.019866368024621724,0.020656367919111022,0.021477782706977897,0.0223318616232321,0.02321990357957953,0.02414325913985028,0.02510333257398128,0.026101583993676944,0.02713953157299553,0.028218753857239067,0.029340892163657695,0.03050765307761962,0.03172081104804305,0.03298221108603748,0.03429377157085788,0.03565748716744,0.037075431859953455,0.038549762105985735,0.04008272011615505,0.041676637264139116,0.043333937632305704,0.04505714169833823,0.04684887016846225,0.04871184796310285,0.05064890836103444,0.0526629973083259,0.05475717789863337,0.0569346350316553,0.05919868025683434,0.061552756809671955,0.06400044484831596,0.06654546689838436,0.06919169351430686,0.07194314916579243,0.07480401835837786,0.07777865199736268,0.08087157400481185,0.08408748819968646,0.0874312854515692,0.09090805111886174,0.09452307278276734,0.09828184828882064,0.10219009410819507,0.10625375403150221,0.11047900820830713,0.11487228254610632,0.11944025848306156,0.1241898831493542,0.12912837993261292,0.1342632594634818,0.1396023310380384,0.1451537144944319,0.15092585256180344,0.15692752370027008,0.16316785545150078,0.16965633832018484,0.1764028402075088,0.18341762141859017,0.19071135026669073,0.19829511929794336,0.2061804621612673,0.2143793711491248,0.22290431543580003,0.231768260040936,0.24098468554716765,0.250567608601842,0.2605316032340044,0.2708918230190655,0.28166402412486596,0.2928645892741826,0.30451055266011773,0.3166196258522693,0.3292102247330779,0.34230149750531297,0.35591335381329897,0.37006649502216826,0.38478244570118547,0.4000835863590312,0.4159931874808277,0.4325354449186651,0.44973551668946493,0.4676195612361301,0.48621477721017314,0.5055494448363397,0.5256529689221142,0.5465559235775289,0.568290098713296,0.5908885483879632,0.6143856410776223,0.6388171119446433,0.6642201171848947,0.6906332905361275,0.718096802033455,0.7466524191012776,0.7763435700745771,0.8072154102461799,0.8393148905404277,0.8726908289177115,0.9073939846184579,0.9434771353594679,0.9809951576000338,1.0200051099998912,1.0605663201959254,1.1027404750296257
0.14,0.00908079748222427,0.009441901688284716,0.009817365453391602,0.010207759795363413,0.01061367843893805,0.011035738718729139,0.011474582518089055,0.011930877245306648,0.012405316848623936,0.012898622871615818,0.013411545550537538,0.013944864955309055,0.014499392175871362,0.015075970555719206,0.015675476974485885,0.016298823181531138,0.016946957182559973,0.01762086468138131,0.018321570578999264,0.019050140532316795,0.019807682574822235,0.020595348801723545,0.02141433712209328,0.02226589308068849,0.02315131175221682,0.02407193971092939,0.0250291770785357,0.02602447965355548,0.02705936112534575,0.028135395376169915,0.029254218874810486,0.03041753316536547,0.03162710745501327,0.032884781304682,0.03419246742671522,0.035552154593788535,0.036965910663501446,0.038435885723244315,0.03996431536012274,0.04155352406091315,0.04320592874721993,0.04492404245121015,0.04671047813751693,0.04856795267712319,0.0504992909792696,0.05250743028767075,0.054595424647573575,0.05676644955045101,0.05902380676339539,0.0613709293505562,0.06381138689425826,0.06634889092374179,0.06898730055977965,0.07173062838375746,0.07458304654014056,0.07754889308161089,0.08063267856652212,0.08383909291870743,0.08717301256007168,0.0906395078268169,0.09424385068057868,0.09799152272620112,0.10188822354834434,0.10593987937960325,0.11015265211331932,0.1145329486747938,0.11908743076515355,0.12382302499268799,0.12874693340706606,0.13386664445245428,0.13918994435619142,0.14472492897034328,0.150480016084145,0.15646395822605474,0.1626858559748916,0.16915517180029965,0.17588174445358667,0.1828758039308257,0.19014798703097485,0.19770935353267513,0.20557140301433072,0.21374609234305267,0.22224585385905965,0.23108361428319638,0.24027281437632247,0.24982742938046873,0.25976199027285185,0.2700916058650704,0.28083198578108737,0.291999464348952,0.30361102544259067,0.31568432831144777,0.32823773443726173,0.3412903354588207,0.3548619822071608,0.3689733148953738,0.3836457945089323,0.3989017354442704,0.4147643394452635,0.43125773088921515,0.44840699347601115,0.466238208376252,0.484778493896365,0.5040560467210259,0.5241001847956236,0.5449413919139672,0.5666113640790514,0.589143057707404,0.6125707397502985,0.6369300398080742,0.662258004316827,0.6885931528898613,0.7159755368996019,0.7444468003890627,0.77405024340549,0.8048308878525204,0.8368355459609986,0.8701128914825723,0.9047135337143617,0.9406900944672676,0.9780972880949725,1.0169920047053576,1.0574333966808789,1.099482968639479,1.1432046709728616
0.14250000000000002,0.009408007340480442,0.009782123273353652,0.010171116185608838,0.010575577670642771,0.010996122846973766,0.011433391293734371,0.011888048023364586,0.012360784492985107,0.012852319655988256,0.013363401055446365,0.013894805961000147,0.014447342550956355,0.015021851141392237,0.015619205464136386,0.016240313995569085,0.016886121338263605,0.01755760965756931,0.018255800175321395,0.018981754722949173,0.019736577356344796,0.020521416034948167,0.02133746436760198,0.022185963427831978,0.023068203641312793,0.023985526748390454,0.024939327844645916,0.025931057502602838,0.026962223977806687,0.02803439550263022,0.029149202671293388,0.03030834091972554,0.03151357310404095,0.032766732181549144,0.03406972399837749,0.03542453018794572,0.036833211184699934,0.03829790935769011,0.039820852268756625,0.04140435606028023,0.043050828977648864,0.04476277503179769,0.04654279780739217,0.04839360442244659,0.05031800964539964,0.05231894017590783,0.05439943909586808,0.05656267049743832,0.05881192429509417,0.0611506212290407,0.06358231806758838,0.06611071301640468,0.06873965134286895,0.07147313122408294,0.0743153098274324,0.07727050963294538,0.08034322500706435,0.08353812903782855,0.0868600806418624,0.09031413195397733,0.09390553601062757,0.09763975473890311,0.10152246726321032,0.10555957854227387,0.10975722834959535,0.11412180061102503,0.11865993311364958,0.12337852760076017,0.1282847602682536,0.13338609267843038,0.13869028310778825,0.14420539834606694,0.14993982596449154,0.1559022870718709,0.16210184957795024,0.16854794198419096,0.17525036772295077,0.18221932006686964,0.18946539763113932,0.19699962049223135,0.20483344694759614,0.21297879094182418,0.2214480401857711,0.23025407499620054,0.23941028788459984,0.24893060392495914,0.2588295019314869,0.2691220364784743,0.2798238607957952,0.2909512505748576,0.3025211287212197,0.31455109109151064,0.3270594332537927,0.3400651783120738,0.35358810583727956,0.36764878194868167,0.38226859059154017,0.3974697660585208,0.4132754268043478,0.42970961060512153,0.44679731111577176,0.4645645158812374,0.48303824585919736,0.502246596514442,0.5222187805473895,0.5429851723217415,0.5645773540588263,0.5870281638688899,0.6103717456923966,0.6346436012272706,0.6598806439210565,0.6861212551101312,0.7134053423913136,0.7417744003146707,0.7712715734898167,0.8019417222016699,0.8338314906354717,0.8669893778148229,0.9014658113606117,0.9373132241830233,0.9745861342232631,1.013341227366252,1.0536374436504166,1.0955360669056684,1.1391008179558888,1.1843979515276875
0.14500000000000002,0.009741008523661493,0.010128366479397254,0.010531127992732571,0.010949905596812028,0.011385336182585333,0.011838081967412253,0.012308831502184814,0.012798300718498586,0.013307234017465216,0.013836405401822582,0.014386619653063863,0.014958713555376167,0.015553557168249766,0.01617205514969369,0.01681514813206968,0.017483814152637358,0.018179070140985888,0.018901973465614386,0.01965362354201324,0.020435163504691867,0.02124778194569579,0.022092714722257017,0.022971246836327102,0.023884714388850793,0.024834506611752988,0.025822067980729103,0.02684890041205168,0.027916565546734898,0.02902668712553033,0.030180953458365942,0.03138111999198421,0.03262901197968413,0.033926527257227244,0.03527563912912953,0.03667839936972896,0.038136941343592044,0.03965348325000601,0.04123033149649039,0.042869884206458195,0.044574634866362185,0.04634717611787239,0.04819020370085171,0.05010652055312721,0.05209904107329159,0.054170795553017514,0.056324934785626404,0.05856473485792013,0.06089360213256288,0.06331507842859121,0.06583284640793083,0.06845073517611122,0.07117272610569748,0.07400295889129425,0.07694573784533165,0.08000553844420688,0.08318701413473824,0.086495003411282,0.08993453717427671,0.0935108463814034,0.09722937000300125,0.10109576329383504,0.10511590639379484,0.10929591327060918,0.11364214101817134,0.11816119952461931,0.12285996152487445,0.12774557305292616,0.1328254643097584,0.13810736096344714,0.14359929589861484,0.14930962143310839,0.15524702202048304,0.16142052745760957,0.16783952661748985,0.17451378172816814,0.18145344321945414,0.18866906516003365,0.1961716213084495,0.20397252180235953,0.2120836305114538,0.22051728308042365,0.22928630568942254,0.23840403456054743,0.24788433624001038,0.25774162868684586,0.26799090320022223,0.2786477472187096,0.2897283680261788,0.3012496174003757,0.3132290172416691,0.32568478622094227,0.33863586748715246,0.3521019574767055,0.3661035358684543,0.3806618967298753,0.39579918090179766,0.41153840967093364,0.4279035197814176,0.4449193998386053,0.4626119281604974,0.4810080121343436,0.5001356291383009,0.5200238690903609,0.5407029786892636,0.5622044074146932,0.5845608553566918,0.6078063229470437,0.6319761626682739,0.657107132818879,0.683237453416569,0.7104068643245555,0.7386566856892516,0.7680298807813333,0.7985711213357166,0.8303268554898177,0.8633453784234307,0.8976769058076527,0.9333736501745452,0.9704899003236968,1.009082103886444,1.049208953173306,1.0909314744352112,1.1343131206742592,1.179419868145155,1.2263203166941028
0.14750000000000002,0.010079801031767439,0.01048063130641553,0.010897400874762805,0.011330743573871186,0.011781318445772754,0.012249810739762801,0.012736932954549746,0.013243425921847077,0.013770059933054822,0.014317635910744475,0.014886986626728691,0.015478977968568501,0.016094510256443945,0.016734519612391124,0.017399979383987685,0.018091901624652386,0.01881133863280971,0.019559384552260316,0.020337177036191468,0.021145898977358028,0.021986780307065114,0.02286109986568867,0.02377018734757867,0.024715425323302502,0.02569825134230445,0.026720160119178958,0.027782705806882264,0.028887504360340124,0.030036235994046104,0.031230647737387592,0.032472556091586516,0.033763849792295034,0.035106492682047574,0.03650252669693815,0.037954074972064954,0.039463345070464895,0.041032632340449154,0.04266432340644561,0.04436089979865665,0.046124941727053156,0.047959132005444056,0.049866260131588826,0.05184922652955881,0.05391104696079905,0.056054857110598696,0.05828391735694575,0.06060161772901901,0.06301148306285713,0.06551717836204698,0.0681225143715836,0.07083145337337789,0.07364811521222742,0.07657678356141359,0.07962191243745527,0.08278813297392515,0.08608026046463252,0.08950330168688249,0.09306246251595043,0.09676315584234998,0.10061100980393801,0.1046118763453745,0.10877184011795478,0.11309722773335035,0.11759461738533131,0.12227084885410222,0.1271330339084685,0.1321885671216516,0.13744513711720246,0.1429107382621164,0.1485936828249341,0.1545026136173158,0.16064651713831796,0.1670347372413612,0.17367698934467365,0.18058337520682327,0.18776439828980965,0.19523097973307885,0.20299447496275647,0.21106669096135958,0.21945990422424808,0.22818687943012925,0.23726088885400712,0.24669573255210037,0.25650575934942815,0.26670588866198297,0.2773116331866746,0.28833912249355775,0.29980512755622135,0.31172708625764206,0.32412312991030034,0.3370121108308859,0.3504136310115273,0.364348071931157,0.3788366255523454,0.393901326550742,0.40956508582614687,0.42585172534617133,0.4427860143754801,0.4603937071457149,0.47870158202339225,0.49773748223533004,0.517530358213563,0.538110311624122,0.559508641146649,0.5817578900744792,0.6048918958075636,0.6289458413135136,0.6539563086350361,0.6799613345251243,0.7070004682946128,0.7351148319601006,0.7643471827836756,0.7947419782995903,0.8263454439267627,0.8592056432699333,0.8933725512163979,0.9288981299394886,0.9658364079243733,1.0042435621363819,1.0441780034568109,1.0857004655161353,1.1288740970597417,1.1737645579866518,1.2204401192072787,1.268971766472108
0.15000000000000002,0.010424384864798268,0.010838917754408475,0.011269934831699541,0.011718091601820241,0.012184069636536028,0.012668577610786002,0.013172352380459372,0.013696160103030588,0.014240797402757072,0.014807092582212035,0.015395906881994622,0.016008135790533354,0.016644710405974775,0.01730659885222868,0.01799480775132308,0.018710383754308703,0.01945441513304078,0.020228033435259155,0.021032415205483847,0.021868783774343262,0.022738411119056133,0.023642619797896922,0.024582784961586668,0.025560336444667906,0.026576760940044814,0.027633604259995472,0.028732473687094546,0.02987504041862236,0.031063042108177525,0.03229828550835832,0.03358264921853244,0.03491808654187363,0.03630662845601013,0.03775038670180331,0.039251556994953696,0.04081242236531848,0.04243535662901951,0.04412282799862229,0.04587740283687559,0.04770174955972172,0.04959864269451266,0.051570967099603494,0.05362172235174136,0.055754027307922026,0.057971124848651336,0.06027638680982611,0.06267331911073497,0.06516556708597691,0.06775692102940796,0.07045132195854666,0.07325286760820465,0.07616581866245868,0.07919460523444091,0.08234383360380321,0.08561829322210011,0.08902296399674718,0.09256302386462999,0.09624385666688351,0.10007106033681697,0.10405045541343774,0.10818809389352142,0.11249026843569007,0.11696352193049733,0.12161465745107516,0.1264507485994737,0.13147915026443163,0.13670750980693644,0.14214377869058567,0.14779622457443808,0.15367344388674595,0.15978437489868913,0.16613831131799608,0.1727449164231256,0.1796142377595016,0.18675672242015615,0.19418323293401743,0.20190506378600506,0.2099339585940601,0.21828212796923135,0.22696226808597902,0.23598757999094086,0.24537178967952472,0.2551291689708593,0.2652745572128529,0.27582338385037014,0.2867916918908442,0.2981961623030186,0.3100541393859226,0.3223836571466565,0.33520346672711326,0.3485330649213413,0.362392723826917,0.376803521675428,0.39178737488895227,0.4073670714112814,0.4235663053645872,0.4404097130842335,0.45792291058653495,0.47613253252645044,0.49506627270445613,0.5147529261841964,0.5352224330849832,0.5565059241157251,0.578635767919545,0.6016456203010986,0.6255704754114418,0.650446718968299,0.6763121835926831,0.7032062063460058,0.731169688555187,0.7602451580167655,0.7904768336745855,0.821910692869441,0.8545945412629549,0.8885780855420163,0.9239130090143729,0.9606530502103299,0.998854084610096,1.0385742096210782,1.0798738329343631,1.1228157643947387,1.167465311524007,1.213890378842846,1.262161571142259,1.3123523008617033
0.15250000000000002,0.01077476002275399,0.011203225823376095,0.011648729863542777,0.012111949680659203,0.012593589754875154,0.013094382580481864,0.013615089779913703,0.014156503262049118,0.01471944642657196,0.015304775416225274,0.015913380418861665,0.01654618702127072,0.017204157616842262,0.017888292869206367,0.018599633234075888,0.019339260541606302,0.020108299641679102,0.020907920114610925,0.02173933804989039,0.02260381789564758,0.02350267438166885,0.024437274518881794,0.025409039678351116,0.026419447752947026,0.027470035404974107,0.028562400403178655,0.02969820405268856,0.030879173721581613,0.032107105467924606,0.033383866771278144,0.03471139937282201,0.036091722228419935,0.03752693457911492,0.03901921914372503,0.040570845438395196,0.04218417322815278,0.04386165611571711,0.04560584527302043,0.04741939332111502,0.049305058364367924,0.05126570818507823,0.053304324604895724,0.055424008019674904,0.057627982114660525,0.059919598767175446,0.06230234314426749,0.06477983900306802,0.06735585420192226,0.07003430643067418,0.07281926916882003,0.07571497788059153,0.07872583645639132,0.0818564239103763,0.08511150134437549,0.08849601918873183,0.0920151247310823,0.0956741699445245,0.099478719627076,0.10343455986480442,0.10754770683150053,0.1118244159382759,0.11627119134700077,0.12089479586205017,0.12570226121540293,0.1307008987607338,0.13589831059276394,0.1413024011087807,0.14692138902990817,0.1527638199004122,0.1588385790840505,0.1651549052772284,0.17172240455951765,0.17855106500290285,0.18565127186197375,0.19303382336816696,0.2007099471520775,0.20869131731881252,0.2169900722023605,0.22561883282597492,0.2345907220966467,0.24391938476285863,0.2536190081659754,0.2637043438168243,0.274190729830285,0.28509411425200765,0.29643107931273094,0.30821886664709236,0.3204754035152828,0.3332193300674191,0.34647002769210783,0.36024764849230867,0.37457314593332175,0.38946830670951876,0.40495578387827535,0.42105913131149414,0.4378028395171193,0.4552123728851203,0.47331420841458227,0.4921358759808116,0.5117060002036892,0.5320543439809431,0.5532118537525618,0.5752107065651704,0.598084359007952,0.6218675980945522,0.6465965941683266,0.6723089559114,0.6990437875412151,0.7268417482815246,0.7557451141982919,0.7857978424945513,0.8170456383619815,0.8495360244908862,0.8833184133442931,0.9184441823060674,0.9549667518173561,0.9929416666201772,1.032426680231713,1.073481842777787,1.1161695923191015,1.1605548498091174,1.2067051178280086,1.2546905832428412,1.304584223950096,1.3564619198628882
0.15500000000000003,0.011130926505634601,0.011573555513318387,0.01203378597029251,0.01251231781038806,0.01300987880079014,0.013527225648850389,0.014065145152912732,0.014624455398902668,0.015206007004499497,0.01581068441278419,0.016439407237329815,0.017093131660780615,0.017772851889046405,0.018479601663324186,0.0192144558322461,0.019978531986545187,0.020772992158724662,0.021599044590315617,0.02245794556941109,0.023351001341270973,0.024279570094903283,0.02524506402864328,0.026248951497871997,0.027292759248139852,0.028378074737092307,0.029506548548728504,0.030679896903664298,0.031899904269217884,0.03316842607328734,0.03448739152614706,0.03585880655445521,0.037284756851933956,0.038767411051361944,0.040309024022703324,0.041911940302389455,0.04357859765896785,0.045311530800541955,0.047113375229640035,0.04898687125137495,0.05093486814099177,0.05296032847714075,0.05506633264746552,0.057256083533359405,0.059532911381014526,0.06190027886617104,0.0643617863602699,0.06692117740601815,0.06958234441069315,0.07234933456584564,0.07522635600240374,0.07821778419053853,0.08132816859402534,0.08456223958921973,0.08792491565917211,0.09142131087382024,0.09505674266763786,0.09883673992656601,0.10276705139652786,0.10685365442631238,0.11110276405812632,0.11552084247963791,0.12011460885188685,0.12489104952800885,0.1298574286783147,0.1350212993378825,0.14039051489346535,0.1459732410271844,0.15177796813516986,0.1578135242400389,0.1640890884168477,0.17061420475293365,0.17739879686288257,0.18445318298069302,0.19178809165209015,0.19941467805085564,0.20734454094398982,0.21558974033150105,0.22416281578765754,0.2330768055315904,0.24234526625625102,0.2519822937458825,0.26200254431335923,0.2724212570899954,0.28325427720172414,0.2945180798668954,0.3062297954523348,0.3184072355257788,0.33106891994430193,0.34423410501992996,0.3579228128052843,0.3721558615437878,0.3869548973307415,0.4023424270334292,0.4183418525203147,0.4349775062513796,0.45227468828374273,0.47025970474883155,0.48895990785962234,0.5084037375087989,0.5286207645210916,0.54964173562557,0.5714986202162988,0.5942246589724576,0.6178544144118698,0.64242382345484,0.6679702520782175,0.6945325521428172,0.7221511204806319,0.7508679603316798,0.7807267452239277,0.8117728853934575,0.8440535968458632,0.8776179731639254,0.9125170601707774,0.9488039335620866,0.9865337796253474,1.0257639791690303,1.0665541947892248,1.1089664616065074,1.1530652816110258,1.1989177217592712,1.2465935159717456,1.2961651711866389,1.3477080776307901,1.4013006234756635
0.15750000000000003,0.011492884313440095,0.011949906824235345,0.012425103151948742,0.012919195991006818,0.013432936774280969,0.01396710681589157,0.01452251849945646,0.015100016513591224,0.01570047913653967,0.016324819571888773,0.01697398733739907,0.01764896970906302,0.018350793222587196,0.01908052523458212,0.019839275545833698,0.020628198089125346,0.02144849268417746,0.02230140686237322,0.02318823776404594,0.024110334111213442,0.02506909825875939,0.026065988327181364,0.027102520420149302,0.028180270930246373,0.02930087893639941,0.030466048696645008,0.03167755224002174,0.03293723206153115,0.03424700392426572,0.03560885977296505,0.03702487076343202,0.03849719041241567,0.040028057872751176,0.04161980133873815,0.04327484158693645,0.04499569565776361,0.046784980683494015,0.048645417868481075,0.05057983662765535,0.05259117888959321,0.05468250357070021,0.05685699122731285,0.05911794889279485,0.061468815106984036,0.06391316514563808,0.0664547164578333,0.06909733431958531,0.07184503771228955,0.07470200543492228,0.0776725824592977,0.08076128653804561,0.0839728150753607,0.08731205227097114,0.09078407654819301,0.09439416827736538,0.0981478178064138,0.10205073381075454,0.10610885197523909,0.11032834402134072,0.1147156270933151,0.11927737351760742,0.12402052095034831,0.12895228292837332,0.13408015983981036,0.1394119503309198,0.14495576316653588,0.15072002956214745,0.1567135160063707,0.16294533759331797,0.16942497188513744,0.17616227332580475,0.18316748822809073,0.19045127035649595,0.19802469712985055,0.20589928646822214,0.21408701430975424,0.22260033282407063,0.23145218934995124,0.24065604608607755,0.25022590056479194,0.26017630694001226,0.27052239812167606,0.28127990879037235,0.2924651993271704,0.30409528069503317,0.31618784030965574,0.32876126893907803,0.3418346886729798,0.35542798200418874,0.36956182206664234,0.3842577040757788,0.399537978019176,0.41542588264715935,0.4319455808150699,0.4491221962309379,0.4669818516644575,0.48555170867536734,0.5048600089216547,0.5249361171104115,0.545810565656663,0.5675151011180767,0.5900827324761939,0.6135477813375869,0.6379459341312984,0.6633142963819613,0.6896914491411147,0.7171175076625496,0.7456341824109332,0.7752848424964717,0.8061145816320938,0.8381702867134841,0.8715007091262306,0.9061565388885587,0.9421904817424075,0.9796573393100731,1.0186140924383462,1.0591199878568887,1.1012366282826307,1.1450280661072387,1.1905609008101354,1.2379043802451997,1.2871305059552176,1.3383141426742375,1.3915331321843403,1.446868411700028
0.16,0.011860633446170476,0.012332279756126975,0.012822681408511475,0.013332584222515475,0.013862763675347658,0.014414026081605406,0.014987209819544886,0.015583186606114801,0.01620286282269249,0.016847180893539027,0.017517120719069437,0.018213701166117945,0.018937981617464635,0.019691063582980183,0.020474092374838708,0.021288258849346788,0.022134801218037507,0.023015006930783753,0.02393021463379495,0.024881816205474996,0.0258712588732372,0.02690004741449606,0.027969746445183057,0.029081982799266597,0.03023844800289544,0.031440900846928174,0.03269117006176091,0.033991157098521435,0.03534283902085975,0.036748271511732135,0.03820959199975247,0.0397290229098651,0.041308875043282636,0.04295155109182954,0.044659549292036214,0.046435467224540124,0.04828200576457331,0.05020197318954359,0.05219828944995622,0.05427399061017227,0.05643223346575663,0.05867630034443775,0.061009604097981285,0.06343569329256907,0.06595825760557662,0.06858113343695771,0.07130830974376956,0.07414393410671152,0.07709231903790417,0.08015794853950198,0.08334548492311283,0.08665977590039743,0.09010586195563056,0.0936889840114383,0.09741459139936726,0.10128835014741015,0.1053161515970901,0.10950412136320968,0.11385862864988952,0.11838629593706693,0.12309400905218439,0.12798892764238515,0.13307849606314362,0.13837045469988998,0.14387285173984563,0.14959405541197557,0.15554276671366993,0.1617280326435108,0.16815925996024952,0.1748462294889198,0.18179911099584184,0.18902847865514227,0.19654532713031175,0.20436108829525515,0.21248764862026656,0.22093736724937094,0.22972309479652134,0.2388581928892417,0.24835655448943653,0.25823262502226946,0.2685014243452482,0.2791785695909259,0.2902802989179554,0.3018234962066238,0.3138257167364211,0.3263052138846939,0.3392809668869901,0.35277270970131647,0.3668009610201958,0.38138705547618224,0.39655317608828167,0.41232238799862564,0.4287186735507091,0.4457669687625413,0.4634932012501693,0.4819243296592638,0.5010883846647278,0.5210145116006796,0.5417330147856502,0.5632754036104034,0.5856744404584636,0.6089641905322475,0.6331800736605583,0.6583589181662378,0.6845390168759166,0.7117601853570182,0.7400638224705977,0.7694929733321195,0.8000923947759001,0.8319086234227905,0.864990046454631,0.899386975203084,0.9351517216647862,0.972338678059184,1.0110043995500275,1.051207690256353,1.0930096926837531,1.136473980711931,1.1816666562799825,1.228656449916431,1.2775148252669029,1.328316087778426,1.3811374977056379,1.4360593876107477,1.4931652845359824
0.1625,0.012234173903825746,0.012720674308993278,0.01322652073998071,0.013752482504914034,0.0142993595039902,0.014867983445991906,0.015459219113178015,0.0160739656764734,0.01671315806295795,0.01737776837773496,0.018068807382340908,0.01878732603194539,0.01953441707367873,0.020311216708518383,0.02111890631926112,0.02195871426720952,0.02283191776030481,0.023739844795547204,0.024683876178658127,0.02566544762405563,0.026686051938336713,0.027747241290587362,0.028850629572973244,0.029997894855200533,0.031190781936580377,0.03243110499957802,0.033720750368881794,0.03506167938018874,0.036455931363069446,0.0379056267424483,0.03941297026341656,0.040980254344282235,0.04260986256295633,0.044304273281977495,0.04606606341768873,0.047897912359297384,0.04980260604377985,0.05178304119282754,0.05384222971827761,0.055983303302728965,0.05820951816231001,0.060524259998840216,0.06293104914891869,0.0654335459377696,0.06803555624598663,0.07074103729764314,0.0735541036785709,0.07647903359395904,0.0795202753747913,0.08268245424301657,0.08597037934574016,0.08938905106913554,0.09294366864319804,0.09663963804890793,0.10048258023982583,0.10447833969062692,0.10863299328557267,0.11295285956043968,0.11744450831195881,0.12211477058938179,0.1269707490833689,0.13201982892799738,0.13726968893231978,0.14272831325855348,0.1484040035646601,0.15430539162978435,0.1604414524817518,0.16682151804659012,0.1734552913408335,0.1803528612281949,0.18752471776304488,0.19498176814403712,0.20273535330214046,0.210797265148304,0.21917976450698884,0.22789559976283993,0.23695802624885318,0.24638082640552889,0.25617833074166735,0.26636543962868375,0.27695764596159034,0.2879710587211089,0.2994224274727446,0.3113291678400844,0.3237093879910594,0.3365819161774491,0.34996632936951494,0.36388298302931193,0.37835304206795106,0.39339851303390383,0.4090422775812964,0.4253081272690902,0.4422207997440787,0.4598060163627288,0.47809052130907354,0.49710212226816153,0.5168697327169128,0.5374234158966972,0.5587944305345146,0.5810152783823131,0.6041197536467307,0.6281429943844594,0.6531215359413718,0.6790933665166882,0.7060979849367058,0.7341764607259282,0.7633714965669618,0.7937274932441908,0.8252906171699654,0.8581088705960179,0.8922321646168987,0.9277123950764233,0.964603521492608,1.0029616491211066,1.0428451142819497,1.0843145730793684,1.1274330936496233,1.1722662520771263,1.218882232124738,1.2673519289299122,1.317749056824381,1.3701502614413696,1.4246352362808397,1.481286843910012,1.5401912419835269
0.165,0.012613505686405903,0.013115090482834253,0.01363662114635644,0.014178890838202493,0.014742724260208591,0.01532897890905106,0.015938546380355835,0.016572353724667012,0.017231364857336052,0.01791658202447656,0.018629047327213488,0.019369844306545356,0.020140099591229477,0.020940984611196697,0.02177371737910093,0.02263956434271353,0.023539842310979338,0.024475920456663577,0.025449222398635448,0.026461228366955334,0.027513477454057918,0.028607569955455277,0.029745169803519867,0.030928007098048167,0.03215788073745423,0.03343666115459451,0.0347662931613844,0.036148798906533046,0.03758628095089479,0.039080925465113554,0.040635005554424244,0.042250884715667084,0.04393102043177226,0.045677967909181987,0.04749438396389396,0.04938303106203535,0.0513467815211136,0.053388621878332966,0.055511657432619446,0.05771911696726328,0.0600143576603603,0.06240087019052022,0.06488228404560704,0.06746237304258565,0.07014506106686809,0.07293442803988959,0.0758347161239893,0.07885033617403205,0.08198587444558363,0.08524609956984143,0.0886359698059276,0.09216064058157498,0.0958254723336735,0.09963603866060185,0.10359813479874112,0.10771778643606408,0.11200125887620224,0.11645506656692906,0.1210859830075485,0.12590105105025964,0.13090759361116092,0.13611322480718493,0.14152586153590171,0.1471537355158009,0.15300540580536315,0.15908977181996226,0.16541608686639309,0.1719939722156086,0.17883343173507005,0.18594486710296257,0.1933390936274138,0.20102735669477526,0.20902134887198193,0.21733322768899693,0.22597563412838895,0.2349617118501611,0.24430512718106612,0.25402008989881264,0.2641213748427699,0.27462434438403466,0.28554497178903837,0.29689986551222486,0.3087062944547397,0.32098221422755213,0.3337462944589478,0.34701794718792145,0.36081735638665247,0.3751655086569663,0.3900842251474543,0.405596194739807,0.42172500855482287,0.4384951958305695,0.45593226122726777,0.4740627236156322,0.49291415640765057,0.5125152294911505,0.5328957528319224,0.554086721809707,0.5761203643570048,0.5990301899723918,0.6228510406828776,0.6476191440328295,0.6733721681800272,0.7001492791826495,0.7279912005643292,0.7569402752478446,0.7870405299516414,0.8183377421471464,0.8508795096786672,0.8847153231517759,0.9198966412002862,0.9564769687462484,0.9945119383720235,1.0340593949281751,1.0751794835058395,1.117934740907391,1.1623901907544987,1.2086134423782158,1.2566747936415048,1.306647337850579,1.3586070749176336,1.4126330269440484,1.468807358399843,1.527215501082133,1.5879462840426606
0.1675,0.012998628793910954,0.013515528277649902,0.014052982627638677,0.014611809222380855,0.015192857944002842,0.01579701247078288,0.016425191621078368,0.017078350750695644,0.017757483205826798,0.018463621833763842,0.01919784055368718,0.01996125598991784,0.020755029170116884,0.021580367291015153,0.022438525554358147,0.02333080907585882,0.024258574870061132,0.025223233914132875,0.02622625329372694,0.027269158434174136,0.028353535420400835,0.029481033409099806,0.030653367136822932,0.031872319527809514,0.03313974440551699,0.03445756931197768,0.03582779843926873,0.03725251567755439,0.0387338877843358,0.04027416767972792,0.0418756978727756,0.04354091402401964,0.04527234864973041,0.04707263497344307,0.04894451093065198,0.05089082333275406,0.05291453219657462,0.05501871524605985,0.05720657259298181,0.05948143160377523,0.0618467519599076,0.06430613091947782,0.06686330878804637,0.06952217460701723,0.07228677206822105,0.07516130566369707,0.0781501470800248,0.08125784184693066,0.08448911625028122,0.08784888451997665,0.09134225630367519,0.09497454443771583,0.09875127302705705,0.10267818584652015,0.10676125507611318,0.11100669038372171,0.11542094836897887,0.1200107423826778,0.12478305273665871,0.12974513731970055,0.13490454263556048,0.14026911527994798,0.14584701387388957,0.15164672147163236,0.15767705846195484,0.16394719598250934,0.17046666986759382,0.1772453951505664,0.18429368114295902,0.19162224711322295,0.1992422385889487,0.20716524430735686,0.21540331383983635,0.2239689759173341,0.23287525748446697,0.24213570351133454,0.25176439759316027,0.2617759833690933,0.27218568679274435,0.28300933928832217,0.2942634018275926,0.305964989964274,0.31813189986394097,0.33078263536902686,0.34393643614008657,0.35761330691611104,0.37183404793840297,0.3866202865842796,0.4019945102587059,0.41798010059389207,0.43460136900886137,0.4518835936830641,0.4698530580002767,0.4885370905212519,0.5079641065459009,0.5281636513282313,0.5491664450097568,0.5710044293397097,0.5937108162531209,0.6173201383806399,0.641868301566905,0.667392639477358,0.693931970376525,0.7215266561641215,0.7502186637587865,0.7800516289227674,0.8110709226246371,0.8433237200409875,0.8768590723020058,0.9117279810900651,0.9479834762047948,0.9856806962125596,1.0248769723030335,1.06563191548039,1.1080075072216975,1.1520681937404225,1.1978809839983808,1.2455155516152001,1.2950443408302836,1.346542676678432,1.400088879546662,1.4557643842864636,1.5136538640626482,1.573845359127111,1.6364304107133851
0.17,0.013389543226340887,0.01392198769344022,0.014475605183827407,0.015051237657449113,0.015649760555372944,0.016272084131187355,0.016919154835345594,0.017591956754559292,0.01829151310843019,0.019018887805596796,0.01977518706176198,0.020561561082062835,0.02137920581034094,0.022229364747973726,0.023113330845032757,0.024032448466645404,0.024988115437550158,0.025981785167955098,0.02701496886393259,0.028089237825712005,0.02920622583736544,0.03036763165152094,0.031575221572882436,0.032830832144484554,0.034136372940768676,0.03549382947172752,0.03690526620253478,0.03837282969325272,0.03989875186339246,0.04148535338629135,0.04313504721847057,0.04485034226933989,0.04663384721683079,0.048488274474760694,0.05041644431796275,0.0524212891714535,0.05450585807016284,0.05667332129600819,0.05892697519936464,0.06127024721226479,0.06370670106095182,0.06624004218571293,0.06887412337623669,0.0716129506310643,0.07446068925004548,0.07742167016906555,0.08050039654667737,0.08370155061265479,0.08703000078888401,0.09049080909342216,0.09408923883898285,0.09783076263755802,0.10172107072334856,0.10576607960666276,0.10997194107194191,0.11434505153359975,0.11889206176390252,0.12361988700768595,0.12853571749928933,0.1336470293977045,0.13896159615656753,0.14448750034628635,0.15023314594628323,0.15620727112604763,0.1624189615344351,0.1688776641174255,0.17559320148535396,0.1825757868514634,0.18983603956450046,0.19738500125897593,0.20523415264764958,0.2133954309817817,0.22188124820570354,0.23070450983331547,0.2398786345752228,0.24941757474636014,0.25933583748513545,0.26964850681637054,0.2803712665915905,0.29152042434154646,0.3031129360772529,0.31516643207725614,0.32769924370034814,0.3407304312645089,0.3542798130344755,0.36836799536201764,0.3830164040247661,0.3982473168112517,0.4140838974017055,0.43055023059615877,0.4476713589434118,0.46547332082657344,0.48398319006310525,0.5032291170795875,0.5232403717238239,0.5440473877794032,0.5656818092504153,0.5881765384867048,0.6115657862228628,0.635885123607057,0.6611715362988124,0.6874634807180451,0.7148009425308648,0.7432254974611046,0.7727803745200778,0.8035105217506963,0.8354626745859485,0.8686854269257129,0.9032293050399812,0.9391468444108846,0.9764926696304236,1.0153235774753566,1.0556986232856376,1.0976792107777509,1.1413291854295233,1.186714931578461,1.2339054733812682,1.2829725797880787,1.3339908736910742,1.3870379454134707,1.4421944707114644,1.4995443334686138,1.5591747532692553,1.621176418044946,1.6856436219956987
0.17250000000000001,0.013786248983695711,0.014334468730205207,0.014904488814922642,0.01549717614340727,0.0161134320943189,0.016754193890264488,0.017420436023157522,0.018113171736257955,0.018833454565146224,0.019582379939975417,0.020361086851437886,0.021170759582980356,0.022012629511901645,0.022887976982072428,0.023798133251124776,0.02474448251507326,0.02572846401344643,0.026751574218130233,0.027815369109252388,0.028921466541568956,0.030071548704951736,0.031267364682718686,0.032510733111698366,0.03380354494807331,0.03514776634320927,0.03654544163384401,0.03799869645118254,0.03950974095362807,0.04108087318806477,0.042714482584803884,0.04441305359150916,0.04617916945162787,0.04801551613307341,0.04992488641313487,0.051910184125826264,0.05397442857813368,0.056120759141878314,0.05835244002817797,0.06067286525176797,0.06308556379273199,0.06559420496349298,0.06820260398922562,0.07091472781017796,0.07373470111472688,0.07666681261234137,0.07971552155599505,0.08288546452394699,0.08618146247120448,0.08960852806139202,0.09317187329017795,0.09687691741185062,0.10072929518110159,0.10473486542254812,0.10889971994102972,0.1132301927862274,0.11773286988569819,0.12241459906097313,0.1272825004419535,0.13234397729544042,0.1376067272842714,0.14307875417418212,0.1487683800062001,0.15468425775308273,0.1608353844790469,0.167231115022804,0.17388117622471083,0.18079568171967347,0.18798514731829957,0.19546050699969433,0.20323312954022157,0.21131483580351634,0.21971791671804985,0.22845515196958358,0.23753982943694094,0.24698576540065653,0.256807325555238,0.26701944685699175,0.27763766024064446,0.2886781142393084,0.3001575995437073,0.3120935745380192,0.32450419185117146,0.3374083259639614,0.3508256019139981,0.3647764251421146,0.37928201252564153,0.3943644246457421,0.4100465993378826,0.42635238657645325,0.44330658474660734,0.46093497835847386,0.4792643772610977,0.49832265741575354,0.5181388032906393,0.5387429519414197,0.5601664388446667,0.5824418455538988,0.6056030492506924,0.6296852742662304,0.6547251456516432,0.6807607448785999,0.7078316677548903,0.7359790846430463,0.7652458030735982,0.7956763328482028,0.8273169537316318,0.8602157858355751,0.8944228628013234,0.9299902078925929,0.9669719131142347,1.0054242214771727,1.0454056125346396,1.0869768913198359,1.1302012808202575,1.1751445181293165,1.2218749544215082,1.2704636589031615,1.3209845268968516,1.3735143922238762,1.4281331440556955,1.4849238484120422,1.5439728744904997,1.6053700260196635,1.6692086778356374,1.7355859178896027
0.17500000000000002,0.014188746065975423,0.014752971387944867,0.015339633520924373,0.01594962468025533,0.016583872560840707,0.017243341748014285,0.017929035184514146,0.018641995695791638,0.0193833075759749,0.020154098236899717,0.0209555399227149,0.021788851492670402,0.022655300274799,0.023556203993311257,0.024492932772634198,0.0254669112211424,0.02647962059774995,0.027532601064658296,0.028627454029686344,0.029765844581744992,0.03094950402315974,0.03218023250269304,0.033459901753270745,0.03479045793857577,0.036173924612838776,0.03761240579832717,0.039108089185212025,0.04066324945868044,0.04228025175835273,0.04396155527526549,0.045709716991891386,0.04752739557088355,0.049417355398458235,0.051382470788565615,0.05342573035424253,0.05555024155279458,0.05775923541172101,0.060056071442569234,0.062444242750191774,0.0649273813451768,0.06750926366753113,0.07019381633001585,0.07298512208987018,0.07588742605800498,0.07890514215510876,0.08204285982448556,0.0853053510118337,0.08869757742257968,0.09222469806780527,0.09589207711024408,0.09970529202227854,0.10367014206834654,0.10779265712465572,0.11207910684962102,0.11653601021896959,0.12117014544001702,0.1259885602601908,0.13099858268548037,0.13620783212511198,0.14162423097940136,0.14725601668840418,0.15311175425968923,0.15920034929428803,0.16553106153063005,0.17211351892706142,0.1789577323043653,0.1860741105705524,0.19347347655107497,0.2011670834485407,0.20916663195695978,0.2174842880565491,0.22613270151616144,0.23512502513147648,0.24447493472821055,0.2541966499607681,0.26430495593796816,0.2748152257087292,0.2857434436419151,0.29710622973589823,0.30892086489480486,0.32120531720989165,0.33397826928601976,0.3472591466547807,0.36106814731749437,0.3754262724630038,0.39035535840698243,0.4058781098013309,0.42201813416417244,0.4387999777829491,0.45624916304523744,0.4743922272540479,0.49325676298663707,0.5128714600582214,0.5332661491544073,0.5544718471986887,0.5765208045240215,0.5994465539202066,0.6232839616316725,0.6480692803832241,0.6738402045143986,0.7006359273062674,0.7284972005878936,0.7574663967130703,0.7875875730016028,0.818906538743162,0.8514709248655736,0.8853302563735179,0.9205360276678187,0.9571417808598415,0.9952031872001156,1.0347781317450422,1.0759268013904082,1.1187117764056282,1.1631981256079107,1.209453505321078,1.257548262269563,1.3075555405640598,1.3595513929415195,1.4136148964286903,1.4698282726051053,1.5282770126483944,1.589050007352121,1.6522396823138734,1.7179421384991855,1.7862572983950964
0.17750000000000002,0.014597034473180021,0.015177495666659203,0.015781039301832608,0.01640858326799329,0.01706108195493837,0.017739527704436733,0.018444952319415474,0.019178428633160334,0.01994107214091622,0.020734042696369692,0.021558546275593025,0.022415836811132957,0.02330721809903302,0.02423404578169022,0.02519772940956102,0.026199734584852828,0.02724158519046072,0.028324865707539285,0.029451223625234467,0.030622371946240103,0.03184009179198945,0.033106235111444005,0.03442272749759956,0.03579157111599193,0.03721484774965721,0.038694721965176995,0.04023344440462324,0.04183335520840981,0.043496887574256356,0.0452265714576762,0.047025037419617235,0.04889502062710693,0.050839365012985305,0.052861027601052914,0.05496308300321156,0.05714872809543624,0.05942128687969094,0.061784215539181946,0.06424110769463606,0.06679569986959924,0.06945187717306622,0.07221367920808368,0.0750853062153134,0.07807112546089862,0.0811756778783476,0.08440368497453708,0.08776005601033751,0.09124989546678047,0.09487851080812378,0.09865142055362049,0.10257436267026657,0.10665330329929283,0.11089444582967133,0.11530424033243668,0.11988939337016855,0.12465687819655628,0.1296139453615555,0.13476813373826665,0.14012728198830401,0.14569954048309436,0.1514933836992338,0.15751762310675382,0.16378142056989917,0.17029430228079717,0.17706617324720747,0.1841073323563889,0.19142848803799078,0.19904077454978958,0.20695576891103953,0.21518550850919074,0.22374250940674778,0.23263978537611626,0.2418908676913823,0.2515098257071244,0.2615112882555576,0.27191046589455053,0.28272317404034775,0.2939658570201825,0.3056556130813598,0.3178102203948391,0.3304481640928703,0.34358866438180125,0.3572517057728061,0.37145806747499777,0.38622935499714345,0.4015880330060405,0.41755745949153256,0.43416192129012116,0.45142667102119316,0.46937796549204946,0.4880431056301338,0.5074504780031914,0.5276295979905089,0.5486111546708913,0.5704270574956308,0.593110484817468,0.6166959343493391,0.6412192756296452,0.6667178045738434,0.6932303001953234,0.7207970835818152,0.7494600792170557,0.7792628787409362,0.8102508072451184,0.8424709922049552,0.8759724351525218,0.9108060861997764,0.9470249215251989,0.9846840239417268,1.0238406666685271,1.0645544004340322,1.1068871440426629,1.1509032785430147,1.1966697451407098,1.244256147004807,1.2937348551226262,1.345181118363965,1.3986731779220818,1.454292386305516,1.5121233310617015,1.572253963420522,1.634775732053478,1.6997837221518854,1.7673768000355912,1.83765776351218
0.18000000000000002,0.015011114205309506,0.015608041566348202,0.016228706157647335,0.016874051906621147,0.017545060276611877,0.01824275175953184,0.018968187427861494,0.019722470548364048,0.020506748259970183,0.02132221331838533,0.022170105910072256,0.023051715538368024,0.023968382984603676,0.024921502347209294,0.02591252316190524,0.026942952606204534,0.02801435779157873,0.029128368146773182,0.030286677895896737,0.03149104863505429,0.03274331201144083,0.03404537250897157,0.0353992103446848,0.03680688448032179,0.038270535753664535,0.03979239013439348,0.041374762109416145,0.043020058202816194,0.044730780635775624,0.04650953113203597,0.04835901487468671,0.05028204462029802,0.05228154497665458,0.05436055685059676,0.05652224207273331,0.0587698882060586,0.0611069135457881,0.0635368723180161,0.06606346008510085,0.06869051936599928,0.07142204548009823,0.07426219262342904,0.07721528018650756,0.08028579932340772,0.0834784197820579,0.08679799700614958,0.09024957951945835,0.09383841660380676,0.09756996628234745,0.10144990362030719,0.10548412935581465,0.10967877887394048,0.11404023153759493,0.11857512038947658,0.12329034223982416,0.12819306815531595,0.13329075436506715,0.13859115360031227,0.14410232688501642,0.14983265579535032,0.15579085520667085,0.1619859865473937,0.1684274715799161,0.17512510672954817,0.18208907798324211,0.18932997638078153,0.1968588141219885,0.20468704131444337,0.21282656338719083,0.22128975919691413,0.23008949985411228,0.2392391682979144,0.2487526796493008,0.2586445023736823,0.26892968028502484,0.2796238554249851,0.29074329185184733,0.30230490037544655,0.3143262642756931,0.3268256660438098,0.3398221151869548,0.3533353771385156,0.36738600331803734,0.3819953623865082,0.3971856727445329,0.4129800363228156,0.42940247371634677,0.44647796071572854,0.46423246629118536,0.4826929920870431,0.5018876134867315,0.5218455223107605,0.5425970712126162,0.5641738198400913,0.5866085828322454,0.6099354797250057,0.6341899868412961,0.6594089912446103,0.6856308468380884,0.7128954326944167,0.741244213705243,0.7707203036423756,0.8013685307266442,0.8332355058041448,0.8663696932335819,0.9008214845924762,0.9366432753143504,0.9738895443734638,1.0126169371382485,1.0528843515194692,1.0947530275441424,1.138286640491403,1.183551397731995,1.2306161394186548,1.2795524431805034,1.3304347329806971,1.3833403923028753,1.4383498818385378,1.4955468618543526,1.5550183194254827,1.6168547007284237,1.6811500485945703,1.7480021455336978,1.8175126624448523,1.8897873132408525
0.1825,0.015430985262363882,0.016044609087011875,0.016682634088368568,0.017346030596138907,0.018035807525861244,0.01875301391329961,0.01949874050985222,0.020274121441402775,0.021080335933136782,0.02191861010294665,0.022790218826152595,0.02369648767437562,0.024638794931511,0.025618573689868505,0.02663731402966686,0.02769656528519751,0.028797938401103975,0.02994310838236001,0.03113381684167317,0.03237187464818756,0.03365916468151393,0.034997644695275755,0.036389350294526494,0.03783639803156536,0.03934098862486079,0.04090541030597663,0.04253204229959079,0.04422335844189959,0.045981930942910546,0.047810434298344855,0.04971164935709983,0.051688467550456814,0.053743895289466104,0.05588105853719718,0.05810320756280783,0.060413721884661695,0.06281611541001249,0.06531404177907171,0.06791129992158611,0.07061183983437695,0.07341976858862721,0.07633935657605194,0.07937504400345269,0.08253144764553237,0.08581336786623969,0.08922579591932316,0.09277392153919628,0.09646314083365859,0.10029906449047638,0.10428752631030422,0.10843459207892292,0.11274656879228952,0.11723001424842656,0.12189174702074089,0.12673885682793654,0.13177871531629604,0.13701898727072584,0.14246764227161732,0.14813296681524935,0.15402357691616936,0.16014843121071545,0.166516844581609,0.17313850232433894,0.18002347487688317,0.18718223313516535,0.19462566437754336,0.20236508882254564,0.21041227684503638,0.2187794668769945,0.22747938402013032,0.23652525939864283,0.24593085028155592,0.2557104610052322,0.26587896472788447,0.27645182604917,0.2874451245292719,0.2988755791432281,0.3107605737077073,0.32311818331889824,0.33596720184171736,0.34932717049214546,0.3632184075561631,0.37766203929047465,0.3926800320520259,0.40829522570517296,0.42453136835730787,0.44141315247577395,0.4589662524409948,0.4772173635929256,0.4961942428302184,0.5159257508238411,0.5364418959093447,0.5577738797245432,0.5799541446620073,0.6030164232085331,0.6269957892466349,0.6519287113960778,0.6778531084765678,0.7048084071759595,0.7328356020116795,0.7619773176765507,0.7922778738638542,0.8237833526701942,0.8565416686786819,0.8906026418290427,0.9260180731854369,0.9628418237172401,1.0011298962126134,1.0409405204494069,1.0823342417529418,1.1253740130753733,1.1701252907366295,1.2166561339725697,1.2650373084417457,1.3153423938481679,1.3676478958437757,1.4220333623807908,1.478581504690889,1.5373783230752014,1.5985132376964502,1.6620792245721008,1.7281729569753983,1.7968949524593123,1.868349725726971,1.9426459475811158
0.185,0.015856647644343143,0.01648719822865022,0.017142823093996295,0.017824519336546562,0.018533323702686462,0.019270314165740036,0.02003661156538764,0.020833381312276526,0.02166183516041602,0.02252323305005364,0.023418885023834032,0.024350153219155728,0.025318453939754956,0.026325259809667836,0.02737210201284588,0.028460572621831784,0.029592327019036475,0.030769086414299752,0.03199264046256375,0.0332648499856399,0.034587649802208714,0.03596305167035653,0.037393147347124595,0.03888011176972262,0.04042620636324593,0.04203378247992644,0.04370528497514714,0.045443255925659995,0.04725033849566113,0.0491292809566028,0.05108294086685656,0.05311428941758332,0.05522641595141984,0.057422532660854134,0.05970597947343511,0.062080229131245515,0.06454889247236412,0.06711572392234878,0.06978462720409184,0.07255966127473225,0.07544504649865315,0.07844517106595239,0.08156459766614879,0.08480807042727248,0.08818052213089293,0.09168708171405769,0.09533308206955127,0.09912406815633597,0.10306580543251052,0.10716428862361149,0.11142575083959125,0.11585667305433987,0.12046379396216622,0.12525412022622948,0.13023493713450557,0.13541381967949653,0.14079864407853157,0.1463975997521817,0.15221920177900264,0.15827230384555135,0.16456611171136756,0.17111019720939957,0.17791451280316758,0.18498940672280204,0.1923456387029772,0.1999943963466743,0.2079473121396622,0.21621648114156863,0.2248144793804507,0.23375438297883905,0.24304978804033928,0.2527148313270407,0.26276421175917647,0.27321321276973065,0.284077725547993,0.2953742732074109,0.3071200359144899,0.31933287701696467,0.3320313702109751,0.34523482778856135,0.3589633300084421,0.3732377556347436,0.38807981369011807,0.40351207647155063,0.419558013879063,0.43624202910951726,0.45358949576981383,0.47162679646591993,0.490381362926414,0.5098817177215755,0.5301575176414624,0.5512395987989437,0.5731600235262896,0.5959521291366395,0.6196505786244937,0.6442914133823554,0.6699121080136838,0.6965516273255179,0.724250485587456,0.7530508081471112,0.7829963954957387,0.8141327898814907,0.846507344571586,0.8801692958687298,0.9151698379913376,0.9515622009314039,0.9894017314084453,1.0287459770426477,1.069654773875202,1.112190337368945,1.156417357027724,1.2024030947783413,1.2502174872647382,1.299933252209983,1.3516259990078001,1.4053743437118624,1.4612600285977122,1.5193680464791344,1.5797867699680623,1.6426080858746033,1.7079275349515524,1.7758444571959617,1.846462142928728,1.9198879898819463,1.996233666532968
0.1875,0.016288101351247294,0.01693580899126324,0.017609273174530527,0.018309518127844124,0.01903760880708754,0.01979465251685313,0.020581800594467764,0.02140025016098529,0.02225124594180792,0.0231360821597063,0.024056104503116592,0.025012712172708357,0.026007360009335585,0.027041560706607307,0.028116887111442314,0.029234974616107336,0.030397523645376213,0.03160630224259242,0.0328631487585685,0.03416997464741134,0.03552876737352521,0.03694159343421394,0.03841060150247916,0.0399380256947936,0.04152618896882002,0.04317750665624291,0.04489449013608523,0.04667975065409743,0.04853600329402737,0.05046607110680987,0.05247288940395694,0.05455951022167753,0.05672910696251581,0.05898497922156765,0.061330557804615146,0.06376940994581011,0.06630524473284298,0.06894191874784732,0.0716834419326181,0.07453398368706517,0.07749787921017602,0.08057963609313044,0.08378394117459585,0.08711566766862815,0.09057988257601766,0.09418185439035326,0.09792706111052338,0.10182119857183894,0.10587018910844993,0.11008019056022912,0.11445760563781972,0.11900909166009166,0.12374157067881392,0.12866224000594245,0.13377858315953142,0.1390983812449175,0.14462972478848432,0.15038102604200548,0.15636103177627647,0.16257883658349645,0.1690438967086272,0.17576604443076574,0.18275550301640203,0.19002290226730487,0.19757929468667762,0.2054361722881744,0.21360548407333818,0.2220996542040401,0.23093160089755946,0.24011475607304053,0.24966308577920168,0.25959111143436886,0.26991393191113366,0.28064724649922124,0.291807378781494,0.30341130145940215,0.3154766621656329,0.3280218103032189,0.34106582495192395,0.3546285438843422,0.368730593735845,0.3833934213742573,0.39863932651696754,0.41449149564508275,0.4309740372662033,0.448112018579444,0.4659315035984665,0.484459592790504,0.5037244642916507,0.5237554167611144,0.5445829139395956,0.5662386309795577,0.5887555026178561,0.6121677732639876,0.6365110490801272,0.6618223521321674,0.6881401766941145,0.7155045477914606,0.7439570820725785,0.7735410511007126,0.8043014471628068,0.836285051695286,0.8695405064308203,0.9041183873742888,0.9400712817204663,0.9774538678303777,1.016322998387967,1.0567377868635672,1.0987596974156344,1.1424526383674796,1.187883059401196,1.2351200526165398,1.2842354576085013,1.3353039707233663,1.3884032586594006,1.4436140765849574,1.5010203909536404,1.5607095072032744,1.6227722025329347,1.6873028639599423,1.7543996318667792,1.8241645492562608,1.896703716941946,1.972127454909779,2.050550470096411
0.19,0.016725346383076333,0.01739044137485093,0.01808198432997126,0.018801026970031588,0.01954866283906447,0.020326028966638876,0.021134307597092596,0.02197472798752908,0.022848568277312454,0.023757157431904645,0.02470187726400026,0.02568416453503351,0.02670551314025286,0.027767476380686898,0.028871669325456147,0.030019771268024183,0.031213528280123207,0.03245475586723802,0.03374534172968741,0.03508724863350185,0.0364825173954634,0.037933269986847956,0.039441712760590164,0.04101013980677829,0.042640936441583004,0.04433658283492606,0.046099657782405025,0.04793284262721187,0.04983892533800926,0.05182080474896601,0.053881494968400945,0.056024129962739457,0.05825196832275403,0.060568398219337745,0.06297694255634792,0.06548126432835541,0.06808517219144909,0.07079262625556733,0.07360774410716484,0.07653480707137575,0.07957826672319587,0.08274275165758604,0.08603307452879391,0.08945423936959933,0.0930114492016139,0.09671011394820989,0.10055585866211254,0.10455453208016742,0.10871221551829456,0.11303523212015708,0.11753015647360833,0.12220382460954479,0.12706334439836967,0.1321161063598798,0.13736979490301396,0.14283240001255884,0.1485122294005841,0.15441792114108863,0.1605584568070708,0.1669431751300045,0.1735817862024944,0.18048438624570715,0.18766147296404237,0.19512396151039166,0.20288320108626667,0.2109509922020436,0.21933960462357358,0.22806179603245075,0.23713083142832064,0.24656050330273463,0.25636515261523,0.2665596906035404,0.27715962146110373,0.2881810659163559,0.29964078574967273,0.31155620928524574,0.3239454578966571,0.3368273735664697,0.3502215475417445,0.3641483501290597,0.37862896167435395,0.393685404774704,0.409340577771023,0.42561828957262177,0.4425432958665939,0.4601413367670878,0.4784391759617321,0.4974646414147469,0.5172466676886356,0.537815339948835,0.5592019397182408,0.5814389924511868,0.6045603169992422,0.6286010770440523,0.6535978345754341,0.6795886054960711,0.7066129174373701,0.7347118698743959,0.7639281966313269,0.7943063308724829,0.8258924726777551,0.8587346593052396,0.8928828382478966,0.9283889431953588,0.9653069730164292,1.0036930738823575,1.0436056246558039,1.0851053256753715,1.1282552910707029,1.1731211447485443,1.2197711201957886,1.268276164251224,1.3187100450038585,1.3711494639818962,1.4256741728029685,1.4823670944630603,1.5413144494485738,1.602605886863309,1.666334620769819,1.732597571952467,1.801495515317781,1.873133233156296,1.9476196744989658,2.025068120810468,2.105596358271444
0.1925,0.01716838273983026,0.017851095379413293,0.01856095656031849,0.019299045863108946,0.020066485798617247,0.02086444351509728,0.02169413257326211,0.022556814791907877,0.023453802166929626,0.024386458866648652,0.025356203306485026,0.026364510306131173,0.027412913332506793,0.02850300683190661,0.029636448654887373,0.030814962577582296,0.03204034092327744,0.033314447288236536,0.034639219375920474,0.036016671943911435,0.03744889986802328,0.03893808132825858,0.0404864811214576,0.042096454105676674,0.04377044878153492,0.04551101101597587,0.04732078791410654,0.04920253184500332,0.051159104627606804,0.05319348188307124,0.05530875756018857,0.05750814864076909,0.05979500003213446,0.062172789654164375,0.06464513372863344,0.06721579227888143,0.0698886748481824,0.07266784644550875,0.07555753372773202,0.07856213142766391,0.08168620903771266,0.08493451775931918,0.08831199772874292,0.09182378553018601,0.09547522200768156,0.09927186038762749,0.10321947472431878,0.10732406868132141,0.11159188466204437,0.11602941330339532,0.12064340334695701,0.12544087190269929,0.13042911512083336,0.1356157192880414,0.1410085723649532,0.1466158759824206,0.15244615791483085,0.15850828504943124,0.16481147687138548,0.17136531948507563,0.178179780192969,0.18526522265422404,0.19263242264608849,0.20029258445206238,0.20825735790174432,0.21653885608828197,0.22514967379036835,0.2341029066268007,0.24341217097273424,0.2530916246679213,0.26315598854842437,0.27362056883455527,0.2845012804090865,0.2958146710211347,0.30757794645252934,0.3198089966849415,0.33252642310756214,0.34574956680671726,0.3594985379804368,0.3737942465227138,0.3886584338239689,0.4041137058360839,0.4201835674522847,0.43689245825416806,0.4542657896802347,0.47232998367244855,0.4911125128596104,0.5106419423386487,0.5309479731173684,0.5520614872847373,0.5740145949773978,0.5968406832138308,0.6205744666704478,0.6452520404768327,0.6709109351104134,0.697590173474066,0.72533033024345,0.7541735935743236,0.7841638292637011,0.8153466474624224,0.8477694720405835,0.8814816127113512,0.916534340022815,0.9529809633319393,0.9908769118792259,1.0302798190873437,1.0712496102119566,1.1138485934780606,1.1581415548404081,1.2041958565121396,1.2520815394115006,1.3018714296823937,1.3536412494508094,1.4074697319855716,1.4634387414385042,1.5216333973461713,1.5821422040825126,1.645057185459238,1.7104740246787147,1.7784922098521774,1.849215185304557,1.9227505088960661,1.9992100155997867,2.0787099875840145,2.1613713310580662
0.195,0.017617210421509075,0.01831777100495032,0.019046189865572223,0.01980357480707621,0.020591077685745886,0.021409896162228343,0.022261275522976343,0.023146510574121693,0.024066947610659445,0.02502398646393834,0.026019082630570907,0.02705374948600136,0.02812956058609737,0.029248152060266465,0.030411225099736008,0.03162054854478171,0.03287796157483892,0.034185376505587964,0.03554478169726769,0.03695824457864011,0.03842791479120486,0.03995602745844581,0.04154490658508147,0.04319696859148877,0.044914725988675734,0.04670079119939235,0.048557880531189784,0.05048881830747179,0.052496541162820015,0.054584102509125564,0.05675467717931983,0.05901156625576643,0.061358202090657114,0.06379815352604759,0.06633513132147174,0.06897299379738821,0.07171575270304296,0.07456757931767168,0.07753281079431974,0.08061595675592971,0.0838217061537264,0.0871549343983299,0.0906207107744429,0.09422430615038822,0.09797120099422074,0.10186709370860612,0.1059179092971421,0.11012980837530098,0.11450919653969945,0.11906273410994386,0.12379734625786584,0.12872023353955517,0.13383888284620515,0.13916107879042738,0.1446949155453492,0.15044880915450276,0.15643151033122465,0.16265211776703312,0.16912009196922068,0.17584526964870975,0.18283787868005122,0.19010855365631624,0.1976683520625405,0.205528771092317,0.21370176513311054,0.22219976394688948,0.23103569157372258,0.24022298598708977,0.2497756195308003,0.2597081201686007,0.2700355935787846,0.2807737461274134,0.2919389087550822,0.30354806181355776,0.3156188608900639,0.32816966365848943,0.3412195577983486,0.35478839002396156,0.368896796268001,0.3835662330653045,0.39881901018468996,0.4146783245583968,0.43116829556075215,0.44831400168972146,0.4661415187071256,0.48467795929552665,0.5039515142921015,0.5239914955622091,0.5448283805778495,0.5664938587688213,0.5890208797170668,0.6124437032674898,0.6367979516314732,0.6621206635623293,0.6884503506850657,0.7158270560661525,0.7442924151123544,0.7738897188912439,0.8046639799697011,0.8366620008705308,0.869932445251292,0.9045259119136213,0.9404950117555751,0.9778944477840309,1.0167810983088565,1.0572141034453364,1.099254955056425,1.1429675902716345,1.18841848872475,1.235676773658266,1.2848143170483342,1.3359058489100495,1.3890290709493551,1.4442647747343933,1.5016969645660074,1.5614129852342904,1.6235036548554573,1.688063402991062,1.7551904142596226,1.8249867776590734,1.8975586418271084,1.973016376475572,2.051474740244409,2.133053055230417,2.2178753884562785
0.1975,0.01807182942811278,0.018790468251462026,0.019537684245732455,0.020314613801933373,0.021122438500450376,0.021962386908032067,0.022835736446235263,0.023743815334170526,0.024688004608501908,0.0256697402237737,0.0266905152362579,0.027751882074644074,0.028855454901024608,0.030002912065766437,0.031195998660002045,0.03243652916962239,0.03372639023480765,0.03506754351929233,0.03646202869372908,0.03791196653768786,0.03941956216500815,0.04098710837740964,0.04261698915146179,0.044311683264214564,0.04607376806300548,0.04790592338517548,0.049810935633654754,0.051791702014617254,0.053851234943648865,0.05599266662712896,0.05821925382579472,0.06053438280773147,0.06294157449832201,0.06544448983498734,0.0680469353348628,0.07075286888387572,0.07356640575603077,0.07649182487205604,0.07953357530692794,0.08269628305617313,0.0859847580712371,0.08940400157461816,0.09295921366589387,0.09665580123020592,0.10049938616123139,0.10449581391114579,0.10865116238058249,0.11297175116210609,0.11746415115125974,0.12213519453980269,0.12699198520633476,0.13204190952011238,0.13729264757448495,0.1427521848670377,0.1484288244442019,0.15433119952880536,0.16046828664976545,0.1668494192938945,0.17348430210057628,0.1803830256209069,0.18755608166374088,0.1950143792519838,0.2027692612133983,0.21083252143115558,0.2192164227803654,0.22793371577786609,0.23699765797363626,0.24642203411331814,0.25622117710251885,0.26640998980477265,0.27700396770631075,0.2880192224821149,0.2994725064990908,0.3113812382936249,0.3237635290622763,0.3366382102058897,0.35002486196901605,0.36394384321820267,0.3784163224044369,0.39346430975683194,0.4091106907565172,0.42537926094164275,0.4422947620964258,0.459882919879282,0.4781704829472667,0.4971852636363219,0.5169561802592054,0.5375133010854286,0.5588878900700787,0.5811124544010872,0.6042207939372476,0.6282480526121637,0.6532307718823184,0.6792069463005419,0.7062160812993912,0.7342992532723305,0.7634991720440837,0.7938602458251568,0.8254286487493268,0.8582523910968085,0.8923813923098807,0.92786755691205,0.9647648534461778,1.0031293965516332,1.0430195323053209,1.0844959269563357,1.1276216591892092,1.1724623160560932,1.2190860927237288,1.2675638961869227,1.3179694531062875,1.3703794219341912,1.4248735094994949,1.4815345922283614,1.5404488421854792,1.601705858127417,1.665398801767408,1.7316245394587804,1.800483789512542,1.8720812753731555,1.946525884885435,2.023930835894814,2.1044138484328334,2.188097323749677,2.2751085304660807
0.2,0.018532239759641366,0.019269187118948396,0.02003543970079918,0.020832162847680424,0.021660568242730712,0.022521915752508444,0.023417515343038882,0.024348729072054372,0.02531697316045701,0.026323720146154722,0.02737050112354598,0.028458908072059287,0.029590596277288488,0.030767286848406537,0.031990769335685475,0.03326290445210436,0.034585626903183606,0.03596094832934961,0.03739096036530461,0.038877837821054674,0.04042384198943312,0.04203132408515008,0.04370272882059852,0.04544059812385406,0.047247575004524124,0.04912640757332527,0.05107995322150141,0.05311118296643974,0.05522318597009336,0.057419174237081455,0.059702487499613224,0.06207659829666421,0.06454511725512911,0.06711179858098364,0.06978054576880655,0.07255541753834394,0.07544063400714578,0.07844058310866184,0.08155982726555658,0.08480311032839416,0.08817536479024474,0.09168171928818397,0.09532750640309574,0.09911827076963914,0.10305977750871345,0.1071580209952464,0.11141923397463993,0.11584989704173672,0.12045674849672525,0.12524679459297183,0.1302273201923638,0.13540589984437096,0.14079040930567274,0.1463890375178723,0.1522102990615113,0.15826304710532832,0.16455648687045327,0.1711001896300151,0.17790410726545233,0.18497858740166703,0.19233438914403808,0.19998269944122674,0.20793515009866187,0.21620383546857797,0.22480133084350878,0.23374071158121174,0.24303557299010922,0.25270005100548565,0.26274884368788987,0.2731972335764372,0.28406111093100284,0.2953569978986597,0.30710207364111214,0.3193142004613362,0.3320119509691664,0.3452146363271421,0.35894233561956457,0.37321592638944007,0.3880571163897445,0.403488476597296,0.4195334755394504,0.43621651498582165,0.45356296705930527,0.4715992128228496,0.49035268240065805,0.509851896694834,0.530126510760922,0.5512073589083067,0.5731265015940559,0.5959172741815346,0.61961433763794,0.6442537312478523,0.669872927422983,0.6965108886914704,0.7242081269533893,0.7530067650925996,0.7829506010386371,0.8140851743760618,0.8464578356025781,0.8801178181412553,0.9151163132163491,0.9515065477066366,0.9893438650946222,1.0286858096347462,1.0695922138686194,1.1121252896203406,1.1563497226103088,1.2023327708314366,1.2501443668373435,1.29985722409811,1.3515469475853608,1.4052921487548187,1.4611745651012282,1.5192791844674747,1.5796943742969178,1.6425120160255515,1.707827644818364,1.7757405948623919,1.8463541504374725,1.9197757029944231,1.9961169144795352,2.0754938871537902,2.158027340165059,2.243842793141793,2.333070757087472
0.2025,0.018998441416094847,0.019753927607409447,0.02053945623077241,0.021356221944317393,0.022205466912586912,0.023088482695657494,0.024006612213387207,0.02496125178777325,0.02595385326652476,0.026985926231081432,0.028059040292435198,0.029174827478247033,0.03033498471488903,0.03154127640818677,0.03279553712678632,0.03409967439222761,0.035455671579966826,0.036865590935759814,0.0383315767119943,0.03985585842874059,0.0414407542644798,0.04308867458166715,0.0448021255924917,0.04658371317040727,0.04843614681323169,0.05036224376384174,0.05236493329472981,0.054447261162939256,0.05661239424215353,0.05886362533898304,0.06120437820077538,0.06363821272256467,0.06616883036107847,0.06880007976403653,0.07153596262330311,0.07438063976079291,0.07733843745638806,0.08041385402748913,0.08361156667020575,0.08693643857259285,0.09039352631074933,0.09398808753902739,0.09772558898604865,0.10161171476868791,0.10565237503666702,0.1098537149609081,0.11422212407931451,0.11876424601419293,0.12348698857609598,0.12839753426945127,0.13350335121595294,0.13881220451233092,0.1443321680397686,0.1500716367429313,0.15603933939727743,0.16224435188407174,0.16869611099328813,0.17540442877539522,0.18237950746384893,0.18963195499099028,0.1971728011209428,0.20501351422404515,0.21316601871833135,0.22164271320458442,0.23045648932254084,0.23962075135692665,0.24914943662314173,0.25905703666359237,0.26935861928691335,0.28006985148359453,0.2912070232528609,0.30278707237704794,0.3148276101811464,0.3273469483166917,0.3403641266107346,0.35389894202224675,0.36797197874999427,0.3826046395376746,0.3978191782239242,0.41363873358669684,0.43008736453348967,0.44719008669093385,0.46497291044939104,0.4834628805204246,0.5026881170672997,0.5226778584710635,0.5434625057972515,0.565073669030844,0.5875442151497814,0.6109083181101639,0.6352015108191446,0.6604607391745563,0.6867244182534675,0.7140324907351155,0.7424264876470607,0.7719495915269605,0.8026467020960154,0.8345645045439598,0.8677515405294558,0.9022582820038713,0.9381372079706981,0.9754428842973818,1.0142320467009092,1.0545636870333708,1.0964991429987523,1.1401021914373528,1.1854391453197246,1.232578954597665,1.281593311065596,1.3325567573918284,1.3855468004855556,1.4406440293719323,1.4979322377545565,1.557498551451735,1.6194335609003252,1.6838314589286945,1.7507901840083262,1.8204115692018996,1.8928014970344156,1.968070060522877,2.046331730609412,2.127705530252503,2.2123152154410866,2.3002894634067665,2.391762068320454
0.20500000000000002,0.019470434397473212,0.02024468971684516,0.021049733835652142,0.021886791091844254,0.02275713451001896,0.023662087737479194,0.02460302705728023,0.025581383481327137,0.026598644926705148,0.027656358478553817,0.02875613274292551,0.029899640293207297,0.031088620213826225,0.03232488074510712,0.033610302033304555,0.03494683898999214,0.03633652426515728,0.03778147133852294,0.03928387773379817,0.04084602836074558,0.04247029899014818,0.04415915986696082,0.04591517946714132,0.04774102840387418,0.04963948348912815,0.051613431956724874,0.05366587585333994,0.055799936604115766,0.05801885975982935,0.06032601993283371,0.06272492592928117,0.06521922608543286,0.06781271381617004,0.07050933338414597,0.07331318589835241,0.07622853555122261,0.07925981610375757,0.08241163762853787,0.0856887935208754,0.08909626778876913,0.09263924263275088,0.09632310632714831,0.10015346141475247,0.10413613322735216,0.10827717874509209,0.11258289580813077,0.11705983269460611,0.12171479807947465,0.12655487138937202,0.13158741356924103,0.13682007827710224,0.14226082352399225,0.14791792377677246,0.15379998254221464,0.15991594545150034,0.1662751138650356,0.17288715901826998,0.17976213673003466,0.18691050269576592,0.19434312838887652,0.202071317594455,0.2101068236004389,0.2184618670724067,0.22714915463917484,0.2361818982174614,0.24557383510501066,0.2553392488727336,0.26549299108763835,0.2760505038995893,0.28702784352624444,0.2984417046718849,0.31030944591727944,0.32264911611919345,0.3354794818596914,0.34882005598698057,0.36269112729120373,0.3771137913603051,0.3921099826629056,0.40770250790697543,0.4239150807250342,0.44077235773863516,0.45829997605697903,0.47652459226668276,0.4954739229720065,0.5151767869471914,0.5356631489650101,0.5569641653681938,0.5791122314530399,0.6021410307372551,0.626085586186975,0.6509823134808609,0.6768690763922751,0.7037852443737715,0.7317717524314765,0.7608711633804047,0.7911277325754125,0.8225874752162183,0.8552982363288502,0.889309763529959,0.9246737826846566,0.961444076572927,0.9996765666842852,1.0394293982650378,1.0807630287475058,1.1237403196957187,1.1684266324073707,1.2148899273174563,1.2632008673547783,1.3134329254084847,1.365662496068077,1.4199690118068702,1.4764350637855317,1.5351465274594782,1.596192693181141,1.6596664019956997,1.7256641868368456,1.794286419337294,1.8656374624773013,1.9398258293033699,2.016964347958516,2.097170333275062,2.1805657651909516,2.2672774742609154,2.357437334544597,2.4511824641650257
0.20750000000000002,0.019948218703776464,0.02074147344725555,0.021566272515438367,0.02242387029026101,0.02331557103502686,0.024242730877973545,0.025206759874717946,0.026209124152716035,0.027251348140998177,0.028335016888571866,0.029461778475016926,0.03063334651694007,0.031851502774100066,0.033118099859167596,0.034435064055240196,0.03580439824539796,0.03722818495875498,0.03870858953763898,0.04024786343071617,0.041848347617069646,0.04351247616643825,0.04524277994103109,0.047041890444547374,0.048912543824254785,0.050857585032213534,0.05287997215197466,0.054982780897331766,0.05716920928996929,0.05944258252312081,0.06180635801863347,0.06426413068513055,0.06681963838526872,0.06947676762040383,0.07223955944131194,0.07511221559395445,0.07809910490963302,0.08120476994925428,0.08443393391180805,0.08779150781756555,0.09128259797692305,0.09491251375624936,0.0986867756525468,0.1026111236892073,0.10669152614563192,0.1109341886339886,0.11534556353691446,0.1199323598205148,0.12470155323758192,0.12966039693655318,0.13481643249234107,0.14017750137581161,0.14575175687935493,0.15154767651668433,0.15757407491572228,0.16384011722417993,0.17035533304821984,0.17712963094539885,0.1841733134939335,0.19149709296120337,0.1991121075953257,0.20702993856457474,0.215262627570408,0.2238226951608878,0.23272315977234903,0.24197755752827066,0.25159996282546376,0.2616050097388848,0.27200791427762355,0.2828244975259177,0.29407120970438694,0.3057651551880748,0.31792411851935426,0.33056659145525336,0.3437118010903352,0.3573797390979043,0.37159119213401276,0.386367773450497,0.4017319557651334,0.4177071054388985,0.4343175180123083,0.4515884551548866,0.4695461830839572,0.48821801251118047,0.5076323401775956,0.5278186920403333,0.5488077681766738,0.5706314894737488,0.5933230461748947,0.6169169483564769,0.6414490784119675,0.666956745623089,0.6934787429010086,0.7210554057838954,0.7497286737805534,0.7795421541534218,0.8105411882379561,0.8427729203992456,0.8762863697307328,0.9111325046040878,0.9473643201836106,0.9850369190230359,1.024207594867347,1.0649359197870083,1.1072838347771514,1.151315743959519,1.1970986125303953,1.2447020686035029,1.2941985091027761,1.3456632098660097,1.3991744401268562,1.4548135815493053,1.5126652519956167,1.572817434215994,1.6353616096556927,1.7003928975830418,1.768010199750004,1.8383163508052673,1.9114182746885973,1.9874271472443361,2.066458565301341,2.1486327224764876,2.2340745919691347,2.3229141166245455,2.4152864065552837,2.511331944621187
0.21000000000000002,0.02043179433500461,0.021244278798640614,0.022089072270131103,0.022967459539567678,0.02388077648761061,0.024830412117140568,0.02581781066570037,0.026844473801939956,0.027911962909403856,0.029021901461135594,0.030175977488709458,0.03137594614944537,0.03262363239571056,0.033920933750368205,0.03526982319259324,0.03667235215844506,0.03813065366075993,0.03964694553310794,0.04122353380274833,0.04286281619771279,0.04456728579335002,0.04633953480387799,0.04818225852470987,0.0500982594315491,0.05209045144248784,0.054161864349591124,0.05631564842670532,0.05855507922049983,0.06088356253202793,0.0633046395963823,0.06582199246832358,0.06843944962207231,0.07116099177377985,0.07399075793553449,0.07693305171010925,0.0799923478360242,0.08317329899287823,0.08648074287729968,0.08991970956027615,0.0934954291370546,0.09721333968124482,0.10107909551522284,0.10509857580941309,0.10927789352352718,0.1136234047033566,0.11814171814725918,0.12283970545704055,0.12772451148851474,0.13280356521763959,0.13808459103875143,0.14357562051208111,0.149285004578419,0.1552214262595042,0.16139391386345425,0.16781185471531623,0.17448500943362452,0.18142352677467474,0.18863795906709172,0.19613927826016125,0.20393889261033799,0.21204866403130201,0.2204809261339525,0.22924850298377472,0.2383647286041073,0.24784346725496847,0.25769913451828597,0.2679467192215954,0.27860180623354797,0.2896806001658986,0.3011999500180221,0.31317737480143065,0.3256310901832724,0.3385800361893261,0.3520439060086231,0.36604317594350605,0.3805991365506741,0.39573392502057003,0.41147055884435785,0.4278329708196935,0.44484604544851897,0.46253565678224406,0.4809287077718685,0.5000531711828843,0.5199381321371918,0.5406138323467254,0.5621117161060546,0.5844644781139166,0.6077061131964083,0.6318719680074466,0.656998794785142,0.6831248072458289,0.7102897387007574,0.7385349024838387,0.7679032547823466,0.7984394599661119,0.8301899585145911,0.8632030376450976,0.8975289047496083,0.9332197637518427,0.970329894500734,1.008915735321025,1.0490359688465671,1.0907516112668212,1.134126105122308,1.1792254157901534,1.2261181318064258,1.2748755691778657,1.325571879841659,1.3782841644381716,1.4330925895681665,1.4900805097128607,1.5493345940021879,1.6109449580241042,1.6750053008753913,1.7416130476623521,1.8108694976681707,1.8828799784122465,1.9577540058357878,2.035605450857314,2.1165527125513517,2.200718898213688,2.2882320105870537,2.379225142531978,2.473836679438827,2.5722105096889383
0.21250000000000002,0.02092116129115764,0.021753105771000338,0.022618133099730323,0.023517558839764235,0.02445275086777022,0.025425131454980238,0.026436179430227493,0.027487432428998888,0.02858048923192217,0.029717012196244993,0.03089872978400309,0.03212743919072319,0.03340500907865771,0.03473338241870894,0.03611457944536368,0.03755070072913344,0.03904393037117211,0.040596539324929834,0.04221088884989466,0.04388943410267501,0.0456347278708835,0.04744942445550147,0.04933628370762879,0.05129817522575713,0.053338082719951045,0.05545910854957424,0.05766447844146059,0.05995754639570736,0.06234179978655072,0.06482086466608024,0.06739851127886025,0.07007865979584359,0.07286538627629811,0.07576292886681359,0.07877569424681678,0.08190826433039608,0.08516540323462943,0.0885520645250128,0.09207339874900725,0.09573476126916372,0.0995417204077372,0.10350006591517644,0.1076158177753698,0.11189523536103795,0.11634482695319606,0.12097135963916489,0.12578186960418336,0.1307836728322731,0.13598437623263127,0.14139188920847215,0.1470144356859107,0.15286056662118438,0.15893917300523214,0.1652594993854106,0.17183115792490924,0.17866414302124956,0.18576884650609762,0.19315607344950927,0.20083705859263956,0.20882348343391324,0.2171274939946367,0.22576171929107242,0.23473929054106754,0.2440738611344494,0.25377962739755483,0.26387135018347735,0.2743643773208655,0.2852746669554115,0.2966188118195319,0.3084140644671499,0.32067836351195234,0.3334303609090339,0.34668945032141174,0.3604757966145553,0.37481036652378563,0.38971496054118776,0.4052122460705241,0.4213257919005789,0.43808010404936004,0.45550066303366626,0.4736139626207076,0.49244755012071284,0.512030068281794,0.5323912988507952,0.5535622078663679,0.5755749927531526,0.598463131288697,0.6222614325175808,0.6470060896901647,0.6727347353064981,0.6994864983490807,0.7273020637915208,0.7562237344736019,0.7862954954368555,0.8175630808184746,0.8500740434053177,0.8838778269537739,0.9190258413854762,0.9555715409732232,0.9935705056360264,1.033080525466894,1.0741616886219452,1.116876472704476,1.1612898397829756,1.2074693351876213,1.255485190235463,1.305410429040544,1.3573209795714265,1.4112957891249704,1.467416944392007,1.5257697962975365,1.5864430898052442,1.649529098883809,1.7151237668402353,1.78332685223363,1.8542420805913453,1.9279773021582314,2.0046446559188724,2.084360740142303,2.1672467897085483,2.2534288604866632,2.3430380210447086,2.436210551983211,2.5330881531952274,2.6338181593682792
0.21500000000000002,0.02141631957223556,0.02226795436433475,0.023153455004236056,0.024074168190850696,0.025031494175505684,0.026026888891492576,0.027061866168299312,0.028138000033892847,0.029256927108553134,0.03042034909390006,0.03163003536089784,0.03288782564077353,0.03419563282294152,0.035555445864189815,0.03696933281355154,0.0384394439574631,0.039968015089991565,0.041557370913104644,0.04320992857215515,0.04492820133195632,0.04671480239903866,0.04857244889590158,0.05050396599330417,0.05251229120687886,0.05460047886460319,0.056771704751924036,0.059029270941597586,0.06137661081559193,0.06381729428668916,0.06635503322772726,0.06899368711674055,0.0717372689065826,0.0745899511279586,0.07755607223514925,0.08064014320407711,0.08384685439274873,0.08718108267450789,0.09064789885494735,0.09425257538375886,0.09800059437325052,0.10189765593572658,0.10594968685240765,0.11016284958707753,0.11454355165816428,0.11909845538350701,0.12383448801263165,0.1287588522619433,0.13387903726885703,0.13920282998152814,0.1447383270015031,0.15049394689730045,0.15647844300765124,0.1627009167538681,0.1691708314815913,0.17589802685295902,0.1828927338110951,0.1901655901396676,0.19772765664118627,0.2055904339586384,0.2137658800660516,0.22226642845457906,0.23110500704176773,0.24029505783276617,0.24985055736337553,0.2597860379560299,0.27011660982103797,0.280857984036695,0.2920264964432143,0.30363913248681773,0.31571355305177035,0.32826812131964017,0.34132193069663874,0.35489483385151027,0.36900747290813174,0.38368131083874313,0.3989386641055536,0.4148027366003593,0.43129765493379685,0.44844850512789863,0.46628137076775034,0.48482337267027736,0.5041027101304902,0.5241487038079098,0.5449918403184058,0.5666638185992606,0.5891975981179676,0.6126274489980906,0.6369890041384122,0.662319313404631,0.6886568999760361,0.7160418189328447,0.7445157181732995,0.7741219017531847,0.8049053957440807,0.8369130167105107,0.8701934429101353,0.9047972883252752,0.9407771796383365,0.9781878362682297,1.0170861535894882,1.0575312894606437,1.0995847541934822,1.143310504099973,1.1887750387591542,1.2360475021519235,1.2851997878175068,1.3363066481915387,1.389445808292079,1.4446980839264059,1.5021475045983785,1.561881441303333,1.6239907394047879,1.6885698567951073,1.755717007550226,1.8255343112968758,1.8981279485195286,1.9736083220432226,2.0520902249378525,2.1336930150993045,2.218540796772931,2.3067626092954137,2.3984926233420993,2.4938703449782462,2.593040827824485,2.6961548936592106
0.21750000000000003,0.021917269178238365,0.02278882457864382,0.02369503798364829,0.024637287592827063,0.025617006410816996,0.026635684426677575,0.02769487087991583,0.028796176616621816,0.02994127653929674,0.03113191215410081,0.032369894219393694,0.03365710549959638,0.03499550362856197,0.0363871240868108,0.03783408329715678,0.03933858184343405,0.04090290781721825,0.04252944029763238,0.04422065296952978,0.0459791178855567,0.04780750937781553,0.0497086081250783,0.051685305381735984,0.05374060737491429,0.05587763987644423,0.05809965295664048,0.06041002592711629,0.06281227248015352,0.06531004603244325,0.06790714528132338,0.07060751998196446,0.07341527695428932,0.07633468632876131,0.07937018804054145,0.08252639858189016,0.08580811802308208,0.08922033731251353,0.09276824586710337,0.09645723946453091,0.10029292844931494,0.10428114626521288,0.10842795832691635,0.11273967124453624,0.11722284241490608,0.12188428999428942,0.1267311032676594,0.1317706534303203,0.13701060479826652,0.14245892646433023,0.14812390441784437,0.15401415414625028,0.16013863373781936,0.1665066575054121,0.17312791015199624,0.18001246149946548,0.18717078180316102,0.19461375767538452,0.20235270864212263,0.21039940435815765,0.21876608250675283,0.22746546741112883,0.2365107893860384,0.24591580485887066,0.2556948172908855,0.2658626989303935,0.27643491343096754,0.28742753936908394,0.29885729469695643,0.310741562167756,0.3230984157718834,0.3359466482244939,0.34930579954608687,0.3631961867796215,0.3776389348893522,0.3926560088883783,0.40827024724377176,0.42450539661007575,0.4413861479440114,0.4589381740553089,0.477188168650771,0.4961638869309532,0.5158941878012008,0.5364090777612317,0.5577397565400234,0.5799186645454034,0.6029795322004999,0.6269574312420967,0.6518888280589022,0.6778116391508453,0.7047652887937558,0.7327907689971203,0.7619307018460931,0.7922294043225874,0.8237329557040222,0.8564892676422196,0.890548157029045,0.9259614217596008,0.9627829195081896,1.001068649636862,1.040876838361119,1.0822680273022731,1.1253051655611772,1.170053705453312,1.2165817020508434,1.2649599166830598,1.3152619245525563,1.3675642266308483,1.4219463660036162,1.4784910488424774,1.5372842701872806,1.5984154447302497,1.6619775428008168,1.728067231758,1.7967850230053626,1.8682354248520896,1.9425271014527195,2.0197730380672185,2.1000907128927264,2.1836022757283176,2.2704347337444983,2.3607201446399384,2.4545958174792255,2.5522045215170834,2.653694703326599,2.7592207125617314
0.22000000000000003,0.02242401010916606,0.023315716413927563,0.02424288203796701,0.025206917045693316,0.026209287573704165,0.02725151806053522,0.028335193565077053,0.029461962177185802,0.030633537524152984,0.03185170137684723,0.03311830635949065,0.03443527876719174,0.03580462149551908,0.03722841708657191,0.03870883089617943,0.04024811438704627,0.04184860855285216,0.04351274747851303,0.045243062042018584,0.047042183763476166,0.048912848807214096,0.050857902143031604,0.05288030187292421,0.054983123729863415,0.05716956575547419,0.05944295316372359,0.061806743398016714,0.0642645313893921,0.06682005502381298,0.06947720082686856,0.07224000987453201,0.0751126839389637,0.07809959187870624,0.08120527628299022,0.08443446038025595,0.08779205522139616,0.09128316714864641,0.09491310556148083,0.0986873909913235,0.10261176349735694,0.10669219139619615,0.11093488033870262,0.11534628274774586,0.11993310763126337,0.12470233078554327,0.12966120540424816,0.13481727310931432,0.14017837542050146,0.14575266568103756,0.15154862145749595,0.1575750574327602,0.16384113881168888,0.17035639525986404,0.17713073539662555,0.18417446186442865,0.19149828699744728,0.1991133491132485,0.20703122945231833,0.21526396979119736,0.22382409075601717,0.2327246108642861,0.24197906632388438,0.2516015316193809,0.26160664091697944,0.2720096103206457,0.28282626101326624,0.2940730433180322,0.3057670617166377,0.31792610086234674,0.3305686526274891,0.34371394422651347,0.3573819674573783,0.37159350910574573,0.3863701825582168,0.4017344606726915,0.41770970995584195,0.43432022609967325,0.4515912709312226,0.4695491108315909,0.4882210566827283,0.5076355054027349,0.5278219831328443,0.5488111901417594,0.5706350475156482,0.5933267457047963,0.6169207950007494,0.6414530780207157,0.6669609042790514,0.6934830669288077,0.7210599017596571,0.7497333485419075,0.7795470148099015,0.8105462421818094,0.8427781753166795,0.8762918336136011,0.9111381857620454,0.947370227256751,0.9850430609950348,1.0242139810791198,1.0649425599509188,1.1072907389917823,1.1513229227250303,1.1971060767644932,1.2447098296580434,1.29420657878103,1.3456716004406126,1.399183164358474,1.4548226527060382,1.512674683873186,1.5728272411587132,1.635371806578287,1.7004034999933308,1.7680212237724866,1.8383278132056449,1.9114301928992707,1.9874395393909179,2.066471450230221,2.148646119783495,2.234088522029342,2.322928600623252,2.415301466520238,2.5113476034560867,2.6112130815997214,2.7150497797015696,2.8230156160758417
0.22250000000000003,0.02293654236501864,0.023848629870185982,0.02479698716719224,0.025783056549449485,0.026808337664167185,0.027874389793065543,0.02898283422378297,0.03013535671558481,0.031333710063121877,0.032579716762139325,0.033875271781188716,0.035222345443559636,0.036622986423812835,0.038079324863473166,0.039593575610619484,0.04116804158829979,0.04280511729689335,0.04450729245574662,0.046277155789621535,0.048117398965714715,0.05003082068723434,0.05202033094976155,0.0540889554668689,0.05623984027172626,0.05847625650169306,0.06080160537317337,0.06321942335429888,0.0657333875433077,0.06834732126079839,0.07106519986436285,0.07389115679444319,0.07682948986060584,0.07988466777779342,0.08306133696249557,0.08636432859917452,0.08979866598769101,0.09336957218290656,0.09708247793807978,0.10094302996413655,0.10495709951737658,0.10913079132867633,0.11347045288776646,0.1179826840967065,0.12267434730723623,0.12755257775726866,0.13262479442239797,0.1378987112989255,0.143382349135562,0.14908404763165015,0.15501247812045785,0.16117665675683024,0.16758595822925973,0.17425013001722406,0.18117930721547923,0.18838402794784861,0.19587524939395404,0.20366436445325944,0.21176321907177345,0.2201841302577576,0.22893990481384457,0.2380438588140509,0.24750983785530584,0.2573522381142971,0.26758602824165734,0.27822677212678654,0.2892906525679342,0.3007944958835399,0.3127557975022582,0.32519274857059005,0.33812426361858755,0.35157000932569904,0.36555043443051316,0.3800868008298828,0.3952012159147257,0.41091666619168254,0.4272570522417645,0.44424722506915176,0.4619130238954306,0.48028131545674485,0.49938003486362226,0.5192382280856229,0.5398860961254209,0.5613550409494935,0.5836777132452802,0.6068880620774395,0.6310213865187158,0.6561143893339474,0.6822052327988593,0.7093335967385185,0.73754073887374,0.7668695575672069,0.797364657064725,0.8290724153308515,0.8620410545820532,0.896320714624656,0.9319635291091379,0.969023704816726,1.007557604098873,1.0476238305950039,1.0892833183588881,1.1325994245291724,1.177638025685042,1.2244676180335163,1.2731594215807542,1.3237874884458338,1.3764288154816753,1.4311634613744155,1.4880746683993453,1.5472489890185317,1.6087764175126769,1.6727505268474445,1.739268610982331,1.8084318328385678,1.8803453781510735,1.9551186154384201,2.032865262334125,2.113703558532229,2.1977564456101586,2.2851517540023782,2.376022397409192,2.470506574936313,2.5687479812726832,2.670896025226161,2.777106056949398,2.8875396042015424
0.22500000000000003,0.02345486594579611,0.02438756494741907,0.02535735337132397,0.02636570610409555,0.02741415668220607,0.028504299624268516,0.029637792856033594,0.030816360231818832,0.03204179415620341,0.033315958309977085,0.0346407904844879,0.03601830552870005,0.03745059841344325,0.03893984741751453,0.04048831744047695,0.042098363447194594,0.043772434049341766,0.04551307522933311,0.04732293421233867,0.04920476349227234,0.05116142501787632,0.053195894545268095,0.05531126616357002,0.0575107570005028,0.05979771211510084,0.06217560958498983,0.06464806579596276,0.06721884094190032,0.06989184474339943,0.07267114239380623,0.075560960741698,0.07856569471921568,0.08168991402602281,0.08493837007905745,0.08831600323864584,0.09182795032196658,0.09547955241529392,0.09927636299690017,0.1032241563829701,0.1073289365093739,0.11159694606265351,0.11603467597410788,0.12064887529141809,0.12544656144282462,0.1304350309094655,0.13562187032210876,0.1410149679991537,0.1466225259434481,0.15245307231616798,0.15851547440673,0.16481895211846048,0.17137309199053208,0.17818786177749213,0.1852736256085572,0.1926411597497253,0.2003016689926812,0.2082668036954175,0.21654867750048798,0.22515988575783824,0.23411352468023497,0.24342321126042327,0.2531031039803027,0.263167924343619,0.27363297926491914,0.2845141843488159,0.29582808809497124,0.3075918970656071,0.3198235020538178,0.3325415052924857,0.3457652487451785,0.3595148435220506,0.3738112004654914,0.3886760619520326,0.40413203495887867,0.4202026254453514,0.4369122741015393,0.4542863935185115,0.4723514068366353,0.49113478793077064,0.5106651031934529,0.5309720549796171,0.5520865267789308,0.5740406301844335,0.5968677537289193,0.620602613663333,0.6452813067543994,0.670941365181792,0.697621813618326,0.7253632285799771,0.754207800136005,0.784199396073018,0.8153836286105636,0.8478079237697131,0.8815215935001427,0.9165759106753836,0.9530241870703215,0.9909218544395253,1.0303265488197035,1.0712981981845133,1.1138991135850267,1.1581940839144425,1.2042504744412126,1.2521383292603818,1.3019304778189764,1.3537026456774721,1.407533569675744,1.4635051176786724,1.521702413083537,1.5822139642785136,1.6451317992491714,1.710551605537723,1.7785728757678179,1.8492990589562426,1.9228377178416483,1.9993006924695373,2.078804270282339,2.161469362973243,2.247421690372716,2.336791971647427,2.4297161241023177,2.5263354698881626,2.626796950929017,2.731253352396403,2.839863535070083,2.952792676938833
0.22750000000000004,0.023978980851498473,0.02493252164562683,0.025923980650362194,0.026954865709631508,0.028026744627820795,0.029141247554144135,0.030300069461828907,0.03150497272588786,0.03275778980339758,0.034060426020360524,0.035414862469388186,0.036823159022612975,0.03828745746441032,0.03980998474869602,0.041393056385751796,0.04303907996373066,0.04475055881019742,0.04653009579927252,0.04838039731016994,0.05030427734314904,0.05230466179913996,0.054384592929551244,0.05654723396302756,0.058795873916193044,0.06113393259569754,0.06356496579917291,0.06609267072300833,0.06872089158516993,0.07145362547161614,0.0742950284151987,0.07724942171629645,0.08032129851479321,0.08351533062339442,0.08683637563267589,0.09028948429866988,0.09387990822422286,0.0976131078458085,0.101494760737942,0.1055307702478241,0.1097272744733488,0.1140906555981276,0.11862754959772683,0.12334485633188062,0.12824975003802844,0.1333496902421338,0.1386524331033806,0.14416604320999898,0.14989890584415969,0.15585973973459094,0.16205761031631247,0.16850194351765077,0.17520254009550568,0.18216959054066817,0.1894136905758595,0.19694585727005864,0.20477754579362875,0.21292066683972244,0.2213876047384618,0.2301912362914393,0.23934495035518832,0.24886266820340305,0.25875886469887494,0.2690485903073468,0.2797474939867648,0.2908718469867338,0.30243856759437737,0.31446524686423355,0.32697017537131673,0.33997237102803374,0.35349160800726215,0.367548446815568,0.3821642655623128,0.3973612924721953,0.41316263969067585,0.4295923384336981,0.4466753755351663,0.46443773144775224,0.4829064197548366,0.5021095282536681,0.5220762616722202,0.542836986084717,0.5644232750933734,0.5868679578465794,0.6102051689665654,0.6344704004624766,0.6597005557078003,0.6859340055642494,0.7132106467374515,0.7415719624531842,0.7710610855464514,0.8017228640593411,0.8336039294474166,0.8667527674983944,0.9012197920709484,0.937057421765784,0.9743201596455964,1.0130646761251492,1.0533498951575264,1.0952370838476488,1.138789945629334,1.1840747171475923,1.2311602689935408,1.2801182104450888,1.3310229983727089,1.3839520504759437,1.4389858630228196,1.4962081332712456,1.5557058867586138,1.6175696096531325,1.6818933863681955,1.7487750426491213,1.81831629434979,1.8906229021255114,1.9658048322773694,2.0439764239926217,2.125256563235562,2.2097688635532617,2.2976418540711676,2.3890091749644866,2.4840097807026282,2.5827881513757873,2.6854945124250844,2.7922850631104463,2.903322214063624,3.018774834287713
0.23,0.024508887082125713,0.02548349996480926,0.02649686900430692,0.027550535366057366,0.02864610150101137,0.029785233582692427,0.030969664041168927,0.03220119419779192,0.033481697004704394,0.034813119893289626,0.03619748773588957,0.03763690592529841,0.039133563576714034,0.04068973685701764,0.04230779244644405,0.043990191137908016,0.04573949157946032,0.04755835416556486,0.04944954508311535,0.051415940518344805,0.053460531031025306,0.055586426102611004,0.057796858865241545,0.060095191018797,0.06248491794348314,0.06496967401572268,0.06755323813543564,0.07023953947311658,0.07303266344544848,0.07593685792854021,0.07895653971823849,0.08209630124733844,0.08536091756990825,0.08875535362335087,0.0922847717792467,0.09595453969445986,0.09977023847445032,0.10373767116120532,0.1078628715586986,0.1121521134093013,0.11661191993509865,0.12124907375862333,0.12607062721809414,0.13108391309284778,0.13629655575527355,0.14171648276621338,0.1473519369314613,0.15321148883769684,0.15930404988691912,0.1656388858492053,0.17222563095440113,0.1790743025441806,0.18619531630675218,0.19359950211738616,0.2012981205088487,0.20930287979679676,0.21762595388617448,0.226280000785695,0.2352781818585608,0.2446341818387047,0.2543622296429904,0.26447712001102236,0.2749942360054803,0.28592957240719447,0.29729976004054043,0.30912209106615257,0.32141454527941943,0.33419581745475474,0.3474853457772344,0.3613033414048383,0.3756708192062513,0.3906096297209776,0.4061424923903708,0.42229303011011715,0.4390858051567227,0.45654635654264547,0.47470123885687415,0.49357806265003457,0.5132055364254372,0.5336135102999241,0.5548330214009232,0.5768963410687493,0.5998370239359314,0.6236899589582187,0.6484914224748702,0.674279133378918,0.7010923104813194,0.7289717321562359,0.7579597983581391,0.7881005951050797,0.8194399615261757,0.8520255595752848,0.885906946516895,0.9211356502944699,0.9577652478958575,0.995851446834963,1.035452169873598,1.076627643112342,1.11944048758441,1.1639558144918103,1.2102413242286219,1.2583674093420272,1.3084072615876379,1.3604369832419525,1.4145357028412495,1.470785695522901,1.529272508152134,1.5900850894245748,1.6533159251423872,1.7190611788697507,1.78742083818164,1.858498866728248,1.9324033623463746,2.0092467214582355,2.089145810007674,2.172222141193792,2.258602060272287,2.348416936705514,2.441803363953558,2.538903367210125,2.6398646193991864,2.744840665760888,2.8539911573682906,2.967482093930022,3.0854860762481824
0.2325,0.02504458463767784,0.026040499904966357,0.02707601843315814,0.02815271507337313,0.0292722273017778,0.03043625770991337,0.031646576594053635,0.03290502464753099,0.03421351576012385,0.03557403992876441,0.03698866628399207,0.03845954623675637,0.03998891675035439,0.04157910374247939,0.0432325256225537,0.04495169696972665,0.04673923235713048,0.04859785032821012,0.05053037753117493,0.052539753017859674,0.054629032713532366,0.05680139406444736,0.05906014087021197,0.06140870830831465,0.06385066815845766,0.0663897342346391,0.06902976803324465,0.0717747846057402,0.0746289586648965,0.07759663093383086,0.08068231474752417,0.08389070291685138,0.08722667486556433,0.09069530405108243,0.09430186568037625,0.09805184473267763,0.10195094430121937,0.10600509426669003,0.11022046031559356,0.11460345331723143,0.11916073907356665,0.12389924845679738,0.1288261879500586,0.13394905060728265,0.1392756274488848,0.14481401931060722,0.15057264916354074,0.15656027492405952,0.1627860027731526,0.16925930100540834,0.17599001442871165,0.18298837933655696,0.19026503907574427,0.19783106023313712,0.2056979494660955,0.21387767100218513,0.22238266483477348,0.2312258656421876,0.24042072245920273,0.24998121913078414,0.2599218955791852,0.27025786991674533,0.28100486143801984,0.292179214526208,0.30379792351023555,0.3158786585102969,0.32843979231116477,0.3415004283041321,0.3550804295400874,0.3692004489379072,0.3838819606941005,0.3991472929414856,0.41501966170655913,0.4315232062172026,0.4486830256144251,0.46652521712397677,0.48507691574587725,0.5043663355222293,0.5244228124460782,0.5452768490765647,0.5669601609282353,0.5895057247050581,0.6129478284524893,0.6373221237038792,0.6626656797005143,0.6890170397677531,0.7164162799330023,0.7449050698746789,0.7745267362948421,0.8053263288118894,0.8373506884735222,0.8706485189941681,0.9052704608252157,0.9412691681707077,0.9786993890656037,1.0176180486384208,1.0580843356848708,1.10015979268415,1.1439084093947967,1.1893967201724558,1.236693905157532,1.2858718954866717,1.3370054826880295,1.3901724324267062,1.4454536027733889,1.5029330671759886,1.5626982423213378,1.6248400210814211,1.689452910746279,1.7566351767538364,1.8264889921352794,1.8991205929031918,1.9746404396188317,2.0531633853842486,2.134808850514694,2.219701004157031,2.307968953130317,2.3997469382757552,2.4951745386146404,2.594396883624807,2.6975648739583598,2.804835410936427,2.916371635169937,3.0323431746692764,3.1529264028202415
0.23500000000000001,0.025586073518154867,0.02660352146609814,0.027661428936915873,0.028761404831578796,0.0299051220301201,0.031094319935806986,0.03233080712048307,0.03361646407510509,0.03495324606965597,0.03634318612678488,0.03778839811369569,0.039291079956986864,0.040853516985331434,0.04247808540508129,0.04416725591408077,0.04592359745918659,0.047749781143207874,0.04964858428720831,0.05162289465434868,0.05367571484169363,0.05581016684666112,0.058029496815060345,0.06033707997793885,0.06273642578474603,0.06523118324062112,0.06782514645592223,0.07052226041643542,0.07332662698304089,0.07624251112996017,0.0792743474310706,0.08242674680415354,0.08570450352333206,0.08911260251036265,0.09265622691587057,0.09634076600205858,0.10017182333887613,0.1041552253261157,0.10829703005439628,0.1126035365185091,0.11708129419713922,0.12173711301353164,0.12657807369224905,0.13161153852777407,0.13684516258133309,0.14228690532296756,0.1479450427365621,0.1538281799062373,0.15994526410324783,0.16630559839329137,0.17291885578492175,0.17979509394058232,0.1869447704726347,0.19437875884764444,0.20210836492311252,0.2101453441417991,0.218501919409794,0.2271907996855196,0.2362251993079397,0.24561885809336526,0.2553860622314267,0.26554166601198764,0.27610111441604374,0.28708046660496517,0.29849642034380564,0.3103663373958194,0.32270826992681056,0.3355409879594696,0.3488840079194487,0.362757622316593,0.3771829306064688,0.3921818712791158,0.4077772552238373,0.42399280042076054,0.4408531680119324,0.45838399980680555,0.47661195727916067,0.4955647621147615,0.5152712383714209,0.5357613563155912,0.557066278002142,0.5792184046666539,0.6022514260023002,0.6262003713962536,0.6511016632035469,0.6769931721394087,0.7039142748743055,0.7319059139192982,0.7610106598927813,0.7912727762632937,0.8227382866668813,0.8554550449013812,0.8894728077040664,0.924843310423356,0.961620345699662,0.9998598452750236,1.0396199650559705,1.0809611735589686,1.123946343872951,1.1686408492788096,1.215112662671271,1.2634324599343225,1.3136737274274755,1.3659128737462631,1.4202293459269726,1.4767057502723635,1.5354279779820836,1.5964853357788584,1.6599706817291526,1.725980566464808,1.7946153800204538,1.8659795045100394,1.9401814728746218,2.017334133942884,2.097554824055408,2.1809655455136823,2.267693152125278,2.3578695421273546,2.4516318587818913,2.5491226989477367,2.6504903299466753,2.7558889150533092,2.8654787479517023,2.979426496515386,3.097905456281389,3.2210958140038914
0.23750000000000002,0.02613335372355677,0.027172564648204577,0.0282531005155801,0.029376604640674354,0.030544785686038235,0.03175942026037325,0.033022355620457175,0.034335512480514196,0.0357008879333007,0.03712055848735101,0.03859668322500041,0.040131507085989865,0.041727364281645106,0.04338668184482329,0.04511198332102523,0.04690589260628779,0.04877113793769251,0.05071055604255942,0.05272709645263658,0.05482382598984664,0.05700393343041155,0.05927073435444993,0.06162767618842214,0.06407834344809109,0.06662646318997345,0.06927591067957196,0.07203071528500786,0.07489506660501856,0.07787332084063948,0.08097000742025942,0.08418983588812648,0.08753770306678041,0.09101870050430318,0.09463812221771525,0.09840147274429364,0.10231447551305532,0.1063830815491392,0.11061347852432392,0.11501210016744506,0.11958563604902461,0.12434104175499357,0.1292855494649782,0.1344266789512405,0.13977224901499896,0.14533038937752174,0.15110955304407797,0.15711852915955088,0.1633664563752616,0.16986283674733527,0.1766175501877455,0.18364086949001304,0.19094347595241373,0.1985364756224526,0.2064314161873122,0.21464030453595928,0.22317562501962318,0.23205035843841265,0.24127800178295106,0.2508725887610481,0.26084871114063213,0.2712215409413975,0.2820068535089175,0.2932210515063162,0.3048811898599871,0.31700500169729173,0.3296109253156932,0.3427181322243337,0.35634655630070444,0.370516924106751,0.3852507864105229,0.400570550961297,0.4164995165680319,0.43306190853297466,0.45028291549430616,0.4681887277338637,0.4868065770081965,0.5061647779635268,0.5262927711976091,0.5472211680339758,0.5689817970766559,0.591607752616178,0.6151334449604752,0.6395946527672236,0.6650285774572215,0.6914738997915532,0.7189708386985747,0.7475612124402063,0.7772885022105422,0.808197918263493,0.8403364686700546,0.8737530308097514,0.9084984257049796,0.944625495311316,0.9821891828813316,1.0212466165241156,1.0618571960876113,1.1040826834958908,1.1479872966787437,1.1936378072364486,1.2411036419882546,1.2904569885589927,1.341772905164437,1.3951294347623384,1.4506077237427482,1.5082921453381706,1.5682704279411839,1.6306337885246933,1.695477071367768,1.7628988922979736,1.8330017886696008,1.9058923753059196,1.9816815066425377,2.0604844453185294,2.142421037471713,2.2276158950046385,2.3161985850985327,2.4083038272633965,2.504071698223921,2.6036478449528424,2.7071837061757296,2.8148367426840326,2.9267706768067128,3.0431557414046346,3.164168938766357,3.2899943097991304
0.24000000000000002,0.026686425253883567,0.027747629451285692,0.02885103316915082,0.029998314500659817,0.03119121826953223,0.032431558683612166,0.03372122209397599,0.035062169863758305,0.036456441351058085,0.03790615701046281,0.039413521617906226,0.04098082762376538,0.04261045863929543,0.0443048930617054,0.046066707843387095,0.04789858241103028,0.04980330274058439,0.05178376559426344,0.05384298292603863,0.05598408646231874,0.0582103324647837,0.060525106682616125,0.06293192950166188,0.06543446129834986,0.06803650800651473,0.0707420269055884,0.07355513263896203,0.07648010347167325,0.07952138779693445,0.0826836109013973,0.08597158199944305,0.08939030154719649,0.09294496884738591,0.09664098995661646,0.10048398590708146,0.10447980125521526,0.10863451297028993,0.11295443967647308,0.11744615126240149,0.12211647887288758,0.12697252529795242,0.13202167577498494,0.1372716092204579,0.1427303099082804,0.1484060796125474,0.15430755023315482,0.1604436969234815,0.16682385174010086,0.17345771783528435,0.18035538421387948,0.18752734107700383,0.1949844957758942,0.20273818940016877,0.21080021402573618,0.2191828306485763,0.2278987878316728,0.2369613410934527,0.24638427306722177,0.2561819144622514,0.2663691658584006,0.27696152036741484,0.2879750871953665,0.2994266161420731,0.31133352307475237,0.3237139164146527,0.33658662467694495,0.34997122510575734,0.3638880734478993,0.3783583349105615,0.3934040163500696,0.4090479997406441,0.42531407697407003,0.4422269860432014,0.45981244866432414,0.47809720939559974,0.4971090763110846,0.5168769632921731,0.5374309340007938,0.5588022476012322,0.5810234063001063,0.6041282047768086,0.6281517815795831,0.6531306725653997,0.6791028664649035,0.7061078626569475,0.7341867312405611,0.7633821754957276,0.7937385968279619,0.8253021622954405,0.8581208748214099,0.8922446461986338,0.9277253729969074,0.9646170154890955,1.0029756797157177,1.0428597028128805,1.0843297417333433,1.1274488654956376,1.172282651101529,1.2188992832677128,1.2673696581234077,1.317767491031543,1.3701694286975568,1.4246551657362558,1.481307565874035,1.540212787970812,1.6014604170532911,1.6651436005588451,1.7313591899972687,1.8002078882457753,1.8717944027012785,1.9462276045229197,2.023620694206939,2.104091373745769,2.1877620256331634,2.2747598989875617,2.3652173030767947,2.4592718085384444,2.5570664566018446,2.6587499766299603,2.7644770123119695,2.874408356850531,2.9887111975014578,3.1075593698376855,3.231133622124182,3.3596218902059602
0.24250000000000002,0.027245288109135263,0.028328715875341484,0.029455226897628056,0.03062653441153519,0.03184441978060208,0.03311073520552375,0.03442740654103951,0.035796436224837455,0.03721990632292814,0.038699981696120295,0.04023891329241318,0.04183904157031343,0.04350280005828242,0.04523271905572768,0.047031429481166356,0.04890166687341405,0.05084627555188355,0.05286821294232039,0.05497055407455487,0.05715649625910993,0.05942936394977756,0.06179261379955896,0.06424983991765806,0.06680477933552234,0.06946131769024493,0.0722234951339715,0.07509551247829796,0.07808173758300495,0.0811867119988451,0.08441515787448428,0.08777198513810329,0.09126229896458027,0.09489140753961095,0.09866483013257428,0.10258830549042204,0.10666780056535599,0.11090951958956796,0.11531991351084367,0.11990568980337847,0.12467382266872826,0.12963156364240827,0.13478645262226926,0.14014632933542628,0.14571934526117736,0.15151397602804456,0.15753903430379276,0.1638036831980293,0.1703174501977658,0.17709024165713877,0.18413235786332377,0.19145450870155487,0.19906782994307606,0.206983900180793,0.21521475843838456,0.22377292247965,0.23267140784594292,0.24192374765063987,0.251544013160752,0.2615468351969753,0.2719474263847322,0.2827616042900398,0.29400581547539106,0.305697160512236,0.3178534199881018,0.3304930815479023,0.343635368010566,0.3573002666037404,0.37150855936103355,0.38628185472802445,0.40164262042510923,0.4176142176171572,0.4342209364419516,0.4514880329514414,0.46944176752198635,0.48810944479201385,0.5075194551878252,0.5277013181007006,0.5486857267809755,0.5705045950173606,0.5931911056724936,0.6167797611485453,0.6413064358596245,0.666808430790782,0.6933245302265929,0.7208950607355925,0.7495619525002648,0.7793688030858619,0.8103609437450406,0.8425855083591365,0.8760915051209469,0.910929891068028,0.9471536495798507,0.9848178709566949,1.02397983620282,1.0646991041413192,1.1070376019931674,1.151059719558209,1.1968324071413077,1.2444252773726034,1.29391071107673,1.3453639673519737,1.3988632980268352,1.4544900666680158,1.512328872320833,1.5724676781702882,1.6349979453184047,1.7000147718813126,1.7676170376176548,1.8379075543082144,1.9109932221154875,1.9869851921610413,2.0659990355678266,2.1481549192246034,2.233577788539762,2.3223975574624536,2.4147493060600653,2.510773485952499,2.6106161339156646,2.714429093979091,2.822370248355396,2.9346037575528054,3.05130031003594,3.1726373818145386,3.2987995063548654,3.42997855522438
0.24500000000000002,0.02780994228931183,0.028915823920371946,0.03006568170101177,0.03126126437330044,0.03250439021924778,0.033796949826107994,0.035140908961647725,0.036538311563751605,0.037991282848910804,0.03950203254432345,0.0410728582485212,0.04270614892563398,0.04440438853860604,0.04617015982689006,0.048006148234363034,0.0499151459934391,0.05190005637158991,0.05396389808673025,0.05610980989818524,0.05834105538022018,0.06066102788539309,0.06307325570527837,0.06558140743641067,0.06818929755960851,0.07090089224116401,0.07372031536472125,0.07665185480301558,0.07969996893901365,0.08286929344637137,0.08616464833952037,0.08959104530410712,0.09315369531893175,0.09685801658097813,0.1007096427455886,0.10471443149431535,0.10887847344347738,0.11320810140697317,0.11770990002743567,0.12239071579037589,0.1272576674365465,0.132318156788361,0.1375798800068311,0.1430508392961456,0.14873935507368977,0.15465407862401315,0.1608040052559917,0.1671984879831941,0.1738472517482562,0.18076040821289835,0.18794847113607838,0.19542237236366594,0.2031934784539592,0.2112736079643252,0.2196750494252572,0.22841058002918044,0.2374934850624334,0.246937578109974,0.25675722206354146,0.2669673509652195,0.27758349271962673,0.2886217927092722,0.300099038348991,0.31203268461680456,0.3244408806000349,0.33734249709704045,0.350757155316556,0.3647052567182827,0.37920801404010696,0.39428748355913973,0.4099665986356411,0.4262692045908361,0.4432200949716763,0.46084504925769393,0.4791708720672927,0.49822543392310553,0.5180377136384177,0.5386378423891092,0.5600571495381537,0.5823282102823605,0.6054848951938174,0.6295624217313877,0.6545974078005987,0.6806279274433702,0.7076935687422888,0.7358354940274876,0.7650965024776855,0.7955210952106085,0.8271555429617781,0.8600479564545803,0.8942483595686654,0.9298087654179341,0.9667832554538088,1.0052280617141138,1.0452016523426382,1.08676482050943,1.1299807768670824,1.174915245683605,1.2216365647980783,1.2702157895511192,1.3207268008482214,1.3732464175202843,1.4278545131522715,1.4846341375576173,1.5436716430831416,1.6050568159365977,1.6688830127365246,1.7352473024920951,1.8042506142289247,1.8759978904852894,1.9505982469122267,2.0281651382202823,2.1088165307252003,2.1926750817550307,2.279868326191505,2.3705288704293124,2.464794594048344,2.562808859505558,2.6647207301653775,2.7706851970002324,2.880863414306007,2.9954229447908536,3.114538014410157,3.238389777335191,3.3671665914584037,3.5010643048543884
0.24750000000000003,0.028380387794413285,0.02950895358637707,0.030682397579301995,0.031902504385955606,0.033171129585469326,0.0344902025453649,0.035861729355800634,0.037287795880500775,0.03877057092900612,0.04031230955507227,0.041915356486230355,0.04358214968972705,0.04531522408026632,0.047117215375192575,0.04899086410297709,0.05093901977110544,0.05296464519970352,0.05507082102749305,0.057260750396929766,0.059537763825649515,0.06190532427163033,0.06436703239977437,0.06692663205791971,0.06958801597060839,0.072355231659272,0.07523248759783766,0.0782241596131149,0.08133479753969935,0.08456913213951331,0.08793208229650554,0.09142876249745457,0.09506449061025092,0.09884479597148757,0.1027754277956595,0.10686236391876143,0.11111181988957952,0.11553025842250561,0.12012439922624916,0.12490122922339378,0.1298680131763424,0.1350323047358107,0.14040195792867052,0.14598513910261587,0.1517903393458177,0.15782638740045318,0.1641024630897516,0.17062811127897598,0.17741325639157213,0.18446821750256315,0.19180372403214327,0.19943093206333715,0.20736144130854375,0.21560731275076536,0.22418108698635417,0.23309580329716753,0.24236501948114422,0.2520028324714551,0.2620238997755903,0.27244346176698414,0.2832773648630842,0.2945420856251121,0.3062547558161662,0.31843318845577895,0.3310959049105521,0.34426216306206714,0.3579519865949152,0.3721861954493845,0.38698643748511946,0.4023752214039075,0.41837595098166586,0.4350129606616811,0.4523115525632445,0.4702980349619594,0.4889997623002431,0.508445176788875,0.5286638516628624,0.5496865361573989,0.5715452022723286,0.5942730933962324,0.6179047748640779,0.6424761865253363,0.6680246974025059,0.6945891625231643,0.722209982011992,0.7509291625326328,0.7807903811728232,0.8118390518699682,0.8441223944781742,0.8776895065817724,0.9125914381645658,0.9488812692483517,0.9866141906187814,1.0258475877613527,1.0666411281351722,1.1090568519172141,1.1531592663550887,1.1990154438718255,1.2466951240718411,1.296270819803261,1.3478179274378816,1.4014148415364749,1.4571430740738667,1.5150873784050614,1.575335878160961,1.6379802012697404,1.7031156193076502,1.7708411923911935,1.8412599198310797,1.9144788967770012,1.9906094770914964,2.0697674427006447,2.1520731796790593,2.2376518613370533,2.326633638588394,2.4191538378881394,2.51535316704163,2.615377929197623,2.7193802453509854,2.8275182856933854,2.939956510163803,3.056865918564676,3.1784243106241092,3.304816556399647,3.436234877434799,3.5728791390959866
0.25,0.028956624624439632,0.030108104873356873,0.03130537453249871,0.03255025444950067,0.03384463787926673,0.035190493363294446,0.03658986772349825,0.03804488917508496,0.03955777056321407,0.04113081272836676,0.04276640800554061,0.04446704386259264,0.04623530668326326,0.048073885700635206,0.04998557708700856,0.05197328820641304,0.05404004203622438,0.05618898176460876,0.05842337557078845,0.060746621595397926,0.06316225310848923,0.06567394388304701,0.06828551378218518,0.07100093456852197,0.07382433594456891,0.07676001183332073,0.07981242690859594,0.08298622338506209,0.08628622807827088,0.08971745974543978,0.09328513671814567,0.09699468483853782,0.10085174571113922,0.10486218528278694,0.10903210276376024,0.1133678399036624,0.1178759906361653,0.12256341110728411,0.1274372301024322,0.1325048598881159,0.13777400748475738,0.14325268638778746,0.14894922875483707,0.15487229807756114,0.16103090235736478,0.16743440780507252,0.17409255308537488,0.18101546412771363,0.1882136695261332,0.19569811655151845,0.20348018780056842,0.2115717185068296,0.21998501454011365,0.22873287112167548,0.2378285922836114,0.24728601110207546,0.2571195107350832,0.2673440462968986,0.2779751676022693,0.2890290428151048,0.30052248303755946,0.3124729678769168,0.3248986720291592,0.3378184929196531,0.3512520794429825,0.3652198618456433,0.37974308279704566,0.3948438296960713,0.4105450682623278,0.4268706774631831,0.4438454858296918,0.4614953092166558,0.4798469900642376,0.4989284382208377,0.5187686733893226,0.5393978692611594,0.5608473994055695,0.5831498849835001,0.6063392443589759,0.630450744683275,0.655521055530391,0.6815883046653464,0.7086921360301643,0.7368737700357025,0.7661760662510281,0.7966435885856781,0.8283226730639405,0.8612614982942294,0.8955101587407125,0.9311207409086477,0.9681474025592812,1.0066464550747694,1.0466764490984106,1.0882982635804228,1.1315751983646707,1.1765730704571866,1.2233603141228706,1.2720080849625965,1.3225903681290285,1.3751840908457111,1.4298692394005452,1.4867289807916193,1.5458497892103473,1.6073215775542915,1.6712378341697178,1.7376957650317826,1.8067964415786075,1.8786449544241195,1.9533505731833494,2.031026912653297,2.1117921056021265,2.1957689824294038,2.283085257970669,2.373873725730429,2.4682724598389343,2.566425025039924,2.6684806950286935,2.7745946794724876,2.88492836005855,2.999649535928786,3.118932678874274,3.2429591986777973,3.3719177190079046,3.5060043642840513,3.6454230579491744
0.25250000000000006,0.02953865277939088,0.03071327778131135,0.031934612560601955,0.03320451456393564,0.03452491510064001,0.035897822279896685,0.037325324064740574,0.038809591447504184,0.040352881751534696,0.041957542064206946,0.04362601280645199,0.04536083144423077,0.047164636347596864,0.04904017080321799,0.05099028718645745,0.05301795129936198,0.055126246881152516,0.057318380298077426,0.05959768541976133,0.061967628689465454,0.0644318143959699,0.06699399015509627,0.06965805260920714,0.07242805335334929,0.07530820509705478,0.0783028880711705,0.08141665668945876,0.08465424647510189,0.08802058126264416,0.09152078068632313,0.09516016796618042,0.09894427800379248,0.10287886579993316,0.106969915206971,0.11122364802931187,0.11564653348572605,0.12024529804795225,0.12502693567054057,0.1299987184274911,0.13516820757186704,0.14054326503520106,0.14613206538418202,0.15194310825280938,0.1579852312689202,0.16426762349474786,0.1707998394019545,0.17759181340239097,0.18465387495668079,0.19199676428360854,0.19963164869420408,0.2075701395753599,0.21582431004881697,0.22440671333237,0.23333040183122128,0.24260894698851204,0.2522564599252273,0.26228761290085845,0.27271766162746636,0.283562468471075,0.2948385265756885,0.3065629849466146,0.318753674531243,0.3314291353369454,0.3446086446273382,0.3583122462397865,0.3725607810687409,0.3873759187612664,0.4027801906729624,0.4187970241344008,0.4354507780801933,0.45276678009486887,0.4707713649319108,0.48949191456452895,0.5089568998290768,0.529195923724448,0.5502397664333091,0.5721204321336217,0.5948711976716687,0.6185266631705915,0.6431228046514091,0.6686970287465522,0.6952882295891202,0.7229368479643712,0.7516849328134205,0.7815762051826741,0.8126561247162506,0.8449719587925262,0.8785728544099436,0.9135099129314009,0.9498362678009119,0.987607165350723,1.0268800488217726,1.067714645725289,1.1101730586783898,1.1543198598518012,1.2002221891733766,1.2479498564367406,1.2975754474703451,1.3491744345284227,1.4028252910717105,1.4586096111124969,1.5166122333055316,1.5769213699734757,1.6396287412631334,1.7048297146365297,1.772623449908922,1.8431130500543387,1.916405718008045,1.9926129197043358,2.071850553597629,2.15423912692473,2.239903938976236,2.3289752716558803,2.4215885876176113,2.5178847362816974,2.6180101680432277,2.722117156998771,2.8303640325298858,2.9429154200957286,3.0599424916009554,3.181623225719648,3.3081426785712225,3.4396932651599643,3.576475052006163,3.718696061413955
0.255,0.030126472259266998,0.0313244723102405,0.03257011166361167,0.0338652847292605,0.03521196124958912,0.03661218929517155,0.03806809837952759,0.0395819026977584,0.041155904493967936,0.04279249756259279,0.04449417088896445,0.046263512434641385,0.048103213073267106,0.05001607068294089,0.05200499440132372,0.05407300904995216,0.05622325973448786,0.05845901662789897,0.06078367994384831,0.06320078510785201,0.06571400813407223,0.06832717121592213,0.07104424853898547,0.07386937232509026,0.07680683911672952,0.07986111631138691,0.08303684895570324,0.08633886680981862,0.08977219169263304,0.09334204511915556,0.09705385624155875,0.10091327010601478,0.10492615623786927,0.10909861756821156,0.11343699971541621,0.11794790063577038,0.1226381806578664,0.12751497291601846,0.13258569419857044,0.13785805622759578,0.14334007738714163,0.14904009491785408,0.15496677759653255,0.16112913891989467,0.16753655081260235,0.17419875788039743,0.18112589223002404,0.18832848887847334,0.195817501774989,0.20360432046019988,0.21170078738771145,0.22011921593450556,0.2288724091275343,0.23797367911499123,0.24743686741186932,0.2572763659505994,0.26750713896878064,0.27814474576729337,0.28920536437340105,0.3007058161448351,0.31266359135227695,0.3250968757791443,0.3380245783791373,0.3514663600336072,0.36544266345247906,0.37997474426420746,0.39508470334204643,0.4107955204157927,0.42713108902012603,0.4441162528326959,0.4617768434572115,0.48013971970900876,0.499232808462833,0.5190851471249597,0.5397269277942514,0.5611895431793105,0.5835056343415548,0.6067091403368338,0.6308353498310787,0.6559209547684794,0.6820041061738191,0.7091244721738265,0.7373232983257834,0.766643470345145,0.7971295793275699,0.8288279895645396,0.861786909055724,0.8960564628253165,0.9316887691538374,0.9687380188413574,1.0072605576226763,1.0473149718597903,1.0889621776419869,1.132265513429072,1.1772908363786037,1.2241066225036574,1.2727840708134346,1.3233972115950858,1.3760230190014417,1.4307415281158784,1.487635956672328,1.5467928316156014,1.6083021206944452,1.672257369287485,1.7387558426701752,1.807898673939067,1.8797910178183839,1.9545422105828545,2.0322659363399573,2.1130803999244905,2.1971085066684526,2.2844780493195525,2.3753219023926846,2.4697782242499393,2.5679906672164274,2.670108596051538,2.7762873151078535,2.8866883045231773,3.001479465804916,3.12083537718031,3.244937559100795,3.3739747503043813,3.508143194855825,3.6476469406011276,3.792698149490323
0.25750000000000006,0.03072008306406802,0.031941688460144314,0.03321187184152791,0.03453256494547527,0.035905776326114094,0.0373335944091191,0.03881819066785931,0.04036182292584766,0.041966838790513834,0.043635679223524314,0.045370882253078046,0.04717508683382454,0.04905103686027402,0.051001585339803916,0.0530296987316074,0.05513846145818363,0.057331080596230474,0.05961089075407345,0.061981359143049496,0.06444609085055769,0.06700883432279628,0.06967348706552459,0.07244410157152029,0.07532489148374498,0.07832023800359321,0.08143469655397001,0.08467300370732948,0.08804008438921242,0.0915410593682376,0.09518125304393708,0.09896620154428078,0.10290166114520484,0.10699361702494765,0.11124829236650872,0.1156721578220733,0.12027194135379549,0.1250546384659078,0.13002752284371777,0.13519815741567034,0.14057440585530218,0.14616444454057917,0.15197677498880377,0.15802023678600674,0.16430402103048472,0.17083768431092836,0.17763116324040149,0.1846947895682743,0.19203930589309146,0.19967588200027475,0.20761613184950606,0.2158721312376231,0.22445643616389563,0.23338210192560666,0.24266270297298562,0.2523123535536834,0.26234572917819204,0.2727780889388499,0.2836252987163799,0.2949038553092476,0.3066309115225448,0.318824302254547,0.3315025716206212,0.34468500115573514,0.3583916391384602,0.3726433310810603,0.3874617514320432,0.40286943653938584,0.41888981892456223,0.4355472629195038,0.4528671017206912,0.47087567591672036,0.4896003735479504,0.5090696717591501,0.5293131801084869,0.5503616855987326,0.5722471994991645,0.5950030060293691,0.6186637129789957,0.6432653043404378,0.6688451950344868,0.6954422878121922,0.7230970324194662,0.7518514871144019,0.7817493826308772,0.8128361886857162,0.8451591831305464,0.8787675238535348,0.9137123235403483,0.9500467274080221,0.9878259940299848,1.0271075793751419,1.0679512241888234,1.1104190448485045,1.1545756278324713,1.2004881279450799,1.24822637044803,1.2978629572529539,1.3494733773368193,1.4031361215480866,1.458932801978216,1.5169482760800395,1.5772707757218298,1.6399920413732578,1.7052074616273485,1.7730162182706546,1.8435214371222188,1.916830344870746,1.993054432148549,2.0723096230902165,2.1547164516338833,2.240400244833297,2.3294913134593553,2.422125150181084,2.5184426356274137,2.618590252643126,2.722720309064857,2.8309911693559426,2.943567495452364,3.060620497186118,3.1823281926668505,3.308875679017719,3.4404554138772765,3.577267508095488,3.719520030068952,3.8674293221782814
0.26,0.031319485193793906,0.032564926231022785,0.03385989309435061,0.03520635521257992,0.0366063603302149,0.03806203762173927,0.0395756009297357,0.04114935213177189,0.04278568464117235,0.04448708704700149,0.046256146898792726,0.0480955546417802,0.05000810770861754,0.05199671477380704,0.05406440017730846,0.05621430852405635,0.05844970946638029,0.060774002676600825,0.0631907230173648,0.0657035459175824,0.06831629296214196,0.07103293770390363,0.07385761170681149,0.07679461082931335,0.07984840175764575,0.0830236287989197,0.08632512094433738,0.08975789921328317,0.09332718428945778,0.09703840446066764,0.10089720387434635,0.10490945112136255,0.10908124816116818,0.11341893960186238,0.11792912234928309,0.12261865563980126,0.12749467147207638,0.13256458545363847,0.13783610807879063,0.1433172564549861,0.14901636649551356,0.15494210559703092,0.1611034858212318,0.16750987760069017,0.17417102398972573,0.18109705548196642,0.18829850541714144,0.19578632600053503,0.20357190495946562,0.21166708286212238,0.22008417112509476,0.22883597073698692,0.23793579172658688,0.2473974734052042,0.25723540541395407,0.2674645496080048,0.27810046281106604,0.28915932047472553,0.30065794127861445,0.31261381270881733,0.3250451176534243,0.33797076205567317,0.35141040366673854,0.3653844819418968,0.3799142491255298,0.3950218025722478,0.41073011835328455,0.42706308619927064,0.44404554583253375,0.46170332474417886,0.48006327747339467,0.49915332644873506,0.5190025044534794,0.5396409987796581,0.5611001971378913,0.5834127353928701,0.606612547197064,0.6307349155981536,0.6558165266986682,0.6818955254494303,0.709011573661671,0.7372059103260385,0.7665214143302258,0.7970026696706161,0.828696033257112,0.8616497054142694,0.895913803185958,0.9315404365550384,0.9685837876939546,1.0071001933667931,1.0471482306081186,1.0887888058088704,1.1320852473448413,1.177103401888585,1.2239117345512278,1.2725814330064933,1.3231865157552967,1.3758039446955446,1.4305137421683571,1.4873991126587212,1.5465465693356297,1.6080460656242155,1.6719911320099115,1.7384790182827212,1.8076108414379668,1.879491739458376,1.954231031211422,2.0319423827051275,2.1127439799551104,2.1967587087258056,2.2841143414192597,2.374943731395643,2.4693850150210754,2.5675818217500317,2.669683492561791,2.775845307083182,2.886228719743035,3.001001605317443,3.1203385142393283,3.2444209380605757,3.3734375854704144,3.5075846692899053,3.647066204878949,3.79209432040963,3.9428895794778276
0.26250000000000007,0.03192467864844471,0.03319418562287597,0.03451417542207986,0.035886655530574504,0.0373137132618916,0.03879751893303215,0.04034032916515685,0.0419444903155312,0.043612442045943535,0.04534672103302438,0.04714996482610855,0.04902491585850842,0.050974425618297785,0.05300145898495035,0.05510909873842696,0.05730055024757043,0.05957914634493742,0.0619483523954812,0.0644117715667943,0.06697315030892625,0.06963638405210944,0.07240552313105938,0.07528477894485922,0.07827853036179551,0.08139133037888731,0.08462791304623617,0.08799320066672711,0.09149231128203102,0.09513056645629371,0.0989134993693474,0.10284686323175565,0.10693664003448804,0.11118904964653108,0.11561055927427269,0.12020789329704575,0.12498804349378789,0.12995827967637233,0.13512616074578082,0.14049954618793153,0.14608660802664783,0.1518958432519451,0.15793608674253576,0.164216524702208,0.17074670863051128,0.17753656984899477,0.18459643460509256,0.19193703977662593,0.1995695492008044,0.20750557065256198,0.21575717349804927,0.2243369070501268,0.2332578196537798,0.24253347853047547,0.2521779904116474,0.26220602299268175,0.27263282724003846,0.28347426058542946,0.29474681104233097,0.3064676222815021,0.31865451970365316,0.33132603754890955,0.34450144708430097,0.3582007859121482,0.3724448884439178,0.3872554175858884,0.4026548976848221,0.41866674878374305,0.43531532223991887,0.4526259377592167,0.4706249219031598,0.48933964812723557,0.5087985784113634,0.5290313065458223,0.5500686031384739,0.5719424624117285,0.5946861508604288,0.6183342578446409,0.6429227481943094,0.6684890169057713,0.6950719460133112,0.7227119637222567,0.751451105893545,0.7813330799732568,0.8124033314643627,0.844709113041759,0.8782995564157108,0.913225747052995,0.9495408018693883,0.987299950011636,1.026560616851785,1.067382511321608,1.109827716719934,1.1539607851309985,1.199848835597417,1.2475616561970504,1.2971718101790493,1.3487547463204657,1.4023889136712635,1.4581558808622548,1.5161404601573976,1.5764308364391024,1.6391187013227617,1.704299392604409,1.772072039253607,1.8425397121721154,1.9158095809475413,1.9919930768404162,2.0712060622525934,2.1535690069346445,2.239207171200261,2.328250796426346,2.4208353031284195,2.517101496912665,2.6171957826178,2.7212703869724266,2.8294835901065185,2.9419999662691367,3.0589906341184196,3.1806335169645537,3.307113613361489,3.4386232784588895,3.5753625165422735,3.717539285206217,3.8653698116231685,4.019078921388968
0.265,0.032535663428020375,0.033829466635703784,0.03517471882471557,0.03657346589945896,0.03802783512114411,0.039540038342997644,0.04111237537412264,0.04274723747712547,0.044447111004827344,0.0462145811815929,0.048052336035025435,0.049963170484009105,0.05194999058931461,0.05401581797323373,0.056163794414962824,0.058397186628725714,0.060719391231901725,0.06313393991071442,0.06564450479133792,0.06825490402458911,0.07096910759269853,0.07379124334699164,0.07672560328566329,0.07977665008119128,0.08294902386731766,0.0862475492959192,0.08967724287449844,0.09324332059545579,0.09695120586874517,0.10080653776997614,0.10481517961650848,0.10898322788458112,0.11331702148103606,0.11782315138373943,0.12250847066536102,0.12738010491575508,0.13244546307879534,0.13771224872014443,0.14318847174309282,0.148882460570287,0.15480287480987343,0.16095871842531803,0.16735935342893501,0.17401451411994776,0.18093432188873507,0.1881293006097795,0.19561039264672728,0.20338897549389906,0.21147687907956328,0.21988640375728621,0.22863033901271873,0.23772198291427382,0.24717516233727171,0.25700425399231464,0.2672242062898658,0.2778505620742921,0.28889948226193957,0.30038777041919534,0.3123328983179099,0.3247530325070518,0.3376670619410019,0.35109462670650377,0.36505614789196333,0.37957285864452234,0.3946668364621352,0.410361036769765,0.42667932783076057,0.44364652704650576,0.4612884386995516,0.4796318931976327,0.49870478787824185,0.5185361294358346,0.5391560780361775,0.5605959931849334,0.582888481420243,0.6060674459018389,0.6301681379720981,0.6552272107674608,0.6812827749617455,0.708374456726128,0.7365434579939478,0.7658326191219832,0.7962864840434931,0.8279513680121156,0.8608754280396553,0.8951087361348681,0.9307033554546438,0.9677134194833962,1.0061952143610646,1.0462072644849567,1.0878104215156086,1.131067956922011,1.1760456582069745,1.2228119289589632,1.2714378928825445,1.321997501965695,1.3745676489484575,1.429228284263974,1.4860625376297765,1.5451568444742412,1.6066010773904529,1.670488682817464,1.7369168231567464,1.805986524540002,1.8778028304730952,1.9524749615897112,2.0301164817577235,2.110845470790941,2.194784704028812,2.2820618390572447,2.3728096098545497,2.4671660286576786,2.5652745958558443,2.667284518230711,2.7733509358750266,2.88363515813486,2.998304908934241,3.1175345818552884,3.2415055053617885,3.3704062185695847,3.504432757983135,3.643788955634374,3.788686749077282,3.939346503709561,4.095997347911693
0.26750000000000007,0.03315243953252095,0.03447076926950629,0.03584152330225779,0.03726678631923332,0.0387487259079725,0.04028959585163583,0.04189173955663316,0.0435575936165548,0.04528969151782381,0.047090667492707135,0.04896326052554346,0.05091031851828232,0.05293480262166813,0.055039791738657265,0.05722848720691612,0.05950421766752233,0.06187044412727332,0.06433076522230059,0.06688892269099572,0.06954880706457113,0.07231446358390937,0.07519009835170054,0.07818008472922386,0.08128896998750082,0.084521482222937,0.08788253754796894,0.09137724756765153,0.09501092715355763,0.09878910252681235,0.10271751966255402,0.106802153028605,0.111049214671642,0.11546516366468336,0.12005671593026283,0.12483085445422916,0.12979483990570312,0.13495622167934568,0.14032284937672965,0.14590288474427462,0.15170481408590394,0.1577374611692988,0.1640100006453779,0.17053197200141304,0.17731329406899982,0.18436428010894698,0.1916956534960276,0.19931856402744577,0.2072446048798194,0.21548583024047,0.22405477363983362,0.23296446701287085,0.24222846051846927,0.2518608431469762,0.2618762641472064,0.27228995530550676,0.2831177541107664,0.2943761278405969,0.3060821986053194,0.3182537693878383,0.3309093511190136,0.34406819082970197,0.3577503009222821,0.37197648960618446,0.3867683925437109,0.40214850575427075,0.4181402198270773,0.43476785549433766,0.4520567006190322,0.4700330486535394,0.48872423862759856,0.5081586967264144,0.5283659795221495,0.5493768189245459,0.5712231689190375,0.5939382541634357,0.6175566205171017,0.6421141875794368,0.6676483033176096,0.6941978008665917,0.7218030575878818,0.750506056476745,0.7803504500113554,0.8113816265409357,0.8436467793138762,0.8771949782508024,0.9120772445717434,0.9483466283909059,0.9860582893970633,1.0252695807422418,1.0660401362663112,1.1084319611901214,1.1525095264151037,1.198339866572771,1.2459926819732265,1.2955404446077121,1.3470585083664335,1.400625223639275,1.4563220564736776,1.514233712470925,1.5744482656092553,1.637057292189685,1.702156010108326,1.769843423666927,1.8402224741419086,1.9134001963409109,1.9894878813848886,2.068601245963348,2.150860608320175,2.236391071237618,2.32532271229676,2.417790781703875,2.513935907983426,2.61390431185062,2.7178480285887696,2.825925139269597,2.9383000111682103,3.055143547738352,3.1766334485280527,3.302954479431036,3.434298753684868,3.570866024043158,3.712863986566212,3.8605085964921506,4.014024396668812,4.1736448590460125
0.27,0.03377500696194639,0.03511809352428345,0.036514588854706514,0.03796661678989758,0.03947638562237672,0.041046191458946654,0.04267842171268836,0.04437555873381911,0.0461401835849329,0.047974979966367,0.04988273829766257,0.051866359961328067,0.053928861715358274,0.05607338028122092,0.05830317711428679,0.0606216433639602,0.06303230503105214,0.06553882833023968,0.06814502526576767,0.07085485942887217,0.07367245202574188,0.07660208814518606,0.07964822327554082,0.08281549008072404,0.08610870544574521,0.08953287780238534,0.09309321474618636,0.09679513095633645,0.10064425643049517,0.10464644504708097,0.10880778346804512,0.11313460039567055,0.11763347619747284,0.12231125291384273,0.12717504466365,0.13223224846363185,0.13749055547802325,0.14295796271553624,0.1486427851914769,0.15455366857349842,0.16069960233022107,0.16708993340271533,0.17373438041964204,0.18064304847766738,0.18782644450963032,0.1952954932638366,0.2030615539187813,0.21113643735856524,0.21953242413528185,0.2282622831456912,0.23733929105058307,0.24677725246636614,0.2565905209595886,0.26679402087632237,0.2774032700396044,0.2884344033494609,0.29990419732140117,0.3118300956007026,0.324230235491287,0.3371234755395383,0.3505294242150095,0.36446846973163577,0.37896181105481136,0.39403149014148353,0.4097004254622948,0.4259924468567585,0.44293233177447416,0.46054584295749756,0.4788597676211793,0.49790195819305694,0.5177013746717528,0.5382881286703075,0.5596935292109269,0.5819501303407852,0.605091780641306,0.6291536747062165,0.6541724066666563,0.6801860258447547,0.7072340946203095,0.7353577485985721,0.7645997591706484,0.7950045985616601,0.8266185074655841,0.8594895653696436,0.8936677636751994,0.9292050817263352,0.9661555658617804,1.0045754116103893,1.044523049155167,1.0860592321958469,1.129247130345146,1.1741524251992113,1.2208434102283865,1.2693910946402056,1.3198693113725521,1.372354829381263,1.4269274703929167,1.483670230300373,1.5426694053856995,1.6040147235624378,1.6677994808367966,1.7341206831953453,1.8030791941349493,1.8747798880593258,1.9493318097755594,2.0268483403330717,2.107447369457288,2.191251474840294,2.2783881085610593,2.368989790918806,2.463194311974321,2.5611449411056575,2.662990644896989,2.768886313691973,2.878992997156133,2.9934781492065685,3.1125158826814685,3.236287234136711,3.364980439172294,3.4987912187073373,3.6379230766389536,3.7825876093377833,3.9330048274508207,4.089403490500918,4.252021454791919
0.2725,0.03440336571629674,0.035771439400035306,0.03719391548206174,0.038672957311451754,0.04021081426435682,0.04180982516493014,0.043472421842288285,0.04520113282891845,0.04699858720615464,0.04886751860257256,0.0508107693513828,0.05283129481314633,0.05493216787038509,0.05711658360092471,0.05938786413707487,0.061749463718039355,0.0642049739432382,0.06675812923453169,0.06941281251565379,0.0721730611174923,0.0750430729181961,0.07802721272744817,0.08113001892461423,0.08435621036086095,0.08771069353574237,0.09119857005916839,0.09482514441010288,0.09859593200379231,0.10251666757979364,0.10659331392355702,0.11083207093482889,0.11523938505666684,0.11982195907940454,0.12458676233447921,0.1295410412936236,0.13469233058954136,0.14004846447482802,0.1456175887365643,0.1514081730846997,0.1574290240330705,0.16368929829264028,0.1701985166973303,0.17696657868362198,0.18400377734595047,0.19132081509078513,0.19892881991320666,0.206839362320734,0.2150644729301366,0.22361666076399886,0.23250893227485916,0.2417548111258554,0.2513683587579643,0.2613641957751091,0.27175752417966276,0.2825641504921587,0.2938005097903759,0.30548369070435244,0.31763146140534537,0.33026229662825624,0.34339540576862604,0.3570507620969245,0.3712491331345649,0.38601211223784415,0.40136215143783993,0.4173225955862076,0.43391771785880906,0.45117275667116996,0.46911395406190237,0.4877685956024719,0.507165051894008,0.5273328217142571,0.5483025768803089,0.5701062088953208,0.5927768774501775,0.6163490608538543,0.6408586084691837,0.6663427952337574,0.6928403783488967,0.7203916562228994,0.7490385297581995,0.7788245660756578,0.8097950647728982,0.8419971268174388,0.8754797261794184,0.9102937843128467,0.9464922475986445,0.9841301678672681,1.0232647861233741,1.0639556195998408,1.1062645522735646,1.1502559289806824,1.1959966532743338,1.243556289173822,1.2930071669599006,1.344424493177066,1.3978864650101839,1.4534743892093827,1.5112728057440614,1.5713696163740989,1.63385621833379,1.6988276433317884,1.7663827020785232,1.8366241345608139,1.9096587662922542,1.9855976707770426,2.064556338434261,2.1466548522395446,2.232018070351297,2.3207758159991383,2.4130630749233823,2.509020200665887,2.608793128024375,2.712533594994953,2.8203993735403237,2.932554509534638,3.0491695722499346,3.1704219137635916,3.2964959386812636,3.427583384585565,3.563883613636991,3.705603915770525,3.8529598239490914,4.0061754419532924,4.165483785205883,4.3311271351494165
0.275,0.03503751579557196,0.036430806896761814,0.037879503184323454,0.039385807883895806,0.040952011833912755,0.04258049696958628,0.044273739945432884,0.04603431590185281,0.04786490238148903,0.04976828340132378,0.05174735368670414,0.0538051230737371,0.055944721086748556,0.05816940169776861,0.06048254827528036,0.0628876787297598,0.0653884508638315,0.0679886679351766,0.07069228444065404,0.0735034121304315,0.076426326261272,0.0794654720984869,0.08262547167644409,0.08591113082791159,0.0893274464929284,0.09287961431831812,0.09657303655940112,0.10041333029592513,0.10440633597470778,0.10855812629198212,0.11287501542895627,0.11736356865463078,0.12203061231047849,0.1268832441921722,0.13192884434414992,0.13717508628343153,0.14262994866976,0.14830172743981382,0.15419904842394294,0.1603308804646202,0.16670654905655646,0.17333575052922282,0.18022856679335292,0.187395480673849,0.1948473918524114,0.20259563344413775,0.2106519892333036,0.2190287115945335,0.2277385401266212,0.23679472102733737,0.24621102723868782,0.25600177939326385,0.26618186759353746,0.27676677405722744,0.28777259666316973,0.2992160734335114,0.31111460798945073,0.3234862960192474,0.33634995279874585,0.3497251418062768,0.363632204475447,0.37809229113106935,0.39312739315528256,0.4087603764327803,0.42501501612600884,0.4419160328332285,0.4594891301844253,0.4777610339322462,0.4967595325974168,0.5165135197304517,0.5370530378539272,0.5584093241521536,0.5806148579777276,0.6037034102472137,0.6277100948010803,0.6526714218060031,0.6786253532807394,0.7056113608300352,0.7336704856743607,0.7628454010667629,0.7931804771917734,0.8247218486450693,0.8575174845964992,0.8916172617432001,0.927073040163744,0.9639387421886706,1.002270434407368,1.0421264129360177,1.083567292076262,1.1266560964994639,1.1714583570967303,1.218042210640471,1.2664785034090773,1.3168408989323117,1.3692059900212519,1.4236534152531959,1.480265980088673,1.5391297828047419,1.6003343454361247,1.6639727499233108,1.7301417796746603,1.7989420667578597,1.8704782449445203,1.9448591088406926,2.0221977793453587,2.102611875688457,2.1862236943101157,2.273160394853184,2.363554193551853,2.457542564310489,2.555268447778573,2.656880468739579,2.76253316214451,2.87238720813382,2.98660967640511,3.1053742802983084,3.2288616409847197,3.357259562161711,3.490763315670846,3.6295759384738315,3.7739085414378715,3.923980630400135,4.080020439999565,4.242265280783702,4.410961900118503
0.2775,0.035677457199772084,0.03709619601446301,0.03857135196149168,0.04010516850722979,0.04169997833104455,0.0433582068729151,0.04508237602212221,0.046875107952622196,0.04873912911093608,0.05067727436262071,0.05269249130362661,0.0547878447431004,0.05696652136444869,0.05923183457175266,0.06158722952890326,0.06403628839912154,0.06658273579283208,0.06923044443217448,0.07198344104076848,0.07484591246768982,0.07782221205496964,0.08091686625830224,0.0841345815310304,0.08748025148187594,0.09095896431730342,0.09457601057983452,0.09833689119408114,0.10224732583273505,0.10631326161523758,0.11054088215235637,0.11493661695042733,0.11950715118956252,0.1242594358906947,0.12920069848692184,0.13433845381522905,0.1396805155453025,0.14523500806281933,0.1510103788252848,0.15701541120920676,0.16325923786814767,0.16975135462196964,0.176501634898393,0.18352034474883483,0.19081815846136319,0.19840617479450917,0.20629593385662992,0.2144994346564905,0.22302915335175602,0.2318980622231488,0.241119649403126,0.2507079393890804,0.2606775143722649,0.27104353641487416,0.28182177050901647,0.2930286085526376,0.30468109427886736,0.3167969491766962,0.3293945994424089,0.3424932040027561,0.35611268365249066,0.3702737513505772,0.3849979437211493,0.4003076538071272,0.4162261651263048,0.43277768708169884,0.4499873917800174,0.4678814523142401,0.48648708256852957,0.5058325786060144,0.5259473617023882,0.5468620230907636,0.5686083704858419,0.5912194764581475,0.6147297287318944,0.6391748824829846,0.6645921147166748,0.6910200808076027,0.7184989732881709,0.7470705829746944,0.7767783625242636,0.8076674925189952,0.8397849501781736,0.873179580802766,0.9079021720609896,0.9440055312278921,0.9815445654964146,1.0205763654820816,1.0611602920483205,1.1033580665844323,1.1472338648735454,1.192854414693291,1.2402890972976237,1.2896100529341525,1.3408922905574396,1.3942138019051113,1.4496556801103002,1.507302243030789,1.5672411614824155,1.6295635925717769,1.6943643183310013,1.761741889865413,1.8317987772333553,1.9046415252860696,1.980380915704643,2.0591321354805103,2.14101495209566,2.2261538956690035,2.3146784483459584,2.4067232412192063,2.5024282590801277,2.601939053312381,2.70540696325127,2.8129893463456623,2.9248498174724626,3.0411584977675523,3.1620922733516914,3.2878350643448546,3.4185781045780543,3.5545202324281413,3.6958681932178585,3.8428369536409943,3.9956500286909153,4.1545398215896405,4.319747977234382,4.49152574969918
0.28,0.03632318992889708,0.037767606753138866,0.03926946181356641,0.04083103918145365,0.0424547137557522,0.044142954874916554,0.04589833007235622,0.04772350898122659,0.049621267394495745,0.05159449148646327,0.05364618220215015,0.05577945982123622,0.05799756870348545,0.060303882222876824,0.06270190789794354,0.06519529272612455,0.06778782873023989,0.07048345872552524,0.07328628231599706,0.07620056212926718,0.07923073029928894,0.08238139520689418,0.08565734848837311,0.08906357232275396,0.09260524700886728,0.09628775884371756,0.1001167083141428,0.10409791861422192,0.108237444501383,0.11254158150467966,0.11701687549924195,0.12167013266146189,0.1265084298200531,0.131539125218728,0.1367698697068609,0.14220861837515414,0.14786364265400578,0.15374354289297726,0.15985726144049095,0.1662140962436526,0.17282371498887972,0.1796961698048406,0.1868419125500677,0.19427181070849275,0.2019971639170784,0.210029721150683,0.2183816985902943,0.22706579820180403,0.23609522705358155,0.2454837174022248,0.25524554757703305,0.26539556369496714,0.2759492022391186,0.28692251353502984,0.29833218616056223,0.31019557232644357,0.3225307142660885,0.33535637167482973,0.3486920502402867,0.3625580313072676,0.3769754027223147,0.3919660909048045,0.40755289419337737,0.423759517518413,0.44061060845327726,0.4581317946991752,0.4763497230606142,0.49529209997075196,0.5149877336282642,0.5354665778098171,0.5567597774247657,0.5788997158813731,0.60192006433658,0.625855832904219,0.6507434238995664,0.6766206872011986,0.7035269778143467,0.7315032157233028,0.7605919481238994,0.7908374141307005,0.8222856120573229,0.8549843693722107,0.8889834154362386,0.9243344571327855,0.9610912575052899,0.9993097175218749,1.0390479610914074,1.0803664234602817,1.1233279431243495,1.167997857395808,1.2144441017703627,1.262737313245791,1.312950937749047,1.3651613418352828,1.4194479288286432,1.4758932595814953,1.5345831780357293,1.5956069417770815,1.659057357781054,1.7250309235568606,1.7936279739040446,1.864952833505008,1.93911397558546,2.0162241868841035,2.0964007391824944,2.1797655676558687,2.2664454563162058,2.356572230829616,2.450282959001194,2.5477201592322967,2.649032017267308,2.7543726115594453,2.8639021475984077,2.977787201556251,3.09620097362196,3.2193235514100818,3.3473421838439945,3.4804515659302893,3.618854134857447,3.7627603778690704,3.91238915237989,4.06796801882143,4.2297335867235155,4.397931874557916,4.572818683891446
0.28250000000000003,0.036974713982946966,0.03844503911278938,0.039973832740547624,0.0415634199065674,0.0432162181080357,0.04493474097559067,0.046721602096134913,0.048579518987665986,0.05051131723216807,0.052519934772851516,0.05460842638227481,0.05677996830814454,0.05903786310385886,0.06138554465114112,0.06382658338240124,0.06636469171076882,0.06900372967605492,0.07174771081522893,0.07460080826633979,0.07756736111516364,0.08065188099422994,0.08385905894426272,0.08719377254847226,0.0906610933505457,0.09426629456762006,0.09801485910996727,0.10191248791958618,0.1059651086403858,0.11017888463314408,0.11456022434895205,0.11911579107540021,0.12385251307032898,0.12877759409855372,0.13389852438759067,0.13922309201904548,0.14475939477298652,0.15051585244331947,0.15650121964289113,0.16272459911779563,0.16919545559113522,0.1759236301572867,0.18291935524856578,0.1901932701970515,0.19775643741523788,0.20562035922011906,0.2137969953262971,0.2222987810347152,0.23113864614467755,0.24033003461791946,0.24988692502463397,0.2598238518025458,0.2701559273613708,0.28089886506627115,0.2920690031352675,0.3036833294869434,0.3157595075762403,0.32831590325762783,0.3413716127165099,0.3549464915113378,0.36906118477060734,0.38373715859065977,0.39899673268203506,0.41486311431403333,0.43136043360910514,0.44851378024074434,0.4663492415907021,0.48489394242354755,0.5041760861389135,0.5242249976641665,0.5450711680527387,0.5667463008559337,0.589283360338748,0.6127166216130252,0.6370817227641877,0.6624157190508261,0.6887571392595746,0.7161460443009721,0.7446240881354316,0.7742345811219763,0.8050225558860741,0.8370348358067565,0.8703201062271806,0.9049289884969173,0.9409141169585886,0.978330218995938,1.0172341982650526,1.0576852212353456,1.0997448071719014,1.143476921696016,1.1889480740662524,1.2362274183279465,1.285386858484973,1.3365011578537611,1.389648052765842,1.4449083707918482,1.502366153666782,1.5621087851034938,1.62422712368874,1.6888156410639568,1.7559725656008889,1.8258000317905565,1.8984042355728195,1.9738955958426923,2.0523889223790746,2.134003590451313,2.2188637223690835,2.3070983762517243,2.398841742304158,2.4942333468978193,2.5934182647669948,2.696547339643355,2.8037774136641067,2.915271565902748,3.031199360385186,3.151737103968335,3.2770681144734795,3.4073829994821394,3.5428799462184197,3.6837650229587635,3.8302524924274675,3.982565137654561,4.14093460079168,4.3056017354011935,4.476816972754305,4.654840702695302
0.28500000000000003,0.03763202936192177,0.03912849309341461,0.04068446474243535,0.042302310682571086,0.043984491387895064,0.045733565174937485,0.047552192093458345,0.04944313797194043,0.051409278623953024,0.05345360422178546,0.05557922384400059,0.05778937020382542,0.06008740456556895,0.062476821856545545,0.06496125598227634,0.06754448535305442,0.07023043863027724,0.07302320070128558,0.07592701889179669,0.07894630942537918,0.08208566413979267,0.08534985747040792,0.08874385371132791,0.09227281456525117,0.09594210699356182,0.09975731137858367,0.10372423001041135,0.10784889591122675,0.11213758201052088,0.11659681068517355,0.12123336367890215,0.1260542924161638,0.13106692872619657,0.13627889599350995,0.14169812075178287,0.14733284473879973,0.15319163743076045,0.1592834090750265,0.16561742424112091,0.17220331591059546,0.17905110012719075,0.18617119122956868,0.19357441768978637,0.20127203858159856,0.20927576070363132,0.2175977563834723,0.2262506819897533,0.2352476971803767,0.2446024849161628,0.2543292722703535,0.26444285206561874,0.2749586053714758,0.28589252489633177,0.2972612393097296,0.3090820385317815,0.3213729000282574,0.3341525161513142,0.3474403225674496,0.36125652781590933,0.37562214404251026,0.39055901895561246,0.4060898690528413,0.42223831416909546,0.4390289133983814,0.4564872024441001,0.47463973245459834,0.49351411040304066,0.5131390410730144,0.5335443707137215,0.554761132431153,0.5768215933842678,0.5997593038579662,0.6236091482874836,0.6484073983118009,0.6741917679367638,0.7010014708918031,0.7288772802674786,0.7578615905245573,0.7879984819689254,0.8193337877903846,0.8519151637672967,0.8857921607430844,0.9210162999848022,0.9576411515383993,0.9957224156998365,1.0353180077259476,1.0764881459138973,1.1192954431831807,1.1638050022994304,1.210084514884879,1.2582043643660425,1.3082377330151709,1.3602607132482951,1.4143524233491183,1.4705951277947267,1.5290743623661607,1.5898790642340832,1.6531017072173912,1.7188384424204861,1.787189244463087,1.8582580635249497,1.9321529834367894,2.008986386057768,2.088875122189558,2.171940689286966,2.258309416235305,2.3481126554755596,2.4414869827695864,2.5385744049090824,2.639522575684226,2.744485020440525,2.8536213695652544,2.9670976012586827,3.0850862939592667,3.2077668888066797,3.3353259625418867,3.4679575112592915,3.6058632454424466,3.7492528967320933,3.8983445368930525,4.053364909465008,4.214549774601666,4.382144267622674,4.556403271823555,4.73759180611075
0.28750000000000003,0.038295136065821425,0.039817968695014465,0.041401357819229566,0.04304771150946464,0.044759533595330275,0.04653942747295692,0.048390100064326445,0.05031436593404988,0.05231515156985062,0.054395499833265054,0.05655857458732746,0.05880766550827879,0.06114619308861567,0.06357771383909008,0.06610592569756883,0.06873467365298128,0.07146795559290677,0.0743099283836951,0.07726491419236774,0.0803374070599138,0.08353207973597705,0.08685379078532969,0.09030759197693994,0.09389873596687032,0.09763268428669243,0.1015151156495667,0.10555193458661817,0.10974928042674466,0.11411353663351327,0.11865134051334414,0.12336959330974766,0.12827547069896633,0.13337643370298166,0.13868024003648577,0.14419495590507297,0.14992896827259355,0.15589099761632863,0.1620901111893833,0.16853573681046657,0.17523767720203332,0.1822061248985917,0.18945167774784896,0.19698535502827214,0.20481861420757466,0.21296336836761492,0.22143200432220841,0.23023740145540833,0.23939295130890134,0.24891257794831118,0.25881075913938323,0.26910254836625175,0.27980359772528224,0.29093018172930035,0.30249922205841595,0.31452831329507613,0.32703574968249494,0.34004055294714763,0.35356250122764854,0.3676221591540012,0.3822409091229761,0.39744098381717247,0.4132455000172226,0.42967849375856315,0.4467649568862414,0.46453087506334434,0.4830032672908635,0.502210226999093,0.5221809647730544,0.5429458527769288,0.56453647094506,0.5869856550097676,0.6103275464390274,0.6345976443599545,0.6598328595470581,0.6860715705573792,0.7133536820978835,0.741720685713866,0.7712157228906793,0.8018836506647459,0.8337711098436313,0.8669265959389425,0.9014005329199206,0.9372453498998929,0.9745155608722169,1.0132678476169847,1.0535611459045597,1.0954567351270617,1.1390183314941185,1.1843121849345923,1.2314071798516868,1.2803749398846496,1.3312899368363829,1.3842296039326483,1.4392744535851096,1.4965081998372776,1.5560178856796296,1.6178940154274968,1.6822306923630344,1.7491257618506408,1.8186809601434535,1.8910020691072218,1.9661990770969175,2.0443863462306844,2.1256827863155507,2.2102120356894526,2.298102649254533,2.3894882939877093,2.4845079522258984,2.5833061330349802,2.6860330919839854,2.792845059658813,2.903904479262888,3.019380253666211,3.1394480022784936,3.264290328136991,3.394097095615301,3.529065719175448,3.669401463602366,3.815317756177434,3.9670365112658206,4.1247884678112285,4.288813540251388,4.459361183387955,4.636690771765659,4.821071994137785
0.29000000000000004,0.03896403409464597,0.04051346591758902,0.042124511970930284,0.04379962238724811,0.045541344730341334,0.04735232786964901,0.049235326008739255,0.05119320287399434,0.053228936069860865,0.05534562160729033,0.05754647861225545,0.05983485422150467,0.06221422867299906,0.06468822059877476,0.06726059252827872,0.06993525661054943,0.07271628056394355,0.07560789386245755,0.07861449416805295,0.08174065401876747,0.08499112778278316,0.08837085888902807,0.09188498734530841,0.09553885755540317,0.09933802644701195,0.10328827192291641,0.10739560164820672,0.11166626218693959,0.11610674850212133,0.12072381383346377,0.12552447996793684,0.13051604791873653,0.13570610902890898,0.14110255651651812,0.14671359747891585,0.15254776537436818,0.15861393300002405,0.16492132598596157,0.17147953682583278,0.17829853946544874,0.18538870447148956,0.19276081480340684,0.20042608221250885,0.20839616429316635,0.21668318221207006,0.22529973914250562,0.23425893943168052,0.24357440853025153,0.25326031371436486,0.2633313856317233,0.2738029407044449,0.28469090442278994,0.296011835565177,0.3077829513813266,0.3200221537768275,0.33274805653895295,0.345980013645128,0.35973814869710685,0.3740433855256136,0.388917480012005,0.4043830531753402,0.42046362557517936,0.43718365308243673,0.45456856407268537,0.47264479809847726,0.4914398460994978,0.5109822922117047,0.5313018572390336,0.5524294438537886,0.5743971835944593,0.5972384857324335,0.6209880880819322,0.6456821098304383,0.6713581064699594,0.6980551269126726,0.7258137728778166,0.7546762606401346,0.784686485233798,0.8158900872094381,0.8483345220458152,0.8820691323216946,0.9171452227576902,0.9536161382421897,0.9915373449600415,1.0309665147473834,1.071963612800889,1.1145909888748384,1.1589134721047152,1.2049984696015028,1.2529160689666765,1.302739144883769,1.3545434699486099,1.408407829906822,1.4644141434738172,1.5226475869195013,1.5831967236071907,1.6461536386837345,1.7116140791256704,1.7796775993544212,1.8504477126419896,1.9240320485373743,2.0005425165532036,2.0800954763614437,2.1628119147570546,2.248817629658773,2.338243421426767,2.431225291788175,2.5279046506730958,2.628428531275516,2.732949813666276,2.841627457298222,2.9546267427570063,3.072119523125333,3.1942844853428665,3.3213074219592706,3.453381513693723,3.5907076232306108,3.733494600698181,3.881959601294787,4.036328415545776,4.196835812693224,4.363725897740845,4.537252482697037,4.71767947258062,4.905281266776411
0.29250000000000004,0.039638723448395426,0.041214984761138246,0.042853927197537514,0.04455804331592149,0.046329924792928245,0.04817226636501379,0.05008786992669678,0.05207964879177383,0.05415063212398378,0.056303969543861285,0.05854293591878457,0.060870936343503095,0.0632915113187191,0.06580834213559958,0.06842525647440605,0.07114623422575886,0.07397541354338759,0.07691709713757297,0.07997575881885235,0.08315605030194027,0.08646280828021098,0.08990106178150309,0.09347603981643333,0.09719317933084978,0.10105813347452045,0.10507678019863279,0.10925523119517706,0.11359984119181155,0.11811721761634507,0.12281423064553255,0.12769802365346966,0.1327760240754745,0.13805595470397855,0.14354584543360713,0.14925404547331148,0.15518923604412355,0.16136044358184676,0.1677770534647613,0.17444882428721945,0.18138590270084196,0.18859883884588446,0.19609860239624233,0.2038965992424966,0.21200468883837356,0.2204352022369967,0.22920096084436384,0.23831529591856976,0.2477920688444273,0.2576456922143239,0.26789115174737377,0.27854402908019826,0.2896205254639992,0.30113748640396165,0.3131124272784618,0.32556355997703573,0.33850982059763135,0.3519708982452556,0.36596726497582477,0.3805202069307466,0.395651856709597,0.41138522703011543,0.4277442457267116,0.44475379214071625,0.46243973495771334,0.4808289715494989,0.4999494688805014,0.5198303060408759,0.5405017184709522,0.561995143944301,0.5843432703793517,0.6075800855522655,0.6317409287866804,0.6568625446989353,0.6829831390805051,0.7101424370026439,0.7383817432316016,0.7677440050462847,0.7982738775539138,0.8300177916030024,0.8630240243969355,0.8973427729155529,0.933026230256393,0.9701286650116927,1.0087065038018737,1.0488184170910326,1.0905254084149352,1.1338909071572287,1.1789808650149711,1.2258638563001618,1.2746111822298485,1.3252969793634006,1.3779983323518523,1.4327953911708156,1.4897714930152413,1.5490132890413986,1.6106108761488436,1.674657934002798,1.7412518675052993,1.810493954931828,1.882489501958695,1.9573480018154075,2.035183301805649,2.116113776450045,2.2002625075140707,2.287757471194928,2.3787317327520086,2.4733236488769568,2.5716770781111786,2.6739415996306883,2.780272740731099,2.8908322133587525,3.0057881600476124,3.125315409636051,3.249595743152386,3.3788181702735183,3.513179216777154,3.6528832234247806,3.7981426567298904,3.9491784320841523,4.1062202497329165,4.269506944110995,4.439286847070038,4.615818165549922,4.79936937426844,4.990219624026628
0.29500000000000004,0.040319204127069755,0.04192252522566212,0.04358960349905122,0.04532297429548474,0.04712527378309102,0.048999242959051205,0.050947731818198984,0.05297370368738831,0.05508023973221929,0.0572705436429779,0.059547946506914765,0.061915911874274004,0.06437804102577578,0.0669380784495645,0.06959991753595074,0.07236760649860954,0.07524535453123884,0.07823753820904127,0.08134870814476587,0.08458359590943211,0.08794712122826046,0.09144439946275468,0.09508074939031468,0.09886170129321001,0.1027930053692178,0.10688064047671583,0.11113082322752905,0.1155500174413605,0.12014494397618442,0.12492259094955037,0.12989022436634606,0.13505539916918013,0.1404259707281903,0.1460101067877526,0.15181629988825981,0.15785338028185958,0.16413052936179662,0.17065729362578244,0.1774435991946266,0.18449976690821263,0.19183652802177623,0.1994650405263553,0.20739690611823525,0.2156441878431962,0.22421942844239479,0.233135669427783,0.24240647091607603,0.2520459322514285,0.26206871344818794,0.2724900574863344,0.28332581349351155,0.29459246084890967,0.30630713424565437,0.3184876497498211,0.3311525318957006,0.3443210418585301,0.35801320674752996,0.37224985006380173,0.38705262336939994,0.40244403921575206,0.418447505381498,0.4350873604718191,0.4523889109334014,0.47037846954132523,0.4890833954164089,0.508532135633874,0.5287542684866064,0.5497805484688099,0.5716429530484656,0.5943747312997364,0.6180104544692632,0.6425860685532718,0.6681389489654448,0.6947079573786946,0.7223335008272931,0.7510575931592386,0.7809239189323154,0.8119778998510259,0.8442667638454383,0.8778396168969923,0.912747517720517,0.9490435554160285,0.9867829302084015,1.0260230373977126,1.0668235546479319,1.1092465327466985,1.153356489974231,1.1992205102248854,1.2469083450305682,1.2964925196412014,1.3480484433235436,1.4016545240461091,1.457392287724628,1.5153465022093815,1.575605306202968,1.6382603433045875,1.7034069013846853,1.7711440575019204,1.8415748285828597,1.914806328093569,1.9909499289413202,2.070121432854252,2.152441246496488,2.238034564586596,2.327031560297917,2.4195675832302546,2.5157833652540544,2.6158252345401443,2.7198453381004972,2.8280018731784513,2.9404593278404025,3.0573887311347026,3.178967913198361,3.3053817757070507,3.4368225730797333,3.5734902048655917,3.7155925197579545,3.8633456316974932,4.0169742485455275,4.1767120138272436,4.342801862064541,4.515496388238967,4.695058231946607,4.881760476829115,5.075887065888432
0.29750000000000004,0.04100547613066897,0.042636087311160656,0.04433154087547145,0.0460944153259379,0.04792739170082963,0.049833257651761276,0.05181491168324589,0.05387536756083783,0.05601775889456746,0.05824534390464018,0.06056151037664606,0.06296978081381745,0.06547381779416912,0.06807742954066953,0.07078457571291283,0.07359937342910153,0.07652610352749735,0.07956921707686249,0.08273334214579353,0.08602329084124302,0.08944406662693163,0.09300087193278289,0.09669911606695246,0.10054442344248395,0.10454264213110406,0.10869985275716552,0.11302237774526275,0.11751679093558647,0.12218992758163941,0.12704889474551728,0.1321010821065661,0.13735417319985346,0.1428161571015443,0.14849534057895464,0.1544003607237609,0.16054019808757633,0.16692419033987368,0.1735620464690251,0.18046386154805424,0.18764013208756092,0.19510177199916498,0.20286012919374585,0.21092700283972485,0.2193146613076344,0.2280358608282643,0.23710386489276322,0.24653246442419943,0.25633599875125535,0.2665293774159573,0.27712810284860534,0.288148293944385,0.2996067105775215,0.311520779090255,0.3239086187954047,0.3367890695328222,0.3501817203216492,0.3641069391519514,0.37858590396103825,0.3936406348415736,0.4092940275304699,0.42556988822948805,0.44249296981050196,0.4600890094604924,0.47838476782352085,0.49740806969920753,0.5171878463596156,0.5377541795488965,0.5591383472326067,0.5813728711662826,0.6044915663556137,0.6285295924834268,0.6535235073817064,0.679511322629967,0.7065325613645286,0.7346283183866198,0.7638413226607281,0.7942160022982273,0.8257985521251346,0.8586370039367458,0.892781299545986,0.9282833667365871,0.9651971982365971,1.0035789338323162,1.0434869457475586,1.0849819274180812,1.128126985796179,1.1729877373258464,1.2196324077344585,1.2681319357927228,1.3185600812007365,1.3709935367641983,1.4255120450313807,1.4821985195682599,1.541139171056237,1.6024236384042108,1.6661451250744221,1.7324005408293972,1.8012906491155338,1.8729202203075177,1.947398191046612,2.024837829915113,2.105356909699013,2.1890778865007734,2.2761280859746322,2.366639896967738,2.4607509728615073,2.558604440919466,2.6603491199599962,2.7661397466849413,2.8761372110083343,2.990508800743172,3.10942845601828,3.2330770338122656,3.3616425830068613,3.4953206303779147,3.634314477959038,3.7788355122301343,3.929103525600991,4.085347050678915,4.247803707828754,4.4167205665538605,4.592354521247629,4.774972681887094,4.964852780262646,5.162283592361828
0.30000000000000004,0.04169753945919307,0.0433556710176339,0.045079739326798166,0.046872366407280965,0.04873627854614411,0.05067431044314401,0.05268940952183749,0.05478464041212235,0.05696318961102829,0.05922837032884814,0.06158362752797849,0.06403254316213342,0.0665788416238991,0.06922639540891472,0.07197923100529233,0.07484153501723481,0.07781766053216312,0.08091213374103662,0.08412966082193539,0.08747513509737305,0.09095364447622453,0.09457047919158769,0.09833113984634667,0.10224134577867162,0.10630704376017926,0.11053441703998189,0.11492989474837818,0.11950016167448944,0.1242521684327101,0.12919314203343327,0.13433059687412977,0.13967234616749452,0.14522651382404053,0.15100154680721323,0.15700622797981478,0.1632496894612739,0.16974142651607804,0.17649131199448917,0.18350961134750235,0.1908069982388869,0.19839457077805064,0.20628386839841398,0.21448688940696545,0.2230161092316881,0.23188449939460534,0.24110554723930444,0.25069327644293987,0.26066226834390765,0.27102768411763184,0.2818052878341866,0.2930114704328186,0.3046632746498347,0.31677842093776365,0.32937533441521283,0.34247317288840046,0.3560918559869887,0.37025209545851995,0.38497542666753404,0.40028424134726787,0.41620182165375097,0.4327523755740857,0.4499610737427603,0.46785408772198933,0.48645862980430066,0.5058029943978948,0.5259166010577265,0.5468300392277458,0.5685751147623427,0.5911848982977523,0.6146937755469838,0.6391374995947565,0.6645532452719843,0.6909796656925024,0.7184569510380064,0.7470268896806246,0.7767329317360697,0.8076202551440202,0.8397358343762404,0.8731285118769254,0.9078490723439161,0.9439503199637634,0.9814871587180989,1.0205166758834372,1.0610982288514117,1.1032935354014806,1.1471667675633768,1.1927846492120744,1.2402165575436903,1.289534628586626,1.340813866908453,1.3941322596853651,1.449570895307668,1.507214086701712,1.567149499555809,1.6294682856451257,1.694265221458349,1.761638852336934,1.8316916423461398,1.9045301301058017,1.9802650908178245,2.0590117047367857,2.1408897323399327,2.2260236964629003,2.31454307167818,2.4065824812043943,2.5022819016457674,2.601786875873196,2.7052487343707323,2.8128248253840233,2.924678754220748,3.040980632067062,3.161907334698342,3.287642771477764,3.4183781650518195,3.5543123421680654,3.6956520360574916,3.8426122008413195,3.995416338440384,4.154296838484313,4.3194953317374525,4.491263057578955,4.669861246096028,4.855561515371384,5.048646284569036,5.249409203446813
0.30250000000000005,0.04239539411264208,0.044081276345081806,0.04583419885303139,0.047656827539513946,0.04955193431903445,0.05152240133319942,0.05357122533397381,0.05570152224124192,0.05791653188160175,0.06021962291560179,0.06261429796091203,0.06510419891922191,0.06769311251496578,0.07038497605430004,0.07318388341308926,0.07609409126300938,0.07912002554523616,0.0822662882015637,0.0855376641731914,0.08893912867782214,0.09247585477613914,0.09615322123916915,0.09997682072849738,0.10395246830177302,0.10808621025644342,0.11238433332516495,0.1168533742368754,0.12150012965806947,0.12633166652939645,0.1313553328132984,0.13657876866903712,0.1420099180721033,0.147657040895679,0.1535287254725284,0.15963390165642147,0.16598185440295218,0.17258223789040966,0.17944509020217478,0.18658084859297103,0.1940003653621905,0.2017149243584333,0.20973625814035968,0.21807656581995707,0.22674853161535735,0.23576534414141784,0.2451407164674068,0.2548889069722975,0.2650247410293856,0.27556363355321173,0.2865216124430783,0.2979153429588124,0.30976215306584937,0.32208005978818055,0.3348877966092452,0.34820484196243556,0.36205144885454893,0.37644867566723544,0.3914184181832895,0.40698344288648264,0.42316742158559506,0.439994967415291,0.4574916722685941,0.47568414571789214,0.49460005548366426,0.5142681695124708,0.5347183997282067,0.5559818475231547,0.5780908510580182,0.6010790344428745,0.6249813588738468,0.6498341758032522,0.675675282224106,0.7025439781530505,0.7304811263991289,0.7595292147093075,0.7897324203852637,0.8211366774696948,0.853789746604343,0.8877412876659767,0.9230429352907832,0.9597483774020461,0.9979134368605338,1.0375961563617642,1.0788568867092725,1.1217583785981307,1.1663658780482917,1.2127472256329155,1.2609729596525816,1.3111164234122774,1.3632538767643514,1.417464612087044,1.4738310748749701,1.5324389891249839,1.5933774877080975,1.656739247925715,1.722620632456368,1.7911218359072953,1.8623470371937385,1.9364045579777112,2.0134070274072067,2.0934715534063395,2.176719900777011,2.2632786763828703,2.3532795216972384,2.4468593130078853,2.5441603695830337,2.64533067011524,2.7505240777723543,2.8599005741977432,2.9736265028156925,3.091874821812074,3.2148253671748916,3.3426651261948583,3.475588521841923,3.6137977084501847,3.757502879160955,3.906922585591512,4.062284070215671,4.223823611961726,4.391786885553338,4.566429335139826,4.748016562784165,4.936824732399473,5.133140989748281,5.337263899143389
0.30500000000000005,0.04309904009101596,0.04481290329350438,0.04659491945417111,0.04844779872263681,0.05037435901950062,0.052377530321927455,0.054460359119654814,0.05662601304819647,0.05887778570628784,0.0612191016649011,0.06365352167544666,0.06618474808508289,0.06881663046736905,0.07155317147682547,0.07439853293630355,0.07735704216642521,0.08043319856671641,0.0836316804584437,0.08695735219956156,0.09041527158259031,0.0940106975266754,0.09774909807552717,0.10163615871340446,0.1056777910117881,0.10988014161989643,0.11424960161271462,0.11879281621075424,0.12351669488632645,0.12842842187169842,0.13353546708511257,0.13884559749128805,0.14436688891367974,0.15010773831645968,0.15607687657490013,0.16228338175358079,0.16873669291261112,0.17544662446286843,0.18242338109208173,0.18967757328446008,0.1972202334574717,0.20506283274031292,0.2132172984195829,0.22169603207869962,0.2305119284586421,0.23967839506870178,0.24920937257706996,0.2591193560122721,0.26942341680768905,0.2801372257226967,0.29127707667528013,0.30285991152236613,0.3149033458255653,0.3274256956415052,0.34044600537750197,0.3539840767549273,0.3680604989243292,0.382696679778098,0.397914878508304,0.41373823945921767,0.4301908273260021,0.4472976637531036,0.4650847653880031,0.48357918344820067,0.5028090448616117,0.5228035950429352,0.5435932423710558,0.5652096044351228,0.5876855561196327,0.6110552796016488,0.635354316336202,0.6606196211089136,0.6868896182380706,0.7142042600116114,0.742605087447895,0.7721352934726678,0.80283978860831,0.8347652692752501,0.867960288809442,0.9024753313038997,0.9383628883865868,0.9756775390514345,1.0144760326639015,1.0548173752672971,1.09676291932114,1.1403764570080306,1.1857243172509238,1.2328754665883694,1.2819016140611312,1.3328773202696764,1.3858801107684313,1.4409905939692347,1.498292583733287,1.557873226838075,1.6198231355131014,1.6842365252459766,1.7512113580684772,1.8208494915404811,1.893256833658329,1.9685435039232464,2.0468240008147567,2.1282173759237724,2.212847415010247,2.3008428262606815,2.392337436031808,2.4874703923782087,2.5863863766733064,2.6892358236456,2.7961751501648604,2.9073669931260984,3.0229804567931677,3.1431913699782053,3.268182553447926,3.3981440979635447,3.5332736533771723,3.6737767292242696,3.8198670072694245,3.971766666480709,4.129706720926852,4.293927371111148,4.464678369276406,4.6422193992364695,4.826820471312034,5.018762332971365,5.218336895800384,5.425847679451553
0.30750000000000005,0.04380847739431473,0.04555055186290161,0.04736190113021732,0.04924527995664957,0.05120355264754266,0.053239697409328185,0.05535681087888052,0.05755811283298605,0.059846951085086586,0.062226806576746084,0.06470129867158239,0.0672741906597164,0.069949395481109,0.07273098167649103,0.07562317957493526,0.07863038772748232,0.0817571795966039,0.08500831051167661,0.08838872490104586,0.09190356381167754,0.0955581727278334,0.09935810970066183,0.10330915380106798,0.1074173139087169,0.11168883785053836,0.11613022190263098,0.12074822067001485,0.12554985735926047,0.13054243445961605,0.13573354484887584,0.1411310833408826,0.14674325869222393,0.1525786060863826,0.1586460001143284,0.16495466827129293,0.17151420499025086,0.17833458623345455,0.18542618466421018,0.19279978542196965,0.2004666025247305,0.20843829592368948,0.21672698923608372,0.22534528818319308,0.2343062997615423,0.2436236521764572,0.25331151556829423,0.26338462356286374,0.273858295678818,0.28474846062608694,0.2960716805307923,0.30784517612348,0.3200868529289826,0.332815328497738,0.3460499607199829,0.35981087726587574,0.3741190061963301,0.38899610779110744,0.404464807642578,0.42054863106547336,0.43727203887497207,0.4546604645875239,0.4727403531009875,0.49153920091291503,0.5110855979381432,0.5314092709892883,0.5525411289862739,0.5745133099636506,0.5973592299471864,0.621113633774076,0.6458126479340499,0.671493835511741,0.6981962533138787,0.7259605112681852,0.7548288341843056,0.7848451259707062,0.8160550364052083,0.8485060305606865,0.8822474609915376,0.9173306427906948,0.953808931631327,0.991737804911929,1.0311749461282027,1.0721803326000363,1.1148163266870146,1.1591477706311808,1.2052420851712726,1.253169372078436,1.3030025207693399,1.354817319158824,1.4086925689206933,1.464710205331937,1.522955421882619,1.583516799840986,1.6464864429708221,1.7119601176059107,1.7800373982946782,1.8508218192364914,1.9244210317399126,2.0009469679424075,2.0805160110404772,2.1632491722890856,2.2492722750396417,2.3387161460963344,2.4317168146818875,2.5284157193153667,2.628959922916584,2.733502336464276,2.8422019515482506,2.95522408216909,3.0727406161531734,3.1949302765654575,3.321978893517446,3.454079686783826,3.5914335596575673,3.734249404490324,3.882744420382902,4.037144443508911,4.197684290573928,4.364608115932583,4.538169782906662,4.71863324986889,4.906272971679641,5.10137431708706,5.304234002725343,5.515160544371309
0.31000000000000005,0.044523706022538405,0.04629422205327355,0.04813514388117004,0.05004927124155224,0.05203951520316056,0.054108902595401555,0.05626058061165093,0.05849782159561067,0.06082402801799799,0.06324273765113676,0.06575762894931926,0.06837252664312246,0.07109140755618562,0.07391840665329674,0.0768578233289844,0.07991412794618075,0.08309196863489865,0.08639617836126247,0.08983178227764436,0.09340400536508389,0.09711828037961313,0.10098025611457312,0.10499580599148799,0.10917103699255941,0.11351229894836923,0.11802619419491402,0.12271958761465719,0.12759961707687154,0.13267370429314937,0.13794956610458825,0.14343522621782084,0.14913902740773582,0.15506964420544778,0.1612360960908133,0.16764776120955782,0.1743143906358714,0.18124612320216782,0.18845350091856014,0.1959474850054998,0.20373947256396707,0.211841313908563,0.22026533058986209,0.22902433413343762,0.2381316455240581,0.24760111546468416,0.2574471454410796,0.2676847096240726,0.2783293776427726,0.28939733826338254,0.30090542400961495,0.3128711367621541,0.32531267437610134,0.3382489583568789,0.35169966263668845,0.365685243495281,0.38022697067055145,0.39534695970626405,0.41106820558611146,0.4274146177052495,0.44441105623250526,0.46208336991855165,0.4804584354075474,0.4995641981120354,0.5194297147132588,0.54008519735153,0.5615620595738614,0.5838929641087376,0.6071118725406794,0.6312540969601556,0.6563563536673908,0.6824568190117346,0.7095951874515303,0.7378127319227721,0.7671523666083606,0.7976587122034225,0.8293781637759593,0.8623589613260042,0.8966512631506302,0.9323072221263616,0.9693810650250041,1.00792917498353,1.048010177253437,1.0896850283599815,1.1330171088068965,1.1780723194675815,1.2249191818093392,1.2736289421031153,1.3242756797772077,1.3769364200797198,1.4316912512211373,1.4886234461751513,1.547819589322966,1.6093697081337168,1.6733674100812588,1.7399100250055184,1.809098753134971,1.8810388189953262,1.9558396314384894,2.0336149500351954,2.1144830580843665,2.19856694250228,2.2859944808651953,2.3768986358898303,2.4714176576474793,2.56969529381936,2.67188100831287,2.7781302085712687,2.8886044819225276,3.003471841326719,3.122906980895711,3.24709154157383,3.376214387383453,3.5104718926557017,3.6500682406831095,3.7952157342483464,3.9461351185013895,4.103055916676121,4.266216779156899,4.435865846426029,4.612261126444103,4.795670887037085,4.9863740638869825,5.1846606847465555,5.390832310523161,5.605202493902654
0.3125,0.04524472597568692,0.04704391386462011,0.048914647707029246,0.05085977257734479,0.052882246686354266,0.05498514588014757,0.05717166831796601,0.059445139336070256,0.061809016505022,0.06426689488807306,0.0668225125086572,0.069479756035301,0.07224266669259886,0.07511544640724252,0.07810246419845086,0.0812082628225204,0.0844375656816006,0.08779528400720119,0.09128652432935695,0.09491659624280928,0.09869102048201447,0.10261553731726095,0.10669611528466437,0.11093896026331557,0.11535052491338894,0.11993751848956366,0.12470691704468118,0.12966597403915953,0.13482223137229826,0.14018353085224963,0.1457580261221026,0.15155419506021534,0.15758085267365507,0.16384716450435463,0.17036266056837535,0.17713724984947252,0.18418123536900827,0.1915053298551314,0.19912067203505027,0.20703884357518107,0.21527188669493338,0.22383232248091792,0.23273316992943296,0.24198796574618933,0.25161078493338246,0.2616162621954258,0.27201961419589826,0.28283666269955254,0.2940838586345831,0.30577830711174764,0.3179377934383881,0.3305808101669213,0.3437265852189276,0.357395111127618,0.37160717544314276,0.38638439234699296,0.4017492355235675,0.4177250723389041,0.43433619937854584,0.45160787939860125,0.4695663797461867,0.48823901230768246,0.5076541750455613,0.5278413951869579,0.5488313741296601,0.5706560341338178,0.5933485668703838,0.6169434839001114,0.6414766691598872,0.6669854335362235,0.6935085716088937,0.7210864206510247,0.7497609219753714,0.7795756847200591,0.8105760521708165,0.8428091707205617,0.8763240615712028,0.9111716952867189,0.9474050693108997,0.9850792885676173,1.0242516492662361,1.0649817260396037,1.1073314625471322,1.1513652656807851,1.1971501035172314,1.2447556071651222,1.2942541766624072,1.3457210910847335,1.399234623032363,1.4548761576697622,1.5127303164988768,1.5728850860543273,1.6354319517162672,1.7004660368444107,1.7680862474447983,1.8383954225893544,1.911500490816985,1.9875126327540573,2.066547450201607,2.1487251419464237,2.234170686563352,2.3230140324869057,2.4153902956411675,2.5114399649285803,2.611309115890185,2.7151496328621607,2.823119439966575,2.9353827412876865,3.052110270598984,3.173479551020777,3.2996751650033227,3.430889035045944,3.567320715579171,3.7091776964537964,3.8566757184983347,4.010039101624882,4.169501085982334,4.335304186675762,4.507700562591486,4.686952399888729,4.873332310741053,5.067123747934058,5.26862143594985,5.478131819193831,5.695973528045586
0.31500000000000006,0.04597153725376038,0.04779962729694138,0.049700412607794967,0.05167678396402727,0.053731747097123875,0.05586842726356628,0.05809007399782584,0.0604000660543649,0.06280191654615867,0.0652992782875551,0.06789594934959628,0.07059587883625208,0.07340317289034878,0.07632210093832847,0.07935710218333479,0.08251279235650139,0.08579397073670984,0.08920562744949288,0.09275295105618377,0.09644133644485377,0.10027639303503756,0.10426395330872545,0.10841008168059721,0.1127210837209855,0.11720351574559763,0.12186419478658003,0.12671020896008697,0.1317489282461246,0.13698801569706287,0.1424354390918602,0.14809948305372808,0.1539887616496627,0.1601122314910047,0.1664792053549526,0.1730993663477458,0.17998278263105444,0.18713992273397606,0.1945816714739243,0.2023193465106214,0.21036471555837283,0.21873001428280084,0.2274279649092514,0.2364717955711794,0.24587526042793614,0.2556526605825523,0.2658188658313332,0.27638933727834125,0.2873801508491582,0.2988080217396891,0.3106903298371908,0.32304514615218244,0.3358912603014428,0.34924820908388454,0.36313630619277204,0.3775766731094615,0.3925912712256552,0.40820293524301815,0.42443540790095635,0.44131337608536286,0.4588625083732604,0.4771094940704297,0.49608208380139324,0.5158091317134933,0.5363206393592415,0.5576478013236792,0.5798230526661435,0.6028801182485898,0.6268540640254828,0.6517813503732719,0.6776998875405498,0.704649093303219,0.7326699529123629,0.7618050814259838,0.7920987885194022,0.8235971458728886,0.856348057239017,0.8904013312962825,0.925808757399805,0.9626241843443102,1.0009036022591677,1.040705227760049,1.0820895924867042,1.1251196351614894,1.1698607973086816,1.2163811227801327,1.264751361238623,1.3150450757563121,1.3673387546919191,1.421711928016755,1.4782472882665694,1.5370308163031152,1.598151912076704,1.6617035305886374,1.7277823232602796,1.7964887849237516,1.86792740665783,1.9422068347014694,2.019440035686619,2.099744468441646,2.183242262626652,2.2700604044723067,2.3603309299047757,2.4541911253503477,2.5517837365251936,2.653257185527845,2.7587657965644587,2.8684700306501982,2.9825367296437326,3.1011393699858867,3.2244583265283753,3.3526811468539366,3.4860028365049223,3.624626155554235,3.76876192696963,3.9186293572402926,4.074456369753385,4.236479951427555,4.404946513130523,4.580112264428955,4.762243603240542,4.951617520980799,5.14852202382087,5.35325657069695,5.566132528737361,5.787473646800112
0.3175,0.04670413985675869,0.04856136235023731,0.050492438583467185,0.05250030540159963,0.05458801643546933,0.056758746745657625,0.05901579765123034,0.06136260175049456,0.063802728141408,0.06633988784958275,0.06897793947213646,0.07172089504597567,0.07457292614943532,0.07753837024655455,0.08062173728363611,0.08382771654812363,0.08716118380022632,0.09062720868813749,0.09423106245812471,0.09797822597121734,0.10187439803868231,0.10592550408896653,0.1101377051792865,0.11451740736556908,0.11907127144499524,0.12380622308596304,0.12872946336087446,0.1338484796977667,0.1391710572674431,0.14470529082341982,0.15045959701269715,0.15644272717607768,0.16266378065749654,0.16913221864260705,0.17585787854766893,0.1828509889806171,0.19012218529707106,0.19768252577493858,0.2055435084322129,0.21371708851354215,0.22221569667216523,0.23105225787486244,0.2402402110586768,0.24979352956929846,0.2597267424121937,0.27005495634880144,0.28079387887140117,0.29195984209158937,0.30356982757870027,0.3156414921859442,0.32819319490353693,0.3412440247796656,0.35481382995174937,0.36892324783215047,0.38359373649423684,0.3988476073065376,0.41470805886461576,0.43119921227226793,0.44834614782570015,0.46617494315648256,0.48471271289127976,0.5039876498886793,0.5240290681158309,0.5448674472301086,0.5665344789335867,0.5890631151708382,0.6124876182433551,0.6368436129167934,0.6621681406003087,0.6884997156803683,0.7158783840947102,0.7443457842355442,0.7739452102746092,0.8047216780063893,0.8367219933096385,0.8699948233313243,0.9045907705012434,0.9405624494898878,0.9779645672265923,1.0168540060996545,1.057289910464968,1.0993337765947373,1.1430495462030528,1.1885037036905848,1.2357653772562833,1.2849064440298406,1.33600163938483,1.3891286705987629,1.4443683350328953,1.5018046430115584,1.5615249455878648,1.6236200673900953,1.688184444750827,1.7553162693288644,1.8251176374423779,1.8976947053403967,1.973157850648778,2.051621840236172,2.1332060047553103,2.2180344201250484,2.3062360962291404,2.3979451731188033,2.4933011250173696,2.5924489724373165,2.6955395027323386,2.8027294994197627,2.9141819806221374,3.0300664469906624,3.150559139487425,3.275843307418503,3.4061094871256703,3.541555791760386,3.682388212580893,3.82882093223061,3.9810766504742174,4.139386922886895,4.3039925130117815,4.475143758521177,4.653100951938438,4.838134736499541,5.030526517756318,5.23056889154742,5.43856608898785,5.654834439153749,5.879702850166225
0.32000000000000006,0.047442533784681905,0.049329119024507914,0.051290725634045915,0.053330336890061905,0.05545105470139064,0.05765610432642164,0.059948839278179546,0.062332746424459226,0.06481145129076997,0.06738872357415614,0.07006848287627776,0.07285480466447179,0.07575192646985855,0.07876425433192075,0.08189636949935485,0.08515303539738718,0.08853920487215007,0.09206002772313501,0.09572085853517982,0.09952726482190002,0.10348503549294882,0.10760018965798425,0.11187898578073224,0.1163279311970664,0.12095379201158177,0.12576360338771272,0.13076468024704369,0.13596462839408577,0.14137135608343906,0.14699308604692857,0.1528383679990099,0.15891609163946044,0.16523550017313057,0.1718062043673182,0.17863819716814486,0.18574186889816055,0.1931280230582933,0.20080789275817437,0.20879315779982494,0.2170959624406891,0.2257289338630266,0.234705201377751,0.2440384163919252,0.2537427731702763,0.26383303042230655,0.2743245337478309,0.2852332389750783,0.29657573642684615,0.30836927615161674,0.32063179415800797,0.33338193969245145,0.3466391036015898,0.36042344782252234,0.3747559360457532,0.3896583655974691,0.40515340058964067,0.4212646063883605,0.4380164854528388,0.4554345145995582,0.4735451837482678,0.4923760362087376,0.5119557105695407,0.5323139842525747,0.55348181879956,0.5754914069593827,0.5983762216479023,0.6221710668546798,0.6469121305740435,0.6726370398409983,0.6993849179556796,0.7271964439833675,0.7561139146205692,0.7861813085212473,0.8174443531810208,0.8499505944810664,0.883749468997484,0.9188923791860856,0.9554327715569669,0.9934262179577463,1.032930500089078,1.0740056973809933,1.1167142783637038,1.161121195671822,1.2072939848264956,1.2553028669456847,1.3052208555387759,1.3571238675479607,1.4110908388052659,1.4672038440807835,1.5255482219047292,1.586212704353127,1.6492895519945026,1.7148746942028372,1.7830678750501652,1.8539728050006774,1.9276973186370554,2.004353538658912,2.0840580464027187,2.166932059142601,2.253101614441614,2.342697761833855,2.4358567621289904,2.5327202946422336,2.633435672664952,2.7381560675036667,2.8470407414280734,2.960255289882392,3.077971893328479,3.2003695791036013,3.3276344936911633,3.4599601858185256,3.597547900812337,3.7406068866591458,3.8893547122367367,4.044017598200112,4.204830761025414,4.3720387707350135,4.545895922847725,4.726666625119931,4.914625799665726,5.110059301067612,5.313264351113705,5.524549990822553,5.744237550442991,5.972661138143931
0.3225,0.048186719037529996,0.05010289731975317,0.05209527375953112,0.05416687842941406,0.05632086189488778,0.05856050000585828,0.06088919887867343,0.0633105000762589,0.06582808599424454,0.06844578546127514,0.07116757956202013,0.07399760769174041,0.07694017385161842,0.07999975319442704,0.08318099883049095,0.08648874890429196,0.089928033952481,0.09350408455448543,0.09722233928734905,0.1010884529969017,0.10510830539783696,0.10928801001577851,0.11363392348493437,0.11815265521547738,0.12285107744535714,0.12773633569182902,0.13281585961859452,0.13809737433508185,0.14358891214505054,0.14929882476238632,0.1552357960126662,0.1614088550398108,0.16782739003790678,0.17450116252908576,0.18144032220917344,0.18865542238368457,0.19615743601764266,0.2039577724236315,0.21206829461345736,0.22050133733981364,0.22926972585538474,0.23838679541791713,0.2478664115709244,0.2577229912308695,0.2679715246128907,0.2786275980284212,0.2897074175893724,0.30122783385492824,0.3132063674584382,0.32566123575338185,0.33861138051892586,0.3520764967672152,0.3660770626962031,0.38063437083358026,0.3957705604191577,0.41150865107496387,0.42787257781425203,0.44488722744266895,0.46257847640693633,0.4809732301486158,0.5000994640228028,0.5199862658439773,0.5406638801237239,0.5621637540675947,0.584518585401067,0.6077623720973351,0.6319304640825637,0.6570596169972323,0.68318804809534,0.710355494366483,0.7386032729691903,0.7679743440674368,0.7985133761658979,0.8302668140432962,0.8632829493871716,0.8976119942374954,0.9333061573508085,0.9704197236010427,1.0090091365377718,1.0491330842274382,1.0908525885081237,1.134231097793603,1.1793345835677969,1.2262316407164127,1.2749935918483357,1.325694595765427,1.3784117602457033,1.4332252593114272,1.4902184551604192,1.5494780249460804,1.6110940925989,1.675160365889924,1.7417742789446653,1.8110371404241812,1.883054287598649,1.9579352465478046,2.035793898731869,2.116748654186257,2.2009226316035164,2.288443845576348,2.3794454012864477,2.4740656969353343,2.572448634224939,2.674743837208096,2.7811068798418277,2.891699522589389,3.0066899584309605,3.126253068657177,3.250570688834412,3.379831885346352,3.5142332429324985,3.6539791636607712,3.7992821777889905,3.9503632669880075,4.10745220041797,4.270787884168938,4.44061872459725,4.617203006110167,4.800809283973435,4.991716792739093,5.190215870914678,5.396608402519723,5.611208276201053,5.83434186260509,6.0663485107332225
0.32500000000000007,0.04893669561530299,0.05088269723597313,0.05290608295992285,0.05500993001965615,0.05719743801596081,0.05947193378396763,0.06183687645271207,0.06429586270589362,0.06685263225183183,0.06951107351093985,0.07227522952936365,0.07514930412778159,0.07813766829471494,0.08124486683407355,0.0844756252770445,0.08783485706883809,0.09132767104121925,0.09495937918218884,0.09873550471463252,0.10266179049622255,0.10674420775334688,0.11098896516234949,0.11540251829189303,0.11999157942080216,0.12476312774632153,0.1297244199983121,0.1348830014755272,0.140246717520755,0.14582372545227784,0.15162250696979326,0.15765188105366623,0.16392101737712897,0.1704394502518254,0.17721709312791,0.1842642536707549,0.19159164943718954,0.19921042417511947,0.20713216477131025,0.21536891887311044,0.22393321321091592,0.23283807264924009,0.24209703999536092,0.2517241965956748,0.2617341837510785,0.2721422249839466,0.2829641491905726,0.2942164147142836,0.3059161343758362,0.3180811014991652,0.3307298169720663,0.3438815173829608,0.3575562042765423,0.37177467457279223,0.38655855219563173,0.4019303209593035,0.4179133587625077,0.4345319731422908,0.45181143824175884,0.4697780332478354,0.4884590823575272,0.5078829963334757,0.5280793157119896,0.5490787557292792,0.570913253034214,0.5936160142586406,0.6172215665191376,0.6417658099270074,0.6672860721863607,0.6938211653633344,0.72141144491278,0.7500988710521796,0.7799270725761488,0.810941413208562,0.8431890605932161,0.8767190580279556,0.9115823990513598,0.9478321049954129,0.9855233056221158,1.0247133229666696,1.0654617585147352,1.1078305838463616,1.1518842348844356,1.1976897098909787,1.2453166713603379,1.2948375519642379,1.3463276647097966,1.39986531747806,1.4555319321172482,1.5134121682718047,1.5735940521356153,1.636169110325186,1.7012325090763607,1.768883198976315,1.8392240654509153,1.9123620852362944,1.9884084890726466,2.0674789308676518,2.149693663586789,2.235177722138059,2.324061113529253,2.4164790145869226,2.5125719775378377,2.6124861437654876,2.716373466066753,2.8243919397468247,2.936705842903714,3.053485986267848,3.1749099729767636,3.301162468679862,3.4324354823840726,3.5689286584675957,3.7108495803056942,3.858414085970433,4.011846596484427,4.1713804571278,4.3372582923174745,4.509732374598494,4.689065008308507,4.8755289284989525,5.069407715719651,5.270996227297525,5.4806010457654795,5.698540945123361,5.92514737564005,6.160764967934108
0.3275,0.049692463518000864,0.05166851877316773,0.053723153235221054,0.0558594916607881,0.05808078306460964,0.0603904056607496,0.06279187200029535,0.0652888343133633,0.06788509006353168,0.0705845877231502,0.07339143277830823,0.07630989397259523,0.07934440979914807,0.08249959525086009,0.08578024883901537,0.08919135989102545,0.09273811613836463,0.09642591160624507,0.10026035481703006,0.10424727731986237,0.1083927425594784,0.11270305509769697,0.117184770201608,0.12184470381304054,0.12668994291447475,0.13172785630716174,0.13696610581784152,0.14241265795110508,0.14807579600512066,0.15396413266914918,0.16008662312200977,0.16645257865141477,0.17307168081488605,0.1799539961637907,0.18710999155288896,0.19455055005867505,0.20228698753072327,0.2103310698012103,0.21869503057878387,0.22739159005399565,0.23643397424459214,0.24583593511008206,0.255611771466176,0.2657763507309028,0.2763451315354737,0.28733418723428494,0.29876023034981186,0.31064063798956937,0.3229934782737972,0.3358375378140609,0.3491923502845555,0.3630782261295703,0.37751628345228905,0.3925284801319074,0.4081376472179056,0.4243675236522718,0.44124279237247627,0.4587891178501077,0.4770331851222544,0.49600274037500136,0.515726633140756,0.5362348601735769,0.5575586110692401,0.5797303156994167,0.6027836935321023,0.6267538049133085,0.6516771043880102,0.677591496141428,0.7045363916449807,0.7325527695945688,0.7616832382323343,0.7919721001467029,0.8234654196492384,0.8562110928307797,0.8902589204034166,0.9256606834390758,0.9624702221198981,1.0007435176201847,1.0405387772444383,1.0819165229509684,1.1249396833957042,1.169673689636201,1.2161865746413656,1.2645490767582692,1.3148347472933894,1.3671200623718827,1.4214845392450284,1.478010857222727,1.5367849834149365,1.5978963034733304,1.6614377575319825,1.7275059815538116,1.796201454297783,1.8676286501303636,1.9418961979136111,2.019117046211578,2.0994086350662577,2.1828930746043125,2.269697330746226,2.359953418300325,2.453798601735276,2.5513756039364988,2.652832823263877,2.75832455924092,2.8680112472186527,2.982059702371042,3.1006433733930487,3.2239426062872316,3.352144918639947,3.4854452848043227,3.624046432423809,3.7681591507471004,3.918002611203466,4.07380470072599,4.235802368329594,4.404241985471014,4.579379720738741,4.761481929442737,4.950825558696479,5.147698568607391,5.3524003702161425,5.565242280850968,5.786547997589465,6.016654089547861,6.255910509746579
0.33000000000000007,0.05045402274562363,0.05246036193133703,0.05454648458542579,0.056715563352809986,0.05897089704083439,0.06131591563620428,0.06375418552142337,0.06628941489866806,0.06892545942934422,0.07166632809790625,0.07451618930885398,0.07747937722618144,0.08056039836491795,0.08376393844478683,0.08709486951640374,0.09055825737085413,0.0941593692439174,0.09790368182665436,0.10179688959454183,0.10584491346782139,0.11005390981623171,0.11443027982182116,0.11898067921407952,0.12371202839219272,0.12863152294981697,0.13374664461837812,0.13906517264553767,0.14459519562613224,0.15034512380357923,0.1563237018604543,0.1625400222176971,0.16900353886266836,0.1757240817270891,0.18271187163672803,0.18997753585557595,0.19753212424814146,0.20538712608445445,0.21355448751333192,0.2220466297304779,0.2308764678690532,0.2400574306414414,0.24960348076208094,0.2595291361824283,0.2698494921703427,0.28058024426747247,0.29173771215955846,0.30333886449595737,0.31540134469612835,0.32794349778233456,0.3409843982793659,0.35454387922371056,0.36864256232630005,0.38330188933469417,0.39854415464240756,0.41439253919496466,0.43087114574425656,0.44800503550480913,0.4658202662677164,0.48434393203019416,0.5036042042010388,0.5236303744446439,0.54445289922874,0.5661034461436071,0.5886149420632039,0.6120216232214528,0.6363590872798492,0.6616643474655727,0.6879758888624348,0.7153337269402803,0.7437794684118507,0.7733563745096554,0.8041094267791016,0.836085395487928,0.8693329107559882,0.903902536513556,0.9398468474006446,0.977220508724265,1.016080359595251,1.05648549937108,1.098497377536139,1.142179887156154,1.1875994620488999,1.2348251778189594,1.2839288569102085,1.334985177835792,1.3880717887516865,1.4432694255466105,1.5006620346278658,1.5603369005898178,1.6223847789592285,1.6869000342192921,1.7539807833222787,1.823729044909072,1.8962508944625296,1.971656625630603,2.0500609179646028,2.1315830113276903,2.2163468872388288,2.3044814574280204,2.3961207598895684,2.4914041627315116,2.590476576131319,2.69348867272011,2.8005971167305987,2.9119648022573177,3.0277611009913796,3.148162119806567,3.273350968588587,3.4035180387146697,3.5388612926071055,3.6795865648011463,3.825907874984995,3.9780477534880956,4.136237579712701,4.3007179340233606,4.471738963629566,4.649560763017998,4.834453769512865,5.026699174566021,5.226589351402319,5.434428299670537,5.650532107776196,5.875229433599375,6.108862004328533,6.351785136170645
0.3325,0.05122137329817127,0.05325822671048097,0.055376077010537,0.05757814509572174,0.05986777994463494,0.06224846371033156,0.06472381701609606,0.06729760446180781,0.06997374034926938,0.07275629463520798,0.0756494991210008,0.07865775388854013,0.08178563399202439,0.08503789641585364,0.08841948730920945,0.09193554950832405,0.09559143035787732,0.09939268984341647,0.10334510904716772,0.10745469894009942,0.11172770952360665,0.11617063933472187,0.1207902453293074,0.12559355315825851,0.130587867852348,0.13578078493196108,0.1411802019586154,0.14679433054583638,0.1526317088476534,0.15870121454370847,0.1650120783407279,0.17157389801088962,0.17839665298843427,0.1854907195467219,0.1928668865788156,0.20053637200558844,0.20851083983631283,0.21680241790767493,0.2254237163281923,0.23438784665608822,0.24370844183978738,0.2533996769513573,0.2634762907444314,0.27395360806939806,0.2848475631799426,0.2961747239663928,0.3079523171527197,0.3201982544955127,0.3329311600247771,0.34617039836798114,0.3599361042004256,0.3742492128667309,0.3891314922200071,0.40460557572713196,0.42069499689048023,0.43742422503846146,0.4548187025392888,0.47290488349458415,0.49171027397165434,0.511263473835639,0.5315942202451391,0.5527334328774782,0.5747132609523797,0.5975671321255747,0.6213298033266917,0.6460374136187585,0.6717275391596942,0.6984392503493806,0.7262131712492319,0.7550915413646249,0.7851182798841422,0.8163390524733427,0.8488013407246302,0.88255451436884,0.917649906358373,0.9541408909360652,0.9920829648085124,1.0315338315473137,1.0725534893465927,1.1152043222702455,1.1595511951277093,1.2056615521225316,1.2536055194237583,1.3034560118161547,1.355288843591444,1.4091828438492064,1.4652199763828049,1.5234854643326625,1.5840679197964467,1.6470594785933075,1.7125559403871127,1.7806569143817599,1.8514659708101793,1.9250907984474102,2.0016433683872665,2.081240104331718,2.164002059651946,2.2500551014903376,2.339530102183439,2.4325631382969792,2.5292956975756256,2.6298748941222967,2.734453692134184,2.843191138535786,2.9562526048628146,3.0738100387647207,3.1960422255084,3.3231350598808262,3.455281828904029,3.5926835057924174,3.735549055599602,3.8840957530193734,4.038549512824318,4.199145233444558,4.366127154209091,4.539749226793123,4.720275501436257,4.907980528518886,5.103149776107571,5.30608006410443,5.517080015660704,5.736470526541158,5.964585253153084,6.201771119982061,6.448388847206298
0.3350000000000001,0.05199451517564383,0.054062113110599615,0.056211930510554724,0.05844723688952343,0.06077143177601139,0.06318804988313154,0.06570076648431347,0.0683134030027826,0.07102993282330722,0.07385448733505538,0.07679136221474873,0.07984502395967137,0.08302011668046755,0.08632146916406062,0.08975410221743262,0.09332323630343531,0.09703429948024453,0.10089293565653153,0.10490501317490779,0.10907663373669656,0.11341414168160335,0.11792413363639925,0.12261346854729176,0.12748927811123806,0.13255897762206803,0.13783027724791078,0.14331119375707493,0.14901006271021758,0.15493555113734322,0.1610966707189117,0.16750279149110245,0.17416365609607865,0.18108939459892168,0.18829053989377234,0.195778043722608,0.2035632933310163,0.21165812878629847,0.22007486098423945,0.22882629037192728,0.23792572641510099,0.24738700783963047,0.25722452367791127,0.26745323515218555,0.27808869842806894,0.28914708827288427,0.3006452226547883,0.31260058832009924,0.32503136738772276,0.33795646500112486,0.3513955380799067,0.3653690252147008,0.37989817775086343,0.3950050921082282,0.41071274338608077,0.42704502030445285,0.4440267615348869,0.46168379347591565,0.48004296953071135,0.49913221094663496,0.5189805492788023,0.5396181705422421,0.561076461119792,0.5833880554955584,0.6065868858865294,0.6307082338478196,0.6557887839300375,0.6818666794703755,0.7089815806022658,0.7371747245718364,0.7664889884528919,0.796968954355795,0.8286609772294276,0.8616132553593454,0.8958759036693367,0.9315010299378679,0.9685428140453383,1.0070575903726413,1.0471039334763734,1.0887427471709776,1.1320373571532891,1.1770536073103708,1.2238599598570963,1.2725275994557639,1.3231305414761079,1.3757457445603465,1.4304532276644444,1.487336191753612,1.5464811463371189,1.6079780410348237,1.6719204023755685,1.7384054760354462,1.8075343747322563,1.879412232001107,1.9541483620850082,2.0318564261836034,2.112654605312925,2.196665780039027,2.2840177173588394,2.374843265012484,2.46928055352256,2.5674732062676204,2.6695705579094327,2.7757278815061004,2.8861066246564873,3.000874655035146,3.12020651569107,3.2442836904985493,3.37329488016395,3.507436289208025,3.646911924360261,3.79193390481918,3.942722784850239,4.099507889212136,4.262527661921561,4.432030028886792,4.60827277496169,4.791523935993523,4.982062206460801,5.180177363321136,5.38617070671373,5.600355518186649,5.823057537145855,6.054615456250595,6.295381436508444,6.545721642853541
0.3375,0.05277344837804123,0.05487202113169289,0.05705404508547891,0.05932283873421497,0.06168185253496363,0.06413467415460414,0.06668503392607555,0.06933681052159235,0.07209403685145765,0.07496090619744843,0.07794177859009777,0.0810411874395751,0.0842638464302473,0.08761465668940767,0.09109871424107309,0.09472131775618779,0.09848797661101893,0.10240441926599946,0.10647660197776197,0.11071071785761274,0.11511320629022168,0.1196907627268532,0.12445034886803248,0.12939920325113127,0.1345448522589769,0.13989512156622705,0.14545814804091614,0.15124239211927568,0.15725665067264868,0.163510070386064,0.17001216166882047,0.17677281311823523,0.18380230655855126,0.19111133267787925,0.19871100728695307,0.2066128882244247,0.21482899293441124,0.22337181674302534,0.2322543518616826,0.2414901071460912,0.2510931286409704,0.26107802094174265,0.2714599694056906,0.28225476324635523,0.2934788195462973,0.3051492082247447,0.31728367799809576,0.3299006833727582,0.3430194127113777,0.35665981741514247,0.3708426422665359,0.385589456978697,0.40092268899935707,0.41686565761925365,0.43344260943688173,0.4506787552335326,0.46860030831468924,0.48723452437609777,0.5066097429551358,0.5267554305305284,0.5477022253359523,0.5694819839556808,0.5921278297731427,0.6156742033460678,0.6401569147848356,0.665613198213685,0.6920817683976157,0.7196028796210902,0.7482183869080926,0.7779718096766515,0.8089083979246137,0.8410752010473553,0.8745211393920732,0.9092970786574768,0.9454559072520405,0.9830526167284632,1.0221443854166508,1.0627906653824293,1.1050532728442335,1.1489964821852687,1.1946871237041379,1.2421946852525936,1.291591417914975,1.3429524458900681,1.3963558807424987,1.4518829401973985,1.5096180716590317,1.569649080641233,1.6320672643049483,1.6969675503060104,1.7644486411642901,1.834613164373767,1.9075678284818538,1.9834235853753204,2.062295799019613,2.144304420908223,2.2295741724889315,2.3182347348443324,2.4104209459151544,2.506273005566309,2.605936688807494,2.709563567492727,2.8173112408358576,2.929343575092696,3.0458309527743115,3.166950531770424,3.2928865147770123,3.4238304294379582,3.5599814196266553,3.7015465483106333,3.848741112459876,4.001788970477589,4.160922882651545,4.326384865143708,4.498426558056457,4.677309608135262,4.863306066689795,5.05669880333861,5.257781936206709,5.466861279230213,5.684254807248364,5.910293139590285,6.145320042891907,6.3896929539076845,6.643783523112372
0.3400000000000001,0.053558172905363584,0.055687950773760896,0.05790242073530966,0.06020495062979647,0.06259904222149179,0.06508833652474945,0.0676766193413824,0.07036782701823718,0.07316605243372079,0.07607555122238721,0.07910074824704794,0.0822462443282514,0.0855168232413638,0.08891745899189495,0.09245332338013106,0.09612979386658162,0.09995246175020066,0.10392714067182043,0.10805987545573038,0.11235695130284808,0.11682490334946179,0.1214705266060838,0.1263008862915298,0.13132332857793827,0.13654549176307476,0.14197531788691012,0.14762106481013917,0.15349131877301095,0.15959500745356991,0.16594141354516545,0.1725401888738823,0.17940136907735968,0.18653538886732327,0.19395309789904286,0.2016657772718511,0.2096851566858141,0.2180234322806515,0.22669328518403284,0.23570790079745868,0.24508098884905927,0.2548268042438074,0.2649601687428519,0.27549649350494687,0.28645180252425734,0.2978427570001821,0.3096866806762623,0.32200158618670954,0.33480620245061926,0.34812000315553615,0.3619632363736888,0.3763569553559315,0.3913230505502323,0.4068842828933944,0.4230643184266513,0.4398877642877679,0.45738020613439917,0.4755682470556102,0.494479548030744,0.5141428699971575,0.534588117590818,0.5558463846262702,0.5779500013851456,0.6009325837851331,0.6248290845041907,0.6496758461377408,0.6755106564697025,0.702372805941416,0.7303031474058539,0.7593441582580022,0.7895400050359039,0.8209366105905987,0.8535817239271272,0.8875249928228145,0.9228180393332621,0.9595145383008917,0.9976702989854411,1.0373433499405422,1.0785940272654826,1.1214850663663625,1.1660816973661863,1.2124517443090124,1.2606657283090252,1.310796974801393,1.3629217250580363,1.4171192521379026,1.4734719814480712,1.5320656160990653,1.5929892672450074,1.6563355896068226,1.7222009223846357,1.7906854357736475,1.8618932833062944,1.9359327602524217,2.012916468318351,2.0929614868952964,2.1761895511176137,2.2627272370016627,2.35270615394682,2.4462631448914527,2.5435404944282287,2.6446861451952506,2.7498539228721812,2.85920377012346,2.9729019898444187,3.0911214980803114,3.2140420870027873,3.341850698343795,3.474741707702853,3.612917220159926,3.75658737764354,3.905970678521695,4.061294309901427,4.222794493142552,4.390716843111005,4.565316741718094,4.746859726313847,4.935621893525075,5.131890319152317,5.335963494764299,5.548151781653886,5.768777882845861,5.998177333874458,6.236699013077023,6.484705672179786,6.7425744879827985
0.3425,0.054348688757610765,0.05650990203680352,0.05875705746004687,0.061093572576267824,0.06352300083559574,0.06604903699356736,0.06867552273023389,0.07140645249271699,0.07424597957009652,0.07719842240987158,0.08026827118559919,0.08346019462570013,0.08677904711381683,0.09022987607152225,0.09381792963460638,0.0975486646346167,0.10142775489778956,0.10546109987399421,0.10965483360881287,0.1140153340724024,0.11854923285932349,0.12326342527409094,0.1281650808177834,0.13326165409165894,0.13856089613436146,0.14407086620995974,0.14979994406474378,0.15575684267142306,0.16195062148010667,0.16839070019621594,0.17508687310628765,0.1820493239734517,0.18928864152523728,0.1968158355572629,0.20464235367730166,0.212780098715184,0.22124144682501865,0.2300392663072616,0.239186937179255,0.24869837152400473,0.2585880346481412,0.2688709670812384,0.27956280744995377,0.2906798162617747,0.302238900634538,0.3142576400093407,0.32675431288594015,0.3397479246213058,0.35325823633359943,0.3673057949555451,0.381911964482887,0.39709895846546855,0.4128898737903393,0.4293087258082729,0.44638048485711024,0.4641311142374856,0.4825876096986778,0.501778040494649,0.5217315920726994,0.5424786104596703,0.5640506484131955,0.5864805134081853,0.609802317531529,0.6340515293608971,0.6592650279065339,0.6854811586980881,0.7127397921017752,0.7410823839565565,0.7705520386215634,0.8011935745306487,0.833053592353749,0.8661805458687416,0.9006248156515678,0.9364387856966907,0.9736769230844199,1.0123958608162702,1.0526544839443137,1.0945140191255318,1.1380381277373621,1.1832930026960393,1.2303474691249914,1.2792730890263888,1.3301442701150161,1.3830383789800105,1.4380358587465552,1.4952203514164597,1.5546788250737102,1.6165017061484392,1.6807830169404436,1.7476205186114413,1.8171158598635153,1.889374731529835,1.964507027312808,2.0426270109140954,2.123853489810651,2.208309995941094,2.296124973577216,2.387431974666298,2.482369861941374,2.581083020108316,2.683721575430885,2.790441624047792,2.901405469368901,3.0167818689116497,3.1367462909531447,3.2614811813881537,3.39117624119889,3.5260287149586316,3.6662436908078297,3.8120344123589733,3.963622603004633,4.1212388031217495,4.28512272068515,4.455523595823443,4.632700579871696,4.816923129497435,5.008471416499356,5.207636753901914,5.414722038993896,5.630042213984741,5.8539247449791265,6.086710119998359,6.3287523668059364,6.580419591324739,6.842094537464808
0.3450000000000001,0.05514499593478286,0.05733787492082084,0.059617955259690575,0.061988704573629094,0.0644537283772756,0.06701677556105796,0.06968174409263009,0.07245268694503183,0.07533381826058491,0.07832951975990168,0.08144434740575156,0.08468303833192145,0.08805051804760658,0.09155190792828972,0.09519253300449913,0.09897793006029305,0.10291385605378575,0.10700629687252096,0.11126147643700957,0.11568586616627585,0.12028619481980699,0.12506945873087474,0.13004293244679352,0.13521417979229325,0.14059106537283714,0.1461817665353761,0.1519947858047302,0.15803896381451232,0.16432349275225913,0.17085793033921556,0.17765221436603668,0.18471667780651152,0.19206206453229363,0.19969954565253956,0.2076407365033051,0.21589771431253474,0.22448303656751328,0.23340976011271197,0.24269146100707187,0.25234225517092795,0.26237681985397204,0.27281041595690253,0.2836589112407119,0.29493880445890763,0.3066672504493656,0.31886208622398027,0.33154185809578807,0.34472584988481797,0.35843411224556815,0.3726874931607119,0.3875076696474027,0.4029171807244065,0.4189394616901925,0.43559887976411904,0.45292077114490975,0.47093147954279274,0.4896583962438928,0.509130001767814,0.5293759091817618,0.5504269091370857,0.5723150166967285,0.5950735200248006,0.618737031012331,0.6433415379161878,0.668924460091216,0.6955247048988434,0.7231827268786941,0.7519405892731984,0.7818420279987776,0.8129325181608863,0.8452593432140656,0.8788716668721998,0.9138206078783346,0.9501593177477639,0.9879430616026262,1.0272293022209524,1.0680777874279672,1.110550640962578,1.154712456957234,1.2006303981748294,1.2483742981520773,1.2980167674046863,1.349633303855846,1.4033024076559926,1.4591057005684585,1.5171280501025661,1.5774576985829691,1.6401863973515312,1.7054095463058134,1.7732263389864296,1.8437399134338959,1.9170575090443913,1.9932906296630142,2.0725552131625578,2.15497180776568,2.240665755378667,2.329767382215595,2.4224121970027706,2.5187410970649227,2.6189005826065737,2.7230429795143998,2.8313266710195615,2.9439163385721865,3.0609832122943934,3.1827053313928118,3.3092678149265273,3.440863143342302,3.577691451205294,3.719960831570373,3.8678876524569397,4.021696885908691,4.181622450138559,4.3479075652793435,4.520805123281031,4.700578072517268,4.887499817686034,5.081854635612647,5.283938107587408,5.494057568895506,5.712532576222783,5.9396953936481705,6.175891497961999,6.421480104078656,6.676834711342551,6.942343671558413
0.34750000000000003,0.05594709443687983,0.058171869425812824,0.06048511413424079,0.06289034662188026,0.06539122484653127,0.06799155222722122,0.07069528342857098,0.07350653037518168,0.07642956850518591,0.07946884327247745,0.08262897690750502,0.08591477544691527,0.08933123604273295,0.0928835545621973,0.09657713348980924,0.10041759014361065,0.10441076521818915,0.10856273166740062,0.1128798039403204,0.11736854758446838,0.1220357892309121,0.12688862697643513,0.13193444117856004,0.13718090567984131,0.14263599947850167,0.14830801886315903,0.15420559003009826,0.16033768220227854,0.16671362127002723,0.1733431039741642,0.18023621265312925,0.18740343057653905,0.19485565788849218,0.2026042281848727,0.21066092574986126,0.21903800347786614,0.227748201508135,0.2368047666003837,0.24622147228090924,0.2560126397898287,0.26619315986129977,0.2767785153698442,0.28778480487722086,0.299228767115656,0.31112780644466453,0.3235000193201807,0.3363642218162528,0.3497399782411556,0.3636476308914421,0.37810833098918895,0.39314407084947833,0.40877771732704554,0.42503304659295366,0.44193478029418937,0.45950862315116564,0.4777813020503202,0.4967806066912544,0.516535431850238,0.5370758213243447,0.5584330136230642,0.5806394894768688,0.6037290212349911,0.6277367242275387,0.6526991101700621,0.6786541426917865,0.7056412950719677,0.733701610272172,0.7628777633557795,0.793214126389644,0.8247568359266163,0.8575538631715478,0.891655086937501,0.9271123695031137,0.9639796354864809,1.0023129538555104,1.0421706231994865,1.0836132603915014,1.1267038927766209,1.1715080540259775,1.2180938838025561,1.2665322313902692,1.3168967634439162,1.3692640760238812,1.4237138110859813,1.4803287776036114,1.539195077506389,1.60040223662684,1.6640433408542805,1.7302151777029304,1.7990183835095985,1.8705575964847878,1.9449416158499622,2.02228356730304,2.1027010750637354,2.1863164407603812,2.273256829430331,2.3636544629167986,2.457646820956233,2.5553768502620966,2.6569931819229993,2.762650357445794,2.8725090637874886,2.9867363777333127,3.1055060199926467,3.228998619399313,3.3574019876179078,3.490911404774028,3.6297299164428423,3.7740686424475505,3.924147097937436,4.080193527233869,4.242445250951852,4.4111490269251314,4.586561425483763,4.768949219654806,4.958589790879638,5.15577155086494,5.360794380208795,5.573970084469128,5.795622868368009,6.026089828852986,6.265721467765373,6.514882224895173,6.773951032233218,7.043321890263603
0.3500000000000001,0.05675498426390171,0.05901188555177949,0.06135853408369752,0.06379849872102135,0.06633549024336283,0.06897336699205715,0.0717161407380566,0.07456798278316658,0.07753323030389962,0.0806163929475989,0.08382215969085963,0.08715540597068162,0.09062120109919602,0.09422481597324507,0.09797173109053682,0.10186764488456963,0.10591848239099982,0.11013040425863324,0.11450981611874542,0.11906337832698001,0.12379801609263899,0.1287209300107722,0.13383960701308303,0.13916183175430313,0.1446956984513552,0.15044962319330873,0.15643235674084816,0.1626529978347218,0.16912100703341099,0.17584622110106202,0.1828388679675656,0.19010958228353425,0.19766942159383302,0.20552988315426252,0.2137029214169702,0.2222009662111784,0.2310369416468841,0.240224285770277,0.2497769710007672,0.25970952538070724,0.27003705467012457,0.2807752653200635,0.29194048835948083,0.30354970423202005,0.3156205686204351,0.32817143929794235,0.3412214040473349,0.3547903096903189,0.36889879227122124,0.3835683084409764,0.39882116808911433,0.41468056827338623,0.4311706284986229,0.4483164273984842,0.4661440408758785,0.4846805817600683,0.5039542410407634,0.5239943307419217,0.5448313285004482,0.5664969239176056,0.589024066753617,0.6124470170387573,0.6368013971771522,0.6621242461225205,0.6884540757082459,0.7158309292174614,0.7442964422822099,0.7738939062043002,0.8046683337941629,0.8366665278278395,0.8699371522261966,0.904530806064646,0.9405001005259064,0.9778997389128425,1.0167865998430727,1.057219823751873,1.0992609028349172,1.1429737745676607,1.1884249189435934,1.2356834595792199,1.2848212688395673,1.3359130771440793,1.3890365866191232,1.444272589269978,1.5017050898520161,1.56142143362793,1.6235124392053244,1.6880725366566907,1.7551999111317973,1.8249966521809506,1.8975689090161922,1.9730270519465491,2.0514858402328864,2.13306459661763,2.217887388794756,2.306083218096087,2.397786215680828,2.4931358465266906,2.5922771215328972,2.695360818057596,2.8025437092250707,2.9139888023515765,3.029865586852282,3.150350292006413,3.2756261549726484,3.4058836994622954,3.541321025494073,3.682144110671277,3.8285671234393672,3.9808127488004637,4.13911252698017,4.303707205561634,4.474847105622514,4.652792502431644,4.837814021284314,5.030193049078254,5.230222162256242,5.438205571766079,5.654459585714762,5.879313090420424,6.11310805059358,6.356200029408487,6.608958729255496,6.871768553996745,7.145029193580388
0.35250000000000004,0.057568665415848444,0.059857923298720805,0.06223821510806071,0.06471316087105229,0.06728652456777022,0.0699622198555657,0.07274431602108689,0.07563704416898644,0.07864480365672591,0.08177216878526598,0.08502389575581529,0.08840492990322045,0.09192041321699572,0.09557569216143288,0.09937632580668172,0.10332809428316983,0.10743700757221772,0.1117093146462187,0.11615151297228454,0.12077035839381065,0.12557287540498752,0.13056636783388578,0.13575842995036239,0.14115695801567854,0.14677016229139753,0.152606579525825,0.15867508593697968,0.164984910711842,0.17154565004241037,0.17836728171990882,0.1854601803093454,0.19283513292749713,0.20050335564831595,0.20847651056070876,0.21676672350463178,0.22538660251247128,0.23434925698376027,0.24366831762239163,0.25335795716664544,0.2634329119435632,0.27390850428044616,0.2848006658075603,0.29612596168749167,0.3079016158079994,0.32014553697667697,0.3328763461572647,0.3461134047890339,0.35987684423230754,0.3741875963849055,0.3890674255160739,0.4045389613663101,0.4206257335634281,0.43735220740720004,0.4547438210770031,0.4728270243190479,0.49162931867203635,0.5111792992924191,0.5315066984428644,0.5526424307100719,0.57461864002071,0.5974687485269722,0.6212275074360984,0.6459310498611714,0.6716169457735626,0.6983242591405935,0.7260936073353237,0.7549672229088067,0.7849890178187594,0.8162046502123342,0.8486615938645546,0.8824092103780107,0.9174988242536337,0.9539838009467109,0.9919196280268477,1.0313639995653123,1.0723769038781112,1.1150207147582132,1.1593602863356969,1.2054630517100802,1.2533991255048194,1.3032414104999712,1.3550657085051754,1.4089508356415703,1.4649787422079805,1.5232346373136691,1.5838071184671874,1.6467883063184205,1.7122739847587578,1.7803637465924107,1.8511611450004828,1.9247738510281074,2.00131381733415,2.080897448452551,2.163645777824239,2.2496846518688027,2.3391449213759334,2.4321626405076793,2.5288792737141392,2.629441910877322,2.7340034910103586,2.842723034852225,2.9557658867118195,3.073303965929092,3.1955160283356876,3.3225879381128163,3.4547129504596876,3.5920920055024306,3.7349340338905925,3.8834562745458183,4.037884605046021,4.198453885147589,4.365408313967898,4.539001801371488,4.719498354124668,4.907172477405786,5.102309592281874,5.305206469786547,5.5161716822592535,5.735526072632406,5.96360324238002,6.200750058869945,6.447327182891329,6.7037096171596176,6.970287276633123,7.247465581508757
0.3550000000000001,0.05838813789272011,0.06070998266663683,0.06312415720733046,0.0656343330719732,0.06824432781975348,0.07095811081774696,0.07377980927766194,0.07671371453264138,0.07976428856366492,0.0829361707854788,0.08623418510237213,0.08966334724453184,0.0932288723961321,0.09693618312676089,0.10079091763824413,0.10479893833941133,0.10896634076184292,0.11329946283015718,0.11780489450093791,0.12248948778496047,0.1273603671679578,0.13242494044577607,0.1376909099903983,0.14316628446396779,0.14885939099862888,0.15477888786070806,0.16093377761849303,0.16733342083363933,0.1739875502970255,0.18090628583070487,0.18810014967846905,0.19558008250842782,0.20335746005194133,0.21144411040421177,0.2198523320128463,0.228594912381745,0.23768514751876385,0.24713686215672787,0.25696443077854436,0.26718279947839707,0.27780750869226495,0.28885471683233477,0.3003412248612537,0.3122845018435946,0.3247027115133905,0.33761473989814844,0.35104022404135016,0.364999581867122,0.37951404323249527,0.39460568221448217,0.4102974506810664,0.4266132131971716,0.4435777833186855,0.4612169613297468,0.47955757348067435,0.4986275127862254,0.5184557814462222,0.5390725349530668,0.5605091279532162,0.5827981619323778,0.6059735347969354,0.6300704924270155,0.6551256822795971,0.6811772091231891,0.7082646929888302,0.7364293294255558,0.7657139521519634,0.7961630981991588,0.8278230756441585,0.8607420340367632,0.8949700376269912,0.9305591415044654,0.9675634707655294,1.006039302828498,1.0460451530222308,1.0876418635782026,1.1308926961613912,1.1758634280807305,1.2226224523254396,1.2712408815793566,1.3217926563714812,1.3743546575272052,1.429006823091225,1.4858322698999915,1.544917419988574,1.6063521320241627,1.6702298379661307,1.7366476851604853,1.8057066840847733,1.8775118619681985,1.9521724225205357,2.029801912012766,2.110518391962037,2.194444618683566,2.2817082299825238,2.372441939269873,2.4667837373973573,2.5648771025185813,2.666871218295375,2.7729212007812936,2.8831883343272615,2.997840316868224,3.1170515149637463,3.241003228980476,3.369883968819822,3.503889740610089,3.6432243447991066,3.788099686100797,3.9387360957669086,4.09536266667411,4.25821760173613,4.427548576170653,4.6036131141720595,4.786678980562841,4.97702458801923,5.174939420490507,5.380724473455861,5.594692711688328,5.817169545222066,6.048493324246808,6.28901585368209,6.539102928213915,6.799134888607543,7.0695072001423656,7.350631054048722
0.35750000000000004,0.059213401694516624,0.06156806365552747,0.06401636038150665,0.06656201532378392,0.06920889999931257,0.07196103987860084,0.07482262050778161,0.07779799387413126,0.08089168502471648,0.08410839894823723,0.08745302773053,0.09093065799461571,0.09454657863660508,0.09830628886922897,0.10221550658522384,0.10628017705329408,0.11050648195987527,0.1149008488104485,0.11946996070470532,0.12422076650042926,0.12916049138154972,0.13429664784644288,0.13963704713319053,0.1451898110991706,0.15096338457304903,0.15696654819795766,0.16320843178538794,0.16969852820011352,0.17644670779725616,0.18346323343344986,0.19075877607493613,0.1983444310263261,0.2062317348047087,0.2144326826847711,0.2229597469416134,0.23182589581899932,0.24104461325189447,0.25062991937328544,0.2605963918364636,0.2709591879852083,0.2817340679055804,0.29293741839438664,0.3045862778807665,0.31669836233880494,0.3292920922305754,0.34238662052059293,0.3560018618042832,0.37015852259476173,0.3848781328139899,0.4001830785362003,0.41609663603338254,0.43264300717461607,0.44984735623307853,0.4677358481567144,0.48633568836075713,0.5056751641026342,0.5257836875021719,0.5466918402725282,0.5684314202298807,0.591035489652608,0.6145384255635057,0.6389759720115075,0.6643852944324278,0.6908050361713989,0.7182753772529551,0.7468380954881564,0.7765366300116788,0.8074161473454964,0.8395236100896346,0.8729078483444636,0.9076196339731373,0.9437117578171397,0.9812391099823599,1.0202587633177913,1.0608300602138263,1.1030147028521455,1.1468768470444497,1.1924831998027599,1.23990312078967,1.28920872780283,1.3404750064540976,1.3937799242101672,1.4492045489680838,1.5068331723460089,1.566753437876728,1.6290564742988536,1.6938370341484525,1.7611936378618702,1.8312287236088833,1.9040488030840945,1.9797646234934752,2.058491335982396,2.140348670761341,2.225461119195607,2.313958123135916,2.405974271777902,2.501649506349859,2.601129332940015,2.7045650437870505,2.8121139473703964,2.9239396076501767,3.0402120928207843,3.1611082339562406,3.286811893940771,3.4175142470936577,3.553414069913493,3.694718043384096,3.8416410673018837,3.994406587102633,4.153246933684728,4.31840367674579,4.49012799216989,4.668681044024223,4.854334381746156,5.047370353124639,5.248082533704142,5.456776173264178,5.673768660053292,5.899390003483733,6.133983336020776,6.377905435030006,6.631527265376229,6.895234543599266,7.1694283245244605,7.454525611200269
0.3600000000000001,0.06004445682123805,0.06243216626539283,0.06491482463058935,0.06749620762648462,0.07018024110644755,0.0729710070381274,0.075872749711446,0.07888988219345623,0.08202699303988074,0.08528885327354138,0.08868042364028904,0.09220686215347215,0.09587353193841473,0.09968600938883723,0.10365009264762098,0.10777181042481816,0.11205743116631493,0.11651347258709277,0.12114671158358699,0.1259641945402172,0.13097324804576338,0.13618149003588634,0.14159684137873926,0.14722753792128723,0.1530821430146582,0.15916956053757397,0.16549904843766464,0.17208023281126483,0.17892312254310258,0.18603812452814397,0.19343605949874695,0.2011281784811921,0.20912617990661844,0.21744222740238714,0.22608896829093336,0.23507955282423446,0.24442765418315246,0.2541474892720645,0.2642538403404035,0.27476207746399717,0.285688181920393,0.2970487704937162,0.30886112074603034,0.32114319729363094,0.33391367912823183,0.3471919880245985,0.3609983180778335,0.3753536664152271,0.39027986512938995,0.4057996144812289,0.4219365174232589,0.43871511549576214,0.45616092615037984,0.47430048155790655,0.49316136895929674,0.5127722726212641,0.5331630174602688,0.5543646144012493,0.5764093075400659,0.5993306231814014,0.6231634208266836,0.647943946189575,0.6737098863196648,0.700500426918193,0.7283563119329687,0.7573199055231264,0.7874352564879543,0.8187481652577737,0.8513062535487635,0.885159036787657,0.9203579994164495,0.956956673191658,0.9950107185972036,1.0345780094947297,1.0757187211401,1.1184954216999408,1.1629731674073898,1.2092196015017864,1.2573050571027728,1.3073026641752399,1.3592884607478197,1.4133415085540626,1.4695440132721498,1.5279814495460335,1.5887426909781326,1.651920145291263,1.717609894865388,1.7859118428629146,1.856929865164742,1.930771968348173,2.007550453946927,2.0873820892430426,2.1703882848504654,2.256695279360366,2.3464343313289824,2.439741918900024,2.5367599473651845,2.6376359649784415,2.742523387352355,2.851581730777668,2.9649768548209723,3.082881214569504,3.2054741229065775,3.3329420232165803,3.465478772934329,3.6032859383699063,3.7465731012574026,3.895558177493856,4.050467748552996,4.211537406077878,4.379012110176571,4.553146561965615,4.734205590927981,4.922464557674621,5.118209772722016,5.3217389319227895,5.533361569211501,5.753399527354153,5.982187447417413,6.220073277701933,6.467418802913698,6.724600194378285,6.992008582134793,7.270050649779413,7.5591492529634134
0.36250000000000004,0.06088130327288434,0.06330229049623284,0.06581954995457856,0.06843690998007515,0.07115835114115833,0.07398801229632658,0.07693019688865509,0.07998937949061616,0.0831702126091576,0.08647753376139114,0.08991637283164915,0.09349195972110104,0.09720973230156103,0.10107534468558554,0.10509467582543551,0.10927383845398347,0.11361918838116179,0.11813733416008992,0.12283514713758273,0.12771977190432413,0.13279863716059867,0.1380794670141064,0.14357029272704436,0.14927946493031743,0.15521566632345615,0.16138792487955686,0.16780562757532305,0.1744785346670931,0.18141679453456455,0.1886309591147871,0.19613199994990127,0.20393132487302582,0.2120407953576703,0.22047274455705956,0.229239996060806,0.23835588339745023,0.24783427031253755,0.2576895718530649,0.26793677629036367,0.27859146791476364,0.28966985073670243,0.3011887731303232,0.31316575345704506,0.3256190067080725,0.33856747220635947,0.35203084241016497,0.36602959286200076,0.38058501332851796,0.39571924017869514,0.41145529004956766,0.4278170948506952,0.4448295381606093,0.462518493070589,0.48091086153332285,0.500034615276293,0.5199188383421138,0.5405937713205126,0.5620908573392295,0.5844427898837714,0.607683562518758,0.6318485205864688,0.6569744149612177,0.6830994579413073,0.7102633813635708,0.7385074970288706,0.7678747595304654,0.7984098315807887,0.8301591519359901,0.8631710060215445,0.8974955993663427,0.9331851339569274,0.970293887628019,1.0088782966100598,1.0489970413593115,1.0907111358010508,1.1340840201215878,1.1791816572502103,1.2260726331778093,1.2748282612647468,1.325522690696586,1.3782330192526475,1.433039410558891,1.490025216003421,1.5492771015000648,1.610885179292787,1.6749431450013887,1.7415484201169351,1.8108023001636173,1.8828101087523479,1.9576813577604322,2.0355299138808887,2.116474171794703,2.200637234229409,2.288147099177839,2.3791368545617204,2.4737448806362354,2.5721150604433354,2.6743969986338594,2.780746248991283,2.891324551003108,3.0063000758396465,3.1258476821143804,3.250149181814755,3.379393616807898,3.5137775463418324,3.6535053459793234,3.798789518419023,3.949851016676712,4.106919580117992,4.270234083853557,4.4400429020284715,4.616604285557822,4.800186754883333,4.991069508348228,5.18954284681136,5.395908615146442,5.610480661297829,5.833585313590906,6.065561877023104,6.306763149290275,6.557555957333163,6.81832171522007,7.089457004214118,7.37137417590722,7.664501979338141
0.3650000000000001,0.061723941049455555,0.06417843634804753,0.0667305363534743,0.06938412238455567,0.072143230103445,0.07501205565319849,0.07799496203940891,0.08109648576561114,0.08432134373254717,0.08767444041178664,0.09116087530461041,0.09478595069750252,0.09855517972604404,0.10247429475947409,0.1065492561186675,0.11078626114079014,0.11519175360441594,0.1197724335294401,0.12453526736669274,0.1294874985927503,0.13463665872605576,0.1399905787811031,0.145557401178106,0.1513455921262615,0.1573639544994432,0.1636216412239066,0.17012816919836324,0.17689343376759845,0.18392772377164232,0.1912417371933795,0.19884659742839939,0.20675387020182737,0.21497558115786453,0.2235242341487888,0.2324128302512315,0.2416548875386469,0.25126446164005006,0.261256167116287,0.27164519968634454,0.282447359337508,0.293679074354509,0.3053574263042079,0.317500176013811,0.3301257905821296,0.343253471464959,0.35690318367729273,0.3710956861567854,0.3858525633346346,0.4011962579619057,0.4171501052412171,0.4337383683156919,0.4509862751691583,0.46892005699370654,0.48756698808296384,0.5069554273117463,0.5271148612651845,0.5480759490829037,0.5698705690864694,0.5925318672609976,0.6160943076646777,0.640593724842862,0.6660673783264363,0.692554009297356,0.7200938995075331,0.7487289325406619,0.7785026575101739,0.809460355290183,0.8416491073801461,0.8751178675079786,0.9099175360805217,0.9461010375945718,0.9837234011262241,1.0228418440209297,1.0635158589115383,1.1058073041966805,1.149780498117088,1.1955023165729128,1.2430422948308297,1.2924727332755936,1.34386880736687,1.3973086819685825,1.4528736302246532,1.5106481571618995,1.5707201282081045,1.6331809028206927,1.6981254734292326,1.765652609903097,1.8358650097639804,1.9088694543717037,1.9847769713208747,2.0637030032953647,2.14576758363738,2.2310955188981736,2.3198165786480307,2.4120656928341337,2.5079831569865405,2.607714845584312,2.711412433906273,2.8192336287038384,2.9313424080467194,3.0479092707062048,3.1691114954554185,3.295133410680778,3.4261666747147292,3.562410567316172,3.70407229274175,3.851367294868962,4.004519584850455,4.16376208179763,4.329336967011771,4.501496052301496,4.68050116294652,4.866624535890281,5.060149233766986,5.261369575392675,5.470591583375106,5.688133449523168,5.914326018763559,6.149513292300811,6.394052950785804,6.648316898288407,6.912691827901597,7.187579809837253,7.473398902907887,7.770583790324466
0.36750000000000005,0.06257237015095161,0.06506060382083688,0.0676477838272765,0.07033784483992601,0.07313487799330752,0.07604313710874298,0.0790670451637074,0.08221120101844114,0.0854803864100493,0.08887957322472777,0.09241393105917271,0.09608883508267647,0.09990987421186362,0.10388285961050266,0.10801383352731682,0.11230907848523801,0.11677512683607731,0.1214187706951431,0.12624707227091678,0.1312673746054954,0.13648731274213444,0.1419148253368763,0.147558166731924,0.15342591950911913,0.15952700754261903,0.1658707095706228,0.17246667330678506,0.17932493011278075,0.18645591025433558,0.19387045876392084,0.20157985193424105,0.20959581446759645,0.21793053730720083,0.22659669617757436,0.23560747086220957,0.24497656524782416,0.2547182281656897,0.26484727506173034,0.27537911052834574,0.2863297517322297,0.2977158527738123,0.30955473001537004,0.3218643884163276,0.334663548915802,0.34797167690402964,0.36180901182598124,0.37619659796218663,0.39115631643357646,0.40671091847902135,0.4228840600561764,0.4397003378182484,0.45718532652140825,0.4753656179197317,0.49426886120682867,0.5139238050656559,0.5343603413904752,0.5556095507474414,0.5777037496429684,0.600676539671744,0.62456285861916,0.6493990335958626,0.6752228362852296,0.7020735403878103,0.7299919813500786,0.7590206184683411,0.7892035994622509,0.8205868276161362,0.8532180315902408,0.8871468380080646,0.9224248469301928,0.9591057103293814,0.9972452136862717,1.0369013608298112,1.0781344621514086,1.1210072263269875,1.1655848556864399,1.2119351453754956,1.260128586460846,1.3102384731353112,1.3623410141860894,1.4165154488956226,1.4728441675513468,1.5314128367475832,1.5923105296701499,1.655629861561847,1.7214671305747924,1.7899224642238696,1.8610999716640007,1.935107902022806,2.012058809029497,2.0920697221903515,2.1752623247710696,2.2617631388567565,2.3517037177709366,2.445220846146218,2.542456747950935,2.643559302788112,2.7486822707956757,2.8579855264900185,2.9716353019084982,3.08980443942064,3.212672654592612,3.3404268095046405,3.473261196937069,3.6113778358573447,3.75498677865718,3.9043064306072144,4.05956388201508,4.2209952535919015,4.38884605555251,4.563371560995636,4.744837194131701,4.93351893394882,5.129703733930886,5.333689958465954,5.545787836608775,5.766319933887505,5.995621642872101,6.234041693250525,6.481942682188516,6.7397016257794204,7.007710532422854,7.286376999004182,7.576124830781408,7.877394685922374
0.37,0.06342659057737257,0.06594879291460087,0.06857129237598518,0.07129807734618625,0.07413329481074585,0.07708125666296015,0.08014644626155056,0.0833335252491061,0.08664734064166409,0.09009293220021455,0.09367554009533613,0.09740061287662291,0.10127381575901982,0.10530103923867135,0.10948840805138352,0.11384229048732714,0.1183693080761459,0.12307634565719901,0.127970561850255,0.1330593999425596,0.13835059920883486,0.14385220668142612,0.14957258938849838,0.15552044707889048,0.16170482545298373,0.16813512991970575,0.17482113990058856,0.18177302370263998,0.18900135398264453,0.1965171238264112,0.20433176346742624,0.21245715767033327,0.22090566380567936,0.22969013064341653,0.23882391789374044,0.24832091652498206,0.25819556988945647,0.26846289568939513,0.27913850881636737,0.290238645098929,0.3017801859946126,0.31378068426380956,0.32625839066459517,0.3392322817090899,0.35272208852357173,0.36674832685623077,0.38133232827820507,0.39649627262534387,0.4122632217300421,0.42865715449444597,0.445703003358365,0.4634266922173595,0.4818551758486649,0.5010164809049179,0.5209397485380223,0.5416552787179861,0.5631945763141263,0.5855903990087268,0.6088768071160106,0.6330892153822054,0.6582644468454703,0.6844407888375983,0.7116580512126703,0.7399576268912081,0.7693825548119088,0.7999775853866972,0.8317892485586488,0.8648659245662745,0.8992579175218028,0.9350175319153562,0.9721991521613571,1.0108593253081628,1.0510568470367059,1.0928528510789226,1.136310902191972,1.1814970928296435,1.2284801436579595,1.2773315080678587,1.3281254808439005,1.3809393111542454,1.4358533200337684,1.4929510225389744,1.5523192547604723,1.6140483058862025,1.678232055516252,1.744968116438069,1.8143579830792553,1.8865071858636797,1.961525451705656,2.039526870886302,2.1206300705658494,2.2049583951957747,2.2926400941051583,2.383808516546558,2.4786023144979747,2.5771656535294216,2.6796484320547354,2.7862065093020716,2.897001942349824,3.012203232588445,3.131985581982955,3.256531159525963,3.386029378286344,3.5206771834749193,3.66067935196535,3.8062488037256155,3.9576069256337814,4.114983908170591,4.278619095500808,4.44876134947578,4.625669428110896,4.809612379113365,5.000869949058953,5.199733008839932,5.4065039960312005,5.62149737484745,5.845040114390849,6.0774721859165375,6.319147079872249,6.570432343498413,6.8317101398062094,7.103377828783847,7.385848571714912,7.679551959527785,7.984934666131872
0.37250000000000005,0.06428660232871847,0.0668430036293396,0.06950106199960043,0.07226481990333646,0.0751384805557601,0.07812641431585003,0.08123316533293849,0.08446345845760617,0.08782220642739161,0.09131451733824708,0.09494570241310073,0.09872128407934194,0.10264700436751278,0.10672883364398027,0.11097297969086774,0.11538589714705767,0.1199742973246218,0.12474515841560795,0.12970573610470745,0.134863574603943,0.14022651812615705,0.1458027228147527,0.15160066914782938,0.15762917483557567,0.16389740823053753,0.17041490227115544,0.17719156897977395,0.18423771453717644,0.19156405495656925,0.1991817323808509,0.2071023320279553,0.21533789981003787,0.22390096065330034,0.23280453754631542,0.24206217134582422,0.25168794137012096,0.26169648681135066,0.27210302899928157,0.28292339455040977,0.29417403943760617,0.30587207401690997,0.31803528904952705,0.33068218275861394,0.34383198896199363,0.3575047063235857,0.3717211287680417,0.38650287710484094,0.40187243190993716,0.4178531677149685,0.43446938855602635,0.4517463649360421,0.4697103722570126,0.4883887307805065,0.507809847177232,0.5280032577288458,0.548999673247718,0.5708310257829585,0.5935305171837447,0.6171326695937982,0.6416733779538145,0.667189964591686,0.6937212359835432,0.7213075417719366,0.7499908361309223,0.7798147415713658,0.8108246152835132,0.8430676181177214,0.8765927863082481,0.9114511060491944,0.9476955910360133,0.9853813630904993,1.0245657359918983,1.0653083026416146,1.1076710256940823,1.1517183317916355,1.1975172095467006,1.2451373114203055,1.2946510596518692,1.3461337564013627,1.3996636982713393,1.4553222953830218,1.5131941951875358,1.5733674112005689,1.6359334568562642,1.7009874846839081,1.7686284310190648,1.838959166469255,1.9120866523630193,1.9881221034202565,2.0671811568912895,2.149384048421861,2.234855794911496,2.323726384643383,2.4161309749748976,2.5122100978894064,2.612109873722001,2.7159822333841857,2.8239851494254617,2.936282876283257,3.053046200086565,3.1744526983931527,3.3006870102554755,3.431941117025893,3.5684146343282834,3.7103151156401926,3.857858367947062,4.011268779948669,4.170779663316989,4.336633607524356,4.509082848781587,4.688389653647283,4.874826717891522,5.068677581220685,5.270237058494128,5.47981168808842,5.6977201980911385,5.924293991033205,6.159877647896873,6.40482945216599,6.659521934715502,6.924342440368779,7.19969371698458,7.485994527969451,7.783680289147026,8.093203730952967
0.375,0.06515240540498918,0.06774323596505295,0.07043709269812211,0.0732380725113765,0.07615043522835016,0.07917861006741252,0.08232720237787106,0.08560100064394116,0.08900498376723168,0.0925443286388252,0.09622441801246637,0.10005084869083343,0.10402944003734234,0.10816624282642923,0.11246754844576926,0.11693989846442934,0.12159009458150485,0.12642520897036968,0.131452595034274,0.13667989858964535,0.14211506949410083,0.14776637373685575,0.15364240600991663,0.1597521027791744,0.1661047558752801,0.17271002662497165,0.17957796054434091,0.1867190026163897,0.1941440131761095,0.20186428442723947,0.20989155761582776,0.21823804088671012,0.22691642785006325,0.2359399168862706,0.24532223121846058,0.25507763978324044,0.2652209789313719,0.27576767499138927,0.2867337677304724,0.29813593474826067,0.3099915168407041,0.3223185443725218,0.3351357646983834,0.3484626706745126,0.36231953030407066,0.37672741756141304,0.3917082444420935,0.40728479428735576,0.42348075643379973,0.4403207622409165,0.45783042255127887,0.47603636664036664,0.49496628271525567,0.5146489600237698,0.5351143326381257,0.55639352497967,0.5785188991539373,0.6015241041680219,0.6254441271051059,0.6503153463339858,0.6761755868345088,0.703064177723063,0.7310220120656081,0.7600916090692195,0.7903171787467105,0.8217446891526976,0.8544219362933527,0.8883986168161604,0.9237264035902378,0.9604590242921621,0.9986523431168067,1.0383644457374754,1.0796557276445347,1.122588985996885,1.167229515125976,1.2136452058376086,1.2619066486625317,1.3120872412128757,1.3642632998076958,1.4185141755373687,1.47492237494338,1.5335736854970292,1.5945573060678702,1.657965982580331,1.7238961490648133,1.792448074317776,1.863726014393866,1.937838371162016,2.014897857166603,2.0950216670444575,2.1783316557583823,2.264954523918231,2.3550220104714246,2.4486710930559505,2.546044196320509,2.64728940852867,2.752560706776458,2.862018191165842,2.975828328290314,3.0941642044028503,3.2172057886512273,3.345140206781144,3.478162025723281,3.6164735494971554,3.760285126881865,3.9098154713215107,4.065291993551868,4.226951147454269,4.395038789662538,4.569810553469918,4.751532237604784,4.940480210466159,5.136941830434005,5.341215882893465,5.5536130346376025,5.77445630633983,6.0040815638145615,6.242838028813098,6.491088810131739,6.749211455839769,7.017598527467117,7.296658197025043,7.586814867767784,7.888509819639116,8.202201880385644
0.37750000000000006,0.06602399980618481,0.06864948992174101,0.07137938447155034,0.07421783517030647,0.0771691588285161,0.08023784391764767,0.08342855739634837,0.08674615180811125,0.09019567266118442,0.09378236610194908,0.09751168689343315,0.10138930671109751,0.10542112276850858,0.10961326678601836,0.11397211431608821,0.11850429443944244,0.12321669984679524,0.12811649732148445,0.13321113863895478,0.13850837189966683,0.1440162533126664,0.1497431594477355,0.15569779997476046,0.16188923090968696,0.16832686838721161,0.17502050298115468,0.18198031459428965,0.1892168879402801,0.19674122864126548,0.20456477996557726,0.21269944023104392,0.22115758090035012,0.2299520653959686,0.23909626866328254,0.24860409751164977,0.2584900117643407,0.2687690462495205,0.2794568336657186,0.2905696283565556,0.30212433103089303,0.31413851446599533,0.3266304502327942,0.3396191364839041,0.3531243268466473,0.36716656046502755,0.3817671932363459,0.3969484302899633,0.4127333597576,0.42914598788653635,0.44621127554911744,0.4639551762040761,0.4824046753674223,0.5015878316529133,0.5215338194445325,0.5422729732658623,0.5638368339138424,0.5862581964270634,0.6095711599615586,0.6338111796499343,0.6590151205227206,0.6852213135739396,0.7124696140561582,0.740801462093686,0.7702599457061012,0.8008898663379445,0.8327378069942516,0.865852203085544,0.9002834160900123,0.936083810144934,0.9733078316838042,1.0120120922402807,1.052255454544897,1.0940991220454686,1.1376067319873324,1.1828444521949946,1.22988108170237,1.2787881553846396,1.3296400527508787,1.3825141110629013,1.4374907429523356,1.494653558714845,1.5540894934674563,1.6158889393623783,1.680145883058406,1.7469580486589698,1.8164270463342052,1.888658526853091,1.9637623422606723,2.0418527129446984,2.123048401345808,2.2074728925754172,2.295254582215982,2.3865269715892867,2.481428870789722,2.580104609791286,2.6827042579494322,2.789383852231557,2.900305634523218,3.0156382983709986,3.135557245537307,3.260244852757184,3.389890749102972,3.5246921043785133,3.66485392898154,3.8105893856903745,3.962120113848968,4.119676566443384,4.283498360582436,4.453834641915357,4.630944463540784,4.81509717998341,5.006572856837285,5.205662696698924,5.412669482037952,5.627908035678754,5.851705699593532,6.084402832734925,6.3263533286652205,6.577925153769503,6.839500906871225,7.111478401101233,7.394271268905247,7.688309591109924,7.994040551004067,8.311929114429914
0.38,0.06690138553230533,0.06956176549940372,0.07232793731988504,0.07520410788012635,0.07819465135625787,0.0813041158665555,0.08453723038837038,0.08789891195011632,0.09139427310924982,0.09502862972761858,0.09880750905600104,0.10273665814013404,0.10682205256101145,0.11106990552274759,0.11548667730182459,0.12007908507209673,0.12485411312049283,0.12981902346895208,0.13498136691874965,0.1403489945340074,0.1459300695818536,0.15173307994739182,0.15776685104236066,0.16404055922711316,0.17056374576633201,0.17734633133970423,0.1843986311296201,0.19173137050884748,0.19935570135203703,0.20728321899586405,0.21552597987360378,0.22409651985095783,0.23300787329101613,0.24227359287735098,0.2519077702253917,0.26192505731342164,0.27234068876579637,0.2831705050222693,0.29443097642865934,0.306139228285503,0.3183130668927835,0.3309710066303442,0.34413229811517565,0.3578169574783973,0.3720457968064556,0.38684045579283954,0.4022234346484502,0.4182181283206697,0.43484886207317824,0.4521409284806283,0.4701206258944333,0.48881529843817917,0.5082533775934787,0.5284644254395192,0.5494791796120558,0.5713296000502354,0.5940489176023364,0.6176716845643545,0.6422338272282831,0.667772700520018,0.6943271448099776,0.7219375449828286,0.7506458918561695,0.7804958460415666,0.8115328043450667,0.8438039688081744,0.8773584184942943,0.912247184129803,0.9485233257132826,0.9862420132109385,1.02546061046092,1.0662387624141616,1.108638485844415,1.1527242636654236,1.198563142998691,1.246224837140983,1.2957818315866283,1.3473094942658788,1.400886190166978,1.4565934005162389,1.5145158466974158,1.574741619098816,1.637362311084092,1.702473158290487,1.7701731834663756,1.8405653470683512,1.9137567038469283,1.9898585656589876,2.0689866707545423,2.15126135979534,2.2368077588729633,2.325755969804747,2.4182412679969687,2.5144043081762093,2.6143913383017363,2.7183544219842846,2.8264516697494804,2.9388474794975834,3.0557127865253078,3.1772253234899317,3.3035698907110205,3.4349386372209585,3.5715313529915864,3.7135557727814352,3.861227892065717,4.01477229552943,4.1744224986232155,4.340421302701486,4.5130211642828115,4.692484578994177,4.879084480783154,5.073104657004896,5.274840180015434,5.484597855927585,5.702696691211874,5.929468377852241,6.165257797794295,6.410423547453236,6.665338483079276,6.930390287809868,7.205982061271124,7.492532932625184,7.790478697995863,8.100272483241872,8.422385433085775
0.38250000000000006,0.06778456258335076,0.07048006269804112,0.07328275124312626,0.07619689064083614,0.07922691281157553,0.082377425914136,0.08565322135393706,0.0890592810699564,0.09260078511142783,0.09628311951583379,0.10011188450017003,0.10409290297794312,0.10823222941485099,0.112536159036617,0.11701123740297834,0.12166427036239236,0.12650233440259773,0.1315327874127727,0.13676327987365872,0.14220176649266705,0.14785651830166252,0.1537361352358248,0.15984955921271735,0.1662060877314531,0.17281538801264143,0.17968751170062053,0.18683291015033232,0.19426245032209188,0.20198743130842436,0.2100196015181,0.21837117654350724,0.22705485773853326,0.2360838515352059,0.245471889528476,0.2552332493596864,0.26538277643048336,0.27593590648019944,0.28690868906104144,0.2983178119467836,0.31018062651209055,0.3225151741210686,0.3353402135651718,0.34867524959219826,0.362540562569763,0.37695723932835523,0.3919472052308944,0.40753325751755415,0.4237390999765649,0.4405893789937253,0.4581097210354497,0.4763267716223507,0.4952682358526376,0.5149629205369523,0.5354407780087304,0.556732951676706,0.5788718233888487,0.6018910626797566,0.6258256779764101,0.6507120698401524,0.6765880863258789,0.703493080542623,0.7314679705030748,0.7605553013530588,0.7907993100756163,0.8222459927680779,0.8549431745944668,0.8889405825196045,0.9242899209355334,0.9610449502952836,0.9992615688735657,1.038997897778726,1.08031436934527,1.123273819041374,1.1679415810311595,1.2143855875370655,1.2626764721534487,1.3128876772684983,1.3650955657578763,1.4193795371199267,1.4758221482290788,1.534509238891093,1.59553006239111,1.6589774212330126,1.7249478082765768,1.793541553487032,1.8648629765202145,1.9390205453753788,2.016127041356962,2.096299730596134,2.179660542393054,2.266336254651022,2.3564586866845283,2.4501648996944705,2.547597405215412,2.6489043818518585,2.754239900633229,2.8637641593302288,2.9776437260889432,3.096051792753243,3.219168438260726,3.3471809025127377,3.4802838711351036,3.618679771562503,3.7625790808968413,3.9122006460078933,4.067772016362901,4.229529790091363,4.397719973811422,4.572598356764905,4.754430899830104,4.943494140004019,5.140075610968992,5.344474280383541,5.5570010045623635,5.777979001236962,6.00774434111596,6.246646458992671,6.4950486851771485,6.753328798061063,7.021879598655698,7.30110950797679,7.591443188184858,7.893322188425604,8.207205616352539,8.533570836353226
0.385,0.06867353095932104,0.07140438151765317,0.07424382624127396,0.07719618345243578,0.08026594319446899,0.08345777406038912,0.08677653029304844,0.09022725916763151,0.0938152086677185,0.09754583546659461,0.1014248132259401,0.10545804122452469,0.10965165333002717,0.11401202732762644,0.11854579461954949,0.12325985031032918,0.12816136369310976,0.13325778915294614,0.1385568775036819,0.14406668777564574,0.14979559947209312,0.15575232531303432,0.1619459244858304,0.1683858164227067,0.17508179512613967,0.18204404406390348,0.18928315165642615,0.19681012738001327,0.20463641851042721,0.21277392753228497,0.22123503024075428,0.23003259456307637,0.23918000012853785,0.2486911586166575,0.25858053491453376,0.2688631691155257,0.2795546993927296,0.290671385782035,0.3022301349109281,0.31424852571065565,0.32674483615085065,0.3397380710372767,0.35324799091497167,0.36729514212074404,0.38190088803072625,0.39708744155050996,0.4128778988972751,0.42929627472528564,0.44636753864817746,0.4641176532135813,0.48257361338782806,0.5017634876107971,0.5217164604833334,0.5424628771521656,0.5640342894598128,0.5864635039296824,0.6097846316593234,0.6340331401977249,0.6592459074855419,0.6854612779403025,0.712719120771876,0.7410608906168962,0.7705296905843539,0.8011703378082495,0.8330294316069773,0.8661554243531279,0.9005986951614734,0.9364116265072028,0.973648683890937,1.0123664986716852,1.0526239541936975,1.094482275338221,1.138005121636346,1.1832586840845387,1.2303117858101174,1.279235986739766,1.3301056924302486,1.382998267226869,1.4379941519217472,1.4951769860908553,1.5546337352958757,1.6164548233443357,1.6807342698091388,1.7475698330166722,1.8170631587209387,1.8893199346897942,1.9644500514384415,2.0425677693545947,2.1237918924694736,2.208245949138949,2.2960583799095913,2.387362732855323,2.482297866681791,2.581008161907331,2.6836437404416538,2.790360693896264,2.9013213209738,3.0166943742972943,3.1366553170548044,3.2613865898496894,3.391077888162334,3.5259264508454047,3.66613736009126,3.811923853327757,3.9635076475169035,4.121119276349375,4.2849984408478266,4.455394373912243,4.632566219361633,4.816783426048558,5.008326157646002,5.207485718729575,5.414564997803238,5.629878927942286,5.853754965754017,6.086533589384685,6.32856881633005,6.580228741836952,6.841896098714859,7.1139688394087095,7.396860741218228,7.6910020355842645,7.996840062399147,8.314839950336058,8.645485324232265
0.38750000000000007,0.06956829066021623,0.07233472195823991,0.0752111623143282,0.07820198631492538,0.08131174250493838,0.08454516030531495,0.08790715720570459,0.09140284624314166,0.09503754377812185,0.09881677757990116,0.10274629523331134,0.10683207287987885,0.11108032430654001,0.11549751039577612,0.12009034895153808,0.1248658249159074,0.12983120099202913,0.13499402868947258,0.14036215980881933,0.1459437583829436,0.15174731309314546,0.1577816501790205,0.16405594686169997,0.17057974530087405,0.17736296710682692,0.18441592842955312,0.19174935564790183,0.19937440168261175,0.2073026629580458,0.2155461970384191,0.22411754096534503,0.23302973032458724,0.24229631907101207,0.25193140014189574,0.2619496268899341,0.272366235368549,0.28319706750338725,0.2944585951852502,0.30616794532109337,0.3183429258811985,0.33100205298212976,0.3441645790466595,0.35785052208349616,0.37208069613134087,0.386876742913569,0.40226116475168683,0.4182573587876133,0.43488965256683215,0.4521833410365351,0.4701647250150234,0.4888611511908659,0.5083010537126584,0.5285139974326232,0.5495307228698256,0.5713831929613765,0.5941046416727366,0.6177296245410375,0.6422940712282991,0.6678353401644522,0.6943922753632895,0.7220052654977369,0.7507163053242928,0.7805690595500553,0.8116089292394668,0.8438831208617656,0.8774407180841586,0.9123327564199024,0.9486123008448115,0.9863345265002432,1.0255568026052977,1.066338779705835,1.108742480393016,1.1528323936293314,1.1986755728255631,1.2463417378178479,1.2959033808999358,1.3474358770718815,1.4010175986728597,1.4567300345724399,1.5146579141015686,1.5748893359117648,1.6375159019584948,1.702632856812471,1.7703392325107763,1.8407379991680957,1.9139362215770925,1.9900452220361178,2.0691807496518866,2.1514631563745623,2.237017580033027,2.3259741346486744,2.4184681083171338,2.5146401689589326,2.6146365782519663,2.7186094140711226,2.8267168017733924,2.939123154680198,3.0559994241226396,3.1775233594299914,3.3038797782568223,3.435260847659812,3.571866376351867,3.7139041185778603,3.8615900900741864,4.015148896592748,4.174814075488859,4.340828450892607,4.5134445030039485,4.692924752072999,4.8795421576495475,5.07358053370911,5.275334980286646,5.485112332274535,5.7032316260673594,5.93002458476304,6.16583612265842,6.411024869806439,6.665963717432653,6.931040385040671,7.20665801006891,7.493235760995445,7.791209474823411,8.101032319916493,8.423175485192438,8.758128896722896
0.39,0.0704688416860363,0.07327108401980129,0.07618475946228889,0.07921429922830484,0.08236431074298355,0.08563958464891337,0.08904510209190537,0.09258604229648677,0.09626779044263778,0.10009594585575336,0.10407633052228363,0.10821499794400544,0.11251824234438948,0.11699260824106586,0.12164490039894403,0.12648219417912684,0.13151184629935567,0.13674150602235186,0.14217912678907077,0.14783297831456044,0.15371165916481944,0.15982410983378323,0.16617962634032588,0.17278787436595508,0.17965890395470294,0.1868031647975694,0.19423152212475914,0.20195527322988716,0.20998616465128006,0.21833641003650225,0.22701870871727933,0.23604626502306572,0.24543280836262846,0.25519261410419036,0.265340525285887,0.27589197518955283,0.28686301081217186,0.2982703172706867,0.31013124317727897,0.32246382702371884,0.3352868246149056,0.3486197375933196,0.3624828430977716,0.3768972246015529,0.39188480397688297,0.4074683748344245,0.4236716371885684,0.4405192335012039,0.4580367861587978,0.47625093643977545,0.49518938503146337,0.5148809341582207,0.5353555313848206,0.5566443151617095,0.5787796621813968,0.601795236618011,0.6257260413248986,0.6506084710681325,0.6764803678768827,0.703381078594839,0.7313515147202049,0.760434214625265,0.790673408250162,0.822115084369268,0.8548070605324422,0.8887990557875579,0.9241427662948903,0.9608919439483591,0.9991024781232012,1.0388324806744027,1.0801423743151384,1.1230949845096536,1.1677556350203289,1.214192247254231,1.2624754435602557,1.3126786546339577,1.3648782311933945,1.4191535600958463,1.475587185072004,1.534264932261218,1.5952760407387598,1.6587132982335873,1.7246731822430086,1.7932560067588859,1.8645660748285025,1.9387118371821066,2.015806057168406,2.0959659822488366,2.179313522311398,2.265975435075285,2.3560835188682674,2.449774813069959,2.547191806525893,2.6484826542493174,2.7538014027402626,2.86330822426461,2.9771696604494178,3.0955588755649757,3.2186559198788043,3.346648003482123,3.479729781005168,3.6181036476544852,3.7619800470223006,3.9115777911361236,4.067124393235426,4.228856413781346,4.3970198202257,4.571870361086538,4.753673954899,4.942707094633064,5.139257268193337,5.343623395640198,5.5561162837974205,5.777059098937573,6.00678785826403,6.245651940937162,6.494014619421829,6.752253611964248,7.0207616570384905,7.299947110636293,7.590234567308434,7.892065505902288,8.205898960977636,8.532212220921668,8.871501553825114
0.39250000000000007,0.07137518403678128,0.07421346770233737,0.0771646176851561,0.08023312219257421,0.0834236479086046,0.08674104709118449,0.09019036495165085,0.09377684732766696,0.0975059486612664,0.10138334029415128,0.10541491909285709,0.10960681641690462,0.11396540744357565,0.11849732086349575,0.12320944896176743,0.1281089580999876,0.1332032996150895,0.13850022115158417,0.14400777844443652,0.14973434757049642,0.1556886376871152,0.1618797042773226,0.16831696292170828,0.1750102036179498,0.18196960566976803,0.18920575316795235,0.1967296510869982,0.2045527420218396,0.21268692359012992,0.22114456652653453,0.2299385334965573,0.239082198658512,0.2485894680033872,0.2584748005035416,0.26875323010239277,0.27944038857853754,0.2905525293190839,0.3021065520383447,0.31412002847948517,0.32661122913821694,0.3395991510491786,0.3531035466772574,0.36714495395779806,0.3817447275313806,0.3969250712206685,0.4127090717987234,0.4291207341001407,0.4461850175284014,0.4639278740149658,0.482376287487838,0.5015583149096212,0.5215031289474845,0.5422410623399262,0.5638036540278181,0.5862236971198739,0.6095352887655061,0.6337738820109069,0.6589763397172256,0.6851809906228338,0.7124276876349519,0.7407578684392806,0.7702146185198124,0.8008427366846746,0.8326888031976531,0.8658012506190077,0.9002304374633266,0.9360287247864381,0.9732505558178464,1.0119525387598123,1.0521935328790006,1.094034738021608,1.1375397876881352,1.1827748458093397,1.2298087073705433,1.2787129030373416,1.3295618079418323,1.3824327547947888,1.43740615149583,1.49456560342044,1.553998040569805,1.6157938497768616,1.6800470121696127,1.7468552461007532,1.8163201557610038,1.8885473857021597,1.9636467815048388,2.0417325568353077,2.122923467145446,2.207342990279982,2.2951195142657266,2.386386532568373,2.4812828471137998,2.579952779382673,2.6825463898993847,2.7892197064490776,2.9001349613699205,3.0154608382814643,3.135372728624306,3.260052998401243,3.389691265525595,3.524484688198406,3.664638264753264,3.8103651454245866,3.961886956513574,4.119434137444939,4.283246291226841,4.453572548847112,4.630671948160014,4.81481382783964,5.006278236999112,5.205356361098682,5.412350964790239,5.627576852371903,5.851361346552936,6.084044786256991,6.325981044220912,6.57753806517623,6.839098425431738,7.111059914708323,7.393836141110867,7.687857160157199,7.993570128820904,8.311439985582586,8.641950157523762,8.985603295538924
0.395,0.07228731771245112,0.0751618730058481,0.07815073698292982,0.08125845520773349,0.0844897540018015,0.08784954763212827,0.09134294578494105,0.0949752613366821,0.09875201843400763,0.1026789608950948,0.1067620609450316,0.1110075282985763,0.11542181960409843,0.12001164826306575,0.12478399464000818,0.12974611667848956,0.1349055609392306,0.14027017407716932,0.14584811477491633,0.15164786615075143,0.1576782486600326,0.16394843350963856,0.17046795660584715,0.17724673305685826,0.1842950722520219,0.1916236935407019,0.19924374253461902,0.20716680805846902,0.21540493977459546,0.22397066650851585,0.2328770153031789,0.24213753123092588,0.25176629799328804,0.26177795933994935,0.2721877413394512,0.2830114755355029,0.29426562302412307,0.30596729948822415,0.31813430122771175,0.3307851322246925,0.3439390322849484,0.3576160062984726,0.37183685466357547,0.3866232049208237,0.40199754464492554,0.41798325564458316,0.43460464952232997,0.45188700464842435,0.469856604605039,0.48854077815921076,0.507967940825339,0.5281676380804495,0.5491705902979398,0.5710087394681508,0.5937152977768076,0.6173247981152215,0.6418731465990618,0.667397677175578,0.6939372084023051,0.7215321024836276,0.7502243266549635,0.7800575170079352,0.8110770448535932,0.8433300857246223,0.8768656911214616,0.9117348631114643,0.947990631894545,0.9856881364532726,1.0248847084100754,1.0656399592190906,1.108015870825243,1.1520768899284597,1.1978900259963632,1.2455249531744996,1.2950541162491052,1.3465528408235587,1.4000994478760642,1.4557753728728107,1.5136652896177476,1.5738572390273278,1.6364427630260687,1.701517043766571,1.7691790483857033,1.839531679517128,1.9126819317890669,1.9887410545452875,2.0678247210368217,2.1500532043417144,2.2355515602803147,2.3244498176043487,2.4168831757489904,2.5129922104486546,2.6129230875292735,2.7168277852021676,2.8248643251975647,2.937197013089322,3.0539966881763347,3.175440983300627,3.301714594997307,3.433009564387234,3.5695255692395227,3.7114702276482,3.859059413784711,4.012517586206533,4.172078129221283,4.337983707825343,4.510486636756837,4.689849264224373,4.876344370894915,5.070255584747691,5.27187781242515,5.481517687736765,5.6994940379979795,5.9261383689134455,6.161795368741917,6.406823432509668,6.661595207069632,6.9264981578351215,7.201935158050168,7.488325101492622,7.78610353954174,8.095723343579255,8.417655393731334,8.752389294998707,9.100434121864323
0.3975000000000001,0.07320524271304586,0.07611629993033352,0.07914311735561004,0.08229029827378266,0.08556262902257426,0.08896508627174472,0.09250284459177595,0.09618128432353233,0.10000599976086154,0.10398280765858406,0.10811775607880722,0.11241713358902047,0.1168874788259579,0.1215355904397759,0.12636853743366638,0.13139366991463286,0.13661863027177892,0.14205136479910746,0.14770013578051033,0.15357353405532556,0.15968049208357174,0.16603029753073117,0.17263260739274242,0.17949746268268044,0.18663530370146475,0.19405698591581821,0.2017737964676215,0.20979747133977555,0.21814021320467664,0.2268147099824463,0.23583415413714412,0.2452122627403076,0.25496329833233117,0.2651020906134138,0.27564405899706246,0.28660523606044896,0.2980022919272896,0.3098525596203251,0.3221740614219588,0.3349855362831458,0.34830646832221523,0.36215711645696563,0.3765585452151038,0.3915326567698825,0.40710222424965403,0.4232909263720039,0.4401233834551364,0.457625194861273,0.4758229779290175,0.494744408453894,0.5144182627786171,0.5348744615571163,0.5561441152588615,0.578259571482708,0.6012544641521981,0.6251637646671572,0.6500238350893641,0.6758724834431896,0.7027490212152973,0.7306943231408666,0.7597508893672544,0.7899629100896336,0.8213763327569176,0.8540389319501753,0.8880003820398042,0.9233123327319713,0.9600284876192114,0.9982046858546383,1.0378989870739914,1.0791717596946737,1.1220857727260445,1.166706291230628,1.2131011755813996,1.2613409846661003,1.311499083195547,1.3636517532791375,1.4178783104372212,1.4742612242267872,1.5328862436639272,1.5938425276337884,1.6572227804863822,1.7231233930244625,1.7916445890978596,1.8628905780272604,1.9369697130892247,2.013994656303454,2.094082549772949,2.177355193837642,2.2639392323123957,2.353966345091153,2.4475734484101204,2.5449029030745254,2.6461027309656933,2.7513268401576676,2.860735258985726,2.9744943794228154,3.0927772101340296,3.2157636395939417,3.343640709666998,3.4766029000670438,3.6148524241285207,3.7585995363392946,3.90806285210268,4.063469680215005,4.225056368564465,4.393068663576851,4.56776208395488,4.749402309279619,4.938265584064829,5.134639137878801,5.338821622172738,5.551123564479778,5.771867840675649,6.0013901660191005,6.240039605718811,6.488179105803435,6.746186045102043,7.014452809174399,7.293387387064025,7.5834139917815655,7.884973705462055,8.19852515017734,8.524545185423886,8.863529633346515,9.215994032801314
0.4,0.07412895903856546,0.07707674847579359,0.08014175880319672,0.0833286513907217,0.08664227297092285,0.09008766301003378,0.09367006137215553,0.09739491628821749,0.10126789264182803,0.10529488058461889,0.10948200449418392,0.11383563228823715,0.11836238510915395,0.12306914739362615,0.1279630773427419,0.13305161780841743,0.13834250761273442,0.14384379331739844,0.14956384146121843,0.1555113512842187,0.16169536795773248,0.16812529634060033,0.1748109152823941,0.18176239249541623,0.1889903000180965,0.1965056302933011,0.20431981288600565,0.21244473186575896,0.22089274388037344,0.22967669694832582,0.2388099499984529,0.24830639318665684,0.25818046902051645,0.26844719432393455,0.2791221830752262,0.29022167015337574,0.3017625360285831,0.31376233243464735,0.3262393090622263,0.33921244131357664,0.35270145916097895,0.3667268771527359,0.381310025612383,0.39647308307855655,0.4122391100348538,0.4286320839809856,0.4456769358985597,0.4633995881669469,0.481826993986901,0.5009871783718873,0.5209092807694552,0.5416235993774838,0.563161637222691,0.5855561500714892,0.6088411962460452,0.6330521884213133,0.6582259474818131,0.6844007585200604,0.7116164290618093,0.7399143496066681,0.7693375565761523,0.7999307977649069,0.8317406003946475,0.8648153418743119,0.8992053233740351,0.9349628463248469,0.9721422919604369,1.0108002040219426,1.0509953747515595,1.0927889343057489,1.1362444437240113,1.1814279915946388,1.2284082945644486,1.2772568018453447,1.3280478038766657,1.3808585453085684,1.4357693424782583,1.4928637055577603,1.552228465558978,1.613953906389184,1.6781339021578017,1.7448660599432866,1.814251868237221,1.8863968512913984,1.9614107296026322,2.039407586779336,2.120506043043688,2.204829435633227,2.2925060063762235,2.3836690967261385,2.47845735055176,2.5770149249914094,2.679491709691932,2.7860435547658815,2.8968325078135573,3.0120270603703982,3.1318024041545485,3.256340697504247,3.3858313424103126,3.5204712725650213,3.6604652528653965,3.8060261908265463,3.957375460378489,4.114743238538985,4.278368855474477,4.4485011584813625,4.625398890441235,4.8093310833257465,5.000577467349374,5.19942889639244,5.406187790341443,5.621168595019275,5.844698260404913,6.077116737869899,6.318777497187671,6.570048064102206,6.831310579273456,7.1029623794495675,7.38541660174989,7.6791028119776925,7.984467657918141,8.301975548615161,8.632109360660236,8.975371172567172,9.332283028349888
