,7.943282347242822e-06,8.738042273014894e-06,9.61232138392993e-06,1.0574075920106172e-05,1.163205817806895e-05,1.279589615965441e-05,1.407618119013228e-05,1.548456430290268e-05,1.7033862267900677e-05,1.8738174228603867e-05,2.0613010009079256e-05,2.2675431258708044e-05,2.4944206719053595e-05,2.743998302585447e-05,3.0185472600499242e-05,3.3205660340860115e-05,3.652803099244284e-05,4.018281926900847e-05,4.4203284998850607e-05,4.8626015800653536e-05,5.349126004338568e-05,5.884329312027767e-05,6.473082037010408e-05,7.120742031249017e-05,7.833203223083892e-05,8.616949254004805e-05,9.479112482014912e-05,0.00010427538888537688,0.00011470859479542014,0.0001261856883066021,0.00013881111491086522,0.00015269977032561215,0.00016797804608418705,0.00018478497974222906,0.00020327352016717137,0.00022361191942545352,0.0002459852639341013,0.0002705971588106758,0.00029767158074975715,0.00032745491628777317,0.0003602182040050863,0.00039625960107014265,0.00043590709657208624,0.00047952149633409444,0.0005274997063702619,0.0005802783448666185,0.0006383377155565468,0.0007022061786496826,0.0007724649590912509,0.0008497534359086447,0.0009347749607801277,0.0010283032587766205,0.0011311894695255262,0.0012443698928736042,0.001368874509537082,0.0015058363542798416,0.0016565018269188378,0.0018222420349904157,0.0020045652712997017,0.0022051307399030455,0.002425763655434669,0.0026684718531865795,0.0029354640610991657,0.0032291699999439,0.003552262494616665,0.003907681797762097,0.004298662347082277,0.004728762199830451,0.005201895412353809,0.00572236765935022,0.0062949154169864956,0.006924749066457891,0.007617600310246124,0.0083797743325801,0.009218207178777464,0.010140528875638693,0.011155132867310928,0.012271252398511904,0.01349904454022734,0.01484968262254465,0.01633545791579341,0.017969891485325937,0.019767857237854843,0.021745717279111433,0.023921470814626387,0.026314917948680537,0.028947839872052804,0.031844197078335454,0.035030347412653345,0.03853528593710531,0.042390908795785394,0.0466323034806468,0.0512980681397268,0.05643066283354773,0.062076795936247604,0.06828784919782344,0.0751203453356997,0.08263646241086528,0.09090459966957957,0.1
0.01,9.088686649943194,9.088687034512732,9.088687457560125,9.088687922935248,9.088688434873175,9.088688998032717,9.08868961753882,9.0886902990292,9.088691048705655,9.088691873390498,9.088692780588644,9.088693778555909,9.088694876374136,9.088696084033849,9.088697412525164,9.08869887393781,9.088700481571145,9.088702250055182,9.088704195483734,9.08870633556087,9.088708689762024,9.088711279511237,9.088714128376116,9.08871726228231,9.088720709749442,9.088724502150644,9.088728673998071,9.088733263256966,9.088738311691165,9.088743865243147,9.088749974452146,9.08875669491406,9.088764087787402,9.088772220349856,9.088781166610534,9.088791007983483,9.088801834028573,9.088813743266533,9.08882684407552,9.088841255677394,9.088857109222682,9.088874548984089,9.088893733669435,9.088914837865946,9.08893805362906,9.088963592230192,9.088991686079385,9.089022590840319,9.089056587756934,9.089093986212847,9.089135126546857,9.089180383150136,9.089230167873323,9.089284933774502,9.089345179242194,9.089411452530854,9.089484356750186,9.08956455535364,9.08965277817607,9.08974982807549,9.089856588239343,9.089974030221827,9.090103222785364,9.090245341626714,9.090401680076214,9.090573660867536,9.090762849085054,9.090970966406658,9.09119990677161,9.091451753616056,9.091728798833016,9.092033563629402,9.09236882146989,9.092737623316397,9.093143325392914,9.093589619728313,9.094080567755093,9.09462063726985,9.095214743091791,9.095868291789321,9.096587230881717,9.09737810296367,9.09824810524521,9.099205155048878,9.100257961860201,9.101416106587124,9.102690128749726,9.104091622393673,9.10563334160024,9.107329316553129,9.109194981218284,9.111247313798714,9.113504991242467,9.115988559209873,9.118720619046847,9.121726033465777,9.125032152805819,9.128669063931653,9.132669864035853,9.137070961836562
0.0198989898989899,9.088698025857672,9.088699548636901,9.088701223776813,9.088703066521752,9.088705093641334,9.088707323583042,9.08870977664011,9.0887124751362,9.088715443628555,9.08871870913147,9.08872230136215,9.08872625301112,9.08873060003975,9.088735382007489,9.088740642431883,9.088746429184607,9.088752794927094,9.088759797589788,9.088767500899323,9.08877597495846,9.088785296884051,9.088795551508818,9.088806832153368,9.088819241475441,9.08883289240413,9.088847909167573,9.088864428423474,9.088882600502737,9.088902590777524,9.088924581166202,9.088948771788859,9.08897538278847,9.089004656334277,9.089036858825596,9.089072283316163,9.089111252181011,9.089154120050196,9.089201277036057,9.089253152283366,9.089310217874695,9.089372993126537,9.089442049315254,9.089518014875894,9.089601581121169,9.089693508532632,9.089794633681327,9.089905876840875,9.090028250362277,9.090162867886656,9.090310954479781,9.09047385778059,9.090653060265165,9.090850192737777,9.091067049171777,9.091305603035368,9.09156802525085,9.091856703950775,9.092174266210769,9.092523601956856,9.092907890264764,9.09333062829065,9.09379566309643,9.094307226659389,9.094869974384661,9.09548902747106,9.096170019515784,9.09691914778214,9.097743229596846,9.09864976439012,9.099647001943163,9.100744017464137,9.101950794175803,9.103278314166467,9.10473865833095,9.10634511631115,9.108112307436647,9.110056313765998,9.112194826439445,9.114547306674911,9.117135162872417,9.119981945438681,9.123113561104855,9.126558508687838,9.130348138440688,9.13451693735238,9.13910284299328,9.144147588762506,9.149697083679147,9.155801830173651,9.162517383681564,9.169904858222218,9.17803148256347,9.186971212034033,9.196805401551265,9.207623545989582,9.219524094627387,9.232615347084689,9.24701643890524,9.262858425752881,9.280285476089349
0.029797979797979796,9.08871693447228,9.088720349140594,9.088724105461313,9.088728237618248,9.088732783215448,9.088737783619404,9.088743284335512,9.088749335422175,9.088755991946366,9.088763314484734,9.088771369674895,9.088780230821847,9.088789978565067,9.08880070161237,9.088812497547167,9.088825473716517,9.088839748208015,9.088855450924438,9.0888727247659,9.088891726930285,9.08891263034382,9.088935625234749,9.088960920864473,9.088988747431914,9.089019358168393,9.089053031642129,9.089090074293297,9.08913082322275,9.089175649259744,9.089224960336615,9.089279205201109,9.089338877500127,9.089404520272096,9.089476730888798,9.089556166491663,9.089643549971978,9.089739676549451,9.089845421008983,9.089961745661506,9.090089709101363,9.09023047583986,9.090385326902734,9.090555671487923,9.090743059789766,9.090949197106296,9.091175959358045,9.091425410159578,9.091699819599098,9.092001684897033,9.092333753131616,9.092699046238248,9.093100888510175,9.093542936850705,9.094029214052313,9.094564145405464,9.095152598970307,9.095799929877737,9.096512029062978,9.097295376875177,9.098157102050875,9.099105046588054,9.100147837111116,9.101294963376263,9.102556864631685,9.103945024618508,9.105472076077001,9.107151915709139,9.108999830643691,9.111032637554763,9.113268835699785,9.115728775269712,9.118434842583465,9.121411663811985,9.124686329085902,9.12828863902628,9.132251375942031,9.136610602162028,9.141405988216889,9.14668117385711,9.15248416519299,9.158867771570604,9.165890086159644,9.17361501462683,9.182112856706155,9.19146094595872,9.20174435354441,9.213056662410327,9.225500818941724,9.23919006982619,9.254248992657404,9.270814629657918,9.289037734838947,9.309084145947589,9.331136293687658,9.355394861949668,9.382080614159952,9.411436402370809,9.443729377376789,9.479253419971867,9.51833181547493
0.039696969696969696,9.08874337578703,9.088749436023818,9.088756102613637,9.088763436224745,9.088771503595526,9.088780378141818,9.088790140625044,9.08880087988715,9.088812693659115,9.088825689450317,9.08883998552692,9.088855711988131,9.088873011950149,9.088892042848567,9.0889129778711,9.088936007533642,9.088961341414034,9.088989210059287,9.089019867083648,9.089053591476565,9.089090690141603,9.089131500689355,9.089176394509828,9.08922578015221,9.089280107042818,9.08933986957502,9.089405611608395,9.08947793141804,9.089557487139075,9.089645002755907,9.089741274690729,9.089847179051244,9.089963679603542,9.090091836542708,9.090232816140963,9.09038790136114,9.09055850353209,9.09074617519227,9.090952624218371,9.09117972936759,9.091429557374983,9.09170438176145,9.092006703523577,9.092339273893586,9.092705119376483,9.093107569292325,9.093550286074194,9.094037298597613,9.094573038844727,9.095162382236907,9.095810692002782,9.096523867985532,9.097308400333535,9.098171428563024,9.099120806530225,9.100165173904259,9.101314034791223,9.10257784422498,9.10396810331175,9.10549746389436,9.107179843688632,9.109030552939721,9.11106643375101,9.113306013353526,9.115769672710712,9.1184798319929,9.121461154609438,9.124740771655238,9.128348528814318,9.132317257967301,9.136683075974668,9.14148571335479,9.14676887584798,9.152580642156972,9.158973901483499,9.166006834842882,9.17374344453687,9.182254136603325,9.191616361543469,9.2019153191578,9.213244733905224,9.225707707841835,9.239417658901806,9.2544993530596,9.27109003976716,9.28934070099962,9.309417425277188,9.331502919168193,9.355798170029678,9.382524275118303,9.411924453718656,9.444266260601669,9.479844020958367,9.51898150896979,9.562034894391424,9.609395983969696,9.661495787191367,9.718808438818389,9.78185551390782,9.851210774588061
0.049595959595959596,9.088777349801923,9.08878680928658,9.088797215233795,9.08880866234126,9.088821254781585,9.088835107150306,9.08885034550873,9.088867108531156,9.088885548766843,9.08890583402827,9.088928148918281,9.088952696510045,9.088979700195074,9.089009405716178,9.089042083403802,9.089078030636133,9.089117574545327,9.089161074994548,9.089208927852829,9.089261568597616,9.089319476277778,9.0893831778731,9.08945325308999,9.089530339637006,9.089615139028217,9.089708422967233,9.089811040369963,9.089923925090051,9.090048104417265,9.090184708426188,9.090334980260279,9.09050028744492,9.090682134332365,9.090882175791865,9.091102232269556,9.091344306355138,9.091610601006153,9.091903539595648,9.092225787965726,9.09258027868762,9.092970237749139,9.093399213912251,9.093871111008086,9.094390223463154,9.09496127538013,9.09558946352886,9.096280504638791,9.097040687423233,9.09787692980888,9.098796841891398,9.099808795190018,9.100921998831355,9.10214658335577,9.103493692908948,9.10497558665767,9.1066057503527,9.10839901905407,9.110371712135604,9.112541781797287,9.114928976437005,9.117555020368437,9.12044381152058,9.123621638918097,9.127117421921659,9.130962973405497,9.135193289267221,9.13984686690459,9.14496605555757,9.150597441703999,9.156792273016192,9.163606924736756,9.171103412717944,9.17934995779358,9.188421606619714,9.198400914634155,9.209378697350303,9.221454856822726,9.234739290805965,9.24935289288076,9.265428652649742,9.283112866015468,9.302566466555502,9.323966490111479,9.347507685921492,9.373404288958879,9.401891969607789,9.433229978419808,9.467703505471604,9.50562627579656,9.547343404512102,9.593234537627856,9.643717307119891,9.699251131716352,9.760341397986052,9.827544059782532,9.901470697903278,9.982794086011651,10.072254313475943,10.170665520847475,10.278923309273992
0.059494949494949496,9.088818856516976,9.088832468928896,9.0888474433218,9.088863915967808,9.088882036773654,9.088901970644896,9.088923898986607,9.08894802135423,9.088974557269598,9.08900374821865,9.089035859849053,9.089071184387675,9.08911004329995,9.08915279021533,9.08919981414543,9.089251543024172,9.089308447602125,9.089371045730498,9.089439907073775,9.089515658293841,9.089598988752835,9.089690656786575,9.089791496605677,9.089902425887166,9.09002445412564,9.090158691820035,9.090306360579532,9.090468804240643,9.090647501096566,9.09084407735018,9.091060321913048,9.091298202685138,9.091559884463381,9.091847748642097,9.09216441488449,9.092512764962507,9.092895968981962,9.09331751423161,9.093781236918685,9.094291357079742,9.094852516984453,9.095469823381913,9.09614889397384,9.096895908537656,9.097717665164645,9.098621642124998,9.099616065922747,9.100709986159888,9.10191335789101,9.103237132217894,9.104693355948495,9.106295281227299,9.108057486134689,9.109996007352857,9.112128486105561,9.114474328699872,9.117054883130876,9.119893633356558,9.123016413010829,9.126451640499631,9.130230577619562,9.13438761405265,9.138960580326282,9.143991092086425,9.14952492881724,9.155612450453633,9.162309055678218,9.169675686073456,9.177779380717153,9.186693886268474,9.196500328096743,9.207287948560829,9.219154919158015,9.232209233933647,9.246569692282325,9.26236698008508,9.279744859021873,9.298861474883378,9.319890796789037,9.343024200409808,9.368472209604695,9.396466412321963,9.427261568201974,9.461137927063382,9.49840377937374,9.539398261916965,9.584494444192691,9.63410272363756,9.68867456056906,9.748706586844262,9.814745125626837,9.887391163396954,9.967305819454035,10.055216362689412,10.151922830385683,10.258305309277405,10.375331945133421,10.504067753749323,10.645684313529888,10.801470427861537
0.06939393939393938,9.088867895932196,9.08888641495078,9.088906786877676,9.088929197104415,9.088953849571755,9.08898096862562,9.089010801058715,9.089043618356428,9.08907971916744,9.089119432021533,9.089163118319323,9.089211175621129,9.089264041264908,9.089322196346183,9.089386170096175,9.089456544697995,9.089533960584703,9.089619122267475,9.089712804746897,9.089815860565736,9.08992922756737,9.0900539374305,9.090191125057762,9.090342038903747,9.090508052336368,9.090690676134976,9.090891572238982,9.091112568872083,9.091355677179717,9.091623109531202,9.091917299653057,9.092240924776757,9.092596930002474,9.09298855510052,9.09341936399438,9.093893277193667,9.094414607472126,9.094988099115405,9.095618971095705,9.096312964566273,9.097076395107933,9.097916210203104,9.098840052460364,9.099856329164906,9.100974288787862,9.1022041051507,9.103556970010683,9.105045194909922,9.106682323214901,9.108483253366087,9.110464374459232,9.112643715392256,9.115041108934959,9.117678372214733,9.120579505260732,9.12377090941337,9.127281627586795,9.131143608570827,9.135391997777663,9.14006545707931,9.145206516646429,9.150861961990564,9.157083259732044,9.163927025968336,9.171455541505319,9.179737318640413,9.188847724655727,9.198869667695467,9.209894351269618,9.222022104250515,9.23536329391598,9.250039330348509,9.2661837713315,9.283943537798121,9.303480250894664,9.324971702826995,9.34861347487647,9.374620717311027,9.403230107390687,9.434702003287699,9.469322813524512,9.507407603494466,9.549302962787673,9.59539015941838,9.646088609661103,9.701859695075212,9.763210961457354,9.830700737936748,9.904943218251878,9.986614050452863,10.076456485900314,10.175288143520596,10.284008450875621,10.403606829763241,10.53517170083828,10.679900389195462,10.839110021052242,11.014249510685985,11.206912746698471,11.418853097591589
0.07929292929292929,9.088924468047605,9.088948647352254,9.088975245901443,9.089004505751106,9.089036693175926,9.089072101092523,9.089111051725103,9.089153899537804,9.08920103446044,9.089252885437004,9.089309924329196,9.089372670210533,9.089441694090102,9.08951762410892,9.089601151256261,9.08969303565787,9.08979411349339,9.089905304605875,9.090027620872675,9.09016217541388,9.090310192722093,9.090473019805732,9.090652138447277,9.090849178688002,9.091065933661909,9.091304375913884,9.091566675350524,9.091855218987046,9.092172632669959,9.092521804973178,9.092905913485048,9.093328453725517,9.093793270956589,9.094304595175538,9.094867079609392,9.095485843060915,9.096166516491527,9.09691529426504,9.097738990518563,9.098645101173567,9.099641872151453,9.100738374414382,9.10194458651429,9.103271485401308,9.104731146318,9.106336852688468,9.108103217002371,9.11004631379399,9.112183825926445,9.114535205512372,9.117121850935487,9.119967301584017,9.12309745206818,9.126540787871173,9.130328644578267,9.134495493043053,9.139079253086098,9.144121638580767,9.149668537066747,9.155770427345962,9.162482838861283,9.16986685703867,9.177989679191695,9.186925226047608,9.196754814460258,9.207567897432092,9.219462878180016,9.23254800565384,9.246942359657266,9.262776934536987,9.280195831302427,9.299357569025696,9.320436527456781,9.343624533983357,9.369132609378319,9.397192888223342,9.42806073148656,9.462017050481409,9.499370863357447,9.540462107390448,9.585664732667023,9.635390105320155,9.69009075128916,9.750264474676715,9.816458888184531,9.889276396859385,9.969379680506304,10.05749772466337,10.154432455024265,10.261066035685207,10.378368897633077,10.507408570535198,10.649359398199735,10.805513226115053,10.977291158319785,11.166256490583589,11.37412893758002,11.60280028350519,11.854351598546463,12.131072177852078
0.08919191919191918,9.088988572863215,9.089019166133337,9.08905282039313,9.089089841907917,9.089130567586203,9.089175368045648,9.089224650985827,9.089278864898429,9.089338503148685,9.089404108465164,9.089476277878793,9.089555668156036,9.089643001775707,9.089739073503758,9.089844757625945,9.089961015904114,9.09008890632857,9.090229592746157,9.090384355451663,9.090554602838948,9.090741884217813,9.090947903913255,9.091174536775416,9.091423845241367,9.091698098104011,9.091999791158871,9.092331669916708,9.092696754588625,9.09309836757103,9.093540163680625,9.094026163414492,9.094560789538043,9.095148907333733,9.09579586887684,9.096507561741246,9.097290462578432,9.098151696057315,9.099099099701261,9.100141295212357,9.10128776693198,9.102548948151732,9.103936316060157,9.105462496189329,9.107141377311816,9.10898823783361,9.111019884833283,9.113254807012652,9.115713342950924,9.118417866193466,9.121392988859602,9.124665785622426,9.128266040098858,9.132226515892325,9.136583254754642,9.141375904580533,9.146648080219766,9.152447760390476,9.158827724305846,9.165846031987737,9.173566552638416,9.182059545878976,9.191402301144105,9.201679841052194,9.212985695152009,9.225422751087672,9.23910419092826,9.254154521183482,9.270710705879562,9.28892341300737,9.308958385686797,9.330997950526418,9.355242676906107,9.381913202284025,9.411252240140337,9.443526788832376,9.479030561464485,9.518086658887377,9.561050510154594,9.608313107197862,9.660304563160835,9.717498026776312,9.780413988412224,9.849625016976097,9.925760970788517,10.009514729849224,10.101648501663833,10.203000758018131,10.31449386582772,10.43714248150581,10.572062785238488,10.720482639198105,10.883752762131087,11.063359022002816,11.260935958553752,11.478281658810086,11.717374120901148,11.980389255076613,12.269720685712972,12.588001534486407,12.938128382917892
0.09909090909090908,9.08906021037905,9.089097971294054,9.089139510352762,9.08918520557488,9.08923547280263,9.08929076948505,9.089351598840953,9.08941851443838,9.089492125232264,9.089573101106124,9.089662178968249,9.0897601694578,9.089867964321922,9.089986544530937,9.090116989205523,9.090260485437078,9.090418339090668,9.090591986688842,9.090783008484491,9.0909931428417,9.091224302055451,9.09147858975418,9.091758320043523,9.092066038565479,9.092404545664646,9.092776921872325,9.09318655594043,9.093637175680316,9.094132881887166,9.094678185658669,9.095278049447586,9.095937932221824,9.096663839142973,9.097462376215395,9.098340810403213,9.099307135762272,9.100370146188908,9.101539515447556,9.102825885205494,9.104240961875869,9.105797623150316,9.10751003519067,9.109393781546235,9.111466004969888,9.113745563423501,9.116253201692505,9.1190117401713,9.122046282537582,9.125384444205526,9.129056603636839,9.133096178796787,9.137539931271064,9.142428300811137,9.147805773352658,9.15372128585609,9.16022867165388,9.167387150357104,9.175261866780092,9.183924483787605,9.19345383445992,9.203936639511014,9.215468296488945,9.228153747940786,9.24210843644319,9.257459355190207,9.27434620369975,9.292922659156684,9.313357774963157,9.335837519224425,9.360566467172065,9.38776966292761,9.417694667550762,9.450613812011921,9.486826675593814,9.526662812278714,9.570484749934783,9.618691289597805,9.671721134875817,9.730056884508473,9.794229424418013,9.864822759224124,9.942479327194244,10.027905846999962,10.121879749489295,10.225256253007782,10.338976146656716,10.464074352317992,10.601689343360176,10.753073505734424,10.919604535742153,11.102797978187573,11.304321019002717,11.526007657845238,11.769875398724109,12.038143610519747,12.333253724459102,12.657891452321547,13.015011227540343,13.407863091594837,13.840022270344443
0.10898989898989898,9.08913938059513,9.089185062834433,9.089235315780378,9.08929059675204,9.089351408825255,9.089418305410785,9.089491895290548,9.089572848157742,9.089661900711281,9.089759863360014,9.08986762759772,9.089986174116016,9.090116581728976,9.090260037190731,9.090417845995322,9.090591444257162,9.090782411780165,9.09099248643451,9.091223579971865,9.09147779542299,9.09175744623604,9.092065077329757,9.092403488253106,9.09277575866216,9.093185276346023,9.093635768056917,9.094131333424917,9.094676482266028,9.095276175623091,9.095935870913024,9.096661571591246,9.097459881785234,9.098338066394438,9.09930411720345,9.100366825610108,9.101535862630353,9.102821866907979,9.104236541530135,9.105792760529672,9.107504686043564,9.109387897193557,9.11145953186196,9.113738442652762,9.11624536845743,9.119003123186674,9.122036803385791,9.12537401662291,9.129045132728674,9.133083560173695,9.137526050099028,9.142413030766471,9.147788975472405,9.153702807273401,9.160208344206856,9.167364789058453,9.175237268133667,9.18389742393649,9.193424067149225,9.203903893846848,9.21543227447314,9.228114121758965,9.242064845481492,9.257411402753515,9.27429345340153,9.292864630947635,9.313293940762486,9.335767298113986,9.36048922010965,9.387684686931255,9.417601189301136,9.450510980814604,9.486713555637369,9.526538374118116,9.570347861122693,9.61854070437842,9.671555482847488,9.729874658151932,9.794028965376665,9.864602243211579,9.942236747391707,10.027638995792392,10.121586198374132,10.22493333049338,10.33862091394936,10.463683576576253,10.601259468273216,10.752600619156517,10.919084334088922,11.102225727269968,11.303691510942347,11.525315163679034,11.7691136162671,12.037305607011502,12.332331873472024,12.656877364356932,13.013895673680711,13.406635919517779,13.838672311933774,14.31393667915355,14.836754247952781
0.11888888888888888,9.089226083511482,9.089280440754504,9.08934023667601,9.089406015439437,9.089478375654133,9.08955797582292,9.089645540334695,9.089741866056611,9.089847829585855,9.08996439522697,9.090092623767374,9.09023368213088,9.090388853997112,9.090559551483437,9.090747327995707,9.090953892364805,9.091181124397593,9.091431091983806,9.09170606991456,9.092008560583755,9.092341316760715,9.09270736664136,9.093110041405835,9.093553005533423,9.094040290150579,9.094576329715595,9.095166002373738,9.095814674350075,9.096528248784027,9.097313219450013,9.098176729853117,9.099126638237513,9.100171589099304,9.10132109185453,9.102585607378284,9.103976643202452,9.105506858238448,9.107190177977923,9.109041921219868,9.111078939477354,9.11331977033258,9.115784806135837,9.118496479583616,9.121479467864727,9.124760917232237,9.12837069004497,9.132341636526752,9.136709893716576,9.141515214330301,9.146801328526688,9.152616341870102,9.159013173111552,9.166050035772189,9.173790967911962,9.182306414904732,9.191673870523491,9.201978582170081,9.213314326667518,9.225784263675335,9.23950187449468,9.254591994807235,9.271191950746763,9.289452808642704,9.309540749809722,9.33163858289528,9.355947407549218,9.382688444556617,9.412105049090332,9.444464925406118,9.480062563136816,9.519221917358866,9.562299356823065,9.60968690718211,9.661815818732268,9.719160491139862,9.782242790872067,9.85163680062531,9.927974043975789,10.011949232801086,10.104326589778797,10.20594680350079,10.317734679497786,10.440707556800561,10.575984566629044,10.72479681746208,10.888498599168427,11.068579708150484,11.266679005650484,11.484599332587782,11.724323916637172,11.988034420834927,12.278130797935031,12.597253131169092,12.948305660139829,13.334483210464366,13.75930026766117,14.226622959842725,14.740704240253743,15.306222589822903,15.928324591939097
0.12878787878787878,9.089320319128136,9.0893841050543,9.089454273039703,9.08953146163712,9.089616373289322,9.089709780721526,9.089812533973477,9.089925568135094,9.090049911856111,9.090186696707148,9.090337167477395,9.090502693502621,9.090684781126605,9.090885087409383,9.09110543520707,9.091347829760485,9.091614476943535,9.091907803337431,9.092230478313427,9.092585438325024,9.092975913630722,9.093405457690496,9.09387797950353,9.094397779181476,9.09496958708098,9.095598606851588,9.096290562790799,9.097051751937187,9.09788910137569,9.098810231276547,9.09982352424156,9.100938201588779,9.102164407269807,9.103513300183428,9.104997155725634,9.106629477500208,9.108425120206476,9.110400424822553,9.112573367314322,9.114963722223468,9.117593242623265,9.120485858079832,9.123667892420409,9.127168303290395,9.131018945679326,9.135254861813948,9.139914600056608,9.145040565711128,9.150679406928653,9.156882439225534,9.163706112476543,9.171212524633434,9.179469986844008,9.188553645114679,9.198546164174148,9.209538479761857,9.22163062618769,9.234932646694388,9.24956559490781,9.265662636489164,9.283370261015271,9.302849615116253,9.324277969003532,9.347850329735166,9.373781215901023,9.402306609879481,9.433686105433516,9.468205270191849,9.506178244516695,9.547950600410964,9.593902486484552,9.644452087602756,9.700059430703767,9.761230571422603,9.828522199624391,9.902546705762044,9.983977754166881,10.073556413993666,10.172097903615695,10.28049900984736,10.399746249511507,10.530924847622943,10.675228613888821,10.833970807399398,11.00859608837246,11.200693665704325,11.412011759959025,11.64447351339483,11.90019449179243,12.181501937332145,12.490955947700503,12.831372774134875,13.205850450398183,13.617796985890127,14.070961379439971,14.569467736000929,15.117852796711764,15.721107223863235,16.384721016488573,17.114733469897818
0.1386868686868687,9.089422087445117,9.089496055733859,9.089577424871495,9.089666935345146,9.089765401730887,9.089873720106683,9.089992876206992,9.0901239543933,9.090268147522185,9.090426767800711,9.090601258727984,9.090793208231482,9.091004363117746,9.091236644968925,9.091492167629847,9.091773256444727,9.092082469418617,9.092422620496148,9.09279680516939,9.093208428647918,9.093661236847414,9.094159350478803,9.094707302548171,9.095310079608714,9.095973167140126,9.096702599468403,9.09750501468034,9.098387715032489,9.099358733404285,9.10042690640013,9.101601954765654,9.102894571850008,9.104316520919225,9.105880742206203,9.107601470671579,9.109494365547102,9.111576652840451,9.113867282098342,9.11638709885452,9.119159034332048,9.122208314126203,9.125562687767166,9.129252681251597,9.133311874841285,9.13777720865699,9.142689318848554,9.148092907400613,9.154037148939395,9.160576138242744,9.167769382526084,9.175682342984375,9.184387030518542,9.193962661067872,9.204496376512457,9.216084037706432,9.228831096859286,9.242853557204699,9.258279028690708,9.275247889299076,9.293914562562891,9.31444892290925,9.33703784161704,9.361886887459788,9.389222197511364,9.419292535141027,9.452371553928065,9.488760288100405,9.52878989216325,9.572824654651749,9.6212653134366,9.674552702755868,9.733171765165302,9.797655964920482,9.868592142957215,9.946625857655247,10.032467259990836,10.12689755654639,10.230776119194273,10.345048306155798,10.470754065608773,10.609037400136556,10.76115677814336,10.928496586975507,11.112579731965324,11.315081496039271,11.53784478599994,11.782896904207497,12.052467998264502,12.349011356576039,12.675225734453498,13.034079913908737,13.428839720614016,13.863097743867197,14.34080603000521,14.866312046775178,15.444398245948271,16.080325584216585,16.77988139844583,17.54943207099342,18.39598096440221
0.1485858585858586,9.08953138846246,9.089616292793217,9.089709692171438,9.089812436563568,9.089925460978899,9.090049793978471,9.090186567035337,9.090337024831356,9.090502536584227,9.090684608507843,9.090884897519361,9.091105226317728,9.091347599970854,9.091614224162452,9.0919075252645,9.09223017241809,9.092585101823527,9.092975543460785,9.093405050483446,9.093877531553641,9.094397286412251,9.094969045008046,9.095598010541897,9.096289906817724,9.097051030331148,9.097888307569821,9.098809358046939,9.09982256364152,9.100937144876513,9.102163244828866,9.103512021435193,9.104995749033053,9.106627930061883,9.108423417940179,9.110398552237061,9.112571307368452,9.114961456170983,9.117590749842286,9.120483115885174,9.12366487585712,9.127164984906676,9.131015295276697,9.135250846172433,9.139910182632422,9.145035706304105,9.150674061316423,9.156876558761061,9.163699643645435,9.171205408566925,9.17946215878323,9.188545033821331,9.198536691282184,9.20952805906433,9.22161916285221,9.234920036400117,9.249551722896076,9.265647376519091,9.283353474214936,9.302831148718852,9.324257654957124,9.347827983173293,9.373756633460308,9.402279567848895,9.433656357718444,9.468172546074475,9.50614224619226,9.54791100027753,9.59385892416157,9.64440416665132,9.70000671501869,9.761172581263507,9.828458407249657,9.902476530625899,9.983900557635927,10.073471493534736,10.172004486402171,10.280396245725756,10.39963320326431,10.530800490457292,10.675091814073618,10.833820319965588,11.008430543782808,11.200511557389566,11.411811430606999,11.644253139867823,11.89995206853551,12.181235258121506,12.490662585565762,12.831050059272625,13.205495445875831,13.617406460918941,14.070531779974129,14.568995152395017,15.117332928142407,15.720535339191082,16.38409191120443,17.114041418761104,17.917026838776287,18.800355802254163,19.77206709455186
0.15848484848484848,9.0896482221802,9.08974481623242,9.08985107493958,9.089967965292448,9.090096551033428,9.090238002336982,9.090393606458624,9.090564779449391,9.090753079042395,9.090960218828732,9.091188083851758,9.091438747761636,9.091714491686272,9.092017824990373,9.092351508111532,9.092718577681183,9.093122374158993,9.093566572232225,9.094055214256667,9.094592747043492,9.095184062326803,9.095834541280126,9.096550103487003,9.097337260811281,9.098203176657401,9.09915573115991,9.100203592895511,9.101356297770224,9.102624335799558,9.104019246571445,9.105553724260695,9.10724173315062,9.109098634713154,9.111141327403935,9.113388400444542,9.115860302991408,9.118579530230884,9.121570828094042,9.124861418454195,9.128481246856571,9.132463255034608,9.136843680692875,9.141662387284889,9.146963226786914,9.152794438769256,9.159209089396834,9.166265554354212,9.174028050090033,9.182567218215564,9.191960768375791,9.20229418544369,9.2136615074737,9.22616618149441,9.23992200492893,9.255054161210714,9.271700359019896,9.290012085508332,9.310155984918971,9.332315375146411,9.356691916041052,9.383507444640275,9.41300599402938,9.445456014206352,9.481152815162993,9.520421254417485,9.56361869345826,9.61113825000646,9.663412375696556,9.720916791736247,9.78417481836468,9.853762137511687,9.930312032002998,10.014521148992802,10.10715584007531,10.209059135774183,10.32115841788077,10.44447385946142,10.580127709338424,10.729354505532008,10.893512310602077,11.074095071125098,11.272746213768295,11.491273601673258,11.731665987236989,11.996111110992896,12.287015611271558,12.607026925798127,12.959057384509842,13.346310712818955,13.772311186485029,14.240935703395817,14.756449064107525,15.323542782204495,15.947377777670749,16.633631341813302,17.388548801160304,18.21900035052936,19.132543572510748,20.13749221236479,21.24299183426169
0.16838383838383839,9.08977258859837,9.08988162605151,9.090001573175977,9.090133521531854,9.090278671894557,9.090438345182312,9.09061399447697,9.090807218247548,9.09101977489686,9.091253598763588,9.091510817725423,9.091793772563513,9.092105038264364,9.09244744745313,9.092824116171476,9.093238472234649,9.093694286425798,9.094195706811414,9.0947472964902,9.095354075118856,9.096021564592743,9.096755839297067,9.09756358138594,9.098452141592354,9.099429606122474,9.100504870243004,9.101687719231304,9.10298891742495,9.104420306181096,9.105994911637149,9.107727063253376,9.109632524216279,9.11172863488944,9.114034470617302,9.116571015317989,9.119361352444939,9.122430875055162,9.125807516895907,9.129522006612685,9.133608147392128,9.138103124584536,9.143047844105698,9.148487304697598,9.154471007435856,9.161053406210605,9.16829440328056,9.176259894410084,9.18502236855043,9.194661567522681,9.205265211706017,9.216929798335649,9.229761479675606,9.243877029058517,9.259404903584226,9.2764864131488,9.29527700644328,9.315947685626044,9.338686562543863,9.363700570664928,9.391217348304435,9.421487310282261,9.454785926867308,9.491416230749692,9.531711574857331,9.576038666116442,9.62480090276695,9.678442045606408,9.737450256575071,9.802362541437793,9.87376963699587,9.952321387307155,10.038732657842631,10.133789841402578,10.238358014999788,10.353388812840377,10.479929087047847,10.619130434943063,10.77225967957649,10.940710398881153,11.126015608354743,11.32986171267329,11.554103853183188,11.800782790917843,12.07214347875597,12.370655491707804,12.699035501223593,13.060271998019847,13.4576524883825,13.894793411418913,14.375673049497497,14.904667731359886,15.486591657364103,16.12674070928966,16.830940643407388,17.60560010541643,18.457768949741048,19.395202393959146,20.426431592241165,21.560841270095676,22.80875512697689
0.1782828282828283,9.089904487717016,9.090026722250533,9.090161186880685,9.090309105281854,9.090471823562368,9.090650822514561,9.090847731090493,9.091064341225973,9.091302624147804,9.091564748312626,9.091853099140623,9.092170300723676,9.092519239705519,9.092903091551197,9.0933253494449,9.093789856079178,9.094300838624774,9.094862947199362,9.095481297185259,9.096161515781207,9.096909793211857,9.097732939061027,9.098638444241317,9.099634549164094,9.100730318730184,9.10193572482372,9.1032617370599,9.104720422612443,9.106325056029293,9.10809024003585,9.110032038425175,9.112168122244459,9.114517930608178,9.117102847601357,9.119946396882881,9.123074455759827,9.126515490681006,9.130300816292802,9.134464880414903,9.139045577529306,9.144084593635563,9.14962778561064,9.155725598525779,9.162433524718246,9.169812608795787,9.177930003169694,9.186859579172229,9.196682599320019,9.207488456841558,9.21937548919909,9.232451873008637,9.246836608502717,9.262660602495266,9.280067859704797,9.299216793278013,9.320281666441003,9.343454178398591,9.36894520891531,9.396986737455643,9.427833954350017,9.46176758320067,9.499096435664137,9.540160221862044,9.585332641998404,9.635024787320962,9.689688881379432,9.749822395630437,9.815972576845779,9.888741427528112,9.968791184660564,10.05685034665143,10.153720303323334,10.26028262928328,10.377507107045894,10.506460552921597,10.648316525984962,10.80436600847251,10.976029154796748,11.164868216084969,11.372601757845576,11.60112030012916,11.85250352249343,12.129039190318151,12.433243974679087,12.767886355220437,13.136011814421478,13.540970552507371,13.986447975196398,14.476498231715425,15.015581108281333,15.608602612791275,16.2609596200662,16.9785889839552,17.768021563268693,18.636441653235245,19.591752363376127,20.642647536810852,21.798690865537715,23.070402921717626,24.46935689702296
0.18818181818181817,9.090043919536175,9.090180104829543,9.090329916053768,9.090494716542523,9.090676006036952,9.09087543433384,9.09109481629933,9.09133614838483,9.09160162679542,9.091893667476084,9.092214928097638,9.09256833224247,9.09295709601015,9.093384757285067,9.093855207932409,9.0943727292155,9.094942030756805,9.095568293397134,9.09625721634314,9.097015069032103,9.097848748186033,9.098765840574291,9.0997746920559,9.10088448352985,9.102105314484575,9.103448294906954,9.104925646387212,9.106550813339862,9.108338585352794,9.110305231778002,9.112468649788728,9.114848527250437,9.11746652188784,9.12034645837842,9.123514545166179,9.126999612968653,9.130833377147772,9.135050726332265,9.139690039918245,9.144793537337396,9.15040766227132,9.156583505308616,9.163377268891155,9.170850778780874,9.179072046701753,9.188115889277473,9.198064608897498,9.209008742708047,9.22104788654433,9.234291601302578,9.248860410000622,9.264886894601222,9.282516902580262,9.30191087422084,9.323245302712955,9.346714340347338,9.37253156542151,9.400931925939032,9.432173877791836,9.466541736885713,9.504348266616173,9.545937524243916,9.59168799207545,9.642016021946434,9.697379624356708,9.758282636742543,9.825279308821965,9.898979346744568,9.980053461952222,10.06923947524985,10.167349031637414,10.27527498701151,10.393999533958029,10.524603140581723,10.668274383715444,10.826320765988621,11.00018061518508,11.191436174166524,11.401828000469017,11.63327080659486,11.887870885129729,12.167945277234528,12.476042858924325,12.814967536998395,13.187803765684064,13.597944616178378,14.049122654507839,14.545443908689037,15.091425234294412,15.692035418463485,16.352740396431354,17.07955299208247,17.879087635217957,18.75862055352387,19.726155987056142,20.790499027869345,21.961335747708446,23.249321343004617,24.66617709937143,26.224797058050147
0.19808080808080808,9.090190884055893,9.090341773788593,9.090507760695289,9.090690355313939,9.090891219318404,9.091112180640266,9.091355250103618,9.09162263972428,9.09191678283991,9.092240356254203,9.092596304596768,9.092987867120248,9.093418607178688,9.09389244465527,9.094413691634639,9.094987091644388,9.095617862822822,9.096311745405858,9.097075053965206,9.097914734873202,9.098838429517269,9.099854543839275,9.10097232483261,9.102201944693151,9.10355459338992,9.105042580497868,9.106679447219491,9.108480089614755,9.110460894160733,9.112639886874646,9.115036897357383,9.117673739250344,9.12057440874791,9.12376530297204,9.12727546019634,9.131136824105786,9.135384534496966,9.140057247064409,9.14519748518321,9.150852026889421,9.157072330579911,9.163915003305899,9.171442315921883,9.179722769778223,9.188831720114651,9.198852061828095,9.209874983855803,9.222000799039286,9.235339857021566,9.250013548485885,9.26615540987537,9.283912338647708,9.303445930124834,9.324933948104377,9.348571942617031,9.374575029553236,9.403179848355826,9.434646715595989,9.469261994032644,9.507340698716629,9.549229363858426,9.595309196551508,9.645999546054027,9.701761720203493,9.763103183698245,9.830582176454662,9.904812794071926,9.98647057664124,10.076298656762129,10.175114522716877,10.283817458351328,10.403396727367356,10.534940576505086,10.679646139543088,10.83883033224012,11.01394183735702,11.206574288814336,11.41848077495035,11.651589792845023,11.908022798877184,12.190113515205717,12.500429167842904,12.84179384956511,13.217314220243253,13.630407778448978,14.084833961595914,14.58472835762225,15.134640339544747,15.739574465373186,16.405036020150643,17.13708111459062,17.942371796258943,18.82823667487282,19.802737613477078,20.874743092462587,22.054008914118437,23.351266982208156,24.778322964540497,26.348163727336036,28.07507551910751
0.207979797979798,9.090345381276217,9.090511729127739,9.090694720805315,9.090896021596183,9.091117463406825,9.091361061433954,9.091629032503503,9.091923815244508,9.092248092281485,9.092604814647245,9.092997228638321,9.093428905357397,9.093903773211595,9.094426153662358,9.09500080055226,9.095632943366649,9.096328334823808,9.097093303226726,9.097934810052895,9.098860513306237,9.099878837207665,9.100999048858522,9.102231342574523,9.10358693265772,9.10507815545072,9.106718581601903,9.108523139563315,9.11050825144508,9.112691982462724,9.115094205337405,9.117736781145183,9.120643758261151,9.123841591208906,9.127359381406995,9.13122914200329,9.135486089207369,9.140168962772233,9.145320378541918,9.150987216273384,9.157221046262093,9.164078598653871,9.171622279714072,9.17992073975246,9.189049497872347,9.199091629229658,9.210138521056528,9.222290704329849,9.235658768653694,9.25036436868182,9.266541331239656,9.284336873221672,9.303912941348166,9.325447685974721,9.349137082367557,9.37519671420021,9.40386373550342,9.435399028924289,9.470089579937492,9.508251088616747,9.550230842736946,9.596410878355668,9.64721145663931,9.703094888577068,9.764569742392128,9.832195471942123,9.906587508232024,9.988422860376902,10.078446276987838,10.1774770240536,10.286416341000194,10.406255642780781,10.53808554263594,10.68310577763064,10.842636127287424,11.018128424669921,11.211179769209403,11.42354706149981,11.65716299231374,11.914153631322332,12.196857775557055,12.507848233663527,12.84995523961284,13.226292208915165,13.640284071700098,14.09569844048284,14.596679896237854,15.147787704787403,15.754037306738859,16.42094595855573,17.15458294013484,17.961624785829088,18.84941604157927,19.826036101114386,20.90037272950565,22.08220294321738,23.382281982742057,24.812441187547066,26.38569566406633,28.11636272658135,30.02019218886146
0.21787878787878787,9.090507411197194,9.09068997084704,9.09089079638392,9.091111715389344,9.091354738302318,9.091622076715035,9.091916163499139,9.092239674945693,9.092595555120376,9.092987042655484,9.093417700222632,9.093891446954311,9.094412594109354,9.094985884306919,9.095616534685979,9.096310284383138,9.097073446760795,9.097912966860981,9.098836484607716,9.099852404333038,9.100969971259438,9.102199355634708,9.103551745284872,9.105039447427465,9.1066760006717,9.10847629822478,9.110456723425594,9.112635298839189,9.115031850268865,9.117668187178479,9.120568301166877,9.123758584300678,9.127268069292345,9.131128693709286,9.13537559061843,9.140047408311313,9.145186662019334,9.150840120820025,9.157059233255403,9.163900595535791,9.171426466590118,9.179705334649952,9.188812540523637,9.198830963232766,9.209851774250842,9.221975267208293,9.23531177061488,9.249982651906075,9.266121421951164,9.28387495007518,9.303404800652556,9.324888703436939,9.348522171008716,9.374520278060874,9.403119618716724,9.434580459693393,9.469189108907505,9.507260521080237,9.549141164055985,9.595212171921723,9.645892813624249,9.701644308653952,9.762974024522224,9.830440094234179,9.90465649578041,9.986298639875834,10.076109516798562,10.174906458269058,10.28358857590609,10.403144943951789,10.534663600729635,10.679341450747922,10.838495157554998,11.013573126465936,11.206168686195285,11.418034589337667,11.651098963636379,11.907482859179632,12.189519551184524,12.499775774003275,12.841075079559928,13.21652353275923,13.629537977678782,14.083877131754596,14.583675790912105,15.133482456913034,15.738300729341557,16.403634838923,17.135539736566685,17.940676193993454,18.8263714174243,19.8006857259844,20.87248590167131,22.051525878451052,23.348535504831695,24.77531818773036,26.344858306264502,28.071439372998253,29.97077401797012,32.060146978407936
0.22777777777777777,9.090676973818878,9.090876498946557,9.091095987431178,9.091337436693513,9.091603044004993,9.091895226483642,9.092216643090687,9.092570218828035,9.092959171356814,9.093387040279199,9.093857719350044,9.094375491911409,9.09494506987247,9.095571636589561,9.096260894036538,9.097019114694753,9.097853198634867,9.09877073630994,9.099780077631255,9.10089040795552,9.102111831674899,9.103455464170631,9.104933532967047,9.106559489006484,9.108348129057811,9.110315730372479,9.112480198813564,9.114861231805829,9.11748049758973,9.120361832410648,9.123531457437903,9.127018217387576,9.13085384302076,9.13507323990612,9.139714806074611,9.144820781457277,9.150437632286135,9.15661647395648,9.163413536198926,9.17089067479451,9.179115934489895,9.188164168235527,9.19811771838233,9.209067166036334,9.221112155390989,9.234362300539265,9.248938183018385,9.264972449165693,9.282611017272725,9.302014405523758,9.323359192804473,9.346839625675669,9.372669386137273,9.401083536271367,9.432340657462724,9.46672520366641,9.504550090140025,9.546159541201252,9.59193222292888,9.642284689318648,9.697675173258148,9.758607756823032,9.825636958848818,9.899372781529943,9.980486261974788,10.06971557924035,10.167872772424657,10.275851130955024,10.394633324326218,10.525300345270248,10.669041347740103,10.82716446923034,11.001108735912508,11.192457158914213,11.402951140907012,11.634506324089159,11.889230023762998,12.169440406133457,12.477687584824723,12.816776828072229,13.189794087755171,13.600134082566365,14.051531190863674,14.54809343432232,15.09433986164249,15.695241672517632,16.35626745611699,17.083432955790133,17.883355812901772,18.76331578802579,19.73132100758046,20.796180838824508,21.967586056454994,23.256197030402184,24.673740737407083,26.233117479258972,27.94851827889479,29.835554022723873,31.91139752442564,34.19493980304718
0.23767676767676768,9.09085406914132,9.091071313426356,9.091310293947167,9.091573185508786,9.091862380514968,9.092180510739913,9.092530471278316,9.092915446891736,9.093338940991048,9.093804807518692,9.09431728602092,9.094881040229126,9.095501200501468,9.096183410510925,9.096933878604705,9.097759434302429,9.098667590447157,9.099666611574966,9.100765589125169,9.101974524175688,9.10330441845647,9.104767374469224,9.106376705624587,9.10814705739906,9.110094540614236,9.112236878051263,9.114593565734793,9.117186050354148,9.12003792443637,9.123175141047266,9.126626249974395,9.130422657541333,9.13459891241769,9.139193020025914,9.144246788406138,9.149806208686663,9.155921873622585,9.162649438011533,9.1700501251766,9.178191284125818,9.187147002458715,9.196998780597877,9.207836273481526,9.219758106467127,9.232872772871449,9.24729962131546,9.263169941859832,9.28062816081592,9.299833155106176,9.32095969813606,9.344200050336443,9.369765708852185,9.397889332301084,9.42882685812076,9.462859831773882,9.500297969010383,9.541481974506356,9.586786642532811,9.636624267874138,9.691448398039766,9.75175796091853,9.818101805441986,9.891083696581422,9.971367810137755,10.059684777331409,10.156838334202131,10.2637126363318,10.38128030545674,10.510611281195077,10.65288255843937,10.809388899022471,10.981554615127772,11.170946531665352,11.379288245560982,11.608475811703899,11.860594998278996,12.137940268487927,12.44303566137221,12.77865776173249,13.147860968149848,13.55400528903039,14.000786919603888,14.492271878120631,15.03293300733805,15.627690678023141,16.28195756489661,17.001687902516164,17.79343166937561,18.664394193354248,19.62250172099417,20.676473547360665,21.835901362945986,23.111336539752198,24.514386150933806,26.05781859785133,27.755679805808807,29.623421045915975,31.678039546307254,33.93823317232674,36.42457058331167
0.24757575757575756,9.091038697164576,9.091274414286506,9.091533715931972,9.091818961835259,9.09213274783236,9.092477929483994,9.092857648062202,9.093275359137008,9.093734864023336,9.09424034437428,9.094796400235634,9.095408091907922,9.096080985996906,9.096821206071677,9.097635488391294,9.098531243207141,9.099516622198845,9.100600592657491,9.101793019091184,9.103104752995632,9.104547731606687,9.106135086533541,9.107881263261191,9.109802152609662,9.111915235346375,9.114239741267667,9.116796824197177,9.119609754493686,9.12270413082031,9.126108113102257,9.129852678793174,9.133971904782262,9.138503277507658,9.143488034098281,9.148971537648748,9.15500369004259,9.161639386080703,9.168939013047908,9.176969000264037,9.18580242362082,9.195519670606307,9.206209171869103,9.217968205980174,9.230903784716295,9.245133626921957,9.260787229812786,9.27800704747035,9.296949787253828,9.317787835927234,9.34071082848146,9.3659273739292,9.393666953779391,9.424182010469606,9.45775024476357,9.494677143022953,9.535298757354738,9.579984763936961,9.629141827357298,9.683217301584142,9.742703301253258,9.808141180323373,9.88012645886111,9.959314242793749,10.046425185954146,10.142252048676616,10.247666912630663,10.363629117550266,10.491193992084428,10.631522458219665,10.785891596672494,10.955706269392554,11.142511904933865,11.348008563030984,11.57406640635449,11.822742720222623,12.096300635129898,12.397229722447102,12.728268650692414,13.092430108525011,13.493028221242145,13.933708710255807,14.41848206999266,14.951760064127706,15.538395873278414,16.183728259525715,16.893630149693383,17.67456207954032,18.53363098526541,19.478654877394664,20.5182339856569,21.661829022344456,22.919847276434815,24.30373732200698,25.826093202872734,27.50076904157046,29.34300511572409,31.369566549115934,33.59889587961012,36.05128089233825,38.74903924546983
0.25747474747474747,9.091230857888709,9.091485801527076,9.091766253385675,9.092074765673036,9.092414145957296,9.092787482716039,9.093198173442527,9.093649955564077,9.094146940453944,9.09469365084628,9.095295061994584,9.095956646948268,9.096684426359356,9.097485023272517,9.098365723397146,9.099334541409908,9.100400293891163,9.101572679559007,9.102862367531106,9.10428109441753,9.105841771128176,9.107558600366772,9.109447205880711,9.111524774642948,9.113810213259859,9.11632432002849,9.119089974208933,9.122132344234371,9.125479116753555,9.129160748590119,9.133210743911745,9.137665959131505,9.142566938316186,9.14795828215402,9.153889053839608,9.160413225569894,9.167590169714547,9.17548519913077,9.184170161539766,9.193724093374106,9.204233939046558,9.215795342186247,9.228513516043092,9.242504200981935,9.257894717780456,9.27482512631684,9.293449500192441,9.313937328889804,9.336475060227142,9.361267797147365,9.388541164284302,9.418543361294105,9.451547421639596,9.48785369738521,9.52779259261731,9.571727570367276,9.620058460404216,9.673225098002094,9.731711326798456,9.79604940217526,9.866824835237257,9.944681721472872,10.030328602592979,10.124544914894647,10.228188082833688,10.342201322360449,10.467622225030945,10.605592201008948,10.75736686688859,10.92432747286265,11.10799347321701,11.310036354533178,11.53229484742285,11.776791660205657,12.04575188678838,12.341623256237078,12.667098408292006,13.025139397511742,13.419004649015285,13.85227861110456,14.32890437459725,14.85321955570506,15.429995769000577,16.064482049697006,16.76245262041591,17.530259437164876,18.37488999274929,19.30403090369481,20.326137859394287,21.45051257009409,22.687387414025544,24.048018554048717,25.544788371243857,27.191318147665257,29.002592023732312,30.995093358325313,33.18695473251158,35.59812296197996,38.25054061983827,41.1683457216713
0.2673737373737374,9.091430551313776,9.091705475148142,9.092007906308368,9.092340597022229,9.092706574889904,9.0931091704362,9.093552047419484,9.094039236173169,9.094575170283155,9.095164726935034,9.095813271298173,9.096526705350666,9.097311521589418,9.098174862114167,9.099124583623135,9.100169328911793,9.101318605525394,9.102582872281062,9.103973634446806,9.10550354844365,9.107186537023683,9.109037915972227,9.111074533487152,9.113314923503756,9.115779474360538,9.118490614340804,9.121473015778609,9.124753819586534,9.12836288224857,9.132333047525911,9.136700445348298,9.141504820611017,9.146789894869778,9.152603764225114,9.158999337017297,9.166034815315095,9.173774224580207,9.182287996327716,9.191653609085206,9.201956293483711,9.213289807897445,9.225757291691213,9.239472203840856,9.254559355468961,9.27115604569292,9.28941331112264,9.309497300379654,9.331590786147125,9.355894828512135,9.382630604738507,9.412041422123236,9.444394932255909,9.479985566833587,9.519137217200036,9.562206181996462,9.60958440975098,9.661703065918374,9.719036456834443,9.782106346297383,9.851486704061791,9.927808929461309,10.011767597699489,10.104126781104553,10.205727002875348,10.317492886600684,10.44044157116472,10.575691967614583,10.724474942226399,10.888144518432131,11.068190199538586,11.266250524366367,11.484127979153037,11.723805401403796,11.987464024946997,12.2775033303846,12.596562881555633,12.947546346703295,13.333647922919075,13.758381404310295,14.225612158401155,14.73959230174981,15.30499939488641,15.926979008713884,16.611191549755446,17.363863770400627,18.191845432946405,19.102671643139978,20.10463142052982,21.206843129692235,22.419337458836498,23.753148700972524,25.220415168374956,26.834489654185088,28.610060946414784,30.563287500186345,32.711944484675676,35.07558554293103,37.67572073662299,40.536012295064026,43.682489949855224
0.2772727272727273,9.091637777439841,9.091933435149778,9.092258674700142,9.092616455882945,9.093010034630323,9.093442992644649,9.093919269993274,9.094443200964527,9.09501955351126,9.095653572640893,9.096351028146831,9.097118267115626,9.097962271687713,9.098890722597378,9.099912069070172,9.101035605713891,9.102271557102869,9.103631170825265,9.105126819840232,9.106772115076344,9.10858202929605,9.110573033353347,9.112763246084672,9.115172599197114,9.117823018654486,9.120738624211945,9.12394594891507,9.127474180560881,9.1313554273183,9.135625009925262,9.140321783121697,9.145488489243572,9.151172147195913,9.157424480344712,9.164302387221795,9.171868459326399,9.180191550735776,9.18934740470873,9.199419342984633,9.210499024051067,9.22268727728098,9.236095020530684,9.250844269549697,9.267069248388944,9.284917610913151,9.304551784534405,9.326150448396277,9.349910159461558,9.376047141302886,9.404799251876243,9.436428148186495,9.471221667545949,9.509496447098376,9.551600805449388,9.597917912629553,9.648869277240832,9.704918582523526,9.766575906256378,9.834402362895577,9.909015210200808,9.991093466823376,10.081384091980874,10.180708783457524,10.28997145579526,10.410166466729477,10.54238766673087,10.68783835400342,10.847842225526021,11.023855423786735,11.217479788826642,11.430477436175638,11.664786793324984,11.922540240651458,12.206083517306054,12.517997068639897,12.861119529407768,13.238573556426406,13.653794245747916,14.110560392932653,14.613028880885452,15.165772508188853,15.773821602186313,16.442709795521303,17.178524382737905,17.98796171523886,18.87838813875643,19.857907027937138,20.935432528130768,22.12077067551295,23.424708633813196,24.859112859778826,26.437037090752078,28.172841137112147,30.08232156065164,32.18285542811221,34.49355844808259,37.03545893034678,39.831689150753306,42.907695863067424,46.291471873508826
0.2871717171717172,9.09185253626697,9.092169681532067,9.092518558561093,9.092902342255305,9.093324525178694,9.09378894934155,9.094299841164096,9.094861849938399,9.095480090138558,9.096160187964221,9.096908332540997,9.09773133224368,9.098636676654888,9.099632604722933,9.100728179739198,9.101933371817351,9.103259148624966,9.104717575193286,9.1063219237134,9.108086794318053,9.110028247948232,9.112163952513699,9.114513343677581,9.117097801728233,9.119940846148,9.123068349649529,9.12650877362751,9.13029342716852,9.134456751976149,9.139036635804356,9.144074757251483,9.149616965052749,9.155713695323039,9.162420430547128,9.169798204494475,9.177914157653671,9.18684214824133,9.196663424346163,9.207467363325136,9.219352285180946,9.232426347323138,9.246808528856032,9.262629713351378,9.280033879959975,9.29917941370261,9.320240546865287,9.343408944616995,9.368895449280922,9.39693199913396,9.427773739197837,9.461701343232654,9.499023568065748,9.540080063503485,9.585244463399631,9.63492778601285,9.689582174600647,9.749705012293582,9.815843448699669,9.888599379435767,9.968634923904423,10.056678451168466,10.153531208763,10.260074614770504,10.37727827951958,10.506208829906072,10.648039616637641,10.804061392735283,10.975694060461391,11.164499593563894,11.37219625241833,11.600674221412216,11.852012810855367,12.128499379934748,12.432650152892103,12.7672331178303,13.135293216507096,13.540180054325512,13.985578382668429,14.475541630959736,15.014528793595757,15.607445007430098,16.25968618909074,16.977188138364852,17.76648055453991,18.634746457308687,19.58988755303605,20.64059614129533,21.79643421610194,23.067920481744785,24.46662607513659,26.00527986582929,27.697884291991773,29.559842786516832,31.60809995288859,33.861295766457765,36.339935204399616,39.06657484802785,42.06602815558648,45.36559127354637,48.995291441337805
0.29707070707070704,9.092074827795232,9.092414214295086,9.092787557891322,9.093198256139425,9.09365004653516,9.09414704052708,9.094693760932168,9.095295183095045,9.095956780165361,9.096684572905398,9.097485184481128,9.098365900735383,9.09933473649161,9.100400508491639,9.101572915631197,9.102862627223349,9.104281380093118,9.105842085386854,9.107558946068405,9.109447586171305,9.111525192983281,9.113810673456976,9.116324826270343,9.119090531102508,9.122132956847596,9.125479790661426,9.129161489925439,9.133211559420932,9.137666856235986,9.142567925179938,9.14795936775786,9.153890248062929,9.160414539280566,9.167591614867822,9.175486788878086,9.184171910348418,9.193726017158914,9.2042360553147,9.21579767019658,9.228516076981414,9.242507018153798,9.257897816823244,9.274828535433091,9.293453250406513,9.3139414543302,9.336479598437112,9.361272789426566,9.388546656064653,9.41854940255325,9.45155406735573,9.487861008037427,9.527800634735994,9.571736417139599,9.620068192340176,9.673235803667232,9.731723103619876,9.796062357328292,9.866839086620852,9.94469739878258,10.030345848501296,10.124563886349469,10.228208952486668,10.342224280138284,10.467647479863889,10.605619982732247,10.75739742833419,10.92436109216017,11.10803045632495,11.310077038023364,11.53233960154346,11.776840892250743,12.04580604480446,12.34168283310059,12.667163946194721,13.025211492894906,13.419083957997433,13.852365855452353,14.329000348293722,14.853325132174993,15.430111909058784,16.064609810291863,16.762593164247683,17.530414043266397,18.37506006812529,19.304217996125814,20.326343671521638,21.45073897491422,22.687636471934628,24.048292531592647,25.545089761744425,27.19164969390994,29.0029567429345,30.995494569581812,33.18739608700747,35.598608476215674,38.25107471218102,41.168933252563875,44.37873770622919,47.90969848060012,51.79394860689128
0.30696969696969695,9.092304652024694,9.092667033438923,9.09306567269093,9.093504197535434,9.093986598699873,9.094517266201425,9.095101029297712,9.095743200434729,9.096449623591994,9.097226727464813,9.0980815839677,9.099021972591304,9.100056451198569,9.101194433904332,9.102446276747175,9.103823371933112,9.105338251508803,9.107004701407758,9.108837886907406,9.110854490638715,9.113072864404357,9.115513196186997,9.118197693867579,9.121150787325515,9.124399350760017,9.127972947255776,9.131904097818689,9.136228577329994,9.140985740112146,9.146218878069307,9.151975614661707,9.158308338299294,9.16527467909886,9.172938033343408,9.18136814041674,9.190641717463778,9.200843157552502,9.212065297691334,9.224410263691565,9.237990399563785,9.252929289906668,9.269362884592809,9.28744073598733,9.30732735995923,9.329203733072072,9.353268939580136,9.379741983219477,9.40886378028336,9.4408993521214,9.476140237016793,9.514907143392712,9.557552868495318,9.604465509117025,9.656071993581499,9.712841967135697,9.775292066110485,9.843990619749311,9.91956282249634,10.002696423816502,10.094147987329269,10.194749776218213,10.305417327576807,10.427157784619128,10.56107906257935,10.708399931708565,10.870461109120969,11.048737460419316,11.244851422125778,11.460587767050582,11.697909846948585,11.958977460254502,12.246166507473443,12.562090613069854,12.909624910592841,13.291932207462954,13.71249176750353,14.175130973126704,14.684060155296432,15.24391090822683,15.859778237496323,16.537266925153922,17.282542533780788,18.1023875136964,19.004262923947547,19.996376328812026,21.087756487751598,22.28833551857185,23.609039281552416,25.061886807118775,26.660099671918097,28.4182223186854,30.35225441486839,32.47979645452466,34.82020992851437,37.39479352057872,40.2269769327292,43.34253410380061,46.769817761502004,50.54001744244195,54.68744332817002
0.31686868686868686,9.092542008955432,9.092928138963668,9.093352902960026,9.093820166443457,9.094334181672988,9.094899626364773,9.095521646260952,9.096205901957731,9.096958620418789,9.097786651642869,9.098697531001196,9.09969954781204,9.100801820776484,9.10201438096188,9.103348263088181,9.104815605947902,9.106429762873548,9.108205423257848,9.11015874623264,9.112307507722983,9.114671262214726,9.117271520707709,9.12013194647405,9.123278570403013,9.126740027892216,9.130547819440983,9.13473659731741,9.139344480907955,9.144413403619417,9.149989494490312,9.15612349798455,9.162871235787813,9.170294114809234,9.17845968601162,9.187442259155901,9.197323579054501,9.208193569487989,9.220151151555333,9.233305143905394,9.247775253042555,9.26369316271922,9.28120373232965,9.300466315211777,9.321656208854852,9.344966250211426,9.370608570632758,9.39881652639959,9.429846822418385,9.463981848411228,9.501532248861594,9.542839750105637,9.588280270299075,9.638267340564132,9.693255868453173,9.753746277980865,9.820289063903816,9.893489801696303,9.97401465881761,10.062596457427995,10.16004134372819,10.267236124616868,10.385156338432253,10.514875133222812,10.657573033338897,10.814548683218764,10.987230666132506,11.177190505426724,11.386156966570582,11.616031790138132,11.86890699888045,12.147083936362925,12.453094210398605,12.789722731841549,13.160033058372916,13.56739527389053,14.015516657191359,14.508475419025599,15.0507578145321,15.647298968791006,16.303527787030713,17.025416358208645,17.819534301586984,18.693108550916623,19.654089120333712,20.71122145051356,21.87412599351004,23.153385760582015,24.56064262976869,26.10870328968548,27.81165578369524,29.68499771506627,31.745777279837164,34.01274841083402,36.50654144469391,39.249850865004866,42.26764183006628,45.5873773647165,49.23926828372254,53.25654812109287,57.675775567236855
0.32676767676767676,9.092786898587521,9.093197530869409,9.09364924869872,9.09414616286363,9.094692795454668,9.095294121017316,9.095955611822127,9.096683287664332,9.097483770646093,9.098364345439984,9.099333025582125,9.100398626398196,9.10157084522609,9.102860349665171,9.104278874655293,9.105839329269026,9.107555914188936,9.109444250939028,9.11152152404641,9.113806637426896,9.116320386417756,9.119085647023182,9.122127584094677,9.125473880340948,9.129154988251376,9.133204407225717,9.137658988432067,9.142559270167453,9.147949846773047,9.153879774461346,9.160403017748587,9.167578940555243,9.175472846443938,9.184156572911313,9.193709145142371,9.204217495176923,9.215777253033158,9.228493616988207,9.242482310936017,9.257870637535358,9.274798636732607,9.293420360203015,9.313905273309178,9.33643979733601,9.36122900603829,9.38849849194126,9.418496419379807,9.451495782961338,9.487796892007136,9.52773010358363,9.571658828997604,9.61998284111811,9.673141912625784,9.731619818301898,9.795948737782515,9.86671409884752,9.944559905323143,10.030194598086531,10.12439750251179,10.228025921033048,10.342022935369727,10.467425989416075,10.60537633089942,10.7571293977245,10.92406624351558,11.107706106322057,11.309720234853147,11.531947098047777,11.776409116371092,12.045331067074187,12.341160330884717,12.666589164352022,13.024579200504284,13.418388400754855,13.851600703305172,14.328158637835832,14.852399203278644,15.429093335166383,16.063489321733375,16.761360563885685,17.529058113701186,18.373568469615442,19.302577154295133,20.32453865383052,21.44875335477126,22.68545217921164,24.04588968818273,25.54244650066645,27.188741960313383,28.999758075193405,30.99197585848593,33.183525310859146,35.59435040942166,38.246390604687456,41.16378047721715,44.37306937085374,47.90346300126271,51.787089238468496,56.05929048207255,60.758945289841776
0.33666666666666667,9.093039320921037,9.09347520915624,9.093954709907123,9.09448218679609,9.09506244004508,9.095700750159255,9.09640292598148,9.09717535755483,9.09802507427426,9.098959808856591,9.099988067711005,9.101119208350402,9.102363524548148,9.103732340015128,9.105238111449625,9.106894541897828,9.108716705456589,9.110721184453267,9.112926220351095,9.115351879753327,9.118020237016921,9.12095557513761,9.124184606734529,9.12773671714544,9.13164423184489,9.13594271061891,9.140671271173442,9.145872945121498,9.151595069588739,9.157889718001355,9.164814173976655,9.172431452629123,9.180810874036155,9.190028694082462,9.200168798424274,9.211323465888958,9.223594208257664,9.237092694073679,9.251941764884004,9.268276553162906,9.28624571209161,9.306012768386388,9.32775761048721,9.351678125651055,9.377992000849316,9.406938703859527,9.43878166258169,9.473810662413644,9.512344483504528,9.554733801888593,9.601364380903313,9.65266058193754,9.709089226461801,9.771163844489552,9.839449348135147,9.914567172802528,9.997200932794172,10.088102642810785,10.188099561961351,10.29810172256734,10.41911021227538,10.552226284846464,10.698661382528897,10.859748161215448,11.036952618707957,11.231887436448078,11.446326656112419,11.682221824614535,11.941719754416019,12.227182060745887,12.541206653496072,12.886651379348018,13.26666002925398,13.684690947924453,14.144548505656712,14.650417718893932,15.206902334567156,15.819066724803495,16.49248197327015,17.233276572579943,18.048192194156375,18.944645038126055,19.930793321592894,21.015611519513506,22.208972033844894,23.521735034232204,24.965847287862946,26.554450877910213,28.302002799967386,30.22440652485944,32.33915672510354,34.665498482075584,37.22460242270956,40.03975737951454,43.13658232715716,46.543259524277694,50.29079098218192,54.41328059433365,58.94824449409733,63.93695246506819
0.3465656565656566,9.09329927595606,9.09376117382426,9.094269286585353,9.094828238240979,9.095443115444391,9.0961195137908,9.096863588739259,9.097682111629524,9.098582531303656,9.09957304189313,9.100662657388373,9.101861293669309,9.103179858743445,9.104630352012698,9.10622597347232,9.107981243835695,9.109912136678183,9.11203622380259,9.114372835149144,9.116943234705236,9.119770814015794,9.122881305055317,9.126303014398827,9.130067080822796,9.13420775868037,9.138762729629748,9.143773445552629,9.149285505783478,9.155349072082647,9.162019325129819,9.169356966692245,9.177428772037757,9.18630819761999,9.196076049566136,9.206821219051038,9.218641491250068,9.231644435232997,9.245948382897645,9.261683505852487,9.278993000048931,9.298034388944542,9.318980957057388,9.342023326958369,9.367371194053915,9.395255234947566,9.425929206748775,9.459672256435129,9.49679146128608,9.537624623509204,9.582543344493581,9.631956406669795,9.686313493755527,9.746109283245405,9.811887948391252,9.884248110645565,9.96384828764006,10.051412886280549,10.147738795499443,10.253702638663551,10.370268751636752,10.498497959099316,10.639557228988197,10.794730292911419,10.965429329177724,11.15320781474965,11.359774663062508,11.58700977635004,11.836981153986649,12.11196371251336,12.414459988589178,12.747222913243512,13.113280864654698,13.51596522741692,13.958940709071081,14.446238689772905,14.982293908581502,15.571984820225111,16.220677989613716,16.934276928123634,17.71927581611152,18.582818600590784,19.532764005926765,20.577757049222118,21.727307711260735,22.991877478995,24.382974547190255,25.91325854563466,27.596655744999197,29.448485789781603,31.485601111657463,33.7265402919476,36.19169676884359,38.90350442466781,41.886641742053044,45.16825638690664,48.77821226191301,52.74936127881757,57.117842322686045,61.92341012879234,67.20979706500458
0.3564646464646465,9.093566763692674,9.094055424873568,9.094592978733532,9.09518431719844,9.09583482165278,9.096550411912162,9.097337600095724,9.09820354988873,9.09915614173466,9.100204044550058,9.10135679461478,9.102624882355581,9.104019847812785,9.105554385658857,9.107242460724562,9.109099435084053,9.111142207855446,9.113389368989083,9.115861368443076,9.11858070228567,9.121572117418056,9.124862836780745,9.128482807092938,9.132464971379498,9.136845568765647,9.141664464267686,9.146965511581033,9.15279695216716,9.15921185427137,9.166268595866757,9.174031395919483,9.182570898810221,9.191964817230458,9.202298639404491,9.21366640707339,9.226171571321252,9.23992793403247,9.255060683548152,9.271707533947126,9.290019978320126,9.310164667443185,9.332324926397668,9.356702422939824,9.38351900280391,9.413018708642289,9.445470000977256,9.481168201377955,9.520438180098303,9.563637312636775,9.611158732126361,9.663434907155454,9.720941577582048,9.784202084161691,9.85379213139345,9.930345026930516,10.014557445238726,10.107195767956698,10.209103058658677,10.321206735493565,10.444527011523132,10.58018617956693,10.729418826044693,10.89358306675854,11.074172906854406,11.272831837429207,11.491367792500801,11.731769602434005,11.996225093531086,12.287140998473031,12.607164858775498,12.959209118550815,13.346477628809867,13.77249480347728,14.241137692429588,14.756671263418536,15.323787213952212,15.947646666340257,16.63392713445835,17.388874189671732,18.219358296131553,19.132937332709126,20.137925370589514,21.243468332477413,22.45962722199329,23.797469680725836,25.269170706184774,26.888123447257353,28.669061085470354,30.62819091123332,32.78334181520687,35.15412653701208,37.76212014778617,40.631056390815765,43.78704366699022,47.25880263058882,51.077927557576515,55.279173864921724,59.90077439743449,64.98478736042144,70.57747906444311
0.36636363636363634,9.093841784130962,9.094357962304263,9.094925786351782,9.095550423668623,9.096237558670428,9.096993444523562,9.09782496005114,9.098739672332766,9.09974590556766,9.100852816827844,9.102070479390795,9.103409974409905,9.104883491756999,9.10650444095461,9.108287573207562,9.11024911564437,9.112406918990146,9.114780620014887,9.117391820235481,9.120264282497754,9.123424147227489,9.126900170318464,9.130723984822382,9.134930388822209,9.139557662108764,9.144647914542434,9.150247469270374,9.156407284286676,9.163183416171952,9.170637530232717,9.178837461683138,9.187857832976352,9.197780732903487,9.208696463640758,9.220704362543334,9.233913706165028,9.24844470473118,9.264429596115349,9.282013849276058,9.301357488106092,9.322636547742711,9.346044676592822,9.371794898653295,9.400121552165592,9.431282422248701,9.465561086919992,9.50326949785559,9.544750819378386,9.590382551512052,9.640579965524593,9.695799883229096,9.756544834437687,9.823367630406112,9.896876394892033,9.977740098614355,10.066694647481675,10.16454957999687,10.272195434787623,10.390611855309972,10.520876505478798,10.66417487735699,10.82181108015065,10.995219708685124,11.185978899357117,11.395824692361284,11.626666830873631,11.880606140947634,12.159953650261002,12.467251619672911,12.805296678957637,13.177165277229536,13.586241679640658,14.036248765108223,14.53128190532532,15.075846233356716,15.674897640977294,16.333887877853932,17.058814163010613,17.856273760090037,18.733524013106575,19.69854838908459,20.760129128645268,21.927927165740826,23.212570043884806,24.62574862899303,26.180323498994067,27.89044197842107,29.771666883058735,31.84111814627437,34.1176286158794,36.621915439315146,39.37676859680943,42.40725829819608,45.740963130753464,49.40822103425677,53.44240538717524,57.880228716466505,62.762076794806916,68.13237616563661,74.03999844060476
0.37626262626262624,9.094124337271012,9.094668786116456,9.09526770944023,9.095926557651685,9.096651326497522,9.097448611625225,9.09832566860578,9.099290478961963,9.100351822803054,9.101519358726973,9.102803711717002,9.10421656983299,9.105770790576942,9.107480517900989,9.10936131092257,9.111430285518153,9.113706270084112,9.116209976882207,9.118964190529024,9.121993975344708,9.125326903447977,9.128993305673166,9.133026547592822,9.137463333157774,9.142344038717981,9.147713080463957,9.153619318632677,9.16011650215653,9.167263757801887,9.175126128248781,9.183775164008608,9.193289574566734,9.203755944675894,9.215269522319238,9.227935085514133,9.241867895845397,9.257194747405986,9.274055120691461,9.292602451949854,9.313005529539268,9.335450030001594,9.36014020783227,9.387300754324926,9.41717884240857,9.450046376087764,9.48620246495847,9.525976146320662,9.569729379662343,9.617860340768456,9.670807045435073,9.729051335768974,9.793123265352444,9.863605923182977,9.94114074029048,10.026433327326778,10.120259896253824,10.22347432457179,10.33701592637442,10.461918000950098,10.599317236721136,10.750464056095524,10.916733995365304,11.099640223202083,11.30084731165851,11.522186384979257,11.765671784060226,12.033519398184412,12.328166830833087,12.65229558305998,13.008855456276237,13.401091396492614,13.832573024286294,14.307227119205884,14.82937335422142,15.403763605411447,16.03562519462499,16.730708458658558,17.495339077871538,18.336475640485684,19.261772966468882,20.279651767323223,21.39937527575881,22.63113354266263,23.986136168542913,25.4767143133798,27.11643291324069,28.920214124893924,30.904473121822086,33.08726747742786,35.488461494863806,38.129906978928595,41.03564209509518,44.232110125329896,47.74840011142833,51.61651157577591,55.871645728555656,60.55252581146305,65.70174949314273,71.366176523248,77.59735517289089
0.38616161616161615,9.094414423112914,9.09498789631025,9.09561874799901,9.09631271914778,9.097076125134253,9.09791591321738,9.098839725759921,9.099855969776659,9.100973893441253,9.102203670247937,9.103556491593999,9.105044668625558,9.106681744273487,9.108482616499051,9.110463673870862,9.11264294470695,9.11504026113921,9.117677439593303,9.120578479326431,9.123769780829832,9.127280386083509,9.131142242849666,9.135390495410077,9.140063804393208,9.14520469860177,9.15085996204248,9.157081059680273,9.163924605791596,9.171452879179101,9.179734389936552,9.188844502921917,9.198866123612703,9.209890452585386,9.22201781548528,9.235358576040298,9.250034140427841,9.266178062135484,9.283937257370756,9.303473342081467,9.324964102754876,9.348605114381543,9.374611520309168,9.403219990185129,9.434690873807327,9.46931057048596,9.507394135480363,9.549288147232653,9.595373861493657,9.646070681047407,9.701839972612976,9.763189265661826,9.830676871364515,9.904916963703965,9.986585168998035,10.076424714700584,10.175253193439161,10.283970003845454,10.403564535892407,10.535125175225593,10.679849208427566,10.83905371935018,11.014187575666245,11.206844614709887,11.418778148585723,11.651916920529077,11.908382657703212,12.190509380144626,12.500864641547025,12.842272895153844,13.21784119736885,13.630987482970662,14.085471669223333,14.585429871925442,15.135412044767518,15.74042338453049,16.405969878938777,17.138108411691775,17.943501880680024,18.82947983102243,19.80410515475483,20.8762474642127,22.05566380688445,23.353087456319553,24.780325587165045,26.35036672324517,28.077498936526702,29.97743987263941,32.06747978623549,34.366638887856205,36.895840434204416,39.678101136984964,42.73874062307541,46.105611852158574,49.80935458866869,53.88367423470428,58.36564856135662,63.296065129790044,68.71979247270035,74.68618841401353,81.2495492426589
0.39606060606060606,9.094712041656758,9.095315292885758,9.095978902028252,9.096708908157076,9.097511954580817,9.098395349300269,9.099367131513855,9.100436144777204,9.101612117482675,9.102905751391246,9.1043288190224,9.105894270788355,9.107616352847536,9.109510736749884,9.111594662053756,9.11388709321235,9.116408892157363,9.119183008150493,9.122234686630508,9.12559169895651,9.12928459513817,9.133346981852904,9.137815828280106,9.14273180253571,9.148139641768816,9.15408855928848,9.1606326924258,9.16783159520711,9.175750780321959,9.184462315318159,9.19404547844971,9.204587480146328,9.216184256670546,9.228941343185275,9.242974834177572,9.258412439979288,9.275394648999978,9.294076006249496,9.314626519786193,9.33723320789086,9.362101801047412,9.38945861422029,9.41955260646847,9.452657646641061,9.489075005775073,9.529136098879231,9.573205501057517,9.621684265422807,9.675013572997734,9.733678747821102,9.798213673801934,9.869205653519144,9.947300753186681,10.03320968242792,10.127714262369519,10.231674540918153,10.346036619972033,10.471841265796495,10.61023338091827,10.76247242373081,10.929943870625014,11.114171824943867,11.316832887492833,11.539771414814812,11.785016304064325,12.054799457204911,12.351576092533717,12.678047088346899,13.037183562052402,13.432253908381249,13.866853542730414,14.34493762029292,14.870857028718758,15.449397981849149,16.08582557484779,16.785931697113526,17.55608773902667,18.40330257221661,19.33528633103672,20.360520575731176,21.488335475856147,22.72899471640373,24.093788899352294,25.59513829067136,27.246705847847565,29.06352155654345,31.062119207908072,33.2606868612613,35.67923236140636,38.33976541681933,41.26649789566745,44.48606416239367,48.02776345997711,51.923826543603276,56.209708992174164,60.92441386686847,66.11084665303315,71.81620571547977,78.09241182044815,84.99658063302104
0.40595959595959596,9.095017192902638,9.095650975843096,9.096348171528097,9.097115124679737,9.097958814837414,9.098886919874133,9.099907885867875,9.101031003963952,9.102266494927756,9.103625602157422,9.105120694002839,9.106765376322139,9.10857461630001,9.110564878654603,9.112754275472598,9.11516273103598,9.117812163140535,9.120726682556155,9.123932812444126,9.127459729728214,9.131339530616154,9.135607522687936,9.140302546209018,9.145467327592655,9.151148868228015,9.15739887221269,9.164274216882198,9.171837470418671,9.180157461249259,9.189309904416241,9.199378090619245,9.210453644200415,9.222637356970825,9.23604010546664,9.250783859982908,9.267002794568098,9.284844508081445,9.304471367425908,9.326061985181612,9.349812845087815,9.375940090167123,9.404681489765931,9.436298603413517,9.47107916119349,9.509339682291934,9.551428355554245,9.597728208267304,9.648660592006802,9.704689017275074,9.766323371829117,9.834124561090192,9.90870961286744,9.990757292853218,10.081014281995595,10.180301971966157,10.289523940565216,10.409674175092892,10.541846118519734,10.687242620776155,10.847186885714526,11.023134513355727,11.216686746996373,11.429605045714053,11.663827114866121,11.92148454044239,12.204922187724982,12.51671954076218,12.859714176824335,13.23702758943938,13.652093594980627,14.10868958129502,14.610970882729529,15.163508594372889,15.77133116963728,16.4399701797448,17.175510651569137,17.98464644195748,18.87474115250053,19.85389513914468,20.93101922650981,22.11591579779176,23.41936799824659,24.85323786408441,26.43057426981725,28.165731676446928,30.07450076115942,32.17425211730766,34.4840943323986,37.025047882636414,39.8202364265028,42.89509723818734,46.27761269585759,49.998564931362544,54.091815958741485,58.59461583077713,63.54794162789956,68.99687036433569,74.9909892050603,81.58484672665102,88.83844932866386
0.41585858585858587,9.095329876850652,9.095994945182376,9.096726556498686,9.097531368715934,9.098416705904254,9.09939062493922,9.100461988822284,9.101640547337269,9.102937025776933,9.104363222547,9.105932116535959,9.107657985227695,9.109556534631851,9.111645042214349,9.113942514128768,9.116469858179508,9.119250074090743,9.122308462812727,9.125672856770228,9.129373873148493,9.133445192521753,9.137923865359946,9.142850649203067,9.148270379571587,9.154232377988475,9.160790900826091,9.168005633062712,9.17594223144224,9.18467292198023,9.194277157253955,9.204842339458395,9.21646461580849,9.229249753526537,9.243314102377811,9.25878565351446,9.27580520426404,9.29452763946352,9.31512334100015,9.337779738387548,9.362703014488932,9.390119981911576,9.420280147149795,9.453457981262709,9.489955417752682,9.530104600378229,9.574270905909872,9.622856269339797,9.676302841808694,9.735097014541273,9.799773845412815,9.870921928433166,9.949188750465245,10.035286583928755,10.129998969117052,10.234187845119875,10.348801394246307,10.474882671333786,10.61357909647004,10.766152897509837,10.933992597409254,11.11862565090537,11.321732345525348,11.54516109341126,11.790945253100524,12.061321634321748,12.358750854179332,12.685939729946906,13.045865912223217,13.4418049825935,13.877360262370422,14.356495603665714,14.883571461190737,15.463384573049101,16.1012116116374,16.802857201910264,17.574706744021068,18.42378452108054,19.357817620880052,20.385306253340183,21.51560110365135,22.75898842509918,24.126783645997257,25.631434342624292,27.2866335152878,29.107444198388237,31.110436538489505,33.313838587855344,35.73770218571623,38.40408543682768,41.33725344791548,44.563899148752256,48.113386207385545,52.01801625010002,56.313322817880334,61.03839473445389,66.2362318286513,71.95413624826097,78.24414292645254,85.1634931181499,92.77515531568696
0.4257575757575757,9.0956500935009,9.09634720090372,9.09711405694016,9.09795764026584,9.098885627781547,9.09990646449579,9.101029440377388,9.10226477489753,9.10362371003066,9.105118612560528,9.106763086622424,9.10857209750582,9.11056210784403,9.112751227430293,9.11515937802368,9.117808474644644,9.120722625010053,9.1239283489227,9.127454819611826,9.131334129220992,9.135601580859356,9.140296009874238,9.145460137268657,9.15114095848023,9.15739017105951,9.16426464513992,9.171826940980882,9.180145878294136,9.189297162534524,9.199364073854962,9.210438224995633,9.2226203950048,9.236021446378832,9.25076333396822,9.266980214831557,9.284819669138262,9.304444043231452,9.326031927074267,9.34977977952601,9.375903716239929,9.404641476454573,9.436254586578883,9.471030740262213,9.509286416610879,9.551369760380236,9.5976637503556,9.648589684758132,9.704611015397118,9.766237565463804,9.83403016935338,9.908605776742196,9.990643067371998,10.080888627640196,10.18016374520717,10.289371883454862,10.409506903816586,10.541662110802132,10.687040202027143,10.846964213789029,11.022889561788709,11.216417286560445,11.429308624131904,11.663501034493152,11.921125833716514,12.204527590160193,12.516285461240166,12.859236664913812,13.23650229944578,13.651515746399035,14.108053915306416,14.610271614344581,15.162739359787663,15.770484968321854,16.439039310737716,17.174486643397913,17.98351997554743,18.873501976370143,19.85253197611593,20.929519671084176,22.114266203258126,23.41755335249342,24.85124165298624,26.428378326952014,28.163316017776445,30.07184340316882,32.17132887694846,34.480878607015036,37.021510407872206,39.81634500998528,42.89081646656555,46.27290361252797,49.99338468194985,54.0861174011085,58.5883471060142,63.54104568838984,68.98928445460136,74.98264429066555,81.57566686596378,88.82835098176032,96.8066985814586
0.43565656565656563,9.09597784285348,9.096707743007252,9.097510672852673,9.098393939329636,9.099365580469511,9.100434438544106,9.101610240533509,9.102903686645119,9.104326547689404,9.105891772198563,9.10761360426291,9.109507713157338,9.111591335937538,9.113883434303629,9.11640486715878,9.119178580433134,9.122229815900575,9.125586340888628,9.129278700972003,9.133340497949428,9.137808695633462,9.142723956236235,9.14813101041233,9.154079064326483,9.160622247450643,9.167820105165655,9.175738140650546,9.184448410991031,9.194030182932222,9.204570654243431,9.216165747260032,9.228920981824292,9.24295243556971,9.258387800288288,9.275367543994694,9.29404618926328,9.31459371947208,9.337197125752148,9.362062108721153,9.38941495048898,9.41950457397273,9.452604808263395,9.489016880661783,9.529072158064302,9.57313516264862,9.621606889305633,9.674928455010429,9.733585113345827,9.798110670715175,9.869092344436659,9.947176106932483,10.03307256464965,10.127563425214822,10.2315086116781,10.34585408858823,10.471640471118205,10.610012495584478,10.76222943753969,10.929676572239414,11.11387778176641,11.316509423527457,11.539415586313359,11.78462487273653,12.054368860748115,12.351102412214068,12.67752601333713,13.036610350201638,13.431623343059925,13.866159885357577,14.344174558113906,14.870017617358078,15.44847458211572,16.084809783217462,16.784814269256163,17.5548585056819,18.401950346652534,19.33379880724935,20.358884216458218,21.48653538938578,22.727014521057303,24.091610574407593,25.592742012369854,27.244069808992904,29.060621768049785,31.058929280492062,33.257177765291175,35.675372162722574,38.33551898612257,41.261826588829855,44.48092546878339,48.02211061559618,51.91760810551848,56.2028683703677,60.91688880924843,66.10256867891704,71.807099492396,78.08239447858358,84.98556101107621,92.57942030546,100.93307911448723
0.44555555555555554,9.096313124908498,9.097076571493096,9.097916404236372,9.098840265907505,9.099856563968364,9.100974547084432,9.102204389290968,9.103557282580427,9.105045538753636,9.106682701461683,9.108483669458112,9.110464832183084,9.112644218913385,9.115041662835583,9.117678981535546,9.120580175546767,9.123771646764471,9.127282438713117,9.13114450085391,9.135392979337606,9.140066536848659,9.145207704451481,9.150863268640776,9.157084697118414,9.163928607171608,9.17145728091503,9.179739232085842,9.18884982954995,9.19887198319382,9.209896898444024,9.222024906281252,9.235366376302622,9.250042721141998,9.266187501389416,9.28394764106551,9.303484764712946,9.324976668273809,9.348618937139495,9.374626726099217,9.403236717386664,9.434709274645389,9.469330812416604,9.507416402714615,9.549312642412987,9.595400807538182,9.646100323178603,9.701872580589422,9.763225136233215,9.830716330972349,9.90496037145244,9.986632919922213,10.076477243361568,10.17531097787899,10.28403356993772,10.40363446212817,10.535202097978171,10.679933827744074,10.839146805322558,11.014289975439713,11.20695726019262,11.41890206492989,11.652053235460416,11.908532611784002,12.19067433806351,12.501046104538318,12.842472514659397,13.21806079006676,13.631229047307562,14.085737403600753,14.585722194705651,15.135733616281009,15.740777131285318,16.406359020252065,17.13853648898583,17.943972789709616,18.82999785732656,19.80467501265565,20.87687433971653,22.056353404875317,23.35384605247472,24.781160085065125,26.351284717198382,28.078508780679197,29.97855075700037,32.06870182030921,34.36798319264183,36.89731924340076,39.6797279083216,42.74053016078261,46.10758044169124,49.8115201449097,53.88605646499655,58.36826914484695,63.2989479147171,68.72296369342241,74.6896769297503,81.25338680012082,88.47382535033654,96.41670107827511,105.15429690430635
0.45545454545454545,9.096655939666057,9.09745368636138,9.098331251091414,9.099296619999635,9.100358578278339,9.101526790117044,9.102811886650098,9.104225562703855,9.10578068322384,9.107491400350469,9.109373282208736,9.111443454583917,9.113720756772608,9.116225913027412,9.118981721155496,9.122013259987371,9.125348117603945,9.129016642398836,9.133052219260767,9.137491573389415,9.142375104509645,9.147747254525639,9.15365691196083,9.160157856864263,9.16730925023234,9.17517617240002,9.183830215301196,9.193350133988268,9.203822563340232,9.215342806481903,9.228015702089547,9.241956578476138,9.257292303139334,9.274162437323959,9.292720506106765,9.313135395562428,9.335592889726566,9.360297361343783,9.387473631788477,9.417369017085878,9.450255578654534,9.486432599254757,9.526229306677212,9.570007869960593,9.618166695407636,9.671144052397276,9.729422061992087,9.793531084641867,9.864054546916167,9.941634251193733,10.026976216631677,10.120857104571487,10.224131286856876,10.337738621388127,10.462713005672216,10.600191786206345,10.751426109318595,10.917792307654361,11.10080442591903,11.302127999851635,11.523595213805567,11.76722157485488,12.035224255142321,12.330042269364409,12.654358670987357,13.011124969158624,13.403587988488944,13.835319416113846,14.31024830490371,14.83269682860038,15.407419614260762,16.039647009952343,16.735132681468652,17.500205971238696,18.341829495951803,19.267662507101452,20.286130591101568,21.40650234332402,22.63897371387001,23.994760792700202,25.486201878542595,27.12686976047425,28.93169523400132,30.917102975689225,33.10116101285127,35.50374514851379,38.146719837966515,41.05413716291539,44.25245571394526,47.770781373170045,51.64113218824643,55.89872974816851,60.582319712436906,65.73452441050556,71.40223072026252,77.63701675535671,84.49562124435846,92.04045987325631,100.34019329017858,109.470351941372
0.46535353535353535,9.09700628712627,9.097839087612236,9.098755213417958,9.099763001606217,9.10087162339966,9.102091167642222,9.103432732611239,9.104908527015814,9.106531981100515,9.108317868865525,9.11028244251551,9.11244358036071,9.114820949516265,9.117436184880384,9.12031308602017,9.123477833756814,9.126959228421256,9.13078895194851,9.135001856195863,9.139636280108828,9.144734398621209,9.150342606464493,9.156511940379467,9.163298543572443,9.170764176642978,9.178976779632844,9.18801109031133,9.197949324323709,9.208881923392784,9.220908378382717,9.234138134715744,9.248691588381872,9.264701181606164,9.282312608145228,9.301686139182337,9.322998081888187,9.346442383921783,9.372232398474212,9.400602825919197,9.43181184974179,9.466143486184706,9.503910168996958,9.545455592809239,9.591157841014217,9.641432826619377,9.696738077388257,9.757576899719279,9.82450295915809,9.898125319230786,9.979113984456092,10.068205997982432,10.166212149342483,10.274024353369239,10.392623767424192,10.523089720805542,10.666609537593514,10.82448934231802,10.998165946775122,11.189219926154433,11.399390003459347,11.630588873104413,11.884920607667814,12.164699806181272,12.472472658186046,12.811040115216676,13.183483380552728,13.593191949177866,14.04389445309716,14.539692592699248,15.085098462941703,15.685075614041526,16.345084220348134,17.071130768473036,17.869822716887388,18.74842862444982,19.714944295102946,20.778165540730434,21.947768224395432,23.23439631243266,24.64975873674506,26.206735948824104,27.91949713520122,29.80362916105018,31.8762784153794,34.15630684865261,36.664463622822154,39.42357393583141,42.4587467389304,45.79760323707653,49.470528251824206,53.51094673416329,57.95562794364221,62.845020061884746,68.22361828557777,74.14036974868476,80.64911895880125,87.80909780126558,95.68546457022188,104.34989693199907,113.88124421697142
0.47525252525252526,9.097364167289244,9.098232775245796,9.099188291216162,9.100239410727447,9.10139569933257,9.102667679660254,9.104066927174735,9.105606175516723,9.107299432384163,9.109162107007462,9.111211150379173,9.11346520951436,9.115944797145438,9.118672478395817,9.121673076131149,9.124973896857,9.128604979218707,9.132599367364918,9.136993411662555,9.141827099499896,9.147144419188246,9.152993760273946,9.159428353903804,9.16650675725154,9.174293386413872,9.182859102625969,9.19228185713125,9.202647400574339,9.214050063373215,9.226593614172602,9.240392204191247,9.255571406057527,9.272269356587731,9.290638013907458,9.310844540357186,9.33307282376795,9.357525150952359,9.384424048641677,9.414014308623571,9.446565215511754,9.482372997422909,9.521763521865061,9.56509526137337,9.61276255588422,9.665199201539256,9.722882398581707,9.786337094275366,9.856140760371469,9.932928648603117,10.01739957203691,10.110322264896457,10.212542378735973,10.324990178632236,10.448689009432176,10.584764609099391,10.734455353909597,10.899123528722637,11.080267724884163,11.279536478568762,11.49874327366116,11.739883045686597,12.00515033695818,12.296959268133103,12.617965507897807,12.971090440685098,13.359547752330304,13.786872675580309,14.256954161579692,14.77407027009236,15.34292710051716,15.96870161798833,16.657088764308764,17.414353282468394,18.24738672640494,19.163770174860026,20.1718432200988,21.28077985936734,22.500671979779508,23.842621196423863,25.318839879492455,26.942762289847934,28.72916683442577,30.694310554051455,32.85607706756195,35.2341393185674,37.85013860588991,40.72788152689726,43.89355662595811,47.37597271956618,51.20682106694545,55.420963771950696,60.056751040794715,65.15637018273242,70.76622952970877,76.9373807687545,83.72598353048674,91.19381646161969,99.40883943241349,108.44581199533899,118.3869737231412
0.4851515151515151,9.097729580155093,9.098634749262198,9.099630484486196,9.100725847363526,9.101930806077311,9.10325632617143,9.10471447034094,9.106318508207007,9.108083037075307,9.110024114776904,9.11215940580048,9.114508342045777,9.11709229966123,9.119934793575036,9.123061691490044,9.126501449289877,9.130285369998647,9.134447888650898,9.139026885664272,9.144064031566757,9.149605166215743,9.155700715960018,9.162406152541104,9.169782497910303,9.177896879555565,9.186823141392097,9.19664251577626,9.207444362758569,9.219326983303665,9.232398513878168,9.246777910548028,9.262596031541483,9.279996828130066,9.299138654665805,9.320195709697346,9.343359621280685,9.368841190912624,9.396872311958715,9.42770808003567,9.461629114555253,9.49894411255853,9.539992658083552,9.58514831263516,9.63482201488404,9.689465820536332,9.749577016411035,9.815702646167864,9.888444488874411,9.968464535722264,10.056491014734755,10.15332501829535,10.25984779381074,10.377028763856273,10.50593434878839,10.647737672109528,10.803729236901939,10.97532867048119,11.16409764413816,11.371754085528698,11.600187813030157,11.851477734321032,12.127910765671878,12.432002644092451,12.766520821704383,13.134509650657643,13.539318087755685,13.984630170887945,14.474498544598461,15.013381339875064,15.606182743777339,16.25829762811074,16.975660643303492,17.764800224288496,18.632897999902394,19.58785414649527,20.63835928054333,21.793973544565638,23.065213606106077,24.463648361548298,26.00200421574119,27.694280895546452,29.55587885127137,31.603739405393156,33.85649892397547,36.33465841378029,39.06077008844914,42.05964260154753,45.35856681413674,48.98756415140735,52.97965980847638,57.371183291587904,62.202099029720586,67.51637006525904,73.36235813342138,79.79326377128791,86.8676104615627,94.64977721693462,103.21058445173178,112.62793847250094,122.98754045259429
0.495050505050505,9.098102525723931,9.09904500966158,9.100081793228227,9.101222311514656,9.102476943634125,9.103857107176049,9.105375362110218,9.107045525087106,9.10888279517447,9.110903892174491,9.1131272087802,9.115572977955896,9.118263457064767,9.121223130419406,9.124478932098498,9.12806049105743,9.132000400763475,9.136334515809349,9.141102278204507,9.146347076313624,9.152116639708792,9.158463473528844,9.165445336298767,9.173125765557653,9.181574656078805,9.190868895944174,9.201093066261935,9.212340210895144,9.224712683206674,9.23832307752651,9.253295253818617,9.269765464872775,9.287883596279968,9.307814530476335,9.329739647269903,9.353858474506588,9.380390503898319,9.409577188539474,9.441684140291393,9.47700354703382,9.515856831783248,9.55859757787943,9.605614746862889,9.657336218330013,9.714232683982669,9.77682193131264,9.845673555907087,9.921414145261709,10.004732981279,10.096388313348704,10.197214259099521,10.308128395621994,10.43014011024491,10.564359786857926,10.712008911374822,10.87443118829373,11.053104769509194,11.249655706649383,11.465872749343045,11.703723624065582,11.965372941684215,12.253201896641224,12.56982993701672,12.918138602647453,13.301297748208913,13.722794389874503,14.186464438045576,14.696527604916756,15.257625804541439,15.874865394854847,16.55386364608605,17.300799858462277,18.122471594429342,19.026356537164272,20.020680538363536,21.114492474618373,22.317746593649133,23.64139309982826,25.097477803395506,26.699251740243813,28.46129175987986,30.39963317896686,32.53191570764726,34.877543976620224,37.45786412581229,40.296358061638294,43.41885715063586,46.853777294131255,50.63237752316824,54.78904446697452,59.36160528370029,64.39167190118302,69.92501970042656,76.01200408792813,82.70801874779058,90.07399974386158,98.17698005939518,107.09069962073205,116.89627635642198,127.68294439865495
0.5049494949494949,9.09848300399588,9.099463556444087,9.10054221744243,9.101728803181048,9.103034112003268,9.104470022674418,9.106049602482935,9.107787226157463,9.109698706682192,9.11180143920087,9.114114559319123,9.116659117245668,9.119458269357198,9.122537488930313,9.125924797958188,9.129651022161685,9.133750071515637,9.138259248843218,9.143219589286824,9.148676233744801,9.15467883967258,9.161282032986682,9.168545905184333,9.17653656020268,9.185326715994544,9.194996366295383,9.205633508604143,9.217334945003147,9.230207163105186,9.244367305145188,9.2599442340361,9.27707970609109,9.295929661085006,9.316665641395996,9.33947635314298,9.364569383527039,9.392173090006548,9.422538678499665,9.455942489528413,9.492688513110988,9.533111155290944,9.577578281482115,9.626494564327425,9.680305166541187,9.73949979225308,9.804617143725599,9.876249824005784,9.955049730130103,10.041733985965212,10.13709146867771,10.241989988227434,10.35738418522045,10.484324218993782,10.623965324993446,10.77757832841587,10.946561209782516,11.13245182768735,11.336941914484125,11.561892472261253,11.80935070919158,12.0815686703594,12.381023732584794,12.7104411497269,13.072818853607824,13.471454736226955,13.90997666151972,14.392375479759748,14.923041345035756,15.50680366630266,16.148975055583072,16.855399673281912,17.6325064106022,18.487367393079246,19.427762337681827,20.462249349203752,21.600242800270784,22.852099003750258,24.22921045726009,25.744109517475742,27.410582447739245,29.243794876864648,31.26042981086939,33.4788394535863,35.91921221776754,38.60375644652262,41.55690251699615,44.8055251654722,48.37918805711172,52.31041282596341,56.6349750335769,61.392229739517866,66.62546964656734,72.38231907982927,78.71516738507711,85.68164569040084,93.34515136984028,101.7754249817979,111.0491849325646,121.25082564061434,132.4731855552002
0.5148484848484849,9.098871014971056,9.099890389609863,9.101011757128974,9.102245322362913,9.103602311184995,9.105095072666845,9.106737191459466,9.108543611418533,9.11053077159902,9.112716755856708,9.11512145741805,9.117766759916057,9.120676736539693,9.123877869109172,9.127399289070821,9.131273042604704,9.135534382257621,9.140222087755516,9.145378818914851,9.15105150386467,9.157291766112387,9.164156394339903,9.171707859205481,9.180014881854637,9.189153059313924,9.19920555245914,9.210263842819032,9.222428565101998,9.235810423022535,9.250531196762223,9.266724851234109,9.284538755236756,9.304135022593492,9.325691987482617,9.349405827385702,9.375492348424592,9.404188949335762,9.435756781956524,9.470483127886117,9.50868401295219,9.55070708327761,9.596934769123314,9.647787765302077,9.703728859839142,9.765267145724922,9.832962654091395,9.907431450978795,9.989351244077843,10.079467550473396,10.178600481519956,10.287652206594851,10.407615163651464,10.539581091289604,10.68475096453402,10.844445924733726,11.020119303038815,11.213369846860124,11.425956269661295,11.659813256472122,11.917069070756206,12.200064922836088,12.511376276107598,12.853836284908775,13.23056157730798,13.644980617417533,14.100864905318009,14.602363298507665,15.154039767206338,15.760914927102007,16.428511727514586,17.162905710778208,17.97078030025281,18.85948762014728,19.83711540068419,20.91256057751892,22.095610255246715,23.39703077184443,24.82866567460991,26.40354349925122,28.13599633298084,30.04179024059726,32.13826874048283,34.44451063619573,36.98150363996557,39.77233536810739,42.842403446453446,46.21964663780733,49.934799094731176,54.02167005142527,58.517451499965894,63.46305665083623,68.90349225783758,74.88826819564662,81.47184801730216,88.71414459183804,96.68106533252744,105.44511197749748,115.08604038092113,125.69158631911219,137.35826391660777
0.5247474747474747,9.099266558649584,9.100325509159058,9.101490412288042,9.102771869060467,9.104181541179567,9.105732257153651,9.107438129040194,9.109314680870778,9.111378989925516,9.11364984214268,9.116147903077799,9.118895905968055,9.121918858613446,9.125244270957426,9.128902405438142,9.13292655238859,9.137353332991967,9.142223032549307,9.14757996709229,9.153472886677687,9.159955419033597,9.167086557594994,9.174931198370034,9.183560730522943,9.19305368604829,9.2034964544491,9.214984068923021,9.22762107121144,9.241522462982447,9.256814752406104,9.273637105446818,9.29214261235074,9.312499680854481,9.334893568794882,9.359528070068205,9.386627369282941,9.416438081985714,9.449231499028768,9.485306055505555,9.524990046724719,9.568644615941265,9.616667041036914,9.669494350062456,9.727607298547813,9.791534744777852,9.861858462853636,9.9392184373427,10.024318687704282,10.11793367549613,10.220915352672252,10.3342009151141,10.458821331954173,10.595910728309178,10.746716706804033,10.9126117018087,11.095105469704858,11.295858828834456,11.51669877415118,11.759635104102767,12.02687871103069,12.320861701509777,12.64425952970163,13.000015345114468,13.391366776314994,13.821875394308744,14.29545912369644,14.816427896546307,15.389522873440933,16.01995958862971,16.713475411939143,17.47638175938821,18.315621527680225,19.238832275290115,20.25441572516736,21.37161422160661,22.60059483712275,23.952541894780964,25.439758748009957,27.07577974416333,28.875493390760237,30.85527784527357,33.03314996147211,35.428929248682515,38.06441823604174,40.963600883095715,44.15286084232243,47.661221559816276,51.52061039910305,55.766149191675936,60.436473858336164,65.57408600997913,71.22573972749551,77.44286704059961,84.2820459775771,91.80551544535514,100.08174162547475,109.18604104035808,119.20126595998624,130.2185583864241,142.33817947770905
0.5346464646464646,9.099669635031587,9.100768915091818,9.101978182919819,9.103308443273932,9.104771801987255,9.106381576135151,9.10815241522551,9.11010043451467,9.112243361662252,9.114600698059474,9.1171938962992,9.120046555402668,9.123184635579673,9.12663669447654,9.130434147061921,9.134611551515485,9.139206923721265,9.14426208322771,9.149823033822905,9.155940382188398,9.162669798441685,9.17007252275856,9.178215922685945,9.187174106217183,9.197028596209181,9.207869072279147,9.219794186932816,9.232912463351548,9.247343283009032,9.26321797210577,9.280680996708936,9.299891277474625,9.32102363591776,9.344270385392322,9.369843081261587,9.397974446186904,9.42892048805743,9.46296282983655,9.500411272529389,9.541606614597644,9.586923753481866,9.636775097458875,9.691614318886325,9.75194048299331,9.818302589793625,9.891304570457782,9.971610783615484,10.059952061609442,10.15713236172559,10.264036082929433,10.38163611469338,10.511002691160678,10.653313131218471,10.809862553112167,10.982075661099245,11.171519711393412,11.379918775378599,11.60916942987438,11.861358017217734,12.138779632208927,12.443959008682036,12.779673495746685,13.148978332764344,13.55523445304377,14.002139069255964,14.49375931888945,15.034569275921692,15.629490665525385,16.283937652337578,17.003866109901143,17.795827819678866,18.667030092910096,19.62540135793719,20.679663309921114,21.83941027958694,23.115196543334164,24.518632369310637,26.06248967354237,27.760818247656143,29.62907361592734,31.684257685204777,33.94507346767429,36.43209528448079,39.167955999102695,42.17755298434375,45.48827469728526,49.130249924080935,53.13662196277858,57.54385023929999,62.392042101363145,67.72531780976337,73.59221204854252,80.04611560791021,87.1457612593733,94.9557582446953,103.5471802427133,112.99821216470926,123.39486166439387,134.8317418374896,147.41293223374757
0.5445454545454546,9.100080244117192,9.101220607408301,9.102475069024488,9.103855045003531,9.105373093608327,9.107043029611681,9.108880050015811,9.110900872350692,9.113123886809802,9.115569323607794,9.118259437083102,9.121218708220923,9.124474067439612,9.128055139668014,9.131994513943965,9.13632803998757,9.141095154448141,9.146339239793905,9.152108019110527,9.158453990401423,9.165434904342229,9.173114289837315,9.181562032161311,9.190855008947107,9.201077789808332,9.212323405963403,9.22469419686539,9.23830274154272,9.253272883126785,9.269740855890607,9.287856525055696,9.307784750650619,9.329706887833826,9.353822437335298,9.380350861037908,9.409533579222384,9.441636167653185,9.476950774501423,9.515798779101834,9.558533716741737,9.60554449610121,9.65725893862711,9.714147672053466,9.77672841350374,9.845570681155852,9.921300977350862,10.0046084903162,10.096251366393624,10.197063609853043,10.307962673083784,10.42995780623608,10.564159242295275,10.711788301171744,10.874188504750405,11.052837804040907,11.24936202968672,11.465549688221094,11.703368238700904,11.964981997818349,12.252771836407195,12.569356846560792,12.917618176511477,13.300725250149172,13.72216460976059,14.18577164444701,14.695765492945934,15.256787438478215,15.873943145030704,16.552849119453324,17.299683822216604,18.121243891990282,19.0250059957493,20.019194867314337,21.112858153553997,22.315948749428234,23.63941537120049,25.09530219211036,26.696858447262006,28.458659005196587,30.39673700340719,32.528729754830074,34.87403925310651,37.45400873725486,40.292116922532024,43.41419166502719,46.848645004381176,50.62673172357245,54.78283377872457,59.354773187318045,64.38415622217305,69.91675204346575,76.00290921444413,82.6980138912639,90.06299385662116,98.16487298405235,107.0773811787136,116.8816253453063,127.6668274891878,139.53113666764128,152.58252218034113
0.5544444444444444,9.10049838590653,9.101680586108662,9.102981070602238,9.104411674249496,9.105985416043062,9.107716617583574,9.109621033411504,9.11171599437933,9.114020565368763,9.116555718788355,9.119344525430371,9.122412364423857,9.125787154194525,9.129499606533367,9.133583506086113,9.138076017807062,9.143018025175278,9.14845450225112,9.154434922959055,9.161013711321468,9.168250736740895,9.176211858838094,9.18496952680436,9.194603438722623,9.205201266857667,9.216859455516209,9.229684098737986,9.24379190580567,9.259311263360576,9.276383403790454,9.295163690522854,9.31582303192153,9.338549436653883,9.36354972468498,9.391051409470155,9.421304768476354,9.454585120876445,9.491195333146287,9.531468575368601,9.575771353329412,9.624506844002857,9.678118564781377,9.73709440984553,9.801971090409019,9.873339019249787,9.951847683981207,10.038211557964631,10.13321660265699,10.237727420568378,10.35269512392446,10.479165990640116,10.61829098637369,10.771336239310692,10.93969456299314,11.124898132045375,11.328632426135535,11.552751569049844,11.799295202449398,12.070507047842208,12.368855325664098,12.697055217260868,13.058093574154984,13.455256099432562,13.89215724858685,14.372773121907512,14.901477647736494,15.483082385867974,16.122880313324682,16.826693990994546,17.600928549489435,18.452629976454194,19.38954923580642,20.42021280246574,21.554000254516275,22.801229628970326,24.173251317948427,25.6825513598049,27.34286506521633,29.169302012291617,31.178483548213734,33.388694048726535,35.820047311971585,38.494669600900046,41.436900999986264,44.673516918632465,48.23397175699309,52.15066695163329,56.45924584030141,61.19891802916113,66.41281621431408,72.14838870479177,78.45783121909659,85.3985618847749,93.03374376367388,101.43285965803425,110.67234442834874,120.83628057729364,132.01716342978577,144.31674287256882,157.8469493134477
0.5643434343434344,9.100924060399732,9.102148851193062,9.103496187653263,9.104978331012056,9.106608769291741,9.108402340051168,9.110375365412997,9.112545800601081,9.114933397339737,9.117559883601881,9.120449161341885,9.123627524012537,9.12712389584569,9.130970095074149,9.135201123490235,9.139855484976223,9.1449755359054,9.150607870602647,9.156803745372459,9.163619544953313,9.171117295643448,9.179365229767845,9.188438406623462,9.198419395553803,9.20939902736931,9.22147722095214,9.234763892568122,9.24937995616144,9.26545842373565,9.283145615835581,9.302602493146678,9.324006121330765,9.34755128242983,9.373452247503343,9.401944726632237,9.43328801403683,9.467767347831861,9.505696505895354,9.547420661476849,9.593319524534648,9.643810797392035,9.69935397616316,9.760454532545902,9.827668514040715,9.901607604462118,9.982944690798186,10.07241998708098,10.170847770999194,10.27912379455964,10.398233436236968,10.529260668797312,10.673397924402375,10.831956946763674,11.006380729096307,11.198256646499596,11.409330902258244,11.641524419511358,11.896950322886555,12.17793316916288,12.487030101940686,12.827054122804745,13.201099690728064,13.612570882653635,14.065212371503067,14.563143503506472,15.110895784960793,15.7134541195601,16.376302171583315,17.105472267782304,17.907600292127167,18.789986073011637,19.760659812511,20.82845516227447,22.003089611121144,23.295252915945845,24.716704380732548,26.280379868986312,28.00050952346271,29.892747264502848,31.974313245461154,34.264150561616646,36.78309763866138,39.55407786954181,42.602308225389734,45.95552873894711,49.644254948833776,53.70205560195963,58.16585814124197,63.07628475864657,68.47802207172977,74.42022778784664,80.95697805679629,88.1477595829543,96.05801097527525,104.75971826163025,114.33206998686181,124.86217785617224,136.4458694819476,149.18856044828868,163.20621362933548
0.5742424242424242,9.101357267596931,9.102625402661662,9.104020420177761,9.105555015291452,9.10724315335465,9.109100197014811,9.111143046020711,9.113390291016458,9.115862382723332,9.118581818049115,9.121573344818536,9.124864186988042,9.128484292394416,9.132466605291937,9.136847366158234,9.141666441497348,9.146967686641275,9.152799344851825,9.159214486354767,9.16627149130182,9.174034581055748,9.182574402633621,9.191968671627114,9.202302879450878,9.213671071355565,9.226176702285995,9.239933578373579,9.255066892631374,9.271714364277623,9.290027492056693,9.310172932963937,9.332334018922321,9.35671242521424,9.383530005853139,9.413030812598958,9.445483315992835,9.481182848625222,9.520454292874104,9.563655037575122,9.611178230532921,9.66345635647555,9.720965173015564,9.784228040439555,9.853820684731865,9.930376437180739,10.014591998251946,10.107233778185535,10.209144872018983,10.32125273251258,10.444577610802607,10.580241841592784,10.729480057377822,10.893650424644953,11.0742470042966,11.272913348764963,11.491457459540117,11.731868241210066,11.996333601726635,12.28726036358976,12.607296167120777,12.959353565123514,13.34663652817524,13.772669601729872,14.241329980353015,14.756882790961908,15.324019906154893,15.947902640849978,16.634208720801997,17.389183950454267,18.219699050355946,19.13331218142963,20.138337725131628,21.24392194548146,22.460126221564146,23.798018607999474,25.269774556653697,26.888787716230816,28.669791818083247,30.62899475745872,32.78422609037288,35.155099288373826,37.76319022775847,40.632233537533324,43.78833859292799,47.26022712004948,51.07949457393182,55.28089766858384,59.90267067563103,64.9868733699547,70.57977378873335,76.73226928710804,83.50034972221107,90.94560698068037,99.13579548652918,108.14544879018031,118.05655784983522,128.95931717776975,140.95294564174566,154.14658939111496,168.66031512455513
0.5841414141414141,9.101798007498267,9.103110240514624,9.10455376817593,9.106141727087925,9.107888568232083,9.109810188474858,9.111924075235075,9.114249465625969,9.116807521520176,9.119621522130808,9.122717075861235,9.126122353351468,9.129868343842029,9.133989137188328,9.138522234092044,9.143508887372766,9.148994477385722,9.155028925002055,9.161667145910078,9.168969550371926,9.177002592983747,9.1858393774426,9.19556032182395,9.20625389042424,9.21801739882893,9.2309578995328,9.245193156172402,9.260852715237137,9.278079085012473,9.297029032484923,9.31787501001191,9.340806724740773,9.366032865060362,9.393782999797892,9.424309667445986,9.457890674434386,9.49483162336342,9.53546869420924,9.5801717038133,9.629347471501134,9.683443521461696,9.742952155583202,9.808414933812918,9.880427602816798,9.959645517794545,10.046789606793144,10.14265293179837,10.24810790631383,10.364114235110216,10.491727648397989,10.632109509904364,10.786537386285918,10.956416674054001,11.143293389810738,11.348868240176595,11.575012099432607,11.823783035707768,12.097445040631134,12.398488632868053,12.729653523011452,13.093953546058039,13.494704088336702,13.935552258460158,14.420510076848016,14.953990985846593,15.54085001269863,16.186427950868346,16.896599961806395,17.677829039477405,18.537224824234894,19.482608301316958,20.522582972792804,21.666613150703117,22.925110083940954,24.30952670270534,25.83246184277546,27.507774898113745,29.350711945197606,31.378044486864653,33.6082220782887,36.06154022402604,38.76032507403627,41.72913659945201,44.99499209704075,48.58761205629797,52.53969062661768,56.887193145857495,61.66968343788557,66.93068385760681,72.71807135998385,79.08451319740061,86.08794621035372,93.7921040731714,102.26709729287207,111.59005123934763,121.84580801316349,133.12769853821348,145.53839190553873,159.19082969763406,174.2092537959153
0.594040404040404,9.102246280103875,9.103603364752123,9.10509623164797,9.106738466401717,9.108545013924335,9.110532314431666,9.112718453056518,9.115123324430142,9.117768813730898,9.120678995847728,9.123880354470908,9.127402023103935,9.131276050189875,9.135537690764957,9.140225727293627,9.145382822604857,9.151055908141606,9.15729661105679,9.164161724042556,9.171713722168656,9.180021331433492,9.18916015420206,9.199213357222739,9.210272428484437,9.222438009802094,9.235820812707795,9.250542625982899,9.266737424000699,9.284552585966548,9.304150237151829,9.325708724328356,9.34942423883126,9.375512602022095,9.404211229401872,9.435781291249851,9.47051008945246,9.508713672154416,9.55073971002864,9.596970660342535,9.64782724761755,9.70377229256017,9.765314924112081,9.833015212953732,9.907489268630972,9.989414846693226,10.079537516872696,10.178677448439034,10.287736874479574,10.407708303032399,10.539683549794525,10.684863674602052,10.844569912101335,11.020255696074837,11.21351988683478,11.426121322042661,11.659994823352779,11.917268804523207,12.200284641208583,12.51161797867895,12.854102171343696,13.230854067360243,13.64530237295044,14.101218854527966,14.60275266257134,15.154468089593852,15.761386105822927,16.429030050590242,17.163475895263065,17.971407535160157,18.86017761366975,19.837874432139042,20.913395554490723,22.096528776447524,23.3980411962636,24.829777197582718,26.40476623613875,28.137341411222508,30.04326990097382,32.13989644851132,34.44630120467008,36.98347336375812,39.774502172457865,42.844787050095015,46.22226873241405,49.93768354232018,54.024843101509674,58.52094202843479,63.46689642273584,68.90771621644436,74.89291478046373,81.47695951387237,88.71976751655734,96.68725085596047,105.45191639004764,115.09352560509309,125.69982047302805,137.36732193390574,150.2022082699477,164.3212813646816,179.85302964046016
0.6039393939393939,9.102702085413899,9.104104775374324,9.105647810594093,9.107345233233083,9.109212490431709,9.111266574885601,9.113526179485484,9.116011867429508,9.118746259356145,9.12175423920065,9.12506318064849,9.128703196246578,9.132707411439329,9.137112266023477,9.141957845764987,9.147288247196027,9.153151978911833,9.159602403019537,9.16669822075643,9.174504006697104,9.183090796411127,9.192536732919399,9.202927777832382,9.214358493642175,9.226932904287924,9.240765441826445,9.255981987823638,9.272721018944331,9.291134867166539,9.311391106089381,9.333674075951524,9.358186561239492,9.385151636153982,9.414814694730083,9.447445684087915,9.483341561138964,9.522828995107215,9.566267340461323,9.614051907315211,9.666617559061713,9.72444266998199,9.788053478849495,9.858028878150918,9.9350056825108,10.019684424267053,10.112835728941537,10.215307328626254,10.328031777110063,10.452034936955418,10.588445315757966,10.738504336547473,10.903577635786952,11.085167491775426,11.28492649654352,11.504672595643815,11.7464056326828,12.012325549131706,12.304852405014463,12.626648402639907,12.980642113773202,13.370055130694581,13.798431383654549,14.269669391504648,14.788057738982685,15.35831410350336,15.985628186617035,16.675708940843744,17.434836521689714,18.26991943766415,19.18855741842582,20.19911057323191,21.310775469107924,22.533668821129417,23.878919556475218,25.35877009011009,26.98668773377473,28.777487252167813,30.74746568163745,32.91455063828134,35.298463465104156,37.92089870291259,40.80572151817395,43.97918488447396,47.470168493972025,51.31044157300172,55.53495199350044,60.182144311256515,65.29430962520738,70.91797044160919,77.10430404545771,83.90960823197256,91.39581363645269,99.63104732487244,108.69025277408349,118.6558718836522,129.61859522587443,141.67818736150144,154.9443947318343,169.53794438932127,185.5916426554495
0.6138383838383838,9.10316542342848,9.104614472381405,9.106208505014504,9.107962027582271,9.109890997754508,9.112012969837032,9.114347254522421,9.116915094624613,9.11973985839657,9.122847252190367,9.126265554394942,9.130025872780548,9.13416242759178,9.138712862965566,9.143718589508149,9.149225161148728,9.155282689699357,9.161946300893858,9.169276636055995,9.177340403962443,9.186210987922884,9.19596911360212,9.206703583661909,9.21851208590832,9.23150208229948,9.245791786904435,9.26151124171344,9.27880350009061,9.297825928639503,9.318751639329964,9.34177106492014,9.367093692011718,9.394949967511199,9.425593395848255,9.459302846038348,9.49638508958672,9.53717759233182,9.582051585637394,9.631415444884869,9.685718406014384,9.745454653939392,9.811167820043917,9.883455929694438,9.962976844793488,10.050454250906682,10.14668424345036,10.25254257287764,10.36899261479681,10.497094137551585,10.638012947047951,10.79303149659339,10.963560558293302,11.1511520622071,11.357513220089908,11.58452206223266,11.834244528769535,12.10895327096495,12.41114833355124,12.743579906305062,13.109273351881304,13.511556737639648,13.954091121989663,14.44090387085285,14.976425307422707,15.565529028746942,16.213576256035687,16.926464622318527,17.71068184146509,18.57336474701535,19.522364238140263,20.5663167238153,21.714722715426902,22.978033283083864,24.36774516246347,25.8965053777378,27.578226332716167,29.428212417593397,31.463299283479227,33.702007052154514,36.16470885530627,38.87381623698961,41.853983106519784,45.13233009780926,48.73869137686846,52.705886143475254,57.07001729774347,61.87079998953476,67.15192304060395,72.96144652852504,79.35223915053312,86.38245934743115,94.11608456594695,102.6234934760025,111.98210644126978,122.27709007151391,133.60213226839136,146.06029481788786,159.76495128828097,174.84081876882593,191.42509283834053
0.6237373737373737,9.103636294147767,9.105132455773537,9.106778314909418,9.108588849449545,9.11058053589305,9.112771499286335,9.115181678167785,9.117833006016003,9.12074961085284,9.12395803481768,9.12748747571123,9.131370052707018,9.135641098648644,9.140339481592937,9.145507958525176,9.151193564465444,9.157448040507179,9.16432830468337,9.17189696994561,9.180222913969928,9.189381905975084,9.199457296257837,9.21054077472048,9.222733205293881,9.236145543849997,9.250899847957662,9.267130387671383,9.28498486746241,9.304625770412835,9.326231836906365,9.349999691273396,9.37614563119473,9.404907596149538,9.43654733282281,9.471352777180112,9.509640674889424,9.551759463939206,9.598092445688017,9.649061273206168,9.705129788657478,9.766808244645755,9.834657947944883,9.909296367875164,9.991402755816866,10.081724327002949,10.181083060849394,10.290383181709402,10.410619388128664,10.542885905488859,10.688386444417565,10.848445155583207,11.02451868055807,11.218209408404034,11.431280058604555,11.665669723033309,11.923511512924202,12.207151971410832,12.519172428268497,12.862412491165763,13.23999588717602,13.655358889689872,14.112281589401453,14.614922293929974,15.167855369117579,15.776112866374312,16.44523031490611,17.18129709557413,17.991011854838504,18.881743463114727,19.861598072333656,20.939492883004927,22.125237292142685,23.42962216057886,24.8645180120726,26.442983057899223,28.17938203000738,30.08951690418425,32.1907707028613,34.50226568621181,37.04503737112156,39.84222596164584,42.91928693301154,46.30422268552369,50.027837376478,54.12401724910956,58.630039009640164,63.58690905873795,69.03973666449103,75.03814447287992,81.63672009152143,88.8955128562396,96.88058030120435,105.66458930569632,115.32747738813934,125.95718016540094,137.65043159749163,150.51364430016594,164.66387793657313,180.22990450066018,197.35338018677095
0.6336363636363637,9.104114697571905,9.105658725550905,9.107357240279052,9.109225698835163,9.111281104847649,9.113542163233896,9.116029450422035,9.118765601604236,9.121775516725627,9.125086587083405,9.128728944598345,9.13273573602718,9.13714342461136,9.14199212190732,9.147325952818159,9.153193457148701,9.159648031338339,9.166748414391742,9.174559222429698,9.183151536724885,9.19260355057415,9.203001280894275,9.214439351017388,9.227021851810035,9.240863288952896,9.256089625002236,9.272839425716798,9.291265121082898,9.31153439251428,9.33383169885177,9.358359955050947,9.385342378835855,9.4150245221254,9.447676505720867,9.48359547759294,9.523108317141629,9.566574610041279,9.614389920745348,9.666989392434822,9.724851707173979,9.78850344231551,9.858523862802896,9.93555019298474,10.02028341591923,10.113494652946677,10.216032181588155,10.328829155636075,10.452912097691485,10.58941024143048,10.739565808612939,10.904745314350542,11.08645200350562,11.28633953138278,11.506227013195277,11.748115579240995,12.014206586422123,12.30692165181341,12.628924690563187,12.983146158651227,13.372809721093248,13.801461588257364,14.273002787243259,14.79172466199174,15.362347925183592,15.990065617318809,16.680590363934908,17.440206361048055,18.27582656193904,19.1950555857484,20.206258920420936,21.318639049823915,22.542319197874534,23.888435451826805,25.36923810311446,26.998203128020858,28.790154822712974,30.761400708673758,32.92987993622238,35.31532653663835,37.93944900852556,40.82612787269276,44.00163299334222,47.49486264323618,51.337606488387635,55.56483488549882,60.2150171248274,65.33047151457706,70.95775049268074,77.14806427060988,83.95774686450113,91.44876875463348,99.68930083862816,108.75433481053241,118.72636561145019,129.69614216225247,141.76349321029514,155.03823580563372,169.641174674183,185.70520158246546,203.3765046985448
0.6435353535353535,9.104600633701049,9.106193281713685,9.107945281123627,9.10987257573939,9.111992704618626,9.114324961680103,9.116890571285644,9.119712881389884,9.122817576015619,9.126232908988372,9.12998996105728,9.13412292274224,9.138669405481382,9.143670783910476,9.149172572389224,9.15522483920106,9.161882662195932,9.169206630022702,9.177263393512748,9.186126272232725,9.195875921726588,9.206601067519268,9.218399312562054,9.2313780254681,9.245655317621779,9.261361118054484,9.27863835586926,9.297644260975531,9.318551794971922,9.34155122519976,9.366851856292902,9.394683934982936,9.425300745495775,9.458980914610207,9.496030947357312,9.536788016438718,9.581623030750846,9.630944010942514,9.685199802727546,9.744884161747887,9.810540247164056,9.882765564869306,9.962217405315457,10.049618825439183,10.145765229128486,10.251531606115217,10.367880495170247,10.495870744067826,10.63666714603461,10.791551040372836,10.961931973718775,11.149360528046534,11.355542432141803,11.58235408494668,11.831859632021752,12.106329750502542,12.408262313472918,12.74040512177996,13.105780910129267,13.507714854997998,13.949864834673809,14.436254716778773,14.971310976195735,15.559902976631678,16.20738728240297,16.919656403714765,17.70319241906348,18.565125962784254,19.513301114597212,20.556346781721622,21.703755223213417,22.965968431176563,24.354473154994935,25.881905433378236,27.562165585531098,29.410544707925286,31.443863827849473,33.68062698008171,36.141189599725315,38.847943763623995,41.82552196609414,45.10102128337685,48.7042499667548,52.66799870838778,57.02833904845199,61.82495163916523,67.10148735299181,72.90596452121694,79.29120591788326,86.31531946578146,94.04222703907548,102.5422461748437,111.89272998730478,122.17877110816823,133.49397605920728,145.94131710411224,159.63406933177035,174.69684149875434,191.26671001204463,209.49446637161816
0.6534343434343434,9.105094102535345,9.106736124262067,9.108542437443365,9.110529480162498,9.112715335206305,9.11511989462535,9.117765040759087,9.12067484537352,9.123875788723511,9.12739700053342,9.131270525089054,9.135531612853423,9.140219041260194,9.145375467604191,9.151047817240523,9.157287710625122,9.16415193308309,9.171702951580025,9.18000948319931,9.189147120498927,9.199199019438998,9.210256656140754,9.222420659364024,9.235801726279552,9.250521629870425,9.266714327130938,9.284527178148593,9.30412228716406,9.325677977814173,9.349390415984304,9.375475395039814,9.40417029968433,9.435736266318237,9.470460559559262,9.508659186554436,9.550679772876869,9.596904726181585,9.647754716413557,9.703692504242001,9.765227152564135,9.832918659407667,9.907383054396217,9.989298005160117,10.079408984715469,10.178536055938594,10.287581334878,10.407537200822295,10.539495327836644,10.684656619953987,10.84434214042829,11.020005134500668,11.213244255077218,11.425818111661107,11.65966127491982,11.916901882512159,12.199881006368512,12.511173957645914,12.853613723211588,13.230316746907137,13.64471129018577,14.100568630192472,14.602037379184779,15.153681237605023,15.760520524371975,16.4280778623441,17.162428434730963,17.97025526983681,18.85891005728859,19.8364800492459,20.911861655469487,22.094841402042547,23.396184990547702,24.827735268214834,26.402520000639367,28.13487042786806,30.04055168277095,32.136906258558135,34.44301183104226,36.97985487187118,39.77052163265194,42.840408237963295,46.2174517991478,49.932384652070105,54.019014032463815,58.51452973398275,63.45984254872548,68.89995657013816,74.88437874636178,81.46756941108656,88.70943789188762,96.67588770624049,105.43941630668327,115.0797748330079,125.6846938754526,137.35068185358924,150.18390327642987,164.3011448762227,179.8308784080894,196.91442978735,215.70726520408735
0.6633333333333333,9.105595104074954,9.107287253196235,9.109148709238493,9.111196412104762,9.113448996611023,9.115926962070034,9.118652858842852,9.12165149355573,9.12495015485001,9.128578861719404,9.132570636694696,9.136961806361976,9.141792331949295,9.14710617299028,9.152951687374244,9.159382071423522,9.166455844002991,9.174237379067543,9.182797491494002,9.192214081529048,9.20257284371807,9.213968046766777,9.226503391432974,9.240292954256017,9.255462225712787,9.272149252248342,9.290505892574867,9.310699199672511,9.332912941069786,9.357349271239753,9.38423057133268,9.413801472988892,9.446331084650922,9.482115440637108,9.521480195266228,9.564783586553036,9.612419696447999,9.664822037293392,9.722467497136746,9.785880679808534,9.855638679263421,9.932376331636375,10.01679199281192,10.109653894086833,10.211807133766648,10.324181368322547,10.447799273100136,10.583785849572996,10.733378663835612,10.897939109502257,11.07896479749797,11.278103185479512,11.497166570901857,11.738148584151904,12.003242331819129,12.294860355186861,12.615656585545441,12.968550496099487,13.356753670232454,13.783799027883994,14.253572975990265,14.770350775553954,15.338835447191752,15.964200569218317,16.652137357759674,17.40890645736777,18.241394913484882,19.15717884527139,20.16459238919165,21.272803540821556,22.491897585117545,23.832968874440695,25.308221789591094,26.931081802667347,28.716317652486463,30.680175744416424,32.84052799770964,35.21703448579301,37.83132234958221,40.707182611972485,43.87078668455966,47.35092453684953,51.17926669534827,55.3906524567877,60.02340693829966,65.1196898497806,70.72587916237607,76.8929931645826,83.67715474681063,91.14010213954674,99.34975075300123,108.3808112311717,118.31546934482256,129.2441339106415,141.2662595428935,154.49125172489815,169.03946243679226,185.04328540013663,202.64836090647162,222.01490119417787
0.6732323232323232,9.10610363832003,9.107846668516382,9.109764096509243,9.111873371566459,9.114193688833112,9.116746164014566,9.119554025537424,9.122642825937106,9.126040674395833,9.129778492547189,9.133890295875254,9.138413503269158,9.14338927755021,9.14886290007058,9.154884182792605,9.161507921598934,9.168794394958862,9.17680991248914,9.185627418401502,9.195327155328725,9.205997394570582,9.217735239405497,9.230647508778704,9.244851709409263,9.260477105162996,9.27766589342364,9.296574499168388,9.317374998525198,9.340256684767828,9.36542779100083,9.393117385212921,9.423577454945965,9.457085200552525,9.493945557913438,9.534493973575287,9.579099457564917,9.628167941665389,9.682145973717764,9.74152478157117,9.806844743667694,9.878700306949105,9.957745396843062,10.044699368564308,10.140353553891854,10.24557846300153,10.361331706893301,10.488666712508973,10.628742309847764,10.782833278320423,10.952341948309249,11.138810963501083,11.343937320120352,11.56958781080607,11.817816013656016,12.090880981019772,12.391267798088206,12.721710198341306,13.085215441634281,13.485091681294184,13.92497806925352,14.408877873169835,14.941194906897657,15.526773605840743,16.17094311189264,16.87956576917262,17.65909047191452,18.516611350031855,19.459932326464408,20.497638133852217,21.639172436866495,22.894923771190225,24.276320081270363,25.795932717209023,27.467590837232766,29.30650725686352,31.32941689007262,33.55472904228023,36.002694941110455,38.69559202947226,41.65792669807468,44.916657302285195,48.50143949283328,52.4448960929241,56.78291397770941,61.55497065779634,66.80449353879293,72.57925512625793,78.93180777253968,85.91996192183804,93.60731220567466,102.06381617641496,111.36643094551299,121.59981352010242,132.85709121123898,145.24070912477364,158.86336244731763,173.84902201142313,190.3340624729788,208.46850336762563,228.41737434023352
0.6831313131313131,9.106619705270738,9.1084143702227,9.110388599255847,9.112560358547874,9.114949411872916,9.117577500459358,9.120468540843305,9.123648842518252,9.127147347361706,9.130995893017655,9.135229502631788,9.13988670357625,9.145009878064482,9.15064564884695,9.156845303497855,9.16366526115407,9.171167585953967,9.179420551848755,9.188499263926554,9.198486341903664,9.209472672003406,9.22155823406517,9.23485301141114,9.249477991751212,9.265566268235357,9.283264250673987,9.3027329979497,9.324149683746706,9.347709208937696,9.373625975302632,9.402135836722389,9.433498245605383,9.467998614082282,9.505950911458546,9.547700521564877,9.59362738601093,9.644149461949823,9.699726525823213,9.76086435770545,9.828119344328968,9.90210354268313,9.983490250270007,10.073020132710882,10.171507964468807,10.27985004403118,10.399032351032904,10.530139519551064,10.674364709227389,10.833020464043008,11.007550657555047,11.199543633288725,11.410746659851434,11.64308183229633,11.898663564420918,12.1798178311613,12.48910333616704,12.829334797160392,13.203608560956456,13.615330781223712,14.068248415390192,14.566483322761755,15.11456977414878,15.717495714353065,16.380748153029387,17.11036309701648,17.912980478571576,18.795904579415886,19.76717050051912,20.835617282573565,22.010968342632502,23.303919958965835,24.726238609421195,26.29086804914174,28.012047102113534,29.90543923850421,31.988275116998924,34.27950938931508,36.799993193859734,39.57266390826221,42.62275388757147,45.9780200876806,49.66899666360174,53.729272841294396,58.19579859174917,63.10922088904259,68.51425361240463,74.46008445851777,81.00082256707486,88.19599093313111,96.111068087364,104.8180839737114,114.39627544707821,124.9328073563621,136.52356577490352,149.2740305970306,163.30023544162887,178.72982359819156,195.70320962482344,214.37485716914554,234.91468464070783
0.693030303030303,9.107143304927234,9.108990358315385,9.111022217478542,9.113257373049288,9.115716165730777,9.118420971404827,9.121396404761002,9.124669543299778,9.12827017374837,9.13223106313169,9.13658825696537,9.14138140728455,9.146654133493678,9.152454419321286,9.158835049492271,9.16585409009168,9.17357541699162,9.182069297150377,9.191413028073958,9.201691641259648,9.212998676023494,9.225437030754163,9.23911989934033,9.25417180129393,9.270729714944347,9.288944324016736,9.308981388939587,9.3310232553619,9.355270513609096,9.381943824180615,9.411285925903345,9.44356384501744,9.479071325299952,9.518131501343316,9.561099839318905,9.608367371990187,9.660364257418095,9.717563693747014,9.780486225700491,9.849704481980371,9.925848386684464,10.009610892171269,10.101754285545244,10.203117126155515,10.314621877242436,10.437283301182006,10.572217694725484,10.720653048273602,10.883940221631317,11.063565237936388,11.26116280762763,11.47853120550895,11.717648636275552,11.9806912374109,12.270052883260986,12.588366970481877,12.938530383087073,13.32372985515709,13.747470971095959,14.213610067326469,14.726389325726688,15.290475378164597,15.911001773449595,16.593615693179746,17.344529341640467,18.170576477456052,19.079274601495435,20.07889336701351,21.17852983463704,22.388191257094597,23.718886147110293,25.1827244572542,26.793027783456434,28.56445059510039,30.51311359494569,32.65675042250641,35.014869035930126,37.608929240995,40.46253798277891,43.60166417719706,47.05487503742124,50.85359604580366,55.032396937111194,59.62930629558945,64.68615762877546,70.24897006742815,76.36836715606093,83.10003754520072,90.50524177782101,98.65136978187275,107.61255414228118,117.47034473339427,128.31445085126606,140.24355759943694,153.36622395760156,167.80187070590176,183.6818671952961,201.15072685399326,220.36742230947274,241.50683209415556
0.702929292929293,9.107674437289687,9.109574632794638,9.111664951177568,9.113964415070997,9.116493950407051,9.1192765768514,9.122337617291024,9.125704928282303,9.129409153556567,9.133484002890196,9.137966558877093,9.142897614395377,9.148322043839388,9.154289211495502,9.160853420778166,9.168074408414544,9.176017888075174,9.18475614839805,9.194368710848586,9.204943053402538,9.216575406637896,9.229371629480942,9.243448172576452,9.25893313804963,9.275967445304612,9.294706113469434,9.315319672159063,9.33799571339591,9.36294059881205,9.390381337670599,9.420567652798457,9.453774253232897,9.490303334265818,9.530487327639198,9.574691926921895,9.623319415602461,9.67681232818769,9.735657477627154,9.800390385717876,9.871600156810524,9.949934839172528,10.036107322801149,10.130901827360898,10.235181039289198,10.349893963020852,10.476084557779053,10.614901238527914,10.767607327543192,10.935592551706394,11.120385690140681,11.323668487272268,11.547290957913315,11.793288223626757,12.063899033565628,12.361586138306178,12.689058702055448,13.049296957163635,13.445579325278615,13.881512251930578,14.361063026033074,14.888595882957626,15.468911719729581,16.1072917837745,16.809545732815874,17.582064503314268,18.43187846860729,19.366721416055338,20.395100925458514,21.526375789266073,22.7708411791814,24.13982233425678,25.64577762311322,27.302411918220052,29.1248013140017,31.12953032376114,33.334842803960505,35.76080797931349,38.4295030795594,41.36521424995376,44.5946575638041,48.14722214831302,52.055237636228426,56.354268377175224,61.08343708606749,66.28578087389081,72.00864290083693,78.30410321595431,85.22945270409048,92.84771445319713,101.22821728661373,110.44722667966545,120.58863880213318,131.74474400261826,144.01706668277413,157.5172892045506,172.36826823832624,188.7051528010487,206.67661415891732,226.4461987871486,248.19381669922464
0.7128282828282828,9.10821310235826,9.110167193660658,9.11231680035317,9.11468148461329,9.117282765902093,9.120144316799502,9.123292178433893,9.126754997466454,9.130564286787061,9.134754712294091,9.139364408368062,9.14443532491006,9.150013609103219,9.156150025371538,9.162900417357875,9.170326216125487,9.178494999208032,9.187481105595865,9.197366312255367,9.20824057833826,9.220202863853743,9.233362030254082,9.247837831129797,9.263762002030667,9.28127945933097,9.300549619049837,9.32174784762937,9.345067057874134,9.370719464576888,9.398938515808748,9.429981017450798,9.464129470302957,9.501694641040658,9.5430183904182,9.588476784458976,9.638483516948167,9.69349367437676,9.754007877602266,9.820576837919806,9.893806369008587,9.974362900367131,10.062979542414084,10.160462758451121,10.267699704206347,10.385666301750536,10.515436121260107,10.658190151450407,10.81522754758775,10.987977454882127,11.178012014845752,11.387060672964594,11.617025917868943,11.870000595212913,12.148286953800078,12.454417597254336,12.791178531874937,13.161634520390797,13.569156972315634,14.017454624693135,14.51060729242068,15.053102995282087,15.649878799558229,16.3063657458987,17.028538272334952,17.8229685822328,18.696886451992146,19.65824502281251,20.715793175304153,21.879155145632474,23.15891810778141,24.566728519011825,26.1153981053305,27.81902045150427,29.69309925664768,31.75468942256296,34.02255225878305,36.51732621672629,39.26171470668469,42.280692706820936,45.601734044360654,49.25506141728812,53.273921431800616,57.69488715842945,62.558190960167884,67.90809062143512,73.79327210975671,80.2672926354172,87.38906804106826,95.22340895669718,103.84161059914462,113.32210158354575,123.75115765110246,135.22368680835226,147.84409302297388,161.72722633605932,176.99942803720342,193.79968041386593,212.28087153812305,232.61118660080638,254.9756384546491
0.7227272727272727,9.108759300133125,9.11076804091365,9.112977765005594,9.115408581676473,9.118082612216261,9.121024191249573,9.124260088190134,9.127819750852868,9.131735573440617,9.136043191344303,9.140781805439397,9.145994538829951,9.151728829286803,9.15803686095136,9.164976039233775,9.172609513227364,9.181006750393637,9.190244168747972,9.20040583229929,9.211584216072824,9.223881047678255,9.237408233082254,9.252288875010782,9.268658393249538,9.2866657570384,9.306474840775886,9.32826591537198,9.35223728882223,9.378607110934237,9.407615358631576,9.439526019903827,9.474629496279276,9.513245245685741,9.555724689752864,9.602454412015856,9.653859676128324,9.71040829610408,9.772614893811614,9.84104558246906,9.91632311876419,9.999132570488394,10.090227551264558,10.190437079108854,10.300673121242568,10.421938893814003,10.55533799205866,10.702084433981206,10.86351370895346,11.041094931765002,11.2364442127196,11.451339365433805,11.68773608616405,11.947785751876793,12.233854999004498,12.548547261033168,12.89472646089229,13.27554307372825,13.694462797215822,14.155298090296426,14.662242867341664,15.219910663464395,15.833376618297875,16.508223660323253,17.250593312063227,18.067241578520758,18.965600427510072,19.95384542142148,21.0409701159453,22.236867902862333,23.55242204174887,24.99960469996092,26.591585902231927,28.342853381390103,30.269344420894136,32.38859088900555,34.71987878445401,37.284423745503204,40.105564119590504,43.208973350515585,46.6228936159472,50.37839284140081,54.509647429574876,59.05425327795304,64.05356791501573,69.55308686859809,75.60285769145746,82.25793541181272,89.57888355360058,97.63232528589869,106.4915497171591,116.23717885173524,126.95790127823619,138.75127926652317,151.72463661821072,165.99603535041905,181.6953501009381,198.96545003226223,217.96349899022994,238.8623857491656,261.8522973592434
0.7326262626262626,9.109313030614453,9.111377174553821,9.113647845135091,9.116145706260845,9.118893489349924,9.121916200202055,9.125241346560284,9.12889918844219,9.132923013518013,9.137349440041772,9.142218750092232,9.147575256156424,9.15346770439179,9.15994971823696,9.167080286408265,9.174924299723072,9.183553141635475,9.193045337858567,9.20348727098541,9.214973966612305,9.227609958118736,9.24151023797424,9.256801304229947,9.273622311718883,9.292126338442051,9.31248177866572,9.334873875408583,9.359506406266117,9.386603537915022,9.416411866175931,9.449202660201388,9.485274331213924,9.524955148262816,9.56860622571625,9.616624809678797,9.669447893244541,9.727556193489013,9.791478526395027,9.86179661952893,9.939150406267371,10.024243849756651,10.117851349607005,10.220824789626587,10.334101290732468,10.458711739591994,10.595790170605458,10.746584086604525,10.912465812180875,11.094944982953887,11.29568228442017,11.516504565396144,11.759421463570474,12.026643694440862,12.320603170044395,12.643975130540726,12.999702490024548,13.39102261809526,13.821496800880809,14.295042649601731,14.815969751591803,15.389018888207884,16.01940517653145,16.712865527482695,17.475710852259827,18.314883492236998,19.23802039499792,20.253522611479532,21.37063174672704,22.599514060041457,23.951352979909085,25.43845087567356,27.07434101214156,28.873910705971763,30.853536804625566,33.03123472078748,35.42682237851263,38.062100563052475,40.961051315583305,44.15005617827155,47.65813627575326,51.51721641782312,55.76241562673057,60.43236673295511,65.56956794786973,71.22076961270501,77.43739964334539,84.2760315426395,91.79889923928756,100.07446343850988,109.1780346384781,119.19245848217004,130.20886968158663,142.32752137529874,155.65869746676628,170.32371624602277,186.45603442803133,204.20246165484218,223.72449651394194,245.19979623102486,268.82379341189556
0.7425252525252525,9.109874293802417,9.11199459458138,9.114327040741916,9.116892858366711,9.119715397303452,9.122820343657393,9.12623595354488,9.129993310235074,9.134126607020042,9.138673458387448,9.143675242327717,9.149177476890861,9.155230234419854,9.161888597230359,9.169213158883776,9.177270575615541,9.186134172937075,9.1958846129319,9.206610628318838,9.218409829962853,9.23138959518258,9.245668044938913,9.261375118797945,9.278653757451483,9.297661203557238,9.318570432737665,9.3415717277611,9.36687441023197,9.394708745550464,9.425328038479002,9.459010938387701,9.496063975159403,9.536824348834084,9.581662998381923,9.630987977534595,9.685248168398982,9.74493736665149,9.810598775492867,9.882829949263172,9.962288231708516,10.049696738392392,10.145850937695705,10.251625890296243,10.367984213009509,10.495984839463356,10.636792657328328,10.791689109800366,10.962083857804712,11.1495276090398,11.355726230595137,11.5825562735547,11.832082050843534,12.106574423707201,12.408531467760557,12.740701206645616,13.106106620154218,13.508073154371292,13.95025898416714,14.436688303420155,14.971787945912055,15.560427670157132,16.207964474780223,16.920291347748275,17.703890893120555,18.565894323378757,19.51414635423457,20.55727659253162,21.704778066949764,22.96709361622049,24.3557109210634,25.883267044707896,27.56366343338581,29.412192423360185,31.44567640575785,33.68262091565333,36.14338303855824,38.85035666685573,41.82817629205513,45.103941187419046,48.707462021074086,52.67153214384062,57.03222602056672,61.82922752076897,67.10619105611573,72.9111388512099,79.29689796295557,86.32158102552415,94.04911509585521,102.54982341236195,111.90106536104174,122.1879404729013,133.50406285931635,145.95241313295222,159.64627556702243,174.71026902135827,191.28148101707302,209.51071528029436,229.56386410804163,251.62341804525607,275.89012661156215
0.7524242424242424,9.110443089697194,9.112620300996545,9.115015351826324,9.117650037994382,9.120548336077217,9.123736621616045,9.127243909144473,9.13110211623218,9.135346353947499,9.140015246382298,9.145151282147017,9.15080120103467,9.15701641937269,9.163853497933598,9.171374656662774,9.179648340907738,9.188749844302011,9.198761993972274,9.20977590430475,9.221891806130689,9.235219958877266,9.249881653985259,9.26601031872555,9.283752730460252,9.303270352399432,9.324740803010242,9.348359472451662,9.374341300746215,9.402922733872071,9.434363875578294,9.468950854507353,9.506998428168618,9.548852847462209,9.594895007823931,9.645543915670565,9.701260501694339,9.762551815711959,9.829975641245992,9.90414557183596,9.985736595278285,10.075491236616175,10.174226315784713,10.282840381409079,10.402321888405893,10.533758193804866,10.678345452652012,10.83739950404435,11.012367846353666,11.204842810605742,11.416576051881728,11.649494490599244,11.905717848721904,12.187577940457471,12.497639892969138,12.838725490187207,13.213938852129706,13.626694683396703,14.080749347887275,14.580235052513975,15.12969745099032,15.734137009900191,16.399054513506496,17.130501121431145,17.935133434781523,18.820274071885716,19.793978304945348,20.86510736407504,22.043409075873978,23.33960657041967,24.76549586399378,26.334053205614975,28.05955316429715,29.95769853168617,32.04576322224067,34.34274947139515,36.869560762250806,39.64919205446756,42.706939046482155,46.070628375382356,49.770870849307464,53.84134001684824,58.31907860849713,63.24483563884658,68.66343723726068,74.6241945816889,81.18135264794505,88.39458385821395,96.32953112114814,105.05840520540177,114.66064188290224,125.22362482208807,136.8434808096913,149.62595453785525,163.68737091745467,179.15569367500174,196.17168986673693,214.89021090738572,235.48160177138496,258.1332511907998,283.05129695726384
0.7623232323232323,9.11101941829896,9.113254293799526,9.115712778388577,9.118417245144176,9.121392305671606,9.124665034078467,9.128265213359615,9.132225606434181,9.136582254301196,9.141374804027297,9.146646869551306,9.152446428589268,9.158826259252011,9.165844420348742,9.173564779747746,9.182057595602664,9.191400155733898,9.20167748098404,9.212983098948383,9.225419895122112,9.239101049210353,9.25415106512235,9.270706904023658,9.28891923075825,9.308953784984267,9.330992889502149,9.355237109502617,9.381907077835521,9.411245502911628,9.44351937751164,9.479022408605292,9.518077690294875,9.56104064421028,9.608302254116795,9.660292624174517,9.71748489323381,9.780399540791365,9.849609123795707,9.92574348741183,10.009495497167558,10.101627344648557,10.202977484127748,10.314468263255565,10.437114317252425,10.572031802991111,10.720448556998011,10.883715269807528,11.063317778350216,11.26089058822648,11.478231748906541,11.717319217206086,11.980328857927523,12.269654245452875,12.58792844646173,12.938047981975874,13.323199186765757,13.746887205973422,14.212967892810571,14.725682897598,15.289698267463187,15.910146907970764,16.592675293116233,17.343494848785454,18.169438477322664,19.078022737643895,20.0775162468062,21.1770149255638,22.386524772724716,23.717052921633165,25.18070780746694,26.7908093569425,28.562010203217458,30.510429029102962,32.65379725205933,35.01162038585351,37.60535554731109,40.45860672351473,43.597339576422975,47.05011773967717,50.84836275795013,55.02664003434611,59.62297338804543,64.67919108475304,70.24130648892653,76.35993680183383,83.09076369608621,90.49504003857002,98.64014731312245,107.6002088156847,117.45676420221677,128.2995115279902,140.22712353107383,153.34814558847143,167.78198351662542,183.65999020561168,201.1266609757739,220.34094853495577,241.47770950289586,264.7292956666599,290.3073044480799
0.7722222222222221,9.111603279607898,9.113896572990546,9.116419320428939,9.11919447981641,9.122247306086999,9.125605581045123,9.129299866190873,9.133363780841751,9.137834308081949,9.142752131323435,9.148162004541783,9.1541131595561,9.160659754059555,9.167861364477886,9.17578352814122,9.184498339703358,9.194085107236395,9.204631073971601,9.21623221225503,9.22899409694348,9.243032866189488,9.25847627835937,9.275464874703273,9.294153258358666,9.314711501327537,9.337326692232276,9.362204638936527,9.389571741526806,9.419677052701205,9.452794544317184,9.489225600726812,9.529301761591864,9.573387739141817,9.621884737335487,9.675234103134725,9.73392134312107,9.79848054201111,9.869499223283718,9.94762369615563,10.033564937567375,10.128105062710013,10.232104442978113,10.346509536125295,10.472361499878401,10.610805667394338,10.763101970784431,10.93063640755621,11.114933654310459,11.317670942468396,11.540693322285387,11.786030454037943,12.055915079165512,12.35280333943419,12.679397129005507,13.038668682793292,13.433887624843948,13.868650722865702,14.346914619664327,14.873031839340953,15.451790395917707,16.088457364850385,16.788826813961677,17.55927253001133,18.406806020771135,19.33914032048938,20.364760179447682,21.492999276412746,22.734125156695704,24.09943266883322,25.601346750238214,27.25353549723834,29.071034548500904,31.070383913788625,33.26977849323638,35.68923365691832,38.35076739152066,41.278600671695294,44.49937787951695,48.04240927790809,51.939937744594594,56.22743219393547,60.94391035684052,66.13229385616134,71.83979880884463,78.11836550944632,85.02513110526044,92.62294956456103,100.98096366983938,110.17523424136816,120.28943231724092,131.41560058896226,143.65499102191683,157.11898628335035,171.9301133631786,188.22315861192334,206.1463943430071,225.86292816191164,247.55218730156142,271.4115514718992,297.6581490831446
0.7821212121212121,9.112194673624192,9.11454713856982,9.117134977947675,9.119981742011406,9.123113337323787,9.12655826251649,9.130347867638811,9.134516639455581,9.139102515290592,9.144147228271715,9.149696687119654,9.155801393936622,9.16251690379708,9.16990433032315,9.178030901845744,9.186970573212895,9.1968046988132,9.207622772939406,9.219523244230045,9.232614411601233,9.247015409822398,9.26285729370559,9.280284230775518,9.299454813274824,9.32054350144519,9.343742211219691,9.369262060776164,9.397335291847227,9.42821738327314,9.462189376033377,9.499560430917553,9.540670642113657,9.585894132320743,9.635642457555415,9.690368352639924,9.750569851460243,9.816794819493017,9.889645939852107,9.969786198232468,10.057944916668871,10.154924391020868,10.261607192588611,10.378964200306871,10.508063436611488,10.650079787384328,10.806305694425836,10.978162917751833,11.167215474743948,11.375183873889332,11.603960772623157,11.855628201743835,12.132476513124134,12.437025223121786,12.77204594134337,13.140587593392741,13.546004167113194,13.99198523480087,14.482589529134847,15.022281878366858,15.615973836893145,16.269068380970555,16.987509076343883,17.777834165257865,18.647236065104583,19.60362682021189,20.655710102458734,21.813060416001488,23.08621022695331,24.486745810973876,26.027412691055076,27.72223162505363,29.586626198516623,31.637563183948075,33.89370694383298,36.37558928252943,39.10579629272161,42.10917389677759,45.41305395348233,49.04750298776603,53.04559580692577,57.44371649331485,62.28188951261198,67.60414395084753,73.45891419485056,79.89948070243217,86.98445487345242,94.77831243425709,103.35198018945928,112.78348148070575,123.15864622632311,134.57189200344766,147.1270832807578,160.93847662112202,176.13176045583435,192.84519889274395,211.23088996732727,231.45614978722395,253.70503516642808,278.1800186056359,305.10383086164376
0.792020202020202,9.112793600348025,9.115205990537577,9.117859750945058,9.120779031729494,9.123990399382366,9.12752307849304,9.13140921770401,9.135684182276368,9.14038687592796,9.145560094873147,9.151250917286143,9.157511131732306,9.16439770846636,9.171973317886675,9.180306900863902,9.189474296134383,9.19955893046806,9.210652577891963,9.222856194878846,9.236280839101875,9.251048680116899,9.267294111170386,9.285164972251634,9.304823895520189,9.326449785353333,9.350239446483643,9.376409375044505,9.405197728824174,9.436866494660038,9.47170387269897,9.510026899223492,9.552184331914692,9.598559823811383,9.649575414852402,9.705695372779267,9.767430418355875,9.835342373359312,9.910049273643281,9.992230993807672,10.082635434663215,10.182085329801222,10.291485733211458,10.411832256087816,10.54422012777761,10.689854163328263,10.850059728333102,11.026294800850787,11.220163240153543,11.433429383038419,11.668034100513678,11.926112460958999,12.21001316047476,12.522319897215691,12.86587488419413,13.243804714499452,13.659548814290295,14.116890742470122,14.619992621868494,15.173433015256416,15.782248590882709,16.45197995671486,17.18872208051517,17.999179754625864,18.890728610254303,19.871482236558165,20.950366015390266,22.137198343678016,23.442779982640104,24.878992346994433,26.45890562866027,28.196897738945555,30.10878515165095,32.21196683781465,34.52558260194981,37.07068726067678,39.870442248816055,42.95032639659896,46.33836779611421,50.06539886702545,54.16533694271762,58.67549293027601,63.63691085318569,69.09474136668574,75.09865264487864,81.70328237879573,88.96873499874435,96.96112864582405,105.75319687023567,115.42495053204125,126.06440592789846,137.76838576997278,150.64340030621366,164.80661660049165,180.38692479338368,197.5261110469473,216.38014784768774,237.12061340992167,259.9362530965967,285.0346970670388,312.64434978280997
0.8019191919191919,9.113400059779584,9.115873128894043,9.118593639421363,9.121586348971,9.124878492263138,9.128500028975258,9.132483916387047,9.136866409304814,9.141687389994908,9.14699073112876,9.152824695042485,9.159242372944647,9.1663021680692,9.174068327170628,9.182611525198304,9.192009508470967,9.202347802204757,9.213720488833822,9.226231064206901,9.239993379451985,9.255132677080883,9.27178673076323,9.29010709914297,9.310260505108348,9.332430353068222,9.356818398043558,9.383646581764728,9.413159052485272,9.445624386894771,9.481338034353014,9.52062500569093,9.563842831049763,9.61138481367844,9.663683609302677,9.72121516364233,9.784503043912915,9.854123203732572,9.930709224799928,10.014958083046725,10.107636491741555,10.209587879270883,10.321740065098192,10.445113703754469,10.580831573700838,10.730128795590604,10.894364072913294,11.075032057304286,11.273776951035257,11.492407470455976,11.73291330653963,11.997483232304818,12.28852502187187,12.608687362395676,12.960883958252719,13.348320046810965,13.774521567060502,14.243367246529314,14.759123898472765,15.326485250548407,15.950614658335287,16.637192092421035,17.39246582668158,18.223309298170655,19.137283656108238,20.14270656923524,21.24872791775854,22.46541305876217,23.80383442287827,25.27617227582269,26.895825561794805,28.67753383747988,30.637511406309482,32.79359487365167,35.16540546572794,37.77452758940067,40.64470525776559,43.80205816906444,47.275319405282666,51.09609691354184,55.29916114982999,59.9227615027003,65.0089743764797,70.60408610164374,76.75901415695732,83.52977053663514,90.97797147931084,99.17139819751827,108.18461371051023,118.09964139380354,129.00671142048395,141.00508188714238,154.20394209697545,168.72340622023498,184.69560637468444,202.26589507347015,221.59416798310076,242.85631902908915,266.2458410912198,291.97558685532476,320.2797058459209
0.8118181818181818,9.114014051919062,9.116548553639445,9.119336643376863,9.122403693736265,9.125777615966504,9.129489113963633,9.133571963688519,9.13806332054163,9.143004057492293,9.148439137039588,9.154418020389931,9.160995117575155,9.168230282607414,9.176189358177204,9.184944774851592,9.194576210225827,9.205171314027119,9.216826505769586,9.229647852219745,9.243752032658204,9.259267400722328,9.276335152493685,9.295110611460986,9.315764642053026,9.33848520460627,9.363479065919034,9.390973680960217,9.421219262858372,9.454491060010467,9.49109186103484,9.531354750366487,9.575646139574015,9.624369101986993,9.677967040982852,9.736927725319068,9.801787728236677,9.873137310735704,9.951625793464991,10.037967466115232,10.132948088094953,10.237432039649292,10.352370188499604,10.478808543591892,10.617897774703277,10.77090368453297,10.939218728569529,11.12437468755823,11.328056607878139,11.552118136673375,11.798598391272419,12.069740516388764,12.368012097953052,12.696127619321363,13.057073164190406,13.454133590997523,13.890922426078083,14.371414747599777,14.899983359517389,15.481438584741063,16.121072039657133,16.824704788382984,17.598740315005173,18.450222795904686,19.386901202513894,20.417299817913495,21.550795809048367,22.797704560548826,24.169373546772707,25.678285596377837,27.338172489200492,29.164139919233158,31.172804960918764,33.38244728975354,35.81317553334935,38.487110266791525,41.428585317590475,44.66436921214534,48.223908778930536,52.13959712524898,56.44706842620537,61.18552220855493,66.39808008049998,72.13217815377838,78.43999872920439,85.37894517413707,93.01216431341389,101.40912108768148,110.64623070870732,120.80755406450145,131.98556270267318,144.28198035363437,157.80870865180404,172.68884547919367,189.0578051986564,207.0645509713075,226.87295037263326,248.66326664386153,272.63379914949735,299.0026879697548,328.0098990502947
0.8217171717171717,9.114635576766648,9.11723226477402,9.120088762811843,9.123231066025625,9.126687770492873,9.13049033345866,9.134673359609017,9.139274915987537,9.144336878420985,9.149905312606682,9.156030893329751,9.162769365625353,9.170182052082843,9.178336410908619,9.18730664982644,9.197174401402181,9.208029465939013,9.219970628703907,9.233106558922971,9.24755679872725,9.263452851049289,9.280939376371414,9.30017550921726,9.321336306368073,9.344614339984032,9.370221450129844,9.398390672654552,9.429378359971553,9.463466514040505,9.500965352784068,9.542216133297094,9.587594257542921,9.637512688802472,9.692425709969914,9.752833057899803,9.819284471432823,9.892384694491913,9.972798979781615,10.061259143178864,10.158570223914333,10.265617811155462,10.383376103665649,10.512916775883781,10.655418731104977,10.81217883051403,10.984623695700853,11.174322692053083,11.383002211164143,11.612561382212926,11.865089355272131,12.142884313804373,12.448474389339054,12.784640668632349,13.154442502655078,13.561245347702481,14.00875139196696,14.501033246269175,15.042571005535418,15.638293018293469,16.293620735213572,17.014518044852792,17.807545545606374,18.679920247800112,19.63958124928113,20.69526198222963,21.85656968871614,23.13407284831095,24.539397353413992,26.085332307573193,27.785946409622458,29.65671598279477,31.714665813927887,33.97852408444677,36.468892803037335,39.208435290989726,42.22208242636886,45.53725952387784,49.184135915071565,53.19589950015642,57.609058769865875,62.46377504588959,67.80422796333684,73.67901752123164,80.14160635982267,87.25080628957265,95.07131349939831,103.67429731473618,113.13804786332979,123.54868854271932,135.00095977313222,147.59908116819577,161.45769996952583,176.70293437627143,193.47352126427788,211.9220787395095,232.21649501540372,254.54145625342244,279.1001272706744,306.11600040963185,335.83492939528884
0.8316161616161616,9.11526463432254,9.117924262297995,9.120849997726586,9.12406846583942,9.127608955842664,9.131503687460835,9.13578810414915,9.140501195643266,9.145685852781863,9.151389257831106,9.157663313863221,9.164565117096787,9.172157476497352,9.180509485367116,9.189697150125541,9.199804082003274,9.21092225794435,9.223152857641486,9.236607184322224,9.251407677665899,9.267689028069904,9.28559940240617,9.305301792423474,9.326975498067467,9.350817759218216,9.377045550695932,9.405897556871503,9.437636343853114,9.472550749018515,9.51095850964059,9.553209154529979,9.599687185012286,9.650815574190654,9.707059616341194,9.768931161475205,9.836993273607337,9.911865355124668,9.994228783893114,10.084833114403313,10.18450289939043,10.294145194007902,10.41475781084537,10.547438400912373,10.693394443223813,10.85395423388939,11.03057897470213,11.224876071223752,11.438613761368016,11.673737207587793,11.932386199087443,12.216914625131219,12.529911896633815,12.87422651094835,13.252991974271472,13.669655317542741,14.128008465321301,14.63222274309231,15.186886837024314,15.797048551626895,16.468260745330632,17.20663186204264,18.018881518566143,18.912401653791232,19.895323796184773,20.976593061789426,22.166049556192657,23.474517921302372,24.913905841881,26.497312408318653,28.23914732181119,30.155262026768632,32.26309396380968,34.58182525609066,37.132557273056655,39.93850266018524,43.02519658223566,46.42072910236134,50.15600081178813,54.2650040363468,58.785132178910125,63.7575200128328,69.22741802316087,75.24460420222644,81.86383704709577,89.1453538812926,97.15541903568715,105.96692687718117,115.6600651729542,126.32304482711241,138.05290263059499,150.95638432963818,165.15091604902864,180.76567291042986,197.94275457058197,216.83847837717727,237.62480191057847,260.4908878569999,285.64482545403735,313.31552417429737,343.7547968802961
0.8415151515151514,9.11590122458693,9.118624546211615,9.121620348121377,9.124915893178002,9.128541172016291,9.13252917597067,9.136916197309525,9.141742159509553,9.147050980575818,9.15289097271393,9.15931528199164,9.16638237199102,9.174156555852818,9.18270858155496,9.192116275751628,9.202465252032393,9.21384969004708,9.22637319258707,9.24014972842321,9.255304669481008,9.271975931792392,9.290315230607803,9.310489461091422,9.332682217165317,9.357095462325677,9.383951367637412,9.413494333635036,9.445993214531565,9.481743764978367,9.521071331644567,9.564333814112674,9.611924922038229,9.664277758217645,9.721868760174361,9.785222036136272,9.854914134866496,9.931579292757668,10.01591520594293,10.10868937995424,10.210746114713722,10.323014188424562,10.446515310286825,10.582373418958362,10.731824911375403,10.89622989501148,11.077084565963931,11.276034825499472,11.494891258957203,11.735645613301907,12.000488923255569,12.291831450934913,12.612324620424557,12.964885146869372,13.352721579641502,13.779363501109186,14.248693646706156,14.764983238592004,15.33293085444705,15.957705185126189,16.644992070296684,17.40104624012672,18.23274823392813,19.14766701377686,20.154128842967182,21.261293056170413,22.479235410885835,23.81903977876043,25.292899011243446,26.914225897522947,28.69777522452452,30.65977804977477,32.818089409061855,35.192350803077986,37.80416894171361,40.67731237261703,43.83792778338163,47.314777945756894,51.13950346722923,55.34691073197336,59.975288651510326,65.06675710758878,70.66765025821947,76.82893819506279,83.60669078938402,91.06258794772361,99.26448092077764,108.28700977358726,118.21228263622675,129.130622916403,141.14139127385943,154.35388983683418,168.88835688925784,184.87706108068514,202.46550511665262,221.81374988346013,243.0978710573689,266.51156145386415,292.2678936989118,320.601259263129,351.7695015047433
0.8514141414141414,9.11654534756002,9.119333116515119,9.122399813996507,9.12577334804172,9.129484419014181,9.133566798988674,9.138057639090762,9.142997807587147,9.14843226180375,9.154410457256242,9.160986797716314,9.168221130309625,9.176179290151145,9.184933699474442,9.194564026707459,9.205157911492856,9.216811762251197,9.229631633545463,9.243734191231695,9.259247774179492,9.276313562225049,9.295086860986254,9.315738515233,9.338456463675854,9.363447449323413,9.390938900974554,9.421181002969307,9.454448972035637,9.49104556195417,9.531303818836424,9.575590112092986,9.624307468677172,9.677899240949872,9.736853141547405,9.801705681974301,9.87304705531684,9.951526507514814,10.037858246074604,10.132827939997245,10.23729987007438,10.35222479462276,10.478648602237012,10.617721830300814,10.770710135873012,10.939005814229464,11.124140469872422,11.327798955303724,11.551834704391743,11.798286599849888,12.069397528302238,12.367634791767118,12.695712561281848,13.056616576975898,13.453631319344552,13.890369898967162,14.37080693665813,14.89931473325995,15.480703058233203,16.120262919141094,16.823814710364033,17.597761179243083,18.449145691700778,19.385716327622617,20.41599638934069,21.54936196492436,22.79612725218319,24.167638419908435,25.676376860564165,27.336072774095722,29.161830116529416,31.170264050450694,33.37965214820795,35.81010072383536,38.48372780735605,41.42486442657257,44.66027602805224,48.21940605228568,52.134643879608454,56.44161958525747,61.1795281859095,66.39148632843433,72.12492466683359,78.43201949811447,85.37016758512083,93.00250848736421,101.39849915323732,110.63454600259365,120.79470025185961,131.97142280937655,144.26642570178393,157.79159768871386,172.6700224892134,189.0370988861047,207.04177290162247,226.84789325755267,248.63570245502856,272.6034770433247,298.9693320046601,327.9732056755387,359.87904326808854
0.8613131313131313,9.117197003242012,9.120049973208749,9.123188395352273,9.126640830430928,9.130438696836762,9.134616556515365,9.139212429493487,9.144268139876797,9.14982969646657,9.155947711459138,9.162677861038567,9.170081392054202,9.178225679394256,9.187184839127879,9.197040402995821,9.20788206038802,9.21980847456073,9.232928180521506,9.247360572753497,9.263236991768334,9.280701919376247,9.29991429355156,9.321048954860222,9.34429823761343,9.369873720228565,9.3980081507278,9.428957564898651,9.463003616394262,9.500456139980267,9.541655971256843,9.586978048519004,9.636834824985833,9.691680022454058,9.752012760538616,9.81838209908088,9.891392035065163,9.971706999520174,10.060057904431728,10.157248794697804,10.264164165662221,10.381777012819127,10.511157686941791,10.653483635217086,10.810050117027453,10.982281991889142,11.171746686809277,11.380168461054105,11.60944409812419,11.861660167716984,12.139112014741652,12.444324648165574,12.780075719759715,13.149420801829075,13.555721193937796,14.002674511656933,14.494348335686006,15.035217227557547,15.630203448780023,16.284721753987576,17.004728665750488,17.79677667949541,18.668073891859283,19.62654959516307,20.680926434989853,21.840799787579638,23.116725079454213,24.52031384395791,26.06433938890119,27.762853036949355,29.63131199660343,31.686720027452523,33.947782179798004,36.435075016823525,39.17123386837295,42.18115882038701,45.49224131454639,49.13461342022724,53.141422047201814,57.549130594486094,62.39785078041847,67.73170767371545,73.59924124739409,80.05384810982507,87.15426743280895,94.96511549878105,103.55747373170026,113.00953556290385,123.40731801862687,134.8454445048779,147.42800591328339,161.2695078842608,176.49591284794587,193.24578632580383,211.67155792466878,231.94090849869153,254.23829610285037,278.76663462472743,305.7491403706783,335.43136341096965,368.0834221698192
0.8712121212121212,9.117856191633107,9.120775116292752,9.123986092188968,9.127518340345986,9.131404005484466,9.135678448551266,9.14038056851833,9.145553156379272,9.151243284565195,9.15750273532373,9.164388471959738,9.171963157226362,9.18029572358409,9.189462000517608,9.199545404619531,9.210637698721266,9.222839826979754,9.236262833520094,9.251028872994493,9.267272322254588,9.285141003254443,9.304797528313838,9.326420779985199,9.350207538992525,9.376374275058412,9.405159116917753,9.436824019447588,9.471657147636584,9.509975499091226,9.552127788946748,9.598497623439089,9.649506991021212,9.705620102797225,9.767347617226573,9.835251287547859,9.909949074218469,9.992120768897964,10.082514181157908,10.181951944221227,10.291339001666646,10.411670843229535,10.544042564645821,10.68965883398274,10.849844855147012,11.026058428332853,11.219903217151572,11.433143343162268,11.66771944059954,11.925766317379024,12.20963238307648,12.521901020654138,12.865414096395758,13.243297821970938,13.658991203956539,14.116277339694186,14.619317844271428,15.172690721916807,15.781432026453533,16.45108168994913,17.18773393664088,17.998092740954785,18.889532834347577,19.87016681620386,20.948918979573698,22.13560652364348,23.4410288920526,24.877066050110745,26.456786595309744,28.19456668500072,30.106220863536176,32.20914597945603,34.52247950240921,37.06727368053752,39.866687123194325,42.946195552442525,46.33382364121529,50.06040004791793,54.1598379683458,58.669443758009486,63.63025643341342,69.08742114184474,75.09059999835888,81.69442402870507,88.95899033101725,96.9504089806056,105.7414046548635,115.41197845328243,126.05013593536142,137.75268800180822,150.62613190732642,164.78762042250972,180.36602796455406,197.50312339894322,216.35486018501143,237.092795606153,259.9056520001643,285.00103419745324,312.6073187963949,342.9757324688949,376.38263820945025
0.8811111111111111,9.118522912733512,9.121508545767373,9.124792904506895,9.128405877787257,9.132380344957735,9.136752475096905,9.141562056165931,9.146852857095336,9.15267302610056,9.159075528851137,9.166118630481177,9.173866425827734,9.182389422722611,9.191765183645993,9.202079031581432,9.213424826496022,9.225905819512384,9.239635592546172,9.254739091960616,9.27135376564537,9.289630813868165,9.309736565283307,9.331853990620147,9.356184367827733,9.382949113830371,9.41239179956517,9.444780366640822,9.480409565791943,9.519603639321838,9.56271927194732,9.610148836901857,9.662323966840587,9.719719482046669,9.782857711690124,9.85231324746733,9.928718172883954,10.0127678157725,10.105227076396735,10.20693738873263,10.318824378276595,10.441906286069049,10.577303235592488,10.726247426871483,10.89009435053736,11.07033512389939,11.268610061271707,11.486723602033832,11.726660732255155,11.990605049302365,12.280958633797852,12.600363909742837,12.951727691711286,13.338247637924637,13.763441349914586,14.231178383570521,14.745715462869569,15.31173521674118,15.934388791589583,16.619342727278063,17.372830523188558,18.20170936366137,19.11352251908016,20.116567990523695,21.219974022727772,22.433782172604086,23.76903868931831,25.237895037561135,26.853718478843998,28.631213717172653,30.586556716130513,32.73754190515754,35.10374411464635,37.706696713506695,40.57008757029073,43.71997462116747,47.18502300646119,50.99676593374926,55.189891641435324,59.80255907423885,64.87674514333315,70.45862673129844,76.59900091824979,83.35374725332859,90.78433627837722,98.9583889315307,107.95029192148395,117.84187467255173,128.7231540009517,140.69315329912172,153.86080368293213,168.3459353025431,184.28036783818186,201.80911010472585,221.0916796819101,242.30355457925083,265.63777014633524,291.30667576091514,319.5438672812684,350.60631284881566,384.7766913865223
0.891010101010101,9.119197166543438,9.12225026163287,9.125608832306357,9.12930344275511,9.133367715257007,9.13783863615282,9.142756892436934,9.148167242025771,9.154118921073598,9.160666092042494,9.167868336604254,9.175791197859965,9.184506776811805,9.194094388515422,9.204641283884396,9.216243443715738,9.229006452162771,9.243046457604725,9.258491229657857,9.275481321947863,9.29417135122602,9.314731404470269,9.337348586777388,9.362228724133775,9.389598236562005,9.419706198690962,9.452826606503226,9.489260870889877,9.529340560707116,9.573430420299964,9.621931688956181,9.675285752501495,9.73397816026995,9.798543044008369,9.869567978931613,9.94769933116899,10.033648140268184,10.128196590291742,10.232205128396876,10.34662029568049,10.47248334155186,10.610939700023838,10.763249414155075,10.930798603501472,11.115112078923925,11.317867219537328,11.540909238068306,11.786267973520715,12.056176363943877,12.353090767385362,12.679713315927943,13.039016506211448,13.434270250194686,13.86907163230458,14.34737764375397,14.873541191909801,15.452350712406435,16.089073744494915,16.78950486619675,17.560018425516873,18.407626547626062,19.340042945943917,20.365753117876263,21.49409156406616,22.735326733932617,24.100754470579503,25.60280080549741,27.2551350385587,29.072794132395423,31.072319553203627,33.2719078032746,35.69157601514217,38.35334411429472,41.281435208172816,44.50249602503542,48.04583940873615,51.9437110761662,56.23158306492179,60.948476541644055,66.13731690867664,71.84532444061368,78.12444400564966,85.03181778233038,92.63030527358028,100.98905535030772,110.1841355303751,120.29922421958882,131.42637221433856,143.66684039582273,157.13202123916722,171.9444525234884,188.23893246801578,206.16374644239488,225.88201641466227,247.57318541733375,271.43465054076063,297.6835593145567,326.55878582478545,358.32310455025896,393.2655817006005
0.9009090909090909,9.119878953063091,9.123000263889493,9.126433875587662,9.130211035249909,9.134366116382733,9.13893693171955,9.14396507733199,9.149496311171365,9.155580969485264,9.162274424898943,9.169637590330344,9.177737473324717,9.18664778585367,9.196449615128307,9.207232161531328,9.219093550383908,9.23214172493511,9.246495428700793,9.262285286092254,9.279654991169311,9.29876261533669,9.319782045885116,9.342904568469347,9.368340607925486,9.396321643271001,9.4271023143162,9.460962739059852,9.498211062960115,9.539186263282277,9.58426123404632,9.633846179651178,9.688392348061726,9.748396137534886,9.814403614260648,9.887015482033226,9.96689254918109,10.05476174250946,10.15142272298637,10.257755163378532,10.374726754066193,10.503402009891229,10.644951958180519,10.80066479610327,10.971957614339555,11.160389293737918,11.36767469231124,11.595700251659018,11.846541164818161,12.1224802617509,12.426028784307107,12.759949239692036,13.127280540385398,13.531365659267198,13.975882051598393,14.464875120689506,15.002795031796381,15.594537209261494,16.245486885448198,16.96156810689887,17.749297643720556,18.61584429283207,19.56909411479984,20.617722197992038,21.771271603183333,23.04024020708506,24.43617623515435,25.971783353103717,27.66103627351069,29.519307929607848,31.563509373587976,33.812243672546586,36.285975202557594,39.00721588149938,42.00073003539074,45.29375976256435,48.91627284654061,52.90123547366564,57.28491223731112,62.10719615875144,67.41197172800051,73.24751426838586,79.6669292591997,86.72863561440286,94.49689731537437,103.04240823574328,112.4429354804042,122.78402709332244,134.15979057451244,146.67374929096277,160.43978457514328,175.58317208451578,192.24172185328226,210.56703241123097,230.7258703826002,252.90168811978342,277.2962931828686,304.1316848578498,333.65207442645914,366.12610757277633,401.84930915127245
0.9108080808080807,9.120568272292687,9.123758552537499,9.12726803435112,9.131128655272036,9.135375548335364,9.14004736179764,9.145186610851763,9.150840064532913,9.157059171336513,9.163900527421644,9.171426391660846,9.17970525222367,9.188812449850236,9.198830863487082,9.209851664525154,9.221975146504052,9.235311637833632,9.249982505839457,9.266121261269912,9.283874773317029,9.303404606208934,9.324888489538326,9.348521935708547,9.374520019217815,9.403119333975186,9.434580146462103,9.469188764335914,9.507260142032582,9.549140747082753,9.59521171322825,9.6458923090362,9.701643753579312,9.762973413909526,9.830439422526519,9.904655756864878,9.986297827027881,10.0761086226208,10.174905474623936,10.283587493841841,10.40314375362095,10.53466229129944,10.679340010301702,10.838493572983738,11.013571383348967,11.206166768669048,11.418032479951338,11.651096643193064,11.907480306561654,12.189516743161251,12.499772685019696,12.841071681504102,13.216519794706459,13.629533865610169,14.0838726082475,14.583670814799559,15.13347698290912,15.73829470762931,16.403628214701065,17.135532449550624,17.940668177867124,18.826362599236422,19.800676025484663,20.872475230580047,22.051514139655943,23.34852259150399,24.775303982352728,26.344842679561562,28.0714221827602,29.970755107758524,32.060126176132094,34.35854951173523,36.88694167558184,39.66831201375229,42.727972050533644,46.093765832315604,49.79632331842224,53.86933912479469,58.34987915716187,63.27871792414163,68.7007095999168,74.66519621326619,81.22645667759674,88.44420074829364,96.38411240256158,105.11844758669666,114.72669177048937,125.29628329273032,136.92340908051074,149.71387998363824,163.78409369001432,179.26209398483533,196.28873599324558,215.0189680105503,235.62324158508946,258.28906268601236,283.22269807211615,310.65105239029293,340.8237330858272,374.0153219159425,410.5278737381465
0.9207070707070707,9.12126512423244,9.124525127577149,9.128111308597044,9.132056302821868,9.13639601111536,9.141169926387644,9.146421492996915,9.152198502111217,9.15855352662832,9.165544399611761,9.173234740597165,9.181694534558522,9.191000768803539,9.201238133594206,9.212499792868831,9.224888232079728,9.238516190862612,9.253507689025847,9.269999155196983,9.288140668398393,9.308097323851584,9.330050735440468,9.354200688507614,9.380766958025829,9.409991308692515,9.442139695150038,9.477504682356802,9.516408108137378,9.559204012144173,9.60628185788784,9.658070077160824,9.715039969112524,9.777709989462151,9.846650468885754,9.922488803519439,10.005915164817099,10.09768878072666,10.198644845347596,10.309702119950668,10.431871294531355,10.566264185987734,10.714103856625044,10.876735745062014,11.055639910824166,11.252444504041154,11.468940582810557,11.70709841305125,11.969085399157544,12.257285808603212,12.574322469968301,12.923080641819645,13.306734269632305,13.728774869673753,14.193043302683385,14.703764726484563,15.265587045604077,15.883623207807696,16.56349773247913,17.311397894291908,18.134130027998236,19.039181466771527,20.034788677812507,21.130012215329558,22.334819173044522,23.66017388662028,25.11813771147782,26.72197878405127,28.486292765372195,30.427135665806787,32.56216995970135,34.91082531962504,37.49447543293258,40.33663250971879,43.46316125222901,46.90251423289298,50.68599082297466,54.84802202814921,59.42648382308348,64.46304183644767,70.00353052309075,76.0983702739594,82.8030262595909,90.17851318280283,98.29195053399556,107.21717340207731,117.03540439959728,127.83599281683694,139.71722773141545,152.7872324729879,167.16494858297483,182.98121822369524,200.37997488720578,219.51955323970265,240.5741300215273,263.7353091154626,289.21386520798757,317.24166191141063,348.07376180245154,381.99074757935387,419.3012754608521
0.9306060606060605,9.121969508882565,9.125299989008704,9.128963698325752,9.132993977899785,9.137427504723181,9.142304625490118,9.147669723768121,9.15357162390709,9.160064035361657,9.16720604147048,9.175062637140723,9.183705320330983,9.193212742715644,9.203671425452162,9.21517654656535,9.227832807114524,9.24175538402636,9.257070978265137,9.273918967879673,9.29245267642084,9.312840768273547,9.33526878360219,9.359940826879273,9.38708142436471,9.416937567441076,9.449780960401519,9.485910493148065,9.525654961304792,9.569376058502367,9.617471668067378,9.670379484074854,9.728580994719845,9.792605864261256,9.863036753418301,9.940514622089925,10.025744562656538,10.119502216951465,10.222640835300309,10.336099041868467,10.460909376983286,10.598207694166256,10.74924349738661,10.915391312601415,11.098163197056612,11.29922250017415,11.520399001236786,11.763705561608036,12.03135644300433,12.32578745849553,12.649678139586705,13.00597612108077,13.397923965605141,13.829088671890526,14.303394135317923,14.82515685612346,15.399125220214215,16.030522710070148,16.725095438982976,17.489164441237463,18.32968319413095,19.254300895346493,20.27143207157635,21.390333151911587,22.62118670289504,23.97519409185456,25.464677421827492,27.103191665753243,28.90564802041736,30.88844960272351,33.06964072317847,35.46907109502347,38.108576473355726,41.01217736809733,44.20629763914187,47.720004962941665,51.58527535883598,55.8372841823721,60.51472623373429,65.66016789435272,71.3204344962384,77.5470364492212,84.39663800398289,91.93157291678044,100.22041170857865,109.338585680842,119.36907336674022,130.40315566471043,142.5412465263503,155.89380675819032,170.58234925325655,186.74054480037913,204.51543853449633,224.06878809806892,245.57853569133985,269.2404274076031,295.26979458999233,323.90351342075036,355.402160575915,390.0523845626268,428.1695143190364
0.9405050505050505,9.122681426243284,9.126083136832431,9.129825203537562,9.133941680506178,9.138470029159294,9.143451459105627,9.148931303166062,9.154959429921355,9.161590697537516,9.16888545299899,9.17691008129296,9.185737609542787,9.195448371588636,9.206130739063456,9.217881925617723,9.230808871612062,9.245029217329227,9.260672373562551,9.277880699324246,9.296810797391876,9.317634939483803,9.340542634034229,9.365742350836344,9.393463418249754,9.423958110239079,9.457503942238205,9.494406196735412,9.535000701565284,9.579656886193353,9.62878114380936,9.682820529828302,9.742266830459979,9.807661038375532,9.879598276204295,9.958733212669475,10.045786020654052,10.141548931419571,10.246893444624805,10.362778259758239,10.490258001161875,10.63049281604402,10.784758932820822,10.954460275862994,11.141141242334745,11.34650075738398,11.572407735572838,11.82091808923151,12.094293438492667,12.395021693247434,12.725839694297362,13.089758119716333,13.490088883051914,13.930475272675805,14.414925106543796,14.947847204074264,15.534091507050105,16.178993214666704,16.88842133438914,17.668832090478034,18.527327676259045,19.47172088484861,20.51060620654953,21.653438039980486,22.910616728740468,24.293583206618774,25.81492311269576,27.488481323849246,29.329487946973224,31.35469691749202,33.58253846546414,36.03328683676128,38.72924479562553,41.69494658761931,44.95738120997423,48.5462380211473,52.49417692468768,56.83712558615195,61.614606387820004,66.87009609658845,72.65142151812489,79.01119473785631,86.00729190962215,93.7033799491244,102.16949592525997,111.48268442199283,121.72769867097426,132.99777183546104,145.39546546447937,159.03360283846212,174.03629570012768,190.5400737142048,208.6951269344826,228.66667258506018,250.63645859398144,274.8044175619293,301.39048621766455,330.6366069178823,362.80892940582197,398.20023286539725,437.1325903123651
0.9504040404040404,9.12340087631482,9.126874571048598,9.1306958242328,9.134899410641435,9.13952358442417,9.144610427234738,9.15020623119142,9.156361920154833,9.163133513156899,9.170582634198496,9.178777073055322,9.187791402195677,9.197707655424615,9.208616074430617,9.22061593002899,9.233816425575998,9.248337690775603,9.264311874923354,9.281884349537016,9.301215031319062,9.322479837491402,9.345872286747408,9.371605260391746,9.399912939696359,9.431052937104864,9.465308640681895,9.502991793144707,9.544445328949493,9.590046495253342,9.640210285156478,9.695393214471384,9.756097476391822,9.822875511873859,9.896335037324024,9.977144575351339,10.066039538917515,10.163828924255238,10.271402673463555,10.389739773782495,10.519917167251455,10.66311955182884,10.820650163160408,10.993942635105476,11.18457404694389,11.394279275982552,11.62496678615639,11.878735996283332,12.157896386005321,12.464988513258662,12.802807134511461,13.174426638142045,13.5832290223845,14.032934672427924,14.5276362167349,15.07183577067457,15.670485906400573,16.329034721824716,17.053475418851068,17.850400842081424,18.72706347435419,19.69144143514462,20.752311082487093,21.91932687917531,23.203109250102127,24.615341230317465,26.168874783373948,27.877847757523423,29.757812544125,31.825877609108627,34.10086318547728,36.603472543692554,39.356480398544264,42.38494016704843,45.71641196346422,49.381213406234885,53.412695519253276,57.847546238221334,62.72612428409181,68.09282644193284,73.99649158756205,80.49084513871622,87.63498797540431,95.4939342787779,104.13920318303282,113.6494696245747,124.1112803113967,135.6198413282384,148.27988454500397,162.2066207130556,177.52678792288978,194.37980496452155,212.91904008655976,233.31320670011516,255.7478987289324,280.4272795779606,307.57594009056044,337.44094240239735,370.2940682917957,406.4342924873187,446.19050344051965
0.9603030303030302,9.124127859097394,9.127674291657472,9.131575560411791,9.135867168305948,9.140588170518287,9.145781529878029,9.151494507844893,9.157779094608367,9.16469248222081,9.172297585070211,9.180663612429274,9.189866698291418,9.199990594225707,9.2111274315562,9.223378559802219,9.236855469010019,9.251680804369915,9.267989482352862,9.28592991852435,9.305665378210026,9.327375462305469,9.351257741752628,9.377529555558494,9.406429988720037,9.438222048056895,9.473195055754527,9.511667282401977,9.55398884348822,9.600544885718719,9.65175909215162,9.708097538054512,9.770072932574474,9.838249284825297,9.913247036857918,9.995748710228856,10.086505117554807,10.186342195582611,10.296168521958736,10.41698358410321,10.549886875435524,10.696087901727294,10.856917188636348,11.033838390585206,11.228461611166217,11.44255805627769,11.678076153319932,11.93715928311873,12.222165285917187,12.535687918919479,12.880580460629007,13.25998167676062,13.677344383999941,14.136466871528564,14.641527466246758,15.197122556242109,15.80830841853338,16.480647231749703,17.220257692500066,18.03387069609361,18.928890588367178,19.913462546081995,20.996546699127205,22.187999669121226,23.49866426649109,24.9404681623491,26.52653243315193,28.27129096596341,30.190621810966455,32.30199167658335,34.62461488215557,37.17962821469484,39.990283280942144,43.08215810518032,46.48338989838541,50.2249311169678,54.340831141297066,58.86854613735556,63.849279921344895,69.32835892920872,75.35564470340678,81.98598765069727,89.27972620026935,97.30323590472773,106.12953348093289,115.83894128767356,126.51981828714415,138.2693641422299,151.1945037671616,165.41286038125722,181.05382592087696,198.25973855070922,217.18717799015153,238.0083904426995,260.9128560956979,286.1090134552398,313.826156208258,344.3165198739067,377.85757723347837,414.75456342806234,455.34325370319806
0.9702020202020202,9.124862374591233,9.12848229865933,9.132464412074867,9.13684495350012,9.141663787442123,9.146964767036078,9.152796133127179,9.159210953282797,9.166267604730267,9.174030305615362,9.182569699416296,9.19196349783179,9.202297187994047,9.213664810442777,9.226169814940512,9.239926001917846,9.25505855811663,9.271705195856427,9.290017406292668,9.310161838072455,9.332321813935199,9.356698999060876,9.383515236349698,9.41301456533641,9.445465443113756,9.481163187478172,9.520432664533391,9.563631245212438,9.611152057626052,9.663427564837855,9.72093350062828,9.784193199067204,9.853782357299064,9.930334274886535,10.014545617395424,10.107182756673783,10.20908874552568,10.321190990252196,10.444509690881809,10.580167125896695,10.729397865944666,10.893560009477818,11.074147542556082,11.272803935280692,11.491337098573082,11.731735837390735,11.996187950086448,12.287100138595276,12.607119910610717,12.959159673038897,13.346423235961925,13.772434968280637,14.24107187034304,14.75659885541694,15.323707561075262,15.947559043695874,16.6338307446261,17.38876815544621,18.21924165253974,19.13280901822902,20.13778421749015,21.243313056192328,22.45945640943075,23.797281777409406,25.268964002107225,26.887896061319164,28.668810948361152,30.627915746600564,32.78303911894031,35.153793554455504,37.7617538486691,40.63065344167694,43.78660040084193,47.25831501354595,51.077391152146774,55.27858378962285,59.90012528237101,64.98407329841665,70.57669355728173,76.72888086455903,83.49662227273862,90.94150658319946,99.1312848260019,108.14048681803598,118.05109941041405,128.95331259739052,140.94634027665845,154.1393231302234,168.65232184238522,184.61740969345314,202.17987447217587,221.499540644708,242.7522238123034,266.1313306938062,291.8496191933309,320.1411345703551,351.2633393320397,385.49945623052866,423.1610456873143,464.5908411001121
0.98010101010101,9.125604422796567,9.129298592054447,9.13336237922236,9.137832766224351,9.142750435196167,9.14816013870947,9.154111107038986,9.16065749617898,9.167858880686298,9.175780795835191,9.184495334017878,9.194081800818587,9.2046274367318,9.21622821109295,9.228989695446987,9.24302802430323,9.258470952020252,9.275459015439456,9.294146812848448,9.314704410914098,9.33731889238986,9.362196058683221,9.389562302778558,9.419666669561206,9.45278312229415,9.489213035875043,9.52928793956527,9.573372534153272,9.621868011012076,9.67521570325843,9.733901102243472,9.798458275929457,9.869474729364532,9.947596751490549,10.033535296944503,10.128072456382263,10.232068574208265,10.346470078485426,10.472318094279098,10.610757918816661,10.763049444684913,10.93057862591215,11.11487009126953,11.317601019563014,11.540616403168237,11.78594583869082,12.055821997528755,12.352700944398736,12.679284488703825,13.038544772119023,13.433751316123123,13.868500775594603,14.346749669220642,14.872850384565481,15.451590785453616,16.088237782115655,16.788585260618063,17.559006807779266,18.406513711425184,19.338818763852107,20.36440644918168,21.492610153390537,22.733697099705036,24.098961782351306,25.60082874898162,27.252965667165697,29.070407703913837,31.069694350140274,33.26901993521825,35.6883992013528,38.34984944453976,41.27759087963379,44.49826705289108,48.041187307787865,51.93859351060891,56.22595346307284,60.942283672124,66.13050441418538,71.83783032505889,78.11620006996024,85.0227490038206,92.62032912321733,100.9780810416681,110.17206319345632,120.28594399195785,131.41176324134534,143.6507697307809,157.1143426334931,171.9250050957888,188.21753924001146,206.14021272835686,225.85612804970515,247.54470680844122,271.403322522808,297.64909679181903,326.52087517646913,358.2814007764441,393.21970528262256,431.65373926477685,473.93326563098833
0.99,9.126354003713624,9.130123171843103,9.134269461854608,9.138830606479047,9.143848113780907,9.149367644898797,9.155439429581024,9.162118723297771,9.169466310089943,9.177549055730944,9.186440516235526,9.196221607253623,9.206981340441146,9.218817633509342,9.231838201324802,9.246161536169959,9.261917986085322,9.27925094110739,9.298318138198209,9.319293096742763,9.342366697678786,9.36774892063081,9.39567075485837,9.426386301410252,9.460175085616898,9.497344600967478,9.538233107524078,9.583212710342014,9.632692745913696,9.687123507456768,9.747000342951036,9.812868163220843,9.88532640109121,9.965034466750724,10.052717748969583,10.149174216787996,10.255281681753987,10.372005786799535,10.500408794455256,10.641659254376153,10.797042638150614,10.967973038164768,11.156006036974432,11.362852864285577,11.59039597035844,11.840706157536916,12.116061425781407,12.418967703678849,12.75218165356091,13.118735758236353,13.521965917608835,13.965541806295683,14.453500268494931,14.9902820539953,15.58077222963848,16.230344634001224,16.944910779870213,17.73097364956953,18.595686872736486,19.546919825131223,20.593329240953423,21.7444379904166,23.010721739534944,24.4037042808043,25.936062402359276,27.62174124998308,29.47608123182457,31.515957620708974,33.759934124470874,36.22843182184238,38.94391500125444,41.93109559372478,45.21715806021579,48.832006779986145,52.808538191226596,57.18294016052631,61.99502130550918,67.28857326756854,73.1117692314868,79.51760231859136,86.5643678429627,94.31619381938421,102.84362455083148,112.22426260634454,122.54347503150184,133.89517021825168,146.3826525038863,160.11956227630455,175.23091014084568,191.85421455997212,210.140753318713,230.25694020464238,252.38583943064933,276.72883158227467,303.50744625030825,332.9653780262349,365.37070420678344,401.01832438945075,440.2326441601657,483.3705272955659
