# Time (s)    Memory Strain
-1.214626e-02 0.000000e+00
-1.214491e-02 1.652092e-28
-1.214356e-02 3.303126e-28
-1.214221e-02 4.952747e-28
-1.214086e-02 6.600938e-28
-1.213951e-02 8.247685e-28
-1.213816e-02 9.892971e-28
-1.213681e-02 1.153678e-27
-1.213546e-02 1.317910e-27
-1.213411e-02 1.481990e-27
-1.213276e-02 1.645918e-27
-1.213142e-02 1.809691e-27
-1.213007e-02 1.973309e-27
-1.212872e-02 2.136768e-27
-1.212737e-02 2.300067e-27
-1.212602e-02 2.463205e-27
-1.212467e-02 2.626180e-27
-1.212332e-02 2.788989e-27
-1.212197e-02 2.951631e-27
-1.212062e-02 3.114104e-27
-1.211927e-02 3.276406e-27
-1.211792e-02 3.438535e-27
-1.211657e-02 3.600490e-27
-1.211522e-02 3.762269e-27
-1.211387e-02 3.923871e-27
-1.211252e-02 4.085294e-27
-1.211117e-02 4.246537e-27
-1.210982e-02 4.407600e-27
-1.210847e-02 4.568480e-27
-1.210712e-02 4.729177e-27
-1.210577e-02 4.889688e-27
-1.210442e-02 5.050014e-27
-1.210307e-02 5.210151e-27
-1.210172e-02 5.370099e-27
-1.210037e-02 5.529857e-27
-1.209903e-02 5.689422e-27
-1.209768e-02 5.848794e-27
-1.209633e-02 6.007970e-27
-1.209498e-02 6.166950e-27
-1.209363e-02 6.325731e-27
-1.209228e-02 6.484313e-27
-1.209093e-02 6.642693e-27
-1.208958e-02 6.800870e-27
-1.208823e-02 6.958842e-27
-1.208688e-02 7.116609e-27
-1.208553e-02 7.274167e-27
-1.208418e-02 7.431515e-27
-1.208283e-02 7.588653e-27
-1.208148e-02 7.745579e-27
-1.208013e-02 7.902291e-27
-1.207878e-02 8.058790e-27
-1.207743e-02 8.215073e-27
-1.207608e-02 8.371141e-27
-1.207473e-02 8.526991e-27
-1.207338e-02 8.682624e-27
-1.207203e-02 8.838037e-27
-1.207068e-02 8.993231e-27
-1.206933e-02 9.148203e-27
-1.206798e-02 9.302953e-27
-1.206664e-02 9.457479e-27
-1.206529e-02 9.611781e-27
-1.206394e-02 9.765857e-27
-1.206259e-02 9.919706e-27
-1.206124e-02 1.007333e-26
-1.205989e-02 1.022672e-26
-1.205854e-02 1.037988e-26
-1.205719e-02 1.053281e-26
-1.205584e-02 1.068551e-26
-1.205449e-02 1.083797e-26
-1.205314e-02 1.099020e-26
-1.205179e-02 1.114219e-26
-1.205044e-02 1.129394e-26
-1.204909e-02 1.144546e-26
-1.204774e-02 1.159673e-26
-1.204639e-02 1.174777e-26
-1.204504e-02 1.189857e-26
-1.204369e-02 1.204912e-26
-1.204234e-02 1.219944e-26
-1.204099e-02 1.234951e-26
-1.203964e-02 1.249934e-26
-1.203829e-02 1.264893e-26
-1.203694e-02 1.279827e-26
-1.203559e-02 1.294738e-26
-1.203425e-02 1.309623e-26
-1.203290e-02 1.324484e-26
-1.203155e-02 1.339320e-26
-1.203020e-02 1.354132e-26
-1.202885e-02 1.368919e-26
-1.202750e-02 1.383681e-26
-1.202615e-02 1.398418e-26
-1.202480e-02 1.413131e-26
-1.202345e-02 1.427818e-26
-1.202210e-02 1.442480e-26
-1.202075e-02 1.457117e-26
-1.201940e-02 1.471728e-26
-1.201805e-02 1.486315e-26
-1.201670e-02 1.500875e-26
-1.201535e-02 1.515411e-26
-1.201400e-02 1.529921e-26
-1.201265e-02 1.544405e-26
-1.201130e-02 1.558864e-26
-1.200995e-02 1.573298e-26
-1.200860e-02 1.587706e-26
-1.200725e-02 1.602089e-26
-1.200590e-02 1.616446e-26
-1.200455e-02 1.630778e-26
-1.200320e-02 1.645084e-26
-1.200186e-02 1.659365e-26
-1.200051e-02 1.673620e-26
-1.199916e-02 1.687850e-26
-1.199781e-02 1.702054e-26
-1.199646e-02 1.716233e-26
-1.199511e-02 1.730386e-26
-1.199376e-02 1.744513e-26
-1.199241e-02 1.758615e-26
-1.199106e-02 1.772691e-26
-1.198971e-02 1.786742e-26
-1.198836e-02 1.800767e-26
-1.198701e-02 1.814766e-26
-1.198566e-02 1.828739e-26
-1.198431e-02 1.842687e-26
-1.198296e-02 1.856609e-26
-1.198161e-02 1.870505e-26
-1.198026e-02 1.884376e-26
-1.197891e-02 1.898222e-26
-1.197756e-02 1.912042e-26
-1.197621e-02 1.925836e-26
-1.197486e-02 1.939605e-26
-1.197351e-02 1.953349e-26
-1.197216e-02 1.967068e-26
-1.197081e-02 1.980761e-26
-1.196947e-02 1.994429e-26
-1.196812e-02 2.008072e-26
-1.196677e-02 2.021690e-26
-1.196542e-02 2.035282e-26
-1.196407e-02 2.048850e-26
-1.196272e-02 2.062393e-26
-1.196137e-02 2.075911e-26
-1.196002e-02 2.089403e-26
-1.195867e-02 2.102872e-26
-1.195732e-02 2.116315e-26
-1.195597e-02 2.129733e-26
-1.195462e-02 2.143127e-26
-1.195327e-02 2.156496e-26
-1.195192e-02 2.169841e-26
-1.195057e-02 2.183161e-26
-1.194922e-02 2.196456e-26
-1.194787e-02 2.209727e-26
-1.194652e-02 2.222974e-26
-1.194517e-02 2.236196e-26
-1.194382e-02 2.249395e-26
-1.194247e-02 2.262569e-26
-1.194112e-02 2.275720e-26
-1.193977e-02 2.288847e-26
-1.193842e-02 2.301950e-26
-1.193708e-02 2.315030e-26
-1.193573e-02 2.328086e-26
-1.193438e-02 2.341119e-26
-1.193303e-02 2.354129e-26
-1.193168e-02 2.367116e-26
-1.193033e-02 2.380079e-26
-1.192898e-02 2.393020e-26
-1.192763e-02 2.405938e-26
-1.192628e-02 2.418833e-26
-1.192493e-02 2.431705e-26
-1.192358e-02 2.444555e-26
-1.192223e-02 2.457383e-26
-1.192088e-02 2.470188e-26
-1.191953e-02 2.482971e-26
-1.191818e-02 2.495732e-26
-1.191683e-02 2.508471e-26
-1.191548e-02 2.521189e-26
-1.191413e-02 2.533884e-26
-1.191278e-02 2.546558e-26
-1.191143e-02 2.559211e-26
-1.191008e-02 2.571843e-26
-1.190873e-02 2.584454e-26
-1.190738e-02 2.597044e-26
-1.190603e-02 2.609613e-26
-1.190469e-02 2.622162e-26
-1.190334e-02 2.634690e-26
-1.190199e-02 2.647198e-26
-1.190064e-02 2.659686e-26
-1.189929e-02 2.672154e-26
-1.189794e-02 2.684603e-26
-1.189659e-02 2.697031e-26
-1.189524e-02 2.709441e-26
-1.189389e-02 2.721831e-26
-1.189254e-02 2.734202e-26
-1.189119e-02 2.746554e-26
-1.188984e-02 2.758887e-26
-1.188849e-02 2.771202e-26
-1.188714e-02 2.783498e-26
-1.188579e-02 2.795776e-26
-1.188444e-02 2.808036e-26
-1.188309e-02 2.820278e-26
-1.188174e-02 2.832502e-26
-1.188039e-02 2.844709e-26
-1.187904e-02 2.856898e-26
-1.187769e-02 2.869070e-26
-1.187634e-02 2.881226e-26
-1.187499e-02 2.893364e-26
-1.187364e-02 2.905487e-26
-1.187230e-02 2.917593e-26
-1.187095e-02 2.929683e-26
-1.186960e-02 2.941757e-26
-1.186825e-02 2.953815e-26
-1.186690e-02 2.965858e-26
-1.186555e-02 2.977886e-26
-1.186420e-02 2.989899e-26
-1.186285e-02 3.001897e-26
-1.186150e-02 3.013880e-26
-1.186015e-02 3.025849e-26
-1.185880e-02 3.037804e-26
-1.185745e-02 3.049745e-26
-1.185610e-02 3.061672e-26
-1.185475e-02 3.073585e-26
-1.185340e-02 3.085485e-26
-1.185205e-02 3.097372e-26
-1.185070e-02 3.109246e-26
-1.184935e-02 3.121108e-26
-1.184800e-02 3.132957e-26
-1.184665e-02 3.144793e-26
-1.184530e-02 3.156618e-26
-1.184395e-02 3.168431e-26
-1.184260e-02 3.180233e-26
-1.184125e-02 3.192024e-26
-1.183990e-02 3.203803e-26
-1.183856e-02 3.215572e-26
-1.183721e-02 3.227331e-26
-1.183586e-02 3.239079e-26
-1.183451e-02 3.250817e-26
-1.183316e-02 3.262546e-26
-1.183181e-02 3.274265e-26
-1.183046e-02 3.285975e-26
-1.182911e-02 3.297676e-26
-1.182776e-02 3.309368e-26
-1.182641e-02 3.321052e-26
-1.182506e-02 3.332727e-26
-1.182371e-02 3.344395e-26
-1.182236e-02 3.356054e-26
-1.182101e-02 3.367707e-26
-1.181966e-02 3.379352e-26
-1.181831e-02 3.390990e-26
-1.181696e-02 3.402621e-26
-1.181561e-02 3.414246e-26
-1.181426e-02 3.425865e-26
-1.181291e-02 3.437478e-26
-1.181156e-02 3.449085e-26
-1.181021e-02 3.460687e-26
-1.180886e-02 3.472284e-26
-1.180751e-02 3.483876e-26
-1.180617e-02 3.495463e-26
-1.180482e-02 3.507046e-26
-1.180347e-02 3.518626e-26
-1.180212e-02 3.530201e-26
-1.180077e-02 3.541773e-26
-1.179942e-02 3.553342e-26
-1.179807e-02 3.564908e-26
-1.179672e-02 3.576471e-26
-1.179537e-02 3.588032e-26
-1.179402e-02 3.599591e-26
-1.179267e-02 3.611148e-26
-1.179132e-02 3.622704e-26
-1.178997e-02 3.634258e-26
-1.178862e-02 3.645811e-26
-1.178727e-02 3.657364e-26
-1.178592e-02 3.668916e-26
-1.178457e-02 3.680468e-26
-1.178322e-02 3.692020e-26
-1.178187e-02 3.703572e-26
-1.178052e-02 3.715126e-26
-1.177917e-02 3.726680e-26
-1.177782e-02 3.738235e-26
-1.177647e-02 3.749792e-26
-1.177512e-02 3.761351e-26
-1.177378e-02 3.772912e-26
-1.177243e-02 3.784475e-26
-1.177108e-02 3.796041e-26
-1.176973e-02 3.807609e-26
-1.176838e-02 3.819181e-26
-1.176703e-02 3.830757e-26
-1.176568e-02 3.842336e-26
-1.176433e-02 3.853920e-26
-1.176298e-02 3.865507e-26
-1.176163e-02 3.877100e-26
-1.176028e-02 3.888697e-26
-1.175893e-02 3.900300e-26
-1.175758e-02 3.911908e-26
-1.175623e-02 3.923522e-26
-1.175488e-02 3.935142e-26
-1.175353e-02 3.946768e-26
-1.175218e-02 3.958401e-26
-1.175083e-02 3.970041e-26
-1.174948e-02 3.981688e-26
-1.174813e-02 3.993343e-26
-1.174678e-02 4.005005e-26
-1.174543e-02 4.016675e-26
-1.174408e-02 4.028354e-26
-1.174273e-02 4.040041e-26
-1.174139e-02 4.051737e-26
-1.174004e-02 4.063443e-26
-1.173869e-02 4.075157e-26
-1.173734e-02 4.086882e-26
-1.173599e-02 4.098616e-26
-1.173464e-02 4.110360e-26
-1.173329e-02 4.122115e-26
-1.173194e-02 4.133881e-26
-1.173059e-02 4.145658e-26
-1.172924e-02 4.157447e-26
-1.172789e-02 4.169247e-26
-1.172654e-02 4.181059e-26
-1.172519e-02 4.192883e-26
-1.172384e-02 4.204719e-26
-1.172249e-02 4.216569e-26
-1.172114e-02 4.228431e-26
-1.171979e-02 4.240307e-26
-1.171844e-02 4.252196e-26
-1.171709e-02 4.264100e-26
-1.171574e-02 4.276017e-26
-1.171439e-02 4.287949e-26
-1.171304e-02 4.299895e-26
-1.171169e-02 4.311856e-26
-1.171034e-02 4.323833e-26
-1.170900e-02 4.335825e-26
-1.170765e-02 4.347832e-26
-1.170630e-02 4.359855e-26
-1.170495e-02 4.371895e-26
-1.170360e-02 4.383951e-26
-1.170225e-02 4.396024e-26
-1.170090e-02 4.408113e-26
-1.169955e-02 4.420220e-26
-1.169820e-02 4.432344e-26
-1.169685e-02 4.444486e-26
-1.169550e-02 4.456646e-26
-1.169415e-02 4.468824e-26
-1.169280e-02 4.481021e-26
-1.169145e-02 4.493236e-26
-1.169010e-02 4.505471e-26
-1.168875e-02 4.517725e-26
-1.168740e-02 4.529998e-26
-1.168605e-02 4.542291e-26
-1.168470e-02 4.554604e-26
-1.168335e-02 4.566938e-26
-1.168200e-02 4.579292e-26
-1.168065e-02 4.591666e-26
-1.167930e-02 4.604062e-26
-1.167795e-02 4.616478e-26
-1.167661e-02 4.628916e-26
-1.167526e-02 4.641375e-26
-1.167391e-02 4.653857e-26
-1.167256e-02 4.666360e-26
-1.167121e-02 4.678886e-26
-1.166986e-02 4.691433e-26
-1.166851e-02 4.704004e-26
-1.166716e-02 4.716598e-26
-1.166581e-02 4.729215e-26
-1.166446e-02 4.741855e-26
-1.166311e-02 4.754518e-26
-1.166176e-02 4.767206e-26
-1.166041e-02 4.779918e-26
-1.165906e-02 4.792654e-26
-1.165771e-02 4.805414e-26
-1.165636e-02 4.818199e-26
-1.165501e-02 4.831010e-26
-1.165366e-02 4.843845e-26
-1.165231e-02 4.856706e-26
-1.165096e-02 4.869592e-26
-1.164961e-02 4.882504e-26
-1.164826e-02 4.895442e-26
-1.164691e-02 4.908406e-26
-1.164556e-02 4.921396e-26
-1.164422e-02 4.934412e-26
-1.164287e-02 4.947455e-26
-1.164152e-02 4.960525e-26
-1.164017e-02 4.973622e-26
-1.163882e-02 4.986745e-26
-1.163747e-02 4.999896e-26
-1.163612e-02 5.013075e-26
-1.163477e-02 5.026281e-26
-1.163342e-02 5.039515e-26
-1.163207e-02 5.052777e-26
-1.163072e-02 5.066067e-26
-1.162937e-02 5.079386e-26
-1.162802e-02 5.092733e-26
-1.162667e-02 5.106109e-26
-1.162532e-02 5.119514e-26
-1.162397e-02 5.132948e-26
-1.162262e-02 5.146411e-26
-1.162127e-02 5.159904e-26
-1.161992e-02 5.173426e-26
-1.161857e-02 5.186978e-26
-1.161722e-02 5.200560e-26
-1.161587e-02 5.214172e-26
-1.161452e-02 5.227814e-26
-1.161317e-02 5.241486e-26
-1.161183e-02 5.255188e-26
-1.161048e-02 5.268921e-26
-1.160913e-02 5.282684e-26
-1.160778e-02 5.296478e-26
-1.160643e-02 5.310303e-26
-1.160508e-02 5.324159e-26
-1.160373e-02 5.338046e-26
-1.160238e-02 5.351964e-26
-1.160103e-02 5.365913e-26
-1.159968e-02 5.379893e-26
-1.159833e-02 5.393906e-26
-1.159698e-02 5.407950e-26
-1.159563e-02 5.422025e-26
-1.159428e-02 5.436133e-26
-1.159293e-02 5.450273e-26
-1.159158e-02 5.464444e-26
-1.159023e-02 5.478649e-26
-1.158888e-02 5.492885e-26
-1.158753e-02 5.507155e-26
-1.158618e-02 5.521456e-26
-1.158483e-02 5.535791e-26
-1.158348e-02 5.550158e-26
-1.158213e-02 5.564558e-26
-1.158078e-02 5.578990e-26
-1.157944e-02 5.593456e-26
-1.157809e-02 5.607954e-26
-1.157674e-02 5.622486e-26
-1.157539e-02 5.637050e-26
-1.157404e-02 5.651648e-26
-1.157269e-02 5.666278e-26
-1.157134e-02 5.680942e-26
-1.156999e-02 5.695640e-26
-1.156864e-02 5.710370e-26
-1.156729e-02 5.725134e-26
-1.156594e-02 5.739932e-26
-1.156459e-02 5.754763e-26
-1.156324e-02 5.769627e-26
-1.156189e-02 5.784526e-26
-1.156054e-02 5.799458e-26
-1.155919e-02 5.814424e-26
-1.155784e-02 5.829424e-26
-1.155649e-02 5.844458e-26
-1.155514e-02 5.859526e-26
-1.155379e-02 5.874628e-26
-1.155244e-02 5.889764e-26
-1.155109e-02 5.904934e-26
-1.154974e-02 5.920138e-26
-1.154839e-02 5.935376e-26
-1.154705e-02 5.950648e-26
-1.154570e-02 5.965954e-26
-1.154435e-02 5.981294e-26
-1.154300e-02 5.996667e-26
-1.154165e-02 6.012075e-26
-1.154030e-02 6.027517e-26
-1.153895e-02 6.042992e-26
-1.153760e-02 6.058501e-26
-1.153625e-02 6.074045e-26
-1.153490e-02 6.089622e-26
-1.153355e-02 6.105234e-26
-1.153220e-02 6.120879e-26
-1.153085e-02 6.136558e-26
-1.152950e-02 6.152271e-26
-1.152815e-02 6.168019e-26
-1.152680e-02 6.183800e-26
-1.152545e-02 6.199615e-26
-1.152410e-02 6.215465e-26
-1.152275e-02 6.231348e-26
-1.152140e-02 6.247266e-26
-1.152005e-02 6.263217e-26
-1.151870e-02 6.279202e-26
-1.151735e-02 6.295221e-26
-1.151600e-02 6.311273e-26
-1.151466e-02 6.327359e-26
-1.151331e-02 6.343478e-26
-1.151196e-02 6.359631e-26
-1.151061e-02 6.375817e-26
-1.150926e-02 6.392037e-26
-1.150791e-02 6.408290e-26
-1.150656e-02 6.424576e-26
-1.150521e-02 6.440895e-26
-1.150386e-02 6.457247e-26
-1.150251e-02 6.473633e-26
-1.150116e-02 6.490051e-26
-1.149981e-02 6.506502e-26
-1.149846e-02 6.522986e-26
-1.149711e-02 6.539503e-26
-1.149576e-02 6.556053e-26
-1.149441e-02 6.572636e-26
-1.149306e-02 6.589251e-26
-1.149171e-02 6.605899e-26
-1.149036e-02 6.622580e-26
-1.148901e-02 6.639293e-26
-1.148766e-02 6.656038e-26
-1.148631e-02 6.672816e-26
-1.148496e-02 6.689626e-26
-1.148361e-02 6.706467e-26
-1.148227e-02 6.723341e-26
-1.148092e-02 6.740246e-26
-1.147957e-02 6.757183e-26
-1.147822e-02 6.774151e-26
-1.147687e-02 6.791151e-26
-1.147552e-02 6.808182e-26
-1.147417e-02 6.825244e-26
-1.147282e-02 6.842336e-26
-1.147147e-02 6.859460e-26
-1.147012e-02 6.876615e-26
-1.146877e-02 6.893800e-26
-1.146742e-02 6.911016e-26
-1.146607e-02 6.928263e-26
-1.146472e-02 6.945540e-26
-1.146337e-02 6.962847e-26
-1.146202e-02 6.980185e-26
-1.146067e-02 6.997553e-26
-1.145932e-02 7.014951e-26
-1.145797e-02 7.032379e-26
-1.145662e-02 7.049836e-26
-1.145527e-02 7.067323e-26
-1.145392e-02 7.084840e-26
-1.145257e-02 7.102386e-26
-1.145122e-02 7.119960e-26
-1.144988e-02 7.137564e-26
-1.144853e-02 7.155197e-26
-1.144718e-02 7.172857e-26
-1.144583e-02 7.190547e-26
-1.144448e-02 7.208264e-26
-1.144313e-02 7.226010e-26
-1.144178e-02 7.243783e-26
-1.144043e-02 7.261585e-26
-1.143908e-02 7.279414e-26
-1.143773e-02 7.297270e-26
-1.143638e-02 7.315154e-26
-1.143503e-02 7.333064e-26
-1.143368e-02 7.351002e-26
-1.143233e-02 7.368967e-26
-1.143098e-02 7.386959e-26
-1.142963e-02 7.404977e-26
-1.142828e-02 7.423022e-26
-1.142693e-02 7.441094e-26
-1.142558e-02 7.459192e-26
-1.142423e-02 7.477315e-26
-1.142288e-02 7.495465e-26
-1.142153e-02 7.513640e-26
-1.142018e-02 7.531841e-26
-1.141883e-02 7.550066e-26
-1.141749e-02 7.568317e-26
-1.141614e-02 7.586592e-26
-1.141479e-02 7.604892e-26
-1.141344e-02 7.623217e-26
-1.141209e-02 7.641566e-26
-1.141074e-02 7.659938e-26
-1.140939e-02 7.678335e-26
-1.140804e-02 7.696755e-26
-1.140669e-02 7.715198e-26
-1.140534e-02 7.733665e-26
-1.140399e-02 7.752155e-26
-1.140264e-02 7.770668e-26
-1.140129e-02 7.789204e-26
-1.139994e-02 7.807762e-26
-1.139859e-02 7.826343e-26
-1.139724e-02 7.844946e-26
-1.139589e-02 7.863572e-26
-1.139454e-02 7.882219e-26
-1.139319e-02 7.900889e-26
-1.139184e-02 7.919580e-26
-1.139049e-02 7.938292e-26
-1.138914e-02 7.957025e-26
-1.138779e-02 7.975780e-26
-1.138644e-02 7.994555e-26
-1.138510e-02 8.013350e-26
-1.138375e-02 8.032166e-26
-1.138240e-02 8.051001e-26
-1.138105e-02 8.069857e-26
-1.137970e-02 8.088732e-26
-1.137835e-02 8.107626e-26
-1.137700e-02 8.126540e-26
-1.137565e-02 8.145472e-26
-1.137430e-02 8.164424e-26
-1.137295e-02 8.183393e-26
-1.137160e-02 8.202382e-26
-1.137025e-02 8.221388e-26
-1.136890e-02 8.240413e-26
-1.136755e-02 8.259455e-26
-1.136620e-02 8.278516e-26
-1.136485e-02 8.297593e-26
-1.136350e-02 8.316689e-26
-1.136215e-02 8.335801e-26
-1.136080e-02 8.354931e-26
-1.135945e-02 8.374077e-26
-1.135810e-02 8.393240e-26
-1.135675e-02 8.412419e-26
-1.135540e-02 8.431614e-26
-1.135405e-02 8.450825e-26
-1.135270e-02 8.470052e-26
-1.135136e-02 8.489294e-26
-1.135001e-02 8.508551e-26
-1.134866e-02 8.527823e-26
-1.134731e-02 8.547110e-26
-1.134596e-02 8.566411e-26
-1.134461e-02 8.585726e-26
-1.134326e-02 8.605056e-26
-1.134191e-02 8.624400e-26
-1.134056e-02 8.643757e-26
-1.133921e-02 8.663128e-26
-1.133786e-02 8.682512e-26
-1.133651e-02 8.701909e-26
-1.133516e-02 8.721320e-26
-1.133381e-02 8.740743e-26
-1.133246e-02 8.760179e-26
-1.133111e-02 8.779627e-26
-1.132976e-02 8.799088e-26
-1.132841e-02 8.818561e-26
-1.132706e-02 8.838046e-26
-1.132571e-02 8.857543e-26
-1.132436e-02 8.877051e-26
-1.132301e-02 8.896571e-26
-1.132166e-02 8.916101e-26
-1.132031e-02 8.935642e-26
-1.131897e-02 8.955194e-26
-1.131762e-02 8.974756e-26
-1.131627e-02 8.994328e-26
-1.131492e-02 9.013911e-26
-1.131357e-02 9.033503e-26
-1.131222e-02 9.053104e-26
-1.131087e-02 9.072715e-26
-1.130952e-02 9.092335e-26
-1.130817e-02 9.111964e-26
-1.130682e-02 9.131602e-26
-1.130547e-02 9.151249e-26
-1.130412e-02 9.170904e-26
-1.130277e-02 9.190567e-26
-1.130142e-02 9.210239e-26
-1.130007e-02 9.229919e-26
-1.129872e-02 9.249607e-26
-1.129737e-02 9.269302e-26
-1.129602e-02 9.289005e-26
-1.129467e-02 9.308716e-26
-1.129332e-02 9.328433e-26
-1.129197e-02 9.348158e-26
-1.129062e-02 9.367889e-26
-1.128927e-02 9.387627e-26
-1.128792e-02 9.407372e-26
-1.128658e-02 9.427122e-26
-1.128523e-02 9.446879e-26
-1.128388e-02 9.466641e-26
-1.128253e-02 9.486409e-26
-1.128118e-02 9.506182e-26
-1.127983e-02 9.525961e-26
-1.127848e-02 9.545745e-26
-1.127713e-02 9.565533e-26
-1.127578e-02 9.585327e-26
-1.127443e-02 9.605125e-26
-1.127308e-02 9.624928e-26
-1.127173e-02 9.644735e-26
-1.127038e-02 9.664547e-26
-1.126903e-02 9.684362e-26
-1.126768e-02 9.704182e-26
-1.126633e-02 9.724006e-26
-1.126498e-02 9.743833e-26
-1.126363e-02 9.763664e-26
-1.126228e-02 9.783499e-26
-1.126093e-02 9.803337e-26
-1.125958e-02 9.823178e-26
-1.125823e-02 9.843022e-26
-1.125688e-02 9.862869e-26
-1.125553e-02 9.882718e-26
-1.125419e-02 9.902570e-26
-1.125284e-02 9.922424e-26
-1.125149e-02 9.942281e-26
-1.125014e-02 9.962139e-26
-1.124879e-02 9.981999e-26
-1.124744e-02 1.000186e-25
-1.124609e-02 1.002173e-25
-1.124474e-02 1.004159e-25
-1.124339e-02 1.006146e-25
-1.124204e-02 1.008133e-25
-1.124069e-02 1.010119e-25
-1.123934e-02 1.012106e-25
-1.123799e-02 1.014094e-25
-1.123664e-02 1.016081e-25
-1.123529e-02 1.018068e-25
-1.123394e-02 1.020056e-25
-1.123259e-02 1.022043e-25
-1.123124e-02 1.024030e-25
-1.122989e-02 1.026018e-25
-1.122854e-02 1.028006e-25
-1.122719e-02 1.029993e-25
-1.122584e-02 1.031981e-25
-1.122449e-02 1.033968e-25
-1.122314e-02 1.035956e-25
-1.122180e-02 1.037944e-25
-1.122045e-02 1.039931e-25
-1.121910e-02 1.041918e-25
-1.121775e-02 1.043906e-25
-1.121640e-02 1.045893e-25
-1.121505e-02 1.047880e-25
-1.121370e-02 1.049868e-25
-1.121235e-02 1.051855e-25
-1.121100e-02 1.053842e-25
-1.120965e-02 1.055828e-25
-1.120830e-02 1.057815e-25
-1.120695e-02 1.059802e-25
-1.120560e-02 1.061788e-25
-1.120425e-02 1.063774e-25
-1.120290e-02 1.065761e-25
-1.120155e-02 1.067747e-25
-1.120020e-02 1.069733e-25
-1.119885e-02 1.071718e-25
-1.119750e-02 1.073704e-25
-1.119615e-02 1.075689e-25
-1.119480e-02 1.077674e-25
-1.119345e-02 1.079659e-25
-1.119210e-02 1.081644e-25
-1.119075e-02 1.083629e-25
-1.118941e-02 1.085613e-25
-1.118806e-02 1.087598e-25
-1.118671e-02 1.089582e-25
-1.118536e-02 1.091565e-25
-1.118401e-02 1.093549e-25
-1.118266e-02 1.095532e-25
-1.118131e-02 1.097515e-25
-1.117996e-02 1.099498e-25
-1.117861e-02 1.101481e-25
-1.117726e-02 1.103463e-25
-1.117591e-02 1.105445e-25
-1.117456e-02 1.107427e-25
-1.117321e-02 1.109408e-25
-1.117186e-02 1.111390e-25
-1.117051e-02 1.113371e-25
-1.116916e-02 1.115352e-25
-1.116781e-02 1.117332e-25
-1.116646e-02 1.119312e-25
-1.116511e-02 1.121293e-25
-1.116376e-02 1.123272e-25
-1.116241e-02 1.125252e-25
-1.116106e-02 1.127231e-25
-1.115971e-02 1.129210e-25
-1.115836e-02 1.131189e-25
-1.115702e-02 1.133167e-25
-1.115567e-02 1.135145e-25
-1.115432e-02 1.137123e-25
-1.115297e-02 1.139101e-25
-1.115162e-02 1.141078e-25
-1.115027e-02 1.143055e-25
-1.114892e-02 1.145032e-25
-1.114757e-02 1.147008e-25
-1.114622e-02 1.148984e-25
-1.114487e-02 1.150960e-25
-1.114352e-02 1.152936e-25
-1.114217e-02 1.154911e-25
-1.114082e-02 1.156886e-25
-1.113947e-02 1.158861e-25
-1.113812e-02 1.160835e-25
-1.113677e-02 1.162810e-25
-1.113542e-02 1.164784e-25
-1.113407e-02 1.166757e-25
-1.113272e-02 1.168731e-25
-1.113137e-02 1.170704e-25
-1.113002e-02 1.172677e-25
-1.112867e-02 1.174650e-25
-1.112732e-02 1.176622e-25
-1.112597e-02 1.178595e-25
-1.112463e-02 1.180567e-25
-1.112328e-02 1.182538e-25
-1.112193e-02 1.184510e-25
-1.112058e-02 1.186481e-25
-1.111923e-02 1.188452e-25
-1.111788e-02 1.190423e-25
-1.111653e-02 1.192394e-25
-1.111518e-02 1.194364e-25
-1.111383e-02 1.196334e-25
-1.111248e-02 1.198304e-25
-1.111113e-02 1.200274e-25
-1.110978e-02 1.202244e-25
-1.110843e-02 1.204213e-25
-1.110708e-02 1.206182e-25
-1.110573e-02 1.208151e-25
-1.110438e-02 1.210120e-25
-1.110303e-02 1.212089e-25
-1.110168e-02 1.214057e-25
-1.110033e-02 1.216026e-25
-1.109898e-02 1.217994e-25
-1.109763e-02 1.219962e-25
-1.109628e-02 1.221930e-25
-1.109493e-02 1.223898e-25
-1.109358e-02 1.225865e-25
-1.109224e-02 1.227833e-25
-1.109089e-02 1.229800e-25
-1.108954e-02 1.231768e-25
-1.108819e-02 1.233735e-25
-1.108684e-02 1.235702e-25
-1.108549e-02 1.237669e-25
-1.108414e-02 1.239636e-25
-1.108279e-02 1.241603e-25
-1.108144e-02 1.243570e-25
-1.108009e-02 1.245537e-25
-1.107874e-02 1.247503e-25
-1.107739e-02 1.249470e-25
-1.107604e-02 1.251437e-25
-1.107469e-02 1.253403e-25
-1.107334e-02 1.255370e-25
-1.107199e-02 1.257337e-25
-1.107064e-02 1.259303e-25
-1.106929e-02 1.261270e-25
-1.106794e-02 1.263236e-25
-1.106659e-02 1.265203e-25
-1.106524e-02 1.267170e-25
-1.106389e-02 1.269137e-25
-1.106254e-02 1.271104e-25
-1.106119e-02 1.273070e-25
-1.105985e-02 1.275037e-25
-1.105850e-02 1.277004e-25
-1.105715e-02 1.278972e-25
-1.105580e-02 1.280939e-25
-1.105445e-02 1.282906e-25
-1.105310e-02 1.284874e-25
-1.105175e-02 1.286841e-25
-1.105040e-02 1.288809e-25
-1.104905e-02 1.290777e-25
-1.104770e-02 1.292745e-25
-1.104635e-02 1.294713e-25
-1.104500e-02 1.296681e-25
-1.104365e-02 1.298650e-25
-1.104230e-02 1.300618e-25
-1.104095e-02 1.302587e-25
-1.103960e-02 1.304557e-25
-1.103825e-02 1.306526e-25
-1.103690e-02 1.308495e-25
-1.103555e-02 1.310465e-25
-1.103420e-02 1.312435e-25
-1.103285e-02 1.314406e-25
-1.103150e-02 1.316376e-25
-1.103015e-02 1.318347e-25
-1.102880e-02 1.320319e-25
-1.102746e-02 1.322290e-25
-1.102611e-02 1.324262e-25
-1.102476e-02 1.326234e-25
-1.102341e-02 1.328207e-25
-1.102206e-02 1.330179e-25
-1.102071e-02 1.332152e-25
-1.101936e-02 1.334126e-25
-1.101801e-02 1.336100e-25
-1.101666e-02 1.338074e-25
-1.101531e-02 1.340049e-25
-1.101396e-02 1.342024e-25
-1.101261e-02 1.343999e-25
-1.101126e-02 1.345975e-25
-1.100991e-02 1.347952e-25
-1.100856e-02 1.349928e-25
-1.100721e-02 1.351906e-25
-1.100586e-02 1.353883e-25
-1.100451e-02 1.355861e-25
-1.100316e-02 1.357840e-25
-1.100181e-02 1.359819e-25
-1.100046e-02 1.361799e-25
-1.099911e-02 1.363779e-25
-1.099776e-02 1.365760e-25
-1.099641e-02 1.367741e-25
-1.099507e-02 1.369723e-25
-1.099372e-02 1.371705e-25
-1.099237e-02 1.373688e-25
-1.099102e-02 1.375671e-25
-1.098967e-02 1.377655e-25
-1.098832e-02 1.379640e-25
-1.098697e-02 1.381625e-25
-1.098562e-02 1.383611e-25
-1.098427e-02 1.385597e-25
-1.098292e-02 1.387584e-25
-1.098157e-02 1.389572e-25
-1.098022e-02 1.391560e-25
-1.097887e-02 1.393549e-25
-1.097752e-02 1.395538e-25
-1.097617e-02 1.397529e-25
-1.097482e-02 1.399520e-25
-1.097347e-02 1.401511e-25
-1.097212e-02 1.403503e-25
-1.097077e-02 1.405496e-25
-1.096942e-02 1.407490e-25
-1.096807e-02 1.409485e-25
-1.096672e-02 1.411480e-25
-1.096537e-02 1.413476e-25
-1.096402e-02 1.415472e-25
-1.096268e-02 1.417470e-25
-1.096133e-02 1.419468e-25
-1.095998e-02 1.421467e-25
-1.095863e-02 1.423466e-25
-1.095728e-02 1.425467e-25
-1.095593e-02 1.427468e-25
-1.095458e-02 1.429470e-25
-1.095323e-02 1.431473e-25
-1.095188e-02 1.433477e-25
-1.095053e-02 1.435481e-25
-1.094918e-02 1.437486e-25
-1.094783e-02 1.439492e-25
-1.094648e-02 1.441499e-25
-1.094513e-02 1.443507e-25
-1.094378e-02 1.445516e-25
-1.094243e-02 1.447525e-25
-1.094108e-02 1.449535e-25
-1.093973e-02 1.451547e-25
-1.093838e-02 1.453559e-25
-1.093703e-02 1.455572e-25
-1.093568e-02 1.457585e-25
-1.093433e-02 1.459600e-25
-1.093298e-02 1.461616e-25
-1.093163e-02 1.463632e-25
-1.093029e-02 1.465649e-25
-1.092894e-02 1.467668e-25
-1.092759e-02 1.469687e-25
-1.092624e-02 1.471707e-25
-1.092489e-02 1.473728e-25
-1.092354e-02 1.475750e-25
-1.092219e-02 1.477773e-25
-1.092084e-02 1.479797e-25
-1.091949e-02 1.481822e-25
-1.091814e-02 1.483847e-25
-1.091679e-02 1.485874e-25
-1.091544e-02 1.487901e-25
-1.091409e-02 1.489930e-25
-1.091274e-02 1.491959e-25
-1.091139e-02 1.493990e-25
-1.091004e-02 1.496021e-25
-1.090869e-02 1.498053e-25
-1.090734e-02 1.500087e-25
-1.090599e-02 1.502121e-25
-1.090464e-02 1.504156e-25
-1.090329e-02 1.506192e-25
-1.090194e-02 1.508229e-25
-1.090059e-02 1.510267e-25
-1.089924e-02 1.512306e-25
-1.089789e-02 1.514346e-25
-1.089655e-02 1.516387e-25
-1.089520e-02 1.518429e-25
-1.089385e-02 1.520472e-25
-1.089250e-02 1.522516e-25
-1.089115e-02 1.524561e-25
-1.088980e-02 1.526607e-25
-1.088845e-02 1.528654e-25
-1.088710e-02 1.530702e-25
-1.088575e-02 1.532750e-25
-1.088440e-02 1.534800e-25
-1.088305e-02 1.536851e-25
-1.088170e-02 1.538902e-25
-1.088035e-02 1.540955e-25
-1.087900e-02 1.543008e-25
-1.087765e-02 1.545063e-25
-1.087630e-02 1.547118e-25
-1.087495e-02 1.549174e-25
-1.087360e-02 1.551232e-25
-1.087225e-02 1.553290e-25
-1.087090e-02 1.555349e-25
-1.086955e-02 1.557409e-25
-1.086820e-02 1.559470e-25
-1.086685e-02 1.561532e-25
-1.086550e-02 1.563595e-25
-1.086416e-02 1.565659e-25
-1.086281e-02 1.567724e-25
-1.086146e-02 1.569790e-25
-1.086011e-02 1.571856e-25
-1.085876e-02 1.573924e-25
-1.085741e-02 1.575992e-25
-1.085606e-02 1.578061e-25
-1.085471e-02 1.580132e-25
-1.085336e-02 1.582203e-25
-1.085201e-02 1.584275e-25
-1.085066e-02 1.586347e-25
-1.084931e-02 1.588421e-25
-1.084796e-02 1.590495e-25
-1.084661e-02 1.592571e-25
-1.084526e-02 1.594647e-25
-1.084391e-02 1.596724e-25
-1.084256e-02 1.598802e-25
-1.084121e-02 1.600880e-25
-1.083986e-02 1.602960e-25
-1.083851e-02 1.605040e-25
-1.083716e-02 1.607121e-25
-1.083581e-02 1.609203e-25
-1.083446e-02 1.611285e-25
-1.083311e-02 1.613369e-25
-1.083177e-02 1.615453e-25
-1.083042e-02 1.617538e-25
-1.082907e-02 1.619623e-25
-1.082772e-02 1.621710e-25
-1.082637e-02 1.623797e-25
-1.082502e-02 1.625885e-25
-1.082367e-02 1.627973e-25
-1.082232e-02 1.630062e-25
-1.082097e-02 1.632152e-25
-1.081962e-02 1.634242e-25
-1.081827e-02 1.636334e-25
-1.081692e-02 1.638425e-25
-1.081557e-02 1.640518e-25
-1.081422e-02 1.642611e-25
-1.081287e-02 1.644704e-25
-1.081152e-02 1.646798e-25
-1.081017e-02 1.648893e-25
-1.080882e-02 1.650988e-25
-1.080747e-02 1.653084e-25
-1.080612e-02 1.655181e-25
-1.080477e-02 1.657278e-25
-1.080342e-02 1.659375e-25
-1.080207e-02 1.661473e-25
-1.080072e-02 1.663571e-25
-1.079938e-02 1.665670e-25
-1.079803e-02 1.667770e-25
-1.079668e-02 1.669869e-25
-1.079533e-02 1.671970e-25
-1.079398e-02 1.674070e-25
-1.079263e-02 1.676171e-25
-1.079128e-02 1.678273e-25
-1.078993e-02 1.680374e-25
-1.078858e-02 1.682476e-25
-1.078723e-02 1.684579e-25
-1.078588e-02 1.686681e-25
-1.078453e-02 1.688784e-25
-1.078318e-02 1.690888e-25
-1.078183e-02 1.692991e-25
-1.078048e-02 1.695095e-25
-1.077913e-02 1.697199e-25
-1.077778e-02 1.699303e-25
-1.077643e-02 1.701408e-25
-1.077508e-02 1.703512e-25
-1.077373e-02 1.705617e-25
-1.077238e-02 1.707722e-25
-1.077103e-02 1.709827e-25
-1.076968e-02 1.711932e-25
-1.076833e-02 1.714037e-25
-1.076699e-02 1.716142e-25
-1.076564e-02 1.718248e-25
-1.076429e-02 1.720353e-25
-1.076294e-02 1.722458e-25
-1.076159e-02 1.724564e-25
-1.076024e-02 1.726669e-25
-1.075889e-02 1.728774e-25
-1.075754e-02 1.730880e-25
-1.075619e-02 1.732985e-25
-1.075484e-02 1.735090e-25
-1.075349e-02 1.737195e-25
-1.075214e-02 1.739299e-25
-1.075079e-02 1.741404e-25
-1.074944e-02 1.743508e-25
-1.074809e-02 1.745612e-25
-1.074674e-02 1.747716e-25
-1.074539e-02 1.749820e-25
-1.074404e-02 1.751923e-25
-1.074269e-02 1.754026e-25
-1.074134e-02 1.756129e-25
-1.073999e-02 1.758231e-25
-1.073864e-02 1.760333e-25
-1.073729e-02 1.762435e-25
-1.073594e-02 1.764536e-25
-1.073460e-02 1.766637e-25
-1.073325e-02 1.768737e-25
-1.073190e-02 1.770837e-25
-1.073055e-02 1.772936e-25
-1.072920e-02 1.775035e-25
-1.072785e-02 1.777134e-25
-1.072650e-02 1.779231e-25
-1.072515e-02 1.781328e-25
-1.072380e-02 1.783425e-25
-1.072245e-02 1.785521e-25
-1.072110e-02 1.787616e-25
-1.071975e-02 1.789710e-25
-1.071840e-02 1.791804e-25
-1.071705e-02 1.793897e-25
-1.071570e-02 1.795989e-25
-1.071435e-02 1.798081e-25
-1.071300e-02 1.800172e-25
-1.071165e-02 1.802261e-25
-1.071030e-02 1.804351e-25
-1.070895e-02 1.806439e-25
-1.070760e-02 1.808526e-25
-1.070625e-02 1.810612e-25
-1.070490e-02 1.812698e-25
-1.070355e-02 1.814782e-25
-1.070221e-02 1.816866e-25
-1.070086e-02 1.818948e-25
-1.069951e-02 1.821029e-25
-1.069816e-02 1.823110e-25
-1.069681e-02 1.825189e-25
-1.069546e-02 1.827267e-25
-1.069411e-02 1.829344e-25
-1.069276e-02 1.831420e-25
-1.069141e-02 1.833494e-25
-1.069006e-02 1.835568e-25
-1.068871e-02 1.837640e-25
-1.068736e-02 1.839710e-25
-1.068601e-02 1.841780e-25
-1.068466e-02 1.843848e-25
-1.068331e-02 1.845915e-25
-1.068196e-02 1.847980e-25
-1.068061e-02 1.850044e-25
-1.067926e-02 1.852107e-25
-1.067791e-02 1.854168e-25
-1.067656e-02 1.856228e-25
-1.067521e-02 1.858286e-25
-1.067386e-02 1.860343e-25
-1.067251e-02 1.862398e-25
-1.067116e-02 1.864452e-25
-1.066982e-02 1.866504e-25
-1.066847e-02 1.868554e-25
-1.066712e-02 1.870603e-25
-1.066577e-02 1.872650e-25
-1.066442e-02 1.874695e-25
-1.066307e-02 1.876739e-25
-1.066172e-02 1.878781e-25
-1.066037e-02 1.880821e-25
-1.065902e-02 1.882859e-25
-1.065767e-02 1.884896e-25
-1.065632e-02 1.886931e-25
-1.065497e-02 1.888963e-25
-1.065362e-02 1.890994e-25
-1.065227e-02 1.893023e-25
-1.065092e-02 1.895050e-25
-1.064957e-02 1.897075e-25
-1.064822e-02 1.899098e-25
-1.064687e-02 1.901119e-25
-1.064552e-02 1.903138e-25
-1.064417e-02 1.905155e-25
-1.064282e-02 1.907170e-25
-1.064147e-02 1.909183e-25
-1.064012e-02 1.911194e-25
-1.063877e-02 1.913202e-25
-1.063743e-02 1.915208e-25
-1.063608e-02 1.917213e-25
-1.063473e-02 1.919215e-25
-1.063338e-02 1.921214e-25
-1.063203e-02 1.923212e-25
-1.063068e-02 1.925207e-25
-1.062933e-02 1.927199e-25
-1.062798e-02 1.929190e-25
-1.062663e-02 1.931178e-25
-1.062528e-02 1.933163e-25
-1.062393e-02 1.935146e-25
-1.062258e-02 1.937127e-25
-1.062123e-02 1.939105e-25
-1.061988e-02 1.941081e-25
-1.061853e-02 1.943054e-25
-1.061718e-02 1.945025e-25
-1.061583e-02 1.946993e-25
-1.061448e-02 1.948959e-25
-1.061313e-02 1.950922e-25
-1.061178e-02 1.952883e-25
-1.061043e-02 1.954841e-25
-1.060908e-02 1.956796e-25
-1.060773e-02 1.958748e-25
-1.060638e-02 1.960698e-25
-1.060504e-02 1.962646e-25
-1.060369e-02 1.964590e-25
-1.060234e-02 1.966532e-25
-1.060099e-02 1.968471e-25
-1.059964e-02 1.970407e-25
-1.059829e-02 1.972340e-25
-1.059694e-02 1.974271e-25
-1.059559e-02 1.976198e-25
-1.059424e-02 1.978123e-25
-1.059289e-02 1.980045e-25
-1.059154e-02 1.981964e-25
-1.059019e-02 1.983880e-25
-1.058884e-02 1.985793e-25
-1.058749e-02 1.987703e-25
-1.058614e-02 1.989610e-25
-1.058479e-02 1.991514e-25
-1.058344e-02 1.993415e-25
-1.058209e-02 1.995313e-25
-1.058074e-02 1.997208e-25
-1.057939e-02 1.999100e-25
-1.057804e-02 2.000989e-25
-1.057669e-02 2.002875e-25
-1.057534e-02 2.004757e-25
-1.057399e-02 2.006637e-25
-1.057265e-02 2.008513e-25
-1.057130e-02 2.010386e-25
-1.056995e-02 2.012256e-25
-1.056860e-02 2.014123e-25
-1.056725e-02 2.015987e-25
-1.056590e-02 2.017847e-25
-1.056455e-02 2.019704e-25
-1.056320e-02 2.021558e-25
-1.056185e-02 2.023409e-25
-1.056050e-02 2.025256e-25
-1.055915e-02 2.027100e-25
-1.055780e-02 2.028941e-25
-1.055645e-02 2.030778e-25
-1.055510e-02 2.032612e-25
-1.055375e-02 2.034443e-25
-1.055240e-02 2.036270e-25
-1.055105e-02 2.038094e-25
-1.054970e-02 2.039915e-25
-1.054835e-02 2.041732e-25
-1.054700e-02 2.043546e-25
-1.054565e-02 2.045357e-25
-1.054430e-02 2.047164e-25
-1.054295e-02 2.048967e-25
-1.054160e-02 2.050767e-25
-1.054026e-02 2.052564e-25
-1.053891e-02 2.054357e-25
-1.053756e-02 2.056147e-25
-1.053621e-02 2.057933e-25
-1.053486e-02 2.059716e-25
-1.053351e-02 2.061495e-25
-1.053216e-02 2.063271e-25
-1.053081e-02 2.065043e-25
-1.052946e-02 2.066812e-25
-1.052811e-02 2.068577e-25
-1.052676e-02 2.070339e-25
-1.052541e-02 2.072097e-25
-1.052406e-02 2.073852e-25
-1.052271e-02 2.075603e-25
-1.052136e-02 2.077350e-25
-1.052001e-02 2.079094e-25
-1.051866e-02 2.080834e-25
-1.051731e-02 2.082571e-25
-1.051596e-02 2.084304e-25
-1.051461e-02 2.086034e-25
-1.051326e-02 2.087760e-25
-1.051191e-02 2.089482e-25
-1.051056e-02 2.091201e-25
-1.050921e-02 2.092917e-25
-1.050787e-02 2.094628e-25
-1.050652e-02 2.096336e-25
-1.050517e-02 2.098041e-25
-1.050382e-02 2.099742e-25
-1.050247e-02 2.101439e-25
-1.050112e-02 2.103133e-25
-1.049977e-02 2.104823e-25
-1.049842e-02 2.106509e-25
-1.049707e-02 2.108192e-25
-1.049572e-02 2.109871e-25
-1.049437e-02 2.111547e-25
-1.049302e-02 2.113219e-25
-1.049167e-02 2.114887e-25
-1.049032e-02 2.116552e-25
-1.048897e-02 2.118213e-25
-1.048762e-02 2.119871e-25
-1.048627e-02 2.121525e-25
-1.048492e-02 2.123175e-25
-1.048357e-02 2.124822e-25
-1.048222e-02 2.126465e-25
-1.048087e-02 2.128105e-25
-1.047952e-02 2.129741e-25
-1.047817e-02 2.131374e-25
-1.047682e-02 2.133003e-25
-1.047548e-02 2.134629e-25
-1.047413e-02 2.136250e-25
-1.047278e-02 2.137869e-25
-1.047143e-02 2.139484e-25
-1.047008e-02 2.141095e-25
-1.046873e-02 2.142703e-25
-1.046738e-02 2.144307e-25
-1.046603e-02 2.145908e-25
-1.046468e-02 2.147505e-25
-1.046333e-02 2.149099e-25
-1.046198e-02 2.150689e-25
-1.046063e-02 2.152276e-25
-1.045928e-02 2.153859e-25
-1.045793e-02 2.155439e-25
-1.045658e-02 2.157015e-25
-1.045523e-02 2.158588e-25
-1.045388e-02 2.160158e-25
-1.045253e-02 2.161724e-25
-1.045118e-02 2.163287e-25
-1.044983e-02 2.164846e-25
-1.044848e-02 2.166402e-25
-1.044713e-02 2.167955e-25
-1.044578e-02 2.169504e-25
-1.044443e-02 2.171050e-25
-1.044309e-02 2.172593e-25
-1.044174e-02 2.174132e-25
-1.044039e-02 2.175668e-25
-1.043904e-02 2.177201e-25
-1.043769e-02 2.178731e-25
-1.043634e-02 2.180257e-25
-1.043499e-02 2.181780e-25
-1.043364e-02 2.183300e-25
-1.043229e-02 2.184816e-25
-1.043094e-02 2.186329e-25
-1.042959e-02 2.187840e-25
-1.042824e-02 2.189347e-25
-1.042689e-02 2.190851e-25
-1.042554e-02 2.192351e-25
-1.042419e-02 2.193849e-25
-1.042284e-02 2.195344e-25
-1.042149e-02 2.196835e-25
-1.042014e-02 2.198324e-25
-1.041879e-02 2.199809e-25
-1.041744e-02 2.201292e-25
-1.041609e-02 2.202771e-25
-1.041474e-02 2.204248e-25
-1.041339e-02 2.205721e-25
-1.041204e-02 2.207192e-25
-1.041069e-02 2.208660e-25
-1.040935e-02 2.210125e-25
-1.040800e-02 2.211587e-25
-1.040665e-02 2.213046e-25
-1.040530e-02 2.214502e-25
-1.040395e-02 2.215956e-25
-1.040260e-02 2.217406e-25
-1.040125e-02 2.218854e-25
-1.039990e-02 2.220300e-25
-1.039855e-02 2.221742e-25
-1.039720e-02 2.223182e-25
-1.039585e-02 2.224619e-25
-1.039450e-02 2.226054e-25
-1.039315e-02 2.227486e-25
-1.039180e-02 2.228915e-25
-1.039045e-02 2.230342e-25
-1.038910e-02 2.231766e-25
-1.038775e-02 2.233188e-25
-1.038640e-02 2.234607e-25
-1.038505e-02 2.236024e-25
-1.038370e-02 2.237439e-25
-1.038235e-02 2.238851e-25
-1.038100e-02 2.240260e-25
-1.037965e-02 2.241668e-25
-1.037830e-02 2.243073e-25
-1.037696e-02 2.244475e-25
-1.037561e-02 2.245876e-25
-1.037426e-02 2.247274e-25
-1.037291e-02 2.248670e-25
-1.037156e-02 2.250063e-25
-1.037021e-02 2.251455e-25
-1.036886e-02 2.252844e-25
-1.036751e-02 2.254232e-25
-1.036616e-02 2.255617e-25
-1.036481e-02 2.257000e-25
-1.036346e-02 2.258381e-25
-1.036211e-02 2.259760e-25
-1.036076e-02 2.261138e-25
-1.035941e-02 2.262513e-25
-1.035806e-02 2.263887e-25
-1.035671e-02 2.265258e-25
-1.035536e-02 2.266628e-25
-1.035401e-02 2.267996e-25
-1.035266e-02 2.269362e-25
-1.035131e-02 2.270727e-25
-1.034996e-02 2.272089e-25
-1.034861e-02 2.273451e-25
-1.034726e-02 2.274810e-25
-1.034591e-02 2.276168e-25
-1.034457e-02 2.277524e-25
-1.034322e-02 2.278879e-25
-1.034187e-02 2.280232e-25
-1.034052e-02 2.281584e-25
-1.033917e-02 2.282934e-25
-1.033782e-02 2.284283e-25
-1.033647e-02 2.285630e-25
-1.033512e-02 2.286977e-25
-1.033377e-02 2.288321e-25
-1.033242e-02 2.289665e-25
-1.033107e-02 2.291007e-25
-1.032972e-02 2.292348e-25
-1.032837e-02 2.293688e-25
-1.032702e-02 2.295027e-25
-1.032567e-02 2.296365e-25
-1.032432e-02 2.297701e-25
-1.032297e-02 2.299037e-25
-1.032162e-02 2.300371e-25
-1.032027e-02 2.301705e-25
-1.031892e-02 2.303038e-25
-1.031757e-02 2.304369e-25
-1.031622e-02 2.305700e-25
-1.031487e-02 2.307030e-25
-1.031352e-02 2.308359e-25
-1.031218e-02 2.309688e-25
-1.031083e-02 2.311016e-25
-1.030948e-02 2.312343e-25
-1.030813e-02 2.313669e-25
-1.030678e-02 2.314995e-25
-1.030543e-02 2.316320e-25
-1.030408e-02 2.317645e-25
-1.030273e-02 2.318969e-25
-1.030138e-02 2.320293e-25
-1.030003e-02 2.321616e-25
-1.029868e-02 2.322939e-25
-1.029733e-02 2.324261e-25
-1.029598e-02 2.325583e-25
-1.029463e-02 2.326905e-25
-1.029328e-02 2.328227e-25
-1.029193e-02 2.329548e-25
-1.029058e-02 2.330869e-25
-1.028923e-02 2.332190e-25
-1.028788e-02 2.333511e-25
-1.028653e-02 2.334832e-25
-1.028518e-02 2.336153e-25
-1.028383e-02 2.337474e-25
-1.028248e-02 2.338795e-25
-1.028113e-02 2.340116e-25
-1.027979e-02 2.341437e-25
-1.027844e-02 2.342758e-25
-1.027709e-02 2.344079e-25
-1.027574e-02 2.345401e-25
-1.027439e-02 2.346723e-25
-1.027304e-02 2.348045e-25
-1.027169e-02 2.349367e-25
-1.027034e-02 2.350690e-25
-1.026899e-02 2.352013e-25
-1.026764e-02 2.353337e-25
-1.026629e-02 2.354661e-25
-1.026494e-02 2.355986e-25
-1.026359e-02 2.357311e-25
-1.026224e-02 2.358637e-25
-1.026089e-02 2.359963e-25
-1.025954e-02 2.361290e-25
-1.025819e-02 2.362618e-25
-1.025684e-02 2.363946e-25
-1.025549e-02 2.365276e-25
-1.025414e-02 2.366606e-25
-1.025279e-02 2.367936e-25
-1.025144e-02 2.369268e-25
-1.025009e-02 2.370601e-25
-1.024874e-02 2.371934e-25
-1.024740e-02 2.373269e-25
-1.024605e-02 2.374605e-25
-1.024470e-02 2.375941e-25
-1.024335e-02 2.377279e-25
-1.024200e-02 2.378618e-25
-1.024065e-02 2.379958e-25
-1.023930e-02 2.381299e-25
-1.023795e-02 2.382641e-25
-1.023660e-02 2.383985e-25
-1.023525e-02 2.385330e-25
-1.023390e-02 2.386676e-25
-1.023255e-02 2.388024e-25
-1.023120e-02 2.389373e-25
-1.022985e-02 2.390723e-25
-1.022850e-02 2.392075e-25
-1.022715e-02 2.393428e-25
-1.022580e-02 2.394783e-25
-1.022445e-02 2.396140e-25
-1.022310e-02 2.397498e-25
-1.022175e-02 2.398858e-25
-1.022040e-02 2.400219e-25
-1.021905e-02 2.401582e-25
-1.021770e-02 2.402947e-25
-1.021635e-02 2.404314e-25
-1.021501e-02 2.405682e-25
-1.021366e-02 2.407053e-25
-1.021231e-02 2.408425e-25
-1.021096e-02 2.409799e-25
-1.020961e-02 2.411175e-25
-1.020826e-02 2.412553e-25
-1.020691e-02 2.413933e-25
-1.020556e-02 2.415314e-25
-1.020421e-02 2.416698e-25
-1.020286e-02 2.418084e-25
-1.020151e-02 2.419473e-25
-1.020016e-02 2.420863e-25
-1.019881e-02 2.422255e-25
-1.019746e-02 2.423650e-25
-1.019611e-02 2.425047e-25
-1.019476e-02 2.426446e-25
-1.019341e-02 2.427847e-25
-1.019206e-02 2.429251e-25
-1.019071e-02 2.430657e-25
-1.018936e-02 2.432066e-25
-1.018801e-02 2.433477e-25
-1.018666e-02 2.434890e-25
-1.018531e-02 2.436306e-25
-1.018396e-02 2.437724e-25
-1.018262e-02 2.439145e-25
-1.018127e-02 2.440569e-25
-1.017992e-02 2.441995e-25
-1.017857e-02 2.443423e-25
-1.017722e-02 2.444854e-25
-1.017587e-02 2.446288e-25
-1.017452e-02 2.447725e-25
-1.017317e-02 2.449164e-25
-1.017182e-02 2.450606e-25
-1.017047e-02 2.452051e-25
-1.016912e-02 2.453498e-25
-1.016777e-02 2.454948e-25
-1.016642e-02 2.456401e-25
-1.016507e-02 2.457857e-25
-1.016372e-02 2.459316e-25
-1.016237e-02 2.460778e-25
-1.016102e-02 2.462242e-25
-1.015967e-02 2.463710e-25
-1.015832e-02 2.465180e-25
-1.015697e-02 2.466654e-25
-1.015562e-02 2.468131e-25
-1.015427e-02 2.469610e-25
-1.015292e-02 2.471093e-25
-1.015157e-02 2.472579e-25
-1.015023e-02 2.474067e-25
-1.014888e-02 2.475559e-25
-1.014753e-02 2.477055e-25
-1.014618e-02 2.478553e-25
-1.014483e-02 2.480054e-25
-1.014348e-02 2.481559e-25
-1.014213e-02 2.483067e-25
-1.014078e-02 2.484578e-25
-1.013943e-02 2.486092e-25
-1.013808e-02 2.487610e-25
-1.013673e-02 2.489130e-25
-1.013538e-02 2.490655e-25
-1.013403e-02 2.492182e-25
-1.013268e-02 2.493713e-25
-1.013133e-02 2.495247e-25
-1.012998e-02 2.496785e-25
-1.012863e-02 2.498326e-25
-1.012728e-02 2.499870e-25
-1.012593e-02 2.501418e-25
-1.012458e-02 2.502969e-25
-1.012323e-02 2.504524e-25
-1.012188e-02 2.506082e-25
-1.012053e-02 2.507644e-25
-1.011918e-02 2.509209e-25
-1.011784e-02 2.510778e-25
-1.011649e-02 2.512350e-25
-1.011514e-02 2.513926e-25
-1.011379e-02 2.515505e-25
-1.011244e-02 2.517088e-25
-1.011109e-02 2.518674e-25
-1.010974e-02 2.520264e-25
-1.010839e-02 2.521858e-25
-1.010704e-02 2.523455e-25
-1.010569e-02 2.525056e-25
-1.010434e-02 2.526660e-25
-1.010299e-02 2.528269e-25
-1.010164e-02 2.529880e-25
-1.010029e-02 2.531496e-25
-1.009894e-02 2.533115e-25
-1.009759e-02 2.534737e-25
-1.009624e-02 2.536364e-25
-1.009489e-02 2.537994e-25
-1.009354e-02 2.539628e-25
-1.009219e-02 2.541265e-25
-1.009084e-02 2.542907e-25
-1.008949e-02 2.544552e-25
-1.008814e-02 2.546200e-25
-1.008679e-02 2.547853e-25
-1.008545e-02 2.549509e-25
-1.008410e-02 2.551169e-25
-1.008275e-02 2.552833e-25
-1.008140e-02 2.554500e-25
-1.008005e-02 2.556171e-25
-1.007870e-02 2.557846e-25
-1.007735e-02 2.559525e-25
-1.007600e-02 2.561207e-25
-1.007465e-02 2.562894e-25
-1.007330e-02 2.564584e-25
-1.007195e-02 2.566277e-25
-1.007060e-02 2.567975e-25
-1.006925e-02 2.569676e-25
-1.006790e-02 2.571381e-25
-1.006655e-02 2.573090e-25
-1.006520e-02 2.574803e-25
-1.006385e-02 2.576519e-25
-1.006250e-02 2.578239e-25
-1.006115e-02 2.579964e-25
-1.005980e-02 2.581691e-25
-1.005845e-02 2.583423e-25
-1.005710e-02 2.585158e-25
-1.005575e-02 2.586898e-25
-1.005440e-02 2.588641e-25
-1.005306e-02 2.590387e-25
-1.005171e-02 2.592138e-25
-1.005036e-02 2.593892e-25
-1.004901e-02 2.595650e-25
-1.004766e-02 2.597412e-25
-1.004631e-02 2.599177e-25
-1.004496e-02 2.600947e-25
-1.004361e-02 2.602720e-25
-1.004226e-02 2.604496e-25
-1.004091e-02 2.606277e-25
-1.003956e-02 2.608061e-25
-1.003821e-02 2.609849e-25
-1.003686e-02 2.611641e-25
-1.003551e-02 2.613436e-25
-1.003416e-02 2.615235e-25
-1.003281e-02 2.617038e-25
-1.003146e-02 2.618844e-25
-1.003011e-02 2.620655e-25
-1.002876e-02 2.622469e-25
-1.002741e-02 2.624286e-25
-1.002606e-02 2.626107e-25
-1.002471e-02 2.627932e-25
-1.002336e-02 2.629761e-25
-1.002201e-02 2.631593e-25
-1.002067e-02 2.633429e-25
-1.001932e-02 2.635268e-25
-1.001797e-02 2.637111e-25
-1.001662e-02 2.638958e-25
-1.001527e-02 2.640808e-25
-1.001392e-02 2.642662e-25
-1.001257e-02 2.644519e-25
-1.001122e-02 2.646380e-25
-1.000987e-02 2.648244e-25
-1.000852e-02 2.650112e-25
-1.000717e-02 2.651984e-25
-1.000582e-02 2.653858e-25
-1.000447e-02 2.655737e-25
-1.000312e-02 2.657619e-25
-1.000177e-02 2.659504e-25
-1.000042e-02 2.661393e-25
-9.999072e-03 2.663285e-25
-9.997722e-03 2.665181e-25
-9.996373e-03 2.667080e-25
-9.995023e-03 2.668983e-25
-9.993673e-03 2.670889e-25
-9.992324e-03 2.672798e-25
-9.990974e-03 2.674711e-25
-9.989625e-03 2.676627e-25
-9.988275e-03 2.678546e-25
-9.986925e-03 2.680469e-25
-9.985576e-03 2.682394e-25
-9.984226e-03 2.684323e-25
-9.982877e-03 2.686256e-25
-9.981527e-03 2.688191e-25
-9.980178e-03 2.690130e-25
-9.978828e-03 2.692072e-25
-9.977478e-03 2.694017e-25
-9.976129e-03 2.695965e-25
-9.974779e-03 2.697917e-25
-9.973430e-03 2.699871e-25
-9.972080e-03 2.701829e-25
-9.970730e-03 2.703790e-25
-9.969381e-03 2.705754e-25
-9.968031e-03 2.707721e-25
-9.966682e-03 2.709691e-25
-9.965332e-03 2.711664e-25
-9.963983e-03 2.713640e-25
-9.962633e-03 2.715619e-25
-9.961283e-03 2.717601e-25
-9.959934e-03 2.719586e-25
-9.958584e-03 2.721574e-25
-9.957235e-03 2.723565e-25
-9.955885e-03 2.725558e-25
-9.954535e-03 2.727555e-25
-9.953186e-03 2.729554e-25
-9.951836e-03 2.731556e-25
-9.950487e-03 2.733561e-25
-9.949137e-03 2.735569e-25
-9.947787e-03 2.737579e-25
-9.946438e-03 2.739592e-25
-9.945088e-03 2.741608e-25
-9.943739e-03 2.743626e-25
-9.942389e-03 2.745648e-25
-9.941040e-03 2.747671e-25
-9.939690e-03 2.749698e-25
-9.938340e-03 2.751727e-25
-9.936991e-03 2.753759e-25
-9.935641e-03 2.755793e-25
-9.934292e-03 2.757830e-25
-9.932942e-03 2.759869e-25
-9.931592e-03 2.761911e-25
-9.930243e-03 2.763956e-25
-9.928893e-03 2.766002e-25
-9.927544e-03 2.768051e-25
-9.926194e-03 2.770103e-25
-9.924845e-03 2.772157e-25
-9.923495e-03 2.774213e-25
-9.922145e-03 2.776272e-25
-9.920796e-03 2.778333e-25
-9.919446e-03 2.780396e-25
-9.918097e-03 2.782461e-25
-9.916747e-03 2.784529e-25
-9.915397e-03 2.786599e-25
-9.914048e-03 2.788671e-25
-9.912698e-03 2.790746e-25
-9.911349e-03 2.792822e-25
-9.909999e-03 2.794901e-25
-9.908650e-03 2.796981e-25
-9.907300e-03 2.799064e-25
-9.905950e-03 2.801149e-25
-9.904601e-03 2.803236e-25
-9.903251e-03 2.805325e-25
-9.901902e-03 2.807416e-25
-9.900552e-03 2.809509e-25
-9.899202e-03 2.811604e-25
-9.897853e-03 2.813701e-25
-9.896503e-03 2.815800e-25
-9.895154e-03 2.817900e-25
-9.893804e-03 2.820003e-25
-9.892455e-03 2.822107e-25
-9.891105e-03 2.824213e-25
-9.889755e-03 2.826321e-25
-9.888406e-03 2.828431e-25
-9.887056e-03 2.830542e-25
-9.885707e-03 2.832655e-25
-9.884357e-03 2.834770e-25
-9.883007e-03 2.836886e-25
-9.881658e-03 2.839004e-25
-9.880308e-03 2.841124e-25
-9.878959e-03 2.843245e-25
-9.877609e-03 2.845368e-25
-9.876260e-03 2.847493e-25
-9.874910e-03 2.849619e-25
-9.873560e-03 2.851746e-25
-9.872211e-03 2.853875e-25
-9.870861e-03 2.856006e-25
-9.869512e-03 2.858138e-25
-9.868162e-03 2.860271e-25
-9.866812e-03 2.862406e-25
-9.865463e-03 2.864542e-25
-9.864113e-03 2.866679e-25
-9.862764e-03 2.868818e-25
-9.861414e-03 2.870958e-25
-9.860065e-03 2.873099e-25
-9.858715e-03 2.875242e-25
-9.857365e-03 2.877385e-25
-9.856016e-03 2.879530e-25
-9.854666e-03 2.881676e-25
-9.853317e-03 2.883824e-25
-9.851967e-03 2.885972e-25
-9.850617e-03 2.888122e-25
-9.849268e-03 2.890273e-25
-9.847918e-03 2.892424e-25
-9.846569e-03 2.894577e-25
-9.845219e-03 2.896731e-25
-9.843869e-03 2.898886e-25
-9.842520e-03 2.901042e-25
-9.841170e-03 2.903199e-25
-9.839821e-03 2.905357e-25
-9.838471e-03 2.907516e-25
-9.837122e-03 2.909676e-25
-9.835772e-03 2.911837e-25
-9.834422e-03 2.913998e-25
-9.833073e-03 2.916161e-25
-9.831723e-03 2.918324e-25
-9.830374e-03 2.920488e-25
-9.829024e-03 2.922653e-25
-9.827674e-03 2.924819e-25
-9.826325e-03 2.926985e-25
-9.824975e-03 2.929152e-25
-9.823626e-03 2.931320e-25
-9.822276e-03 2.933488e-25
-9.820927e-03 2.935658e-25
-9.819577e-03 2.937827e-25
-9.818227e-03 2.939998e-25
-9.816878e-03 2.942169e-25
-9.815528e-03 2.944341e-25
-9.814179e-03 2.946513e-25
-9.812829e-03 2.948686e-25
-9.811479e-03 2.950860e-25
-9.810130e-03 2.953034e-25
-9.808780e-03 2.955209e-25
-9.807431e-03 2.957384e-25
-9.806081e-03 2.959559e-25
-9.804732e-03 2.961736e-25
-9.803382e-03 2.963912e-25
-9.802032e-03 2.966089e-25
-9.800683e-03 2.968266e-25
-9.799333e-03 2.970444e-25
-9.797984e-03 2.972622e-25
-9.796634e-03 2.974801e-25
-9.795284e-03 2.976980e-25
-9.793935e-03 2.979159e-25
-9.792585e-03 2.981338e-25
-9.791236e-03 2.983518e-25
-9.789886e-03 2.985698e-25
-9.788537e-03 2.987879e-25
-9.787187e-03 2.990059e-25
-9.785837e-03 2.992240e-25
-9.784488e-03 2.994422e-25
-9.783138e-03 2.996603e-25
-9.781789e-03 2.998785e-25
-9.780439e-03 3.000967e-25
-9.779089e-03 3.003149e-25
-9.777740e-03 3.005331e-25
-9.776390e-03 3.007513e-25
-9.775041e-03 3.009696e-25
-9.773691e-03 3.011879e-25
-9.772342e-03 3.014062e-25
-9.770992e-03 3.016245e-25
-9.769642e-03 3.018428e-25
-9.768293e-03 3.020611e-25
-9.766943e-03 3.022794e-25
-9.765594e-03 3.024977e-25
-9.764244e-03 3.027161e-25
-9.762894e-03 3.029344e-25
-9.761545e-03 3.031527e-25
-9.760195e-03 3.033711e-25
-9.758846e-03 3.035894e-25
-9.757496e-03 3.038078e-25
-9.756146e-03 3.040261e-25
-9.754797e-03 3.042445e-25
-9.753447e-03 3.044628e-25
-9.752098e-03 3.046812e-25
-9.750748e-03 3.048995e-25
-9.749399e-03 3.051179e-25
-9.748049e-03 3.053362e-25
-9.746699e-03 3.055546e-25
-9.745350e-03 3.057729e-25
-9.744000e-03 3.059912e-25
-9.742651e-03 3.062095e-25
-9.741301e-03 3.064278e-25
-9.739951e-03 3.066461e-25
-9.738602e-03 3.068644e-25
-9.737252e-03 3.070827e-25
-9.735903e-03 3.073009e-25
-9.734553e-03 3.075192e-25
-9.733204e-03 3.077374e-25
-9.731854e-03 3.079557e-25
-9.730504e-03 3.081739e-25
-9.729155e-03 3.083921e-25
-9.727805e-03 3.086103e-25
-9.726456e-03 3.088284e-25
-9.725106e-03 3.090466e-25
-9.723756e-03 3.092647e-25
-9.722407e-03 3.094829e-25
-9.721057e-03 3.097010e-25
-9.719708e-03 3.099191e-25
-9.718358e-03 3.101372e-25
-9.717009e-03 3.103553e-25
-9.715659e-03 3.105733e-25
-9.714309e-03 3.107914e-25
-9.712960e-03 3.110094e-25
-9.711610e-03 3.112274e-25
-9.710261e-03 3.114454e-25
-9.708911e-03 3.116633e-25
-9.707561e-03 3.118813e-25
-9.706212e-03 3.120992e-25
-9.704862e-03 3.123171e-25
-9.703513e-03 3.125350e-25
-9.702163e-03 3.127529e-25
-9.700814e-03 3.129708e-25
-9.699464e-03 3.131886e-25
-9.698114e-03 3.134065e-25
-9.696765e-03 3.136243e-25
-9.695415e-03 3.138421e-25
-9.694066e-03 3.140599e-25
-9.692716e-03 3.142776e-25
-9.691366e-03 3.144954e-25
-9.690017e-03 3.147131e-25
-9.688667e-03 3.149309e-25
-9.687318e-03 3.151486e-25
-9.685968e-03 3.153662e-25
-9.684619e-03 3.155839e-25
-9.683269e-03 3.158016e-25
-9.681919e-03 3.160192e-25
-9.680570e-03 3.162369e-25
-9.679220e-03 3.164545e-25
-9.677871e-03 3.166721e-25
-9.676521e-03 3.168897e-25
-9.675171e-03 3.171072e-25
-9.673822e-03 3.173248e-25
-9.672472e-03 3.175423e-25
-9.671123e-03 3.177599e-25
-9.669773e-03 3.179774e-25
-9.668423e-03 3.181949e-25
-9.667074e-03 3.184124e-25
-9.665724e-03 3.186299e-25
-9.664375e-03 3.188474e-25
-9.663025e-03 3.190649e-25
-9.661676e-03 3.192823e-25
-9.660326e-03 3.194998e-25
-9.658976e-03 3.197173e-25
-9.657627e-03 3.199347e-25
-9.656277e-03 3.201522e-25
-9.654928e-03 3.203696e-25
-9.653578e-03 3.205871e-25
-9.652228e-03 3.208045e-25
-9.650879e-03 3.210219e-25
-9.649529e-03 3.212394e-25
-9.648180e-03 3.214568e-25
-9.646830e-03 3.216742e-25
-9.645481e-03 3.218916e-25
-9.644131e-03 3.221091e-25
-9.642781e-03 3.223265e-25
-9.641432e-03 3.225439e-25
-9.640082e-03 3.227614e-25
-9.638733e-03 3.229788e-25
-9.637383e-03 3.231962e-25
-9.636033e-03 3.234137e-25
-9.634684e-03 3.236311e-25
-9.633334e-03 3.238486e-25
-9.631985e-03 3.240661e-25
-9.630635e-03 3.242836e-25
-9.629286e-03 3.245011e-25
-9.627936e-03 3.247186e-25
-9.626586e-03 3.249361e-25
-9.625237e-03 3.251536e-25
-9.623887e-03 3.253711e-25
-9.622538e-03 3.255887e-25
-9.621188e-03 3.258063e-25
-9.619838e-03 3.260239e-25
-9.618489e-03 3.262415e-25
-9.617139e-03 3.264591e-25
-9.615790e-03 3.266768e-25
-9.614440e-03 3.268944e-25
-9.613091e-03 3.271121e-25
-9.611741e-03 3.273298e-25
-9.610391e-03 3.275476e-25
-9.609042e-03 3.277653e-25
-9.607692e-03 3.279831e-25
-9.606343e-03 3.282009e-25
-9.604993e-03 3.284188e-25
-9.603643e-03 3.286366e-25
-9.602294e-03 3.288545e-25
-9.600944e-03 3.290725e-25
-9.599595e-03 3.292904e-25
-9.598245e-03 3.295084e-25
-9.596896e-03 3.297265e-25
-9.595546e-03 3.299446e-25
-9.594196e-03 3.301627e-25
-9.592847e-03 3.303808e-25
-9.591497e-03 3.305990e-25
-9.590148e-03 3.308172e-25
-9.588798e-03 3.310355e-25
-9.587448e-03 3.312538e-25
-9.586099e-03 3.314722e-25
-9.584749e-03 3.316906e-25
-9.583400e-03 3.319090e-25
-9.582050e-03 3.321275e-25
-9.580701e-03 3.323461e-25
-9.579351e-03 3.325647e-25
-9.578001e-03 3.327833e-25
-9.576652e-03 3.330020e-25
-9.575302e-03 3.332207e-25
-9.573953e-03 3.334395e-25
-9.572603e-03 3.336584e-25
-9.571253e-03 3.338773e-25
-9.569904e-03 3.340963e-25
-9.568554e-03 3.343153e-25
-9.567205e-03 3.345344e-25
-9.565855e-03 3.347536e-25
-9.564505e-03 3.349728e-25
-9.563156e-03 3.351921e-25
-9.561806e-03 3.354114e-25
-9.560457e-03 3.356308e-25
-9.559107e-03 3.358503e-25
-9.557758e-03 3.360698e-25
-9.556408e-03 3.362894e-25
-9.555058e-03 3.365091e-25
-9.553709e-03 3.367289e-25
-9.552359e-03 3.369487e-25
-9.551010e-03 3.371686e-25
-9.549660e-03 3.373886e-25
-9.548310e-03 3.376086e-25
-9.546961e-03 3.378287e-25
-9.545611e-03 3.380490e-25
-9.544262e-03 3.382692e-25
-9.542912e-03 3.384896e-25
-9.541563e-03 3.387100e-25
-9.540213e-03 3.389305e-25
-9.538863e-03 3.391512e-25
-9.537514e-03 3.393718e-25
-9.536164e-03 3.395926e-25
-9.534815e-03 3.398135e-25
-9.533465e-03 3.400344e-25
-9.532115e-03 3.402554e-25
-9.530766e-03 3.404766e-25
-9.529416e-03 3.406978e-25
-9.528067e-03 3.409191e-25
-9.526717e-03 3.411405e-25
-9.525368e-03 3.413620e-25
-9.524018e-03 3.415835e-25
-9.522668e-03 3.418052e-25
-9.521319e-03 3.420270e-25
-9.519969e-03 3.422488e-25
-9.518620e-03 3.424708e-25
-9.517270e-03 3.426929e-25
-9.515920e-03 3.429150e-25
-9.514571e-03 3.431373e-25
-9.513221e-03 3.433596e-25
-9.511872e-03 3.435821e-25
-9.510522e-03 3.438046e-25
-9.509173e-03 3.440273e-25
-9.507823e-03 3.442500e-25
-9.506473e-03 3.444729e-25
-9.505124e-03 3.446958e-25
-9.503774e-03 3.449189e-25
-9.502425e-03 3.451421e-25
-9.501075e-03 3.453654e-25
-9.499725e-03 3.455888e-25
-9.498376e-03 3.458122e-25
-9.497026e-03 3.460358e-25
-9.495677e-03 3.462596e-25
-9.494327e-03 3.464834e-25
-9.492978e-03 3.467073e-25
-9.491628e-03 3.469314e-25
-9.490278e-03 3.471555e-25
-9.488929e-03 3.473798e-25
-9.487579e-03 3.476041e-25
-9.486230e-03 3.478286e-25
-9.484880e-03 3.480532e-25
-9.483530e-03 3.482779e-25
-9.482181e-03 3.485027e-25
-9.480831e-03 3.487277e-25
-9.479482e-03 3.489527e-25
-9.478132e-03 3.491779e-25
-9.476782e-03 3.494031e-25
-9.475433e-03 3.496285e-25
-9.474083e-03 3.498540e-25
-9.472734e-03 3.500796e-25
-9.471384e-03 3.503054e-25
-9.470035e-03 3.505312e-25
-9.468685e-03 3.507572e-25
-9.467335e-03 3.509833e-25
-9.465986e-03 3.512095e-25
-9.464636e-03 3.514358e-25
-9.463287e-03 3.516622e-25
-9.461937e-03 3.518887e-25
-9.460587e-03 3.521154e-25
-9.459238e-03 3.523422e-25
-9.457888e-03 3.525691e-25
-9.456539e-03 3.527961e-25
-9.455189e-03 3.530232e-25
-9.453840e-03 3.532504e-25
-9.452490e-03 3.534777e-25
-9.451140e-03 3.537052e-25
-9.449791e-03 3.539328e-25
-9.448441e-03 3.541605e-25
-9.447092e-03 3.543883e-25
-9.445742e-03 3.546162e-25
-9.444392e-03 3.548442e-25
-9.443043e-03 3.550724e-25
-9.441693e-03 3.553006e-25
-9.440344e-03 3.555290e-25
-9.438994e-03 3.557575e-25
-9.437645e-03 3.559861e-25
-9.436295e-03 3.562148e-25
-9.434945e-03 3.564436e-25
-9.433596e-03 3.566725e-25
-9.432246e-03 3.569016e-25
-9.430897e-03 3.571307e-25
-9.429547e-03 3.573600e-25
-9.428197e-03 3.575893e-25
-9.426848e-03 3.578188e-25
-9.425498e-03 3.580484e-25
-9.424149e-03 3.582781e-25
-9.422799e-03 3.585079e-25
-9.421450e-03 3.587377e-25
-9.420100e-03 3.589677e-25
-9.418750e-03 3.591978e-25
-9.417401e-03 3.594280e-25
-9.416051e-03 3.596583e-25
-9.414702e-03 3.598887e-25
-9.413352e-03 3.601192e-25
-9.412002e-03 3.603498e-25
-9.410653e-03 3.605805e-25
-9.409303e-03 3.608113e-25
-9.407954e-03 3.610422e-25
-9.406604e-03 3.612732e-25
-9.405255e-03 3.615043e-25
-9.403905e-03 3.617355e-25
-9.402555e-03 3.619668e-25
-9.401206e-03 3.621981e-25
-9.399856e-03 3.624296e-25
-9.398507e-03 3.626611e-25
-9.397157e-03 3.628927e-25
-9.395807e-03 3.631244e-25
-9.394458e-03 3.633562e-25
-9.393108e-03 3.635881e-25
-9.391759e-03 3.638201e-25
-9.390409e-03 3.640521e-25
-9.389060e-03 3.642842e-25
-9.387710e-03 3.645164e-25
-9.386360e-03 3.647487e-25
-9.385011e-03 3.649810e-25
-9.383661e-03 3.652134e-25
-9.382312e-03 3.654459e-25
-9.380962e-03 3.656785e-25
-9.379612e-03 3.659111e-25
-9.378263e-03 3.661438e-25
-9.376913e-03 3.663766e-25
-9.375564e-03 3.666094e-25
-9.374214e-03 3.668423e-25
-9.372864e-03 3.670753e-25
-9.371515e-03 3.673083e-25
-9.370165e-03 3.675414e-25
-9.368816e-03 3.677745e-25
-9.367466e-03 3.680077e-25
-9.366117e-03 3.682409e-25
-9.364767e-03 3.684742e-25
-9.363417e-03 3.687075e-25
-9.362068e-03 3.689409e-25
-9.360718e-03 3.691743e-25
-9.359369e-03 3.694078e-25
-9.358019e-03 3.696413e-25
-9.356669e-03 3.698748e-25
-9.355320e-03 3.701084e-25
-9.353970e-03 3.703420e-25
-9.352621e-03 3.705757e-25
-9.351271e-03 3.708093e-25
-9.349922e-03 3.710431e-25
-9.348572e-03 3.712768e-25
-9.347222e-03 3.715106e-25
-9.345873e-03 3.717443e-25
-9.344523e-03 3.719781e-25
-9.343174e-03 3.722120e-25
-9.341824e-03 3.724458e-25
-9.340474e-03 3.726797e-25
-9.339125e-03 3.729135e-25
-9.337775e-03 3.731474e-25
-9.336426e-03 3.733813e-25
-9.335076e-03 3.736152e-25
-9.333727e-03 3.738491e-25
-9.332377e-03 3.740829e-25
-9.331027e-03 3.743168e-25
-9.329678e-03 3.745507e-25
-9.328328e-03 3.747846e-25
-9.326979e-03 3.750184e-25
-9.325629e-03 3.752523e-25
-9.324279e-03 3.754861e-25
-9.322930e-03 3.757199e-25
-9.321580e-03 3.759537e-25
-9.320231e-03 3.761875e-25
-9.318881e-03 3.764212e-25
-9.317532e-03 3.766549e-25
-9.316182e-03 3.768886e-25
-9.314832e-03 3.771223e-25
-9.313483e-03 3.773559e-25
-9.312133e-03 3.775895e-25
-9.310784e-03 3.778231e-25
-9.309434e-03 3.780566e-25
-9.308084e-03 3.782900e-25
-9.306735e-03 3.785234e-25
-9.305385e-03 3.787568e-25
-9.304036e-03 3.789901e-25
-9.302686e-03 3.792233e-25
-9.301337e-03 3.794565e-25
-9.299987e-03 3.796897e-25
-9.298637e-03 3.799227e-25
-9.297288e-03 3.801557e-25
-9.295938e-03 3.803886e-25
-9.294589e-03 3.806215e-25
-9.293239e-03 3.808542e-25
-9.291889e-03 3.810869e-25
-9.290540e-03 3.813195e-25
-9.289190e-03 3.815521e-25
-9.287841e-03 3.817845e-25
-9.286491e-03 3.820168e-25
-9.285141e-03 3.822491e-25
-9.283792e-03 3.824813e-25
-9.282442e-03 3.827133e-25
-9.281093e-03 3.829453e-25
-9.279743e-03 3.831772e-25
-9.278394e-03 3.834089e-25
-9.277044e-03 3.836406e-25
-9.275694e-03 3.838721e-25
-9.274345e-03 3.841035e-25
-9.272995e-03 3.843348e-25
-9.271646e-03 3.845660e-25
-9.270296e-03 3.847970e-25
-9.268946e-03 3.850279e-25
-9.267597e-03 3.852587e-25
-9.266247e-03 3.854893e-25
-9.264898e-03 3.857199e-25
-9.263548e-03 3.859502e-25
-9.262199e-03 3.861804e-25
-9.260849e-03 3.864105e-25
-9.259499e-03 3.866405e-25
-9.258150e-03 3.868703e-25
-9.256800e-03 3.870999e-25
-9.255451e-03 3.873294e-25
-9.254101e-03 3.875587e-25
-9.252751e-03 3.877878e-25
-9.251402e-03 3.880168e-25
-9.250052e-03 3.882456e-25
-9.248703e-03 3.884743e-25
-9.247353e-03 3.887028e-25
-9.246004e-03 3.889311e-25
-9.244654e-03 3.891592e-25
-9.243304e-03 3.893871e-25
-9.241955e-03 3.896148e-25
-9.240605e-03 3.898424e-25
-9.239256e-03 3.900697e-25
-9.237906e-03 3.902969e-25
-9.236556e-03 3.905238e-25
-9.235207e-03 3.907506e-25
-9.233857e-03 3.909771e-25
-9.232508e-03 3.912035e-25
-9.231158e-03 3.914296e-25
-9.229809e-03 3.916555e-25
-9.228459e-03 3.918812e-25
-9.227109e-03 3.921067e-25
-9.225760e-03 3.923320e-25
-9.224410e-03 3.925570e-25
-9.223061e-03 3.927819e-25
-9.221711e-03 3.930065e-25
-9.220361e-03 3.932308e-25
-9.219012e-03 3.934549e-25
-9.217662e-03 3.936788e-25
-9.216313e-03 3.939025e-25
-9.214963e-03 3.941259e-25
-9.213614e-03 3.943490e-25
-9.212264e-03 3.945719e-25
-9.210914e-03 3.947946e-25
-9.209565e-03 3.950170e-25
-9.208215e-03 3.952391e-25
-9.206866e-03 3.954610e-25
-9.205516e-03 3.956826e-25
-9.204166e-03 3.959039e-25
-9.202817e-03 3.961250e-25
-9.201467e-03 3.963458e-25
-9.200118e-03 3.965663e-25
-9.198768e-03 3.967866e-25
-9.197419e-03 3.970066e-25
-9.196069e-03 3.972263e-25
-9.194719e-03 3.974457e-25
-9.193370e-03 3.976648e-25
-9.192020e-03 3.978837e-25
-9.190671e-03 3.981022e-25
-9.189321e-03 3.983205e-25
-9.187971e-03 3.985384e-25
-9.186622e-03 3.987561e-25
-9.185272e-03 3.989735e-25
-9.183923e-03 3.991905e-25
-9.182573e-03 3.994073e-25
-9.181223e-03 3.996237e-25
-9.179874e-03 3.998399e-25
-9.178524e-03 4.000557e-25
-9.177175e-03 4.002712e-25
-9.175825e-03 4.004864e-25
-9.174476e-03 4.007013e-25
-9.173126e-03 4.009158e-25
-9.171776e-03 4.011300e-25
-9.170427e-03 4.013439e-25
-9.169077e-03 4.015575e-25
-9.167728e-03 4.017708e-25
-9.166378e-03 4.019837e-25
-9.165028e-03 4.021963e-25
-9.163679e-03 4.024085e-25
-9.162329e-03 4.026204e-25
-9.160980e-03 4.028320e-25
-9.159630e-03 4.030433e-25
-9.158281e-03 4.032542e-25
-9.156931e-03 4.034647e-25
-9.155581e-03 4.036749e-25
-9.154232e-03 4.038848e-25
-9.152882e-03 4.040943e-25
-9.151533e-03 4.043034e-25
-9.150183e-03 4.045122e-25
-9.148833e-03 4.047207e-25
-9.147484e-03 4.049287e-25
-9.146134e-03 4.051365e-25
-9.144785e-03 4.053438e-25
-9.143435e-03 4.055508e-25
-9.142086e-03 4.057575e-25
-9.140736e-03 4.059637e-25
-9.139386e-03 4.061696e-25
-9.138037e-03 4.063752e-25
-9.136687e-03 4.065804e-25
-9.135338e-03 4.067852e-25
-9.133988e-03 4.069896e-25
-9.132638e-03 4.071937e-25
-9.131289e-03 4.073974e-25
-9.129939e-03 4.076007e-25
-9.128590e-03 4.078036e-25
-9.127240e-03 4.080062e-25
-9.125891e-03 4.082084e-25
-9.124541e-03 4.084102e-25
-9.123191e-03 4.086116e-25
-9.121842e-03 4.088127e-25
-9.120492e-03 4.090133e-25
-9.119143e-03 4.092136e-25
-9.117793e-03 4.094135e-25
-9.116443e-03 4.096130e-25
-9.115094e-03 4.098121e-25
-9.113744e-03 4.100108e-25
-9.112395e-03 4.102092e-25
-9.111045e-03 4.104071e-25
-9.109696e-03 4.106047e-25
-9.108346e-03 4.108019e-25
-9.106996e-03 4.109987e-25
-9.105647e-03 4.111951e-25
-9.104297e-03 4.113911e-25
-9.102948e-03 4.115868e-25
-9.101598e-03 4.117820e-25
-9.100248e-03 4.119769e-25
-9.098899e-03 4.121713e-25
-9.097549e-03 4.123654e-25
-9.096200e-03 4.125591e-25
-9.094850e-03 4.127524e-25
-9.093500e-03 4.129453e-25
-9.092151e-03 4.131378e-25
-9.090801e-03 4.133299e-25
-9.089452e-03 4.135216e-25
-9.088102e-03 4.137129e-25
-9.086753e-03 4.139038e-25
-9.085403e-03 4.140943e-25
-9.084053e-03 4.142845e-25
-9.082704e-03 4.144742e-25
-9.081354e-03 4.146636e-25
-9.080005e-03 4.148526e-25
-9.078655e-03 4.150411e-25
-9.077305e-03 4.152293e-25
-9.075956e-03 4.154171e-25
-9.074606e-03 4.156046e-25
-9.073257e-03 4.157916e-25
-9.071907e-03 4.159782e-25
-9.070558e-03 4.161645e-25
-9.069208e-03 4.163503e-25
-9.067858e-03 4.165358e-25
-9.066509e-03 4.167209e-25
-9.065159e-03 4.169056e-25
-9.063810e-03 4.170900e-25
-9.062460e-03 4.172739e-25
-9.061110e-03 4.174575e-25
-9.059761e-03 4.176406e-25
-9.058411e-03 4.178234e-25
-9.057062e-03 4.180058e-25
-9.055712e-03 4.181879e-25
-9.054363e-03 4.183695e-25
-9.053013e-03 4.185508e-25
-9.051663e-03 4.187317e-25
-9.050314e-03 4.189123e-25
-9.048964e-03 4.190924e-25
-9.047615e-03 4.192722e-25
-9.046265e-03 4.194517e-25
-9.044915e-03 4.196307e-25
-9.043566e-03 4.198094e-25
-9.042216e-03 4.199878e-25
-9.040867e-03 4.201658e-25
-9.039517e-03 4.203434e-25
-9.038168e-03 4.205206e-25
-9.036818e-03 4.206975e-25
-9.035468e-03 4.208741e-25
-9.034119e-03 4.210503e-25
-9.032769e-03 4.212261e-25
-9.031420e-03 4.214016e-25
-9.030070e-03 4.215767e-25
-9.028720e-03 4.217515e-25
-9.027371e-03 4.219259e-25
-9.026021e-03 4.221000e-25
-9.024672e-03 4.222738e-25
-9.023322e-03 4.224472e-25
-9.021973e-03 4.226203e-25
-9.020623e-03 4.227930e-25
-9.019273e-03 4.229654e-25
-9.017924e-03 4.231375e-25
-9.016574e-03 4.233093e-25
-9.015225e-03 4.234807e-25
-9.013875e-03 4.236519e-25
-9.012525e-03 4.238227e-25
-9.011176e-03 4.239931e-25
-9.009826e-03 4.241633e-25
-9.008477e-03 4.243332e-25
-9.007127e-03 4.245027e-25
-9.005777e-03 4.246719e-25
-9.004428e-03 4.248409e-25
-9.003078e-03 4.250095e-25
-9.001729e-03 4.251778e-25
-9.000379e-03 4.253459e-25
-8.999030e-03 4.255136e-25
-8.997680e-03 4.256811e-25
-8.996330e-03 4.258482e-25
-8.994981e-03 4.260151e-25
-8.993631e-03 4.261817e-25
-8.992282e-03 4.263480e-25
-8.990932e-03 4.265141e-25
-8.989582e-03 4.266799e-25
-8.988233e-03 4.268454e-25
-8.986883e-03 4.270106e-25
-8.985534e-03 4.271756e-25
-8.984184e-03 4.273403e-25
-8.982835e-03 4.275048e-25
-8.981485e-03 4.276690e-25
-8.980135e-03 4.278330e-25
-8.978786e-03 4.279967e-25
-8.977436e-03 4.281602e-25
-8.976087e-03 4.283234e-25
-8.974737e-03 4.284864e-25
-8.973387e-03 4.286492e-25
-8.972038e-03 4.288117e-25
-8.970688e-03 4.289741e-25
-8.969339e-03 4.291362e-25
-8.967989e-03 4.292980e-25
-8.966640e-03 4.294597e-25
-8.965290e-03 4.296212e-25
-8.963940e-03 4.297824e-25
-8.962591e-03 4.299435e-25
-8.961241e-03 4.301043e-25
-8.959892e-03 4.302650e-25
-8.958542e-03 4.304254e-25
-8.957192e-03 4.305857e-25
-8.955843e-03 4.307458e-25
-8.954493e-03 4.309058e-25
-8.953144e-03 4.310655e-25
-8.951794e-03 4.312251e-25
-8.950445e-03 4.313845e-25
-8.949095e-03 4.315437e-25
-8.947745e-03 4.317028e-25
-8.946396e-03 4.318618e-25
-8.945046e-03 4.320205e-25
-8.943697e-03 4.321792e-25
-8.942347e-03 4.323377e-25
-8.940997e-03 4.324960e-25
-8.939648e-03 4.326542e-25
-8.938298e-03 4.328123e-25
-8.936949e-03 4.329703e-25
-8.935599e-03 4.331281e-25
-8.934250e-03 4.332859e-25
-8.932900e-03 4.334435e-25
-8.931550e-03 4.336010e-25
-8.930201e-03 4.337584e-25
-8.928851e-03 4.339157e-25
-8.927502e-03 4.340729e-25
-8.926152e-03 4.342300e-25
-8.924802e-03 4.343871e-25
-8.923453e-03 4.345440e-25
-8.922103e-03 4.347009e-25
-8.920754e-03 4.348577e-25
-8.919404e-03 4.350145e-25
-8.918055e-03 4.351712e-25
-8.916705e-03 4.353278e-25
-8.915355e-03 4.354843e-25
-8.914006e-03 4.356409e-25
-8.912656e-03 4.357973e-25
-8.911307e-03 4.359538e-25
-8.909957e-03 4.361101e-25
-8.908607e-03 4.362665e-25
-8.907258e-03 4.364229e-25
-8.905908e-03 4.365792e-25
-8.904559e-03 4.367355e-25
-8.903209e-03 4.368918e-25
-8.901859e-03 4.370480e-25
-8.900510e-03 4.372043e-25
-8.899160e-03 4.373606e-25
-8.897811e-03 4.375169e-25
-8.896461e-03 4.376732e-25
-8.895112e-03 4.378295e-25
-8.893762e-03 4.379858e-25
-8.892412e-03 4.381422e-25
-8.891063e-03 4.382986e-25
-8.889713e-03 4.384550e-25
-8.888364e-03 4.386115e-25
-8.887014e-03 4.387680e-25
-8.885664e-03 4.389245e-25
-8.884315e-03 4.390811e-25
-8.882965e-03 4.392378e-25
-8.881616e-03 4.393946e-25
-8.880266e-03 4.395514e-25
-8.878917e-03 4.397082e-25
-8.877567e-03 4.398652e-25
-8.876217e-03 4.400222e-25
-8.874868e-03 4.401794e-25
-8.873518e-03 4.403366e-25
-8.872169e-03 4.404939e-25
-8.870819e-03 4.406513e-25
-8.869469e-03 4.408089e-25
-8.868120e-03 4.409665e-25
-8.866770e-03 4.411243e-25
-8.865421e-03 4.412821e-25
-8.864071e-03 4.414401e-25
-8.862722e-03 4.415983e-25
-8.861372e-03 4.417565e-25
-8.860022e-03 4.419150e-25
-8.858673e-03 4.420735e-25
-8.857323e-03 4.422322e-25
-8.855974e-03 4.423911e-25
-8.854624e-03 4.425501e-25
-8.853274e-03 4.427093e-25
-8.851925e-03 4.428686e-25
-8.850575e-03 4.430282e-25
-8.849226e-03 4.431879e-25
-8.847876e-03 4.433478e-25
-8.846527e-03 4.435078e-25
-8.845177e-03 4.436681e-25
-8.843827e-03 4.438286e-25
-8.842478e-03 4.439892e-25
-8.841128e-03 4.441501e-25
-8.839779e-03 4.443112e-25
-8.838429e-03 4.444725e-25
-8.837079e-03 4.446340e-25
-8.835730e-03 4.447957e-25
-8.834380e-03 4.449577e-25
-8.833031e-03 4.451199e-25
-8.831681e-03 4.452823e-25
-8.830332e-03 4.454450e-25
-8.828982e-03 4.456079e-25
-8.827632e-03 4.457711e-25
-8.826283e-03 4.459345e-25
-8.824933e-03 4.460982e-25
-8.823584e-03 4.462622e-25
-8.822234e-03 4.464264e-25
-8.820884e-03 4.465909e-25
-8.819535e-03 4.467556e-25
-8.818185e-03 4.469207e-25
-8.816836e-03 4.470860e-25
-8.815486e-03 4.472517e-25
-8.814136e-03 4.474176e-25
-8.812787e-03 4.475838e-25
-8.811437e-03 4.477504e-25
-8.810088e-03 4.479172e-25
-8.808738e-03 4.480843e-25
-8.807389e-03 4.482518e-25
-8.806039e-03 4.484195e-25
-8.804689e-03 4.485876e-25
-8.803340e-03 4.487561e-25
-8.801990e-03 4.489248e-25
-8.800641e-03 4.490939e-25
-8.799291e-03 4.492633e-25
-8.797941e-03 4.494331e-25
-8.796592e-03 4.496032e-25
-8.795242e-03 4.497737e-25
-8.793893e-03 4.499445e-25
-8.792543e-03 4.501157e-25
-8.791194e-03 4.502872e-25
-8.789844e-03 4.504591e-25
-8.788494e-03 4.506314e-25
-8.787145e-03 4.508041e-25
-8.785795e-03 4.509771e-25
-8.784446e-03 4.511505e-25
-8.783096e-03 4.513243e-25
-8.781746e-03 4.514985e-25
-8.780397e-03 4.516730e-25
-8.779047e-03 4.518480e-25
-8.777698e-03 4.520233e-25
-8.776348e-03 4.521991e-25
-8.774999e-03 4.523753e-25
-8.773649e-03 4.525518e-25
-8.772299e-03 4.527288e-25
-8.770950e-03 4.529062e-25
-8.769600e-03 4.530840e-25
-8.768251e-03 4.532622e-25
-8.766901e-03 4.534409e-25
-8.765551e-03 4.536199e-25
-8.764202e-03 4.537995e-25
-8.762852e-03 4.539794e-25
-8.761503e-03 4.541598e-25
-8.760153e-03 4.543406e-25
-8.758804e-03 4.545218e-25
-8.757454e-03 4.547036e-25
-8.756104e-03 4.548857e-25
-8.754755e-03 4.550683e-25
-8.753405e-03 4.552514e-25
-8.752056e-03 4.554349e-25
-8.750706e-03 4.556188e-25
-8.749356e-03 4.558032e-25
-8.748007e-03 4.559881e-25
-8.746657e-03 4.561735e-25
-8.745308e-03 4.563593e-25
-8.743958e-03 4.565456e-25
-8.742609e-03 4.567323e-25
-8.741259e-03 4.569196e-25
-8.739909e-03 4.571073e-25
-8.738560e-03 4.572955e-25
-8.737210e-03 4.574841e-25
-8.735861e-03 4.576733e-25
-8.734511e-03 4.578630e-25
-8.733161e-03 4.580531e-25
-8.731812e-03 4.582437e-25
-8.730462e-03 4.584348e-25
-8.729113e-03 4.586265e-25
-8.727763e-03 4.588186e-25
-8.726414e-03 4.590112e-25
-8.725064e-03 4.592043e-25
-8.723714e-03 4.593979e-25
-8.722365e-03 4.595920e-25
-8.721015e-03 4.597866e-25
-8.719666e-03 4.599818e-25
-8.718316e-03 4.601774e-25
-8.716966e-03 4.603735e-25
-8.715617e-03 4.605702e-25
-8.714267e-03 4.607673e-25
-8.712918e-03 4.609650e-25
-8.711568e-03 4.611632e-25
-8.710218e-03 4.613619e-25
-8.708869e-03 4.615611e-25
-8.707519e-03 4.617609e-25
-8.706170e-03 4.619612e-25
-8.704820e-03 4.621620e-25
-8.703471e-03 4.623633e-25
-8.702121e-03 4.625651e-25
-8.700771e-03 4.627675e-25
-8.699422e-03 4.629704e-25
-8.698072e-03 4.631739e-25
-8.696723e-03 4.633778e-25
-8.695373e-03 4.635823e-25
-8.694023e-03 4.637873e-25
-8.692674e-03 4.639928e-25
-8.691324e-03 4.641989e-25
-8.689975e-03 4.644055e-25
-8.688625e-03 4.646126e-25
-8.687276e-03 4.648203e-25
-8.685926e-03 4.650285e-25
-8.684576e-03 4.652372e-25
-8.683227e-03 4.654465e-25
-8.681877e-03 4.656563e-25
-8.680528e-03 4.658666e-25
-8.679178e-03 4.660775e-25
-8.677828e-03 4.662889e-25
-8.676479e-03 4.665008e-25
-8.675129e-03 4.667133e-25
-8.673780e-03 4.669263e-25
-8.672430e-03 4.671399e-25
-8.671081e-03 4.673540e-25
-8.669731e-03 4.675686e-25
-8.668381e-03 4.677838e-25
-8.667032e-03 4.679995e-25
-8.665682e-03 4.682157e-25
-8.664333e-03 4.684325e-25
-8.662983e-03 4.686498e-25
-8.661633e-03 4.688676e-25
-8.660284e-03 4.690859e-25
-8.658934e-03 4.693048e-25
-8.657585e-03 4.695243e-25
-8.656235e-03 4.697442e-25
-8.654886e-03 4.699647e-25
-8.653536e-03 4.701857e-25
-8.652186e-03 4.704073e-25
-8.650837e-03 4.706293e-25
-8.649487e-03 4.708520e-25
-8.648138e-03 4.710751e-25
-8.646788e-03 4.712988e-25
-8.645438e-03 4.715230e-25
-8.644089e-03 4.717477e-25
-8.642739e-03 4.719729e-25
-8.641390e-03 4.721987e-25
-8.640040e-03 4.724250e-25
-8.638691e-03 4.726518e-25
-8.637341e-03 4.728792e-25
-8.635991e-03 4.731070e-25
-8.634642e-03 4.733354e-25
-8.633292e-03 4.735643e-25
-8.631943e-03 4.737937e-25
-8.630593e-03 4.740236e-25
-8.629243e-03 4.742540e-25
-8.627894e-03 4.744849e-25
-8.626544e-03 4.747164e-25
-8.625195e-03 4.749483e-25
-8.623845e-03 4.751808e-25
-8.622495e-03 4.754137e-25
-8.621146e-03 4.756472e-25
-8.619796e-03 4.758812e-25
-8.618447e-03 4.761156e-25
-8.617097e-03 4.763506e-25
-8.615748e-03 4.765861e-25
-8.614398e-03 4.768220e-25
-8.613048e-03 4.770585e-25
-8.611699e-03 4.772954e-25
-8.610349e-03 4.775329e-25
-8.609000e-03 4.777708e-25
-8.607650e-03 4.780092e-25
-8.606300e-03 4.782481e-25
-8.604951e-03 4.784874e-25
-8.603601e-03 4.787272e-25
-8.602252e-03 4.789676e-25
-8.600902e-03 4.792083e-25
-8.599553e-03 4.794496e-25
-8.598203e-03 4.796913e-25
-8.596853e-03 4.799335e-25
-8.595504e-03 4.801761e-25
-8.594154e-03 4.804193e-25
-8.592805e-03 4.806628e-25
-8.591455e-03 4.809069e-25
-8.590105e-03 4.811513e-25
-8.588756e-03 4.813963e-25
-8.587406e-03 4.816417e-25
-8.586057e-03 4.818875e-25
-8.584707e-03 4.821338e-25
-8.583358e-03 4.823806e-25
-8.582008e-03 4.826278e-25
-8.580658e-03 4.828754e-25
-8.579309e-03 4.831234e-25
-8.577959e-03 4.833719e-25
-8.576610e-03 4.836208e-25
-8.575260e-03 4.838701e-25
-8.573910e-03 4.841199e-25
-8.572561e-03 4.843701e-25
-8.571211e-03 4.846206e-25
-8.569862e-03 4.848716e-25
-8.568512e-03 4.851231e-25
-8.567163e-03 4.853749e-25
-8.565813e-03 4.856271e-25
-8.564463e-03 4.858797e-25
-8.563114e-03 4.861328e-25
-8.561764e-03 4.863862e-25
-8.560415e-03 4.866400e-25
-8.559065e-03 4.868943e-25
-8.557715e-03 4.871489e-25
-8.556366e-03 4.874039e-25
-8.555016e-03 4.876593e-25
-8.553667e-03 4.879150e-25
-8.552317e-03 4.881712e-25
-8.550968e-03 4.884277e-25
-8.549618e-03 4.886846e-25
-8.548268e-03 4.889418e-25
-8.546919e-03 4.891994e-25
-8.545569e-03 4.894574e-25
-8.544220e-03 4.897157e-25
-8.542870e-03 4.899744e-25
-8.541520e-03 4.902335e-25
-8.540171e-03 4.904928e-25
-8.538821e-03 4.907526e-25
-8.537472e-03 4.910126e-25
-8.536122e-03 4.912730e-25
-8.534773e-03 4.915338e-25
-8.533423e-03 4.917948e-25
-8.532073e-03 4.920562e-25
-8.530724e-03 4.923180e-25
-8.529374e-03 4.925800e-25
-8.528025e-03 4.928424e-25
-8.526675e-03 4.931051e-25
-8.525325e-03 4.933681e-25
-8.523976e-03 4.936314e-25
-8.522626e-03 4.938950e-25
-8.521277e-03 4.941589e-25
-8.519927e-03 4.944231e-25
-8.518577e-03 4.946876e-25
-8.517228e-03 4.949524e-25
-8.515878e-03 4.952175e-25
-8.514529e-03 4.954829e-25
-8.513179e-03 4.957485e-25
-8.511830e-03 4.960145e-25
-8.510480e-03 4.962807e-25
-8.509130e-03 4.965471e-25
-8.507781e-03 4.968138e-25
-8.506431e-03 4.970808e-25
-8.505082e-03 4.973481e-25
-8.503732e-03 4.976156e-25
-8.502382e-03 4.978834e-25
-8.501033e-03 4.981514e-25
-8.499683e-03 4.984197e-25
-8.498334e-03 4.986882e-25
-8.496984e-03 4.989570e-25
-8.495635e-03 4.992260e-25
-8.494285e-03 4.994952e-25
-8.492935e-03 4.997647e-25
-8.491586e-03 5.000344e-25
-8.490236e-03 5.003043e-25
-8.488887e-03 5.005745e-25
-8.487537e-03 5.008448e-25
-8.486187e-03 5.011154e-25
-8.484838e-03 5.013862e-25
-8.483488e-03 5.016572e-25
-8.482139e-03 5.019283e-25
-8.480789e-03 5.021997e-25
-8.479440e-03 5.024713e-25
-8.478090e-03 5.027431e-25
-8.476740e-03 5.030151e-25
-8.475391e-03 5.032872e-25
-8.474041e-03 5.035596e-25
-8.472692e-03 5.038321e-25
-8.471342e-03 5.041048e-25
-8.469992e-03 5.043777e-25
-8.468643e-03 5.046508e-25
-8.467293e-03 5.049240e-25
-8.465944e-03 5.051974e-25
-8.464594e-03 5.054710e-25
-8.463245e-03 5.057447e-25
-8.461895e-03 5.060186e-25
-8.460545e-03 5.062926e-25
-8.459196e-03 5.065668e-25
-8.457846e-03 5.068411e-25
-8.456497e-03 5.071156e-25
-8.455147e-03 5.073902e-25
-8.453797e-03 5.076649e-25
-8.452448e-03 5.079398e-25
-8.451098e-03 5.082148e-25
-8.449749e-03 5.084899e-25
-8.448399e-03 5.087652e-25
-8.447050e-03 5.090405e-25
-8.445700e-03 5.093160e-25
-8.444350e-03 5.095917e-25
-8.443001e-03 5.098674e-25
-8.441651e-03 5.101432e-25
-8.440302e-03 5.104192e-25
-8.438952e-03 5.106953e-25
-8.437602e-03 5.109715e-25
-8.436253e-03 5.112477e-25
-8.434903e-03 5.115241e-25
-8.433554e-03 5.118006e-25
-8.432204e-03 5.120772e-25
-8.430854e-03 5.123538e-25
-8.429505e-03 5.126305e-25
-8.428155e-03 5.129074e-25
-8.426806e-03 5.131843e-25
-8.425456e-03 5.134612e-25
-8.424107e-03 5.137383e-25
-8.422757e-03 5.140154e-25
-8.421407e-03 5.142926e-25
-8.420058e-03 5.145699e-25
-8.418708e-03 5.148473e-25
-8.417359e-03 5.151247e-25
-8.416009e-03 5.154021e-25
-8.414659e-03 5.156797e-25
-8.413310e-03 5.159573e-25
-8.411960e-03 5.162349e-25
-8.410611e-03 5.165126e-25
-8.409261e-03 5.167904e-25
-8.407912e-03 5.170682e-25
-8.406562e-03 5.173461e-25
-8.405212e-03 5.176240e-25
-8.403863e-03 5.179019e-25
-8.402513e-03 5.181799e-25
-8.401164e-03 5.184579e-25
-8.399814e-03 5.187360e-25
-8.398464e-03 5.190141e-25
-8.397115e-03 5.192922e-25
-8.395765e-03 5.195704e-25
-8.394416e-03 5.198486e-25
-8.393066e-03 5.201268e-25
-8.391717e-03 5.204050e-25
-8.390367e-03 5.206833e-25
-8.389017e-03 5.209616e-25
-8.387668e-03 5.212399e-25
-8.386318e-03 5.215182e-25
-8.384969e-03 5.217966e-25
-8.383619e-03 5.220750e-25
-8.382269e-03 5.223534e-25
-8.380920e-03 5.226318e-25
-8.379570e-03 5.229102e-25
-8.378221e-03 5.231886e-25
-8.376871e-03 5.234671e-25
-8.375522e-03 5.237455e-25
-8.374172e-03 5.240240e-25
-8.372822e-03 5.243024e-25
-8.371473e-03 5.245809e-25
-8.370123e-03 5.248594e-25
-8.368774e-03 5.251378e-25
-8.367424e-03 5.254163e-25
-8.366074e-03 5.256948e-25
-8.364725e-03 5.259732e-25
-8.363375e-03 5.262517e-25
-8.362026e-03 5.265301e-25
-8.360676e-03 5.268086e-25
-8.359327e-03 5.270870e-25
-8.357977e-03 5.273655e-25
-8.356627e-03 5.276439e-25
-8.355278e-03 5.279223e-25
-8.353928e-03 5.282008e-25
-8.352579e-03 5.284792e-25
-8.351229e-03 5.287576e-25
-8.349879e-03 5.290360e-25
-8.348530e-03 5.293144e-25
-8.347180e-03 5.295927e-25
-8.345831e-03 5.298711e-25
-8.344481e-03 5.301494e-25
-8.343132e-03 5.304278e-25
-8.341782e-03 5.307061e-25
-8.340432e-03 5.309844e-25
-8.339083e-03 5.312627e-25
-8.337733e-03 5.315409e-25
-8.336384e-03 5.318192e-25
-8.335034e-03 5.320974e-25
-8.333684e-03 5.323756e-25
-8.332335e-03 5.326538e-25
-8.330985e-03 5.329320e-25
-8.329636e-03 5.332102e-25
-8.328286e-03 5.334883e-25
-8.326936e-03 5.337665e-25
-8.325587e-03 5.340446e-25
-8.324237e-03 5.343227e-25
-8.322888e-03 5.346008e-25
-8.321538e-03 5.348788e-25
-8.320189e-03 5.351569e-25
-8.318839e-03 5.354349e-25
-8.317489e-03 5.357129e-25
-8.316140e-03 5.359909e-25
-8.314790e-03 5.362689e-25
-8.313441e-03 5.365469e-25
-8.312091e-03 5.368248e-25
-8.310741e-03 5.371027e-25
-8.309392e-03 5.373806e-25
-8.308042e-03 5.376585e-25
-8.306693e-03 5.379364e-25
-8.305343e-03 5.382142e-25
-8.303994e-03 5.384921e-25
-8.302644e-03 5.387699e-25
-8.301294e-03 5.390477e-25
-8.299945e-03 5.393255e-25
-8.298595e-03 5.396033e-25
-8.297246e-03 5.398811e-25
-8.295896e-03 5.401588e-25
-8.294546e-03 5.404366e-25
-8.293197e-03 5.407143e-25
-8.291847e-03 5.409921e-25
-8.290498e-03 5.412698e-25
-8.289148e-03 5.415475e-25
-8.287799e-03 5.418252e-25
-8.286449e-03 5.421029e-25
-8.285099e-03 5.423806e-25
-8.283750e-03 5.426583e-25
-8.282400e-03 5.429360e-25
-8.281051e-03 5.432136e-25
-8.279701e-03 5.434913e-25
-8.278351e-03 5.437690e-25
-8.277002e-03 5.440466e-25
-8.275652e-03 5.443243e-25
-8.274303e-03 5.446020e-25
-8.272953e-03 5.448796e-25
-8.271604e-03 5.451573e-25
-8.270254e-03 5.454350e-25
-8.268904e-03 5.457126e-25
-8.267555e-03 5.459903e-25
-8.266205e-03 5.462680e-25
-8.264856e-03 5.465457e-25
-8.263506e-03 5.468234e-25
-8.262156e-03 5.471011e-25
-8.260807e-03 5.473789e-25
-8.259457e-03 5.476566e-25
-8.258108e-03 5.479344e-25
-8.256758e-03 5.482121e-25
-8.255409e-03 5.484899e-25
-8.254059e-03 5.487677e-25
-8.252709e-03 5.490455e-25
-8.251360e-03 5.493234e-25
-8.250010e-03 5.496012e-25
-8.248661e-03 5.498791e-25
-8.247311e-03 5.501570e-25
-8.245961e-03 5.504349e-25
-8.244612e-03 5.507129e-25
-8.243262e-03 5.509909e-25
-8.241913e-03 5.512689e-25
-8.240563e-03 5.515469e-25
-8.239213e-03 5.518250e-25
-8.237864e-03 5.521031e-25
-8.236514e-03 5.523813e-25
-8.235165e-03 5.526594e-25
-8.233815e-03 5.529377e-25
-8.232466e-03 5.532159e-25
-8.231116e-03 5.534942e-25
-8.229766e-03 5.537726e-25
-8.228417e-03 5.540509e-25
-8.227067e-03 5.543294e-25
-8.225718e-03 5.546079e-25
-8.224368e-03 5.548864e-25
-8.223018e-03 5.551650e-25
-8.221669e-03 5.554436e-25
-8.220319e-03 5.557223e-25
-8.218970e-03 5.560010e-25
-8.217620e-03 5.562798e-25
-8.216271e-03 5.565586e-25
-8.214921e-03 5.568375e-25
-8.213571e-03 5.571165e-25
-8.212222e-03 5.573955e-25
-8.210872e-03 5.576746e-25
-8.209523e-03 5.579537e-25
-8.208173e-03 5.582330e-25
-8.206823e-03 5.585123e-25
-8.205474e-03 5.587916e-25
-8.204124e-03 5.590711e-25
-8.202775e-03 5.593506e-25
-8.201425e-03 5.596301e-25
-8.200076e-03 5.599098e-25
-8.198726e-03 5.601895e-25
-8.197376e-03 5.604694e-25
-8.196027e-03 5.607492e-25
-8.194677e-03 5.610292e-25
-8.193328e-03 5.613093e-25
-8.191978e-03 5.615894e-25
-8.190628e-03 5.618697e-25
-8.189279e-03 5.621500e-25
-8.187929e-03 5.624304e-25
-8.186580e-03 5.627109e-25
-8.185230e-03 5.629915e-25
-8.183881e-03 5.632722e-25
-8.182531e-03 5.635529e-25
-8.181181e-03 5.638338e-25
-8.179832e-03 5.641148e-25
-8.178482e-03 5.643959e-25
-8.177133e-03 5.646771e-25
-8.175783e-03 5.649583e-25
-8.174433e-03 5.652397e-25
-8.173084e-03 5.655212e-25
-8.171734e-03 5.658028e-25
-8.170385e-03 5.660846e-25
-8.169035e-03 5.663664e-25
-8.167686e-03 5.666483e-25
-8.166336e-03 5.669304e-25
-8.164986e-03 5.672125e-25
-8.163637e-03 5.674948e-25
-8.162287e-03 5.677772e-25
-8.160938e-03 5.680597e-25
-8.159588e-03 5.683423e-25
-8.158238e-03 5.686251e-25
-8.156889e-03 5.689079e-25
-8.155539e-03 5.691909e-25
-8.154190e-03 5.694741e-25
-8.152840e-03 5.697573e-25
-8.151490e-03 5.700407e-25
-8.150141e-03 5.703242e-25
-8.148791e-03 5.706078e-25
-8.147442e-03 5.708916e-25
-8.146092e-03 5.711754e-25
-8.144743e-03 5.714595e-25
-8.143393e-03 5.717436e-25
-8.142043e-03 5.720279e-25
-8.140694e-03 5.723123e-25
-8.139344e-03 5.725969e-25
-8.137995e-03 5.728816e-25
-8.136645e-03 5.731664e-25
-8.135295e-03 5.734514e-25
-8.133946e-03 5.737365e-25
-8.132596e-03 5.740217e-25
-8.131247e-03 5.743071e-25
-8.129897e-03 5.745926e-25
-8.128548e-03 5.748783e-25
-8.127198e-03 5.751641e-25
-8.125848e-03 5.754501e-25
-8.124499e-03 5.757362e-25
-8.123149e-03 5.760224e-25
-8.121800e-03 5.763088e-25
-8.120450e-03 5.765953e-25
-8.119100e-03 5.768820e-25
-8.117751e-03 5.771689e-25
-8.116401e-03 5.774558e-25
-8.115052e-03 5.777430e-25
-8.113702e-03 5.780302e-25
-8.112353e-03 5.783177e-25
-8.111003e-03 5.786052e-25
-8.109653e-03 5.788930e-25
-8.108304e-03 5.791808e-25
-8.106954e-03 5.794689e-25
-8.105605e-03 5.797570e-25
-8.104255e-03 5.800454e-25
-8.102905e-03 5.803338e-25
-8.101556e-03 5.806225e-25
-8.100206e-03 5.809112e-25
-8.098857e-03 5.812002e-25
-8.097507e-03 5.814892e-25
-8.096158e-03 5.817785e-25
-8.094808e-03 5.820678e-25
-8.093458e-03 5.823574e-25
-8.092109e-03 5.826470e-25
-8.090759e-03 5.829369e-25
-8.089410e-03 5.832269e-25
-8.088060e-03 5.835170e-25
-8.086710e-03 5.838073e-25
-8.085361e-03 5.840977e-25
-8.084011e-03 5.843883e-25
-8.082662e-03 5.846790e-25
-8.081312e-03 5.849699e-25
-8.079963e-03 5.852609e-25
-8.078613e-03 5.855521e-25
-8.077263e-03 5.858434e-25
-8.075914e-03 5.861349e-25
-8.074564e-03 5.864265e-25
-8.073215e-03 5.867182e-25
-8.071865e-03 5.870101e-25
-8.070515e-03 5.873022e-25
-8.069166e-03 5.875944e-25
-8.067816e-03 5.878867e-25
-8.066467e-03 5.881792e-25
-8.065117e-03 5.884718e-25
-8.063768e-03 5.887645e-25
-8.062418e-03 5.890574e-25
-8.061068e-03 5.893504e-25
-8.059719e-03 5.896436e-25
-8.058369e-03 5.899369e-25
-8.057020e-03 5.902303e-25
-8.055670e-03 5.905239e-25
-8.054320e-03 5.908176e-25
-8.052971e-03 5.911114e-25
-8.051621e-03 5.914054e-25
-8.050272e-03 5.916995e-25
-8.048922e-03 5.919937e-25
-8.047572e-03 5.922881e-25
-8.046223e-03 5.925825e-25
-8.044873e-03 5.928771e-25
-8.043524e-03 5.931718e-25
-8.042174e-03 5.934667e-25
-8.040825e-03 5.937616e-25
-8.039475e-03 5.940567e-25
-8.038125e-03 5.943518e-25
-8.036776e-03 5.946471e-25
-8.035426e-03 5.949425e-25
-8.034077e-03 5.952380e-25
-8.032727e-03 5.955336e-25
-8.031377e-03 5.958294e-25
-8.030028e-03 5.961252e-25
-8.028678e-03 5.964211e-25
-8.027329e-03 5.967172e-25
-8.025979e-03 5.970133e-25
-8.024630e-03 5.973095e-25
-8.023280e-03 5.976058e-25
-8.021930e-03 5.979023e-25
-8.020581e-03 5.981988e-25
-8.019231e-03 5.984954e-25
-8.017882e-03 5.987920e-25
-8.016532e-03 5.990888e-25
-8.015182e-03 5.993856e-25
-8.013833e-03 5.996825e-25
-8.012483e-03 5.999795e-25
-8.011134e-03 6.002766e-25
-8.009784e-03 6.005737e-25
-8.008435e-03 6.008709e-25
-8.007085e-03 6.011682e-25
-8.005735e-03 6.014655e-25
-8.004386e-03 6.017629e-25
-8.003036e-03 6.020603e-25
-8.001687e-03 6.023578e-25
-8.000337e-03 6.026554e-25
-7.998987e-03 6.029530e-25
-7.997638e-03 6.032506e-25
-7.996288e-03 6.035483e-25
-7.994939e-03 6.038461e-25
-7.993589e-03 6.041438e-25
-7.992240e-03 6.044416e-25
-7.990890e-03 6.047395e-25
-7.989540e-03 6.050374e-25
-7.988191e-03 6.053352e-25
-7.986841e-03 6.056332e-25
-7.985492e-03 6.059311e-25
-7.984142e-03 6.062290e-25
-7.982792e-03 6.065270e-25
-7.981443e-03 6.068250e-25
-7.980093e-03 6.071229e-25
-7.978744e-03 6.074209e-25
-7.977394e-03 6.077189e-25
-7.976045e-03 6.080169e-25
-7.974695e-03 6.083148e-25
-7.973345e-03 6.086128e-25
-7.971996e-03 6.089108e-25
-7.970646e-03 6.092087e-25
-7.969297e-03 6.095066e-25
-7.967947e-03 6.098045e-25
-7.966597e-03 6.101024e-25
-7.965248e-03 6.104002e-25
-7.963898e-03 6.106980e-25
-7.962549e-03 6.109958e-25
-7.961199e-03 6.112935e-25
-7.959849e-03 6.115911e-25
-7.958500e-03 6.118888e-25
-7.957150e-03 6.121863e-25
-7.955801e-03 6.124838e-25
-7.954451e-03 6.127813e-25
-7.953102e-03 6.130786e-25
-7.951752e-03 6.133759e-25
-7.950402e-03 6.136732e-25
-7.949053e-03 6.139703e-25
-7.947703e-03 6.142674e-25
-7.946354e-03 6.145644e-25
-7.945004e-03 6.148613e-25
-7.943654e-03 6.151581e-25
-7.942305e-03 6.154549e-25
-7.940955e-03 6.157515e-25
-7.939606e-03 6.160480e-25
-7.938256e-03 6.163444e-25
-7.936907e-03 6.166407e-25
-7.935557e-03 6.169369e-25
-7.934207e-03 6.172330e-25
-7.932858e-03 6.175289e-25
-7.931508e-03 6.178247e-25
-7.930159e-03 6.181204e-25
-7.928809e-03 6.184159e-25
-7.927459e-03 6.187113e-25
-7.926110e-03 6.190065e-25
-7.924760e-03 6.193016e-25
-7.923411e-03 6.195966e-25
-7.922061e-03 6.198914e-25
-7.920712e-03 6.201860e-25
-7.919362e-03 6.204804e-25
-7.918012e-03 6.207747e-25
-7.916663e-03 6.210688e-25
-7.915313e-03 6.213627e-25
-7.913964e-03 6.216565e-25
-7.912614e-03 6.219501e-25
-7.911264e-03 6.222434e-25
-7.909915e-03 6.225366e-25
-7.908565e-03 6.228296e-25
-7.907216e-03 6.231224e-25
-7.905866e-03 6.234149e-25
-7.904517e-03 6.237073e-25
-7.903167e-03 6.239994e-25
-7.901817e-03 6.242913e-25
-7.900468e-03 6.245830e-25
-7.899118e-03 6.248744e-25
-7.897769e-03 6.251656e-25
-7.896419e-03 6.254566e-25
-7.895069e-03 6.257473e-25
-7.893720e-03 6.260378e-25
-7.892370e-03 6.263280e-25
-7.891021e-03 6.266179e-25
-7.889671e-03 6.269077e-25
-7.888322e-03 6.271971e-25
-7.886972e-03 6.274863e-25
-7.885622e-03 6.277752e-25
-7.884273e-03 6.280638e-25
-7.882923e-03 6.283521e-25
-7.881574e-03 6.286402e-25
-7.880224e-03 6.289280e-25
-7.878874e-03 6.292154e-25
-7.877525e-03 6.295026e-25
-7.876175e-03 6.297895e-25
-7.874826e-03 6.300760e-25
-7.873476e-03 6.303623e-25
-7.872127e-03 6.306482e-25
-7.870777e-03 6.309338e-25
-7.869427e-03 6.312190e-25
-7.868078e-03 6.315040e-25
-7.866728e-03 6.317886e-25
-7.865379e-03 6.320729e-25
-7.864029e-03 6.323568e-25
-7.862679e-03 6.326404e-25
-7.861330e-03 6.329236e-25
-7.859980e-03 6.332065e-25
-7.858631e-03 6.334890e-25
-7.857281e-03 6.337712e-25
-7.855931e-03 6.340530e-25
-7.854582e-03 6.343345e-25
-7.853232e-03 6.346155e-25
-7.851883e-03 6.348962e-25
-7.850533e-03 6.351765e-25
-7.849184e-03 6.354564e-25
-7.847834e-03 6.357360e-25
-7.846484e-03 6.360151e-25
-7.845135e-03 6.362938e-25
-7.843785e-03 6.365722e-25
-7.842436e-03 6.368501e-25
-7.841086e-03 6.371276e-25
-7.839736e-03 6.374047e-25
-7.838387e-03 6.376814e-25
-7.837037e-03 6.379577e-25
-7.835688e-03 6.382335e-25
-7.834338e-03 6.385089e-25
-7.832989e-03 6.387839e-25
-7.831639e-03 6.390585e-25
-7.830289e-03 6.393326e-25
-7.828940e-03 6.396063e-25
-7.827590e-03 6.398795e-25
-7.826241e-03 6.401523e-25
-7.824891e-03 6.404247e-25
-7.823541e-03 6.406966e-25
-7.822192e-03 6.409680e-25
-7.820842e-03 6.412390e-25
-7.819493e-03 6.415095e-25
-7.818143e-03 6.417795e-25
-7.816794e-03 6.420491e-25
-7.815444e-03 6.423182e-25
-7.814094e-03 6.425868e-25
-7.812745e-03 6.428549e-25
-7.811395e-03 6.431226e-25
-7.810046e-03 6.433897e-25
-7.808696e-03 6.436564e-25
-7.807346e-03 6.439226e-25
-7.805997e-03 6.441882e-25
-7.804647e-03 6.444534e-25
-7.803298e-03 6.447181e-25
-7.801948e-03 6.449823e-25
-7.800599e-03 6.452460e-25
-7.799249e-03 6.455092e-25
-7.797899e-03 6.457719e-25
-7.796550e-03 6.460340e-25
-7.795200e-03 6.462957e-25
-7.793851e-03 6.465568e-25
-7.792501e-03 6.468174e-25
-7.791151e-03 6.470775e-25
-7.789802e-03 6.473370e-25
-7.788452e-03 6.475961e-25
-7.787103e-03 6.478546e-25
-7.785753e-03 6.481125e-25
-7.784404e-03 6.483699e-25
-7.783054e-03 6.486268e-25
-7.781704e-03 6.488832e-25
-7.780355e-03 6.491390e-25
-7.779005e-03 6.493943e-25
-7.777656e-03 6.496490e-25
-7.776306e-03 6.499032e-25
-7.774956e-03 6.501568e-25
-7.773607e-03 6.504099e-25
-7.772257e-03 6.506624e-25
-7.770908e-03 6.509144e-25
-7.769558e-03 6.511659e-25
-7.768208e-03 6.514168e-25
-7.766859e-03 6.516671e-25
-7.765509e-03 6.519169e-25
-7.764160e-03 6.521661e-25
-7.762810e-03 6.524147e-25
-7.761461e-03 6.526628e-25
-7.760111e-03 6.529104e-25
-7.758761e-03 6.531573e-25
-7.757412e-03 6.534037e-25
-7.756062e-03 6.536496e-25
-7.754713e-03 6.538948e-25
-7.753363e-03 6.541395e-25
-7.752013e-03 6.543836e-25
-7.750664e-03 6.546272e-25
-7.749314e-03 6.548702e-25
-7.747965e-03 6.551126e-25
-7.746615e-03 6.553545e-25
-7.745266e-03 6.555958e-25
-7.743916e-03 6.558365e-25
-7.742566e-03 6.560766e-25
-7.741217e-03 6.563162e-25
-7.739867e-03 6.565552e-25
-7.738518e-03 6.567937e-25
-7.737168e-03 6.570315e-25
-7.735818e-03 6.572688e-25
-7.734469e-03 6.575055e-25
-7.733119e-03 6.577417e-25
-7.731770e-03 6.579773e-25
-7.730420e-03 6.582123e-25
-7.729071e-03 6.584467e-25
-7.727721e-03 6.586805e-25
-7.726371e-03 6.589138e-25
-7.725022e-03 6.591465e-25
-7.723672e-03 6.593787e-25
-7.722323e-03 6.596102e-25
-7.720973e-03 6.598413e-25
-7.719623e-03 6.600717e-25
-7.718274e-03 6.603016e-25
-7.716924e-03 6.605309e-25
-7.715575e-03 6.607596e-25
-7.714225e-03 6.609878e-25
-7.712876e-03 6.612155e-25
-7.711526e-03 6.614425e-25
-7.710176e-03 6.616690e-25
-7.708827e-03 6.618950e-25
-7.707477e-03 6.621204e-25
-7.706128e-03 6.623452e-25
-7.704778e-03 6.625695e-25
-7.703428e-03 6.627932e-25
-7.702079e-03 6.630164e-25
-7.700729e-03 6.632390e-25
-7.699380e-03 6.634610e-25
-7.698030e-03 6.636825e-25
-7.696681e-03 6.639035e-25
-7.695331e-03 6.641239e-25
-7.693981e-03 6.643438e-25
-7.692632e-03 6.645632e-25
-7.691282e-03 6.647820e-25
-7.689933e-03 6.650003e-25
-7.688583e-03 6.652180e-25
-7.687233e-03 6.654352e-25
-7.685884e-03 6.656519e-25
-7.684534e-03 6.658681e-25
-7.683185e-03 6.660838e-25
-7.681835e-03 6.662989e-25
-7.680486e-03 6.665135e-25
-7.679136e-03 6.667276e-25
-7.677786e-03 6.669412e-25
-7.676437e-03 6.671542e-25
-7.675087e-03 6.673668e-25
-7.673738e-03 6.675788e-25
-7.672388e-03 6.677904e-25
-7.671038e-03 6.680014e-25
-7.669689e-03 6.682120e-25
-7.668339e-03 6.684220e-25
-7.666990e-03 6.686316e-25
-7.665640e-03 6.688407e-25
-7.664290e-03 6.690493e-25
-7.662941e-03 6.692574e-25
-7.661591e-03 6.694651e-25
-7.660242e-03 6.696723e-25
-7.658892e-03 6.698790e-25
-7.657543e-03 6.700852e-25
-7.656193e-03 6.702910e-25
-7.654843e-03 6.704963e-25
-7.653494e-03 6.707012e-25
-7.652144e-03 6.709056e-25
-7.650795e-03 6.711096e-25
-7.649445e-03 6.713131e-25
-7.648095e-03 6.715162e-25
-7.646746e-03 6.717189e-25
-7.645396e-03 6.719211e-25
-7.644047e-03 6.721229e-25
-7.642697e-03 6.723243e-25
-7.641348e-03 6.725252e-25
-7.639998e-03 6.727257e-25
-7.638648e-03 6.729259e-25
-7.637299e-03 6.731256e-25
-7.635949e-03 6.733249e-25
-7.634600e-03 6.735238e-25
-7.633250e-03 6.737224e-25
-7.631900e-03 6.739205e-25
-7.630551e-03 6.741183e-25
-7.629201e-03 6.743157e-25
-7.627852e-03 6.745127e-25
-7.626502e-03 6.747093e-25
-7.625153e-03 6.749056e-25
-7.623803e-03 6.751015e-25
-7.622453e-03 6.752971e-25
-7.621104e-03 6.754923e-25
-7.619754e-03 6.756872e-25
-7.618405e-03 6.758817e-25
-7.617055e-03 6.760759e-25
-7.615705e-03 6.762698e-25
-7.614356e-03 6.764633e-25
-7.613006e-03 6.766566e-25
-7.611657e-03 6.768495e-25
-7.610307e-03 6.770421e-25
-7.608958e-03 6.772344e-25
-7.607608e-03 6.774264e-25
-7.606258e-03 6.776181e-25
-7.604909e-03 6.778096e-25
-7.603559e-03 6.780007e-25
-7.602210e-03 6.781916e-25
-7.600860e-03 6.783822e-25
-7.599510e-03 6.785725e-25
-7.598161e-03 6.787626e-25
-7.596811e-03 6.789525e-25
-7.595462e-03 6.791421e-25
-7.594112e-03 6.793314e-25
-7.592763e-03 6.795205e-25
-7.591413e-03 6.797094e-25
-7.590063e-03 6.798981e-25
-7.588714e-03 6.800865e-25
-7.587364e-03 6.802747e-25
-7.586015e-03 6.804628e-25
-7.584665e-03 6.806506e-25
-7.583315e-03 6.808382e-25
-7.581966e-03 6.810256e-25
-7.580616e-03 6.812129e-25
-7.579267e-03 6.814000e-25
-7.577917e-03 6.815869e-25
-7.576567e-03 6.817737e-25
-7.575218e-03 6.819603e-25
-7.573868e-03 6.821467e-25
-7.572519e-03 6.823330e-25
-7.571169e-03 6.825192e-25
-7.569820e-03 6.827052e-25
-7.568470e-03 6.828911e-25
-7.567120e-03 6.830769e-25
-7.565771e-03 6.832626e-25
-7.564421e-03 6.834481e-25
-7.563072e-03 6.836336e-25
-7.561722e-03 6.838190e-25
-7.560372e-03 6.840042e-25
-7.559023e-03 6.841894e-25
-7.557673e-03 6.843746e-25
-7.556324e-03 6.845596e-25
-7.554974e-03 6.847446e-25
-7.553625e-03 6.849295e-25
-7.552275e-03 6.851144e-25
-7.550925e-03 6.852993e-25
-7.549576e-03 6.854841e-25
-7.548226e-03 6.856688e-25
-7.546877e-03 6.858536e-25
-7.545527e-03 6.860383e-25
-7.544177e-03 6.862231e-25
-7.542828e-03 6.864078e-25
-7.541478e-03 6.865925e-25
-7.540129e-03 6.867772e-25
-7.538779e-03 6.869620e-25
-7.537430e-03 6.871467e-25
-7.536080e-03 6.873315e-25
-7.534730e-03 6.875163e-25
-7.533381e-03 6.877012e-25
-7.532031e-03 6.878861e-25
-7.530682e-03 6.880711e-25
-7.529332e-03 6.882561e-25
-7.527982e-03 6.884412e-25
-7.526633e-03 6.886264e-25
-7.525283e-03 6.888116e-25
-7.523934e-03 6.889970e-25
-7.522584e-03 6.891824e-25
-7.521235e-03 6.893679e-25
-7.519885e-03 6.895536e-25
-7.518535e-03 6.897393e-25
-7.517186e-03 6.899252e-25
-7.515836e-03 6.901112e-25
-7.514487e-03 6.902973e-25
-7.513137e-03 6.904835e-25
-7.511787e-03 6.906699e-25
-7.510438e-03 6.908565e-25
-7.509088e-03 6.910432e-25
-7.507739e-03 6.912300e-25
-7.506389e-03 6.914171e-25
-7.505040e-03 6.916043e-25
-7.503690e-03 6.917917e-25
-7.502340e-03 6.919793e-25
-7.500991e-03 6.921670e-25
-7.499641e-03 6.923550e-25
-7.498292e-03 6.925432e-25
-7.496942e-03 6.927316e-25
-7.495592e-03 6.929202e-25
-7.494243e-03 6.931090e-25
-7.492893e-03 6.932981e-25
-7.491544e-03 6.934874e-25
-7.490194e-03 6.936769e-25
-7.488844e-03 6.938667e-25
-7.487495e-03 6.940568e-25
-7.486145e-03 6.942471e-25
-7.484796e-03 6.944376e-25
-7.483446e-03 6.946285e-25
-7.482097e-03 6.948196e-25
-7.480747e-03 6.950110e-25
-7.479397e-03 6.952027e-25
-7.478048e-03 6.953947e-25
-7.476698e-03 6.955870e-25
-7.475349e-03 6.957796e-25
-7.473999e-03 6.959725e-25
-7.472649e-03 6.961657e-25
-7.471300e-03 6.963593e-25
-7.469950e-03 6.965532e-25
-7.468601e-03 6.967474e-25
-7.467251e-03 6.969420e-25
-7.465902e-03 6.971369e-25
-7.464552e-03 6.973321e-25
-7.463202e-03 6.975277e-25
-7.461853e-03 6.977237e-25
-7.460503e-03 6.979200e-25
-7.459154e-03 6.981167e-25
-7.457804e-03 6.983138e-25
-7.456454e-03 6.985113e-25
-7.455105e-03 6.987091e-25
-7.453755e-03 6.989073e-25
-7.452406e-03 6.991060e-25
-7.451056e-03 6.993050e-25
-7.449707e-03 6.995045e-25
-7.448357e-03 6.997043e-25
-7.447007e-03 6.999046e-25
-7.445658e-03 7.001053e-25
-7.444308e-03 7.003065e-25
-7.442959e-03 7.005080e-25
-7.441609e-03 7.007100e-25
-7.440259e-03 7.009124e-25
-7.438910e-03 7.011153e-25
-7.437560e-03 7.013186e-25
-7.436211e-03 7.015224e-25
-7.434861e-03 7.017266e-25
-7.433512e-03 7.019313e-25
-7.432162e-03 7.021365e-25
-7.430812e-03 7.023421e-25
-7.429463e-03 7.025482e-25
-7.428113e-03 7.027548e-25
-7.426764e-03 7.029619e-25
-7.425414e-03 7.031695e-25
-7.424064e-03 7.033775e-25
-7.422715e-03 7.035861e-25
-7.421365e-03 7.037951e-25
-7.420016e-03 7.040047e-25
-7.418666e-03 7.042147e-25
-7.417317e-03 7.044253e-25
-7.415967e-03 7.046364e-25
-7.414617e-03 7.048480e-25
-7.413268e-03 7.050601e-25
-7.411918e-03 7.052727e-25
-7.410569e-03 7.054859e-25
-7.409219e-03 7.056996e-25
-7.407869e-03 7.059139e-25
-7.406520e-03 7.061286e-25
-7.405170e-03 7.063439e-25
-7.403821e-03 7.065598e-25
-7.402471e-03 7.067762e-25
-7.401122e-03 7.069932e-25
-7.399772e-03 7.072107e-25
-7.398422e-03 7.074287e-25
-7.397073e-03 7.076474e-25
-7.395723e-03 7.078665e-25
-7.394374e-03 7.080863e-25
-7.393024e-03 7.083066e-25
-7.391674e-03 7.085275e-25
-7.390325e-03 7.087490e-25
-7.388975e-03 7.089711e-25
-7.387626e-03 7.091937e-25
-7.386276e-03 7.094169e-25
-7.384926e-03 7.096407e-25
-7.383577e-03 7.098650e-25
-7.382227e-03 7.100900e-25
-7.380878e-03 7.103155e-25
-7.379528e-03 7.105416e-25
-7.378179e-03 7.107684e-25
-7.376829e-03 7.109957e-25
-7.375479e-03 7.112236e-25
-7.374130e-03 7.114521e-25
-7.372780e-03 7.116812e-25
-7.371431e-03 7.119109e-25
-7.370081e-03 7.121412e-25
-7.368731e-03 7.123721e-25
-7.367382e-03 7.126037e-25
-7.366032e-03 7.128358e-25
-7.364683e-03 7.130686e-25
-7.363333e-03 7.133019e-25
-7.361984e-03 7.135359e-25
-7.360634e-03 7.137705e-25
-7.359284e-03 7.140056e-25
-7.357935e-03 7.142414e-25
-7.356585e-03 7.144779e-25
-7.355236e-03 7.147149e-25
-7.353886e-03 7.149525e-25
-7.352536e-03 7.151908e-25
-7.351187e-03 7.154297e-25
-7.349837e-03 7.156692e-25
-7.348488e-03 7.159093e-25
-7.347138e-03 7.161500e-25
-7.345789e-03 7.163914e-25
-7.344439e-03 7.166333e-25
-7.343089e-03 7.168759e-25
-7.341740e-03 7.171192e-25
-7.340390e-03 7.173630e-25
-7.339041e-03 7.176075e-25
-7.337691e-03 7.178526e-25
-7.336341e-03 7.180983e-25
-7.334992e-03 7.183446e-25
-7.333642e-03 7.185916e-25
-7.332293e-03 7.188392e-25
-7.330943e-03 7.190873e-25
-7.329594e-03 7.193362e-25
-7.328244e-03 7.195856e-25
-7.326894e-03 7.198356e-25
-7.325545e-03 7.200863e-25
-7.324195e-03 7.203376e-25
-7.322846e-03 7.205895e-25
-7.321496e-03 7.208420e-25
-7.320146e-03 7.210951e-25
-7.318797e-03 7.213488e-25
-7.317447e-03 7.216032e-25
-7.316098e-03 7.218582e-25
-7.314748e-03 7.221137e-25
-7.313399e-03 7.223699e-25
-7.312049e-03 7.226268e-25
-7.310699e-03 7.228842e-25
-7.309350e-03 7.231422e-25
-7.308000e-03 7.234009e-25
-7.306651e-03 7.236601e-25
-7.305301e-03 7.239200e-25
-7.303951e-03 7.241804e-25
-7.302602e-03 7.244415e-25
-7.301252e-03 7.247031e-25
-7.299903e-03 7.249654e-25
-7.298553e-03 7.252282e-25
-7.297203e-03 7.254916e-25
-7.295854e-03 7.257556e-25
-7.294504e-03 7.260203e-25
-7.293155e-03 7.262855e-25
-7.291805e-03 7.265512e-25
-7.290456e-03 7.268176e-25
-7.289106e-03 7.270846e-25
-7.287756e-03 7.273521e-25
-7.286407e-03 7.276203e-25
-7.285057e-03 7.278890e-25
-7.283708e-03 7.281583e-25
-7.282358e-03 7.284281e-25
-7.281008e-03 7.286985e-25
-7.279659e-03 7.289695e-25
-7.278309e-03 7.292411e-25
-7.276960e-03 7.295132e-25
-7.275610e-03 7.297859e-25
-7.274261e-03 7.300591e-25
-7.272911e-03 7.303329e-25
-7.271561e-03 7.306073e-25
-7.270212e-03 7.308822e-25
-7.268862e-03 7.311576e-25
-7.267513e-03 7.314336e-25
-7.266163e-03 7.317101e-25
-7.264813e-03 7.319872e-25
-7.263464e-03 7.322647e-25
-7.262114e-03 7.325429e-25
-7.260765e-03 7.328215e-25
-7.259415e-03 7.331007e-25
-7.258066e-03 7.333805e-25
-7.256716e-03 7.336607e-25
-7.255366e-03 7.339415e-25
-7.254017e-03 7.342227e-25
-7.252667e-03 7.345045e-25
-7.251318e-03 7.347868e-25
-7.249968e-03 7.350697e-25
-7.248618e-03 7.353530e-25
-7.247269e-03 7.356368e-25
-7.245919e-03 7.359211e-25
-7.244570e-03 7.362059e-25
-7.243220e-03 7.364911e-25
-7.241871e-03 7.367769e-25
-7.240521e-03 7.370632e-25
-7.239171e-03 7.373499e-25
-7.237822e-03 7.376371e-25
-7.236472e-03 7.379248e-25
-7.235123e-03 7.382129e-25
-7.233773e-03 7.385015e-25
-7.232423e-03 7.387906e-25
-7.231074e-03 7.390801e-25
-7.229724e-03 7.393701e-25
-7.228375e-03 7.396605e-25
-7.227025e-03 7.399514e-25
-7.225676e-03 7.402428e-25
-7.224326e-03 7.405345e-25
-7.222976e-03 7.408268e-25
-7.221627e-03 7.411194e-25
-7.220277e-03 7.414125e-25
-7.218928e-03 7.417060e-25
-7.217578e-03 7.419999e-25
-7.216228e-03 7.422942e-25
-7.214879e-03 7.425889e-25
-7.213529e-03 7.428841e-25
-7.212180e-03 7.431796e-25
-7.210830e-03 7.434755e-25
-7.209481e-03 7.437719e-25
-7.208131e-03 7.440686e-25
-7.206781e-03 7.443658e-25
-7.205432e-03 7.446633e-25
-7.204082e-03 7.449612e-25
-7.202733e-03 7.452595e-25
-7.201383e-03 7.455581e-25
-7.200033e-03 7.458571e-25
-7.198684e-03 7.461565e-25
-7.197334e-03 7.464563e-25
-7.195985e-03 7.467564e-25
-7.194635e-03 7.470569e-25
-7.193285e-03 7.473577e-25
-7.191936e-03 7.476588e-25
-7.190586e-03 7.479603e-25
-7.189237e-03 7.482621e-25
-7.187887e-03 7.485643e-25
-7.186538e-03 7.488668e-25
-7.185188e-03 7.491696e-25
-7.183838e-03 7.494727e-25
-7.182489e-03 7.497761e-25
-7.181139e-03 7.500799e-25
-7.179790e-03 7.503839e-25
-7.178440e-03 7.506883e-25
-7.177090e-03 7.509930e-25
-7.175741e-03 7.512979e-25
-7.174391e-03 7.516032e-25
-7.173042e-03 7.519087e-25
-7.171692e-03 7.522146e-25
-7.170343e-03 7.525207e-25
-7.168993e-03 7.528270e-25
-7.167643e-03 7.531337e-25
-7.166294e-03 7.534406e-25
-7.164944e-03 7.537478e-25
-7.163595e-03 7.540552e-25
-7.162245e-03 7.543629e-25
-7.160895e-03 7.546708e-25
-7.159546e-03 7.549790e-25
-7.158196e-03 7.552874e-25
-7.156847e-03 7.555960e-25
-7.155497e-03 7.559049e-25
-7.154148e-03 7.562140e-25
-7.152798e-03 7.565233e-25
-7.151448e-03 7.568329e-25
-7.150099e-03 7.571426e-25
-7.148749e-03 7.574526e-25
-7.147400e-03 7.577628e-25
-7.146050e-03 7.580732e-25
-7.144700e-03 7.583838e-25
-7.143351e-03 7.586947e-25
-7.142001e-03 7.590057e-25
-7.140652e-03 7.593169e-25
-7.139302e-03 7.596283e-25
-7.137953e-03 7.599398e-25
-7.136603e-03 7.602516e-25
-7.135253e-03 7.605635e-25
-7.133904e-03 7.608756e-25
-7.132554e-03 7.611879e-25
-7.131205e-03 7.615003e-25
-7.129855e-03 7.618129e-25
-7.128505e-03 7.621256e-25
-7.127156e-03 7.624385e-25
-7.125806e-03 7.627516e-25
-7.124457e-03 7.630647e-25
-7.123107e-03 7.633781e-25
-7.121758e-03 7.636916e-25
-7.120408e-03 7.640052e-25
-7.119058e-03 7.643190e-25
-7.117709e-03 7.646329e-25
-7.116359e-03 7.649469e-25
-7.115010e-03 7.652611e-25
-7.113660e-03 7.655753e-25
-7.112310e-03 7.658897e-25
-7.110961e-03 7.662042e-25
-7.109611e-03 7.665188e-25
-7.108262e-03 7.668336e-25
-7.106912e-03 7.671484e-25
-7.105562e-03 7.674633e-25
-7.104213e-03 7.677783e-25
-7.102863e-03 7.680935e-25
-7.101514e-03 7.684087e-25
-7.100164e-03 7.687240e-25
-7.098815e-03 7.690394e-25
-7.097465e-03 7.693549e-25
-7.096115e-03 7.696705e-25
-7.094766e-03 7.699861e-25
-7.093416e-03 7.703019e-25
-7.092067e-03 7.706177e-25
-7.090717e-03 7.709336e-25
-7.089367e-03 7.712495e-25
-7.088018e-03 7.715655e-25
-7.086668e-03 7.718816e-25
-7.085319e-03 7.721978e-25
-7.083969e-03 7.725140e-25
-7.082620e-03 7.728303e-25
-7.081270e-03 7.731466e-25
-7.079920e-03 7.734630e-25
-7.078571e-03 7.737794e-25
-7.077221e-03 7.740959e-25
-7.075872e-03 7.744124e-25
-7.074522e-03 7.747290e-25
-7.073172e-03 7.750456e-25
-7.071823e-03 7.753623e-25
-7.070473e-03 7.756790e-25
-7.069124e-03 7.759957e-25
-7.067774e-03 7.763125e-25
-7.066425e-03 7.766293e-25
-7.065075e-03 7.769462e-25
-7.063725e-03 7.772630e-25
-7.062376e-03 7.775800e-25
-7.061026e-03 7.778969e-25
-7.059677e-03 7.782139e-25
-7.058327e-03 7.785309e-25
-7.056977e-03 7.788479e-25
-7.055628e-03 7.791649e-25
-7.054278e-03 7.794820e-25
-7.052929e-03 7.797990e-25
-7.051579e-03 7.801161e-25
-7.050230e-03 7.804332e-25
-7.048880e-03 7.807503e-25
-7.047530e-03 7.810675e-25
-7.046181e-03 7.813846e-25
-7.044831e-03 7.817018e-25
-7.043482e-03 7.820190e-25
-7.042132e-03 7.823361e-25
-7.040782e-03 7.826533e-25
-7.039433e-03 7.829705e-25
-7.038083e-03 7.832878e-25
-7.036734e-03 7.836050e-25
-7.035384e-03 7.839222e-25
-7.034035e-03 7.842394e-25
-7.032685e-03 7.845567e-25
-7.031335e-03 7.848739e-25
-7.029986e-03 7.851912e-25
-7.028636e-03 7.855084e-25
-7.027287e-03 7.858257e-25
-7.025937e-03 7.861429e-25
-7.024587e-03 7.864602e-25
-7.023238e-03 7.867774e-25
-7.021888e-03 7.870947e-25
-7.020539e-03 7.874119e-25
-7.019189e-03 7.877292e-25
-7.017840e-03 7.880464e-25
-7.016490e-03 7.883637e-25
-7.015140e-03 7.886809e-25
-7.013791e-03 7.889982e-25
-7.012441e-03 7.893155e-25
-7.011092e-03 7.896327e-25
-7.009742e-03 7.899500e-25
-7.008392e-03 7.902673e-25
-7.007043e-03 7.905845e-25
-7.005693e-03 7.909018e-25
-7.004344e-03 7.912191e-25
-7.002994e-03 7.915363e-25
-7.001644e-03 7.918536e-25
-7.000295e-03 7.921709e-25
-6.998945e-03 7.924882e-25
-6.997596e-03 7.928054e-25
-6.996246e-03 7.931227e-25
-6.994897e-03 7.934400e-25
-6.993547e-03 7.937573e-25
-6.992197e-03 7.940746e-25
-6.990848e-03 7.943919e-25
-6.989498e-03 7.947092e-25
-6.988149e-03 7.950265e-25
-6.986799e-03 7.953438e-25
-6.985449e-03 7.956611e-25
-6.984100e-03 7.959784e-25
-6.982750e-03 7.962958e-25
-6.981401e-03 7.966132e-25
-6.980051e-03 7.969305e-25
-6.978702e-03 7.972479e-25
-6.977352e-03 7.975653e-25
-6.976002e-03 7.978827e-25
-6.974653e-03 7.982002e-25
-6.973303e-03 7.985176e-25
-6.971954e-03 7.988351e-25
-6.970604e-03 7.991526e-25
-6.969254e-03 7.994701e-25
-6.967905e-03 7.997876e-25
-6.966555e-03 8.001051e-25
-6.965206e-03 8.004227e-25
-6.963856e-03 8.007403e-25
-6.962507e-03 8.010579e-25
-6.961157e-03 8.013756e-25
-6.959807e-03 8.016933e-25
-6.958458e-03 8.020110e-25
-6.957108e-03 8.023288e-25
-6.955759e-03 8.026466e-25
-6.954409e-03 8.029644e-25
-6.953059e-03 8.032823e-25
-6.951710e-03 8.036002e-25
-6.950360e-03 8.039182e-25
-6.949011e-03 8.042362e-25
-6.947661e-03 8.045542e-25
-6.946312e-03 8.048723e-25
-6.944962e-03 8.051904e-25
-6.943612e-03 8.055086e-25
-6.942263e-03 8.058269e-25
-6.940913e-03 8.061452e-25
-6.939564e-03 8.064635e-25
-6.938214e-03 8.067819e-25
-6.936864e-03 8.071004e-25
-6.935515e-03 8.074189e-25
-6.934165e-03 8.077375e-25
-6.932816e-03 8.080562e-25
-6.931466e-03 8.083749e-25
-6.930117e-03 8.086937e-25
-6.928767e-03 8.090126e-25
-6.927417e-03 8.093315e-25
-6.926068e-03 8.096505e-25
-6.924718e-03 8.099696e-25
-6.923369e-03 8.102888e-25
-6.922019e-03 8.106081e-25
-6.920669e-03 8.109274e-25
-6.919320e-03 8.112468e-25
-6.917970e-03 8.115664e-25
-6.916621e-03 8.118860e-25
-6.915271e-03 8.122057e-25
-6.913921e-03 8.125254e-25
-6.912572e-03 8.128453e-25
-6.911222e-03 8.131653e-25
-6.909873e-03 8.134854e-25
-6.908523e-03 8.138055e-25
-6.907174e-03 8.141258e-25
-6.905824e-03 8.144462e-25
-6.904474e-03 8.147667e-25
-6.903125e-03 8.150873e-25
-6.901775e-03 8.154080e-25
-6.900426e-03 8.157288e-25
-6.899076e-03 8.160497e-25
-6.897726e-03 8.163708e-25
-6.896377e-03 8.166920e-25
-6.895027e-03 8.170133e-25
-6.893678e-03 8.173347e-25
-6.892328e-03 8.176562e-25
-6.890979e-03 8.179779e-25
-6.889629e-03 8.182997e-25
-6.888279e-03 8.186216e-25
-6.886930e-03 8.189436e-25
-6.885580e-03 8.192658e-25
-6.884231e-03 8.195881e-25
-6.882881e-03 8.199106e-25
-6.881531e-03 8.202332e-25
-6.880182e-03 8.205559e-25
-6.878832e-03 8.208788e-25
-6.877483e-03 8.212018e-25
-6.876133e-03 8.215250e-25
-6.874784e-03 8.218483e-25
-6.873434e-03 8.221718e-25
-6.872084e-03 8.224954e-25
-6.870735e-03 8.228192e-25
-6.869385e-03 8.231431e-25
-6.868036e-03 8.234672e-25
-6.866686e-03 8.237914e-25
-6.865336e-03 8.241158e-25
-6.863987e-03 8.244404e-25
-6.862637e-03 8.247651e-25
-6.861288e-03 8.250900e-25
-6.859938e-03 8.254150e-25
-6.858589e-03 8.257403e-25
-6.857239e-03 8.260656e-25
-6.855889e-03 8.263912e-25
-6.854540e-03 8.267169e-25
-6.853190e-03 8.270428e-25
-6.851841e-03 8.273689e-25
-6.850491e-03 8.276952e-25
-6.849141e-03 8.280216e-25
-6.847792e-03 8.283482e-25
-6.846442e-03 8.286750e-25
-6.845093e-03 8.290019e-25
-6.843743e-03 8.293291e-25
-6.842394e-03 8.296564e-25
-6.841044e-03 8.299839e-25
-6.839694e-03 8.303116e-25
-6.838345e-03 8.306395e-25
-6.836995e-03 8.309676e-25
-6.835646e-03 8.312958e-25
-6.834296e-03 8.316243e-25
-6.832946e-03 8.319529e-25
-6.831597e-03 8.322817e-25
-6.830247e-03 8.326108e-25
-6.828898e-03 8.329400e-25
-6.827548e-03 8.332694e-25
-6.826199e-03 8.335990e-25
-6.824849e-03 8.339287e-25
-6.823499e-03 8.342587e-25
-6.822150e-03 8.345889e-25
-6.820800e-03 8.349193e-25
-6.819451e-03 8.352498e-25
-6.818101e-03 8.355806e-25
-6.816751e-03 8.359115e-25
-6.815402e-03 8.362427e-25
-6.814052e-03 8.365741e-25
-6.812703e-03 8.369056e-25
-6.811353e-03 8.372374e-25
-6.810003e-03 8.375693e-25
-6.808654e-03 8.379014e-25
-6.807304e-03 8.382338e-25
-6.805955e-03 8.385663e-25
-6.804605e-03 8.388991e-25
-6.803256e-03 8.392320e-25
-6.801906e-03 8.395651e-25
-6.800556e-03 8.398985e-25
-6.799207e-03 8.402320e-25
-6.797857e-03 8.405657e-25
-6.796508e-03 8.408996e-25
-6.795158e-03 8.412337e-25
-6.793808e-03 8.415681e-25
-6.792459e-03 8.419026e-25
-6.791109e-03 8.422373e-25
-6.789760e-03 8.425722e-25
-6.788410e-03 8.429072e-25
-6.787061e-03 8.432425e-25
-6.785711e-03 8.435780e-25
-6.784361e-03 8.439137e-25
-6.783012e-03 8.442495e-25
-6.781662e-03 8.445856e-25
-6.780313e-03 8.449218e-25
-6.778963e-03 8.452583e-25
-6.777613e-03 8.455949e-25
-6.776264e-03 8.459317e-25
-6.774914e-03 8.462687e-25
-6.773565e-03 8.466058e-25
-6.772215e-03 8.469432e-25
-6.770866e-03 8.472807e-25
-6.769516e-03 8.476184e-25
-6.768166e-03 8.479563e-25
-6.766817e-03 8.482943e-25
-6.765467e-03 8.486326e-25
-6.764118e-03 8.489710e-25
-6.762768e-03 8.493096e-25
-6.761418e-03 8.496483e-25
-6.760069e-03 8.499872e-25
-6.758719e-03 8.503263e-25
-6.757370e-03 8.506656e-25
-6.756020e-03 8.510050e-25
-6.754671e-03 8.513446e-25
-6.753321e-03 8.516843e-25
-6.751971e-03 8.520242e-25
-6.750622e-03 8.523642e-25
-6.749272e-03 8.527044e-25
-6.747923e-03 8.530448e-25
-6.746573e-03 8.533853e-25
-6.745223e-03 8.537259e-25
-6.743874e-03 8.540667e-25
-6.742524e-03 8.544076e-25
-6.741175e-03 8.547487e-25
-6.739825e-03 8.550899e-25
-6.738476e-03 8.554312e-25
-6.737126e-03 8.557726e-25
-6.735776e-03 8.561142e-25
-6.734427e-03 8.564559e-25
-6.733077e-03 8.567977e-25
-6.731728e-03 8.571397e-25
-6.730378e-03 8.574818e-25
-6.729028e-03 8.578239e-25
-6.727679e-03 8.581662e-25
-6.726329e-03 8.585086e-25
-6.724980e-03 8.588511e-25
-6.723630e-03 8.591937e-25
-6.722280e-03 8.595363e-25
-6.720931e-03 8.598791e-25
-6.719581e-03 8.602220e-25
-6.718232e-03 8.605649e-25
-6.716882e-03 8.609079e-25
-6.715533e-03 8.612510e-25
-6.714183e-03 8.615942e-25
-6.712833e-03 8.619374e-25
-6.711484e-03 8.622807e-25
-6.710134e-03 8.626240e-25
-6.708785e-03 8.629675e-25
-6.707435e-03 8.633109e-25
-6.706085e-03 8.636544e-25
-6.704736e-03 8.639980e-25
-6.703386e-03 8.643416e-25
-6.702037e-03 8.646853e-25
-6.700687e-03 8.650290e-25
-6.699338e-03 8.653727e-25
-6.697988e-03 8.657164e-25
-6.696638e-03 8.660602e-25
-6.695289e-03 8.664039e-25
-6.693939e-03 8.667477e-25
-6.692590e-03 8.670915e-25
-6.691240e-03 8.674353e-25
-6.689890e-03 8.677791e-25
-6.688541e-03 8.681228e-25
-6.687191e-03 8.684666e-25
-6.685842e-03 8.688103e-25
-6.684492e-03 8.691541e-25
-6.683143e-03 8.694978e-25
-6.681793e-03 8.698414e-25
-6.680443e-03 8.701851e-25
-6.679094e-03 8.705287e-25
-6.677744e-03 8.708722e-25
-6.676395e-03 8.712157e-25
-6.675045e-03 8.715592e-25
-6.673695e-03 8.719026e-25
-6.672346e-03 8.722459e-25
-6.670996e-03 8.725892e-25
-6.669647e-03 8.729324e-25
-6.668297e-03 8.732755e-25
-6.666948e-03 8.736185e-25
-6.665598e-03 8.739614e-25
-6.664248e-03 8.743043e-25
-6.662899e-03 8.746470e-25
-6.661549e-03 8.749896e-25
-6.660200e-03 8.753321e-25
-6.658850e-03 8.756745e-25
-6.657500e-03 8.760168e-25
-6.656151e-03 8.763590e-25
-6.654801e-03 8.767010e-25
-6.653452e-03 8.770429e-25
-6.652102e-03 8.773846e-25
-6.650753e-03 8.777262e-25
-6.649403e-03 8.780677e-25
-6.648053e-03 8.784090e-25
-6.646704e-03 8.787501e-25
-6.645354e-03 8.790911e-25
-6.644005e-03 8.794318e-25
-6.642655e-03 8.797724e-25
-6.641305e-03 8.801129e-25
-6.639956e-03 8.804531e-25
-6.638606e-03 8.807931e-25
-6.637257e-03 8.811329e-25
-6.635907e-03 8.814725e-25
-6.634557e-03 8.818119e-25
-6.633208e-03 8.821511e-25
-6.631858e-03 8.824900e-25
-6.630509e-03 8.828287e-25
-6.629159e-03 8.831672e-25
-6.627810e-03 8.835055e-25
-6.626460e-03 8.838435e-25
-6.625110e-03 8.841812e-25
-6.623761e-03 8.845187e-25
-6.622411e-03 8.848559e-25
-6.621062e-03 8.851929e-25
-6.619712e-03 8.855296e-25
-6.618362e-03 8.858660e-25
-6.617013e-03 8.862021e-25
-6.615663e-03 8.865379e-25
-6.614314e-03 8.868735e-25
-6.612964e-03 8.872087e-25
-6.611615e-03 8.875436e-25
-6.610265e-03 8.878782e-25
-6.608915e-03 8.882124e-25
-6.607566e-03 8.885464e-25
-6.606216e-03 8.888800e-25
-6.604867e-03 8.892133e-25
-6.603517e-03 8.895462e-25
-6.602167e-03 8.898788e-25
-6.600818e-03 8.902110e-25
-6.599468e-03 8.905429e-25
-6.598119e-03 8.908744e-25
-6.596769e-03 8.912056e-25
-6.595420e-03 8.915364e-25
-6.594070e-03 8.918668e-25
-6.592720e-03 8.921968e-25
-6.591371e-03 8.925264e-25
-6.590021e-03 8.928556e-25
-6.588672e-03 8.931844e-25
-6.587322e-03 8.935129e-25
-6.585972e-03 8.938409e-25
-6.584623e-03 8.941684e-25
-6.583273e-03 8.944956e-25
-6.581924e-03 8.948223e-25
-6.580574e-03 8.951486e-25
-6.579225e-03 8.954745e-25
-6.577875e-03 8.957999e-25
-6.576525e-03 8.961248e-25
-6.575176e-03 8.964493e-25
-6.573826e-03 8.967734e-25
-6.572477e-03 8.970970e-25
-6.571127e-03 8.974201e-25
-6.569777e-03 8.977428e-25
-6.568428e-03 8.980649e-25
-6.567078e-03 8.983866e-25
-6.565729e-03 8.987078e-25
-6.564379e-03 8.990286e-25
-6.563030e-03 8.993488e-25
-6.561680e-03 8.996685e-25
-6.560330e-03 8.999877e-25
-6.558981e-03 9.003064e-25
-6.557631e-03 9.006246e-25
-6.556282e-03 9.009422e-25
-6.554932e-03 9.012593e-25
-6.553582e-03 9.015759e-25
-6.552233e-03 9.018920e-25
-6.550883e-03 9.022075e-25
-6.549534e-03 9.025225e-25
-6.548184e-03 9.028370e-25
-6.546835e-03 9.031509e-25
-6.545485e-03 9.034642e-25
-6.544135e-03 9.037770e-25
-6.542786e-03 9.040893e-25
-6.541436e-03 9.044010e-25
-6.540087e-03 9.047121e-25
-6.538737e-03 9.050226e-25
-6.537387e-03 9.053326e-25
-6.536038e-03 9.056420e-25
-6.534688e-03 9.059507e-25
-6.533339e-03 9.062590e-25
-6.531989e-03 9.065666e-25
-6.530639e-03 9.068736e-25
-6.529290e-03 9.071800e-25
-6.527940e-03 9.074858e-25
-6.526591e-03 9.077910e-25
-6.525241e-03 9.080956e-25
-6.523892e-03 9.083996e-25
-6.522542e-03 9.087030e-25
-6.521192e-03 9.090058e-25
-6.519843e-03 9.093080e-25
-6.518493e-03 9.096095e-25
-6.517144e-03 9.099104e-25
-6.515794e-03 9.102107e-25
-6.514444e-03 9.105104e-25
-6.513095e-03 9.108094e-25
-6.511745e-03 9.111078e-25
-6.510396e-03 9.114056e-25
-6.509046e-03 9.117027e-25
-6.507697e-03 9.119992e-25
-6.506347e-03 9.122951e-25
-6.504997e-03 9.125903e-25
-6.503648e-03 9.128849e-25
-6.502298e-03 9.131788e-25
-6.500949e-03 9.134720e-25
-6.499599e-03 9.137646e-25
-6.498249e-03 9.140566e-25
-6.496900e-03 9.143479e-25
-6.495550e-03 9.146386e-25
-6.494201e-03 9.149286e-25
-6.492851e-03 9.152180e-25
-6.491502e-03 9.155067e-25
-6.490152e-03 9.157947e-25
-6.488802e-03 9.160821e-25
-6.487453e-03 9.163688e-25
-6.486103e-03 9.166549e-25
-6.484754e-03 9.169403e-25
-6.483404e-03 9.172251e-25
-6.482054e-03 9.175092e-25
-6.480705e-03 9.177926e-25
-6.479355e-03 9.180754e-25
-6.478006e-03 9.183574e-25
-6.476656e-03 9.186389e-25
-6.475307e-03 9.189196e-25
-6.473957e-03 9.191997e-25
-6.472607e-03 9.194792e-25
-6.471258e-03 9.197579e-25
-6.469908e-03 9.200361e-25
-6.468559e-03 9.203135e-25
-6.467209e-03 9.205903e-25
-6.465859e-03 9.208664e-25
-6.464510e-03 9.211419e-25
-6.463160e-03 9.214167e-25
-6.461811e-03 9.216909e-25
-6.460461e-03 9.219644e-25
-6.459112e-03 9.222372e-25
-6.457762e-03 9.225094e-25
-6.456412e-03 9.227810e-25
-6.455063e-03 9.230518e-25
-6.453713e-03 9.233221e-25
-6.452364e-03 9.235916e-25
-6.451014e-03 9.238605e-25
-6.449664e-03 9.241288e-25
-6.448315e-03 9.243964e-25
-6.446965e-03 9.246634e-25
-6.445616e-03 9.249298e-25
-6.444266e-03 9.251955e-25
-6.442916e-03 9.254605e-25
-6.441567e-03 9.257250e-25
-6.440217e-03 9.259888e-25
-6.438868e-03 9.262519e-25
-6.437518e-03 9.265145e-25
-6.436169e-03 9.267764e-25
-6.434819e-03 9.270377e-25
-6.433469e-03 9.272984e-25
-6.432120e-03 9.275585e-25
-6.430770e-03 9.278179e-25
-6.429421e-03 9.280767e-25
-6.428071e-03 9.283350e-25
-6.426721e-03 9.285926e-25
-6.425372e-03 9.288496e-25
-6.424022e-03 9.291060e-25
-6.422673e-03 9.293618e-25
-6.421323e-03 9.296171e-25
-6.419974e-03 9.298717e-25
-6.418624e-03 9.301258e-25
-6.417274e-03 9.303793e-25
-6.415925e-03 9.306322e-25
-6.414575e-03 9.308845e-25
-6.413226e-03 9.311363e-25
-6.411876e-03 9.313875e-25
-6.410526e-03 9.316382e-25
-6.409177e-03 9.318883e-25
-6.407827e-03 9.321378e-25
-6.406478e-03 9.323868e-25
-6.405128e-03 9.326353e-25
-6.403779e-03 9.328832e-25
-6.402429e-03 9.331307e-25
-6.401079e-03 9.333775e-25
-6.399730e-03 9.336239e-25
-6.398380e-03 9.338697e-25
-6.397031e-03 9.341151e-25
-6.395681e-03 9.343599e-25
-6.394331e-03 9.346042e-25
-6.392982e-03 9.348480e-25
-6.391632e-03 9.350914e-25
-6.390283e-03 9.353342e-25
-6.388933e-03 9.355766e-25
-6.387584e-03 9.358185e-25
-6.386234e-03 9.360600e-25
-6.384884e-03 9.363010e-25
-6.383535e-03 9.365415e-25
-6.382185e-03 9.367816e-25
-6.380836e-03 9.370213e-25
-6.379486e-03 9.372605e-25
-6.378136e-03 9.374993e-25
-6.376787e-03 9.377376e-25
-6.375437e-03 9.379756e-25
-6.374088e-03 9.382131e-25
-6.372738e-03 9.384503e-25
-6.371389e-03 9.386870e-25
-6.370039e-03 9.389234e-25
-6.368689e-03 9.391593e-25
-6.367340e-03 9.393949e-25
-6.365990e-03 9.396301e-25
-6.364641e-03 9.398650e-25
-6.363291e-03 9.400995e-25
-6.361941e-03 9.403337e-25
-6.360592e-03 9.405675e-25
-6.359242e-03 9.408010e-25
-6.357893e-03 9.410342e-25
-6.356543e-03 9.412670e-25
-6.355194e-03 9.414996e-25
-6.353844e-03 9.417318e-25
-6.352494e-03 9.419637e-25
-6.351145e-03 9.421954e-25
-6.349795e-03 9.424268e-25
-6.348446e-03 9.426579e-25
-6.347096e-03 9.428887e-25
-6.345746e-03 9.431193e-25
-6.344397e-03 9.433496e-25
-6.343047e-03 9.435797e-25
-6.341698e-03 9.438095e-25
-6.340348e-03 9.440392e-25
-6.338998e-03 9.442686e-25
-6.337649e-03 9.444978e-25
-6.336299e-03 9.447268e-25
-6.334950e-03 9.449556e-25
-6.333600e-03 9.451842e-25
-6.332251e-03 9.454127e-25
-6.330901e-03 9.456410e-25
-6.329551e-03 9.458691e-25
-6.328202e-03 9.460971e-25
-6.326852e-03 9.463249e-25
-6.325503e-03 9.465527e-25
-6.324153e-03 9.467802e-25
-6.322803e-03 9.470077e-25
-6.321454e-03 9.472351e-25
-6.320104e-03 9.474623e-25
-6.318755e-03 9.476895e-25
-6.317405e-03 9.479166e-25
-6.316056e-03 9.481437e-25
-6.314706e-03 9.483706e-25
-6.313356e-03 9.485975e-25
-6.312007e-03 9.488244e-25
-6.310657e-03 9.490512e-25
-6.309308e-03 9.492780e-25
-6.307958e-03 9.495048e-25
-6.306608e-03 9.497316e-25
-6.305259e-03 9.499584e-25
-6.303909e-03 9.501852e-25
-6.302560e-03 9.504120e-25
-6.301210e-03 9.506388e-25
-6.299861e-03 9.508657e-25
-6.298511e-03 9.510927e-25
-6.297161e-03 9.513196e-25
-6.295812e-03 9.515467e-25
-6.294462e-03 9.517738e-25
-6.293113e-03 9.520010e-25
-6.291763e-03 9.522283e-25
-6.290413e-03 9.524557e-25
-6.289064e-03 9.526832e-25
-6.287714e-03 9.529108e-25
-6.286365e-03 9.531386e-25
-6.285015e-03 9.533665e-25
-6.283666e-03 9.535945e-25
-6.282316e-03 9.538227e-25
-6.280966e-03 9.540511e-25
-6.279617e-03 9.542796e-25
-6.278267e-03 9.545084e-25
-6.276918e-03 9.547373e-25
-6.275568e-03 9.549664e-25
-6.274218e-03 9.551957e-25
-6.272869e-03 9.554252e-25
-6.271519e-03 9.556550e-25
-6.270170e-03 9.558850e-25
-6.268820e-03 9.561153e-25
-6.267471e-03 9.563458e-25
-6.266121e-03 9.565766e-25
-6.264771e-03 9.568076e-25
-6.263422e-03 9.570390e-25
-6.262072e-03 9.572706e-25
-6.260723e-03 9.575025e-25
-6.259373e-03 9.577348e-25
-6.258023e-03 9.579673e-25
-6.256674e-03 9.582002e-25
-6.255324e-03 9.584334e-25
-6.253975e-03 9.586670e-25
-6.252625e-03 9.589009e-25
-6.251275e-03 9.591352e-25
-6.249926e-03 9.593698e-25
-6.248576e-03 9.596048e-25
-6.247227e-03 9.598403e-25
-6.245877e-03 9.600761e-25
-6.244528e-03 9.603123e-25
-6.243178e-03 9.605489e-25
-6.241828e-03 9.607860e-25
-6.240479e-03 9.610235e-25
-6.239129e-03 9.612614e-25
-6.237780e-03 9.614998e-25
-6.236430e-03 9.617386e-25
-6.235080e-03 9.619779e-25
-6.233731e-03 9.622177e-25
-6.232381e-03 9.624580e-25
-6.231032e-03 9.626987e-25
-6.229682e-03 9.629399e-25
-6.228333e-03 9.631817e-25
-6.226983e-03 9.634239e-25
-6.225633e-03 9.636667e-25
-6.224284e-03 9.639100e-25
-6.222934e-03 9.641539e-25
-6.221585e-03 9.643983e-25
-6.220235e-03 9.646432e-25
-6.218885e-03 9.648887e-25
-6.217536e-03 9.651348e-25
-6.216186e-03 9.653815e-25
-6.214837e-03 9.656287e-25
-6.213487e-03 9.658766e-25
-6.212138e-03 9.661250e-25
-6.210788e-03 9.663740e-25
-6.209438e-03 9.666237e-25
-6.208089e-03 9.668739e-25
-6.206739e-03 9.671248e-25
-6.205390e-03 9.673764e-25
-6.204040e-03 9.676285e-25
-6.202690e-03 9.678814e-25
-6.201341e-03 9.681348e-25
-6.199991e-03 9.683890e-25
-6.198642e-03 9.686438e-25
-6.197292e-03 9.688992e-25
-6.195943e-03 9.691554e-25
-6.194593e-03 9.694123e-25
-6.193243e-03 9.696698e-25
-6.191894e-03 9.699281e-25
-6.190544e-03 9.701871e-25
-6.189195e-03 9.704467e-25
-6.187845e-03 9.707071e-25
-6.186495e-03 9.709683e-25
-6.185146e-03 9.712301e-25
-6.183796e-03 9.714927e-25
-6.182447e-03 9.717561e-25
-6.181097e-03 9.720202e-25
-6.179748e-03 9.722850e-25
-6.178398e-03 9.725506e-25
-6.177048e-03 9.728170e-25
-6.175699e-03 9.730842e-25
-6.174349e-03 9.733521e-25
-6.173000e-03 9.736208e-25
-6.171650e-03 9.738903e-25
-6.170300e-03 9.741606e-25
-6.168951e-03 9.744317e-25
-6.167601e-03 9.747036e-25
-6.166252e-03 9.749763e-25
-6.164902e-03 9.752498e-25
-6.163553e-03 9.755242e-25
-6.162203e-03 9.757993e-25
-6.160853e-03 9.760753e-25
-6.159504e-03 9.763521e-25
-6.158154e-03 9.766298e-25
-6.156805e-03 9.769083e-25
-6.155455e-03 9.771876e-25
-6.154105e-03 9.774678e-25
-6.152756e-03 9.777488e-25
-6.151406e-03 9.780307e-25
-6.150057e-03 9.783134e-25
-6.148707e-03 9.785970e-25
-6.147357e-03 9.788814e-25
-6.146008e-03 9.791668e-25
-6.144658e-03 9.794530e-25
-6.143309e-03 9.797400e-25
-6.141959e-03 9.800280e-25
-6.140610e-03 9.803168e-25
-6.139260e-03 9.806066e-25
-6.137910e-03 9.808972e-25
-6.136561e-03 9.811887e-25
-6.135211e-03 9.814811e-25
-6.133862e-03 9.817744e-25
-6.132512e-03 9.820685e-25
-6.131162e-03 9.823636e-25
-6.129813e-03 9.826596e-25
-6.128463e-03 9.829565e-25
-6.127114e-03 9.832542e-25
-6.125764e-03 9.835529e-25
-6.124415e-03 9.838525e-25
-6.123065e-03 9.841530e-25
-6.121715e-03 9.844544e-25
-6.120366e-03 9.847567e-25
-6.119016e-03 9.850599e-25
-6.117667e-03 9.853641e-25
-6.116317e-03 9.856692e-25
-6.114967e-03 9.859752e-25
-6.113618e-03 9.862821e-25
-6.112268e-03 9.865899e-25
-6.110919e-03 9.868987e-25
-6.109569e-03 9.872083e-25
-6.108220e-03 9.875189e-25
-6.106870e-03 9.878304e-25
-6.105520e-03 9.881428e-25
-6.104171e-03 9.884562e-25
-6.102821e-03 9.887704e-25
-6.101472e-03 9.890856e-25
-6.100122e-03 9.894017e-25
-6.098772e-03 9.897187e-25
-6.097423e-03 9.900366e-25
-6.096073e-03 9.903555e-25
-6.094724e-03 9.906753e-25
-6.093374e-03 9.909959e-25
-6.092025e-03 9.913176e-25
-6.090675e-03 9.916401e-25
-6.089325e-03 9.919635e-25
-6.087976e-03 9.922879e-25
-6.086626e-03 9.926132e-25
-6.085277e-03 9.929394e-25
-6.083927e-03 9.932665e-25
-6.082577e-03 9.935945e-25
-6.081228e-03 9.939234e-25
-6.079878e-03 9.942533e-25
-6.078529e-03 9.945840e-25
-6.077179e-03 9.949156e-25
-6.075830e-03 9.952482e-25
-6.074480e-03 9.955816e-25
-6.073130e-03 9.959159e-25
-6.071781e-03 9.962511e-25
-6.070431e-03 9.965872e-25
-6.069082e-03 9.969243e-25
-6.067732e-03 9.972622e-25
-6.066382e-03 9.976010e-25
-6.065033e-03 9.979406e-25
-6.063683e-03 9.982812e-25
-6.062334e-03 9.986227e-25
-6.060984e-03 9.989650e-25
-6.059634e-03 9.993082e-25
-6.058285e-03 9.996523e-25
-6.056935e-03 9.999972e-25
-6.055586e-03 1.000343e-24
-6.054236e-03 1.000690e-24
-6.052887e-03 1.001037e-24
-6.051537e-03 1.001386e-24
-6.050187e-03 1.001735e-24
-6.048838e-03 1.002085e-24
-6.047488e-03 1.002436e-24
-6.046139e-03 1.002788e-24
-6.044789e-03 1.003140e-24
-6.043439e-03 1.003494e-24
-6.042090e-03 1.003848e-24
-6.040740e-03 1.004203e-24
-6.039391e-03 1.004559e-24
-6.038041e-03 1.004916e-24
-6.036692e-03 1.005274e-24
-6.035342e-03 1.005632e-24
-6.033992e-03 1.005992e-24
-6.032643e-03 1.006352e-24
-6.031293e-03 1.006713e-24
-6.029944e-03 1.007074e-24
-6.028594e-03 1.007437e-24
-6.027244e-03 1.007800e-24
-6.025895e-03 1.008164e-24
-6.024545e-03 1.008529e-24
-6.023196e-03 1.008895e-24
-6.021846e-03 1.009261e-24
-6.020497e-03 1.009628e-24
-6.019147e-03 1.009996e-24
-6.017797e-03 1.010365e-24
-6.016448e-03 1.010735e-24
-6.015098e-03 1.011105e-24
-6.013749e-03 1.011476e-24
-6.012399e-03 1.011848e-24
-6.011049e-03 1.012220e-24
-6.009700e-03 1.012594e-24
-6.008350e-03 1.012968e-24
-6.007001e-03 1.013342e-24
-6.005651e-03 1.013718e-24
-6.004302e-03 1.014094e-24
-6.002952e-03 1.014471e-24
-6.001602e-03 1.014848e-24
-6.000253e-03 1.015226e-24
-5.998903e-03 1.015605e-24
-5.997554e-03 1.015985e-24
-5.996204e-03 1.016365e-24
-5.994854e-03 1.016746e-24
-5.993505e-03 1.017128e-24
-5.992155e-03 1.017510e-24
-5.990806e-03 1.017893e-24
-5.989456e-03 1.018277e-24
-5.988107e-03 1.018661e-24
-5.986757e-03 1.019046e-24
-5.985407e-03 1.019432e-24
-5.984058e-03 1.019818e-24
-5.982708e-03 1.020205e-24
-5.981359e-03 1.020593e-24
-5.980009e-03 1.020981e-24
-5.978659e-03 1.021370e-24
-5.977310e-03 1.021759e-24
-5.975960e-03 1.022149e-24
-5.974611e-03 1.022540e-24
-5.973261e-03 1.022931e-24
-5.971911e-03 1.023322e-24
-5.970562e-03 1.023715e-24
-5.969212e-03 1.024108e-24
-5.967863e-03 1.024501e-24
-5.966513e-03 1.024895e-24
-5.965164e-03 1.025290e-24
-5.963814e-03 1.025685e-24
-5.962464e-03 1.026080e-24
-5.961115e-03 1.026477e-24
-5.959765e-03 1.026873e-24
-5.958416e-03 1.027271e-24
-5.957066e-03 1.027669e-24
-5.955716e-03 1.028067e-24
-5.954367e-03 1.028466e-24
-5.953017e-03 1.028865e-24
-5.951668e-03 1.029265e-24
-5.950318e-03 1.029665e-24
-5.948969e-03 1.030066e-24
-5.947619e-03 1.030467e-24
-5.946269e-03 1.030869e-24
-5.944920e-03 1.031271e-24
-5.943570e-03 1.031674e-24
-5.942221e-03 1.032077e-24
-5.940871e-03 1.032481e-24
-5.939521e-03 1.032885e-24
-5.938172e-03 1.033289e-24
-5.936822e-03 1.033694e-24
-5.935473e-03 1.034099e-24
-5.934123e-03 1.034505e-24
-5.932774e-03 1.034911e-24
-5.931424e-03 1.035318e-24
-5.930074e-03 1.035725e-24
-5.928725e-03 1.036132e-24
-5.927375e-03 1.036540e-24
-5.926026e-03 1.036948e-24
-5.924676e-03 1.037357e-24
-5.923326e-03 1.037766e-24
-5.921977e-03 1.038175e-24
-5.920627e-03 1.038585e-24
-5.919278e-03 1.038995e-24
-5.917928e-03 1.039405e-24
-5.916579e-03 1.039816e-24
-5.915229e-03 1.040227e-24
-5.913879e-03 1.040638e-24
-5.912530e-03 1.041050e-24
-5.911180e-03 1.041462e-24
-5.909831e-03 1.041874e-24
-5.908481e-03 1.042287e-24
-5.907131e-03 1.042700e-24
-5.905782e-03 1.043114e-24
-5.904432e-03 1.043527e-24
-5.903083e-03 1.043941e-24
-5.901733e-03 1.044355e-24
-5.900384e-03 1.044770e-24
-5.899034e-03 1.045185e-24
-5.897684e-03 1.045600e-24
-5.896335e-03 1.046015e-24
-5.894985e-03 1.046431e-24
-5.893636e-03 1.046847e-24
-5.892286e-03 1.047263e-24
-5.890936e-03 1.047679e-24
-5.889587e-03 1.048096e-24
-5.888237e-03 1.048513e-24
-5.886888e-03 1.048930e-24
-5.885538e-03 1.049347e-24
-5.884189e-03 1.049765e-24
-5.882839e-03 1.050182e-24
-5.881489e-03 1.050600e-24
-5.880140e-03 1.051019e-24
-5.878790e-03 1.051437e-24
-5.877441e-03 1.051856e-24
-5.876091e-03 1.052275e-24
-5.874741e-03 1.052694e-24
-5.873392e-03 1.053113e-24
-5.872042e-03 1.053532e-24
-5.870693e-03 1.053952e-24
-5.869343e-03 1.054372e-24
-5.867993e-03 1.054792e-24
-5.866644e-03 1.055212e-24
-5.865294e-03 1.055632e-24
-5.863945e-03 1.056053e-24
-5.862595e-03 1.056474e-24
-5.861246e-03 1.056894e-24
-5.859896e-03 1.057315e-24
-5.858546e-03 1.057737e-24
-5.857197e-03 1.058158e-24
-5.855847e-03 1.058579e-24
-5.854498e-03 1.059001e-24
-5.853148e-03 1.059423e-24
-5.851798e-03 1.059845e-24
-5.850449e-03 1.060267e-24
-5.849099e-03 1.060689e-24
-5.847750e-03 1.061111e-24
-5.846400e-03 1.061534e-24
-5.845051e-03 1.061956e-24
-5.843701e-03 1.062379e-24
-5.842351e-03 1.062802e-24
-5.841002e-03 1.063224e-24
-5.839652e-03 1.063647e-24
-5.838303e-03 1.064070e-24
-5.836953e-03 1.064494e-24
-5.835603e-03 1.064917e-24
-5.834254e-03 1.065340e-24
-5.832904e-03 1.065764e-24
-5.831555e-03 1.066187e-24
-5.830205e-03 1.066611e-24
-5.828856e-03 1.067035e-24
-5.827506e-03 1.067459e-24
-5.826156e-03 1.067882e-24
-5.824807e-03 1.068306e-24
-5.823457e-03 1.068730e-24
-5.822108e-03 1.069155e-24
-5.820758e-03 1.069579e-24
-5.819408e-03 1.070003e-24
-5.818059e-03 1.070427e-24
-5.816709e-03 1.070852e-24
-5.815360e-03 1.071276e-24
-5.814010e-03 1.071701e-24
-5.812661e-03 1.072125e-24
-5.811311e-03 1.072550e-24
-5.809961e-03 1.072975e-24
-5.808612e-03 1.073399e-24
-5.807262e-03 1.073824e-24
-5.805913e-03 1.074249e-24
-5.804563e-03 1.074674e-24
-5.803213e-03 1.075099e-24
-5.801864e-03 1.075524e-24
-5.800514e-03 1.075949e-24
-5.799165e-03 1.076374e-24
-5.797815e-03 1.076799e-24
-5.796466e-03 1.077225e-24
-5.795116e-03 1.077650e-24
-5.793766e-03 1.078075e-24
-5.792417e-03 1.078501e-24
-5.791067e-03 1.078926e-24
-5.789718e-03 1.079351e-24
-5.788368e-03 1.079777e-24
-5.787018e-03 1.080202e-24
-5.785669e-03 1.080628e-24
-5.784319e-03 1.081054e-24
-5.782970e-03 1.081479e-24
-5.781620e-03 1.081905e-24
-5.780270e-03 1.082331e-24
-5.778921e-03 1.082756e-24
-5.777571e-03 1.083182e-24
-5.776222e-03 1.083608e-24
-5.774872e-03 1.084034e-24
-5.773523e-03 1.084460e-24
-5.772173e-03 1.084886e-24
-5.770823e-03 1.085312e-24
-5.769474e-03 1.085738e-24
-5.768124e-03 1.086164e-24
-5.766775e-03 1.086590e-24
-5.765425e-03 1.087016e-24
-5.764075e-03 1.087443e-24
-5.762726e-03 1.087869e-24
-5.761376e-03 1.088295e-24
-5.760027e-03 1.088722e-24
-5.758677e-03 1.089148e-24
-5.757328e-03 1.089575e-24
-5.755978e-03 1.090001e-24
-5.754628e-03 1.090428e-24
-5.753279e-03 1.090855e-24
-5.751929e-03 1.091281e-24
-5.750580e-03 1.091708e-24
-5.749230e-03 1.092135e-24
-5.747880e-03 1.092562e-24
-5.746531e-03 1.092989e-24
-5.745181e-03 1.093416e-24
-5.743832e-03 1.093843e-24
-5.742482e-03 1.094270e-24
-5.741133e-03 1.094697e-24
-5.739783e-03 1.095124e-24
-5.738433e-03 1.095552e-24
-5.737084e-03 1.095979e-24
-5.735734e-03 1.096407e-24
-5.734385e-03 1.096834e-24
-5.733035e-03 1.097262e-24
-5.731685e-03 1.097690e-24
-5.730336e-03 1.098117e-24
-5.728986e-03 1.098545e-24
-5.727637e-03 1.098973e-24
-5.726287e-03 1.099401e-24
-5.724938e-03 1.099829e-24
-5.723588e-03 1.100258e-24
-5.722238e-03 1.100686e-24
-5.720889e-03 1.101114e-24
-5.719539e-03 1.101543e-24
-5.718190e-03 1.101971e-24
-5.716840e-03 1.102400e-24
-5.715490e-03 1.102829e-24
-5.714141e-03 1.103258e-24
-5.712791e-03 1.103687e-24
-5.711442e-03 1.104116e-24
-5.710092e-03 1.104545e-24
-5.708743e-03 1.104974e-24
-5.707393e-03 1.105404e-24
-5.706043e-03 1.105833e-24
-5.704694e-03 1.106263e-24
-5.703344e-03 1.106693e-24
-5.701995e-03 1.107123e-24
-5.700645e-03 1.107553e-24
-5.699295e-03 1.107983e-24
-5.697946e-03 1.108414e-24
-5.696596e-03 1.108844e-24
-5.695247e-03 1.109275e-24
-5.693897e-03 1.109705e-24
-5.692548e-03 1.110136e-24
-5.691198e-03 1.110567e-24
-5.689848e-03 1.110999e-24
-5.688499e-03 1.111430e-24
-5.687149e-03 1.111861e-24
-5.685800e-03 1.112293e-24
-5.684450e-03 1.112725e-24
-5.683100e-03 1.113157e-24
-5.681751e-03 1.113589e-24
-5.680401e-03 1.114021e-24
-5.679052e-03 1.114454e-24
-5.677702e-03 1.114886e-24
-5.676352e-03 1.115319e-24
-5.675003e-03 1.115752e-24
-5.673653e-03 1.116185e-24
-5.672304e-03 1.116618e-24
-5.670954e-03 1.117052e-24
-5.669605e-03 1.117485e-24
-5.668255e-03 1.117919e-24
-5.666905e-03 1.118353e-24
-5.665556e-03 1.118787e-24
-5.664206e-03 1.119222e-24
-5.662857e-03 1.119656e-24
-5.661507e-03 1.120091e-24
-5.660157e-03 1.120526e-24
-5.658808e-03 1.120961e-24
-5.657458e-03 1.121397e-24
-5.656109e-03 1.121832e-24
-5.654759e-03 1.122268e-24
-5.653410e-03 1.122704e-24
-5.652060e-03 1.123140e-24
-5.650710e-03 1.123577e-24
-5.649361e-03 1.124013e-24
-5.648011e-03 1.124450e-24
-5.646662e-03 1.124887e-24
-5.645312e-03 1.125325e-24
-5.643962e-03 1.125762e-24
-5.642613e-03 1.126200e-24
-5.641263e-03 1.126638e-24
-5.639914e-03 1.127076e-24
-5.638564e-03 1.127514e-24
-5.637215e-03 1.127953e-24
-5.635865e-03 1.128392e-24
-5.634515e-03 1.128831e-24
-5.633166e-03 1.129270e-24
-5.631816e-03 1.129710e-24
-5.630467e-03 1.130149e-24
-5.629117e-03 1.130589e-24
-5.627767e-03 1.131030e-24
-5.626418e-03 1.131470e-24
-5.625068e-03 1.131911e-24
-5.623719e-03 1.132352e-24
-5.622369e-03 1.132793e-24
-5.621020e-03 1.133235e-24
-5.619670e-03 1.133676e-24
-5.618320e-03 1.134118e-24
-5.616971e-03 1.134561e-24
-5.615621e-03 1.135003e-24
-5.614272e-03 1.135446e-24
-5.612922e-03 1.135889e-24
-5.611572e-03 1.136332e-24
-5.610223e-03 1.136776e-24
-5.608873e-03 1.137219e-24
-5.607524e-03 1.137663e-24
-5.606174e-03 1.138108e-24
-5.604825e-03 1.138552e-24
-5.603475e-03 1.138997e-24
-5.602125e-03 1.139442e-24
-5.600776e-03 1.139887e-24
-5.599426e-03 1.140333e-24
-5.598077e-03 1.140779e-24
-5.596727e-03 1.141225e-24
-5.595377e-03 1.141671e-24
-5.594028e-03 1.142118e-24
-5.592678e-03 1.142564e-24
-5.591329e-03 1.143012e-24
-5.589979e-03 1.143459e-24
-5.588629e-03 1.143907e-24
-5.587280e-03 1.144354e-24
-5.585930e-03 1.144803e-24
-5.584581e-03 1.145251e-24
-5.583231e-03 1.145700e-24
-5.581882e-03 1.146149e-24
-5.580532e-03 1.146598e-24
-5.579182e-03 1.147047e-24
-5.577833e-03 1.147497e-24
-5.576483e-03 1.147947e-24
-5.575134e-03 1.148397e-24
-5.573784e-03 1.148847e-24
-5.572434e-03 1.149298e-24
-5.571085e-03 1.149749e-24
-5.569735e-03 1.150200e-24
-5.568386e-03 1.150651e-24
-5.567036e-03 1.151103e-24
-5.565687e-03 1.151555e-24
-5.564337e-03 1.152007e-24
-5.562987e-03 1.152459e-24
-5.561638e-03 1.152912e-24
-5.560288e-03 1.153365e-24
-5.558939e-03 1.153818e-24
-5.557589e-03 1.154271e-24
-5.556239e-03 1.154725e-24
-5.554890e-03 1.155178e-24
-5.553540e-03 1.155632e-24
-5.552191e-03 1.156087e-24
-5.550841e-03 1.156541e-24
-5.549492e-03 1.156995e-24
-5.548142e-03 1.157450e-24
-5.546792e-03 1.157905e-24
-5.545443e-03 1.158360e-24
-5.544093e-03 1.158816e-24
-5.542744e-03 1.159272e-24
-5.541394e-03 1.159727e-24
-5.540044e-03 1.160183e-24
-5.538695e-03 1.160639e-24
-5.537345e-03 1.161096e-24
-5.535996e-03 1.161552e-24
-5.534646e-03 1.162009e-24
-5.533297e-03 1.162466e-24
-5.531947e-03 1.162923e-24
-5.530597e-03 1.163380e-24
-5.529248e-03 1.163838e-24
-5.527898e-03 1.164295e-24
-5.526549e-03 1.164753e-24
-5.525199e-03 1.165211e-24
-5.523849e-03 1.165669e-24
-5.522500e-03 1.166127e-24
-5.521150e-03 1.166585e-24
-5.519801e-03 1.167043e-24
-5.518451e-03 1.167502e-24
-5.517102e-03 1.167960e-24
-5.515752e-03 1.168419e-24
-5.514402e-03 1.168878e-24
-5.513053e-03 1.169337e-24
-5.511703e-03 1.169796e-24
-5.510354e-03 1.170255e-24
-5.509004e-03 1.170714e-24
-5.507654e-03 1.171174e-24
-5.506305e-03 1.171633e-24
-5.504955e-03 1.172092e-24
-5.503606e-03 1.172552e-24
-5.502256e-03 1.173011e-24
-5.500907e-03 1.173471e-24
-5.499557e-03 1.173931e-24
-5.498207e-03 1.174390e-24
-5.496858e-03 1.174850e-24
-5.495508e-03 1.175310e-24
-5.494159e-03 1.175770e-24
-5.492809e-03 1.176230e-24
-5.491459e-03 1.176689e-24
-5.490110e-03 1.177149e-24
-5.488760e-03 1.177609e-24
-5.487411e-03 1.178069e-24
-5.486061e-03 1.178529e-24
-5.484711e-03 1.178988e-24
-5.483362e-03 1.179448e-24
-5.482012e-03 1.179908e-24
-5.480663e-03 1.180368e-24
-5.479313e-03 1.180827e-24
-5.477964e-03 1.181287e-24
-5.476614e-03 1.181746e-24
-5.475264e-03 1.182206e-24
-5.473915e-03 1.182665e-24
-5.472565e-03 1.183124e-24
-5.471216e-03 1.183583e-24
-5.469866e-03 1.184043e-24
-5.468516e-03 1.184502e-24
-5.467167e-03 1.184960e-24
-5.465817e-03 1.185419e-24
-5.464468e-03 1.185878e-24
-5.463118e-03 1.186336e-24
-5.461769e-03 1.186794e-24
-5.460419e-03 1.187253e-24
-5.459069e-03 1.187711e-24
-5.457720e-03 1.188168e-24
-5.456370e-03 1.188626e-24
-5.455021e-03 1.189083e-24
-5.453671e-03 1.189541e-24
-5.452321e-03 1.189998e-24
-5.450972e-03 1.190455e-24
-5.449622e-03 1.190911e-24
-5.448273e-03 1.191368e-24
-5.446923e-03 1.191824e-24
-5.445574e-03 1.192280e-24
-5.444224e-03 1.192735e-24
-5.442874e-03 1.193191e-24
-5.441525e-03 1.193646e-24
-5.440175e-03 1.194101e-24
-5.438826e-03 1.194555e-24
-5.437476e-03 1.195010e-24
-5.436126e-03 1.195464e-24
-5.434777e-03 1.195917e-24
-5.433427e-03 1.196371e-24
-5.432078e-03 1.196824e-24
-5.430728e-03 1.197277e-24
-5.429379e-03 1.197729e-24
-5.428029e-03 1.198181e-24
-5.426679e-03 1.198633e-24
-5.425330e-03 1.199084e-24
-5.423980e-03 1.199535e-24
-5.422631e-03 1.199985e-24
-5.421281e-03 1.200435e-24
-5.419931e-03 1.200885e-24
-5.418582e-03 1.201334e-24
-5.417232e-03 1.201783e-24
-5.415883e-03 1.202232e-24
-5.414533e-03 1.202680e-24
-5.413184e-03 1.203127e-24
-5.411834e-03 1.203574e-24
-5.410484e-03 1.204021e-24
-5.409135e-03 1.204467e-24
-5.407785e-03 1.204913e-24
-5.406436e-03 1.205358e-24
-5.405086e-03 1.205802e-24
-5.403736e-03 1.206247e-24
-5.402387e-03 1.206690e-24
-5.401037e-03 1.207133e-24
-5.399688e-03 1.207576e-24
-5.398338e-03 1.208018e-24
-5.396988e-03 1.208459e-24
-5.395639e-03 1.208900e-24
-5.394289e-03 1.209341e-24
-5.392940e-03 1.209780e-24
-5.391590e-03 1.210220e-24
-5.390241e-03 1.210658e-24
-5.388891e-03 1.211096e-24
-5.387541e-03 1.211533e-24
-5.386192e-03 1.211970e-24
-5.384842e-03 1.212406e-24
-5.383493e-03 1.212842e-24
-5.382143e-03 1.213276e-24
-5.380793e-03 1.213710e-24
-5.379444e-03 1.214144e-24
-5.378094e-03 1.214577e-24
-5.376745e-03 1.215009e-24
-5.375395e-03 1.215440e-24
-5.374046e-03 1.215871e-24
-5.372696e-03 1.216301e-24
-5.371346e-03 1.216730e-24
-5.369997e-03 1.217159e-24
-5.368647e-03 1.217587e-24
-5.367298e-03 1.218014e-24
-5.365948e-03 1.218440e-24
-5.364598e-03 1.218866e-24
-5.363249e-03 1.219291e-24
-5.361899e-03 1.219715e-24
-5.360550e-03 1.220138e-24
-5.359200e-03 1.220561e-24
-5.357851e-03 1.220983e-24
-5.356501e-03 1.221403e-24
-5.355151e-03 1.221824e-24
-5.353802e-03 1.222243e-24
-5.352452e-03 1.222662e-24
-5.351103e-03 1.223079e-24
-5.349753e-03 1.223496e-24
-5.348403e-03 1.223912e-24
-5.347054e-03 1.224327e-24
-5.345704e-03 1.224742e-24
-5.344355e-03 1.225155e-24
-5.343005e-03 1.225568e-24
-5.341656e-03 1.225980e-24
-5.340306e-03 1.226390e-24
-5.338956e-03 1.226800e-24
-5.337607e-03 1.227210e-24
-5.336257e-03 1.227618e-24
-5.334908e-03 1.228025e-24
-5.333558e-03 1.228431e-24
-5.332208e-03 1.228837e-24
-5.330859e-03 1.229242e-24
-5.329509e-03 1.229645e-24
-5.328160e-03 1.230048e-24
-5.326810e-03 1.230450e-24
-5.325461e-03 1.230851e-24
-5.324111e-03 1.231251e-24
-5.322761e-03 1.231649e-24
-5.321412e-03 1.232048e-24
-5.320062e-03 1.232445e-24
-5.318713e-03 1.232841e-24
-5.317363e-03 1.233236e-24
-5.316013e-03 1.233630e-24
-5.314664e-03 1.234023e-24
-5.313314e-03 1.234415e-24
-5.311965e-03 1.234807e-24
-5.310615e-03 1.235197e-24
-5.309266e-03 1.235586e-24
-5.307916e-03 1.235974e-24
-5.306566e-03 1.236362e-24
-5.305217e-03 1.236748e-24
-5.303867e-03 1.237133e-24
-5.302518e-03 1.237517e-24
-5.301168e-03 1.237901e-24
-5.299818e-03 1.238283e-24
-5.298469e-03 1.238664e-24
-5.297119e-03 1.239044e-24
-5.295770e-03 1.239424e-24
-5.294420e-03 1.239802e-24
-5.293070e-03 1.240179e-24
-5.291721e-03 1.240555e-24
-5.290371e-03 1.240930e-24
-5.289022e-03 1.241304e-24
-5.287672e-03 1.241677e-24
-5.286323e-03 1.242049e-24
-5.284973e-03 1.242420e-24
-5.283623e-03 1.242790e-24
-5.282274e-03 1.243159e-24
-5.280924e-03 1.243527e-24
-5.279575e-03 1.243894e-24
-5.278225e-03 1.244260e-24
-5.276875e-03 1.244624e-24
-5.275526e-03 1.244988e-24
-5.274176e-03 1.245351e-24
-5.272827e-03 1.245712e-24
-5.271477e-03 1.246073e-24
-5.270128e-03 1.246433e-24
-5.268778e-03 1.246791e-24
-5.267428e-03 1.247149e-24
-5.266079e-03 1.247505e-24
-5.264729e-03 1.247861e-24
-5.263380e-03 1.248215e-24
-5.262030e-03 1.248568e-24
-5.260680e-03 1.248921e-24
-5.259331e-03 1.249272e-24
-5.257981e-03 1.249622e-24
-5.256632e-03 1.249972e-24
-5.255282e-03 1.250320e-24
-5.253933e-03 1.250667e-24
-5.252583e-03 1.251013e-24
-5.251233e-03 1.251358e-24
-5.249884e-03 1.251703e-24
-5.248534e-03 1.252046e-24
-5.247185e-03 1.252388e-24
-5.245835e-03 1.252729e-24
-5.244485e-03 1.253069e-24
-5.243136e-03 1.253408e-24
-5.241786e-03 1.253747e-24
-5.240437e-03 1.254084e-24
-5.239087e-03 1.254420e-24
-5.237738e-03 1.254755e-24
-5.236388e-03 1.255089e-24
-5.235038e-03 1.255423e-24
-5.233689e-03 1.255755e-24
-5.232339e-03 1.256086e-24
-5.230990e-03 1.256416e-24
-5.229640e-03 1.256746e-24
-5.228290e-03 1.257074e-24
-5.226941e-03 1.257402e-24
-5.225591e-03 1.257728e-24
-5.224242e-03 1.258054e-24
-5.222892e-03 1.258379e-24
-5.221543e-03 1.258702e-24
-5.220193e-03 1.259025e-24
-5.218843e-03 1.259347e-24
-5.217494e-03 1.259668e-24
-5.216144e-03 1.259988e-24
-5.214795e-03 1.260307e-24
-5.213445e-03 1.260626e-24
-5.212095e-03 1.260943e-24
-5.210746e-03 1.261260e-24
-5.209396e-03 1.261576e-24
-5.208047e-03 1.261890e-24
-5.206697e-03 1.262204e-24
-5.205347e-03 1.262518e-24
-5.203998e-03 1.262830e-24
-5.202648e-03 1.263141e-24
-5.201299e-03 1.263452e-24
-5.199949e-03 1.263762e-24
-5.198600e-03 1.264071e-24
-5.197250e-03 1.264379e-24
-5.195900e-03 1.264687e-24
-5.194551e-03 1.264994e-24
-5.193201e-03 1.265299e-24
-5.191852e-03 1.265605e-24
-5.190502e-03 1.265909e-24
-5.189152e-03 1.266213e-24
-5.187803e-03 1.266516e-24
-5.186453e-03 1.266818e-24
-5.185104e-03 1.267119e-24
-5.183754e-03 1.267420e-24
-5.182405e-03 1.267720e-24
-5.181055e-03 1.268020e-24
-5.179705e-03 1.268318e-24
-5.178356e-03 1.268616e-24
-5.177006e-03 1.268914e-24
-5.175657e-03 1.269211e-24
-5.174307e-03 1.269507e-24
-5.172957e-03 1.269802e-24
-5.171608e-03 1.270097e-24
-5.170258e-03 1.270391e-24
-5.168909e-03 1.270685e-24
-5.167559e-03 1.270978e-24
-5.166210e-03 1.271271e-24
-5.164860e-03 1.271563e-24
-5.163510e-03 1.271854e-24
-5.162161e-03 1.272145e-24
-5.160811e-03 1.272435e-24
-5.159462e-03 1.272725e-24
-5.158112e-03 1.273014e-24
-5.156762e-03 1.273303e-24
-5.155413e-03 1.273592e-24
-5.154063e-03 1.273879e-24
-5.152714e-03 1.274167e-24
-5.151364e-03 1.274454e-24
-5.150015e-03 1.274740e-24
-5.148665e-03 1.275027e-24
-5.147315e-03 1.275312e-24
-5.145966e-03 1.275598e-24
-5.144616e-03 1.275883e-24
-5.143267e-03 1.276167e-24
-5.141917e-03 1.276451e-24
-5.140567e-03 1.276735e-24
-5.139218e-03 1.277019e-24
-5.137868e-03 1.277302e-24
-5.136519e-03 1.277585e-24
-5.135169e-03 1.277867e-24
-5.133820e-03 1.278150e-24
-5.132470e-03 1.278432e-24
-5.131120e-03 1.278713e-24
-5.129771e-03 1.278995e-24
-5.128421e-03 1.279276e-24
-5.127072e-03 1.279557e-24
-5.125722e-03 1.279838e-24
-5.124372e-03 1.280119e-24
-5.123023e-03 1.280399e-24
-5.121673e-03 1.280680e-24
-5.120324e-03 1.280960e-24
-5.118974e-03 1.281240e-24
-5.117624e-03 1.281520e-24
-5.116275e-03 1.281800e-24
-5.114925e-03 1.282080e-24
-5.113576e-03 1.282359e-24
-5.112226e-03 1.282639e-24
-5.110877e-03 1.282918e-24
-5.109527e-03 1.283198e-24
-5.108177e-03 1.283477e-24
-5.106828e-03 1.283757e-24
-5.105478e-03 1.284036e-24
-5.104129e-03 1.284316e-24
-5.102779e-03 1.284595e-24
-5.101429e-03 1.284874e-24
-5.100080e-03 1.285154e-24
-5.098730e-03 1.285434e-24
-5.097381e-03 1.285713e-24
-5.096031e-03 1.285993e-24
-5.094682e-03 1.286273e-24
-5.093332e-03 1.286553e-24
-5.091982e-03 1.286833e-24
-5.090633e-03 1.287114e-24
-5.089283e-03 1.287394e-24
-5.087934e-03 1.287675e-24
-5.086584e-03 1.287955e-24
-5.085234e-03 1.288237e-24
-5.083885e-03 1.288518e-24
-5.082535e-03 1.288799e-24
-5.081186e-03 1.289081e-24
-5.079836e-03 1.289363e-24
-5.078487e-03 1.289645e-24
-5.077137e-03 1.289928e-24
-5.075787e-03 1.290211e-24
-5.074438e-03 1.290494e-24
-5.073088e-03 1.290777e-24
-5.071739e-03 1.291061e-24
-5.070389e-03 1.291345e-24
-5.069039e-03 1.291630e-24
-5.067690e-03 1.291915e-24
-5.066340e-03 1.292200e-24
-5.064991e-03 1.292486e-24
-5.063641e-03 1.292772e-24
-5.062292e-03 1.293058e-24
-5.060942e-03 1.293345e-24
-5.059592e-03 1.293633e-24
-5.058243e-03 1.293921e-24
-5.056893e-03 1.294209e-24
-5.055544e-03 1.294498e-24
-5.054194e-03 1.294787e-24
-5.052844e-03 1.295077e-24
-5.051495e-03 1.295368e-24
-5.050145e-03 1.295659e-24
-5.048796e-03 1.295950e-24
-5.047446e-03 1.296243e-24
-5.046097e-03 1.296535e-24
-5.044747e-03 1.296829e-24
-5.043397e-03 1.297123e-24
-5.042048e-03 1.297417e-24
-5.040698e-03 1.297712e-24
-5.039349e-03 1.298008e-24
-5.037999e-03 1.298305e-24
-5.036649e-03 1.298602e-24
-5.035300e-03 1.298900e-24
-5.033950e-03 1.299198e-24
-5.032601e-03 1.299497e-24
-5.031251e-03 1.299797e-24
-5.029902e-03 1.300098e-24
-5.028552e-03 1.300399e-24
-5.027202e-03 1.300701e-24
-5.025853e-03 1.301004e-24
-5.024503e-03 1.301308e-24
-5.023154e-03 1.301612e-24
-5.021804e-03 1.301917e-24
-5.020454e-03 1.302223e-24
-5.019105e-03 1.302530e-24
-5.017755e-03 1.302838e-24
-5.016406e-03 1.303146e-24
-5.015056e-03 1.303456e-24
-5.013706e-03 1.303766e-24
-5.012357e-03 1.304077e-24
-5.011007e-03 1.304389e-24
-5.009658e-03 1.304701e-24
-5.008308e-03 1.305015e-24
-5.006959e-03 1.305329e-24
-5.005609e-03 1.305645e-24
-5.004259e-03 1.305961e-24
-5.002910e-03 1.306279e-24
-5.001560e-03 1.306597e-24
-5.000211e-03 1.306916e-24
-4.998861e-03 1.307236e-24
-4.997511e-03 1.307557e-24
-4.996162e-03 1.307879e-24
-4.994812e-03 1.308202e-24
-4.993463e-03 1.308526e-24
-4.992113e-03 1.308851e-24
-4.990764e-03 1.309177e-24
-4.989414e-03 1.309504e-24
-4.988064e-03 1.309832e-24
-4.986715e-03 1.310161e-24
-4.985365e-03 1.310491e-24
-4.984016e-03 1.310822e-24
-4.982666e-03 1.311154e-24
-4.981316e-03 1.311487e-24
-4.979967e-03 1.311822e-24
-4.978617e-03 1.312157e-24
-4.977268e-03 1.312493e-24
-4.975918e-03 1.312831e-24
-4.974569e-03 1.313169e-24
-4.973219e-03 1.313509e-24
-4.971869e-03 1.313849e-24
-4.970520e-03 1.314191e-24
-4.969170e-03 1.314534e-24
-4.967821e-03 1.314878e-24
-4.966471e-03 1.315223e-24
-4.965121e-03 1.315569e-24
-4.963772e-03 1.315917e-24
-4.962422e-03 1.316265e-24
-4.961073e-03 1.316615e-24
-4.959723e-03 1.316966e-24
-4.958374e-03 1.317317e-24
-4.957024e-03 1.317670e-24
-4.955674e-03 1.318025e-24
-4.954325e-03 1.318380e-24
-4.952975e-03 1.318736e-24
-4.951626e-03 1.319094e-24
-4.950276e-03 1.319453e-24
-4.948926e-03 1.319813e-24
-4.947577e-03 1.320174e-24
-4.946227e-03 1.320536e-24
-4.944878e-03 1.320900e-24
-4.943528e-03 1.321265e-24
-4.942179e-03 1.321630e-24
-4.940829e-03 1.321997e-24
-4.939479e-03 1.322366e-24
-4.938130e-03 1.322735e-24
-4.936780e-03 1.323106e-24
-4.935431e-03 1.323477e-24
-4.934081e-03 1.323850e-24
-4.932731e-03 1.324224e-24
-4.931382e-03 1.324600e-24
-4.930032e-03 1.324976e-24
-4.928683e-03 1.325354e-24
-4.927333e-03 1.325733e-24
-4.925983e-03 1.326113e-24
-4.924634e-03 1.326494e-24
-4.923284e-03 1.326877e-24
-4.921935e-03 1.327261e-24
-4.920585e-03 1.327645e-24
-4.919236e-03 1.328032e-24
-4.917886e-03 1.328419e-24
-4.916536e-03 1.328807e-24
-4.915187e-03 1.329197e-24
-4.913837e-03 1.329588e-24
-4.912488e-03 1.329980e-24
-4.911138e-03 1.330373e-24
-4.909788e-03 1.330768e-24
-4.908439e-03 1.331163e-24
-4.907089e-03 1.331560e-24
-4.905740e-03 1.331958e-24
-4.904390e-03 1.332357e-24
-4.903041e-03 1.332757e-24
-4.901691e-03 1.333159e-24
-4.900341e-03 1.333562e-24
-4.898992e-03 1.333966e-24
-4.897642e-03 1.334371e-24
-4.896293e-03 1.334777e-24
-4.894943e-03 1.335184e-24
-4.893593e-03 1.335593e-24
-4.892244e-03 1.336003e-24
-4.890894e-03 1.336413e-24
-4.889545e-03 1.336825e-24
-4.888195e-03 1.337239e-24
-4.886846e-03 1.337653e-24
-4.885496e-03 1.338068e-24
-4.884146e-03 1.338485e-24
-4.882797e-03 1.338903e-24
-4.881447e-03 1.339322e-24
-4.880098e-03 1.339742e-24
-4.878748e-03 1.340163e-24
-4.877398e-03 1.340585e-24
-4.876049e-03 1.341008e-24
-4.874699e-03 1.341433e-24
-4.873350e-03 1.341858e-24
-4.872000e-03 1.342285e-24
-4.870651e-03 1.342713e-24
-4.869301e-03 1.343142e-24
-4.867951e-03 1.343571e-24
-4.866602e-03 1.344002e-24
-4.865252e-03 1.344434e-24
-4.863903e-03 1.344868e-24
-4.862553e-03 1.345302e-24
-4.861203e-03 1.345737e-24
-4.859854e-03 1.346173e-24
-4.858504e-03 1.346611e-24
-4.857155e-03 1.347049e-24
-4.855805e-03 1.347488e-24
-4.854456e-03 1.347929e-24
-4.853106e-03 1.348370e-24
-4.851756e-03 1.348813e-24
-4.850407e-03 1.349256e-24
-4.849057e-03 1.349701e-24
-4.847708e-03 1.350146e-24
-4.846358e-03 1.350593e-24
-4.845008e-03 1.351040e-24
-4.843659e-03 1.351489e-24
-4.842309e-03 1.351938e-24
-4.840960e-03 1.352388e-24
-4.839610e-03 1.352839e-24
-4.838261e-03 1.353292e-24
-4.836911e-03 1.353745e-24
-4.835561e-03 1.354199e-24
-4.834212e-03 1.354654e-24
-4.832862e-03 1.355110e-24
-4.831513e-03 1.355567e-24
-4.830163e-03 1.356025e-24
-4.828813e-03 1.356483e-24
-4.827464e-03 1.356943e-24
-4.826114e-03 1.357403e-24
-4.824765e-03 1.357864e-24
-4.823415e-03 1.358326e-24
-4.822065e-03 1.358789e-24
-4.820716e-03 1.359253e-24
-4.819366e-03 1.359718e-24
-4.818017e-03 1.360183e-24
-4.816667e-03 1.360650e-24
-4.815318e-03 1.361117e-24
-4.813968e-03 1.361585e-24
-4.812618e-03 1.362053e-24
-4.811269e-03 1.362523e-24
-4.809919e-03 1.362993e-24
-4.808570e-03 1.363464e-24
-4.807220e-03 1.363936e-24
-4.805870e-03 1.364409e-24
-4.804521e-03 1.364882e-24
-4.803171e-03 1.365356e-24
-4.801822e-03 1.365831e-24
-4.800472e-03 1.366307e-24
-4.799123e-03 1.366783e-24
-4.797773e-03 1.367260e-24
-4.796423e-03 1.367737e-24
-4.795074e-03 1.368216e-24
-4.793724e-03 1.368695e-24
-4.792375e-03 1.369175e-24
-4.791025e-03 1.369655e-24
-4.789675e-03 1.370136e-24
-4.788326e-03 1.370618e-24
-4.786976e-03 1.371100e-24
-4.785627e-03 1.371583e-24
-4.784277e-03 1.372067e-24
-4.782928e-03 1.372551e-24
-4.781578e-03 1.373036e-24
-4.780228e-03 1.373521e-24
-4.778879e-03 1.374007e-24
-4.777529e-03 1.374494e-24
-4.776180e-03 1.374981e-24
-4.774830e-03 1.375469e-24
-4.773480e-03 1.375957e-24
-4.772131e-03 1.376446e-24
-4.770781e-03 1.376935e-24
-4.769432e-03 1.377425e-24
-4.768082e-03 1.377915e-24
-4.766733e-03 1.378406e-24
-4.765383e-03 1.378898e-24
-4.764033e-03 1.379390e-24
-4.762684e-03 1.379882e-24
-4.761334e-03 1.380375e-24
-4.759985e-03 1.380869e-24
-4.758635e-03 1.381363e-24
-4.757285e-03 1.381857e-24
-4.755936e-03 1.382352e-24
-4.754586e-03 1.382847e-24
-4.753237e-03 1.383343e-24
-4.751887e-03 1.383839e-24
-4.750538e-03 1.384336e-24
-4.749188e-03 1.384833e-24
-4.747838e-03 1.385331e-24
-4.746489e-03 1.385828e-24
-4.745139e-03 1.386327e-24
-4.743790e-03 1.386825e-24
-4.742440e-03 1.387324e-24
-4.741090e-03 1.387824e-24
-4.739741e-03 1.388324e-24
-4.738391e-03 1.388824e-24
-4.737042e-03 1.389324e-24
-4.735692e-03 1.389825e-24
-4.734342e-03 1.390327e-24
-4.732993e-03 1.390828e-24
-4.731643e-03 1.391330e-24
-4.730294e-03 1.391832e-24
-4.728944e-03 1.392335e-24
-4.727595e-03 1.392838e-24
-4.726245e-03 1.393341e-24
-4.724895e-03 1.393844e-24
-4.723546e-03 1.394348e-24
-4.722196e-03 1.394852e-24
-4.720847e-03 1.395356e-24
-4.719497e-03 1.395861e-24
-4.718147e-03 1.396366e-24
-4.716798e-03 1.396871e-24
-4.715448e-03 1.397377e-24
-4.714099e-03 1.397882e-24
-4.712749e-03 1.398388e-24
-4.711400e-03 1.398894e-24
-4.710050e-03 1.399401e-24
-4.708700e-03 1.399908e-24
-4.707351e-03 1.400414e-24
-4.706001e-03 1.400922e-24
-4.704652e-03 1.401429e-24
-4.703302e-03 1.401936e-24
-4.701952e-03 1.402444e-24
-4.700603e-03 1.402952e-24
-4.699253e-03 1.403460e-24
-4.697904e-03 1.403969e-24
-4.696554e-03 1.404477e-24
-4.695205e-03 1.404986e-24
-4.693855e-03 1.405495e-24
-4.692505e-03 1.406004e-24
-4.691156e-03 1.406513e-24
-4.689806e-03 1.407023e-24
-4.688457e-03 1.407533e-24
-4.687107e-03 1.408042e-24
-4.685757e-03 1.408553e-24
-4.684408e-03 1.409063e-24
-4.683058e-03 1.409573e-24
-4.681709e-03 1.410084e-24
-4.680359e-03 1.410594e-24
-4.679010e-03 1.411105e-24
-4.677660e-03 1.411616e-24
-4.676310e-03 1.412127e-24
-4.674961e-03 1.412638e-24
-4.673611e-03 1.413150e-24
-4.672262e-03 1.413661e-24
-4.670912e-03 1.414173e-24
-4.669562e-03 1.414685e-24
-4.668213e-03 1.415196e-24
-4.666863e-03 1.415709e-24
-4.665514e-03 1.416221e-24
-4.664164e-03 1.416733e-24
-4.662815e-03 1.417246e-24
-4.661465e-03 1.417758e-24
-4.660115e-03 1.418271e-24
-4.658766e-03 1.418784e-24
-4.657416e-03 1.419297e-24
-4.656067e-03 1.419810e-24
-4.654717e-03 1.420323e-24
-4.653367e-03 1.420836e-24
-4.652018e-03 1.421350e-24
-4.650668e-03 1.421863e-24
-4.649319e-03 1.422377e-24
-4.647969e-03 1.422890e-24
-4.646620e-03 1.423404e-24
-4.645270e-03 1.423918e-24
-4.643920e-03 1.424433e-24
-4.642571e-03 1.424947e-24
-4.641221e-03 1.425461e-24
-4.639872e-03 1.425976e-24
-4.638522e-03 1.426490e-24
-4.637172e-03 1.427005e-24
-4.635823e-03 1.427520e-24
-4.634473e-03 1.428035e-24
-4.633124e-03 1.428550e-24
-4.631774e-03 1.429065e-24
-4.630424e-03 1.429580e-24
-4.629075e-03 1.430096e-24
-4.627725e-03 1.430611e-24
-4.626376e-03 1.431127e-24
-4.625026e-03 1.431643e-24
-4.623677e-03 1.432159e-24
-4.622327e-03 1.432675e-24
-4.620977e-03 1.433191e-24
-4.619628e-03 1.433707e-24
-4.618278e-03 1.434224e-24
-4.616929e-03 1.434740e-24
-4.615579e-03 1.435257e-24
-4.614229e-03 1.435774e-24
-4.612880e-03 1.436291e-24
-4.611530e-03 1.436808e-24
-4.610181e-03 1.437326e-24
-4.608831e-03 1.437843e-24
-4.607482e-03 1.438361e-24
-4.606132e-03 1.438878e-24
-4.604782e-03 1.439396e-24
-4.603433e-03 1.439914e-24
-4.602083e-03 1.440432e-24
-4.600734e-03 1.440951e-24
-4.599384e-03 1.441469e-24
-4.598034e-03 1.441988e-24
-4.596685e-03 1.442507e-24
-4.595335e-03 1.443026e-24
-4.593986e-03 1.443545e-24
-4.592636e-03 1.444064e-24
-4.591287e-03 1.444584e-24
-4.589937e-03 1.445104e-24
-4.588587e-03 1.445624e-24
-4.587238e-03 1.446144e-24
-4.585888e-03 1.446664e-24
-4.584539e-03 1.447184e-24
-4.583189e-03 1.447705e-24
-4.581839e-03 1.448226e-24
-4.580490e-03 1.448747e-24
-4.579140e-03 1.449268e-24
-4.577791e-03 1.449789e-24
-4.576441e-03 1.450311e-24
-4.575092e-03 1.450833e-24
-4.573742e-03 1.451355e-24
-4.572392e-03 1.451877e-24
-4.571043e-03 1.452400e-24
-4.569693e-03 1.452922e-24
-4.568344e-03 1.453445e-24
-4.566994e-03 1.453969e-24
-4.565644e-03 1.454492e-24
-4.564295e-03 1.455016e-24
-4.562945e-03 1.455539e-24
-4.561596e-03 1.456064e-24
-4.560246e-03 1.456588e-24
-4.558897e-03 1.457112e-24
-4.557547e-03 1.457637e-24
-4.556197e-03 1.458162e-24
-4.554848e-03 1.458688e-24
-4.553498e-03 1.459213e-24
-4.552149e-03 1.459739e-24
-4.550799e-03 1.460265e-24
-4.549449e-03 1.460792e-24
-4.548100e-03 1.461319e-24
-4.546750e-03 1.461846e-24
-4.545401e-03 1.462373e-24
-4.544051e-03 1.462900e-24
-4.542701e-03 1.463428e-24
-4.541352e-03 1.463956e-24
-4.540002e-03 1.464485e-24
-4.538653e-03 1.465013e-24
-4.537303e-03 1.465543e-24
-4.535954e-03 1.466072e-24
-4.534604e-03 1.466601e-24
-4.533254e-03 1.467131e-24
-4.531905e-03 1.467662e-24
-4.530555e-03 1.468192e-24
-4.529206e-03 1.468723e-24
-4.527856e-03 1.469254e-24
-4.526506e-03 1.469786e-24
-4.525157e-03 1.470318e-24
-4.523807e-03 1.470850e-24
-4.522458e-03 1.471382e-24
-4.521108e-03 1.471915e-24
-4.519759e-03 1.472448e-24
-4.518409e-03 1.472982e-24
-4.517059e-03 1.473516e-24
-4.515710e-03 1.474050e-24
-4.514360e-03 1.474585e-24
-4.513011e-03 1.475120e-24
-4.511661e-03 1.475655e-24
-4.510311e-03 1.476190e-24
-4.508962e-03 1.476726e-24
-4.507612e-03 1.477263e-24
-4.506263e-03 1.477800e-24
-4.504913e-03 1.478337e-24
-4.503564e-03 1.478874e-24
-4.502214e-03 1.479412e-24
-4.500864e-03 1.479950e-24
-4.499515e-03 1.480489e-24
-4.498165e-03 1.481028e-24
-4.496816e-03 1.481567e-24
-4.495466e-03 1.482106e-24
-4.494116e-03 1.482647e-24
-4.492767e-03 1.483187e-24
-4.491417e-03 1.483728e-24
-4.490068e-03 1.484269e-24
-4.488718e-03 1.484811e-24
-4.487369e-03 1.485352e-24
-4.486019e-03 1.485895e-24
-4.484669e-03 1.486437e-24
-4.483320e-03 1.486981e-24
-4.481970e-03 1.487524e-24
-4.480621e-03 1.488068e-24
-4.479271e-03 1.488612e-24
-4.477921e-03 1.489157e-24
-4.476572e-03 1.489702e-24
-4.475222e-03 1.490247e-24
-4.473873e-03 1.490793e-24
-4.472523e-03 1.491339e-24
-4.471174e-03 1.491886e-24
-4.469824e-03 1.492433e-24
-4.468474e-03 1.492980e-24
-4.467125e-03 1.493528e-24
-4.465775e-03 1.494076e-24
-4.464426e-03 1.494624e-24
-4.463076e-03 1.495173e-24
-4.461726e-03 1.495722e-24
-4.460377e-03 1.496272e-24
-4.459027e-03 1.496822e-24
-4.457678e-03 1.497372e-24
-4.456328e-03 1.497923e-24
-4.454978e-03 1.498474e-24
-4.453629e-03 1.499026e-24
-4.452279e-03 1.499577e-24
-4.450930e-03 1.500130e-24
-4.449580e-03 1.500682e-24
-4.448231e-03 1.501235e-24
-4.446881e-03 1.501788e-24
-4.445531e-03 1.502342e-24
-4.444182e-03 1.502896e-24
-4.442832e-03 1.503450e-24
-4.441483e-03 1.504005e-24
-4.440133e-03 1.504560e-24
-4.438783e-03 1.505115e-24
-4.437434e-03 1.505671e-24
-4.436084e-03 1.506227e-24
-4.434735e-03 1.506783e-24
-4.433385e-03 1.507340e-24
-4.432036e-03 1.507897e-24
-4.430686e-03 1.508454e-24
-4.429336e-03 1.509012e-24
-4.427987e-03 1.509570e-24
-4.426637e-03 1.510128e-24
-4.425288e-03 1.510687e-24
-4.423938e-03 1.511245e-24
-4.422588e-03 1.511805e-24
-4.421239e-03 1.512364e-24
-4.419889e-03 1.512924e-24
-4.418540e-03 1.513484e-24
-4.417190e-03 1.514044e-24
-4.415841e-03 1.514604e-24
-4.414491e-03 1.515165e-24
-4.413141e-03 1.515726e-24
-4.411792e-03 1.516287e-24
-4.410442e-03 1.516848e-24
-4.409093e-03 1.517410e-24
-4.407743e-03 1.517972e-24
-4.406393e-03 1.518534e-24
-4.405044e-03 1.519097e-24
-4.403694e-03 1.519659e-24
-4.402345e-03 1.520222e-24
-4.400995e-03 1.520785e-24
-4.399646e-03 1.521348e-24
-4.398296e-03 1.521911e-24
-4.396946e-03 1.522475e-24
-4.395597e-03 1.523039e-24
-4.394247e-03 1.523602e-24
-4.392898e-03 1.524166e-24
-4.391548e-03 1.524730e-24
-4.390198e-03 1.525295e-24
-4.388849e-03 1.525859e-24
-4.387499e-03 1.526424e-24
-4.386150e-03 1.526988e-24
-4.384800e-03 1.527553e-24
-4.383451e-03 1.528118e-24
-4.382101e-03 1.528683e-24
-4.380751e-03 1.529248e-24
-4.379402e-03 1.529813e-24
-4.378052e-03 1.530378e-24
-4.376703e-03 1.530943e-24
-4.375353e-03 1.531509e-24
-4.374003e-03 1.532074e-24
-4.372654e-03 1.532639e-24
-4.371304e-03 1.533205e-24
-4.369955e-03 1.533770e-24
-4.368605e-03 1.534336e-24
-4.367256e-03 1.534901e-24
-4.365906e-03 1.535466e-24
-4.364556e-03 1.536032e-24
-4.363207e-03 1.536597e-24
-4.361857e-03 1.537162e-24
-4.360508e-03 1.537727e-24
-4.359158e-03 1.538292e-24
-4.357808e-03 1.538858e-24
-4.356459e-03 1.539423e-24
-4.355109e-03 1.539987e-24
-4.353760e-03 1.540552e-24
-4.352410e-03 1.541117e-24
-4.351060e-03 1.541681e-24
-4.349711e-03 1.542246e-24
-4.348361e-03 1.542810e-24
-4.347012e-03 1.543374e-24
-4.345662e-03 1.543938e-24
-4.344313e-03 1.544501e-24
-4.342963e-03 1.545065e-24
-4.341613e-03 1.545628e-24
-4.340264e-03 1.546191e-24
-4.338914e-03 1.546754e-24
-4.337565e-03 1.547317e-24
-4.336215e-03 1.547879e-24
-4.334865e-03 1.548441e-24
-4.333516e-03 1.549003e-24
-4.332166e-03 1.549565e-24
-4.330817e-03 1.550126e-24
-4.329467e-03 1.550687e-24
-4.328118e-03 1.551247e-24
-4.326768e-03 1.551808e-24
-4.325418e-03 1.552368e-24
-4.324069e-03 1.552927e-24
-4.322719e-03 1.553486e-24
-4.321370e-03 1.554045e-24
-4.320020e-03 1.554603e-24
-4.318670e-03 1.555161e-24
-4.317321e-03 1.555719e-24
-4.315971e-03 1.556276e-24
-4.314622e-03 1.556833e-24
-4.313272e-03 1.557389e-24
-4.311923e-03 1.557945e-24
-4.310573e-03 1.558500e-24
-4.309223e-03 1.559055e-24
-4.307874e-03 1.559609e-24
-4.306524e-03 1.560163e-24
-4.305175e-03 1.560717e-24
-4.303825e-03 1.561269e-24
-4.302475e-03 1.561821e-24
-4.301126e-03 1.562373e-24
-4.299776e-03 1.562924e-24
-4.298427e-03 1.563475e-24
-4.297077e-03 1.564024e-24
-4.295728e-03 1.564574e-24
-4.294378e-03 1.565122e-24
-4.293028e-03 1.565670e-24
-4.291679e-03 1.566218e-24
-4.290329e-03 1.566764e-24
-4.288980e-03 1.567310e-24
-4.287630e-03 1.567856e-24
-4.286280e-03 1.568400e-24
-4.284931e-03 1.568944e-24
-4.283581e-03 1.569487e-24
-4.282232e-03 1.570030e-24
-4.280882e-03 1.570571e-24
-4.279533e-03 1.571112e-24
-4.278183e-03 1.571653e-24
-4.276833e-03 1.572192e-24
-4.275484e-03 1.572731e-24
-4.274134e-03 1.573268e-24
-4.272785e-03 1.573805e-24
-4.271435e-03 1.574342e-24
-4.270085e-03 1.574877e-24
-4.268736e-03 1.575411e-24
-4.267386e-03 1.575945e-24
-4.266037e-03 1.576478e-24
-4.264687e-03 1.577010e-24
-4.263337e-03 1.577541e-24
-4.261988e-03 1.578071e-24
-4.260638e-03 1.578600e-24
-4.259289e-03 1.579128e-24
-4.257939e-03 1.579655e-24
-4.256590e-03 1.580182e-24
-4.255240e-03 1.580707e-24
-4.253890e-03 1.581231e-24
-4.252541e-03 1.581755e-24
-4.251191e-03 1.582277e-24
-4.249842e-03 1.582799e-24
-4.248492e-03 1.583319e-24
-4.247142e-03 1.583839e-24
-4.245793e-03 1.584357e-24
-4.244443e-03 1.584874e-24
-4.243094e-03 1.585391e-24
-4.241744e-03 1.585906e-24
-4.240395e-03 1.586420e-24
-4.239045e-03 1.586933e-24
-4.237695e-03 1.587445e-24
-4.236346e-03 1.587956e-24
-4.234996e-03 1.588466e-24
-4.233647e-03 1.588975e-24
-4.232297e-03 1.589483e-24
-4.230947e-03 1.589989e-24
-4.229598e-03 1.590495e-24
-4.228248e-03 1.590999e-24
-4.226899e-03 1.591502e-24
-4.225549e-03 1.592004e-24
-4.224200e-03 1.592505e-24
-4.222850e-03 1.593004e-24
-4.221500e-03 1.593503e-24
-4.220151e-03 1.594000e-24
-4.218801e-03 1.594496e-24
-4.217452e-03 1.594991e-24
-4.216102e-03 1.595485e-24
-4.214752e-03 1.595977e-24
-4.213403e-03 1.596469e-24
-4.212053e-03 1.596959e-24
-4.210704e-03 1.597447e-24
-4.209354e-03 1.597935e-24
-4.208005e-03 1.598421e-24
-4.206655e-03 1.598906e-24
-4.205305e-03 1.599390e-24
-4.203956e-03 1.599873e-24
-4.202606e-03 1.600354e-24
-4.201257e-03 1.600834e-24
-4.199907e-03 1.601313e-24
-4.198557e-03 1.601791e-24
-4.197208e-03 1.602267e-24
-4.195858e-03 1.602742e-24
-4.194509e-03 1.603216e-24
-4.193159e-03 1.603688e-24
-4.191810e-03 1.604159e-24
-4.190460e-03 1.604629e-24
-4.189110e-03 1.605098e-24
-4.187761e-03 1.605565e-24
-4.186411e-03 1.606031e-24
-4.185062e-03 1.606496e-24
-4.183712e-03 1.606959e-24
-4.182362e-03 1.607421e-24
-4.181013e-03 1.607882e-24
-4.179663e-03 1.608342e-24
-4.178314e-03 1.608800e-24
-4.176964e-03 1.609257e-24
-4.175615e-03 1.609712e-24
-4.174265e-03 1.610167e-24
-4.172915e-03 1.610620e-24
-4.171566e-03 1.611071e-24
-4.170216e-03 1.611522e-24
-4.168867e-03 1.611971e-24
-4.167517e-03 1.612419e-24
-4.166167e-03 1.612865e-24
-4.164818e-03 1.613310e-24
-4.163468e-03 1.613754e-24
-4.162119e-03 1.614197e-24
-4.160769e-03 1.614638e-24
-4.159419e-03 1.615078e-24
-4.158070e-03 1.615517e-24
-4.156720e-03 1.615954e-24
-4.155371e-03 1.616391e-24
-4.154021e-03 1.616826e-24
-4.152672e-03 1.617259e-24
-4.151322e-03 1.617692e-24
-4.149972e-03 1.618123e-24
-4.148623e-03 1.618553e-24
-4.147273e-03 1.618982e-24
-4.145924e-03 1.619409e-24
-4.144574e-03 1.619835e-24
-4.143224e-03 1.620260e-24
-4.141875e-03 1.620684e-24
-4.140525e-03 1.621106e-24
-4.139176e-03 1.621528e-24
-4.137826e-03 1.621948e-24
-4.136477e-03 1.622367e-24
-4.135127e-03 1.622784e-24
-4.133777e-03 1.623201e-24
-4.132428e-03 1.623616e-24
-4.131078e-03 1.624030e-24
-4.129729e-03 1.624443e-24
-4.128379e-03 1.624855e-24
-4.127029e-03 1.625266e-24
-4.125680e-03 1.625675e-24
-4.124330e-03 1.626084e-24
-4.122981e-03 1.626491e-24
-4.121631e-03 1.626897e-24
-4.120282e-03 1.627303e-24
-4.118932e-03 1.627707e-24
-4.117582e-03 1.628110e-24
-4.116233e-03 1.628511e-24
-4.114883e-03 1.628912e-24
-4.113534e-03 1.629312e-24
-4.112184e-03 1.629711e-24
-4.110834e-03 1.630109e-24
-4.109485e-03 1.630505e-24
-4.108135e-03 1.630901e-24
-4.106786e-03 1.631296e-24
-4.105436e-03 1.631690e-24
-4.104087e-03 1.632083e-24
-4.102737e-03 1.632474e-24
-4.101387e-03 1.632865e-24
-4.100038e-03 1.633255e-24
-4.098688e-03 1.633645e-24
-4.097339e-03 1.634033e-24
-4.095989e-03 1.634420e-24
-4.094639e-03 1.634807e-24
-4.093290e-03 1.635192e-24
-4.091940e-03 1.635577e-24
-4.090591e-03 1.635961e-24
-4.089241e-03 1.636344e-24
-4.087892e-03 1.636727e-24
-4.086542e-03 1.637108e-24
-4.085192e-03 1.637489e-24
-4.083843e-03 1.637869e-24
-4.082493e-03 1.638249e-24
-4.081144e-03 1.638627e-24
-4.079794e-03 1.639005e-24
-4.078444e-03 1.639383e-24
-4.077095e-03 1.639759e-24
-4.075745e-03 1.640135e-24
-4.074396e-03 1.640511e-24
-4.073046e-03 1.640886e-24
-4.071696e-03 1.641260e-24
-4.070347e-03 1.641633e-24
-4.068997e-03 1.642007e-24
-4.067648e-03 1.642379e-24
-4.066298e-03 1.642751e-24
-4.064949e-03 1.643123e-24
-4.063599e-03 1.643494e-24
-4.062249e-03 1.643864e-24
-4.060900e-03 1.644234e-24
-4.059550e-03 1.644604e-24
-4.058201e-03 1.644973e-24
-4.056851e-03 1.645342e-24
-4.055501e-03 1.645711e-24
-4.054152e-03 1.646079e-24
-4.052802e-03 1.646447e-24
-4.051453e-03 1.646814e-24
-4.050103e-03 1.647182e-24
-4.048754e-03 1.647548e-24
-4.047404e-03 1.647915e-24
-4.046054e-03 1.648282e-24
-4.044705e-03 1.648648e-24
-4.043355e-03 1.649014e-24
-4.042006e-03 1.649380e-24
-4.040656e-03 1.649746e-24
-4.039306e-03 1.650112e-24
-4.037957e-03 1.650477e-24
-4.036607e-03 1.650843e-24
-4.035258e-03 1.651208e-24
-4.033908e-03 1.651573e-24
-4.032559e-03 1.651939e-24
-4.031209e-03 1.652304e-24
-4.029859e-03 1.652669e-24
-4.028510e-03 1.653035e-24
-4.027160e-03 1.653400e-24
-4.025811e-03 1.653766e-24
-4.024461e-03 1.654131e-24
-4.023111e-03 1.654497e-24
-4.021762e-03 1.654863e-24
-4.020412e-03 1.655229e-24
-4.019063e-03 1.655596e-24
-4.017713e-03 1.655962e-24
-4.016364e-03 1.656329e-24
-4.015014e-03 1.656696e-24
-4.013664e-03 1.657063e-24
-4.012315e-03 1.657431e-24
-4.010965e-03 1.657799e-24
-4.009616e-03 1.658167e-24
-4.008266e-03 1.658536e-24
-4.006916e-03 1.658905e-24
-4.005567e-03 1.659274e-24
-4.004217e-03 1.659644e-24
-4.002868e-03 1.660014e-24
-4.001518e-03 1.660385e-24
-4.000169e-03 1.660756e-24
-3.998819e-03 1.661128e-24
-3.997469e-03 1.661501e-24
-3.996120e-03 1.661874e-24
-3.994770e-03 1.662247e-24
-3.993421e-03 1.662621e-24
-3.992071e-03 1.662996e-24
-3.990721e-03 1.663371e-24
-3.989372e-03 1.663747e-24
-3.988022e-03 1.664124e-24
-3.986673e-03 1.664502e-24
-3.985323e-03 1.664880e-24
-3.983974e-03 1.665259e-24
-3.982624e-03 1.665639e-24
-3.981274e-03 1.666019e-24
-3.979925e-03 1.666401e-24
-3.978575e-03 1.666783e-24
-3.977226e-03 1.667166e-24
-3.975876e-03 1.667550e-24
-3.974526e-03 1.667935e-24
-3.973177e-03 1.668321e-24
-3.971827e-03 1.668707e-24
-3.970478e-03 1.669095e-24
-3.969128e-03 1.669484e-24
-3.967778e-03 1.669873e-24
-3.966429e-03 1.670264e-24
-3.965079e-03 1.670656e-24
-3.963730e-03 1.671049e-24
-3.962380e-03 1.671443e-24
-3.961031e-03 1.671838e-24
-3.959681e-03 1.672234e-24
-3.958331e-03 1.672631e-24
-3.956982e-03 1.673030e-24
-3.955632e-03 1.673429e-24
-3.954283e-03 1.673830e-24
-3.952933e-03 1.674232e-24
-3.951583e-03 1.674636e-24
-3.950234e-03 1.675040e-24
-3.948884e-03 1.675446e-24
-3.947535e-03 1.675853e-24
-3.946185e-03 1.676262e-24
-3.944836e-03 1.676671e-24
-3.943486e-03 1.677082e-24
-3.942136e-03 1.677495e-24
-3.940787e-03 1.677909e-24
-3.939437e-03 1.678324e-24
-3.938088e-03 1.678741e-24
-3.936738e-03 1.679159e-24
-3.935388e-03 1.679578e-24
-3.934039e-03 1.679999e-24
-3.932689e-03 1.680422e-24
-3.931340e-03 1.680846e-24
-3.929990e-03 1.681272e-24
-3.928641e-03 1.681699e-24
-3.927291e-03 1.682127e-24
-3.925941e-03 1.682557e-24
-3.924592e-03 1.682989e-24
-3.923242e-03 1.683422e-24
-3.921893e-03 1.683857e-24
-3.920543e-03 1.684294e-24
-3.919193e-03 1.684732e-24
-3.917844e-03 1.685172e-24
-3.916494e-03 1.685613e-24
-3.915145e-03 1.686056e-24
-3.913795e-03 1.686501e-24
-3.912446e-03 1.686948e-24
-3.911096e-03 1.687396e-24
-3.909746e-03 1.687846e-24
-3.908397e-03 1.688298e-24
-3.907047e-03 1.688751e-24
-3.905698e-03 1.689206e-24
-3.904348e-03 1.689663e-24
-3.902998e-03 1.690122e-24
-3.901649e-03 1.690582e-24
-3.900299e-03 1.691045e-24
-3.898950e-03 1.691509e-24
-3.897600e-03 1.691975e-24
-3.896251e-03 1.692443e-24
-3.894901e-03 1.692912e-24
-3.893551e-03 1.693384e-24
-3.892202e-03 1.693857e-24
-3.890852e-03 1.694332e-24
-3.889503e-03 1.694809e-24
-3.888153e-03 1.695288e-24
-3.886803e-03 1.695769e-24
-3.885454e-03 1.696252e-24
-3.884104e-03 1.696737e-24
-3.882755e-03 1.697223e-24
-3.881405e-03 1.697712e-24
-3.880055e-03 1.698202e-24
-3.878706e-03 1.698695e-24
-3.877356e-03 1.699189e-24
-3.876007e-03 1.699685e-24
-3.874657e-03 1.700183e-24
-3.873308e-03 1.700684e-24
-3.871958e-03 1.701186e-24
-3.870608e-03 1.701690e-24
-3.869259e-03 1.702196e-24
-3.867909e-03 1.702704e-24
-3.866560e-03 1.703214e-24
-3.865210e-03 1.703726e-24
-3.863860e-03 1.704240e-24
-3.862511e-03 1.704756e-24
-3.861161e-03 1.705274e-24
-3.859812e-03 1.705794e-24
-3.858462e-03 1.706316e-24
-3.857113e-03 1.706840e-24
-3.855763e-03 1.707366e-24
-3.854413e-03 1.707893e-24
-3.853064e-03 1.708423e-24
-3.851714e-03 1.708955e-24
-3.850365e-03 1.709489e-24
-3.849015e-03 1.710025e-24
-3.847665e-03 1.710563e-24
-3.846316e-03 1.711103e-24
-3.844966e-03 1.711645e-24
-3.843617e-03 1.712189e-24
-3.842267e-03 1.712735e-24
-3.840918e-03 1.713283e-24
-3.839568e-03 1.713833e-24
-3.838218e-03 1.714385e-24
-3.836869e-03 1.714939e-24
-3.835519e-03 1.715495e-24
-3.834170e-03 1.716053e-24
-3.832820e-03 1.716613e-24
-3.831470e-03 1.717175e-24
-3.830121e-03 1.717739e-24
-3.828771e-03 1.718304e-24
-3.827422e-03 1.718872e-24
-3.826072e-03 1.719442e-24
-3.824723e-03 1.720014e-24
-3.823373e-03 1.720588e-24
-3.822023e-03 1.721163e-24
-3.820674e-03 1.721741e-24
-3.819324e-03 1.722320e-24
-3.817975e-03 1.722902e-24
-3.816625e-03 1.723485e-24
-3.815275e-03 1.724071e-24
-3.813926e-03 1.724658e-24
-3.812576e-03 1.725248e-24
-3.811227e-03 1.725839e-24
-3.809877e-03 1.726432e-24
-3.808528e-03 1.727027e-24
-3.807178e-03 1.727624e-24
-3.805828e-03 1.728222e-24
-3.804479e-03 1.728823e-24
-3.803129e-03 1.729425e-24
-3.801780e-03 1.730030e-24
-3.800430e-03 1.730636e-24
-3.799080e-03 1.731244e-24
-3.797731e-03 1.731854e-24
-3.796381e-03 1.732465e-24
-3.795032e-03 1.733079e-24
-3.793682e-03 1.733694e-24
-3.792333e-03 1.734311e-24
-3.790983e-03 1.734930e-24
-3.789633e-03 1.735551e-24
-3.788284e-03 1.736173e-24
-3.786934e-03 1.736798e-24
-3.785585e-03 1.737423e-24
-3.784235e-03 1.738051e-24
-3.782885e-03 1.738681e-24
-3.781536e-03 1.739312e-24
-3.780186e-03 1.739944e-24
-3.778837e-03 1.740579e-24
-3.777487e-03 1.741215e-24
-3.776137e-03 1.741853e-24
-3.774788e-03 1.742493e-24
-3.773438e-03 1.743134e-24
-3.772089e-03 1.743777e-24
-3.770739e-03 1.744421e-24
-3.769390e-03 1.745067e-24
-3.768040e-03 1.745715e-24
-3.766690e-03 1.746364e-24
-3.765341e-03 1.747015e-24
-3.763991e-03 1.747667e-24
-3.762642e-03 1.748321e-24
-3.761292e-03 1.748977e-24
-3.759942e-03 1.749634e-24
-3.758593e-03 1.750292e-24
-3.757243e-03 1.750952e-24
-3.755894e-03 1.751614e-24
-3.754544e-03 1.752277e-24
-3.753195e-03 1.752941e-24
-3.751845e-03 1.753607e-24
-3.750495e-03 1.754274e-24
-3.749146e-03 1.754943e-24
-3.747796e-03 1.755613e-24
-3.746447e-03 1.756285e-24
-3.745097e-03 1.756957e-24
-3.743747e-03 1.757632e-24
-3.742398e-03 1.758307e-24
-3.741048e-03 1.758984e-24
-3.739699e-03 1.759662e-24
-3.738349e-03 1.760342e-24
-3.737000e-03 1.761023e-24
-3.735650e-03 1.761705e-24
-3.734300e-03 1.762388e-24
-3.732951e-03 1.763073e-24
-3.731601e-03 1.763759e-24
-3.730252e-03 1.764446e-24
-3.728902e-03 1.765134e-24
-3.727552e-03 1.765824e-24
-3.726203e-03 1.766514e-24
-3.724853e-03 1.767206e-24
-3.723504e-03 1.767899e-24
-3.722154e-03 1.768593e-24
-3.720805e-03 1.769289e-24
-3.719455e-03 1.769985e-24
-3.718105e-03 1.770682e-24
-3.716756e-03 1.771381e-24
-3.715406e-03 1.772080e-24
-3.714057e-03 1.772781e-24
-3.712707e-03 1.773483e-24
-3.711357e-03 1.774185e-24
-3.710008e-03 1.774889e-24
-3.708658e-03 1.775594e-24
-3.707309e-03 1.776299e-24
-3.705959e-03 1.777006e-24
-3.704610e-03 1.777714e-24
-3.703260e-03 1.778422e-24
-3.701910e-03 1.779132e-24
-3.700561e-03 1.779842e-24
-3.699211e-03 1.780553e-24
-3.697862e-03 1.781265e-24
-3.696512e-03 1.781978e-24
-3.695162e-03 1.782692e-24
-3.693813e-03 1.783407e-24
-3.692463e-03 1.784123e-24
-3.691114e-03 1.784839e-24
-3.689764e-03 1.785556e-24
-3.688414e-03 1.786274e-24
-3.687065e-03 1.786993e-24
-3.685715e-03 1.787712e-24
-3.684366e-03 1.788433e-24
-3.683016e-03 1.789154e-24
-3.681667e-03 1.789875e-24
-3.680317e-03 1.790598e-24
-3.678967e-03 1.791321e-24
-3.677618e-03 1.792045e-24
-3.676268e-03 1.792769e-24
-3.674919e-03 1.793495e-24
-3.673569e-03 1.794220e-24
-3.672219e-03 1.794947e-24
-3.670870e-03 1.795674e-24
-3.669520e-03 1.796402e-24
-3.668171e-03 1.797130e-24
-3.666821e-03 1.797859e-24
-3.665472e-03 1.798589e-24
-3.664122e-03 1.799319e-24
-3.662772e-03 1.800050e-24
-3.661423e-03 1.800781e-24
-3.660073e-03 1.801513e-24
-3.658724e-03 1.802245e-24
-3.657374e-03 1.802978e-24
-3.656024e-03 1.803711e-24
-3.654675e-03 1.804445e-24
-3.653325e-03 1.805179e-24
-3.651976e-03 1.805914e-24
-3.650626e-03 1.806649e-24
-3.649277e-03 1.807385e-24
-3.647927e-03 1.808121e-24
-3.646577e-03 1.808858e-24
-3.645228e-03 1.809595e-24
-3.643878e-03 1.810333e-24
-3.642529e-03 1.811071e-24
-3.641179e-03 1.811809e-24
-3.639829e-03 1.812548e-24
-3.638480e-03 1.813287e-24
-3.637130e-03 1.814027e-24
-3.635781e-03 1.814767e-24
-3.634431e-03 1.815507e-24
-3.633082e-03 1.816248e-24
-3.631732e-03 1.816989e-24
-3.630382e-03 1.817730e-24
-3.629033e-03 1.818472e-24
-3.627683e-03 1.819214e-24
-3.626334e-03 1.819956e-24
-3.624984e-03 1.820699e-24
-3.623634e-03 1.821442e-24
-3.622285e-03 1.822186e-24
-3.620935e-03 1.822929e-24
-3.619586e-03 1.823673e-24
-3.618236e-03 1.824418e-24
-3.616887e-03 1.825162e-24
-3.615537e-03 1.825907e-24
-3.614187e-03 1.826652e-24
-3.612838e-03 1.827398e-24
-3.611488e-03 1.828143e-24
-3.610139e-03 1.828889e-24
-3.608789e-03 1.829635e-24
-3.607439e-03 1.830382e-24
-3.606090e-03 1.831129e-24
-3.604740e-03 1.831876e-24
-3.603391e-03 1.832623e-24
-3.602041e-03 1.833371e-24
-3.600691e-03 1.834118e-24
-3.599342e-03 1.834866e-24
-3.597992e-03 1.835615e-24
-3.596643e-03 1.836363e-24
-3.595293e-03 1.837112e-24
-3.593944e-03 1.837861e-24
-3.592594e-03 1.838610e-24
-3.591244e-03 1.839360e-24
-3.589895e-03 1.840109e-24
-3.588545e-03 1.840859e-24
-3.587196e-03 1.841609e-24
-3.585846e-03 1.842360e-24
-3.584496e-03 1.843110e-24
-3.583147e-03 1.843861e-24
-3.581797e-03 1.844612e-24
-3.580448e-03 1.845364e-24
-3.579098e-03 1.846115e-24
-3.577749e-03 1.846867e-24
-3.576399e-03 1.847619e-24
-3.575049e-03 1.848371e-24
-3.573700e-03 1.849124e-24
-3.572350e-03 1.849876e-24
-3.571001e-03 1.850629e-24
-3.569651e-03 1.851382e-24
-3.568301e-03 1.852136e-24
-3.566952e-03 1.852889e-24
-3.565602e-03 1.853643e-24
-3.564253e-03 1.854398e-24
-3.562903e-03 1.855152e-24
-3.561554e-03 1.855907e-24
-3.560204e-03 1.856661e-24
-3.558854e-03 1.857417e-24
-3.557505e-03 1.858172e-24
-3.556155e-03 1.858928e-24
-3.554806e-03 1.859684e-24
-3.553456e-03 1.860440e-24
-3.552106e-03 1.861196e-24
-3.550757e-03 1.861953e-24
-3.549407e-03 1.862710e-24
-3.548058e-03 1.863467e-24
-3.546708e-03 1.864225e-24
-3.545359e-03 1.864983e-24
-3.544009e-03 1.865741e-24
-3.542659e-03 1.866499e-24
-3.541310e-03 1.867258e-24
-3.539960e-03 1.868017e-24
-3.538611e-03 1.868777e-24
-3.537261e-03 1.869536e-24
-3.535911e-03 1.870296e-24
-3.534562e-03 1.871057e-24
-3.533212e-03 1.871817e-24
-3.531863e-03 1.872578e-24
-3.530513e-03 1.873340e-24
-3.529164e-03 1.874101e-24
-3.527814e-03 1.874863e-24
-3.526464e-03 1.875626e-24
-3.525115e-03 1.876388e-24
-3.523765e-03 1.877151e-24
-3.522416e-03 1.877915e-24
-3.521066e-03 1.878678e-24
-3.519716e-03 1.879443e-24
-3.518367e-03 1.880207e-24
-3.517017e-03 1.880972e-24
-3.515668e-03 1.881737e-24
-3.514318e-03 1.882503e-24
-3.512969e-03 1.883269e-24
-3.511619e-03 1.884036e-24
-3.510269e-03 1.884803e-24
-3.508920e-03 1.885570e-24
-3.507570e-03 1.886338e-24
-3.506221e-03 1.887106e-24
-3.504871e-03 1.887875e-24
-3.503521e-03 1.888644e-24
-3.502172e-03 1.889413e-24
-3.500822e-03 1.890183e-24
-3.499473e-03 1.890954e-24
-3.498123e-03 1.891725e-24
-3.496773e-03 1.892496e-24
-3.495424e-03 1.893268e-24
-3.494074e-03 1.894040e-24
-3.492725e-03 1.894813e-24
-3.491375e-03 1.895586e-24
-3.490026e-03 1.896360e-24
-3.488676e-03 1.897134e-24
-3.487326e-03 1.897909e-24
-3.485977e-03 1.898684e-24
-3.484627e-03 1.899460e-24
-3.483278e-03 1.900237e-24
-3.481928e-03 1.901013e-24
-3.480578e-03 1.901791e-24
-3.479229e-03 1.902569e-24
-3.477879e-03 1.903347e-24
-3.476530e-03 1.904126e-24
-3.475180e-03 1.904906e-24
-3.473831e-03 1.905686e-24
-3.472481e-03 1.906467e-24
-3.471131e-03 1.907248e-24
-3.469782e-03 1.908030e-24
-3.468432e-03 1.908812e-24
-3.467083e-03 1.909595e-24
-3.465733e-03 1.910378e-24
-3.464383e-03 1.911163e-24
-3.463034e-03 1.911947e-24
-3.461684e-03 1.912733e-24
-3.460335e-03 1.913518e-24
-3.458985e-03 1.914305e-24
-3.457636e-03 1.915092e-24
-3.456286e-03 1.915880e-24
-3.454936e-03 1.916668e-24
-3.453587e-03 1.917457e-24
-3.452237e-03 1.918247e-24
-3.450888e-03 1.919037e-24
-3.449538e-03 1.919828e-24
-3.448188e-03 1.920619e-24
-3.446839e-03 1.921411e-24
-3.445489e-03 1.922204e-24
-3.444140e-03 1.922997e-24
-3.442790e-03 1.923791e-24
-3.441441e-03 1.924586e-24
-3.440091e-03 1.925381e-24
-3.438741e-03 1.926177e-24
-3.437392e-03 1.926973e-24
-3.436042e-03 1.927771e-24
-3.434693e-03 1.928568e-24
-3.433343e-03 1.929367e-24
-3.431993e-03 1.930166e-24
-3.430644e-03 1.930966e-24
-3.429294e-03 1.931766e-24
-3.427945e-03 1.932567e-24
-3.426595e-03 1.933369e-24
-3.425246e-03 1.934171e-24
-3.423896e-03 1.934974e-24
-3.422546e-03 1.935777e-24
-3.421197e-03 1.936582e-24
-3.419847e-03 1.937386e-24
-3.418498e-03 1.938192e-24
-3.417148e-03 1.938998e-24
-3.415798e-03 1.939805e-24
-3.414449e-03 1.940612e-24
-3.413099e-03 1.941420e-24
-3.411750e-03 1.942229e-24
-3.410400e-03 1.943038e-24
-3.409050e-03 1.943848e-24
-3.407701e-03 1.944658e-24
-3.406351e-03 1.945469e-24
-3.405002e-03 1.946281e-24
-3.403652e-03 1.947093e-24
-3.402303e-03 1.947905e-24
-3.400953e-03 1.948719e-24
-3.399603e-03 1.949533e-24
-3.398254e-03 1.950347e-24
-3.396904e-03 1.951162e-24
-3.395555e-03 1.951978e-24
-3.394205e-03 1.952794e-24
-3.392855e-03 1.953611e-24
-3.391506e-03 1.954428e-24
-3.390156e-03 1.955246e-24
-3.388807e-03 1.956064e-24
-3.387457e-03 1.956883e-24
-3.386108e-03 1.957702e-24
-3.384758e-03 1.958522e-24
-3.383408e-03 1.959342e-24
-3.382059e-03 1.960163e-24
-3.380709e-03 1.960984e-24
-3.379360e-03 1.961806e-24
-3.378010e-03 1.962628e-24
-3.376660e-03 1.963451e-24
-3.375311e-03 1.964274e-24
-3.373961e-03 1.965097e-24
-3.372612e-03 1.965921e-24
-3.371262e-03 1.966745e-24
-3.369913e-03 1.967570e-24
-3.368563e-03 1.968395e-24
-3.367213e-03 1.969221e-24
-3.365864e-03 1.970046e-24
-3.364514e-03 1.970872e-24
-3.363165e-03 1.971699e-24
-3.361815e-03 1.972526e-24
-3.360465e-03 1.973353e-24
-3.359116e-03 1.974180e-24
-3.357766e-03 1.975007e-24
-3.356417e-03 1.975835e-24
-3.355067e-03 1.976663e-24
-3.353718e-03 1.977492e-24
-3.352368e-03 1.978320e-24
-3.351018e-03 1.979149e-24
-3.349669e-03 1.979978e-24
-3.348319e-03 1.980807e-24
-3.346970e-03 1.981636e-24
-3.345620e-03 1.982466e-24
-3.344270e-03 1.983295e-24
-3.342921e-03 1.984125e-24
-3.341571e-03 1.984955e-24
-3.340222e-03 1.985785e-24
-3.338872e-03 1.986614e-24
-3.337523e-03 1.987444e-24
-3.336173e-03 1.988274e-24
-3.334823e-03 1.989104e-24
-3.333474e-03 1.989934e-24
-3.332124e-03 1.990764e-24
-3.330775e-03 1.991594e-24
-3.329425e-03 1.992424e-24
-3.328075e-03 1.993253e-24
-3.326726e-03 1.994083e-24
-3.325376e-03 1.994912e-24
-3.324027e-03 1.995742e-24
-3.322677e-03 1.996571e-24
-3.321328e-03 1.997400e-24
-3.319978e-03 1.998229e-24
-3.318628e-03 1.999057e-24
-3.317279e-03 1.999886e-24
-3.315929e-03 2.000714e-24
-3.314580e-03 2.001541e-24
-3.313230e-03 2.002369e-24
-3.311880e-03 2.003196e-24
-3.310531e-03 2.004023e-24
-3.309181e-03 2.004849e-24
-3.307832e-03 2.005675e-24
-3.306482e-03 2.006501e-24
-3.305132e-03 2.007326e-24
-3.303783e-03 2.008151e-24
-3.302433e-03 2.008975e-24
-3.301084e-03 2.009799e-24
-3.299734e-03 2.010622e-24
-3.298385e-03 2.011445e-24
-3.297035e-03 2.012267e-24
-3.295685e-03 2.013089e-24
-3.294336e-03 2.013910e-24
-3.292986e-03 2.014730e-24
-3.291637e-03 2.015550e-24
-3.290287e-03 2.016368e-24
-3.288937e-03 2.017187e-24
-3.287588e-03 2.018004e-24
-3.286238e-03 2.018821e-24
-3.284889e-03 2.019637e-24
-3.283539e-03 2.020452e-24
-3.282190e-03 2.021266e-24
-3.280840e-03 2.022080e-24
-3.279490e-03 2.022893e-24
-3.278141e-03 2.023704e-24
-3.276791e-03 2.024515e-24
-3.275442e-03 2.025325e-24
-3.274092e-03 2.026134e-24
-3.272742e-03 2.026942e-24
-3.271393e-03 2.027749e-24
-3.270043e-03 2.028554e-24
-3.268694e-03 2.029359e-24
-3.267344e-03 2.030163e-24
-3.265995e-03 2.030965e-24
-3.264645e-03 2.031767e-24
-3.263295e-03 2.032567e-24
-3.261946e-03 2.033366e-24
-3.260596e-03 2.034164e-24
-3.259247e-03 2.034961e-24
-3.257897e-03 2.035756e-24
-3.256547e-03 2.036550e-24
-3.255198e-03 2.037343e-24
-3.253848e-03 2.038135e-24
-3.252499e-03 2.038925e-24
-3.251149e-03 2.039713e-24
-3.249800e-03 2.040501e-24
-3.248450e-03 2.041287e-24
-3.247100e-03 2.042071e-24
-3.245751e-03 2.042854e-24
-3.244401e-03 2.043636e-24
-3.243052e-03 2.044416e-24
-3.241702e-03 2.045195e-24
-3.240352e-03 2.045972e-24
-3.239003e-03 2.046747e-24
-3.237653e-03 2.047521e-24
-3.236304e-03 2.048293e-24
-3.234954e-03 2.049064e-24
-3.233605e-03 2.049833e-24
-3.232255e-03 2.050600e-24
-3.230905e-03 2.051365e-24
-3.229556e-03 2.052129e-24
-3.228206e-03 2.052891e-24
-3.226857e-03 2.053652e-24
-3.225507e-03 2.054410e-24
-3.224157e-03 2.055167e-24
-3.222808e-03 2.055922e-24
-3.221458e-03 2.056675e-24
-3.220109e-03 2.057426e-24
-3.218759e-03 2.058176e-24
-3.217409e-03 2.058923e-24
-3.216060e-03 2.059669e-24
-3.214710e-03 2.060412e-24
-3.213361e-03 2.061154e-24
-3.212011e-03 2.061894e-24
-3.210662e-03 2.062632e-24
-3.209312e-03 2.063367e-24
-3.207962e-03 2.064101e-24
-3.206613e-03 2.064833e-24
-3.205263e-03 2.065563e-24
-3.203914e-03 2.066290e-24
-3.202564e-03 2.067016e-24
-3.201214e-03 2.067739e-24
-3.199865e-03 2.068461e-24
-3.198515e-03 2.069180e-24
-3.197166e-03 2.069897e-24
-3.195816e-03 2.070612e-24
-3.194467e-03 2.071325e-24
-3.193117e-03 2.072036e-24
-3.191767e-03 2.072744e-24
-3.190418e-03 2.073450e-24
-3.189068e-03 2.074154e-24
-3.187719e-03 2.074856e-24
-3.186369e-03 2.075556e-24
-3.185019e-03 2.076253e-24
-3.183670e-03 2.076948e-24
-3.182320e-03 2.077641e-24
-3.180971e-03 2.078332e-24
-3.179621e-03 2.079020e-24
-3.178272e-03 2.079706e-24
-3.176922e-03 2.080390e-24
-3.175572e-03 2.081072e-24
-3.174223e-03 2.081751e-24
-3.172873e-03 2.082428e-24
-3.171524e-03 2.083102e-24
-3.170174e-03 2.083775e-24
-3.168824e-03 2.084445e-24
-3.167475e-03 2.085112e-24
-3.166125e-03 2.085777e-24
-3.164776e-03 2.086440e-24
-3.163426e-03 2.087101e-24
-3.162077e-03 2.087759e-24
-3.160727e-03 2.088415e-24
-3.159377e-03 2.089068e-24
-3.158028e-03 2.089720e-24
-3.156678e-03 2.090368e-24
-3.155329e-03 2.091015e-24
-3.153979e-03 2.091659e-24
-3.152629e-03 2.092301e-24
-3.151280e-03 2.092940e-24
-3.149930e-03 2.093577e-24
-3.148581e-03 2.094212e-24
-3.147231e-03 2.094844e-24
-3.145882e-03 2.095474e-24
-3.144532e-03 2.096102e-24
-3.143182e-03 2.096727e-24
-3.141833e-03 2.097350e-24
-3.140483e-03 2.097971e-24
-3.139134e-03 2.098589e-24
-3.137784e-03 2.099205e-24
-3.136434e-03 2.099819e-24
-3.135085e-03 2.100430e-24
-3.133735e-03 2.101039e-24
-3.132386e-03 2.101646e-24
-3.131036e-03 2.102251e-24
-3.129687e-03 2.102853e-24
-3.128337e-03 2.103453e-24
-3.126987e-03 2.104051e-24
-3.125638e-03 2.104646e-24
-3.124288e-03 2.105239e-24
-3.122939e-03 2.105830e-24
-3.121589e-03 2.106419e-24
-3.120239e-03 2.107006e-24
-3.118890e-03 2.107590e-24
-3.117540e-03 2.108172e-24
-3.116191e-03 2.108753e-24
-3.114841e-03 2.109330e-24
-3.113491e-03 2.109906e-24
-3.112142e-03 2.110480e-24
-3.110792e-03 2.111052e-24
-3.109443e-03 2.111621e-24
-3.108093e-03 2.112189e-24
-3.106744e-03 2.112754e-24
-3.105394e-03 2.113317e-24
-3.104044e-03 2.113879e-24
-3.102695e-03 2.114438e-24
-3.101345e-03 2.114995e-24
-3.099996e-03 2.115551e-24
-3.098646e-03 2.116104e-24
-3.097296e-03 2.116656e-24
-3.095947e-03 2.117206e-24
-3.094597e-03 2.117754e-24
-3.093248e-03 2.118300e-24
-3.091898e-03 2.118844e-24
-3.090549e-03 2.119386e-24
-3.089199e-03 2.119926e-24
-3.087849e-03 2.120465e-24
-3.086500e-03 2.121002e-24
-3.085150e-03 2.121538e-24
-3.083801e-03 2.122071e-24
-3.082451e-03 2.122603e-24
-3.081101e-03 2.123133e-24
-3.079752e-03 2.123662e-24
-3.078402e-03 2.124189e-24
-3.077053e-03 2.124715e-24
-3.075703e-03 2.125239e-24
-3.074354e-03 2.125761e-24
-3.073004e-03 2.126283e-24
-3.071654e-03 2.126802e-24
-3.070305e-03 2.127320e-24
-3.068955e-03 2.127837e-24
-3.067606e-03 2.128352e-24
-3.066256e-03 2.128866e-24
-3.064906e-03 2.129379e-24
-3.063557e-03 2.129891e-24
-3.062207e-03 2.130401e-24
-3.060858e-03 2.130910e-24
-3.059508e-03 2.131418e-24
-3.058159e-03 2.131925e-24
-3.056809e-03 2.132430e-24
-3.055459e-03 2.132935e-24
-3.054110e-03 2.133438e-24
-3.052760e-03 2.133940e-24
-3.051411e-03 2.134442e-24
-3.050061e-03 2.134942e-24
-3.048711e-03 2.135442e-24
-3.047362e-03 2.135940e-24
-3.046012e-03 2.136438e-24
-3.044663e-03 2.136935e-24
-3.043313e-03 2.137431e-24
-3.041964e-03 2.137927e-24
-3.040614e-03 2.138422e-24
-3.039264e-03 2.138916e-24
-3.037915e-03 2.139409e-24
-3.036565e-03 2.139902e-24
-3.035216e-03 2.140394e-24
-3.033866e-03 2.140886e-24
-3.032516e-03 2.141377e-24
-3.031167e-03 2.141868e-24
-3.029817e-03 2.142358e-24
-3.028468e-03 2.142848e-24
-3.027118e-03 2.143337e-24
-3.025768e-03 2.143826e-24
-3.024419e-03 2.144315e-24
-3.023069e-03 2.144804e-24
-3.021720e-03 2.145292e-24
-3.020370e-03 2.145781e-24
-3.019021e-03 2.146269e-24
-3.017671e-03 2.146757e-24
-3.016321e-03 2.147245e-24
-3.014972e-03 2.147733e-24
-3.013622e-03 2.148221e-24
-3.012273e-03 2.148709e-24
-3.010923e-03 2.149197e-24
-3.009573e-03 2.149686e-24
-3.008224e-03 2.150174e-24
-3.006874e-03 2.150663e-24
-3.005525e-03 2.151152e-24
-3.004175e-03 2.151641e-24
-3.002826e-03 2.152131e-24
-3.001476e-03 2.152620e-24
-3.000126e-03 2.153111e-24
-2.998777e-03 2.153602e-24
-2.997427e-03 2.154093e-24
-2.996078e-03 2.154585e-24
-2.994728e-03 2.155077e-24
-2.993378e-03 2.155570e-24
-2.992029e-03 2.156064e-24
-2.990679e-03 2.156558e-24
-2.989330e-03 2.157053e-24
-2.987980e-03 2.157548e-24
-2.986631e-03 2.158045e-24
-2.985281e-03 2.158542e-24
-2.983931e-03 2.159040e-24
-2.982582e-03 2.159540e-24
-2.981232e-03 2.160040e-24
-2.979883e-03 2.160541e-24
-2.978533e-03 2.161043e-24
-2.977183e-03 2.161546e-24
-2.975834e-03 2.162050e-24
-2.974484e-03 2.162555e-24
-2.973135e-03 2.163062e-24
-2.971785e-03 2.163569e-24
-2.970436e-03 2.164078e-24
-2.969086e-03 2.164588e-24
-2.967736e-03 2.165100e-24
-2.966387e-03 2.165613e-24
-2.965037e-03 2.166127e-24
-2.963688e-03 2.166642e-24
-2.962338e-03 2.167159e-24
-2.960988e-03 2.167678e-24
-2.959639e-03 2.168198e-24
-2.958289e-03 2.168720e-24
-2.956940e-03 2.169243e-24
-2.955590e-03 2.169768e-24
-2.954241e-03 2.170294e-24
-2.952891e-03 2.170822e-24
-2.951541e-03 2.171352e-24
-2.950192e-03 2.171884e-24
-2.948842e-03 2.172417e-24
-2.947493e-03 2.172953e-24
-2.946143e-03 2.173490e-24
-2.944793e-03 2.174029e-24
-2.943444e-03 2.174570e-24
-2.942094e-03 2.175113e-24
-2.940745e-03 2.175657e-24
-2.939395e-03 2.176204e-24
-2.938045e-03 2.176753e-24
-2.936696e-03 2.177304e-24
-2.935346e-03 2.177857e-24
-2.933997e-03 2.178412e-24
-2.932647e-03 2.178970e-24
-2.931298e-03 2.179529e-24
-2.929948e-03 2.180091e-24
-2.928598e-03 2.180655e-24
-2.927249e-03 2.181221e-24
-2.925899e-03 2.181790e-24
-2.924550e-03 2.182361e-24
-2.923200e-03 2.182934e-24
-2.921850e-03 2.183509e-24
-2.920501e-03 2.184087e-24
-2.919151e-03 2.184668e-24
-2.917802e-03 2.185251e-24
-2.916452e-03 2.185836e-24
-2.915103e-03 2.186424e-24
-2.913753e-03 2.187014e-24
-2.912403e-03 2.187607e-24
-2.911054e-03 2.188202e-24
-2.909704e-03 2.188800e-24
-2.908355e-03 2.189401e-24
-2.907005e-03 2.190004e-24
-2.905655e-03 2.190610e-24
-2.904306e-03 2.191218e-24
-2.902956e-03 2.191829e-24
-2.901607e-03 2.192443e-24
-2.900257e-03 2.193060e-24
-2.898908e-03 2.193679e-24
-2.897558e-03 2.194301e-24
-2.896208e-03 2.194926e-24
-2.894859e-03 2.195554e-24
-2.893509e-03 2.196184e-24
-2.892160e-03 2.196818e-24
-2.890810e-03 2.197454e-24
-2.889460e-03 2.198093e-24
-2.888111e-03 2.198734e-24
-2.886761e-03 2.199379e-24
-2.885412e-03 2.200027e-24
-2.884062e-03 2.200677e-24
-2.882713e-03 2.201330e-24
-2.881363e-03 2.201987e-24
-2.880013e-03 2.202646e-24
-2.878664e-03 2.203308e-24
-2.877314e-03 2.203973e-24
-2.875965e-03 2.204641e-24
-2.874615e-03 2.205312e-24
-2.873265e-03 2.205986e-24
-2.871916e-03 2.206663e-24
-2.870566e-03 2.207343e-24
-2.869217e-03 2.208026e-24
-2.867867e-03 2.208712e-24
-2.866518e-03 2.209401e-24
-2.865168e-03 2.210093e-24
-2.863818e-03 2.210788e-24
-2.862469e-03 2.211486e-24
-2.861119e-03 2.212187e-24
-2.859770e-03 2.212891e-24
-2.858420e-03 2.213599e-24
-2.857070e-03 2.214309e-24
-2.855721e-03 2.215022e-24
-2.854371e-03 2.215738e-24
-2.853022e-03 2.216458e-24
-2.851672e-03 2.217180e-24
-2.850323e-03 2.217906e-24
-2.848973e-03 2.218634e-24
-2.847623e-03 2.219366e-24
-2.846274e-03 2.220100e-24
-2.844924e-03 2.220838e-24
-2.843575e-03 2.221578e-24
-2.842225e-03 2.222322e-24
-2.840875e-03 2.223069e-24
-2.839526e-03 2.223818e-24
-2.838176e-03 2.224571e-24
-2.836827e-03 2.225327e-24
-2.835477e-03 2.226085e-24
-2.834127e-03 2.226847e-24
-2.832778e-03 2.227612e-24
-2.831428e-03 2.228380e-24
-2.830079e-03 2.229150e-24
-2.828729e-03 2.229924e-24
-2.827380e-03 2.230701e-24
-2.826030e-03 2.231480e-24
-2.824680e-03 2.232263e-24
-2.823331e-03 2.233048e-24
-2.821981e-03 2.233837e-24
-2.820632e-03 2.234628e-24
-2.819282e-03 2.235422e-24
-2.817932e-03 2.236219e-24
-2.816583e-03 2.237020e-24
-2.815233e-03 2.237822e-24
-2.813884e-03 2.238628e-24
-2.812534e-03 2.239437e-24
-2.811185e-03 2.240248e-24
-2.809835e-03 2.241063e-24
-2.808485e-03 2.241880e-24
-2.807136e-03 2.242700e-24
-2.805786e-03 2.243522e-24
-2.804437e-03 2.244348e-24
-2.803087e-03 2.245176e-24
-2.801737e-03 2.246007e-24
-2.800388e-03 2.246841e-24
-2.799038e-03 2.247677e-24
-2.797689e-03 2.248516e-24
-2.796339e-03 2.249358e-24
-2.794990e-03 2.250202e-24
-2.793640e-03 2.251049e-24
-2.792290e-03 2.251899e-24
-2.790941e-03 2.252751e-24
-2.789591e-03 2.253606e-24
-2.788242e-03 2.254463e-24
-2.786892e-03 2.255323e-24
-2.785542e-03 2.256186e-24
-2.784193e-03 2.257050e-24
-2.782843e-03 2.257918e-24
-2.781494e-03 2.258788e-24
-2.780144e-03 2.259660e-24
-2.778795e-03 2.260535e-24
-2.777445e-03 2.261412e-24
-2.776095e-03 2.262291e-24
-2.774746e-03 2.263173e-24
-2.773396e-03 2.264057e-24
-2.772047e-03 2.264944e-24
-2.770697e-03 2.265833e-24
-2.769347e-03 2.266724e-24
-2.767998e-03 2.267617e-24
-2.766648e-03 2.268512e-24
-2.765299e-03 2.269410e-24
-2.763949e-03 2.270310e-24
-2.762600e-03 2.271212e-24
-2.761250e-03 2.272116e-24
-2.759900e-03 2.273023e-24
-2.758551e-03 2.273931e-24
-2.757201e-03 2.274841e-24
-2.755852e-03 2.275754e-24
-2.754502e-03 2.276668e-24
-2.753152e-03 2.277585e-24
-2.751803e-03 2.278503e-24
-2.750453e-03 2.279424e-24
-2.749104e-03 2.280346e-24
-2.747754e-03 2.281270e-24
-2.746404e-03 2.282196e-24
-2.745055e-03 2.283124e-24
-2.743705e-03 2.284054e-24
-2.742356e-03 2.284986e-24
-2.741006e-03 2.285919e-24
-2.739657e-03 2.286854e-24
-2.738307e-03 2.287791e-24
-2.736957e-03 2.288730e-24
-2.735608e-03 2.289670e-24
-2.734258e-03 2.290612e-24
-2.732909e-03 2.291556e-24
-2.731559e-03 2.292501e-24
-2.730209e-03 2.293448e-24
-2.728860e-03 2.294396e-24
-2.727510e-03 2.295346e-24
-2.726161e-03 2.296297e-24
-2.724811e-03 2.297250e-24
-2.723462e-03 2.298205e-24
-2.722112e-03 2.299161e-24
-2.720762e-03 2.300118e-24
-2.719413e-03 2.301077e-24
-2.718063e-03 2.302037e-24
-2.716714e-03 2.302999e-24
-2.715364e-03 2.303962e-24
-2.714014e-03 2.304926e-24
-2.712665e-03 2.305892e-24
-2.711315e-03 2.306858e-24
-2.709966e-03 2.307826e-24
-2.708616e-03 2.308796e-24
-2.707267e-03 2.309766e-24
-2.705917e-03 2.310738e-24
-2.704567e-03 2.311711e-24
-2.703218e-03 2.312685e-24
-2.701868e-03 2.313660e-24
-2.700519e-03 2.314637e-24
-2.699169e-03 2.315614e-24
-2.697819e-03 2.316593e-24
-2.696470e-03 2.317573e-24
-2.695120e-03 2.318554e-24
-2.693771e-03 2.319535e-24
-2.692421e-03 2.320518e-24
-2.691072e-03 2.321502e-24
-2.689722e-03 2.322487e-24
-2.688372e-03 2.323472e-24
-2.687023e-03 2.324459e-24
-2.685673e-03 2.325447e-24
-2.684324e-03 2.326435e-24
-2.682974e-03 2.327425e-24
-2.681624e-03 2.328415e-24
-2.680275e-03 2.329406e-24
-2.678925e-03 2.330398e-24
-2.677576e-03 2.331391e-24
-2.676226e-03 2.332385e-24
-2.674877e-03 2.333380e-24
-2.673527e-03 2.334375e-24
-2.672177e-03 2.335371e-24
-2.670828e-03 2.336368e-24
-2.669478e-03 2.337366e-24
-2.668129e-03 2.338364e-24
-2.666779e-03 2.339363e-24
-2.665429e-03 2.340363e-24
-2.664080e-03 2.341364e-24
-2.662730e-03 2.342365e-24
-2.661381e-03 2.343367e-24
-2.660031e-03 2.344370e-24
-2.658682e-03 2.345373e-24
-2.657332e-03 2.346377e-24
-2.655982e-03 2.347382e-24
-2.654633e-03 2.348387e-24
-2.653283e-03 2.349393e-24
-2.651934e-03 2.350400e-24
-2.650584e-03 2.351407e-24
-2.649234e-03 2.352415e-24
-2.647885e-03 2.353423e-24
-2.646535e-03 2.354432e-24
-2.645186e-03 2.355442e-24
-2.643836e-03 2.356452e-24
-2.642486e-03 2.357463e-24
-2.641137e-03 2.358474e-24
-2.639787e-03 2.359486e-24
-2.638438e-03 2.360499e-24
-2.637088e-03 2.361512e-24
-2.635739e-03 2.362525e-24
-2.634389e-03 2.363540e-24
-2.633039e-03 2.364554e-24
-2.631690e-03 2.365570e-24
-2.630340e-03 2.366585e-24
-2.628991e-03 2.367602e-24
-2.627641e-03 2.368619e-24
-2.626291e-03 2.369636e-24
-2.624942e-03 2.370654e-24
-2.623592e-03 2.371673e-24
-2.622243e-03 2.372692e-24
-2.620893e-03 2.373712e-24
-2.619544e-03 2.374732e-24
-2.618194e-03 2.375753e-24
-2.616844e-03 2.376774e-24
-2.615495e-03 2.377796e-24
-2.614145e-03 2.378819e-24
-2.612796e-03 2.379842e-24
-2.611446e-03 2.380866e-24
-2.610096e-03 2.381890e-24
-2.608747e-03 2.382915e-24
-2.607397e-03 2.383940e-24
-2.606048e-03 2.384966e-24
-2.604698e-03 2.385993e-24
-2.603349e-03 2.387020e-24
-2.601999e-03 2.388048e-24
-2.600649e-03 2.389077e-24
-2.599300e-03 2.390106e-24
-2.597950e-03 2.391136e-24
-2.596601e-03 2.392166e-24
-2.595251e-03 2.393197e-24
-2.593901e-03 2.394229e-24
-2.592552e-03 2.395261e-24
-2.591202e-03 2.396294e-24
-2.589853e-03 2.397328e-24
-2.588503e-03 2.398362e-24
-2.587154e-03 2.399397e-24
-2.585804e-03 2.400433e-24
-2.584454e-03 2.401469e-24
-2.583105e-03 2.402506e-24
-2.581755e-03 2.403544e-24
-2.580406e-03 2.404583e-24
-2.579056e-03 2.405622e-24
-2.577706e-03 2.406662e-24
-2.576357e-03 2.407703e-24
-2.575007e-03 2.408744e-24
-2.573658e-03 2.409787e-24
-2.572308e-03 2.410830e-24
-2.570959e-03 2.411874e-24
-2.569609e-03 2.412918e-24
-2.568259e-03 2.413964e-24
-2.566910e-03 2.415010e-24
-2.565560e-03 2.416057e-24
-2.564211e-03 2.417105e-24
-2.562861e-03 2.418154e-24
-2.561511e-03 2.419204e-24
-2.560162e-03 2.420254e-24
-2.558812e-03 2.421306e-24
-2.557463e-03 2.422358e-24
-2.556113e-03 2.423411e-24
-2.554763e-03 2.424465e-24
-2.553414e-03 2.425520e-24
-2.552064e-03 2.426576e-24
-2.550715e-03 2.427633e-24
-2.549365e-03 2.428691e-24
-2.548016e-03 2.429750e-24
-2.546666e-03 2.430810e-24
-2.545316e-03 2.431870e-24
-2.543967e-03 2.432932e-24
-2.542617e-03 2.433995e-24
-2.541268e-03 2.435058e-24
-2.539918e-03 2.436123e-24
-2.538568e-03 2.437189e-24
-2.537219e-03 2.438255e-24
-2.535869e-03 2.439323e-24
-2.534520e-03 2.440392e-24
-2.533170e-03 2.441462e-24
-2.531821e-03 2.442533e-24
-2.530471e-03 2.443605e-24
-2.529121e-03 2.444678e-24
-2.527772e-03 2.445752e-24
-2.526422e-03 2.446827e-24
-2.525073e-03 2.447903e-24
-2.523723e-03 2.448981e-24
-2.522373e-03 2.450059e-24
-2.521024e-03 2.451139e-24
-2.519674e-03 2.452220e-24
-2.518325e-03 2.453301e-24
-2.516975e-03 2.454384e-24
-2.515626e-03 2.455469e-24
-2.514276e-03 2.456554e-24
-2.512926e-03 2.457640e-24
-2.511577e-03 2.458728e-24
-2.510227e-03 2.459817e-24
-2.508878e-03 2.460907e-24
-2.507528e-03 2.461998e-24
-2.506178e-03 2.463090e-24
-2.504829e-03 2.464184e-24
-2.503479e-03 2.465278e-24
-2.502130e-03 2.466374e-24
-2.500780e-03 2.467471e-24
-2.499431e-03 2.468569e-24
-2.498081e-03 2.469669e-24
-2.496731e-03 2.470769e-24
-2.495382e-03 2.471871e-24
-2.494032e-03 2.472974e-24
-2.492683e-03 2.474078e-24
-2.491333e-03 2.475183e-24
-2.489983e-03 2.476290e-24
-2.488634e-03 2.477398e-24
-2.487284e-03 2.478507e-24
-2.485935e-03 2.479617e-24
-2.484585e-03 2.480728e-24
-2.483236e-03 2.481840e-24
-2.481886e-03 2.482954e-24
-2.480536e-03 2.484069e-24
-2.479187e-03 2.485185e-24
-2.477837e-03 2.486302e-24
-2.476488e-03 2.487420e-24
-2.475138e-03 2.488540e-24
-2.473788e-03 2.489660e-24
-2.472439e-03 2.490782e-24
-2.471089e-03 2.491905e-24
-2.469740e-03 2.493029e-24
-2.468390e-03 2.494154e-24
-2.467041e-03 2.495280e-24
-2.465691e-03 2.496407e-24
-2.464341e-03 2.497535e-24
-2.462992e-03 2.498664e-24
-2.461642e-03 2.499795e-24
-2.460293e-03 2.500926e-24
-2.458943e-03 2.502059e-24
-2.457593e-03 2.503192e-24
-2.456244e-03 2.504327e-24
-2.454894e-03 2.505462e-24
-2.453545e-03 2.506598e-24
-2.452195e-03 2.507736e-24
-2.450845e-03 2.508874e-24
-2.449496e-03 2.510013e-24
-2.448146e-03 2.511153e-24
-2.446797e-03 2.512294e-24
-2.445447e-03 2.513436e-24
-2.444098e-03 2.514578e-24
-2.442748e-03 2.515722e-24
-2.441398e-03 2.516866e-24
-2.440049e-03 2.518011e-24
-2.438699e-03 2.519157e-24
-2.437350e-03 2.520303e-24
-2.436000e-03 2.521451e-24
-2.434650e-03 2.522599e-24
-2.433301e-03 2.523747e-24
-2.431951e-03 2.524897e-24
-2.430602e-03 2.526046e-24
-2.429252e-03 2.527197e-24
-2.427903e-03 2.528348e-24
-2.426553e-03 2.529500e-24
-2.425203e-03 2.530652e-24
-2.423854e-03 2.531804e-24
-2.422504e-03 2.532958e-24
-2.421155e-03 2.534111e-24
-2.419805e-03 2.535265e-24
-2.418455e-03 2.536419e-24
-2.417106e-03 2.537574e-24
-2.415756e-03 2.538729e-24
-2.414407e-03 2.539885e-24
-2.413057e-03 2.541040e-24
-2.411708e-03 2.542196e-24
-2.410358e-03 2.543352e-24
-2.409008e-03 2.544509e-24
-2.407659e-03 2.545665e-24
-2.406309e-03 2.546821e-24
-2.404960e-03 2.547978e-24
-2.403610e-03 2.549135e-24
-2.402260e-03 2.550291e-24
-2.400911e-03 2.551448e-24
-2.399561e-03 2.552604e-24
-2.398212e-03 2.553761e-24
-2.396862e-03 2.554917e-24
-2.395513e-03 2.556074e-24
-2.394163e-03 2.557230e-24
-2.392813e-03 2.558385e-24
-2.391464e-03 2.559541e-24
-2.390114e-03 2.560696e-24
-2.388765e-03 2.561851e-24
-2.387415e-03 2.563006e-24
-2.386065e-03 2.564160e-24
-2.384716e-03 2.565313e-24
-2.383366e-03 2.566466e-24
-2.382017e-03 2.567619e-24
-2.380667e-03 2.568771e-24
-2.379318e-03 2.569923e-24
-2.377968e-03 2.571073e-24
-2.376618e-03 2.572223e-24
-2.375269e-03 2.573373e-24
-2.373919e-03 2.574521e-24
-2.372570e-03 2.575669e-24
-2.371220e-03 2.576816e-24
-2.369870e-03 2.577962e-24
-2.368521e-03 2.579107e-24
-2.367171e-03 2.580252e-24
-2.365822e-03 2.581395e-24
-2.364472e-03 2.582537e-24
-2.363122e-03 2.583678e-24
-2.361773e-03 2.584818e-24
-2.360423e-03 2.585956e-24
-2.359074e-03 2.587094e-24
-2.357724e-03 2.588230e-24
-2.356375e-03 2.589365e-24
-2.355025e-03 2.590499e-24
-2.353675e-03 2.591631e-24
-2.352326e-03 2.592762e-24
-2.350976e-03 2.593891e-24
-2.349627e-03 2.595019e-24
-2.348277e-03 2.596145e-24
-2.346927e-03 2.597270e-24
-2.345578e-03 2.598393e-24
-2.344228e-03 2.599514e-24
-2.342879e-03 2.600634e-24
-2.341529e-03 2.601751e-24
-2.340180e-03 2.602868e-24
-2.338830e-03 2.603982e-24
-2.337480e-03 2.605094e-24
-2.336131e-03 2.606205e-24
-2.334781e-03 2.607313e-24
-2.333432e-03 2.608420e-24
-2.332082e-03 2.609524e-24
-2.330732e-03 2.610627e-24
-2.329383e-03 2.611727e-24
-2.328033e-03 2.612825e-24
-2.326684e-03 2.613921e-24
-2.325334e-03 2.615015e-24
-2.323985e-03 2.616106e-24
-2.322635e-03 2.617195e-24
-2.321285e-03 2.618282e-24
-2.319936e-03 2.619367e-24
-2.318586e-03 2.620449e-24
-2.317237e-03 2.621528e-24
-2.315887e-03 2.622605e-24
-2.314537e-03 2.623680e-24
-2.313188e-03 2.624752e-24
-2.311838e-03 2.625821e-24
-2.310489e-03 2.626888e-24
-2.309139e-03 2.627952e-24
-2.307790e-03 2.629013e-24
-2.306440e-03 2.630072e-24
-2.305090e-03 2.631128e-24
-2.303741e-03 2.632181e-24
-2.302391e-03 2.633231e-24
-2.301042e-03 2.634279e-24
-2.299692e-03 2.635324e-24
-2.298342e-03 2.636365e-24
-2.296993e-03 2.637404e-24
-2.295643e-03 2.638440e-24
-2.294294e-03 2.639473e-24
-2.292944e-03 2.640502e-24
-2.291595e-03 2.641529e-24
-2.290245e-03 2.642553e-24
-2.288895e-03 2.643573e-24
-2.287546e-03 2.644591e-24
-2.286196e-03 2.645605e-24
-2.284847e-03 2.646617e-24
-2.283497e-03 2.647625e-24
-2.282147e-03 2.648629e-24
-2.280798e-03 2.649631e-24
-2.279448e-03 2.650629e-24
-2.278099e-03 2.651624e-24
-2.276749e-03 2.652616e-24
-2.275400e-03 2.653605e-24
-2.274050e-03 2.654590e-24
-2.272700e-03 2.655572e-24
-2.271351e-03 2.656550e-24
-2.270001e-03 2.657525e-24
-2.268652e-03 2.658497e-24
-2.267302e-03 2.659465e-24
-2.265952e-03 2.660430e-24
-2.264603e-03 2.661392e-24
-2.263253e-03 2.662350e-24
-2.261904e-03 2.663305e-24
-2.260554e-03 2.664256e-24
-2.259204e-03 2.665204e-24
-2.257855e-03 2.666148e-24
-2.256505e-03 2.667089e-24
-2.255156e-03 2.668027e-24
-2.253806e-03 2.668960e-24
-2.252457e-03 2.669891e-24
-2.251107e-03 2.670818e-24
-2.249757e-03 2.671742e-24
-2.248408e-03 2.672662e-24
-2.247058e-03 2.673578e-24
-2.245709e-03 2.674492e-24
-2.244359e-03 2.675401e-24
-2.243009e-03 2.676307e-24
-2.241660e-03 2.677210e-24
-2.240310e-03 2.678110e-24
-2.238961e-03 2.679005e-24
-2.237611e-03 2.679898e-24
-2.236262e-03 2.680787e-24
-2.234912e-03 2.681672e-24
-2.233562e-03 2.682555e-24
-2.232213e-03 2.683433e-24
-2.230863e-03 2.684309e-24
-2.229514e-03 2.685181e-24
-2.228164e-03 2.686050e-24
-2.226814e-03 2.686915e-24
-2.225465e-03 2.687777e-24
-2.224115e-03 2.688636e-24
-2.222766e-03 2.689491e-24
-2.221416e-03 2.690343e-24
-2.220067e-03 2.691192e-24
-2.218717e-03 2.692038e-24
-2.217367e-03 2.692881e-24
-2.216018e-03 2.693720e-24
-2.214668e-03 2.694556e-24
-2.213319e-03 2.695389e-24
-2.211969e-03 2.696219e-24
-2.210619e-03 2.697046e-24
-2.209270e-03 2.697870e-24
-2.207920e-03 2.698691e-24
-2.206571e-03 2.699509e-24
-2.205221e-03 2.700324e-24
-2.203872e-03 2.701136e-24
-2.202522e-03 2.701945e-24
-2.201172e-03 2.702752e-24
-2.199823e-03 2.703555e-24
-2.198473e-03 2.704356e-24
-2.197124e-03 2.705154e-24
-2.195774e-03 2.705950e-24
-2.194424e-03 2.706742e-24
-2.193075e-03 2.707533e-24
-2.191725e-03 2.708320e-24
-2.190376e-03 2.709105e-24
-2.189026e-03 2.709888e-24
-2.187677e-03 2.710668e-24
-2.186327e-03 2.711446e-24
-2.184977e-03 2.712221e-24
-2.183628e-03 2.712995e-24
-2.182278e-03 2.713765e-24
-2.180929e-03 2.714534e-24
-2.179579e-03 2.715301e-24
-2.178229e-03 2.716065e-24
-2.176880e-03 2.716828e-24
-2.175530e-03 2.717589e-24
-2.174181e-03 2.718347e-24
-2.172831e-03 2.719104e-24
-2.171481e-03 2.719859e-24
-2.170132e-03 2.720612e-24
-2.168782e-03 2.721363e-24
-2.167433e-03 2.722113e-24
-2.166083e-03 2.722862e-24
-2.164734e-03 2.723608e-24
-2.163384e-03 2.724354e-24
-2.162034e-03 2.725097e-24
-2.160685e-03 2.725840e-24
-2.159335e-03 2.726581e-24
-2.157986e-03 2.727321e-24
-2.156636e-03 2.728060e-24
-2.155286e-03 2.728798e-24
-2.153937e-03 2.729535e-24
-2.152587e-03 2.730271e-24
-2.151238e-03 2.731006e-24
-2.149888e-03 2.731740e-24
-2.148539e-03 2.732474e-24
-2.147189e-03 2.733206e-24
-2.145839e-03 2.733939e-24
-2.144490e-03 2.734670e-24
-2.143140e-03 2.735401e-24
-2.141791e-03 2.736132e-24
-2.140441e-03 2.736863e-24
-2.139091e-03 2.737593e-24
-2.137742e-03 2.738323e-24
-2.136392e-03 2.739053e-24
-2.135043e-03 2.739783e-24
-2.133693e-03 2.740513e-24
-2.132344e-03 2.741243e-24
-2.130994e-03 2.741973e-24
-2.129644e-03 2.742703e-24
-2.128295e-03 2.743434e-24
-2.126945e-03 2.744166e-24
-2.125596e-03 2.744897e-24
-2.124246e-03 2.745630e-24
-2.122896e-03 2.746363e-24
-2.121547e-03 2.747096e-24
-2.120197e-03 2.747831e-24
-2.118848e-03 2.748566e-24
-2.117498e-03 2.749303e-24
-2.116149e-03 2.750040e-24
-2.114799e-03 2.750778e-24
-2.113449e-03 2.751518e-24
-2.112100e-03 2.752259e-24
-2.110750e-03 2.753001e-24
-2.109401e-03 2.753745e-24
-2.108051e-03 2.754490e-24
-2.106701e-03 2.755237e-24
-2.105352e-03 2.755985e-24
-2.104002e-03 2.756735e-24
-2.102653e-03 2.757487e-24
-2.101303e-03 2.758241e-24
-2.099954e-03 2.758997e-24
-2.098604e-03 2.759755e-24
-2.097254e-03 2.760514e-24
-2.095905e-03 2.761276e-24
-2.094555e-03 2.762041e-24
-2.093206e-03 2.762808e-24
-2.091856e-03 2.763577e-24
-2.090506e-03 2.764348e-24
-2.089157e-03 2.765122e-24
-2.087807e-03 2.765899e-24
-2.086458e-03 2.766679e-24
-2.085108e-03 2.767461e-24
-2.083758e-03 2.768246e-24
-2.082409e-03 2.769035e-24
-2.081059e-03 2.769826e-24
-2.079710e-03 2.770620e-24
-2.078360e-03 2.771418e-24
-2.077011e-03 2.772218e-24
-2.075661e-03 2.773022e-24
-2.074311e-03 2.773830e-24
-2.072962e-03 2.774641e-24
-2.071612e-03 2.775455e-24
-2.070263e-03 2.776273e-24
-2.068913e-03 2.777095e-24
-2.067563e-03 2.777920e-24
-2.066214e-03 2.778750e-24
-2.064864e-03 2.779583e-24
-2.063515e-03 2.780420e-24
-2.062165e-03 2.781261e-24
-2.060816e-03 2.782106e-24
-2.059466e-03 2.782955e-24
-2.058116e-03 2.783809e-24
-2.056767e-03 2.784667e-24
-2.055417e-03 2.785529e-24
-2.054068e-03 2.786395e-24
-2.052718e-03 2.787266e-24
-2.051368e-03 2.788142e-24
-2.050019e-03 2.789022e-24
-2.048669e-03 2.789907e-24
-2.047320e-03 2.790796e-24
-2.045970e-03 2.791690e-24
-2.044621e-03 2.792589e-24
-2.043271e-03 2.793493e-24
-2.041921e-03 2.794402e-24
-2.040572e-03 2.795316e-24
-2.039222e-03 2.796235e-24
-2.037873e-03 2.797159e-24
-2.036523e-03 2.798088e-24
-2.035173e-03 2.799022e-24
-2.033824e-03 2.799962e-24
-2.032474e-03 2.800906e-24
-2.031125e-03 2.801857e-24
-2.029775e-03 2.802812e-24
-2.028426e-03 2.803773e-24
-2.027076e-03 2.804740e-24
-2.025726e-03 2.805712e-24
-2.024377e-03 2.806689e-24
-2.023027e-03 2.807672e-24
-2.021678e-03 2.808661e-24
-2.020328e-03 2.809655e-24
-2.018978e-03 2.810655e-24
-2.017629e-03 2.811661e-24
-2.016279e-03 2.812673e-24
-2.014930e-03 2.813691e-24
-2.013580e-03 2.814714e-24
-2.012231e-03 2.815743e-24
-2.010881e-03 2.816778e-24
-2.009531e-03 2.817820e-24
-2.008182e-03 2.818867e-24
-2.006832e-03 2.819920e-24
-2.005483e-03 2.820979e-24
-2.004133e-03 2.822044e-24
-2.002783e-03 2.823115e-24
-2.001434e-03 2.824192e-24
-2.000084e-03 2.825276e-24
-1.998735e-03 2.826365e-24
-1.997385e-03 2.827461e-24
-1.996036e-03 2.828563e-24
-1.994686e-03 2.829671e-24
-1.993336e-03 2.830785e-24
-1.991987e-03 2.831906e-24
-1.990637e-03 2.833032e-24
-1.989288e-03 2.834165e-24
-1.987938e-03 2.835304e-24
-1.986588e-03 2.836450e-24
-1.985239e-03 2.837601e-24
-1.983889e-03 2.838759e-24
-1.982540e-03 2.839923e-24
-1.981190e-03 2.841094e-24
-1.979840e-03 2.842271e-24
-1.978491e-03 2.843454e-24
-1.977141e-03 2.844643e-24
-1.975792e-03 2.845839e-24
-1.974442e-03 2.847040e-24
-1.973093e-03 2.848248e-24
-1.971743e-03 2.849463e-24
-1.970393e-03 2.850683e-24
-1.969044e-03 2.851910e-24
-1.967694e-03 2.853143e-24
-1.966345e-03 2.854383e-24
-1.964995e-03 2.855629e-24
-1.963645e-03 2.856880e-24
-1.962296e-03 2.858138e-24
-1.960946e-03 2.859403e-24
-1.959597e-03 2.860673e-24
-1.958247e-03 2.861950e-24
-1.956898e-03 2.863232e-24
-1.955548e-03 2.864521e-24
-1.954198e-03 2.865816e-24
-1.952849e-03 2.867117e-24
-1.951499e-03 2.868424e-24
-1.950150e-03 2.869737e-24
-1.948800e-03 2.871056e-24
-1.947450e-03 2.872382e-24
-1.946101e-03 2.873713e-24
-1.944751e-03 2.875050e-24
-1.943402e-03 2.876393e-24
-1.942052e-03 2.877742e-24
-1.940703e-03 2.879097e-24
-1.939353e-03 2.880457e-24
-1.938003e-03 2.881824e-24
-1.936654e-03 2.883196e-24
-1.935304e-03 2.884574e-24
-1.933955e-03 2.885958e-24
-1.932605e-03 2.887347e-24
-1.931255e-03 2.888742e-24
-1.929906e-03 2.890143e-24
-1.928556e-03 2.891549e-24
-1.927207e-03 2.892961e-24
-1.925857e-03 2.894378e-24
-1.924508e-03 2.895801e-24
-1.923158e-03 2.897229e-24
-1.921808e-03 2.898663e-24
-1.920459e-03 2.900101e-24
-1.919109e-03 2.901546e-24
-1.917760e-03 2.902995e-24
-1.916410e-03 2.904450e-24
-1.915060e-03 2.905910e-24
-1.913711e-03 2.907375e-24
-1.912361e-03 2.908845e-24
-1.911012e-03 2.910321e-24
-1.909662e-03 2.911801e-24
-1.908313e-03 2.913286e-24
-1.906963e-03 2.914776e-24
-1.905613e-03 2.916271e-24
-1.904264e-03 2.917771e-24
-1.902914e-03 2.919275e-24
-1.901565e-03 2.920785e-24
-1.900215e-03 2.922299e-24
-1.898865e-03 2.923818e-24
-1.897516e-03 2.925341e-24
-1.896166e-03 2.926869e-24
-1.894817e-03 2.928401e-24
-1.893467e-03 2.929938e-24
-1.892117e-03 2.931479e-24
-1.890768e-03 2.933025e-24
-1.889418e-03 2.934575e-24
-1.888069e-03 2.936129e-24
-1.886719e-03 2.937687e-24
-1.885370e-03 2.939250e-24
-1.884020e-03 2.940816e-24
-1.882670e-03 2.942387e-24
-1.881321e-03 2.943962e-24
-1.879971e-03 2.945541e-24
-1.878622e-03 2.947124e-24
-1.877272e-03 2.948710e-24
-1.875922e-03 2.950301e-24
-1.874573e-03 2.951895e-24
-1.873223e-03 2.953493e-24
-1.871874e-03 2.955094e-24
-1.870524e-03 2.956700e-24
-1.869175e-03 2.958309e-24
-1.867825e-03 2.959921e-24
-1.866475e-03 2.961538e-24
-1.865126e-03 2.963157e-24
-1.863776e-03 2.964781e-24
-1.862427e-03 2.966407e-24
-1.861077e-03 2.968037e-24
-1.859727e-03 2.969671e-24
-1.858378e-03 2.971307e-24
-1.857028e-03 2.972947e-24
-1.855679e-03 2.974590e-24
-1.854329e-03 2.976236e-24
-1.852980e-03 2.977886e-24
-1.851630e-03 2.979538e-24
-1.850280e-03 2.981194e-24
-1.848931e-03 2.982852e-24
-1.847581e-03 2.984514e-24
-1.846232e-03 2.986179e-24
-1.844882e-03 2.987846e-24
-1.843532e-03 2.989517e-24
-1.842183e-03 2.991190e-24
-1.840833e-03 2.992866e-24
-1.839484e-03 2.994545e-24
-1.838134e-03 2.996226e-24
-1.836785e-03 2.997911e-24
-1.835435e-03 2.999598e-24
-1.834085e-03 3.001287e-24
-1.832736e-03 3.002980e-24
-1.831386e-03 3.004675e-24
-1.830037e-03 3.006372e-24
-1.828687e-03 3.008072e-24
-1.827337e-03 3.009775e-24
-1.825988e-03 3.011479e-24
-1.824638e-03 3.013187e-24
-1.823289e-03 3.014897e-24
-1.821939e-03 3.016609e-24
-1.820590e-03 3.018323e-24
-1.819240e-03 3.020040e-24
-1.817890e-03 3.021760e-24
-1.816541e-03 3.023481e-24
-1.815191e-03 3.025205e-24
-1.813842e-03 3.026931e-24
-1.812492e-03 3.028660e-24
-1.811142e-03 3.030390e-24
-1.809793e-03 3.032123e-24
-1.808443e-03 3.033858e-24
-1.807094e-03 3.035595e-24
-1.805744e-03 3.037334e-24
-1.804395e-03 3.039076e-24
-1.803045e-03 3.040819e-24
-1.801695e-03 3.042565e-24
-1.800346e-03 3.044313e-24
-1.798996e-03 3.046063e-24
-1.797647e-03 3.047815e-24
-1.796297e-03 3.049569e-24
-1.794947e-03 3.051325e-24
-1.793598e-03 3.053083e-24
-1.792248e-03 3.054843e-24
-1.790899e-03 3.056605e-24
-1.789549e-03 3.058369e-24
-1.788199e-03 3.060135e-24
-1.786850e-03 3.061903e-24
-1.785500e-03 3.063673e-24
-1.784151e-03 3.065445e-24
-1.782801e-03 3.067219e-24
-1.781452e-03 3.068995e-24
-1.780102e-03 3.070773e-24
-1.778752e-03 3.072553e-24
-1.777403e-03 3.074335e-24
-1.776053e-03 3.076119e-24
-1.774704e-03 3.077905e-24
-1.773354e-03 3.079693e-24
-1.772004e-03 3.081483e-24
-1.770655e-03 3.083275e-24
-1.769305e-03 3.085069e-24
-1.767956e-03 3.086865e-24
-1.766606e-03 3.088663e-24
-1.765257e-03 3.090463e-24
-1.763907e-03 3.092265e-24
-1.762557e-03 3.094069e-24
-1.761208e-03 3.095875e-24
-1.759858e-03 3.097684e-24
-1.758509e-03 3.099494e-24
-1.757159e-03 3.101306e-24
-1.755809e-03 3.103120e-24
-1.754460e-03 3.104937e-24
-1.753110e-03 3.106755e-24
-1.751761e-03 3.108576e-24
-1.750411e-03 3.110399e-24
-1.749062e-03 3.112224e-24
-1.747712e-03 3.114051e-24
-1.746362e-03 3.115880e-24
-1.745013e-03 3.117711e-24
-1.743663e-03 3.119545e-24
-1.742314e-03 3.121381e-24
-1.740964e-03 3.123219e-24
-1.739614e-03 3.125059e-24
-1.738265e-03 3.126901e-24
-1.736915e-03 3.128746e-24
-1.735566e-03 3.130593e-24
-1.734216e-03 3.132442e-24
-1.732867e-03 3.134294e-24
-1.731517e-03 3.136147e-24
-1.730167e-03 3.138003e-24
-1.728818e-03 3.139862e-24
-1.727468e-03 3.141722e-24
-1.726119e-03 3.143585e-24
-1.724769e-03 3.145451e-24
-1.723419e-03 3.147318e-24
-1.722070e-03 3.149188e-24
-1.720720e-03 3.151061e-24
-1.719371e-03 3.152935e-24
-1.718021e-03 3.154812e-24
-1.716672e-03 3.156692e-24
-1.715322e-03 3.158574e-24
-1.713972e-03 3.160458e-24
-1.712623e-03 3.162345e-24
-1.711273e-03 3.164234e-24
-1.709924e-03 3.166126e-24
-1.708574e-03 3.168020e-24
-1.707224e-03 3.169917e-24
-1.705875e-03 3.171816e-24
-1.704525e-03 3.173718e-24
-1.703176e-03 3.175622e-24
-1.701826e-03 3.177528e-24
-1.700476e-03 3.179438e-24
-1.699127e-03 3.181349e-24
-1.697777e-03 3.183264e-24
-1.696428e-03 3.185181e-24
-1.695078e-03 3.187100e-24
-1.693729e-03 3.189022e-24
-1.692379e-03 3.190946e-24
-1.691029e-03 3.192873e-24
-1.689680e-03 3.194803e-24
-1.688330e-03 3.196735e-24
-1.686981e-03 3.198670e-24
-1.685631e-03 3.200608e-24
-1.684281e-03 3.202548e-24
-1.682932e-03 3.204490e-24
-1.681582e-03 3.206436e-24
-1.680233e-03 3.208384e-24
-1.678883e-03 3.210334e-24
-1.677534e-03 3.212287e-24
-1.676184e-03 3.214243e-24
-1.674834e-03 3.216201e-24
-1.673485e-03 3.218162e-24
-1.672135e-03 3.220125e-24
-1.670786e-03 3.222091e-24
-1.669436e-03 3.224060e-24
-1.668086e-03 3.226031e-24
-1.666737e-03 3.228005e-24
-1.665387e-03 3.229981e-24
-1.664038e-03 3.231960e-24
-1.662688e-03 3.233941e-24
-1.661339e-03 3.235925e-24
-1.659989e-03 3.237912e-24
-1.658639e-03 3.239900e-24
-1.657290e-03 3.241892e-24
-1.655940e-03 3.243886e-24
-1.654591e-03 3.245882e-24
-1.653241e-03 3.247881e-24
-1.651891e-03 3.249882e-24
-1.650542e-03 3.251885e-24
-1.649192e-03 3.253891e-24
-1.647843e-03 3.255900e-24
-1.646493e-03 3.257910e-24
-1.645144e-03 3.259923e-24
-1.643794e-03 3.261938e-24
-1.642444e-03 3.263955e-24
-1.641095e-03 3.265975e-24
-1.639745e-03 3.267997e-24
-1.638396e-03 3.270021e-24
-1.637046e-03 3.272047e-24
-1.635696e-03 3.274075e-24
-1.634347e-03 3.276105e-24
-1.632997e-03 3.278137e-24
-1.631648e-03 3.280171e-24
-1.630298e-03 3.282207e-24
-1.628949e-03 3.284245e-24
-1.627599e-03 3.286284e-24
-1.626249e-03 3.288326e-24
-1.624900e-03 3.290369e-24
-1.623550e-03 3.292414e-24
-1.622201e-03 3.294461e-24
-1.620851e-03 3.296509e-24
-1.619501e-03 3.298559e-24
-1.618152e-03 3.300610e-24
-1.616802e-03 3.302663e-24
-1.615453e-03 3.304717e-24
-1.614103e-03 3.306772e-24
-1.612754e-03 3.308829e-24
-1.611404e-03 3.310887e-24
-1.610054e-03 3.312946e-24
-1.608705e-03 3.315006e-24
-1.607355e-03 3.317067e-24
-1.606006e-03 3.319130e-24
-1.604656e-03 3.321193e-24
-1.603306e-03 3.323257e-24
-1.601957e-03 3.325322e-24
-1.600607e-03 3.327387e-24
-1.599258e-03 3.329453e-24
-1.597908e-03 3.331520e-24
-1.596558e-03 3.333588e-24
-1.595209e-03 3.335655e-24
-1.593859e-03 3.337724e-24
-1.592510e-03 3.339792e-24
-1.591160e-03 3.341861e-24
-1.589811e-03 3.343930e-24
-1.588461e-03 3.345999e-24
-1.587111e-03 3.348068e-24
-1.585762e-03 3.350137e-24
-1.584412e-03 3.352207e-24
-1.583063e-03 3.354276e-24
-1.581713e-03 3.356344e-24
-1.580363e-03 3.358413e-24
-1.579014e-03 3.360480e-24
-1.577664e-03 3.362548e-24
-1.576315e-03 3.364615e-24
-1.574965e-03 3.366681e-24
-1.573616e-03 3.368746e-24
-1.572266e-03 3.370811e-24
-1.570916e-03 3.372874e-24
-1.569567e-03 3.374937e-24
-1.568217e-03 3.376998e-24
-1.566868e-03 3.379059e-24
-1.565518e-03 3.381118e-24
-1.564168e-03 3.383175e-24
-1.562819e-03 3.385231e-24
-1.561469e-03 3.387286e-24
-1.560120e-03 3.389339e-24
-1.558770e-03 3.391390e-24
-1.557421e-03 3.393440e-24
-1.556071e-03 3.395487e-24
-1.554721e-03 3.397533e-24
-1.553372e-03 3.399576e-24
-1.552022e-03 3.401617e-24
-1.550673e-03 3.403656e-24
-1.549323e-03 3.405692e-24
-1.547973e-03 3.407726e-24
-1.546624e-03 3.409758e-24
-1.545274e-03 3.411786e-24
-1.543925e-03 3.413812e-24
-1.542575e-03 3.415835e-24
-1.541226e-03 3.417855e-24
-1.539876e-03 3.419871e-24
-1.538526e-03 3.421885e-24
-1.537177e-03 3.423895e-24
-1.535827e-03 3.425902e-24
-1.534478e-03 3.427905e-24
-1.533128e-03 3.429905e-24
-1.531778e-03 3.431901e-24
-1.530429e-03 3.433893e-24
-1.529079e-03 3.435882e-24
-1.527730e-03 3.437866e-24
-1.526380e-03 3.439846e-24
-1.525031e-03 3.441822e-24
-1.523681e-03 3.443794e-24
-1.522331e-03 3.445762e-24
-1.520982e-03 3.447725e-24
-1.519632e-03 3.449683e-24
-1.518283e-03 3.451636e-24
-1.516933e-03 3.453585e-24
-1.515583e-03 3.455529e-24
-1.514234e-03 3.457468e-24
-1.512884e-03 3.459402e-24
-1.511535e-03 3.461331e-24
-1.510185e-03 3.463255e-24
-1.508835e-03 3.465173e-24
-1.507486e-03 3.467086e-24
-1.506136e-03 3.468993e-24
-1.504787e-03 3.470895e-24
-1.503437e-03 3.472791e-24
-1.502088e-03 3.474681e-24
-1.500738e-03 3.476566e-24
-1.499388e-03 3.478444e-24
-1.498039e-03 3.480316e-24
-1.496689e-03 3.482183e-24
-1.495340e-03 3.484043e-24
-1.493990e-03 3.485897e-24
-1.492640e-03 3.487744e-24
-1.491291e-03 3.489586e-24
-1.489941e-03 3.491420e-24
-1.488592e-03 3.493248e-24
-1.487242e-03 3.495070e-24
-1.485893e-03 3.496884e-24
-1.484543e-03 3.498692e-24
-1.483193e-03 3.500493e-24
-1.481844e-03 3.502288e-24
-1.480494e-03 3.504075e-24
-1.479145e-03 3.505855e-24
-1.477795e-03 3.507628e-24
-1.476445e-03 3.509394e-24
-1.475096e-03 3.511153e-24
-1.473746e-03 3.512904e-24
-1.472397e-03 3.514648e-24
-1.471047e-03 3.516385e-24
-1.469698e-03 3.518115e-24
-1.468348e-03 3.519836e-24
-1.466998e-03 3.521551e-24
-1.465649e-03 3.523258e-24
-1.464299e-03 3.524957e-24
-1.462950e-03 3.526648e-24
-1.461600e-03 3.528332e-24
-1.460250e-03 3.530009e-24
-1.458901e-03 3.531677e-24
-1.457551e-03 3.533338e-24
-1.456202e-03 3.534990e-24
-1.454852e-03 3.536635e-24
-1.453503e-03 3.538272e-24
-1.452153e-03 3.539902e-24
-1.450803e-03 3.541523e-24
-1.449454e-03 3.543137e-24
-1.448104e-03 3.544742e-24
-1.446755e-03 3.546340e-24
-1.445405e-03 3.547930e-24
-1.444055e-03 3.549512e-24
-1.442706e-03 3.551086e-24
-1.441356e-03 3.552652e-24
-1.440007e-03 3.554210e-24
-1.438657e-03 3.555760e-24
-1.437308e-03 3.557302e-24
-1.435958e-03 3.558836e-24
-1.434608e-03 3.560363e-24
-1.433259e-03 3.561881e-24
-1.431909e-03 3.563392e-24
-1.430560e-03 3.564895e-24
-1.429210e-03 3.566391e-24
-1.427860e-03 3.567878e-24
-1.426511e-03 3.569358e-24
-1.425161e-03 3.570830e-24
-1.423812e-03 3.572295e-24
-1.422462e-03 3.573752e-24
-1.421112e-03 3.575201e-24
-1.419763e-03 3.576643e-24
-1.418413e-03 3.578078e-24
-1.417064e-03 3.579505e-24
-1.415714e-03 3.580925e-24
-1.414365e-03 3.582338e-24
-1.413015e-03 3.583743e-24
-1.411665e-03 3.585142e-24
-1.410316e-03 3.586533e-24
-1.408966e-03 3.587917e-24
-1.407617e-03 3.589295e-24
-1.406267e-03 3.590666e-24
-1.404917e-03 3.592030e-24
-1.403568e-03 3.593387e-24
-1.402218e-03 3.594738e-24
-1.400869e-03 3.596083e-24
-1.399519e-03 3.597421e-24
-1.398170e-03 3.598753e-24
-1.396820e-03 3.600079e-24
-1.395470e-03 3.601398e-24
-1.394121e-03 3.602712e-24
-1.392771e-03 3.604020e-24
-1.391422e-03 3.605322e-24
-1.390072e-03 3.606619e-24
-1.388722e-03 3.607911e-24
-1.387373e-03 3.609196e-24
-1.386023e-03 3.610477e-24
-1.384674e-03 3.611753e-24
-1.383324e-03 3.613024e-24
-1.381975e-03 3.614289e-24
-1.380625e-03 3.615551e-24
-1.379275e-03 3.616807e-24
-1.377926e-03 3.618059e-24
-1.376576e-03 3.619307e-24
-1.375227e-03 3.620551e-24
-1.373877e-03 3.621791e-24
-1.372527e-03 3.623027e-24
-1.371178e-03 3.624259e-24
-1.369828e-03 3.625488e-24
-1.368479e-03 3.626714e-24
-1.367129e-03 3.627936e-24
-1.365780e-03 3.629155e-24
-1.364430e-03 3.630372e-24
-1.363080e-03 3.631585e-24
-1.361731e-03 3.632796e-24
-1.360381e-03 3.634005e-24
-1.359032e-03 3.635212e-24
-1.357682e-03 3.636416e-24
-1.356332e-03 3.637619e-24
-1.354983e-03 3.638820e-24
-1.353633e-03 3.640019e-24
-1.352284e-03 3.641218e-24
-1.350934e-03 3.642415e-24
-1.349585e-03 3.643611e-24
-1.348235e-03 3.644806e-24
-1.346885e-03 3.646001e-24
-1.345536e-03 3.647195e-24
-1.344186e-03 3.648389e-24
-1.342837e-03 3.649583e-24
-1.341487e-03 3.650777e-24
-1.340137e-03 3.651972e-24
-1.338788e-03 3.653167e-24
-1.337438e-03 3.654363e-24
-1.336089e-03 3.655560e-24
-1.334739e-03 3.656758e-24
-1.333390e-03 3.657958e-24
-1.332040e-03 3.659159e-24
-1.330690e-03 3.660361e-24
-1.329341e-03 3.661566e-24
-1.327991e-03 3.662773e-24
-1.326642e-03 3.663982e-24
-1.325292e-03 3.665194e-24
-1.323942e-03 3.666408e-24
-1.322593e-03 3.667626e-24
-1.321243e-03 3.668846e-24
-1.319894e-03 3.670070e-24
-1.318544e-03 3.671298e-24
-1.317194e-03 3.672529e-24
-1.315845e-03 3.673764e-24
-1.314495e-03 3.675003e-24
-1.313146e-03 3.676247e-24
-1.311796e-03 3.677495e-24
-1.310447e-03 3.678748e-24
-1.309097e-03 3.680005e-24
-1.307747e-03 3.681268e-24
-1.306398e-03 3.682537e-24
-1.305048e-03 3.683811e-24
-1.303699e-03 3.685090e-24
-1.302349e-03 3.686376e-24
-1.300999e-03 3.687667e-24
-1.299650e-03 3.688965e-24
-1.298300e-03 3.690269e-24
-1.296951e-03 3.691580e-24
-1.295601e-03 3.692898e-24
-1.294252e-03 3.694223e-24
-1.292902e-03 3.695555e-24
-1.291552e-03 3.696895e-24
-1.290203e-03 3.698242e-24
-1.288853e-03 3.699597e-24
-1.287504e-03 3.700960e-24
-1.286154e-03 3.702332e-24
-1.284804e-03 3.703711e-24
-1.283455e-03 3.705099e-24
-1.282105e-03 3.706496e-24
-1.280756e-03 3.707901e-24
-1.279406e-03 3.709316e-24
-1.278057e-03 3.710739e-24
-1.276707e-03 3.712172e-24
-1.275357e-03 3.713615e-24
-1.274008e-03 3.715067e-24
-1.272658e-03 3.716529e-24
-1.271309e-03 3.718001e-24
-1.269959e-03 3.719483e-24
-1.268609e-03 3.720975e-24
-1.267260e-03 3.722478e-24
-1.265910e-03 3.723991e-24
-1.264561e-03 3.725515e-24
-1.263211e-03 3.727050e-24
-1.261862e-03 3.728596e-24
-1.260512e-03 3.730153e-24
-1.259162e-03 3.731721e-24
-1.257813e-03 3.733300e-24
-1.256463e-03 3.734892e-24
-1.255114e-03 3.736494e-24
-1.253764e-03 3.738109e-24
-1.252414e-03 3.739735e-24
-1.251065e-03 3.741373e-24
-1.249715e-03 3.743024e-24
-1.248366e-03 3.744686e-24
-1.247016e-03 3.746361e-24
-1.245667e-03 3.748049e-24
-1.244317e-03 3.749749e-24
-1.242967e-03 3.751461e-24
-1.241618e-03 3.753186e-24
-1.240268e-03 3.754924e-24
-1.238919e-03 3.756674e-24
-1.237569e-03 3.758438e-24
-1.236219e-03 3.760215e-24
-1.234870e-03 3.762005e-24
-1.233520e-03 3.763808e-24
-1.232171e-03 3.765624e-24
-1.230821e-03 3.767454e-24
-1.229471e-03 3.769297e-24
-1.228122e-03 3.771153e-24
-1.226772e-03 3.773023e-24
-1.225423e-03 3.774907e-24
-1.224073e-03 3.776804e-24
-1.222724e-03 3.778714e-24
-1.221374e-03 3.780639e-24
-1.220024e-03 3.782577e-24
-1.218675e-03 3.784529e-24
-1.217325e-03 3.786495e-24
-1.215976e-03 3.788474e-24
-1.214626e-03 3.790468e-24
-1.213276e-03 3.792475e-24
-1.211927e-03 3.794496e-24
-1.210577e-03 3.796531e-24
-1.209228e-03 3.798580e-24
-1.207878e-03 3.800643e-24
-1.206529e-03 3.802720e-24
-1.205179e-03 3.804810e-24
-1.203829e-03 3.806915e-24
-1.202480e-03 3.809033e-24
-1.201130e-03 3.811166e-24
-1.199781e-03 3.813312e-24
-1.198431e-03 3.815472e-24
-1.197081e-03 3.817646e-24
-1.195732e-03 3.819834e-24
-1.194382e-03 3.822035e-24
-1.193033e-03 3.824251e-24
-1.191683e-03 3.826480e-24
-1.190334e-03 3.828723e-24
-1.188984e-03 3.830980e-24
-1.187634e-03 3.833250e-24
-1.186285e-03 3.835534e-24
-1.184935e-03 3.837831e-24
-1.183586e-03 3.840142e-24
-1.182236e-03 3.842467e-24
-1.180886e-03 3.844805e-24
-1.179537e-03 3.847157e-24
-1.178187e-03 3.849522e-24
-1.176838e-03 3.851900e-24
-1.175488e-03 3.854291e-24
-1.174139e-03 3.856695e-24
-1.172789e-03 3.859113e-24
-1.171439e-03 3.861543e-24
-1.170090e-03 3.863986e-24
-1.168740e-03 3.866442e-24
-1.167391e-03 3.868911e-24
-1.166041e-03 3.871393e-24
-1.164691e-03 3.873888e-24
-1.163342e-03 3.876395e-24
-1.161992e-03 3.878915e-24
-1.160643e-03 3.881447e-24
-1.159293e-03 3.883991e-24
-1.157944e-03 3.886548e-24
-1.156594e-03 3.889117e-24
-1.155244e-03 3.891698e-24
-1.153895e-03 3.894291e-24
-1.152545e-03 3.896896e-24
-1.151196e-03 3.899513e-24
-1.149846e-03 3.902142e-24
-1.148496e-03 3.904782e-24
-1.147147e-03 3.907434e-24
-1.145797e-03 3.910097e-24
-1.144448e-03 3.912771e-24
-1.143098e-03 3.915457e-24
-1.141749e-03 3.918154e-24
-1.140399e-03 3.920863e-24
-1.139049e-03 3.923582e-24
-1.137700e-03 3.926312e-24
-1.136350e-03 3.929053e-24
-1.135001e-03 3.931805e-24
-1.133651e-03 3.934568e-24
-1.132301e-03 3.937341e-24
-1.130952e-03 3.940124e-24
-1.129602e-03 3.942917e-24
-1.128253e-03 3.945721e-24
-1.126903e-03 3.948535e-24
-1.125553e-03 3.951360e-24
-1.124204e-03 3.954194e-24
-1.122854e-03 3.957038e-24
-1.121505e-03 3.959892e-24
-1.120155e-03 3.962756e-24
-1.118806e-03 3.965629e-24
-1.117456e-03 3.968511e-24
-1.116106e-03 3.971403e-24
-1.114757e-03 3.974305e-24
-1.113407e-03 3.977215e-24
-1.112058e-03 3.980135e-24
-1.110708e-03 3.983064e-24
-1.109358e-03 3.986002e-24
-1.108009e-03 3.988949e-24
-1.106659e-03 3.991905e-24
-1.105310e-03 3.994869e-24
-1.103960e-03 3.997842e-24
-1.102611e-03 4.000824e-24
-1.101261e-03 4.003814e-24
-1.099911e-03 4.006812e-24
-1.098562e-03 4.009819e-24
-1.097212e-03 4.012834e-24
-1.095863e-03 4.015858e-24
-1.094513e-03 4.018890e-24
-1.093163e-03 4.021930e-24
-1.091814e-03 4.024978e-24
-1.090464e-03 4.028034e-24
-1.089115e-03 4.031098e-24
-1.087765e-03 4.034170e-24
-1.086416e-03 4.037250e-24
-1.085066e-03 4.040338e-24
-1.083716e-03 4.043433e-24
-1.082367e-03 4.046537e-24
-1.081017e-03 4.049648e-24
-1.079668e-03 4.052767e-24
-1.078318e-03 4.055893e-24
-1.076968e-03 4.059027e-24
-1.075619e-03 4.062168e-24
-1.074269e-03 4.065317e-24
-1.072920e-03 4.068473e-24
-1.071570e-03 4.071637e-24
-1.070221e-03 4.074808e-24
-1.068871e-03 4.077987e-24
-1.067521e-03 4.081173e-24
-1.066172e-03 4.084366e-24
-1.064822e-03 4.087567e-24
-1.063473e-03 4.090775e-24
-1.062123e-03 4.093990e-24
-1.060773e-03 4.097212e-24
-1.059424e-03 4.100442e-24
-1.058074e-03 4.103679e-24
-1.056725e-03 4.106924e-24
-1.055375e-03 4.110175e-24
-1.054026e-03 4.113434e-24
-1.052676e-03 4.116700e-24
-1.051326e-03 4.119974e-24
-1.049977e-03 4.123254e-24
-1.048627e-03 4.126542e-24
-1.047278e-03 4.129837e-24
-1.045928e-03 4.133140e-24
-1.044578e-03 4.136449e-24
-1.043229e-03 4.139766e-24
-1.041879e-03 4.143091e-24
-1.040530e-03 4.146422e-24
-1.039180e-03 4.149761e-24
-1.037830e-03 4.153108e-24
-1.036481e-03 4.156461e-24
-1.035131e-03 4.159822e-24
-1.033782e-03 4.163190e-24
-1.032432e-03 4.166566e-24
-1.031083e-03 4.169949e-24
-1.029733e-03 4.173340e-24
-1.028383e-03 4.176739e-24
-1.027034e-03 4.180144e-24
-1.025684e-03 4.183558e-24
-1.024335e-03 4.186979e-24
-1.022985e-03 4.190407e-24
-1.021635e-03 4.193843e-24
-1.020286e-03 4.197287e-24
-1.018936e-03 4.200738e-24
-1.017587e-03 4.204198e-24
-1.016237e-03 4.207665e-24
-1.014888e-03 4.211139e-24
-1.013538e-03 4.214622e-24
-1.012188e-03 4.218113e-24
-1.010839e-03 4.221611e-24
-1.009489e-03 4.225117e-24
-1.008140e-03 4.228631e-24
-1.006790e-03 4.232153e-24
-1.005440e-03 4.235684e-24
-1.004091e-03 4.239222e-24
-1.002741e-03 4.242768e-24
-1.001392e-03 4.246323e-24
-1.000042e-03 4.249885e-24
-9.986925e-04 4.253456e-24
-9.973430e-04 4.257035e-24
-9.959934e-04 4.260621e-24
-9.946438e-04 4.264217e-24
-9.932942e-04 4.267820e-24
-9.919446e-04 4.271432e-24
-9.905950e-04 4.275052e-24
-9.892455e-04 4.278680e-24
-9.878959e-04 4.282317e-24
-9.865463e-04 4.285962e-24
-9.851967e-04 4.289615e-24
-9.838471e-04 4.293277e-24
-9.824975e-04 4.296946e-24
-9.811479e-04 4.300625e-24
-9.797984e-04 4.304311e-24
-9.784488e-04 4.308006e-24
-9.770992e-04 4.311709e-24
-9.757496e-04 4.315421e-24
-9.744000e-04 4.319141e-24
-9.730504e-04 4.322869e-24
-9.717009e-04 4.326605e-24
-9.703513e-04 4.330350e-24
-9.690017e-04 4.334103e-24
-9.676521e-04 4.337864e-24
-9.663025e-04 4.341633e-24
-9.649529e-04 4.345410e-24
-9.636033e-04 4.349196e-24
-9.622538e-04 4.352989e-24
-9.609042e-04 4.356790e-24
-9.595546e-04 4.360600e-24
-9.582050e-04 4.364417e-24
-9.568554e-04 4.368242e-24
-9.555058e-04 4.372075e-24
-9.541563e-04 4.375916e-24
-9.528067e-04 4.379764e-24
-9.514571e-04 4.383620e-24
-9.501075e-04 4.387483e-24
-9.487579e-04 4.391354e-24
-9.474083e-04 4.395233e-24
-9.460587e-04 4.399118e-24
-9.447092e-04 4.403011e-24
-9.433596e-04 4.406910e-24
-9.420100e-04 4.410817e-24
-9.406604e-04 4.414730e-24
-9.393108e-04 4.418651e-24
-9.379612e-04 4.422577e-24
-9.366117e-04 4.426511e-24
-9.352621e-04 4.430450e-24
-9.339125e-04 4.434396e-24
-9.325629e-04 4.438348e-24
-9.312133e-04 4.442307e-24
-9.298637e-04 4.446270e-24
-9.285141e-04 4.450240e-24
-9.271646e-04 4.454215e-24
-9.258150e-04 4.458195e-24
-9.244654e-04 4.462181e-24
-9.231158e-04 4.466171e-24
-9.217662e-04 4.470167e-24
-9.204166e-04 4.474167e-24
-9.190671e-04 4.478171e-24
-9.177175e-04 4.482180e-24
-9.163679e-04 4.486193e-24
-9.150183e-04 4.490210e-24
-9.136687e-04 4.494230e-24
-9.123191e-04 4.498254e-24
-9.109696e-04 4.502281e-24
-9.096200e-04 4.506311e-24
-9.082704e-04 4.510344e-24
-9.069208e-04 4.514379e-24
-9.055712e-04 4.518417e-24
-9.042216e-04 4.522457e-24
-9.028720e-04 4.526499e-24
-9.015225e-04 4.530542e-24
-9.001729e-04 4.534587e-24
-8.988233e-04 4.538633e-24
-8.974737e-04 4.542679e-24
-8.961241e-04 4.546726e-24
-8.947745e-04 4.550774e-24
-8.934250e-04 4.554821e-24
-8.920754e-04 4.558869e-24
-8.907258e-04 4.562915e-24
-8.893762e-04 4.566961e-24
-8.880266e-04 4.571006e-24
-8.866770e-04 4.575049e-24
-8.853274e-04 4.579091e-24
-8.839779e-04 4.583131e-24
-8.826283e-04 4.587168e-24
-8.812787e-04 4.591203e-24
-8.799291e-04 4.595235e-24
-8.785795e-04 4.599264e-24
-8.772299e-04 4.603289e-24
-8.758804e-04 4.607311e-24
-8.745308e-04 4.611328e-24
-8.731812e-04 4.615342e-24
-8.718316e-04 4.619350e-24
-8.704820e-04 4.623354e-24
-8.691324e-04 4.627352e-24
-8.677828e-04 4.631345e-24
-8.664333e-04 4.635332e-24
-8.650837e-04 4.639312e-24
-8.637341e-04 4.643287e-24
-8.623845e-04 4.647254e-24
-8.610349e-04 4.651214e-24
-8.596853e-04 4.655167e-24
-8.583358e-04 4.659112e-24
-8.569862e-04 4.663048e-24
-8.556366e-04 4.666977e-24
-8.542870e-04 4.670897e-24
-8.529374e-04 4.674808e-24
-8.515878e-04 4.678709e-24
-8.502382e-04 4.682601e-24
-8.488887e-04 4.686483e-24
-8.475391e-04 4.690354e-24
-8.461895e-04 4.694215e-24
-8.448399e-04 4.698066e-24
-8.434903e-04 4.701905e-24
-8.421407e-04 4.705733e-24
-8.407912e-04 4.709549e-24
-8.394416e-04 4.713353e-24
-8.380920e-04 4.717144e-24
-8.367424e-04 4.720924e-24
-8.353928e-04 4.724690e-24
-8.340432e-04 4.728443e-24
-8.326936e-04 4.732183e-24
-8.313441e-04 4.735909e-24
-8.299945e-04 4.739621e-24
-8.286449e-04 4.743319e-24
-8.272953e-04 4.747003e-24
-8.259457e-04 4.750672e-24
-8.245961e-04 4.754326e-24
-8.232466e-04 4.757965e-24
-8.218970e-04 4.761589e-24
-8.205474e-04 4.765197e-24
-8.191978e-04 4.768789e-24
-8.178482e-04 4.772366e-24
-8.164986e-04 4.775926e-24
-8.151490e-04 4.779470e-24
-8.137995e-04 4.782997e-24
-8.124499e-04 4.786508e-24
-8.111003e-04 4.790001e-24
-8.097507e-04 4.793478e-24
-8.084011e-04 4.796937e-24
-8.070515e-04 4.800380e-24
-8.057020e-04 4.803804e-24
-8.043524e-04 4.807212e-24
-8.030028e-04 4.810601e-24
-8.016532e-04 4.813973e-24
-8.003036e-04 4.817326e-24
-7.989540e-04 4.820662e-24
-7.976045e-04 4.823980e-24
-7.962549e-04 4.827280e-24
-7.949053e-04 4.830561e-24
-7.935557e-04 4.833825e-24
-7.922061e-04 4.837070e-24
-7.908565e-04 4.840297e-24
-7.895069e-04 4.843506e-24
-7.881574e-04 4.846696e-24
-7.868078e-04 4.849869e-24
-7.854582e-04 4.853023e-24
-7.841086e-04 4.856159e-24
-7.827590e-04 4.859277e-24
-7.814094e-04 4.862378e-24
-7.800599e-04 4.865460e-24
-7.787103e-04 4.868524e-24
-7.773607e-04 4.871571e-24
-7.760111e-04 4.874600e-24
-7.746615e-04 4.877612e-24
-7.733119e-04 4.880606e-24
-7.719623e-04 4.883583e-24
-7.706128e-04 4.886543e-24
-7.692632e-04 4.889487e-24
-7.679136e-04 4.892413e-24
-7.665640e-04 4.895324e-24
-7.652144e-04 4.898218e-24
-7.638648e-04 4.901096e-24
-7.625153e-04 4.903958e-24
-7.611657e-04 4.906805e-24
-7.598161e-04 4.909636e-24
-7.584665e-04 4.912453e-24
-7.571169e-04 4.915256e-24
-7.557673e-04 4.918043e-24
-7.544177e-04 4.920817e-24
-7.530682e-04 4.923578e-24
-7.517186e-04 4.926325e-24
-7.503690e-04 4.929059e-24
-7.490194e-04 4.931780e-24
-7.476698e-04 4.934490e-24
-7.463202e-04 4.937188e-24
-7.449707e-04 4.939875e-24
-7.436211e-04 4.942551e-24
-7.422715e-04 4.945216e-24
-7.409219e-04 4.947872e-24
-7.395723e-04 4.950518e-24
-7.382227e-04 4.953155e-24
-7.368731e-04 4.955784e-24
-7.355236e-04 4.958405e-24
-7.341740e-04 4.961019e-24
-7.328244e-04 4.963625e-24
-7.314748e-04 4.966226e-24
-7.301252e-04 4.968821e-24
-7.287756e-04 4.971410e-24
-7.274261e-04 4.973995e-24
-7.260765e-04 4.976576e-24
-7.247269e-04 4.979154e-24
-7.233773e-04 4.981729e-24
-7.220277e-04 4.984303e-24
-7.206781e-04 4.986874e-24
-7.193285e-04 4.989445e-24
-7.179790e-04 4.992016e-24
-7.166294e-04 4.994587e-24
-7.152798e-04 4.997160e-24
-7.139302e-04 4.999734e-24
-7.125806e-04 5.002312e-24
-7.112310e-04 5.004892e-24
-7.098815e-04 5.007477e-24
-7.085319e-04 5.010066e-24
-7.071823e-04 5.012661e-24
-7.058327e-04 5.015262e-24
-7.044831e-04 5.017870e-24
-7.031335e-04 5.020486e-24
-7.017840e-04 5.023110e-24
-7.004344e-04 5.025743e-24
-6.990848e-04 5.028387e-24
-6.977352e-04 5.031041e-24
-6.963856e-04 5.033707e-24
-6.950360e-04 5.036386e-24
-6.936864e-04 5.039077e-24
-6.923369e-04 5.041782e-24
-6.909873e-04 5.044502e-24
-6.896377e-04 5.047238e-24
-6.882881e-04 5.049990e-24
-6.869385e-04 5.052758e-24
-6.855889e-04 5.055545e-24
-6.842394e-04 5.058350e-24
-6.828898e-04 5.061175e-24
-6.815402e-04 5.064020e-24
-6.801906e-04 5.066887e-24
-6.788410e-04 5.069775e-24
-6.774914e-04 5.072685e-24
-6.761418e-04 5.075619e-24
-6.747923e-04 5.078578e-24
-6.734427e-04 5.081561e-24
-6.720931e-04 5.084571e-24
-6.707435e-04 5.087607e-24
-6.693939e-04 5.090670e-24
-6.680443e-04 5.093762e-24
-6.666948e-04 5.096883e-24
-6.653452e-04 5.100034e-24
-6.639956e-04 5.103215e-24
-6.626460e-04 5.106428e-24
-6.612964e-04 5.109673e-24
-6.599468e-04 5.112951e-24
-6.585972e-04 5.116263e-24
-6.572477e-04 5.119609e-24
-6.558981e-04 5.122990e-24
-6.545485e-04 5.126408e-24
-6.531989e-04 5.129861e-24
-6.518493e-04 5.133352e-24
-6.504997e-04 5.136882e-24
-6.491502e-04 5.140450e-24
-6.478006e-04 5.144058e-24
-6.464510e-04 5.147706e-24
-6.451014e-04 5.151395e-24
-6.437518e-04 5.155125e-24
-6.424022e-04 5.158898e-24
-6.410526e-04 5.162713e-24
-6.397031e-04 5.166572e-24
-6.383535e-04 5.170475e-24
-6.370039e-04 5.174423e-24
-6.356543e-04 5.178417e-24
-6.343047e-04 5.182456e-24
-6.329551e-04 5.186541e-24
-6.316056e-04 5.190674e-24
-6.302560e-04 5.194854e-24
-6.289064e-04 5.199082e-24
-6.275568e-04 5.203359e-24
-6.262072e-04 5.207685e-24
-6.248576e-04 5.212061e-24
-6.235080e-04 5.216487e-24
-6.221585e-04 5.220964e-24
-6.208089e-04 5.225491e-24
-6.194593e-04 5.230070e-24
-6.181097e-04 5.234701e-24
-6.167601e-04 5.239385e-24
-6.154105e-04 5.244121e-24
-6.140610e-04 5.248911e-24
-6.127114e-04 5.253754e-24
-6.113618e-04 5.258651e-24
-6.100122e-04 5.263601e-24
-6.086626e-04 5.268607e-24
-6.073130e-04 5.273667e-24
-6.059634e-04 5.278782e-24
-6.046139e-04 5.283954e-24
-6.032643e-04 5.289180e-24
-6.019147e-04 5.294463e-24
-6.005651e-04 5.299801e-24
-5.992155e-04 5.305196e-24
-5.978659e-04 5.310648e-24
-5.965164e-04 5.316156e-24
-5.951668e-04 5.321721e-24
-5.938172e-04 5.327344e-24
-5.924676e-04 5.333024e-24
-5.911180e-04 5.338761e-24
-5.897684e-04 5.344555e-24
-5.884189e-04 5.350407e-24
-5.870693e-04 5.356317e-24
-5.857197e-04 5.362284e-24
-5.843701e-04 5.368310e-24
-5.830205e-04 5.374393e-24
-5.816709e-04 5.380535e-24
-5.803213e-04 5.386734e-24
-5.789718e-04 5.392991e-24
-5.776222e-04 5.399305e-24
-5.762726e-04 5.405678e-24
-5.749230e-04 5.412108e-24
-5.735734e-04 5.418596e-24
-5.722238e-04 5.425143e-24
-5.708743e-04 5.431746e-24
-5.695247e-04 5.438408e-24
-5.681751e-04 5.445126e-24
-5.668255e-04 5.451901e-24
-5.654759e-04 5.458734e-24
-5.641263e-04 5.465624e-24
-5.627767e-04 5.472571e-24
-5.614272e-04 5.479575e-24
-5.600776e-04 5.486636e-24
-5.587280e-04 5.493753e-24
-5.573784e-04 5.500926e-24
-5.560288e-04 5.508155e-24
-5.546792e-04 5.515440e-24
-5.533297e-04 5.522780e-24
-5.519801e-04 5.530177e-24
-5.506305e-04 5.537629e-24
-5.492809e-04 5.545137e-24
-5.479313e-04 5.552699e-24
-5.465817e-04 5.560316e-24
-5.452321e-04 5.567987e-24
-5.438826e-04 5.575713e-24
-5.425330e-04 5.583493e-24
-5.411834e-04 5.591327e-24
-5.398338e-04 5.599216e-24
-5.384842e-04 5.607158e-24
-5.371346e-04 5.615153e-24
-5.357851e-04 5.623200e-24
-5.344355e-04 5.631301e-24
-5.330859e-04 5.639454e-24
-5.317363e-04 5.647659e-24
-5.303867e-04 5.655918e-24
-5.290371e-04 5.664228e-24
-5.276875e-04 5.672591e-24
-5.263380e-04 5.681005e-24
-5.249884e-04 5.689470e-24
-5.236388e-04 5.697987e-24
-5.222892e-04 5.706555e-24
-5.209396e-04 5.715175e-24
-5.195900e-04 5.723846e-24
-5.182405e-04 5.732567e-24
-5.168909e-04 5.741339e-24
-5.155413e-04 5.750160e-24
-5.141917e-04 5.759032e-24
-5.128421e-04 5.767954e-24
-5.114925e-04 5.776925e-24
-5.101429e-04 5.785948e-24
-5.087934e-04 5.795020e-24
-5.074438e-04 5.804142e-24
-5.060942e-04 5.813313e-24
-5.047446e-04 5.822534e-24
-5.033950e-04 5.831805e-24
-5.020454e-04 5.841125e-24
-5.006959e-04 5.850495e-24
-4.993463e-04 5.859914e-24
-4.979967e-04 5.869383e-24
-4.966471e-04 5.878901e-24
-4.952975e-04 5.888467e-24
-4.939479e-04 5.898083e-24
-4.925983e-04 5.907748e-24
-4.912488e-04 5.917463e-24
-4.898992e-04 5.927228e-24
-4.885496e-04 5.937042e-24
-4.872000e-04 5.946907e-24
-4.858504e-04 5.956821e-24
-4.845008e-04 5.966785e-24
-4.831513e-04 5.976799e-24
-4.818017e-04 5.986863e-24
-4.804521e-04 5.996978e-24
-4.791025e-04 6.007145e-24
-4.777529e-04 6.017361e-24
-4.764033e-04 6.027628e-24
-4.750538e-04 6.037946e-24
-4.737042e-04 6.048315e-24
-4.723546e-04 6.058735e-24
-4.710050e-04 6.069207e-24
-4.696554e-04 6.079732e-24
-4.683058e-04 6.090308e-24
-4.669562e-04 6.100937e-24
-4.656067e-04 6.111618e-24
-4.642571e-04 6.122352e-24
-4.629075e-04 6.133138e-24
-4.615579e-04 6.143978e-24
-4.602083e-04 6.154871e-24
-4.588587e-04 6.165818e-24
-4.575092e-04 6.176819e-24
-4.561596e-04 6.187873e-24
-4.548100e-04 6.198981e-24
-4.534604e-04 6.210143e-24
-4.521108e-04 6.221360e-24
-4.507612e-04 6.232632e-24
-4.494116e-04 6.243960e-24
-4.480621e-04 6.255342e-24
-4.467125e-04 6.266779e-24
-4.453629e-04 6.278272e-24
-4.440133e-04 6.289819e-24
-4.426637e-04 6.301422e-24
-4.413141e-04 6.313081e-24
-4.399646e-04 6.324796e-24
-4.386150e-04 6.336567e-24
-4.372654e-04 6.348394e-24
-4.359158e-04 6.360277e-24
-4.345662e-04 6.372216e-24
-4.332166e-04 6.384211e-24
-4.318670e-04 6.396262e-24
-4.305175e-04 6.408369e-24
-4.291679e-04 6.420532e-24
-4.278183e-04 6.432751e-24
-4.264687e-04 6.445025e-24
-4.251191e-04 6.457355e-24
-4.237695e-04 6.469740e-24
-4.224200e-04 6.482180e-24
-4.210704e-04 6.494676e-24
-4.197208e-04 6.507226e-24
-4.183712e-04 6.519831e-24
-4.170216e-04 6.532489e-24
-4.156720e-04 6.545201e-24
-4.143224e-04 6.557966e-24
-4.129729e-04 6.570784e-24
-4.116233e-04 6.583654e-24
-4.102737e-04 6.596576e-24
-4.089241e-04 6.609549e-24
-4.075745e-04 6.622573e-24
-4.062249e-04 6.635647e-24
-4.048754e-04 6.648771e-24
-4.035258e-04 6.661943e-24
-4.021762e-04 6.675163e-24
-4.008266e-04 6.688431e-24
-3.994770e-04 6.701745e-24
-3.981274e-04 6.715105e-24
-3.967778e-04 6.728510e-24
-3.954283e-04 6.741958e-24
-3.940787e-04 6.755449e-24
-3.927291e-04 6.768982e-24
-3.913795e-04 6.782555e-24
-3.900299e-04 6.796168e-24
-3.886803e-04 6.809819e-24
-3.873308e-04 6.823507e-24
-3.859812e-04 6.837231e-24
-3.846316e-04 6.850989e-24
-3.832820e-04 6.864779e-24
-3.819324e-04 6.878601e-24
-3.805828e-04 6.892453e-24
-3.792333e-04 6.906333e-24
-3.778837e-04 6.920240e-24
-3.765341e-04 6.934172e-24
-3.751845e-04 6.948126e-24
-3.738349e-04 6.962102e-24
-3.724853e-04 6.976097e-24
-3.711357e-04 6.990110e-24
-3.697862e-04 7.004139e-24
-3.684366e-04 7.018181e-24
-3.670870e-04 7.032234e-24
-3.657374e-04 7.046297e-24
-3.643878e-04 7.060367e-24
-3.630382e-04 7.074442e-24
-3.616887e-04 7.088520e-24
-3.603391e-04 7.102599e-24
-3.589895e-04 7.116676e-24
-3.576399e-04 7.130748e-24
-3.562903e-04 7.144814e-24
-3.549407e-04 7.158870e-24
-3.535911e-04 7.172915e-24
-3.522416e-04 7.186946e-24
-3.508920e-04 7.200961e-24
-3.495424e-04 7.214957e-24
-3.481928e-04 7.228930e-24
-3.468432e-04 7.242879e-24
-3.454936e-04 7.256801e-24
-3.441441e-04 7.270692e-24
-3.427945e-04 7.284552e-24
-3.414449e-04 7.298376e-24
-3.400953e-04 7.312161e-24
-3.387457e-04 7.325906e-24
-3.373961e-04 7.339607e-24
-3.360465e-04 7.353262e-24
-3.346970e-04 7.366869e-24
-3.333474e-04 7.380424e-24
-3.319978e-04 7.393924e-24
-3.306482e-04 7.407367e-24
-3.292986e-04 7.420750e-24
-3.279490e-04 7.434069e-24
-3.265995e-04 7.447323e-24
-3.252499e-04 7.460509e-24
-3.239003e-04 7.473623e-24
-3.225507e-04 7.486664e-24
-3.212011e-04 7.499628e-24
-3.198515e-04 7.512512e-24
-3.185019e-04 7.525316e-24
-3.171524e-04 7.538035e-24
-3.158028e-04 7.550669e-24
-3.144532e-04 7.563214e-24
-3.131036e-04 7.575668e-24
-3.117540e-04 7.588028e-24
-3.104044e-04 7.600293e-24
-3.090549e-04 7.612460e-24
-3.077053e-04 7.624528e-24
-3.063557e-04 7.636494e-24
-3.050061e-04 7.648357e-24
-3.036565e-04 7.660115e-24
-3.023069e-04 7.671766e-24
-3.009573e-04 7.683309e-24
-2.996078e-04 7.694743e-24
-2.982582e-04 7.706066e-24
-2.969086e-04 7.717277e-24
-2.955590e-04 7.728375e-24
-2.942094e-04 7.739358e-24
-2.928598e-04 7.750227e-24
-2.915103e-04 7.760981e-24
-2.901607e-04 7.771621e-24
-2.888111e-04 7.782144e-24
-2.874615e-04 7.792551e-24
-2.861119e-04 7.802840e-24
-2.847623e-04 7.813013e-24
-2.834127e-04 7.823071e-24
-2.820632e-04 7.833012e-24
-2.807136e-04 7.842839e-24
-2.793640e-04 7.852552e-24
-2.780144e-04 7.862151e-24
-2.766648e-04 7.871637e-24
-2.753152e-04 7.881013e-24
-2.739657e-04 7.890279e-24
-2.726161e-04 7.899438e-24
-2.712665e-04 7.908490e-24
-2.699169e-04 7.917438e-24
-2.685673e-04 7.926284e-24
-2.672177e-04 7.935030e-24
-2.658682e-04 7.943680e-24
-2.645186e-04 7.952236e-24
-2.631690e-04 7.960700e-24
-2.618194e-04 7.969076e-24
-2.604698e-04 7.977366e-24
-2.591202e-04 7.985576e-24
-2.577706e-04 7.993708e-24
-2.564211e-04 8.001766e-24
-2.550715e-04 8.009755e-24
-2.537219e-04 8.017679e-24
-2.523723e-04 8.025542e-24
-2.510227e-04 8.033351e-24
-2.496731e-04 8.041109e-24
-2.483236e-04 8.048822e-24
-2.469740e-04 8.056494e-24
-2.456244e-04 8.064130e-24
-2.442748e-04 8.071737e-24
-2.429252e-04 8.079321e-24
-2.415756e-04 8.086887e-24
-2.402260e-04 8.094442e-24
-2.388765e-04 8.101991e-24
-2.375269e-04 8.109540e-24
-2.361773e-04 8.117097e-24
-2.348277e-04 8.124668e-24
-2.334781e-04 8.132259e-24
-2.321285e-04 8.139879e-24
-2.307790e-04 8.147532e-24
-2.294294e-04 8.155228e-24
-2.280798e-04 8.162972e-24
-2.267302e-04 8.170773e-24
-2.253806e-04 8.178637e-24
-2.240310e-04 8.186573e-24
-2.226814e-04 8.194587e-24
-2.213319e-04 8.202689e-24
-2.199823e-04 8.210884e-24
-2.186327e-04 8.219182e-24
-2.172831e-04 8.227590e-24
-2.159335e-04 8.236116e-24
-2.145839e-04 8.244769e-24
-2.132344e-04 8.253555e-24
-2.118848e-04 8.262484e-24
-2.105352e-04 8.271563e-24
-2.091856e-04 8.280801e-24
-2.078360e-04 8.290205e-24
-2.064864e-04 8.299784e-24
-2.051368e-04 8.309546e-24
-2.037873e-04 8.319498e-24
-2.024377e-04 8.329649e-24
-2.010881e-04 8.340007e-24
-1.997385e-04 8.350581e-24
-1.983889e-04 8.361377e-24
-1.970393e-04 8.372403e-24
-1.956898e-04 8.383668e-24
-1.943402e-04 8.395179e-24
-1.929906e-04 8.406945e-24
-1.916410e-04 8.418972e-24
-1.902914e-04 8.431268e-24
-1.889418e-04 8.443842e-24
-1.875922e-04 8.456701e-24
-1.862427e-04 8.469851e-24
-1.848931e-04 8.483300e-24
-1.835435e-04 8.497053e-24
-1.821939e-04 8.511119e-24
-1.808443e-04 8.525504e-24
-1.794947e-04 8.540217e-24
-1.781452e-04 8.555263e-24
-1.767956e-04 8.570648e-24
-1.754460e-04 8.586378e-24
-1.740964e-04 8.602460e-24
-1.727468e-04 8.618901e-24
-1.713972e-04 8.635705e-24
-1.700476e-04 8.652878e-24
-1.686981e-04 8.670425e-24
-1.673485e-04 8.688353e-24
-1.659989e-04 8.706667e-24
-1.646493e-04 8.725372e-24
-1.632997e-04 8.744472e-24
-1.619501e-04 8.763971e-24
-1.606006e-04 8.783875e-24
-1.592510e-04 8.804191e-24
-1.579014e-04 8.824920e-24
-1.565518e-04 8.846066e-24
-1.552022e-04 8.867634e-24
-1.538526e-04 8.889628e-24
-1.525031e-04 8.912054e-24
-1.511535e-04 8.934914e-24
-1.498039e-04 8.958210e-24
-1.484543e-04 8.981946e-24
-1.471047e-04 9.006126e-24
-1.457551e-04 9.030754e-24
-1.444055e-04 9.055834e-24
-1.430560e-04 9.081368e-24
-1.417064e-04 9.107361e-24
-1.403568e-04 9.133815e-24
-1.390072e-04 9.160732e-24
-1.376576e-04 9.188114e-24
-1.363080e-04 9.215963e-24
-1.349585e-04 9.244284e-24
-1.336089e-04 9.273079e-24
-1.322593e-04 9.302350e-24
-1.309097e-04 9.332097e-24
-1.295601e-04 9.362321e-24
-1.282105e-04 9.393025e-24
-1.268609e-04 9.424213e-24
-1.255114e-04 9.455887e-24
-1.241618e-04 9.488048e-24
-1.228122e-04 9.520699e-24
-1.214626e-04 9.553844e-24
-1.201130e-04 9.587482e-24
-1.187634e-04 9.621615e-24
-1.174139e-04 9.656244e-24
-1.160643e-04 9.691374e-24
-1.147147e-04 9.727011e-24
-1.133651e-04 9.763156e-24
-1.120155e-04 9.799812e-24
-1.106659e-04 9.836981e-24
-1.093163e-04 9.874669e-24
-1.079668e-04 9.912876e-24
-1.066172e-04 9.951606e-24
-1.052676e-04 9.990864e-24
-1.039180e-04 1.003065e-23
-1.025684e-04 1.007098e-23
-1.012188e-04 1.011185e-23
-9.986925e-05 1.015326e-23
-9.851967e-05 1.019522e-23
-9.717009e-05 1.023773e-23
-9.582050e-05 1.028080e-23
-9.447092e-05 1.032443e-23
-9.312133e-05 1.036862e-23
-9.177175e-05 1.041339e-23
-9.042216e-05 1.045873e-23
-8.907258e-05 1.050466e-23
-8.772299e-05 1.055117e-23
-8.637341e-05 1.059827e-23
-8.502382e-05 1.064598e-23
-8.367424e-05 1.069429e-23
-8.232466e-05 1.074321e-23
-8.097507e-05 1.079277e-23
-7.962549e-05 1.084295e-23
-7.827590e-05 1.089377e-23
-7.692632e-05 1.094525e-23
-7.557673e-05 1.099737e-23
-7.422715e-05 1.105015e-23
-7.287756e-05 1.110360e-23
-7.152798e-05 1.115772e-23
-7.017840e-05 1.121251e-23
-6.882881e-05 1.126799e-23
-6.747923e-05 1.132415e-23
-6.612964e-05 1.138100e-23
-6.478006e-05 1.143854e-23
-6.343047e-05 1.149677e-23
-6.208089e-05 1.155570e-23
-6.073130e-05 1.161532e-23
-5.938172e-05 1.167563e-23
-5.803213e-05 1.173663e-23
-5.668255e-05 1.179832e-23
-5.533297e-05 1.186069e-23
-5.398338e-05 1.192373e-23
-5.263380e-05 1.198745e-23
-5.128421e-05 1.205183e-23
-4.993463e-05 1.211686e-23
-4.858504e-05 1.218252e-23
-4.723546e-05 1.224882e-23
-4.588587e-05 1.231573e-23
-4.453629e-05 1.238323e-23
-4.318670e-05 1.245131e-23
-4.183712e-05 1.251993e-23
-4.048754e-05 1.258907e-23
-3.913795e-05 1.265870e-23
-3.778837e-05 1.272880e-23
-3.643878e-05 1.279931e-23
-3.508920e-05 1.287022e-23
-3.373961e-05 1.294148e-23
-3.239003e-05 1.301305e-23
-3.104044e-05 1.308491e-23
-2.969086e-05 1.315699e-23
-2.834127e-05 1.322927e-23
-2.699169e-05 1.330170e-23
-2.564211e-05 1.337423e-23
-2.429252e-05 1.344681e-23
-2.294294e-05 1.351940e-23
-2.159335e-05 1.359195e-23
-2.024377e-05 1.366441e-23
-1.889418e-05 1.373673e-23
-1.754460e-05 1.380885e-23
-1.619501e-05 1.388073e-23
-1.484543e-05 1.395231e-23
-1.349585e-05 1.402354e-23
-1.214626e-05 1.409437e-23
-1.079668e-05 1.416475e-23
-9.447092e-06 1.423463e-23
-8.097507e-06 1.430396e-23
-6.747923e-06 1.437268e-23
-5.398338e-06 1.444076e-23
-4.048754e-06 1.450816e-23
-2.699169e-06 1.457484e-23
-1.349585e-06 1.464076e-23
0.000000e+00 1.470588e-23
1.349585e-06 1.477017e-23
2.699169e-06 1.483360e-23
4.048754e-06 1.489613e-23
5.398338e-06 1.495775e-23
6.747923e-06 1.501841e-23
8.097507e-06 1.507811e-23
9.447092e-06 1.513682e-23
1.079668e-05 1.519451e-23
1.214626e-05 1.525119e-23
1.349585e-05 1.530683e-23
1.484543e-05 1.536144e-23
1.619501e-05 1.541499e-23
1.754460e-05 1.546751e-23
1.889418e-05 1.551898e-23
2.024377e-05 1.556942e-23
2.159335e-05 1.561883e-23
2.294294e-05 1.566724e-23
2.429252e-05 1.571466e-23
2.564211e-05 1.576112e-23
2.699169e-05 1.580664e-23
2.834127e-05 1.585124e-23
2.969086e-05 1.589497e-23
3.104044e-05 1.593786e-23
3.239003e-05 1.597994e-23
3.373961e-05 1.602126e-23
3.508920e-05 1.606186e-23
3.643878e-05 1.610180e-23
3.778837e-05 1.614114e-23
3.913795e-05 1.617993e-23
4.048754e-05 1.621824e-23
4.183712e-05 1.625613e-23
4.318670e-05 1.629367e-23
4.453629e-05 1.633092e-23
4.588587e-05 1.636798e-23
4.723546e-05 1.640490e-23
4.858504e-05 1.644176e-23
4.993463e-05 1.647865e-23
5.128421e-05 1.651563e-23
5.263380e-05 1.655279e-23
5.398338e-05 1.659021e-23
5.533297e-05 1.662795e-23
5.668255e-05 1.666611e-23
5.803213e-05 1.670475e-23
5.938172e-05 1.674396e-23
6.073130e-05 1.678380e-23
6.208089e-05 1.682436e-23
6.343047e-05 1.686571e-23
6.478006e-05 1.690792e-23
6.612964e-05 1.695105e-23
6.747923e-05 1.699517e-23
6.882881e-05 1.704034e-23
7.017840e-05 1.708663e-23
7.152798e-05 1.713409e-23
7.287756e-05 1.718276e-23
7.422715e-05 1.723271e-23
7.557673e-05 1.728398e-23
7.692632e-05 1.733661e-23
7.827590e-05 1.739063e-23
7.962549e-05 1.744610e-23
8.097507e-05 1.750303e-23
8.232466e-05 1.756146e-23
8.367424e-05 1.762141e-23
8.502382e-05 1.768291e-23
8.637341e-05 1.774597e-23
8.772299e-05 1.781062e-23
8.907258e-05 1.787686e-23
9.042216e-05 1.794470e-23
9.177175e-05 1.801415e-23
9.312133e-05 1.808521e-23
9.447092e-05 1.815788e-23
9.582050e-05 1.823215e-23
9.717009e-05 1.830802e-23
9.851967e-05 1.838548e-23
9.986925e-05 1.846453e-23
1.012188e-04 1.854515e-23
1.025684e-04 1.862733e-23
1.039180e-04 1.871104e-23
1.052676e-04 1.879628e-23
1.066172e-04 1.888302e-23
1.079668e-04 1.897124e-23
1.093163e-04 1.906093e-23
1.106659e-04 1.915205e-23
1.120155e-04 1.924459e-23
1.133651e-04 1.933850e-23
1.147147e-04 1.943376e-23
1.160643e-04 1.953035e-23
1.174139e-04 1.962823e-23
1.187634e-04 1.972735e-23
1.201130e-04 1.982769e-23
1.214626e-04 1.992921e-23
1.228122e-04 2.003186e-23
1.241618e-04 2.013559e-23
1.255114e-04 2.024035e-23
1.268609e-04 2.034609e-23
1.282105e-04 2.045277e-23
1.295601e-04 2.056033e-23
1.309097e-04 2.066869e-23
1.322593e-04 2.077781e-23
1.336089e-04 2.088761e-23
1.349585e-04 2.099804e-23
1.363080e-04 2.110901e-23
1.376576e-04 2.122045e-23
1.390072e-04 2.133230e-23
1.403568e-04 2.144447e-23
1.417064e-04 2.155688e-23
1.430560e-04 2.166944e-23
1.444055e-04 2.178207e-23
1.457551e-04 2.189468e-23
1.471047e-04 2.200719e-23
1.484543e-04 2.211950e-23
1.498039e-04 2.223151e-23
1.511535e-04 2.234314e-23
1.525031e-04 2.245428e-23
1.538526e-04 2.256483e-23
1.552022e-04 2.267470e-23
1.565518e-04 2.278378e-23
1.579014e-04 2.289198e-23
1.592510e-04 2.299920e-23
1.606006e-04 2.310535e-23
1.619501e-04 2.321033e-23
1.632997e-04 2.331404e-23
1.646493e-04 2.341639e-23
1.659989e-04 2.351730e-23
1.673485e-04 2.361668e-23
1.686981e-04 2.371444e-23
1.700476e-04 2.381050e-23
1.713972e-04 2.390478e-23
1.727468e-04 2.399723e-23
1.740964e-04 2.408776e-23
1.754460e-04 2.417632e-23
1.767956e-04 2.426284e-23
1.781452e-04 2.434728e-23
1.794947e-04 2.442958e-23
1.808443e-04 2.450973e-23
1.821939e-04 2.458769e-23
1.835435e-04 2.466343e-23
1.848931e-04 2.473694e-23
1.862427e-04 2.480822e-23
1.875922e-04 2.487726e-23
1.889418e-04 2.494405e-23
1.902914e-04 2.500859e-23
1.916410e-04 2.507090e-23
1.929906e-04 2.513100e-23
1.943402e-04 2.518890e-23
1.956898e-04 2.524462e-23
1.970393e-04 2.529819e-23
1.983889e-04 2.534964e-23
1.997385e-04 2.539901e-23
2.010881e-04 2.544635e-23
2.024377e-04 2.549169e-23
2.037873e-04 2.553509e-23
2.051368e-04 2.557659e-23
2.064864e-04 2.561625e-23
2.078360e-04 2.565415e-23
2.091856e-04 2.569032e-23
2.105352e-04 2.572483e-23
2.118848e-04 2.575774e-23
2.132344e-04 2.578912e-23
2.145839e-04 2.581905e-23
2.159335e-04 2.584759e-23
2.172831e-04 2.587481e-23
2.186327e-04 2.590079e-23
2.199823e-04 2.592561e-23
2.213319e-04 2.594936e-23
2.226814e-04 2.597209e-23
2.240310e-04 2.599390e-23
2.253806e-04 2.601487e-23
2.267302e-04 2.603506e-23
2.280798e-04 2.605455e-23
2.294294e-04 2.607342e-23
2.307790e-04 2.609173e-23
2.321285e-04 2.610956e-23
2.334781e-04 2.612697e-23
2.348277e-04 2.614402e-23
2.361773e-04 2.616077e-23
2.375269e-04 2.617728e-23
2.388765e-04 2.619361e-23
2.402260e-04 2.620981e-23
2.415756e-04 2.622592e-23
2.429252e-04 2.624201e-23
2.442748e-04 2.625810e-23
2.456244e-04 2.627425e-23
2.469740e-04 2.629048e-23
2.483236e-04 2.630683e-23
2.496731e-04 2.632334e-23
2.510227e-04 2.634002e-23
2.523723e-04 2.635692e-23
2.537219e-04 2.637404e-23
2.550715e-04 2.639143e-23
2.564211e-04 2.640909e-23
2.577706e-04 2.642703e-23
2.591202e-04 2.644529e-23
2.604698e-04 2.646386e-23
2.618194e-04 2.648276e-23
2.631690e-04 2.650201e-23
2.645186e-04 2.652160e-23
2.658682e-04 2.654155e-23
2.672177e-04 2.656185e-23
2.685673e-04 2.658250e-23
2.699169e-04 2.660350e-23
2.712665e-04 2.662486e-23
2.726161e-04 2.664655e-23
2.739657e-04 2.666858e-23
2.753152e-04 2.669093e-23
2.766648e-04 2.671359e-23
2.780144e-04 2.673656e-23
2.793640e-04 2.675981e-23
2.807136e-04 2.678334e-23
2.820632e-04 2.680713e-23
2.834127e-04 2.683115e-23
2.847623e-04 2.685541e-23
2.861119e-04 2.687988e-23
2.874615e-04 2.690453e-23
2.888111e-04 2.692935e-23
2.901607e-04 2.695432e-23
2.915103e-04 2.697941e-23
2.928598e-04 2.700461e-23
2.942094e-04 2.702989e-23
2.955590e-04 2.705523e-23
2.969086e-04 2.708062e-23
2.982582e-04 2.710602e-23
2.996078e-04 2.713143e-23
3.009573e-04 2.715681e-23
3.023069e-04 2.718215e-23
3.036565e-04 2.720743e-23
3.050061e-04 2.723262e-23
3.063557e-04 2.725771e-23
3.077053e-04 2.728266e-23
3.090549e-04 2.730746e-23
3.104044e-04 2.733208e-23
3.117540e-04 2.735650e-23
3.131036e-04 2.738069e-23
3.144532e-04 2.740464e-23
3.158028e-04 2.742831e-23
3.171524e-04 2.745169e-23
3.185019e-04 2.747475e-23
3.198515e-04 2.749747e-23
3.212011e-04 2.751983e-23
3.225507e-04 2.754181e-23
3.239003e-04 2.756339e-23
3.252499e-04 2.758454e-23
3.265995e-04 2.760524e-23
3.279490e-04 2.762548e-23
3.292986e-04 2.764522e-23
3.306482e-04 2.766447e-23
3.319978e-04 2.768319e-23
3.333474e-04 2.770138e-23
3.346970e-04 2.771901e-23
3.360465e-04 2.773609e-23
3.373961e-04 2.775260e-23
3.387457e-04 2.776853e-23
3.400953e-04 2.778388e-23
3.414449e-04 2.779865e-23
3.427945e-04 2.781282e-23
3.441441e-04 2.782640e-23
3.454936e-04 2.783940e-23
3.468432e-04 2.785181e-23
3.481928e-04 2.786364e-23
3.495424e-04 2.787491e-23
3.508920e-04 2.788560e-23
3.522416e-04 2.789575e-23
3.535911e-04 2.790537e-23
3.549407e-04 2.791446e-23
3.562903e-04 2.792305e-23
3.576399e-04 2.793115e-23
3.589895e-04 2.793879e-23
3.603391e-04 2.794598e-23
3.616887e-04 2.795275e-23
3.630382e-04 2.795911e-23
3.643878e-04 2.796510e-23
3.657374e-04 2.797072e-23
3.670870e-04 2.797602e-23
3.684366e-04 2.798102e-23
3.697862e-04 2.798573e-23
3.711357e-04 2.799019e-23
3.724853e-04 2.799442e-23
3.738349e-04 2.799845e-23
3.751845e-04 2.800230e-23
3.765341e-04 2.800600e-23
3.778837e-04 2.800958e-23
3.792333e-04 2.801304e-23
3.805828e-04 2.801643e-23
3.819324e-04 2.801975e-23
3.832820e-04 2.802303e-23
3.846316e-04 2.802629e-23
3.859812e-04 2.802954e-23
3.873308e-04 2.803281e-23
3.886803e-04 2.803611e-23
3.900299e-04 2.803945e-23
3.913795e-04 2.804285e-23
3.927291e-04 2.804632e-23
3.940787e-04 2.804987e-23
3.954283e-04 2.805351e-23
3.967778e-04 2.805723e-23
3.981274e-04 2.806106e-23
3.994770e-04 2.806498e-23
4.008266e-04 2.806900e-23
4.021762e-04 2.807313e-23
4.035258e-04 2.807735e-23
4.048754e-04 2.808167e-23
4.062249e-04 2.808608e-23
4.075745e-04 2.809058e-23
4.089241e-04 2.809517e-23
4.102737e-04 2.809983e-23
4.116233e-04 2.810457e-23
4.129729e-04 2.810937e-23
4.143224e-04 2.811423e-23
4.156720e-04 2.811914e-23
4.170216e-04 2.812408e-23
4.183712e-04 2.812906e-23
4.197208e-04 2.813405e-23
4.210704e-04 2.813906e-23
4.224200e-04 2.814406e-23
4.237695e-04 2.814907e-23
4.251191e-04 2.815406e-23
4.264687e-04 2.815903e-23
4.278183e-04 2.816397e-23
4.291679e-04 2.816888e-23
4.305175e-04 2.817375e-23
4.318670e-04 2.817858e-23
4.332166e-04 2.818335e-23
4.345662e-04 2.818807e-23
4.359158e-04 2.819273e-23
4.372654e-04 2.819732e-23
4.386150e-04 2.820185e-23
4.399646e-04 2.820631e-23
4.413141e-04 2.821070e-23
4.426637e-04 2.821502e-23
4.440133e-04 2.821927e-23
4.453629e-04 2.822344e-23
4.467125e-04 2.822754e-23
4.480621e-04 2.823157e-23
4.494116e-04 2.823553e-23
4.507612e-04 2.823942e-23
4.521108e-04 2.824323e-23
4.534604e-04 2.824697e-23
4.548100e-04 2.825065e-23
4.561596e-04 2.825425e-23
4.575092e-04 2.825779e-23
4.588587e-04 2.826126e-23
4.602083e-04 2.826467e-23
4.615579e-04 2.826801e-23
4.629075e-04 2.827129e-23
4.642571e-04 2.827451e-23
4.656067e-04 2.827766e-23
4.669562e-04 2.828076e-23
4.683058e-04 2.828380e-23
4.696554e-04 2.828677e-23
4.710050e-04 2.828969e-23
4.723546e-04 2.829255e-23
4.737042e-04 2.829534e-23
4.750538e-04 2.829808e-23
4.764033e-04 2.830075e-23
4.777529e-04 2.830337e-23
4.791025e-04 2.830592e-23
4.804521e-04 2.830841e-23
4.818017e-04 2.831083e-23
4.831513e-04 2.831319e-23
4.845008e-04 2.831549e-23
4.858504e-04 2.831771e-23
4.872000e-04 2.831988e-23
4.885496e-04 2.832197e-23
4.898992e-04 2.832400e-23
4.912488e-04 2.832595e-23
4.925983e-04 2.832784e-23
4.939479e-04 2.832966e-23
4.952975e-04 2.833140e-23
4.966471e-04 2.833308e-23
4.979967e-04 2.833468e-23
4.993463e-04 2.833621e-23
5.006959e-04 2.833767e-23
5.020454e-04 2.833906e-23
5.033950e-04 2.834039e-23
5.047446e-04 2.834164e-23
5.060942e-04 2.834283e-23
5.074438e-04 2.834396e-23
5.087934e-04 2.834503e-23
5.101429e-04 2.834604e-23
5.114925e-04 2.834699e-23
5.128421e-04 2.834789e-23
5.141917e-04 2.834874e-23
5.155413e-04 2.834955e-23
5.168909e-04 2.835031e-23
5.182405e-04 2.835103e-23
5.195900e-04 2.835172e-23
5.209396e-04 2.835238e-23
5.222892e-04 2.835301e-23
5.236388e-04 2.835361e-23
5.249884e-04 2.835420e-23
5.263380e-04 2.835477e-23
5.276875e-04 2.835532e-23
5.290371e-04 2.835587e-23
5.303867e-04 2.835641e-23
5.317363e-04 2.835695e-23
5.330859e-04 2.835749e-23
5.344355e-04 2.835803e-23
5.357851e-04 2.835858e-23
5.371346e-04 2.835914e-23
5.384842e-04 2.835971e-23
5.398338e-04 2.836029e-23
5.411834e-04 2.836089e-23
5.425330e-04 2.836150e-23
5.438826e-04 2.836213e-23
5.452321e-04 2.836277e-23
5.465817e-04 2.836344e-23
5.479313e-04 2.836413e-23
5.492809e-04 2.836484e-23
5.506305e-04 2.836558e-23
5.519801e-04 2.836634e-23
5.533297e-04 2.836712e-23
5.546792e-04 2.836792e-23
5.560288e-04 2.836874e-23
5.573784e-04 2.836958e-23
5.587280e-04 2.837044e-23
5.600776e-04 2.837132e-23
5.614272e-04 2.837221e-23
5.627767e-04 2.837312e-23
5.641263e-04 2.837405e-23
5.654759e-04 2.837499e-23
5.668255e-04 2.837594e-23
5.681751e-04 2.837690e-23
5.695247e-04 2.837786e-23
5.708743e-04 2.837884e-23
5.722238e-04 2.837981e-23
5.735734e-04 2.838079e-23
5.749230e-04 2.838177e-23
5.762726e-04 2.838274e-23
5.776222e-04 2.838371e-23
5.789718e-04 2.838468e-23
5.803213e-04 2.838564e-23
5.816709e-04 2.838659e-23
5.830205e-04 2.838753e-23
5.843701e-04 2.838846e-23
5.857197e-04 2.838938e-23
5.870693e-04 2.839029e-23
5.884189e-04 2.839118e-23
5.897684e-04 2.839206e-23
5.911180e-04 2.839293e-23
5.924676e-04 2.839377e-23
5.938172e-04 2.839460e-23
5.951668e-04 2.839541e-23
5.965164e-04 2.839620e-23
5.978659e-04 2.839698e-23
5.992155e-04 2.839773e-23
6.005651e-04 2.839846e-23
6.019147e-04 2.839918e-23
6.032643e-04 2.839987e-23
6.046139e-04 2.840055e-23
6.059634e-04 2.840120e-23
6.073130e-04 2.840183e-23
6.086626e-04 2.840245e-23
6.100122e-04 2.840304e-23
6.113618e-04 2.840362e-23
6.127114e-04 2.840417e-23
6.140610e-04 2.840471e-23
6.154105e-04 2.840522e-23
6.167601e-04 2.840572e-23
6.181097e-04 2.840620e-23
6.194593e-04 2.840666e-23
6.208089e-04 2.840711e-23
6.221585e-04 2.840753e-23
6.235080e-04 2.840795e-23
6.248576e-04 2.840834e-23
6.262072e-04 2.840873e-23
6.275568e-04 2.840909e-23
6.289064e-04 2.840945e-23
6.302560e-04 2.840979e-23
6.316056e-04 2.841012e-23
6.329551e-04 2.841044e-23
6.343047e-04 2.841074e-23
6.356543e-04 2.841104e-23
6.370039e-04 2.841132e-23
6.383535e-04 2.841159e-23
6.397031e-04 2.841186e-23
6.410526e-04 2.841212e-23
6.424022e-04 2.841236e-23
6.437518e-04 2.841260e-23
6.451014e-04 2.841284e-23
6.464510e-04 2.841306e-23
6.478006e-04 2.841328e-23
6.491502e-04 2.841350e-23
6.504997e-04 2.841371e-23
6.518493e-04 2.841391e-23
6.531989e-04 2.841411e-23
6.545485e-04 2.841431e-23
6.558981e-04 2.841450e-23
6.572477e-04 2.841469e-23
6.585972e-04 2.841487e-23
6.599468e-04 2.841506e-23
6.612964e-04 2.841524e-23
6.626460e-04 2.841541e-23
6.639956e-04 2.841559e-23
6.653452e-04 2.841576e-23
6.666948e-04 2.841593e-23
6.680443e-04 2.841609e-23
6.693939e-04 2.841626e-23
6.707435e-04 2.841642e-23
6.720931e-04 2.841658e-23
6.734427e-04 2.841674e-23
6.747923e-04 2.841690e-23
6.761418e-04 2.841705e-23
6.774914e-04 2.841721e-23
6.788410e-04 2.841736e-23
6.801906e-04 2.841751e-23
6.815402e-04 2.841766e-23
6.828898e-04 2.841781e-23
6.842394e-04 2.841796e-23
6.855889e-04 2.841811e-23
6.869385e-04 2.841825e-23
6.882881e-04 2.841840e-23
6.896377e-04 2.841854e-23
6.909873e-04 2.841868e-23
6.923369e-04 2.841882e-23
6.936864e-04 2.841896e-23
6.950360e-04 2.841910e-23
6.963856e-04 2.841924e-23
6.977352e-04 2.841938e-23
6.990848e-04 2.841952e-23
7.004344e-04 2.841966e-23
7.017840e-04 2.841980e-23
7.031335e-04 2.841994e-23
7.044831e-04 2.842008e-23
7.058327e-04 2.842022e-23
7.071823e-04 2.842036e-23
7.085319e-04 2.842050e-23
7.098815e-04 2.842064e-23
7.112310e-04 2.842078e-23
7.125806e-04 2.842092e-23
7.139302e-04 2.842106e-23
7.152798e-04 2.842120e-23
7.166294e-04 2.842134e-23
7.179790e-04 2.842148e-23
7.193285e-04 2.842162e-23
7.206781e-04 2.842176e-23
7.220277e-04 2.842189e-23
7.233773e-04 2.842203e-23
7.247269e-04 2.842216e-23
7.260765e-04 2.842230e-23
7.274261e-04 2.842243e-23
7.287756e-04 2.842255e-23
7.301252e-04 2.842268e-23
7.314748e-04 2.842280e-23
7.328244e-04 2.842292e-23
7.341740e-04 2.842304e-23
7.355236e-04 2.842315e-23
7.368731e-04 2.842327e-23
7.382227e-04 2.842337e-23
7.395723e-04 2.842348e-23
7.409219e-04 2.842358e-23
7.422715e-04 2.842368e-23
7.436211e-04 2.842377e-23
7.449707e-04 2.842387e-23
7.463202e-04 2.842396e-23
7.476698e-04 2.842404e-23
7.490194e-04 2.842412e-23
7.503690e-04 2.842420e-23
7.517186e-04 2.842428e-23
7.530682e-04 2.842435e-23
7.544177e-04 2.842442e-23
7.557673e-04 2.842449e-23
7.571169e-04 2.842455e-23
7.584665e-04 2.842461e-23
7.598161e-04 2.842466e-23
7.611657e-04 2.842471e-23
7.625153e-04 2.842476e-23
7.638648e-04 2.842481e-23
7.652144e-04 2.842485e-23
7.665640e-04 2.842489e-23
7.679136e-04 2.842493e-23
7.692632e-04 2.842496e-23
7.706128e-04 2.842500e-23
7.719623e-04 2.842503e-23
7.733119e-04 2.842506e-23
7.746615e-04 2.842508e-23
7.760111e-04 2.842511e-23
7.773607e-04 2.842513e-23
7.787103e-04 2.842516e-23
7.800599e-04 2.842518e-23
7.814094e-04 2.842520e-23
7.827590e-04 2.842521e-23
7.841086e-04 2.842523e-23
7.854582e-04 2.842525e-23
7.868078e-04 2.842526e-23
7.881574e-04 2.842528e-23
7.895069e-04 2.842530e-23
7.908565e-04 2.842531e-23
7.922061e-04 2.842533e-23
7.935557e-04 2.842534e-23
7.949053e-04 2.842536e-23
7.962549e-04 2.842538e-23
7.976045e-04 2.842539e-23
7.989540e-04 2.842541e-23
8.003036e-04 2.842542e-23
8.016532e-04 2.842544e-23
8.030028e-04 2.842545e-23
8.043524e-04 2.842547e-23
8.057020e-04 2.842548e-23
8.070515e-04 2.842550e-23
8.084011e-04 2.842551e-23
8.097507e-04 2.842553e-23
8.111003e-04 2.842554e-23
8.124499e-04 2.842556e-23
8.137995e-04 2.842557e-23
8.151490e-04 2.842559e-23
8.164986e-04 2.842561e-23
8.178482e-04 2.842562e-23
8.191978e-04 2.842564e-23
8.205474e-04 2.842566e-23
8.218970e-04 2.842568e-23
8.232466e-04 2.842570e-23
8.245961e-04 2.842572e-23
8.259457e-04 2.842574e-23
8.272953e-04 2.842575e-23
8.286449e-04 2.842577e-23
8.299945e-04 2.842579e-23
8.313441e-04 2.842582e-23
8.326936e-04 2.842584e-23
8.340432e-04 2.842586e-23
8.353928e-04 2.842588e-23
8.367424e-04 2.842590e-23
8.380920e-04 2.842592e-23
8.394416e-04 2.842595e-23
8.407912e-04 2.842597e-23
8.421407e-04 2.842600e-23
8.434903e-04 2.842602e-23
8.448399e-04 2.842604e-23
8.461895e-04 2.842607e-23
8.475391e-04 2.842609e-23
8.488887e-04 2.842611e-23
8.502382e-04 2.842614e-23
8.515878e-04 2.842616e-23
8.529374e-04 2.842619e-23
8.542870e-04 2.842621e-23
8.556366e-04 2.842623e-23
8.569862e-04 2.842625e-23
8.583358e-04 2.842628e-23
8.596853e-04 2.842630e-23
8.610349e-04 2.842632e-23
8.623845e-04 2.842634e-23
8.637341e-04 2.842637e-23
8.650837e-04 2.842639e-23
8.664333e-04 2.842641e-23
8.677828e-04 2.842644e-23
8.691324e-04 2.842646e-23
8.704820e-04 2.842648e-23
8.718316e-04 2.842650e-23
8.731812e-04 2.842653e-23
8.745308e-04 2.842655e-23
8.758804e-04 2.842657e-23
8.772299e-04 2.842659e-23
8.785795e-04 2.842661e-23
8.799291e-04 2.842663e-23
8.812787e-04 2.842665e-23
8.826283e-04 2.842666e-23
8.839779e-04 2.842668e-23
8.853274e-04 2.842670e-23
8.866770e-04 2.842671e-23
8.880266e-04 2.842673e-23
8.893762e-04 2.842674e-23
8.907258e-04 2.842676e-23
8.920754e-04 2.842677e-23
8.934250e-04 2.842678e-23
8.947745e-04 2.842680e-23
8.961241e-04 2.842681e-23
8.974737e-04 2.842682e-23
8.988233e-04 2.842683e-23
9.001729e-04 2.842684e-23
9.015225e-04 2.842685e-23
9.028720e-04 2.842686e-23
9.042216e-04 2.842687e-23
9.055712e-04 2.842688e-23
9.069208e-04 2.842689e-23
9.082704e-04 2.842690e-23
9.096200e-04 2.842691e-23
9.109696e-04 2.842692e-23
9.123191e-04 2.842693e-23
9.136687e-04 2.842694e-23
9.150183e-04 2.842695e-23
9.163679e-04 2.842695e-23
9.177175e-04 2.842696e-23
9.190671e-04 2.842697e-23
9.204166e-04 2.842698e-23
9.217662e-04 2.842698e-23
9.231158e-04 2.842699e-23
9.244654e-04 2.842700e-23
9.258150e-04 2.842700e-23
9.271646e-04 2.842701e-23
9.285141e-04 2.842702e-23
9.298637e-04 2.842703e-23
9.312133e-04 2.842703e-23
9.325629e-04 2.842704e-23
9.339125e-04 2.842705e-23
9.352621e-04 2.842705e-23
9.366117e-04 2.842706e-23
9.379612e-04 2.842707e-23
9.393108e-04 2.842707e-23
9.406604e-04 2.842708e-23
9.420100e-04 2.842709e-23
9.433596e-04 2.842709e-23
9.447092e-04 2.842710e-23
9.460587e-04 2.842711e-23
9.474083e-04 2.842712e-23
9.487579e-04 2.842712e-23
9.501075e-04 2.842713e-23
9.514571e-04 2.842714e-23
9.528067e-04 2.842714e-23
9.541563e-04 2.842715e-23
9.555058e-04 2.842716e-23
9.568554e-04 2.842717e-23
9.582050e-04 2.842717e-23
9.595546e-04 2.842718e-23
9.609042e-04 2.842718e-23
9.622538e-04 2.842719e-23
9.636033e-04 2.842720e-23
9.649529e-04 2.842720e-23
9.663025e-04 2.842721e-23
9.676521e-04 2.842721e-23
9.690017e-04 2.842722e-23
9.703513e-04 2.842722e-23
9.717009e-04 2.842723e-23
9.730504e-04 2.842724e-23
9.744000e-04 2.842724e-23
9.757496e-04 2.842725e-23
9.770992e-04 2.842725e-23
9.784488e-04 2.842726e-23
9.797984e-04 2.842726e-23
9.811479e-04 2.842727e-23
9.824975e-04 2.842727e-23
9.838471e-04 2.842728e-23
9.851967e-04 2.842728e-23
9.865463e-04 2.842729e-23
9.878959e-04 2.842730e-23
9.892455e-04 2.842730e-23
9.905950e-04 2.842731e-23
9.919446e-04 2.842731e-23
9.932942e-04 2.842731e-23
9.946438e-04 2.842732e-23
9.959934e-04 2.842732e-23
9.973430e-04 2.842733e-23
9.986925e-04 2.842733e-23
1.000042e-03 2.842733e-23
1.001392e-03 2.842734e-23
1.002741e-03 2.842734e-23
1.004091e-03 2.842734e-23
1.005440e-03 2.842734e-23
1.006790e-03 2.842735e-23
1.008140e-03 2.842735e-23
1.009489e-03 2.842735e-23
1.010839e-03 2.842736e-23
1.012188e-03 2.842736e-23
1.013538e-03 2.842736e-23
1.014888e-03 2.842736e-23
1.016237e-03 2.842737e-23
1.017587e-03 2.842737e-23
1.018936e-03 2.842737e-23
1.020286e-03 2.842738e-23
1.021635e-03 2.842738e-23
1.022985e-03 2.842738e-23
1.024335e-03 2.842738e-23
1.025684e-03 2.842739e-23
1.027034e-03 2.842739e-23
1.028383e-03 2.842739e-23
1.029733e-03 2.842739e-23
1.031083e-03 2.842739e-23
1.032432e-03 2.842740e-23
1.033782e-03 2.842740e-23
1.035131e-03 2.842740e-23
1.036481e-03 2.842740e-23
1.037830e-03 2.842740e-23
1.039180e-03 2.842741e-23
1.040530e-03 2.842741e-23
1.041879e-03 2.842741e-23
1.043229e-03 2.842741e-23
1.044578e-03 2.842741e-23
1.045928e-03 2.842742e-23
1.047278e-03 2.842742e-23
1.048627e-03 2.842742e-23
1.049977e-03 2.842742e-23
1.051326e-03 2.842742e-23
1.052676e-03 2.842742e-23
1.054026e-03 2.842742e-23
1.055375e-03 2.842742e-23
1.056725e-03 2.842742e-23
1.058074e-03 2.842742e-23
1.059424e-03 2.842742e-23
1.060773e-03 2.842742e-23
1.062123e-03 2.842742e-23
1.063473e-03 2.842742e-23
1.064822e-03 2.842742e-23
1.066172e-03 2.842742e-23
1.067521e-03 2.842742e-23
1.068871e-03 2.842742e-23
1.070221e-03 2.842742e-23
1.071570e-03 2.842742e-23
1.072920e-03 2.842742e-23
1.074269e-03 2.842743e-23
1.075619e-03 2.842743e-23
1.076968e-03 2.842743e-23
1.078318e-03 2.842743e-23
1.079668e-03 2.842743e-23
1.081017e-03 2.842743e-23
1.082367e-03 2.842743e-23
1.083716e-03 2.842743e-23
1.085066e-03 2.842744e-23
1.086416e-03 2.842744e-23
1.087765e-03 2.842744e-23
1.089115e-03 2.842744e-23
1.090464e-03 2.842744e-23
1.091814e-03 2.842744e-23
1.093163e-03 2.842744e-23
1.094513e-03 2.842744e-23
1.095863e-03 2.842744e-23
1.097212e-03 2.842744e-23
1.098562e-03 2.842744e-23
1.099911e-03 2.842744e-23
1.101261e-03 2.842744e-23
1.102611e-03 2.842744e-23
1.103960e-03 2.842744e-23
1.105310e-03 2.842744e-23
1.106659e-03 2.842744e-23
1.108009e-03 2.842744e-23
1.109358e-03 2.842744e-23
1.110708e-03 2.842744e-23
1.112058e-03 2.842744e-23
1.113407e-03 2.842745e-23
1.114757e-03 2.842745e-23
1.116106e-03 2.842745e-23
1.117456e-03 2.842745e-23
1.118806e-03 2.842745e-23
1.120155e-03 2.842745e-23
1.121505e-03 2.842745e-23
1.122854e-03 2.842745e-23
1.124204e-03 2.842745e-23
1.125553e-03 2.842745e-23
1.126903e-03 2.842745e-23
1.128253e-03 2.842745e-23
1.129602e-03 2.842745e-23
1.130952e-03 2.842745e-23
1.132301e-03 2.842746e-23
1.133651e-03 2.842746e-23
1.135001e-03 2.842746e-23
1.136350e-03 2.842746e-23
1.137700e-03 2.842746e-23
1.139049e-03 2.842746e-23
1.140399e-03 2.842746e-23
1.141749e-03 2.842746e-23
1.143098e-03 2.842746e-23
1.144448e-03 2.842746e-23
1.145797e-03 2.842746e-23
1.147147e-03 2.842746e-23
1.148496e-03 2.842746e-23
1.149846e-03 2.842746e-23
1.151196e-03 2.842746e-23
1.152545e-03 2.842746e-23
1.153895e-03 2.842746e-23
1.155244e-03 2.842746e-23
1.156594e-03 2.842746e-23
1.157944e-03 2.842747e-23
1.159293e-03 2.842747e-23
1.160643e-03 2.842747e-23
1.161992e-03 2.842747e-23
1.163342e-03 2.842747e-23
1.164691e-03 2.842747e-23
1.166041e-03 2.842747e-23
1.167391e-03 2.842747e-23
1.168740e-03 2.842747e-23
1.170090e-03 2.842747e-23
1.171439e-03 2.842747e-23
1.172789e-03 2.842747e-23
1.174139e-03 2.842747e-23
1.175488e-03 2.842747e-23
1.176838e-03 2.842747e-23
1.178187e-03 2.842747e-23
1.179537e-03 2.842747e-23
1.180886e-03 2.842747e-23
1.182236e-03 2.842747e-23
1.183586e-03 2.842747e-23
1.184935e-03 2.842747e-23
1.186285e-03 2.842747e-23
1.187634e-03 2.842747e-23
1.188984e-03 2.842747e-23
1.190334e-03 2.842747e-23
1.191683e-03 2.842747e-23
1.193033e-03 2.842747e-23
1.194382e-03 2.842747e-23
1.195732e-03 2.842747e-23
1.197081e-03 2.842747e-23
1.198431e-03 2.842747e-23
1.199781e-03 2.842747e-23
1.201130e-03 2.842747e-23
1.202480e-03 2.842747e-23
1.203829e-03 2.842747e-23
1.205179e-03 2.842747e-23
1.206529e-03 2.842747e-23
1.207878e-03 2.842747e-23
1.209228e-03 2.842747e-23
1.210577e-03 2.842747e-23
1.211927e-03 2.842747e-23
1.213276e-03 2.842747e-23
1.214626e-03 2.842747e-23
1.215976e-03 2.842747e-23
1.217325e-03 2.842747e-23
1.218675e-03 2.842747e-23
1.220024e-03 2.842747e-23
1.221374e-03 2.842747e-23
1.222724e-03 2.842747e-23
1.224073e-03 2.842747e-23
1.225423e-03 2.842747e-23
1.226772e-03 2.842747e-23
1.228122e-03 2.842747e-23
1.229471e-03 2.842747e-23
1.230821e-03 2.842747e-23
1.232171e-03 2.842747e-23
1.233520e-03 2.842747e-23
1.234870e-03 2.842748e-23
1.236219e-03 2.842748e-23
1.237569e-03 2.842748e-23
1.238919e-03 2.842748e-23
1.240268e-03 2.842748e-23
1.241618e-03 2.842748e-23
1.242967e-03 2.842748e-23
1.244317e-03 2.842748e-23
1.245667e-03 2.842748e-23
1.247016e-03 2.842748e-23
1.248366e-03 2.842748e-23
1.249715e-03 2.842748e-23
1.251065e-03 2.842748e-23
1.252414e-03 2.842748e-23
1.253764e-03 2.842748e-23
1.255114e-03 2.842748e-23
1.256463e-03 2.842748e-23
1.257813e-03 2.842748e-23
1.259162e-03 2.842748e-23
1.260512e-03 2.842748e-23
1.261862e-03 2.842748e-23
1.263211e-03 2.842748e-23
1.264561e-03 2.842748e-23
1.265910e-03 2.842748e-23
1.267260e-03 2.842748e-23
1.268609e-03 2.842748e-23
1.269959e-03 2.842748e-23
1.271309e-03 2.842748e-23
1.272658e-03 2.842748e-23
1.274008e-03 2.842748e-23
1.275357e-03 2.842748e-23
1.276707e-03 2.842748e-23
1.278057e-03 2.842748e-23
1.279406e-03 2.842748e-23
1.280756e-03 2.842748e-23
1.282105e-03 2.842748e-23
1.283455e-03 2.842748e-23
1.284804e-03 2.842748e-23
1.286154e-03 2.842748e-23
1.287504e-03 2.842748e-23
1.288853e-03 2.842748e-23
1.290203e-03 2.842748e-23
1.291552e-03 2.842748e-23
1.292902e-03 2.842748e-23
1.294252e-03 2.842748e-23
1.295601e-03 2.842748e-23
1.296951e-03 2.842748e-23
1.298300e-03 2.842748e-23
1.299650e-03 2.842748e-23
1.300999e-03 2.842748e-23
1.302349e-03 2.842748e-23
1.303699e-03 2.842748e-23
1.305048e-03 2.842748e-23
1.306398e-03 2.842748e-23
1.307747e-03 2.842748e-23
1.309097e-03 2.842748e-23
1.310447e-03 2.842748e-23
1.311796e-03 2.842748e-23
1.313146e-03 2.842748e-23
1.314495e-03 2.842748e-23
1.315845e-03 2.842748e-23
1.317194e-03 2.842748e-23
1.318544e-03 2.842748e-23
1.319894e-03 2.842748e-23
1.321243e-03 2.842748e-23
1.322593e-03 2.842748e-23
1.323942e-03 2.842748e-23
1.325292e-03 2.842748e-23
1.326642e-03 2.842748e-23
1.327991e-03 2.842748e-23
1.329341e-03 2.842748e-23
1.330690e-03 2.842748e-23
1.332040e-03 2.842748e-23
1.333390e-03 2.842748e-23
1.334739e-03 2.842748e-23
1.336089e-03 2.842748e-23
1.337438e-03 2.842748e-23
1.338788e-03 2.842748e-23
1.340137e-03 2.842748e-23
1.341487e-03 2.842748e-23
1.342837e-03 2.842748e-23
1.344186e-03 2.842748e-23
1.345536e-03 2.842748e-23
1.346885e-03 2.842748e-23
1.348235e-03 2.842748e-23
1.349585e-03 2.842748e-23
