Time (days)    Memory (strain)
6.610372e-02 -1.557696e-29
6.831116e-02 -1.557696e-29
7.051860e-02 -1.557696e-29
7.272605e-02 -1.557696e-29
7.493349e-02 -3.605619e-29
7.714093e-02 -4.659122e-29
7.934837e-02 -2.846697e-29
8.155581e-02 -7.113279e-30
8.376325e-02 3.869503e-30
8.597069e-02 -1.015671e-28
8.817814e-02 -5.865964e-29
9.038558e-02 6.273437e-29
9.259302e-02 4.035966e-30
9.480046e-02 -3.699973e-29
9.700790e-02 -5.727187e-28
9.921534e-02 -6.003649e-28
1.014228e-01 -5.927085e-28
1.036302e-01 -5.334258e-28
1.058377e-01 -5.935671e-28
1.080451e-01 -6.828285e-28
1.102526e-01 -8.854695e-28
1.124600e-01 -5.278571e-28
1.146674e-01 -6.090920e-28
1.168749e-01 -5.696974e-28
1.190823e-01 8.465113e-29
1.212898e-01 2.160313e-28
1.234972e-01 4.326003e-28
1.257046e-01 4.199817e-28
1.279121e-01 1.592973e-28
1.301195e-01 2.775172e-28
1.323270e-01 7.120144e-28
1.345344e-01 1.545715e-27
1.367418e-01 1.577072e-27
1.389493e-01 1.351259e-27
1.411567e-01 1.125000e-27
1.433642e-01 1.550590e-27
1.455716e-01 1.251803e-27
1.477791e-01 1.218812e-27
1.499865e-01 1.970226e-27
1.521939e-01 2.552892e-27
1.544014e-01 2.860635e-27
1.566088e-01 2.767391e-27
1.588163e-01 3.404848e-27
1.610237e-01 4.180599e-27
1.632311e-01 4.255488e-27
1.654386e-01 4.445778e-27
1.676460e-01 5.980899e-27
1.698535e-01 6.312278e-27
1.720609e-01 6.902574e-27
1.742684e-01 8.103681e-27
1.764758e-01 9.413980e-27
1.786832e-01 1.038598e-26
1.808907e-01 1.070287e-26
1.830981e-01 1.228057e-26
1.853056e-01 1.256696e-26
1.875130e-01 1.404553e-26
1.897204e-01 1.459068e-26
1.919279e-01 1.465191e-26
1.941353e-01 1.511521e-26
1.963428e-01 1.575887e-26
1.985502e-01 1.718534e-26
2.007577e-01 1.789625e-26
2.029651e-01 1.938622e-26
2.051725e-01 2.013022e-26
2.073800e-01 2.062143e-26
2.095874e-01 2.103832e-26
2.117949e-01 2.198410e-26
2.140023e-01 2.347490e-26
2.162097e-01 2.434347e-26
2.184172e-01 2.456186e-26
2.206246e-01 2.471495e-26
2.228321e-01 2.535676e-26
2.250395e-01 2.641072e-26
2.272469e-01 2.716391e-26
2.294544e-01 2.764112e-26
2.316618e-01 2.821330e-26
2.338693e-01 2.877792e-26
2.360767e-01 2.962063e-26
2.382842e-01 2.997902e-26
2.404916e-01 3.000352e-26
2.426990e-01 3.026209e-26
2.449065e-01 3.071699e-26
2.471139e-01 3.113412e-26
2.493214e-01 3.167979e-26
2.515288e-01 3.191033e-26
2.537362e-01 3.218637e-26
2.559437e-01 3.256070e-26
2.581511e-01 3.277229e-26
2.603586e-01 3.313930e-26
2.625660e-01 3.384023e-26
2.647735e-01 3.410282e-26
2.669809e-01 3.471443e-26
2.691883e-01 3.512776e-26
2.713958e-01 3.566218e-26
2.736032e-01 3.602124e-26
2.758107e-01 3.642667e-26
2.780181e-01 3.706460e-26
2.802255e-01 3.755973e-26
2.824330e-01 3.790664e-26
2.846404e-01 3.805964e-26
2.868479e-01 3.836038e-26
2.890553e-01 3.830080e-26
2.912628e-01 3.871738e-26
2.934702e-01 3.911917e-26
2.956776e-01 3.897352e-26
2.978851e-01 3.941052e-26
3.000925e-01 3.997203e-26
3.023000e-01 4.030088e-26
3.045074e-01 4.072283e-26
3.067148e-01 4.063119e-26
3.089223e-01 4.085116e-26
3.111297e-01 4.104183e-26
3.133372e-01 4.138397e-26
3.155446e-01 4.157575e-26
3.177521e-01 4.164358e-26
3.199595e-01 4.213984e-26
3.221669e-01 4.258862e-26
3.243744e-01 4.259580e-26
3.265818e-01 4.267925e-26
3.287893e-01 4.290079e-26
3.309967e-01 4.348858e-26
3.332041e-01 4.367214e-26
3.354116e-01 4.410323e-26
3.376190e-01 4.435840e-26
3.398265e-01 4.455600e-26
3.420339e-01 4.448694e-26
3.442413e-01 4.478953e-26
3.464488e-01 4.497512e-26
3.486562e-01 4.521028e-26
3.508637e-01 4.548255e-26
3.530711e-01 4.586857e-26
3.552786e-01 4.600289e-26
3.574860e-01 4.620660e-26
3.596934e-01 4.638899e-26
3.619009e-01 4.691706e-26
3.641083e-01 4.719211e-26
3.663158e-01 4.744384e-26
3.685232e-01 4.785147e-26
3.707306e-01 4.824618e-26
3.729381e-01 4.827615e-26
3.751455e-01 4.859948e-26
3.773530e-01 4.903914e-26
3.795604e-01 4.940068e-26
3.817679e-01 4.973650e-26
3.839753e-01 5.004935e-26
3.861827e-01 5.011578e-26
3.883902e-01 5.014002e-26
3.905976e-01 5.020997e-26
3.928051e-01 5.024340e-26
3.950125e-01 5.038675e-26
3.972199e-01 5.044889e-26
3.994274e-01 5.067067e-26
4.016348e-01 5.076162e-26
4.038423e-01 5.072929e-26
4.060497e-01 5.100049e-26
4.082572e-01 5.101914e-26
4.104646e-01 5.132202e-26
4.126720e-01 5.140242e-26
4.148795e-01 5.164095e-26
4.170869e-01 5.196564e-26
4.192944e-01 5.194869e-26
4.215018e-01 5.196250e-26
4.237092e-01 5.219340e-26
4.259167e-01 5.235973e-26
4.281241e-01 5.244629e-26
4.303316e-01 5.264352e-26
4.325390e-01 5.286974e-26
4.347464e-01 5.286357e-26
4.369539e-01 5.314065e-26
4.391613e-01 5.320190e-26
4.413688e-01 5.338383e-26
4.435762e-01 5.360355e-26
4.457837e-01 5.370516e-26
4.479911e-01 5.387347e-26
4.501985e-01 5.400961e-26
4.524060e-01 5.411725e-26
4.546134e-01 5.410821e-26
4.568209e-01 5.414248e-26
4.590283e-01 5.427775e-26
4.612357e-01 5.452621e-26
4.634432e-01 5.454447e-26
4.656506e-01 5.466146e-26
4.678581e-01 5.478846e-26
4.700655e-01 5.463388e-26
4.722730e-01 5.475039e-26
4.744804e-01 5.494298e-26
4.766878e-01 5.496623e-26
4.788953e-01 5.487214e-26
4.811027e-01 5.507158e-26
4.833102e-01 5.518894e-26
4.855176e-01 5.524326e-26
4.877250e-01 5.537879e-26
4.899325e-01 5.560104e-26
4.921399e-01 5.580404e-26
4.943474e-01 5.588182e-26
4.965548e-01 5.610140e-26
4.987623e-01 5.629505e-26
5.009697e-01 5.618903e-26
5.031771e-01 5.616310e-26
5.053846e-01 5.626046e-26
5.075920e-01 5.649625e-26
5.097995e-01 5.668258e-26
5.120069e-01 5.692607e-26
5.142143e-01 5.704103e-26
5.164218e-01 5.725598e-26
5.186292e-01 5.730071e-26
5.208367e-01 5.733570e-26
5.230441e-01 5.742171e-26
5.252516e-01 5.747221e-26
5.274590e-01 5.763307e-26
5.296664e-01 5.757641e-26
5.318739e-01 5.737820e-26
5.340813e-01 5.736628e-26
5.362888e-01 5.761518e-26
5.384962e-01 5.768381e-26
5.407036e-01 5.778511e-26
5.429111e-01 5.796025e-26
5.451185e-01 5.794432e-26
5.473260e-01 5.816639e-26
5.495334e-01 5.823309e-26
5.517408e-01 5.821777e-26
5.539483e-01 5.831323e-26
5.561557e-01 5.840090e-26
5.583632e-01 5.847471e-26
5.605706e-01 5.862624e-26
5.627781e-01 5.867779e-26
5.649855e-01 5.869307e-26
5.671929e-01 5.878413e-26
5.694004e-01 5.887706e-26
5.716078e-01 5.894684e-26
5.738153e-01 5.905514e-26
5.760227e-01 5.925742e-26
5.782301e-01 5.928031e-26
5.804376e-01 5.922975e-26
5.826450e-01 5.916429e-26
5.848525e-01 5.926583e-26
5.870599e-01 5.935587e-26
5.892674e-01 5.931741e-26
5.914748e-01 5.943000e-26
5.936822e-01 5.945839e-26
5.958897e-01 5.952939e-26
5.980971e-01 5.964757e-26
6.003046e-01 5.976278e-26
6.025120e-01 5.975853e-26
6.047194e-01 5.990046e-26
6.069269e-01 6.008835e-26
6.091343e-01 6.032086e-26
6.113418e-01 6.032194e-26
6.135492e-01 6.043266e-26
6.157567e-01 6.059533e-26
6.179641e-01 6.072776e-26
6.201715e-01 6.081371e-26
6.223790e-01 6.092050e-26
6.245864e-01 6.093581e-26
6.267939e-01 6.096661e-26
6.290013e-01 6.102035e-26
6.312087e-01 6.109553e-26
6.334162e-01 6.128662e-26
6.356236e-01 6.129128e-26
6.378311e-01 6.138671e-26
6.400385e-01 6.146673e-26
6.422459e-01 6.151024e-26
6.444534e-01 6.146721e-26
6.466608e-01 6.147108e-26
6.488683e-01 6.153561e-26
6.510757e-01 6.155192e-26
6.532832e-01 6.168766e-26
6.554906e-01 6.165355e-26
6.576980e-01 6.177866e-26
6.599055e-01 6.188061e-26
6.621129e-01 6.202660e-26
6.643204e-01 6.213608e-26
6.665278e-01 6.215997e-26
6.687352e-01 6.225059e-26
6.709427e-01 6.232347e-26
6.731501e-01 6.227638e-26
6.753576e-01 6.239889e-26
6.775650e-01 6.245387e-26
6.797725e-01 6.256972e-26
6.819799e-01 6.266296e-26
6.841873e-01 6.271178e-26
6.863948e-01 6.265998e-26
6.886022e-01 6.263274e-26
6.908097e-01 6.256871e-26
6.930171e-01 6.279171e-26
6.952245e-01 6.279778e-26
6.974320e-01 6.280075e-26
6.996394e-01 6.281867e-26
7.018469e-01 6.296172e-26
7.040543e-01 6.306410e-26
7.062618e-01 6.322298e-26
7.084692e-01 6.332278e-26
7.106766e-01 6.324620e-26
7.128841e-01 6.330823e-26
7.150915e-01 6.335983e-26
7.172990e-01 6.336362e-26
7.195064e-01 6.341055e-26
7.217138e-01 6.351552e-26
7.239213e-01 6.350691e-26
7.261287e-01 6.356711e-26
7.283362e-01 6.358702e-26
7.305436e-01 6.366750e-26
7.327511e-01 6.378746e-26
7.349585e-01 6.390524e-26
7.371659e-01 6.403268e-26
7.393734e-01 6.404860e-26
7.415808e-01 6.410810e-26
7.437883e-01 6.416746e-26
7.459957e-01 6.423982e-26
7.482031e-01 6.422921e-26
7.504106e-01 6.427121e-26
7.526180e-01 6.424431e-26
7.548255e-01 6.432670e-26
7.570329e-01 6.434463e-26
7.592403e-01 6.436657e-26
7.614478e-01 6.437852e-26
7.636552e-01 6.439883e-26
7.658627e-01 6.443307e-26
7.680701e-01 6.454772e-26
7.702776e-01 6.463917e-26
7.724850e-01 6.469485e-26
7.746924e-01 6.473360e-26
7.768999e-01 6.485417e-26
7.791073e-01 6.492036e-26
7.813148e-01 6.486964e-26
7.835222e-01 6.482527e-26
7.857296e-01 6.478159e-26
7.879371e-01 6.478353e-26
7.901445e-01 6.482862e-26
7.923520e-01 6.494448e-26
7.945594e-01 6.496741e-26
7.967669e-01 6.497767e-26
7.989743e-01 6.499212e-26
8.011817e-01 6.503775e-26
8.033892e-01 6.511603e-26
8.055966e-01 6.518008e-26
8.078041e-01 6.520422e-26
8.100115e-01 6.533349e-26
8.122189e-01 6.541137e-26
8.144264e-01 6.544422e-26
8.166338e-01 6.540567e-26
8.188413e-01 6.538275e-26
8.210487e-01 6.544669e-26
8.232562e-01 6.550459e-26
8.254636e-01 6.557831e-26
8.276710e-01 6.562399e-26
8.298785e-01 6.562441e-26
8.320859e-01 6.565026e-26
8.342934e-01 6.567858e-26
8.365008e-01 6.570872e-26
8.387082e-01 6.565767e-26
8.409157e-01 6.570241e-26
8.431231e-01 6.576876e-26
8.453306e-01 6.588290e-26
8.475380e-01 6.592469e-26
8.497454e-01 6.607402e-26
8.519529e-01 6.614200e-26
8.541603e-01 6.618901e-26
8.563678e-01 6.619469e-26
8.585752e-01 6.621388e-26
8.607827e-01 6.621575e-26
8.629901e-01 6.624337e-26
8.651975e-01 6.618314e-26
8.674050e-01 6.617887e-26
8.696124e-01 6.619405e-26
8.718199e-01 6.624575e-26
8.740273e-01 6.638099e-26
8.762347e-01 6.644673e-26
8.784422e-01 6.650927e-26
8.806496e-01 6.652786e-26
8.828571e-01 6.659871e-26
8.850645e-01 6.654890e-26
8.872720e-01 6.658553e-26
8.894794e-01 6.652349e-26
8.916868e-01 6.660641e-26
8.938943e-01 6.674557e-26
8.961017e-01 6.682775e-26
8.983092e-01 6.684630e-26
9.005166e-01 6.684486e-26
9.027240e-01 6.691119e-26
9.049315e-01 6.690924e-26
9.071389e-01 6.691512e-26
9.093464e-01 6.699931e-26
9.115538e-01 6.701033e-26
9.137613e-01 6.707118e-26
9.159687e-01 6.712084e-26
9.181761e-01 6.710139e-26
9.203836e-01 6.710664e-26
9.225910e-01 6.712059e-26
9.247985e-01 6.715289e-26
9.270059e-01 6.721482e-26
9.292133e-01 6.723000e-26
9.314208e-01 6.726999e-26
9.336282e-01 6.723687e-26
9.358357e-01 6.726402e-26
9.380431e-01 6.733085e-26
9.402506e-01 6.737332e-26
9.424580e-01 6.739760e-26
9.446654e-01 6.738975e-26
9.468729e-01 6.745729e-26
9.490803e-01 6.745925e-26
9.512878e-01 6.753236e-26
9.534952e-01 6.760294e-26
9.557026e-01 6.759190e-26
9.579101e-01 6.770775e-26
9.601175e-01 6.771634e-26
9.623250e-01 6.768288e-26
9.645324e-01 6.772317e-26
9.667398e-01 6.778434e-26
9.689473e-01 6.775119e-26
9.711547e-01 6.783493e-26
9.733622e-01 6.784890e-26
9.755696e-01 6.771080e-26
9.777771e-01 6.772791e-26
9.799845e-01 6.781357e-26
9.821919e-01 6.784224e-26
9.843994e-01 6.786897e-26
9.866068e-01 6.792808e-26
9.888143e-01 6.796503e-26
9.910217e-01 6.801725e-26
9.932291e-01 6.811179e-26
9.954366e-01 6.814963e-26
9.976440e-01 6.819207e-26
9.998515e-01 6.836738e-26
1.002059e+00 6.836738e-26
1.004266e+00 6.836738e-26
1.006474e+00 6.836738e-26
1.008681e+00 6.836738e-26
1.010889e+00 6.855168e-26
1.013096e+00 6.855168e-26
1.015304e+00 6.855168e-26
1.017511e+00 6.855168e-26
1.019718e+00 6.877033e-26
1.021926e+00 6.877033e-26
1.024133e+00 6.877033e-26
1.026341e+00 6.877033e-26
1.028548e+00 6.877033e-26
1.030756e+00 6.896204e-26
1.032963e+00 6.896204e-26
1.035171e+00 6.896204e-26
1.037378e+00 6.896204e-26
1.039585e+00 6.895922e-26
1.041793e+00 6.895922e-26
1.044000e+00 6.895922e-26
1.046208e+00 6.895922e-26
1.048415e+00 6.895922e-26
1.050623e+00 6.913766e-26
1.052830e+00 6.913766e-26
1.055038e+00 6.913766e-26
1.057245e+00 6.913766e-26
1.059452e+00 6.935090e-26
1.061660e+00 6.935090e-26
1.063867e+00 6.935090e-26
1.066075e+00 6.935090e-26
1.068282e+00 6.935090e-26
1.070490e+00 6.941854e-26
1.072697e+00 6.941854e-26
1.074904e+00 6.941854e-26
1.077112e+00 6.941854e-26
1.079319e+00 6.947553e-26
1.081527e+00 6.947553e-26
1.083734e+00 6.947553e-26
1.085942e+00 6.947553e-26
1.088149e+00 6.947553e-26
1.090357e+00 6.962827e-26
1.092564e+00 6.962827e-26
1.094771e+00 6.962827e-26
1.096979e+00 6.962827e-26
1.099186e+00 6.964315e-26
1.101394e+00 6.964315e-26
1.103601e+00 6.964315e-26
1.105809e+00 6.964315e-26
1.108016e+00 6.964315e-26
1.110224e+00 6.977825e-26
1.112431e+00 6.977825e-26
1.114638e+00 6.977825e-26
1.116846e+00 6.977825e-26
1.119053e+00 6.988871e-26
1.121261e+00 6.988871e-26
1.123468e+00 6.988871e-26
1.125676e+00 6.988871e-26
1.127883e+00 6.988871e-26
1.130091e+00 6.996910e-26
1.132298e+00 6.996910e-26
1.134505e+00 6.996910e-26
1.136713e+00 6.996910e-26
1.138920e+00 7.006708e-26
1.141128e+00 7.006708e-26
1.143335e+00 7.006708e-26
1.145543e+00 7.006708e-26
1.147750e+00 7.006708e-26
1.149957e+00 7.013419e-26
1.152165e+00 7.013419e-26
1.154372e+00 7.013419e-26
1.156580e+00 7.013419e-26
1.158787e+00 7.013419e-26
1.160995e+00 7.023583e-26
1.163202e+00 7.023583e-26
1.165410e+00 7.023583e-26
1.167617e+00 7.023583e-26
1.169824e+00 7.032909e-26
1.172032e+00 7.032909e-26
1.174239e+00 7.032909e-26
1.176447e+00 7.032909e-26
1.178654e+00 7.032909e-26
1.180862e+00 7.044393e-26
1.183069e+00 7.044393e-26
1.185277e+00 7.044393e-26
1.187484e+00 7.044393e-26
1.189691e+00 7.058468e-26
1.191899e+00 7.058468e-26
1.194106e+00 7.058468e-26
1.196314e+00 7.058468e-26
1.198521e+00 7.058468e-26
1.200729e+00 7.073288e-26
1.202936e+00 7.073288e-26
1.205144e+00 7.073288e-26
1.207351e+00 7.073288e-26
1.209558e+00 7.082778e-26
1.211766e+00 7.082778e-26
1.213973e+00 7.082778e-26
1.216181e+00 7.082778e-26
1.218388e+00 7.082778e-26
1.220596e+00 7.095295e-26
1.222803e+00 7.095295e-26
1.225011e+00 7.095295e-26
1.227218e+00 7.095295e-26
1.229425e+00 7.119616e-26
1.231633e+00 7.119616e-26
1.233840e+00 7.119616e-26
1.236048e+00 7.119616e-26
1.238255e+00 7.119616e-26
1.240463e+00 7.139505e-26
1.242670e+00 7.139505e-26
1.244877e+00 7.139505e-26
1.247085e+00 7.139505e-26
1.249292e+00 7.147267e-26
1.251500e+00 7.147267e-26
1.253707e+00 7.147267e-26
1.255915e+00 7.147267e-26
1.258122e+00 7.147267e-26
1.260330e+00 7.150566e-26
1.262537e+00 7.150566e-26
1.264744e+00 7.150566e-26
1.266952e+00 7.150566e-26
1.269159e+00 7.151761e-26
1.271367e+00 7.151761e-26
1.273574e+00 7.151761e-26
1.275782e+00 7.151761e-26
1.277989e+00 7.151761e-26
1.280197e+00 7.146073e-26
1.282404e+00 7.146073e-26
1.284611e+00 7.146073e-26
1.286819e+00 7.146073e-26
1.289026e+00 7.160407e-26
1.291234e+00 7.160407e-26
1.293441e+00 7.160407e-26
1.295649e+00 7.160407e-26
1.297856e+00 7.160407e-26
1.300064e+00 7.164783e-26
1.302271e+00 7.164783e-26
1.304478e+00 7.164783e-26
1.306686e+00 7.164783e-26
1.308893e+00 7.164783e-26
1.311101e+00 7.173252e-26
1.313308e+00 7.173252e-26
1.315516e+00 7.173252e-26
1.317723e+00 7.173252e-26
1.319930e+00 7.189309e-26
1.322138e+00 7.189309e-26
1.324345e+00 7.189309e-26
1.326553e+00 7.189309e-26
1.328760e+00 7.189309e-26
1.330968e+00 7.198538e-26
1.333175e+00 7.198538e-26
1.335383e+00 7.198538e-26
1.337590e+00 7.198538e-26
1.339797e+00 7.202181e-26
1.342005e+00 7.202181e-26
1.344212e+00 7.202181e-26
1.346420e+00 7.202181e-26
1.348627e+00 7.202181e-26
1.350835e+00 7.210305e-26
1.353042e+00 7.210305e-26
1.355250e+00 7.210305e-26
1.357457e+00 7.210305e-26
1.359664e+00 7.223449e-26
1.361872e+00 7.223449e-26
1.364079e+00 7.223449e-26
1.366287e+00 7.223449e-26
1.368494e+00 7.223449e-26
1.370702e+00 7.234630e-26
1.372909e+00 7.234630e-26
1.375117e+00 7.234630e-26
1.377324e+00 7.234630e-26
1.379531e+00 7.255843e-26
1.381739e+00 7.255843e-26
1.383946e+00 7.255843e-26
1.386154e+00 7.255843e-26
1.388361e+00 7.255843e-26
1.390569e+00 7.272680e-26
1.392776e+00 7.272680e-26
1.394983e+00 7.272680e-26
1.397191e+00 7.272680e-26
1.399398e+00 7.281499e-26
1.401606e+00 7.281499e-26
1.403813e+00 7.281499e-26
1.406021e+00 7.281499e-26
1.408228e+00 7.281499e-26
1.410436e+00 7.296993e-26
1.412643e+00 7.296993e-26
1.414850e+00 7.296993e-26
1.417058e+00 7.296993e-26
1.419265e+00 7.303279e-26
1.421473e+00 7.303279e-26
1.423680e+00 7.303279e-26
1.425888e+00 7.303279e-26
1.428095e+00 7.303279e-26
1.430303e+00 7.313045e-26
1.432510e+00 7.313045e-26
1.434717e+00 7.313045e-26
1.436925e+00 7.313045e-26
1.439132e+00 7.314919e-26
1.441340e+00 7.314919e-26
1.443547e+00 7.314919e-26
1.445755e+00 7.314919e-26
1.447962e+00 7.314919e-26
1.450170e+00 7.321740e-26
1.452377e+00 7.321740e-26
1.454584e+00 7.321740e-26
1.456792e+00 7.321740e-26
1.458999e+00 7.329518e-26
1.461207e+00 7.329518e-26
1.463414e+00 7.329518e-26
1.465622e+00 7.329518e-26
1.467829e+00 7.329518e-26
1.470037e+00 7.343121e-26
1.472244e+00 7.343121e-26
1.474451e+00 7.343121e-26
1.476659e+00 7.343121e-26
1.478866e+00 7.343121e-26
1.481074e+00 7.359653e-26
1.483281e+00 7.359653e-26
1.485489e+00 7.359653e-26
1.487696e+00 7.359653e-26
1.489903e+00 7.369267e-26
1.492111e+00 7.369267e-26
1.494318e+00 7.369267e-26
1.496526e+00 7.369267e-26
1.498733e+00 7.369267e-26
1.500941e+00 7.373195e-26
1.503148e+00 7.373195e-26
1.505356e+00 7.373195e-26
1.507563e+00 7.373195e-26
1.509770e+00 7.385109e-26
1.511978e+00 7.385109e-26
1.514185e+00 7.385109e-26
1.516393e+00 7.385109e-26
1.518600e+00 7.385109e-26
1.520808e+00 7.396630e-26
1.523015e+00 7.396630e-26
1.525223e+00 7.396630e-26
1.527430e+00 7.396630e-26
1.529637e+00 7.406751e-26
1.531845e+00 7.406751e-26
1.534052e+00 7.406751e-26
1.536260e+00 7.406751e-26
1.538467e+00 7.406751e-26
1.540675e+00 7.414177e-26
1.542882e+00 7.414177e-26
1.545090e+00 7.414177e-26
1.547297e+00 7.414177e-26
1.549504e+00 7.425807e-26
1.551712e+00 7.425807e-26
1.553919e+00 7.425807e-26
1.556127e+00 7.425807e-26
1.558334e+00 7.425807e-26
1.560542e+00 7.436789e-26
1.562749e+00 7.436789e-26
1.564956e+00 7.436789e-26
1.567164e+00 7.436789e-26
1.569371e+00 7.447654e-26
1.571579e+00 7.447654e-26
1.573786e+00 7.447654e-26
1.575994e+00 7.447654e-26
1.578201e+00 7.447654e-26
1.580409e+00 7.456351e-26
1.582616e+00 7.456351e-26
1.584823e+00 7.456351e-26
1.587031e+00 7.456351e-26
1.589238e+00 7.470678e-26
1.591446e+00 7.470678e-26
1.593653e+00 7.470678e-26
1.595861e+00 7.470678e-26
1.598068e+00 7.470678e-26
1.600276e+00 7.479060e-26
1.602483e+00 7.479060e-26
1.604690e+00 7.479060e-26
1.606898e+00 7.479060e-26
1.609105e+00 7.489342e-26
1.611313e+00 7.489342e-26
1.613520e+00 7.489342e-26
1.615728e+00 7.489342e-26
1.617935e+00 7.489342e-26
1.620143e+00 7.496773e-26
1.622350e+00 7.496773e-26
1.624557e+00 7.496773e-26
1.626765e+00 7.496773e-26
1.628972e+00 7.501134e-26
1.631180e+00 7.501134e-26
1.633387e+00 7.501134e-26
1.635595e+00 7.501134e-26
1.637802e+00 7.501134e-26
1.640010e+00 7.507078e-26
1.642217e+00 7.507078e-26
1.644424e+00 7.507078e-26
1.646632e+00 7.507078e-26
1.648839e+00 7.507078e-26
1.651047e+00 7.521457e-26
1.653254e+00 7.521457e-26
1.655462e+00 7.521457e-26
1.657669e+00 7.521457e-26
1.659876e+00 7.530614e-26
1.662084e+00 7.530614e-26
1.664291e+00 7.530614e-26
1.666499e+00 7.530614e-26
1.668706e+00 7.530614e-26
1.670914e+00 7.537170e-26
1.673121e+00 7.537170e-26
1.675329e+00 7.537170e-26
1.677536e+00 7.537170e-26
1.679743e+00 7.546661e-26
1.681951e+00 7.546661e-26
1.684158e+00 7.546661e-26
1.686366e+00 7.546661e-26
1.688573e+00 7.546661e-26
1.690781e+00 7.560401e-26
1.692988e+00 7.560401e-26
1.695196e+00 7.560401e-26
1.697403e+00 7.560401e-26
1.699610e+00 7.575177e-26
1.701818e+00 7.575177e-26
1.704025e+00 7.575177e-26
1.706233e+00 7.575177e-26
1.708440e+00 7.575177e-26
1.710648e+00 7.587912e-26
1.712855e+00 7.587912e-26
1.715063e+00 7.587912e-26
1.717270e+00 7.587912e-26
1.719477e+00 7.596776e-26
1.721685e+00 7.596776e-26
1.723892e+00 7.596776e-26
1.726100e+00 7.596776e-26
1.728307e+00 7.596776e-26
1.730515e+00 7.602192e-26
1.732722e+00 7.602192e-26
1.734929e+00 7.602192e-26
1.737137e+00 7.602192e-26
1.739344e+00 7.614748e-26
1.741552e+00 7.614748e-26
1.743759e+00 7.614748e-26
1.745967e+00 7.614748e-26
1.748174e+00 7.614748e-26
1.750382e+00 7.627791e-26
1.752589e+00 7.627791e-26
1.754796e+00 7.627791e-26
1.757004e+00 7.627791e-26
1.759211e+00 7.635460e-26
1.761419e+00 7.635460e-26
1.763626e+00 7.635460e-26
1.765834e+00 7.635460e-26
1.768041e+00 7.635460e-26
1.770249e+00 7.638140e-26
1.772456e+00 7.638140e-26
1.774663e+00 7.638140e-26
1.776871e+00 7.638140e-26
1.779078e+00 7.650117e-26
1.781286e+00 7.650117e-26
1.783493e+00 7.650117e-26
1.785701e+00 7.650117e-26
1.787908e+00 7.650117e-26
1.790116e+00 7.657309e-26
1.792323e+00 7.657309e-26
1.794530e+00 7.657309e-26
1.796738e+00 7.657309e-26
1.798945e+00 7.667211e-26
1.801153e+00 7.667211e-26
1.803360e+00 7.667211e-26
1.805568e+00 7.667211e-26
1.807775e+00 7.667211e-26
1.809982e+00 7.673556e-26
1.812190e+00 7.673556e-26
1.814397e+00 7.673556e-26
1.816605e+00 7.673556e-26
1.818812e+00 7.673556e-26
1.821020e+00 7.677173e-26
1.823227e+00 7.677173e-26
1.825435e+00 7.677173e-26
1.827642e+00 7.677173e-26
1.829849e+00 7.687540e-26
1.832057e+00 7.687540e-26
1.834264e+00 7.687540e-26
1.836472e+00 7.687540e-26
1.838679e+00 7.687540e-26
1.840887e+00 7.703072e-26
1.843094e+00 7.703072e-26
1.845302e+00 7.703072e-26
1.847509e+00 7.703072e-26
1.849716e+00 7.710784e-26
1.851924e+00 7.710784e-26
1.854131e+00 7.710784e-26
1.856339e+00 7.710784e-26
1.858546e+00 7.710784e-26
1.860754e+00 7.722736e-26
1.862961e+00 7.722736e-26
1.865169e+00 7.722736e-26
1.867376e+00 7.722736e-26
1.869583e+00 7.732766e-26
1.871791e+00 7.732766e-26
1.873998e+00 7.732766e-26
1.876206e+00 7.732766e-26
1.878413e+00 7.732766e-26
1.880621e+00 7.745343e-26
1.882828e+00 7.745343e-26
1.885036e+00 7.745343e-26
1.887243e+00 7.745343e-26
1.889450e+00 7.747804e-26
1.891658e+00 7.747804e-26
1.893865e+00 7.747804e-26
1.896073e+00 7.747804e-26
1.898280e+00 7.747804e-26
1.900488e+00 7.758615e-26
1.902695e+00 7.758615e-26
1.904902e+00 7.758615e-26
1.907110e+00 7.758615e-26
1.909317e+00 7.762629e-26
1.911525e+00 7.762629e-26
1.913732e+00 7.762629e-26
1.915940e+00 7.762629e-26
1.918147e+00 7.762629e-26
1.920355e+00 7.774501e-26
1.922562e+00 7.774501e-26
1.924769e+00 7.774501e-26
1.926977e+00 7.774501e-26
1.929184e+00 7.778148e-26
1.931392e+00 7.778148e-26
1.933599e+00 7.778148e-26
1.935807e+00 7.778148e-26
1.938014e+00 7.778148e-26
1.940222e+00 7.791180e-26
1.942429e+00 7.791180e-26
1.944636e+00 7.791180e-26
1.946844e+00 7.791180e-26
1.949051e+00 7.802534e-26
1.951259e+00 7.802534e-26
1.953466e+00 7.802534e-26
1.955674e+00 7.802534e-26
1.957881e+00 7.802534e-26
1.960089e+00 7.814078e-26
1.962296e+00 7.814078e-26
1.964503e+00 7.814078e-26
1.966711e+00 7.814078e-26
1.968918e+00 7.827886e-26
1.971126e+00 7.827886e-26
1.973333e+00 7.827886e-26
1.975541e+00 7.827886e-26
1.977748e+00 7.827886e-26
1.979955e+00 7.842286e-26
1.982163e+00 7.842286e-26
1.984370e+00 7.842286e-26
1.986578e+00 7.842286e-26
1.988785e+00 7.842286e-26
1.990993e+00 7.848551e-26
1.993200e+00 7.848551e-26
1.995408e+00 7.848551e-26
1.997615e+00 7.848551e-26
1.999822e+00 7.861109e-26
2.002030e+00 7.861109e-26
2.004237e+00 7.861109e-26
2.006445e+00 7.861109e-26
2.008652e+00 7.861109e-26
2.010860e+00 7.873264e-26
2.013067e+00 7.873264e-26
2.015275e+00 7.873264e-26
2.017482e+00 7.873264e-26
2.019689e+00 7.882050e-26
2.021897e+00 7.882050e-26
2.024104e+00 7.882050e-26
2.026312e+00 7.882050e-26
2.028519e+00 7.882050e-26
2.030727e+00 7.887446e-26
2.032934e+00 7.887446e-26
2.035142e+00 7.887446e-26
2.037349e+00 7.887446e-26
2.039556e+00 7.896091e-26
2.041764e+00 7.896091e-26
2.043971e+00 7.896091e-26
2.046179e+00 7.896091e-26
2.048386e+00 7.896091e-26
2.050594e+00 7.906053e-26
2.052801e+00 7.906053e-26
2.055009e+00 7.906053e-26
2.057216e+00 7.906053e-26
2.059423e+00 7.907413e-26
2.061631e+00 7.907413e-26
2.063838e+00 7.907413e-26
2.066046e+00 7.907413e-26
2.068253e+00 7.907413e-26
2.070461e+00 7.913571e-26
2.072668e+00 7.913571e-26
2.074875e+00 7.913571e-26
2.077083e+00 7.913571e-26
2.079290e+00 7.921183e-26
2.081498e+00 7.921183e-26
2.083705e+00 7.921183e-26
2.085913e+00 7.921183e-26
2.088120e+00 7.921183e-26
2.090328e+00 7.932382e-26
2.092535e+00 7.932382e-26
2.094742e+00 7.932382e-26
2.096950e+00 7.932382e-26
2.099157e+00 7.940517e-26
2.101365e+00 7.940517e-26
2.103572e+00 7.940517e-26
2.105780e+00 7.940517e-26
2.107987e+00 7.940517e-26
2.110195e+00 7.957777e-26
2.112402e+00 7.957777e-26
2.114609e+00 7.957777e-26
2.116817e+00 7.957777e-26
2.119024e+00 7.970136e-26
2.121232e+00 7.970136e-26
2.123439e+00 7.970136e-26
2.125647e+00 7.970136e-26
2.127854e+00 7.970136e-26
2.130062e+00 7.981868e-26
2.132269e+00 7.981868e-26
2.134476e+00 7.981868e-26
2.136684e+00 7.981868e-26
2.138891e+00 7.981868e-26
2.141099e+00 7.990584e-26
2.143306e+00 7.990584e-26
2.145514e+00 7.990584e-26
2.147721e+00 7.990584e-26
2.149928e+00 8.009730e-26
2.152136e+00 8.009730e-26
2.154343e+00 8.009730e-26
2.156551e+00 8.009730e-26
2.158758e+00 8.009730e-26
2.160966e+00 8.013085e-26
2.163173e+00 8.013085e-26
2.165381e+00 8.013085e-26
2.167588e+00 8.013085e-26
2.169795e+00 8.023132e-26
2.172003e+00 8.023132e-26
2.174210e+00 8.023132e-26
2.176418e+00 8.023132e-26
2.178625e+00 8.023132e-26
2.180833e+00 8.039293e-26
2.183040e+00 8.039293e-26
2.185248e+00 8.039293e-26
2.187455e+00 8.039293e-26
2.189662e+00 8.047877e-26
2.191870e+00 8.047877e-26
2.194077e+00 8.047877e-26
2.196285e+00 8.047877e-26
2.198492e+00 8.047877e-26
2.200700e+00 8.053161e-26
2.202907e+00 8.053161e-26
2.205115e+00 8.053161e-26
2.207322e+00 8.053161e-26
2.209529e+00 8.061259e-26
2.211737e+00 8.061259e-26
2.213944e+00 8.061259e-26
2.216152e+00 8.061259e-26
2.218359e+00 8.061259e-26
2.220567e+00 8.069283e-26
2.222774e+00 8.069283e-26
2.224981e+00 8.069283e-26
2.227189e+00 8.069283e-26
2.229396e+00 8.077071e-26
2.231604e+00 8.077071e-26
2.233811e+00 8.077071e-26
2.236019e+00 8.077071e-26
2.238226e+00 8.077071e-26
2.240434e+00 8.081897e-26
2.242641e+00 8.081897e-26
2.244848e+00 8.081897e-26
2.247056e+00 8.081897e-26
2.249263e+00 8.093276e-26
2.251471e+00 8.093276e-26
2.253678e+00 8.093276e-26
2.255886e+00 8.093276e-26
2.258093e+00 8.093276e-26
2.260301e+00 8.100785e-26
2.262508e+00 8.100785e-26
2.264715e+00 8.100785e-26
2.266923e+00 8.100785e-26
2.269130e+00 8.114493e-26
2.271338e+00 8.114493e-26
2.273545e+00 8.114493e-26
2.275753e+00 8.114493e-26
2.277960e+00 8.114493e-26
2.280168e+00 8.127544e-26
2.282375e+00 8.127544e-26
2.284582e+00 8.127544e-26
2.286790e+00 8.127544e-26
2.288997e+00 8.137860e-26
2.291205e+00 8.137860e-26
2.293412e+00 8.137860e-26
2.295620e+00 8.137860e-26
2.297827e+00 8.137860e-26
2.300035e+00 8.150469e-26
2.302242e+00 8.150469e-26
2.304449e+00 8.150469e-26
2.306657e+00 8.150469e-26
2.308864e+00 8.150469e-26
2.311072e+00 8.158485e-26
2.313279e+00 8.158485e-26
2.315487e+00 8.158485e-26
2.317694e+00 8.158485e-26
2.319901e+00 8.168209e-26
2.322109e+00 8.168209e-26
2.324316e+00 8.168209e-26
2.326524e+00 8.168209e-26
2.328731e+00 8.168209e-26
2.330939e+00 8.178670e-26
2.333146e+00 8.178670e-26
2.335354e+00 8.178670e-26
2.337561e+00 8.178670e-26
2.339768e+00 8.185455e-26
2.341976e+00 8.185455e-26
2.344183e+00 8.185455e-26
2.346391e+00 8.185455e-26
2.348598e+00 8.185455e-26
2.350806e+00 8.197794e-26
2.353013e+00 8.197794e-26
2.355221e+00 8.197794e-26
2.357428e+00 8.197794e-26
2.359635e+00 8.208307e-26
2.361843e+00 8.208307e-26
2.364050e+00 8.208307e-26
2.366258e+00 8.208307e-26
2.368465e+00 8.208307e-26
2.370673e+00 8.217794e-26
2.372880e+00 8.217794e-26
2.375088e+00 8.217794e-26
2.377295e+00 8.217794e-26
2.379502e+00 8.226969e-26
2.381710e+00 8.226969e-26
2.383917e+00 8.226969e-26
2.386125e+00 8.226969e-26
2.388332e+00 8.226969e-26
2.390540e+00 8.239097e-26
2.392747e+00 8.239097e-26
2.394954e+00 8.239097e-26
2.397162e+00 8.239097e-26
2.399369e+00 8.251051e-26
2.401577e+00 8.251051e-26
2.403784e+00 8.251051e-26
2.405992e+00 8.251051e-26
2.408199e+00 8.251051e-26
2.410407e+00 8.262890e-26
2.412614e+00 8.262890e-26
2.414821e+00 8.262890e-26
2.417029e+00 8.262890e-26
2.419236e+00 8.270852e-26
2.421444e+00 8.270852e-26
2.423651e+00 8.270852e-26
2.425859e+00 8.270852e-26
2.428066e+00 8.270852e-26
2.430274e+00 8.281369e-26
2.432481e+00 8.281369e-26
2.434688e+00 8.281369e-26
2.436896e+00 8.281369e-26
2.439103e+00 8.288035e-26
2.441311e+00 8.288035e-26
2.443518e+00 8.288035e-26
2.445726e+00 8.288035e-26
2.447933e+00 8.288035e-26
2.450141e+00 8.302858e-26
2.452348e+00 8.302858e-26
2.454555e+00 8.302858e-26
2.456763e+00 8.302858e-26
2.458970e+00 8.312269e-26
2.461178e+00 8.312269e-26
2.463385e+00 8.312269e-26
2.465593e+00 8.312269e-26
2.467800e+00 8.312269e-26
2.470008e+00 8.321720e-26
2.472215e+00 8.321720e-26
2.474422e+00 8.321720e-26
2.476630e+00 8.321720e-26
2.478837e+00 8.321720e-26
2.481045e+00 8.326589e-26
2.483252e+00 8.326589e-26
2.485460e+00 8.326589e-26
2.487667e+00 8.326589e-26
2.489874e+00 8.334029e-26
2.492082e+00 8.334029e-26
2.494289e+00 8.334029e-26
2.496497e+00 8.334029e-26
2.498704e+00 8.334029e-26
2.500912e+00 8.343866e-26
2.503119e+00 8.343866e-26
2.505327e+00 8.343866e-26
2.507534e+00 8.343866e-26
2.509741e+00 8.354889e-26
2.511949e+00 8.354889e-26
2.514156e+00 8.354889e-26
2.516364e+00 8.354889e-26
2.518571e+00 8.354889e-26
2.520779e+00 8.365440e-26
2.522986e+00 8.365440e-26
2.525194e+00 8.365440e-26
2.527401e+00 8.365440e-26
2.529608e+00 8.375117e-26
2.531816e+00 8.375117e-26
2.534023e+00 8.375117e-26
2.536231e+00 8.375117e-26
2.538438e+00 8.375117e-26
2.540646e+00 8.382286e-26
2.542853e+00 8.382286e-26
2.545061e+00 8.382286e-26
2.547268e+00 8.382286e-26
2.549475e+00 8.391693e-26
2.551683e+00 8.391693e-26
2.553890e+00 8.391693e-26
2.556098e+00 8.391693e-26
2.558305e+00 8.391693e-26
2.560513e+00 8.400264e-26
2.562720e+00 8.400264e-26
2.564927e+00 8.400264e-26
2.567135e+00 8.400264e-26
2.569342e+00 8.405738e-26
2.571550e+00 8.405738e-26
2.573757e+00 8.405738e-26
2.575965e+00 8.405738e-26
2.578172e+00 8.405738e-26
2.580380e+00 8.418708e-26
2.582587e+00 8.418708e-26
2.584794e+00 8.418708e-26
2.587002e+00 8.418708e-26
2.589209e+00 8.429053e-26
2.591417e+00 8.429053e-26
2.593624e+00 8.429053e-26
2.595832e+00 8.429053e-26
2.598039e+00 8.429053e-26
2.600247e+00 8.438073e-26
2.602454e+00 8.438073e-26
2.604661e+00 8.438073e-26
2.606869e+00 8.438073e-26
2.609076e+00 8.449670e-26
2.611284e+00 8.449670e-26
2.613491e+00 8.449670e-26
2.615699e+00 8.449670e-26
2.617906e+00 8.449670e-26
2.620114e+00 8.461033e-26
2.622321e+00 8.461033e-26
2.624528e+00 8.461033e-26
2.626736e+00 8.461033e-26
2.628943e+00 8.474263e-26
2.631151e+00 8.474263e-26
2.633358e+00 8.474263e-26
2.635566e+00 8.474263e-26
2.637773e+00 8.474263e-26
2.639980e+00 8.485199e-26
2.642188e+00 8.485199e-26
2.644395e+00 8.485199e-26
2.646603e+00 8.485199e-26
2.648810e+00 8.485199e-26
2.651018e+00 8.498375e-26
2.653225e+00 8.498375e-26
2.655433e+00 8.498375e-26
2.657640e+00 8.498375e-26
2.659847e+00 8.507836e-26
2.662055e+00 8.507836e-26
2.664262e+00 8.507836e-26
2.666470e+00 8.507836e-26
2.668677e+00 8.507836e-26
2.670885e+00 8.520973e-26
2.673092e+00 8.520973e-26
2.675300e+00 8.520973e-26
2.677507e+00 8.520973e-26
2.679714e+00 8.528381e-26
2.681922e+00 8.528381e-26
2.684129e+00 8.528381e-26
2.686337e+00 8.528381e-26
2.688544e+00 8.528381e-26
2.690752e+00 8.536518e-26
2.692959e+00 8.536518e-26
2.695167e+00 8.536518e-26
2.697374e+00 8.536518e-26
2.699581e+00 8.546353e-26
2.701789e+00 8.546353e-26
2.703996e+00 8.546353e-26
2.706204e+00 8.546353e-26
2.708411e+00 8.546353e-26
2.710619e+00 8.558545e-26
2.712826e+00 8.558545e-26
2.715034e+00 8.558545e-26
2.717241e+00 8.558545e-26
2.719448e+00 8.563340e-26
2.721656e+00 8.563340e-26
2.723863e+00 8.563340e-26
2.726071e+00 8.563340e-26
2.728278e+00 8.563340e-26
2.730486e+00 8.570246e-26
2.732693e+00 8.570246e-26
2.734900e+00 8.570246e-26
2.737108e+00 8.570246e-26
2.739315e+00 8.579220e-26
2.741523e+00 8.579220e-26
2.743730e+00 8.579220e-26
2.745938e+00 8.579220e-26
2.748145e+00 8.579220e-26
2.750353e+00 8.590892e-26
2.752560e+00 8.590892e-26
2.754767e+00 8.590892e-26
2.756975e+00 8.590892e-26
2.759182e+00 8.599340e-26
2.761390e+00 8.599340e-26
2.763597e+00 8.599340e-26
2.765805e+00 8.599340e-26
2.768012e+00 8.599340e-26
2.770220e+00 8.605920e-26
2.772427e+00 8.605920e-26
2.774634e+00 8.605920e-26
2.776842e+00 8.605920e-26
2.779049e+00 8.617472e-26
2.781257e+00 8.617472e-26
2.783464e+00 8.617472e-26
2.785672e+00 8.617472e-26
2.787879e+00 8.617472e-26
2.790087e+00 8.624526e-26
2.792294e+00 8.624526e-26
2.794501e+00 8.624526e-26
2.796709e+00 8.624526e-26
2.798916e+00 8.630588e-26
2.801124e+00 8.630588e-26
2.803331e+00 8.630588e-26
2.805539e+00 8.630588e-26
2.807746e+00 8.630588e-26
2.809953e+00 8.639085e-26
2.812161e+00 8.639085e-26
2.814368e+00 8.639085e-26
2.816576e+00 8.639085e-26
2.818783e+00 8.639085e-26
2.820991e+00 8.649310e-26
2.823198e+00 8.649310e-26
2.825406e+00 8.649310e-26
2.827613e+00 8.649310e-26
2.829820e+00 8.654583e-26
2.832028e+00 8.654583e-26
2.834235e+00 8.654583e-26
2.836443e+00 8.654583e-26
2.838650e+00 8.654583e-26
2.840858e+00 8.659831e-26
2.843065e+00 8.659831e-26
2.845273e+00 8.659831e-26
2.847480e+00 8.659831e-26
2.849687e+00 8.667690e-26
2.851895e+00 8.667690e-26
2.854102e+00 8.667690e-26
2.856310e+00 8.667690e-26
2.858517e+00 8.667690e-26
2.860725e+00 8.672260e-26
2.862932e+00 8.672260e-26
2.865140e+00 8.672260e-26
2.867347e+00 8.672260e-26
2.869554e+00 8.676152e-26
2.871762e+00 8.676152e-26
2.873969e+00 8.676152e-26
2.876177e+00 8.676152e-26
2.878384e+00 8.676152e-26
2.880592e+00 8.686480e-26
2.882799e+00 8.686480e-26
2.885007e+00 8.686480e-26
2.887214e+00 8.686480e-26
2.889421e+00 8.697061e-26
2.891629e+00 8.697061e-26
2.893836e+00 8.697061e-26
2.896044e+00 8.697061e-26
2.898251e+00 8.697061e-26
2.900459e+00 8.704423e-26
2.902666e+00 8.704423e-26
2.904873e+00 8.704423e-26
2.907081e+00 8.704423e-26
2.909288e+00 8.711134e-26
2.911496e+00 8.711134e-26
2.913703e+00 8.711134e-26
2.915911e+00 8.711134e-26
2.918118e+00 8.711134e-26
2.920326e+00 8.721589e-26
2.922533e+00 8.721589e-26
2.924740e+00 8.721589e-26
2.926948e+00 8.721589e-26
2.929155e+00 8.732555e-26
2.931363e+00 8.732555e-26
2.933570e+00 8.732555e-26
2.935778e+00 8.732555e-26
2.937985e+00 8.732555e-26
2.940193e+00 8.741968e-26
2.942400e+00 8.741968e-26
2.944607e+00 8.741968e-26
2.946815e+00 8.741968e-26
2.949022e+00 8.746913e-26
2.951230e+00 8.746913e-26
2.953437e+00 8.746913e-26
2.955645e+00 8.746913e-26
2.957852e+00 8.746913e-26
2.960060e+00 8.757292e-26
2.962267e+00 8.757292e-26
2.964474e+00 8.757292e-26
2.966682e+00 8.757292e-26
2.968889e+00 8.757292e-26
2.971097e+00 8.767311e-26
2.973304e+00 8.767311e-26
2.975512e+00 8.767311e-26
2.977719e+00 8.767311e-26
2.979926e+00 8.773938e-26
2.982134e+00 8.773938e-26
2.984341e+00 8.773938e-26
2.986549e+00 8.773938e-26
2.988756e+00 8.773938e-26
2.990964e+00 8.781543e-26
2.993171e+00 8.781543e-26
2.995379e+00 8.781543e-26
2.997586e+00 8.781543e-26
2.999793e+00 8.788980e-26
3.002001e+00 8.788980e-26
3.004208e+00 8.788980e-26
3.006416e+00 8.788980e-26
3.008623e+00 8.788980e-26
3.010831e+00 8.797065e-26
3.013038e+00 8.797065e-26
3.015246e+00 8.797065e-26
3.017453e+00 8.797065e-26
3.019660e+00 8.805554e-26
3.021868e+00 8.805554e-26
3.024075e+00 8.805554e-26
3.026283e+00 8.805554e-26
3.028490e+00 8.805554e-26
3.030698e+00 8.812950e-26
3.032905e+00 8.812950e-26
3.035113e+00 8.812950e-26
3.037320e+00 8.812950e-26
3.039527e+00 8.821675e-26
3.041735e+00 8.821675e-26
3.043942e+00 8.821675e-26
3.046150e+00 8.821675e-26
3.048357e+00 8.821675e-26
3.050565e+00 8.828717e-26
3.052772e+00 8.828717e-26
3.054979e+00 8.828717e-26
3.057187e+00 8.828717e-26
3.059394e+00 8.837378e-26
3.061602e+00 8.837378e-26
3.063809e+00 8.837378e-26
3.066017e+00 8.837378e-26
3.068224e+00 8.837378e-26
3.070432e+00 8.842143e-26
3.072639e+00 8.842143e-26
3.074846e+00 8.842143e-26
3.077054e+00 8.842143e-26
3.079261e+00 8.851808e-26
3.081469e+00 8.851808e-26
3.083676e+00 8.851808e-26
3.085884e+00 8.851808e-26
3.088091e+00 8.851808e-26
3.090299e+00 8.859724e-26
3.092506e+00 8.859724e-26
3.094713e+00 8.859724e-26
3.096921e+00 8.859724e-26
3.099128e+00 8.866949e-26
3.101336e+00 8.866949e-26
3.103543e+00 8.866949e-26
3.105751e+00 8.866949e-26
3.107958e+00 8.866949e-26
3.110166e+00 8.874897e-26
3.112373e+00 8.874897e-26
3.114580e+00 8.874897e-26
3.116788e+00 8.874897e-26
3.118995e+00 8.880683e-26
3.121203e+00 8.880683e-26
3.123410e+00 8.880683e-26
3.125618e+00 8.880683e-26
3.127825e+00 8.880683e-26
3.130033e+00 8.889805e-26
3.132240e+00 8.889805e-26
3.134447e+00 8.889805e-26
3.136655e+00 8.889805e-26
3.138862e+00 8.889805e-26
3.141070e+00 8.895925e-26
3.143277e+00 8.895925e-26
3.145485e+00 8.895925e-26
3.147692e+00 8.895925e-26
3.149899e+00 8.906601e-26
3.152107e+00 8.906601e-26
3.154314e+00 8.906601e-26
3.156522e+00 8.906601e-26
3.158729e+00 8.906601e-26
3.160937e+00 8.915575e-26
3.163144e+00 8.915575e-26
3.165352e+00 8.915575e-26
3.167559e+00 8.915575e-26
3.169766e+00 8.924588e-26
3.171974e+00 8.924588e-26
3.174181e+00 8.924588e-26
3.176389e+00 8.924588e-26
3.178596e+00 8.924588e-26
3.180804e+00 8.929554e-26
3.183011e+00 8.929554e-26
3.185219e+00 8.929554e-26
3.187426e+00 8.929554e-26
3.189633e+00 8.935674e-26
3.191841e+00 8.935674e-26
3.194048e+00 8.935674e-26
3.196256e+00 8.935674e-26
3.198463e+00 8.935674e-26
3.200671e+00 8.945347e-26
3.202878e+00 8.945347e-26
3.205086e+00 8.945347e-26
3.207293e+00 8.945347e-26
3.209500e+00 8.952712e-26
3.211708e+00 8.952712e-26
3.213915e+00 8.952712e-26
3.216123e+00 8.952712e-26
3.218330e+00 8.952712e-26
3.220538e+00 8.957326e-26
3.222745e+00 8.957326e-26
3.224952e+00 8.957326e-26
3.227160e+00 8.957326e-26
3.229367e+00 8.968208e-26
3.231575e+00 8.968208e-26
3.233782e+00 8.968208e-26
3.235990e+00 8.968208e-26
3.238197e+00 8.968208e-26
3.240405e+00 8.977090e-26
3.242612e+00 8.977090e-26
3.244819e+00 8.977090e-26
3.247027e+00 8.977090e-26
3.249234e+00 8.985242e-26
3.251442e+00 8.985242e-26
3.253649e+00 8.985242e-26
3.255857e+00 8.985242e-26
3.258064e+00 8.985242e-26
3.260272e+00 8.996167e-26
3.262479e+00 8.996167e-26
3.264686e+00 8.996167e-26
3.266894e+00 8.996167e-26
3.269101e+00 8.999820e-26
3.271309e+00 8.999820e-26
3.273516e+00 8.999820e-26
3.275724e+00 8.999820e-26
3.277931e+00 8.999820e-26
3.280139e+00 9.007784e-26
3.282346e+00 9.007784e-26
3.284553e+00 9.007784e-26
3.286761e+00 9.007784e-26
3.288968e+00 9.019698e-26
3.291176e+00 9.019698e-26
3.293383e+00 9.019698e-26
3.295591e+00 9.019698e-26
3.297798e+00 9.019698e-26
3.300006e+00 9.029983e-26
3.302213e+00 9.029983e-26
3.304420e+00 9.029983e-26
3.306628e+00 9.029983e-26
3.308835e+00 9.029983e-26
3.311043e+00 9.040342e-26
3.313250e+00 9.040342e-26
3.315458e+00 9.040342e-26
3.317665e+00 9.040342e-26
3.319872e+00 9.047089e-26
3.322080e+00 9.047089e-26
3.324287e+00 9.047089e-26
3.326495e+00 9.047089e-26
3.328702e+00 9.047089e-26
3.330910e+00 9.054062e-26
3.333117e+00 9.054062e-26
3.335325e+00 9.054062e-26
3.337532e+00 9.054062e-26
3.339739e+00 9.065455e-26
3.341947e+00 9.065455e-26
3.344154e+00 9.065455e-26
3.346362e+00 9.065455e-26
3.348569e+00 9.065455e-26
3.350777e+00 9.072625e-26
3.352984e+00 9.072625e-26
3.355192e+00 9.072625e-26
3.357399e+00 9.072625e-26
3.359606e+00 9.078318e-26
3.361814e+00 9.078318e-26
3.364021e+00 9.078318e-26
3.366229e+00 9.078318e-26
3.368436e+00 9.078318e-26
3.370644e+00 9.089459e-26
3.372851e+00 9.089459e-26
3.375059e+00 9.089459e-26
3.377266e+00 9.089459e-26
3.379473e+00 9.096812e-26
3.381681e+00 9.096812e-26
3.383888e+00 9.096812e-26
3.386096e+00 9.096812e-26
3.388303e+00 9.096812e-26
3.390511e+00 9.105205e-26
3.392718e+00 9.105205e-26
3.394925e+00 9.105205e-26
3.397133e+00 9.105205e-26
3.399340e+00 9.111089e-26
3.401548e+00 9.111089e-26
3.403755e+00 9.111089e-26
3.405963e+00 9.111089e-26
3.408170e+00 9.111089e-26
3.410378e+00 9.118670e-26
3.412585e+00 9.118670e-26
3.414792e+00 9.118670e-26
3.417000e+00 9.118670e-26
3.419207e+00 9.129237e-26
3.421415e+00 9.129237e-26
3.423622e+00 9.129237e-26
3.425830e+00 9.129237e-26
3.428037e+00 9.129237e-26
3.430245e+00 9.137988e-26
3.432452e+00 9.137988e-26
3.434659e+00 9.137988e-26
3.436867e+00 9.137988e-26
3.439074e+00 9.144135e-26
3.441282e+00 9.144135e-26
3.443489e+00 9.144135e-26
3.445697e+00 9.144135e-26
3.447904e+00 9.144135e-26
3.450112e+00 9.153948e-26
3.452319e+00 9.153948e-26
3.454526e+00 9.153948e-26
3.456734e+00 9.153948e-26
3.458941e+00 9.161468e-26
3.461149e+00 9.161468e-26
3.463356e+00 9.161468e-26
3.465564e+00 9.161468e-26
3.467771e+00 9.161468e-26
3.469978e+00 9.170532e-26
3.472186e+00 9.170532e-26
3.474393e+00 9.170532e-26
3.476601e+00 9.170532e-26
3.478808e+00 9.170532e-26
3.481016e+00 9.177794e-26
3.483223e+00 9.177794e-26
3.485431e+00 9.177794e-26
3.487638e+00 9.177794e-26
3.489845e+00 9.185006e-26
3.492053e+00 9.185006e-26
3.494260e+00 9.185006e-26
3.496468e+00 9.185006e-26
3.498675e+00 9.185006e-26
3.500883e+00 9.192583e-26
3.503090e+00 9.192583e-26
3.505298e+00 9.192583e-26
3.507505e+00 9.192583e-26
3.509712e+00 9.199073e-26
3.511920e+00 9.199073e-26
3.514127e+00 9.199073e-26
3.516335e+00 9.199073e-26
3.518542e+00 9.199073e-26
3.520750e+00 9.204455e-26
3.522957e+00 9.204455e-26
3.525165e+00 9.204455e-26
3.527372e+00 9.204455e-26
3.529579e+00 9.213294e-26
3.531787e+00 9.213294e-26
3.533994e+00 9.213294e-26
3.536202e+00 9.213294e-26
3.538409e+00 9.213294e-26
3.540617e+00 9.219699e-26
3.542824e+00 9.219699e-26
3.545032e+00 9.219699e-26
3.547239e+00 9.219699e-26
3.549446e+00 9.230523e-26
3.551654e+00 9.230523e-26
3.553861e+00 9.230523e-26
3.556069e+00 9.230523e-26
3.558276e+00 9.230523e-26
3.560484e+00 9.236392e-26
3.562691e+00 9.236392e-26
3.564898e+00 9.236392e-26
3.567106e+00 9.236392e-26
3.569313e+00 9.242285e-26
3.571521e+00 9.242285e-26
3.573728e+00 9.242285e-26
3.575936e+00 9.242285e-26
3.578143e+00 9.242285e-26
3.580351e+00 9.245838e-26
3.582558e+00 9.245838e-26
3.584765e+00 9.245838e-26
3.586973e+00 9.245838e-26
3.589180e+00 9.250270e-26
3.591388e+00 9.250270e-26
3.593595e+00 9.250270e-26
3.595803e+00 9.250270e-26
3.598010e+00 9.250270e-26
3.600218e+00 9.260532e-26
3.602425e+00 9.260532e-26
3.604632e+00 9.260532e-26
3.606840e+00 9.260532e-26
3.609047e+00 9.271214e-26
3.611255e+00 9.271214e-26
3.613462e+00 9.271214e-26
3.615670e+00 9.271214e-26
3.617877e+00 9.271214e-26
3.620085e+00 9.282414e-26
3.622292e+00 9.282414e-26
3.624499e+00 9.282414e-26
3.626707e+00 9.282414e-26
3.628914e+00 9.291596e-26
3.631122e+00 9.291596e-26
3.633329e+00 9.291596e-26
3.635537e+00 9.291596e-26
3.637744e+00 9.291596e-26
3.639951e+00 9.298146e-26
3.642159e+00 9.298146e-26
3.644366e+00 9.298146e-26
3.646574e+00 9.298146e-26
3.648781e+00 9.298146e-26
3.650989e+00 9.305414e-26
3.653196e+00 9.305414e-26
3.655404e+00 9.305414e-26
3.657611e+00 9.305414e-26
3.659818e+00 9.314253e-26
3.662026e+00 9.314253e-26
3.664233e+00 9.314253e-26
3.666441e+00 9.314253e-26
3.668648e+00 9.314253e-26
3.670856e+00 9.322292e-26
3.673063e+00 9.322292e-26
3.675271e+00 9.322292e-26
3.677478e+00 9.322292e-26
3.679685e+00 9.326611e-26
3.681893e+00 9.326611e-26
3.684100e+00 9.326611e-26
3.686308e+00 9.326611e-26
3.688515e+00 9.326611e-26
3.690723e+00 9.329905e-26
3.692930e+00 9.329905e-26
3.695138e+00 9.329905e-26
3.697345e+00 9.329905e-26
3.699552e+00 9.337130e-26
3.701760e+00 9.337130e-26
3.703967e+00 9.337130e-26
3.706175e+00 9.337130e-26
3.708382e+00 9.337130e-26
3.710590e+00 9.341999e-26
3.712797e+00 9.341999e-26
3.715005e+00 9.341999e-26
3.717212e+00 9.341999e-26
3.719419e+00 9.348450e-26
3.721627e+00 9.348450e-26
3.723834e+00 9.348450e-26
3.726042e+00 9.348450e-26
3.728249e+00 9.348450e-26
3.730457e+00 9.355485e-26
3.732664e+00 9.355485e-26
3.734871e+00 9.355485e-26
3.737079e+00 9.355485e-26
3.739286e+00 9.364005e-26
3.741494e+00 9.364005e-26
3.743701e+00 9.364005e-26
3.745909e+00 9.364005e-26
3.748116e+00 9.364005e-26
3.750324e+00 9.367704e-26
3.752531e+00 9.367704e-26
3.754738e+00 9.367704e-26
3.756946e+00 9.367704e-26
3.759153e+00 9.370508e-26
3.761361e+00 9.370508e-26
3.763568e+00 9.370508e-26
3.765776e+00 9.370508e-26
3.767983e+00 9.370508e-26
3.770191e+00 9.374285e-26
3.772398e+00 9.374285e-26
3.774605e+00 9.374285e-26
3.776813e+00 9.374285e-26
3.779020e+00 9.380484e-26
3.781228e+00 9.380484e-26
3.783435e+00 9.380484e-26
3.785643e+00 9.380484e-26
3.787850e+00 9.380484e-26
3.790058e+00 9.384745e-26
3.792265e+00 9.384745e-26
3.794472e+00 9.384745e-26
3.796680e+00 9.384745e-26
3.798887e+00 9.384745e-26
3.801095e+00 9.392202e-26
3.803302e+00 9.392202e-26
3.805510e+00 9.392202e-26
3.807717e+00 9.392202e-26
3.809924e+00 9.400901e-26
3.812132e+00 9.400901e-26
3.814339e+00 9.400901e-26
3.816547e+00 9.400901e-26
3.818754e+00 9.400901e-26
3.820962e+00 9.407380e-26
3.823169e+00 9.407380e-26
3.825377e+00 9.407380e-26
3.827584e+00 9.407380e-26
3.829791e+00 9.413917e-26
3.831999e+00 9.413917e-26
3.834206e+00 9.413917e-26
3.836414e+00 9.413917e-26
3.838621e+00 9.413917e-26
3.840829e+00 9.420013e-26
3.843036e+00 9.420013e-26
3.845244e+00 9.420013e-26
3.847451e+00 9.420013e-26
3.849658e+00 9.427321e-26
3.851866e+00 9.427321e-26
3.854073e+00 9.427321e-26
3.856281e+00 9.427321e-26
3.858488e+00 9.427321e-26
3.860696e+00 9.435971e-26
3.862903e+00 9.435971e-26
3.865111e+00 9.435971e-26
3.867318e+00 9.435971e-26
3.869525e+00 9.438289e-26
3.871733e+00 9.438289e-26
3.873940e+00 9.438289e-26
3.876148e+00 9.438289e-26
3.878355e+00 9.438289e-26
3.880563e+00 9.444810e-26
3.882770e+00 9.444810e-26
3.884977e+00 9.444810e-26
3.887185e+00 9.444810e-26
3.889392e+00 9.451945e-26
3.891600e+00 9.451945e-26
3.893807e+00 9.451945e-26
3.896015e+00 9.451945e-26
3.898222e+00 9.451945e-26
3.900430e+00 9.459707e-26
3.902637e+00 9.459707e-26
3.904844e+00 9.459707e-26
3.907052e+00 9.459707e-26
3.909259e+00 9.466670e-26
3.911467e+00 9.466670e-26
3.913674e+00 9.466670e-26
3.915882e+00 9.466670e-26
3.918089e+00 9.466670e-26
3.920297e+00 9.472148e-26
3.922504e+00 9.472148e-26
3.924711e+00 9.472148e-26
3.926919e+00 9.472148e-26
3.929126e+00 9.479690e-26
3.931334e+00 9.479690e-26
3.933541e+00 9.479690e-26
3.935749e+00 9.479690e-26
3.937956e+00 9.479690e-26
3.940164e+00 9.486965e-26
3.942371e+00 9.486965e-26
3.944578e+00 9.486965e-26
3.946786e+00 9.486965e-26
3.948993e+00 9.496472e-26
3.951201e+00 9.496472e-26
3.953408e+00 9.496472e-26
3.955616e+00 9.496472e-26
3.957823e+00 9.496472e-26
3.960031e+00 9.504117e-26
3.962238e+00 9.504117e-26
3.964445e+00 9.504117e-26
3.966653e+00 9.504117e-26
3.968860e+00 9.504117e-26
3.971068e+00 9.510299e-26
3.973275e+00 9.510299e-26
3.975483e+00 9.510299e-26
3.977690e+00 9.510299e-26
3.979897e+00 9.513614e-26
3.982105e+00 9.513614e-26
3.984312e+00 9.513614e-26
3.986520e+00 9.513614e-26
3.988727e+00 9.513614e-26
3.990935e+00 9.520305e-26
3.993142e+00 9.520305e-26
3.995350e+00 9.520305e-26
3.997557e+00 9.520305e-26
3.999764e+00 9.524534e-26
4.001972e+00 9.524534e-26
4.004179e+00 9.524534e-26
4.006387e+00 9.524534e-26
4.008594e+00 9.524534e-26
4.010802e+00 9.529148e-26
4.013009e+00 9.529148e-26
4.015217e+00 9.529148e-26
4.017424e+00 9.529148e-26
4.019631e+00 9.537707e-26
4.021839e+00 9.537707e-26
4.024046e+00 9.537707e-26
4.026254e+00 9.537707e-26
4.028461e+00 9.537707e-26
4.030669e+00 9.546579e-26
4.032876e+00 9.546579e-26
4.035084e+00 9.546579e-26
4.037291e+00 9.546579e-26
4.039498e+00 9.553930e-26
4.041706e+00 9.553930e-26
4.043913e+00 9.553930e-26
4.046121e+00 9.553930e-26
4.048328e+00 9.553930e-26
4.050536e+00 9.560557e-26
4.052743e+00 9.560557e-26
4.054950e+00 9.560557e-26
4.057158e+00 9.560557e-26
4.059365e+00 9.568113e-26
4.061573e+00 9.568113e-26
4.063780e+00 9.568113e-26
4.065988e+00 9.568113e-26
4.068195e+00 9.568113e-26
4.070403e+00 9.574174e-26
4.072610e+00 9.574174e-26
4.074817e+00 9.574174e-26
4.077025e+00 9.574174e-26
4.079232e+00 9.581578e-26
4.081440e+00 9.581578e-26
4.083647e+00 9.581578e-26
4.085855e+00 9.581578e-26
4.088062e+00 9.581578e-26
4.090270e+00 9.587591e-26
4.092477e+00 9.587591e-26
4.094684e+00 9.587591e-26
4.096892e+00 9.587591e-26
4.099099e+00 9.593422e-26
4.101307e+00 9.593422e-26
4.103514e+00 9.593422e-26
4.105722e+00 9.593422e-26
4.107929e+00 9.593422e-26
4.110137e+00 9.598146e-26
4.112344e+00 9.598146e-26
4.114551e+00 9.598146e-26
4.116759e+00 9.598146e-26
4.118966e+00 9.605803e-26
4.121174e+00 9.605803e-26
4.123381e+00 9.605803e-26
4.125589e+00 9.605803e-26
4.127796e+00 9.605803e-26
4.130004e+00 9.613706e-26
4.132211e+00 9.613706e-26
4.134418e+00 9.613706e-26
4.136626e+00 9.613706e-26
4.138833e+00 9.613706e-26
4.141041e+00 9.616362e-26
4.143248e+00 9.616362e-26
4.145456e+00 9.616362e-26
4.147663e+00 9.616362e-26
4.149870e+00 9.621650e-26
4.152078e+00 9.621650e-26
4.154285e+00 9.621650e-26
4.156493e+00 9.621650e-26
4.158700e+00 9.621650e-26
4.160908e+00 9.624394e-26
4.163115e+00 9.624394e-26
4.165323e+00 9.624394e-26
4.167530e+00 9.624394e-26
4.169737e+00 9.632651e-26
4.171945e+00 9.632651e-26
4.174152e+00 9.632651e-26
4.176360e+00 9.632651e-26
4.178567e+00 9.632651e-26
4.180775e+00 9.638436e-26
4.182982e+00 9.638436e-26
4.185190e+00 9.638436e-26
4.187397e+00 9.638436e-26
4.189604e+00 9.643075e-26
4.191812e+00 9.643075e-26
4.194019e+00 9.643075e-26
4.196227e+00 9.643075e-26
4.198434e+00 9.643075e-26
4.200642e+00 9.648353e-26
4.202849e+00 9.648353e-26
4.205057e+00 9.648353e-26
4.207264e+00 9.648353e-26
4.209471e+00 9.653656e-26
4.211679e+00 9.653656e-26
4.213886e+00 9.653656e-26
4.216094e+00 9.653656e-26
4.218301e+00 9.653656e-26
4.220509e+00 9.657481e-26
4.222716e+00 9.657481e-26
4.224923e+00 9.657481e-26
4.227131e+00 9.657481e-26
4.229338e+00 9.662837e-26
4.231546e+00 9.662837e-26
4.233753e+00 9.662837e-26
4.235961e+00 9.662837e-26
4.238168e+00 9.662837e-26
4.240376e+00 9.668959e-26
4.242583e+00 9.668959e-26
4.244790e+00 9.668959e-26
4.246998e+00 9.668959e-26
4.249205e+00 9.676034e-26
4.251413e+00 9.676034e-26
4.253620e+00 9.676034e-26
4.255828e+00 9.676034e-26
4.258035e+00 9.676034e-26
4.260243e+00 9.684056e-26
4.262450e+00 9.684056e-26
4.264657e+00 9.684056e-26
4.266865e+00 9.684056e-26
4.269072e+00 9.691621e-26
4.271280e+00 9.691621e-26
4.273487e+00 9.691621e-26
4.275695e+00 9.691621e-26
4.277902e+00 9.691621e-26
4.280110e+00 9.694904e-26
4.282317e+00 9.694904e-26
4.284524e+00 9.694904e-26
4.286732e+00 9.694904e-26
4.288939e+00 9.699642e-26
4.291147e+00 9.699642e-26
4.293354e+00 9.699642e-26
4.295562e+00 9.699642e-26
4.297769e+00 9.699642e-26
4.299976e+00 9.705675e-26
4.302184e+00 9.705675e-26
4.304391e+00 9.705675e-26
4.306599e+00 9.705675e-26
4.308806e+00 9.705675e-26
4.311014e+00 9.712075e-26
4.313221e+00 9.712075e-26
4.315429e+00 9.712075e-26
4.317636e+00 9.712075e-26
4.319843e+00 9.715175e-26
4.322051e+00 9.715175e-26
4.324258e+00 9.715175e-26
4.326466e+00 9.715175e-26
4.328673e+00 9.715175e-26
4.330881e+00 9.718428e-26
4.333088e+00 9.718428e-26
4.335296e+00 9.718428e-26
4.337503e+00 9.718428e-26
4.339710e+00 9.725263e-26
4.341918e+00 9.725263e-26
4.344125e+00 9.725263e-26
4.346333e+00 9.725263e-26
4.348540e+00 9.725263e-26
4.350748e+00 9.732850e-26
4.352955e+00 9.732850e-26
4.355163e+00 9.732850e-26
4.357370e+00 9.732850e-26
4.359577e+00 9.737836e-26
4.361785e+00 9.737836e-26
4.363992e+00 9.737836e-26
4.366200e+00 9.737836e-26
4.368407e+00 9.737836e-26
4.370615e+00 9.743078e-26
4.372822e+00 9.743078e-26
4.375030e+00 9.743078e-26
4.377237e+00 9.743078e-26
4.379444e+00 9.748770e-26
4.381652e+00 9.748770e-26
4.383859e+00 9.748770e-26
4.386067e+00 9.748770e-26
4.388274e+00 9.748770e-26
4.390482e+00 9.754964e-26
4.392689e+00 9.754964e-26
4.394896e+00 9.754964e-26
4.397104e+00 9.754964e-26
4.399311e+00 9.759703e-26
4.401519e+00 9.759703e-26
4.403726e+00 9.759703e-26
4.405934e+00 9.759703e-26
4.408141e+00 9.759703e-26
4.410349e+00 9.765671e-26
4.412556e+00 9.765671e-26
4.414763e+00 9.765671e-26
4.416971e+00 9.765671e-26
4.419178e+00 9.771230e-26
4.421386e+00 9.771230e-26
4.423593e+00 9.771230e-26
4.425801e+00 9.771230e-26
4.428008e+00 9.771230e-26
4.430216e+00 9.778700e-26
4.432423e+00 9.778700e-26
4.434630e+00 9.778700e-26
4.436838e+00 9.778700e-26
4.439045e+00 9.782935e-26
4.441253e+00 9.782935e-26
4.443460e+00 9.782935e-26
4.445668e+00 9.782935e-26
4.447875e+00 9.782935e-26
4.450083e+00 9.789077e-26
4.452290e+00 9.789077e-26
4.454497e+00 9.789077e-26
4.456705e+00 9.789077e-26
4.458912e+00 9.794750e-26
4.461120e+00 9.794750e-26
4.463327e+00 9.794750e-26
4.465535e+00 9.794750e-26
4.467742e+00 9.794750e-26
4.469949e+00 9.801243e-26
4.472157e+00 9.801243e-26
4.474364e+00 9.801243e-26
4.476572e+00 9.801243e-26
4.478779e+00 9.801243e-26
4.480987e+00 9.805958e-26
4.483194e+00 9.805958e-26
4.485402e+00 9.805958e-26
4.487609e+00 9.805958e-26
4.489816e+00 9.808909e-26
4.492024e+00 9.808909e-26
4.494231e+00 9.808909e-26
4.496439e+00 9.808909e-26
4.498646e+00 9.808909e-26
4.500854e+00 9.812676e-26
4.503061e+00 9.812676e-26
4.505269e+00 9.812676e-26
4.507476e+00 9.812676e-26
4.509683e+00 9.815213e-26
4.511891e+00 9.815213e-26
4.514098e+00 9.815213e-26
4.516306e+00 9.815213e-26
4.518513e+00 9.815213e-26
4.520721e+00 9.820049e-26
4.522928e+00 9.820049e-26
4.525136e+00 9.820049e-26
4.527343e+00 9.820049e-26
4.529550e+00 9.828339e-26
4.531758e+00 9.828339e-26
4.533965e+00 9.828339e-26
4.536173e+00 9.828339e-26
4.538380e+00 9.828339e-26
4.540588e+00 9.834133e-26
4.542795e+00 9.834133e-26
4.545003e+00 9.834133e-26
4.547210e+00 9.834133e-26
4.549417e+00 9.841350e-26
4.551625e+00 9.841350e-26
4.553832e+00 9.841350e-26
4.556040e+00 9.841350e-26
4.558247e+00 9.841350e-26
4.560455e+00 9.847710e-26
4.562662e+00 9.847710e-26
4.564869e+00 9.847710e-26
4.567077e+00 9.847710e-26
4.569284e+00 9.853163e-26
4.571492e+00 9.853163e-26
4.573699e+00 9.853163e-26
4.575907e+00 9.853163e-26
4.578114e+00 9.853163e-26
4.580322e+00 9.856802e-26
4.582529e+00 9.856802e-26
4.584736e+00 9.856802e-26
4.586944e+00 9.856802e-26
4.589151e+00 9.863921e-26
4.591359e+00 9.863921e-26
4.593566e+00 9.863921e-26
4.595774e+00 9.863921e-26
4.597981e+00 9.863921e-26
4.600189e+00 9.865804e-26
4.602396e+00 9.865804e-26
4.604603e+00 9.865804e-26
4.606811e+00 9.865804e-26
4.609018e+00 9.867979e-26
4.611226e+00 9.867979e-26
4.613433e+00 9.867979e-26
4.615641e+00 9.867979e-26
4.617848e+00 9.867979e-26
4.620056e+00 9.872520e-26
4.622263e+00 9.872520e-26
4.624470e+00 9.872520e-26
4.626678e+00 9.872520e-26
4.628885e+00 9.872520e-26
4.631093e+00 9.875666e-26
4.633300e+00 9.875666e-26
4.635508e+00 9.875666e-26
4.637715e+00 9.875666e-26
4.639922e+00 9.881907e-26
4.642130e+00 9.881907e-26
4.644337e+00 9.881907e-26
4.646545e+00 9.881907e-26
4.648752e+00 9.881907e-26
4.650960e+00 9.886966e-26
4.653167e+00 9.886966e-26
4.655375e+00 9.886966e-26
4.657582e+00 9.886966e-26
4.659789e+00 9.892532e-26
4.661997e+00 9.892532e-26
4.664204e+00 9.892532e-26
4.666412e+00 9.892532e-26
4.668619e+00 9.892532e-26
4.670827e+00 9.899573e-26
4.673034e+00 9.899573e-26
4.675242e+00 9.899573e-26
4.677449e+00 9.899573e-26
4.679656e+00 9.903129e-26
4.681864e+00 9.903129e-26
4.684071e+00 9.903129e-26
4.686279e+00 9.903129e-26
4.688486e+00 9.903129e-26
4.690694e+00 9.908239e-26
4.692901e+00 9.908239e-26
4.695109e+00 9.908239e-26
4.697316e+00 9.908239e-26
4.699523e+00 9.911928e-26
4.701731e+00 9.911928e-26
4.703938e+00 9.911928e-26
4.706146e+00 9.911928e-26
4.708353e+00 9.911928e-26
4.710561e+00 9.916860e-26
4.712768e+00 9.916860e-26
4.714975e+00 9.916860e-26
4.717183e+00 9.916860e-26
4.719390e+00 9.920458e-26
4.721598e+00 9.920458e-26
4.723805e+00 9.920458e-26
4.726013e+00 9.920458e-26
4.728220e+00 9.920458e-26
4.730428e+00 9.926554e-26
4.732635e+00 9.926554e-26
4.734842e+00 9.926554e-26
4.737050e+00 9.926554e-26
4.739257e+00 9.931971e-26
4.741465e+00 9.931971e-26
4.743672e+00 9.931971e-26
4.745880e+00 9.931971e-26
4.748087e+00 9.931971e-26
4.750295e+00 9.936786e-26
4.752502e+00 9.936786e-26
4.754709e+00 9.936786e-26
4.756917e+00 9.936786e-26
4.759124e+00 9.939543e-26
4.761332e+00 9.939543e-26
4.763539e+00 9.939543e-26
4.765747e+00 9.939543e-26
4.767954e+00 9.939543e-26
4.770162e+00 9.945974e-26
4.772369e+00 9.945974e-26
4.774576e+00 9.945974e-26
4.776784e+00 9.945974e-26
4.778991e+00 9.950594e-26
4.781199e+00 9.950594e-26
4.783406e+00 9.950594e-26
4.785614e+00 9.950594e-26
4.787821e+00 9.950594e-26
4.790029e+00 9.958697e-26
4.792236e+00 9.958697e-26
4.794443e+00 9.958697e-26
4.796651e+00 9.958697e-26
4.798858e+00 9.958697e-26
4.801066e+00 9.962978e-26
4.803273e+00 9.962978e-26
4.805481e+00 9.962978e-26
4.807688e+00 9.962978e-26
4.809895e+00 9.971092e-26
4.812103e+00 9.971092e-26
4.814310e+00 9.971092e-26
4.816518e+00 9.971092e-26
4.818725e+00 9.971092e-26
4.820933e+00 9.977670e-26
4.823140e+00 9.977670e-26
4.825348e+00 9.977670e-26
4.827555e+00 9.977670e-26
4.829762e+00 9.981823e-26
4.831970e+00 9.981823e-26
4.834177e+00 9.981823e-26
4.836385e+00 9.981823e-26
4.838592e+00 9.981823e-26
4.840800e+00 9.985419e-26
4.843007e+00 9.985419e-26
4.845215e+00 9.985419e-26
4.847422e+00 9.985419e-26
4.849629e+00 9.990361e-26
4.851837e+00 9.990361e-26
4.854044e+00 9.990361e-26
4.856252e+00 9.990361e-26
4.858459e+00 9.990361e-26
4.860667e+00 9.997482e-26
4.862874e+00 9.997482e-26
4.865082e+00 9.997482e-26
4.867289e+00 9.997482e-26
4.869496e+00 1.000027e-25
4.871704e+00 1.000027e-25
4.873911e+00 1.000027e-25
4.876119e+00 1.000027e-25
4.878326e+00 1.000027e-25
4.880534e+00 1.000521e-25
4.882741e+00 1.000521e-25
4.884948e+00 1.000521e-25
4.887156e+00 1.000521e-25
4.889363e+00 1.000892e-25
4.891571e+00 1.000892e-25
4.893778e+00 1.000892e-25
4.895986e+00 1.000892e-25
4.898193e+00 1.000892e-25
4.900401e+00 1.001386e-25
4.902608e+00 1.001386e-25
4.904815e+00 1.001386e-25
4.907023e+00 1.001386e-25
4.909230e+00 1.001849e-25
4.911438e+00 1.001849e-25
4.913645e+00 1.001849e-25
4.915853e+00 1.001849e-25
4.918060e+00 1.001849e-25
4.920268e+00 1.002325e-25
4.922475e+00 1.002325e-25
4.924682e+00 1.002325e-25
4.926890e+00 1.002325e-25
4.929097e+00 1.002755e-25
4.931305e+00 1.002755e-25
4.933512e+00 1.002755e-25
4.935720e+00 1.002755e-25
4.937927e+00 1.002755e-25
4.940135e+00 1.003239e-25
4.942342e+00 1.003239e-25
4.944549e+00 1.003239e-25
4.946757e+00 1.003239e-25
4.948964e+00 1.003721e-25
4.951172e+00 1.003721e-25
4.953379e+00 1.003721e-25
4.955587e+00 1.003721e-25
4.957794e+00 1.003721e-25
4.960002e+00 1.004214e-25
4.962209e+00 1.004214e-25
4.964416e+00 1.004214e-25
4.966624e+00 1.004214e-25
4.968831e+00 1.004214e-25
4.971039e+00 1.004998e-25
4.973246e+00 1.004998e-25
4.975454e+00 1.004998e-25
4.977661e+00 1.004998e-25
4.979868e+00 1.005397e-25
4.982076e+00 1.005397e-25
4.984283e+00 1.005397e-25
4.986491e+00 1.005397e-25
4.988698e+00 1.005397e-25
4.990906e+00 1.006073e-25
4.993113e+00 1.006073e-25
4.995321e+00 1.006073e-25
4.997528e+00 1.006073e-25
4.999735e+00 1.006721e-25
5.001943e+00 1.006721e-25
5.004150e+00 1.006721e-25
5.006358e+00 1.006721e-25
5.008565e+00 1.006721e-25
5.010773e+00 1.007007e-25
5.012980e+00 1.007007e-25
5.015188e+00 1.007007e-25
5.017395e+00 1.007007e-25
5.019602e+00 1.007289e-25
5.021810e+00 1.007289e-25
5.024017e+00 1.007289e-25
5.026225e+00 1.007289e-25
5.028432e+00 1.007289e-25
5.030640e+00 1.008017e-25
5.032847e+00 1.008017e-25
5.035055e+00 1.008017e-25
5.037262e+00 1.008017e-25
5.039469e+00 1.008626e-25
5.041677e+00 1.008626e-25
5.043884e+00 1.008626e-25
5.046092e+00 1.008626e-25
5.048299e+00 1.008626e-25
5.050507e+00 1.009133e-25
5.052714e+00 1.009133e-25
5.054921e+00 1.009133e-25
5.057129e+00 1.009133e-25
5.059336e+00 1.009457e-25
5.061544e+00 1.009457e-25
5.063751e+00 1.009457e-25
5.065959e+00 1.009457e-25
5.068166e+00 1.009457e-25
5.070374e+00 1.010128e-25
5.072581e+00 1.010128e-25
5.074788e+00 1.010128e-25
5.076996e+00 1.010128e-25
5.079203e+00 1.010566e-25
5.081411e+00 1.010566e-25
5.083618e+00 1.010566e-25
5.085826e+00 1.010566e-25
5.088033e+00 1.010566e-25
5.090241e+00 1.011011e-25
5.092448e+00 1.011011e-25
5.094655e+00 1.011011e-25
5.096863e+00 1.011011e-25
5.099070e+00 1.011642e-25
5.101278e+00 1.011642e-25
5.103485e+00 1.011642e-25
5.105693e+00 1.011642e-25
5.107900e+00 1.011642e-25
5.110108e+00 1.012098e-25
5.112315e+00 1.012098e-25
5.114522e+00 1.012098e-25
5.116730e+00 1.012098e-25
5.118937e+00 1.012413e-25
5.121145e+00 1.012413e-25
5.123352e+00 1.012413e-25
5.125560e+00 1.012413e-25
5.127767e+00 1.012413e-25
5.129974e+00 1.012933e-25
5.132182e+00 1.012933e-25
5.134389e+00 1.012933e-25
5.136597e+00 1.012933e-25
5.138804e+00 1.012933e-25
5.141012e+00 1.013535e-25
5.143219e+00 1.013535e-25
5.145427e+00 1.013535e-25
5.147634e+00 1.013535e-25
5.149841e+00 1.013954e-25
5.152049e+00 1.013954e-25
5.154256e+00 1.013954e-25
5.156464e+00 1.013954e-25
5.158671e+00 1.013954e-25
5.160879e+00 1.014435e-25
5.163086e+00 1.014435e-25
5.165294e+00 1.014435e-25
5.167501e+00 1.014435e-25
5.169708e+00 1.014877e-25
5.171916e+00 1.014877e-25
5.174123e+00 1.014877e-25
5.176331e+00 1.014877e-25
5.178538e+00 1.014877e-25
5.180746e+00 1.015360e-25
5.182953e+00 1.015360e-25
5.185161e+00 1.015360e-25
5.187368e+00 1.015360e-25
5.189575e+00 1.015810e-25
5.191783e+00 1.015810e-25
5.193990e+00 1.015810e-25
5.196198e+00 1.015810e-25
5.198405e+00 1.015810e-25
5.200613e+00 1.016396e-25
5.202820e+00 1.016396e-25
5.205028e+00 1.016396e-25
5.207235e+00 1.016396e-25
5.209442e+00 1.016930e-25
5.211650e+00 1.016930e-25
5.213857e+00 1.016930e-25
5.216065e+00 1.016930e-25
5.218272e+00 1.016930e-25
5.220480e+00 1.017278e-25
5.222687e+00 1.017278e-25
5.224894e+00 1.017278e-25
5.227102e+00 1.017278e-25
5.229309e+00 1.017854e-25
5.231517e+00 1.017854e-25
5.233724e+00 1.017854e-25
5.235932e+00 1.017854e-25
5.238139e+00 1.017854e-25
5.240347e+00 1.018132e-25
5.242554e+00 1.018132e-25
5.244761e+00 1.018132e-25
5.246969e+00 1.018132e-25
5.249176e+00 1.018527e-25
5.251384e+00 1.018527e-25
5.253591e+00 1.018527e-25
5.255799e+00 1.018527e-25
5.258006e+00 1.018527e-25
5.260214e+00 1.018719e-25
5.262421e+00 1.018719e-25
5.264628e+00 1.018719e-25
5.266836e+00 1.018719e-25
5.269043e+00 1.019201e-25
5.271251e+00 1.019201e-25
5.273458e+00 1.019201e-25
5.275666e+00 1.019201e-25
5.277873e+00 1.019201e-25
5.280081e+00 1.019606e-25
5.282288e+00 1.019606e-25
5.284495e+00 1.019606e-25
5.286703e+00 1.019606e-25
5.288910e+00 1.019932e-25
5.291118e+00 1.019932e-25
5.293325e+00 1.019932e-25
5.295533e+00 1.019932e-25
5.297740e+00 1.019932e-25
5.299947e+00 1.020341e-25
5.302155e+00 1.020341e-25
5.304362e+00 1.020341e-25
5.306570e+00 1.020341e-25
5.308777e+00 1.020341e-25
5.310985e+00 1.020713e-25
5.313192e+00 1.020713e-25
5.315400e+00 1.020713e-25
5.317607e+00 1.020713e-25
5.319814e+00 1.021279e-25
5.322022e+00 1.021279e-25
5.324229e+00 1.021279e-25
5.326437e+00 1.021279e-25
5.328644e+00 1.021279e-25
5.330852e+00 1.021597e-25
5.333059e+00 1.021597e-25
5.335267e+00 1.021597e-25
5.337474e+00 1.021597e-25
5.339681e+00 1.022140e-25
5.341889e+00 1.022140e-25
5.344096e+00 1.022140e-25
5.346304e+00 1.022140e-25
5.348511e+00 1.022140e-25
5.350719e+00 1.022577e-25
5.352926e+00 1.022577e-25
5.355134e+00 1.022577e-25
5.357341e+00 1.022577e-25
5.359548e+00 1.022867e-25
5.361756e+00 1.022867e-25
5.363963e+00 1.022867e-25
5.366171e+00 1.022867e-25
5.368378e+00 1.022867e-25
5.370586e+00 1.023179e-25
5.372793e+00 1.023179e-25
5.375001e+00 1.023179e-25
5.377208e+00 1.023179e-25
5.379415e+00 1.023528e-25
5.381623e+00 1.023528e-25
5.383830e+00 1.023528e-25
5.386038e+00 1.023528e-25
5.388245e+00 1.023528e-25
5.390453e+00 1.023651e-25
5.392660e+00 1.023651e-25
5.394867e+00 1.023651e-25
5.397075e+00 1.023651e-25
5.399282e+00 1.024031e-25
5.401490e+00 1.024031e-25
5.403697e+00 1.024031e-25
5.405905e+00 1.024031e-25
5.408112e+00 1.024031e-25
5.410320e+00 1.024592e-25
5.412527e+00 1.024592e-25
5.414734e+00 1.024592e-25
5.416942e+00 1.024592e-25
5.419149e+00 1.025285e-25
5.421357e+00 1.025285e-25
5.423564e+00 1.025285e-25
5.425772e+00 1.025285e-25
5.427979e+00 1.025285e-25
5.430187e+00 1.025630e-25
5.432394e+00 1.025630e-25
5.434601e+00 1.025630e-25
5.436809e+00 1.025630e-25
5.439016e+00 1.026063e-25
5.441224e+00 1.026063e-25
5.443431e+00 1.026063e-25
5.445639e+00 1.026063e-25
5.447846e+00 1.026063e-25
5.450054e+00 1.026392e-25
5.452261e+00 1.026392e-25
5.454468e+00 1.026392e-25
5.456676e+00 1.026392e-25
5.458883e+00 1.026392e-25
5.461091e+00 1.026659e-25
5.463298e+00 1.026659e-25
5.465506e+00 1.026659e-25
5.467713e+00 1.026659e-25
5.469920e+00 1.027218e-25
5.472128e+00 1.027218e-25
5.474335e+00 1.027218e-25
5.476543e+00 1.027218e-25
5.478750e+00 1.027218e-25
5.480958e+00 1.027646e-25
5.483165e+00 1.027646e-25
5.485373e+00 1.027646e-25
5.487580e+00 1.027646e-25
5.489787e+00 1.028208e-25
5.491995e+00 1.028208e-25
5.494202e+00 1.028208e-25
5.496410e+00 1.028208e-25
5.498617e+00 1.028208e-25
5.500825e+00 1.028548e-25
5.503032e+00 1.028548e-25
5.505240e+00 1.028548e-25
5.507447e+00 1.028548e-25
5.509654e+00 1.028929e-25
5.511862e+00 1.028929e-25
5.514069e+00 1.028929e-25
5.516277e+00 1.028929e-25
5.518484e+00 1.028929e-25
5.520692e+00 1.029321e-25
5.522899e+00 1.029321e-25
5.525107e+00 1.029321e-25
5.527314e+00 1.029321e-25
5.529521e+00 1.029829e-25
5.531729e+00 1.029829e-25
5.533936e+00 1.029829e-25
5.536144e+00 1.029829e-25
5.538351e+00 1.029829e-25
5.540559e+00 1.030374e-25
5.542766e+00 1.030374e-25
5.544973e+00 1.030374e-25
5.547181e+00 1.030374e-25
5.549388e+00 1.030851e-25
5.551596e+00 1.030851e-25
5.553803e+00 1.030851e-25
5.556011e+00 1.030851e-25
5.558218e+00 1.030851e-25
5.560426e+00 1.031271e-25
5.562633e+00 1.031271e-25
5.564840e+00 1.031271e-25
5.567048e+00 1.031271e-25
5.569255e+00 1.031619e-25
5.571463e+00 1.031619e-25
5.573670e+00 1.031619e-25
5.575878e+00 1.031619e-25
5.578085e+00 1.031619e-25
5.580293e+00 1.032182e-25
5.582500e+00 1.032182e-25
5.584707e+00 1.032182e-25
5.586915e+00 1.032182e-25
5.589122e+00 1.032655e-25
5.591330e+00 1.032655e-25
5.593537e+00 1.032655e-25
5.595745e+00 1.032655e-25
5.597952e+00 1.032655e-25
5.600160e+00 1.032915e-25
5.602367e+00 1.032915e-25
5.604574e+00 1.032915e-25
5.606782e+00 1.032915e-25
5.608989e+00 1.033268e-25
5.611197e+00 1.033268e-25
5.613404e+00 1.033268e-25
5.615612e+00 1.033268e-25
5.617819e+00 1.033268e-25
5.620027e+00 1.033586e-25
5.622234e+00 1.033586e-25
5.624441e+00 1.033586e-25
5.626649e+00 1.033586e-25
5.628856e+00 1.033586e-25
5.631064e+00 1.034143e-25
5.633271e+00 1.034143e-25
5.635479e+00 1.034143e-25
5.637686e+00 1.034143e-25
5.639893e+00 1.034469e-25
5.642101e+00 1.034469e-25
5.644308e+00 1.034469e-25
5.646516e+00 1.034469e-25
5.648723e+00 1.034469e-25
5.650931e+00 1.034999e-25
5.653138e+00 1.034999e-25
5.655346e+00 1.034999e-25
5.657553e+00 1.034999e-25
5.659760e+00 1.035359e-25
5.661968e+00 1.035359e-25
5.664175e+00 1.035359e-25
5.666383e+00 1.035359e-25
5.668590e+00 1.035359e-25
5.670798e+00 1.035703e-25
5.673005e+00 1.035703e-25
5.675213e+00 1.035703e-25
5.677420e+00 1.035703e-25
5.679627e+00 1.036058e-25
5.681835e+00 1.036058e-25
5.684042e+00 1.036058e-25
5.686250e+00 1.036058e-25
5.688457e+00 1.036058e-25
5.690665e+00 1.036484e-25
5.692872e+00 1.036484e-25
5.695080e+00 1.036484e-25
5.697287e+00 1.036484e-25
5.699494e+00 1.036735e-25
5.701702e+00 1.036735e-25
5.703909e+00 1.036735e-25
5.706117e+00 1.036735e-25
5.708324e+00 1.036735e-25
5.710532e+00 1.037145e-25
5.712739e+00 1.037145e-25
5.714946e+00 1.037145e-25
5.717154e+00 1.037145e-25
5.719361e+00 1.037596e-25
5.721569e+00 1.037596e-25
5.723776e+00 1.037596e-25
5.725984e+00 1.037596e-25
5.728191e+00 1.037596e-25
5.730399e+00 1.037947e-25
5.732606e+00 1.037947e-25
5.734813e+00 1.037947e-25
5.737021e+00 1.037947e-25
5.739228e+00 1.038303e-25
5.741436e+00 1.038303e-25
5.743643e+00 1.038303e-25
5.745851e+00 1.038303e-25
5.748058e+00 1.038303e-25
5.750266e+00 1.038796e-25
5.752473e+00 1.038796e-25
5.754680e+00 1.038796e-25
5.756888e+00 1.038796e-25
5.759095e+00 1.039141e-25
5.761303e+00 1.039141e-25
5.763510e+00 1.039141e-25
5.765718e+00 1.039141e-25
5.767925e+00 1.039141e-25
5.770133e+00 1.039531e-25
5.772340e+00 1.039531e-25
5.774547e+00 1.039531e-25
5.776755e+00 1.039531e-25
5.778962e+00 1.039960e-25
5.781170e+00 1.039960e-25
5.783377e+00 1.039960e-25
5.785585e+00 1.039960e-25
5.787792e+00 1.039960e-25
5.789999e+00 1.040199e-25
5.792207e+00 1.040199e-25
5.794414e+00 1.040199e-25
5.796622e+00 1.040199e-25
5.798829e+00 1.040199e-25
5.801037e+00 1.040540e-25
5.803244e+00 1.040540e-25
5.805452e+00 1.040540e-25
5.807659e+00 1.040540e-25
5.809866e+00 1.040868e-25
5.812074e+00 1.040868e-25
5.814281e+00 1.040868e-25
5.816489e+00 1.040868e-25
5.818696e+00 1.040868e-25
5.820904e+00 1.041139e-25
5.823111e+00 1.041139e-25
5.825319e+00 1.041139e-25
5.827526e+00 1.041139e-25
5.829733e+00 1.041377e-25
5.831941e+00 1.041377e-25
5.834148e+00 1.041377e-25
5.836356e+00 1.041377e-25
5.838563e+00 1.041377e-25
5.840771e+00 1.041714e-25
5.842978e+00 1.041714e-25
5.845186e+00 1.041714e-25
5.847393e+00 1.041714e-25
5.849600e+00 1.042249e-25
5.851808e+00 1.042249e-25
5.854015e+00 1.042249e-25
5.856223e+00 1.042249e-25
5.858430e+00 1.042249e-25
5.860638e+00 1.042407e-25
5.862845e+00 1.042407e-25
5.865053e+00 1.042407e-25
5.867260e+00 1.042407e-25
5.869467e+00 1.042779e-25
5.871675e+00 1.042779e-25
5.873882e+00 1.042779e-25
5.876090e+00 1.042779e-25
5.878297e+00 1.042779e-25
5.880505e+00 1.043164e-25
5.882712e+00 1.043164e-25
5.884919e+00 1.043164e-25
5.887127e+00 1.043164e-25
5.889334e+00 1.043653e-25
5.891542e+00 1.043653e-25
5.893749e+00 1.043653e-25
5.895957e+00 1.043653e-25
5.898164e+00 1.043653e-25
5.900372e+00 1.044093e-25
5.902579e+00 1.044093e-25
5.904786e+00 1.044093e-25
5.906994e+00 1.044093e-25
5.909201e+00 1.044299e-25
5.911409e+00 1.044299e-25
5.913616e+00 1.044299e-25
5.915824e+00 1.044299e-25
5.918031e+00 1.044299e-25
5.920239e+00 1.044555e-25
5.922446e+00 1.044555e-25
5.924653e+00 1.044555e-25
5.926861e+00 1.044555e-25
5.929068e+00 1.044908e-25
5.931276e+00 1.044908e-25
5.933483e+00 1.044908e-25
5.935691e+00 1.044908e-25
5.937898e+00 1.044908e-25
5.940106e+00 1.045394e-25
5.942313e+00 1.045394e-25
5.944520e+00 1.045394e-25
5.946728e+00 1.045394e-25
5.948935e+00 1.045565e-25
5.951143e+00 1.045565e-25
5.953350e+00 1.045565e-25
5.955558e+00 1.045565e-25
5.957765e+00 1.045565e-25
5.959972e+00 1.045953e-25
5.962180e+00 1.045953e-25
5.964387e+00 1.045953e-25
5.966595e+00 1.045953e-25
5.968802e+00 1.045953e-25
5.971010e+00 1.046494e-25
5.973217e+00 1.046494e-25
5.975425e+00 1.046494e-25
5.977632e+00 1.046494e-25
5.979839e+00 1.046771e-25
5.982047e+00 1.046771e-25
5.984254e+00 1.046771e-25
5.986462e+00 1.046771e-25
5.988669e+00 1.046771e-25
5.990877e+00 1.046941e-25
5.993084e+00 1.046941e-25
5.995292e+00 1.046941e-25
5.997499e+00 1.046941e-25
5.999706e+00 1.047093e-25
6.001914e+00 1.047093e-25
6.004121e+00 1.047093e-25
6.006329e+00 1.047093e-25
6.008536e+00 1.047093e-25
6.010744e+00 1.047257e-25
6.012951e+00 1.047257e-25
6.015159e+00 1.047257e-25
6.017366e+00 1.047257e-25
6.019573e+00 1.047684e-25
6.021781e+00 1.047684e-25
6.023988e+00 1.047684e-25
6.026196e+00 1.047684e-25
6.028403e+00 1.047684e-25
6.030611e+00 1.048033e-25
6.032818e+00 1.048033e-25
6.035026e+00 1.048033e-25
6.037233e+00 1.048033e-25
6.039440e+00 1.048339e-25
6.041648e+00 1.048339e-25
6.043855e+00 1.048339e-25
6.046063e+00 1.048339e-25
6.048270e+00 1.048339e-25
6.050478e+00 1.048795e-25
6.052685e+00 1.048795e-25
6.054892e+00 1.048795e-25
6.057100e+00 1.048795e-25
6.059307e+00 1.049187e-25
6.061515e+00 1.049187e-25
6.063722e+00 1.049187e-25
6.065930e+00 1.049187e-25
6.068137e+00 1.049187e-25
6.070345e+00 1.049574e-25
6.072552e+00 1.049574e-25
6.074759e+00 1.049574e-25
6.076967e+00 1.049574e-25
6.079174e+00 1.049854e-25
6.081382e+00 1.049854e-25
6.083589e+00 1.049854e-25
6.085797e+00 1.049854e-25
6.088004e+00 1.049854e-25
6.090212e+00 1.050120e-25
6.092419e+00 1.050120e-25
6.094626e+00 1.050120e-25
6.096834e+00 1.050120e-25
6.099041e+00 1.050441e-25
6.101249e+00 1.050441e-25
6.103456e+00 1.050441e-25
6.105664e+00 1.050441e-25
6.107871e+00 1.050441e-25
6.110079e+00 1.050872e-25
6.112286e+00 1.050872e-25
6.114493e+00 1.050872e-25
6.116701e+00 1.050872e-25
6.118908e+00 1.051220e-25
6.121116e+00 1.051220e-25
6.123323e+00 1.051220e-25
6.125531e+00 1.051220e-25
6.127738e+00 1.051220e-25
6.129945e+00 1.051533e-25
6.132153e+00 1.051533e-25
6.134360e+00 1.051533e-25
6.136568e+00 1.051533e-25
6.138775e+00 1.051533e-25
6.140983e+00 1.051913e-25
6.143190e+00 1.051913e-25
6.145398e+00 1.051913e-25
6.147605e+00 1.051913e-25
6.149812e+00 1.052270e-25
6.152020e+00 1.052270e-25
6.154227e+00 1.052270e-25
6.156435e+00 1.052270e-25
6.158642e+00 1.052270e-25
6.160850e+00 1.052582e-25
6.163057e+00 1.052582e-25
6.165265e+00 1.052582e-25
6.167472e+00 1.052582e-25
6.169679e+00 1.052981e-25
6.171887e+00 1.052981e-25
6.174094e+00 1.052981e-25
6.176302e+00 1.052981e-25
6.178509e+00 1.052981e-25
6.180717e+00 1.053321e-25
6.182924e+00 1.053321e-25
6.185132e+00 1.053321e-25
6.187339e+00 1.053321e-25
6.189546e+00 1.053473e-25
6.191754e+00 1.053473e-25
6.193961e+00 1.053473e-25
6.196169e+00 1.053473e-25
6.198376e+00 1.053473e-25
6.200584e+00 1.053909e-25
6.202791e+00 1.053909e-25
6.204998e+00 1.053909e-25
6.207206e+00 1.053909e-25
6.209413e+00 1.054180e-25
6.211621e+00 1.054180e-25
6.213828e+00 1.054180e-25
6.216036e+00 1.054180e-25
6.218243e+00 1.054180e-25
6.220451e+00 1.054509e-25
6.222658e+00 1.054509e-25
6.224865e+00 1.054509e-25
6.227073e+00 1.054509e-25
6.229280e+00 1.054856e-25
6.231488e+00 1.054856e-25
6.233695e+00 1.054856e-25
6.235903e+00 1.054856e-25
6.238110e+00 1.054856e-25
6.240318e+00 1.055155e-25
6.242525e+00 1.055155e-25
6.244732e+00 1.055155e-25
6.246940e+00 1.055155e-25
6.249147e+00 1.055545e-25
6.251355e+00 1.055545e-25
6.253562e+00 1.055545e-25
6.255770e+00 1.055545e-25
6.257977e+00 1.055545e-25
6.260185e+00 1.055889e-25
6.262392e+00 1.055889e-25
6.264599e+00 1.055889e-25
6.266807e+00 1.055889e-25
6.269014e+00 1.056155e-25
6.271222e+00 1.056155e-25
6.273429e+00 1.056155e-25
6.275637e+00 1.056155e-25
6.277844e+00 1.056155e-25
6.280052e+00 1.056557e-25
6.282259e+00 1.056557e-25
6.284466e+00 1.056557e-25
6.286674e+00 1.056557e-25
6.288881e+00 1.056557e-25
6.291089e+00 1.056889e-25
6.293296e+00 1.056889e-25
6.295504e+00 1.056889e-25
6.297711e+00 1.056889e-25
6.299918e+00 1.057295e-25
6.302126e+00 1.057295e-25
6.304333e+00 1.057295e-25
6.306541e+00 1.057295e-25
6.308748e+00 1.057295e-25
6.310956e+00 1.057612e-25
6.313163e+00 1.057612e-25
6.315371e+00 1.057612e-25
6.317578e+00 1.057612e-25
6.319785e+00 1.058045e-25
6.321993e+00 1.058045e-25
6.324200e+00 1.058045e-25
6.326408e+00 1.058045e-25
6.328615e+00 1.058045e-25
6.330823e+00 1.058270e-25
6.333030e+00 1.058270e-25
6.335238e+00 1.058270e-25
6.337445e+00 1.058270e-25
6.339652e+00 1.058543e-25
6.341860e+00 1.058543e-25
6.344067e+00 1.058543e-25
6.346275e+00 1.058543e-25
6.348482e+00 1.058543e-25
6.350690e+00 1.058885e-25
6.352897e+00 1.058885e-25
6.355105e+00 1.058885e-25
6.357312e+00 1.058885e-25
6.359519e+00 1.059195e-25
6.361727e+00 1.059195e-25
6.363934e+00 1.059195e-25
6.366142e+00 1.059195e-25
6.368349e+00 1.059195e-25
6.370557e+00 1.059584e-25
6.372764e+00 1.059584e-25
6.374971e+00 1.059584e-25
6.377179e+00 1.059584e-25
6.379386e+00 1.059992e-25
6.381594e+00 1.059992e-25
6.383801e+00 1.059992e-25
6.386009e+00 1.059992e-25
6.388216e+00 1.059992e-25
6.390424e+00 1.060334e-25
6.392631e+00 1.060334e-25
6.394838e+00 1.060334e-25
6.397046e+00 1.060334e-25
6.399253e+00 1.060655e-25
6.401461e+00 1.060655e-25
6.403668e+00 1.060655e-25
6.405876e+00 1.060655e-25
6.408083e+00 1.060655e-25
6.410291e+00 1.061089e-25
6.412498e+00 1.061089e-25
6.414705e+00 1.061089e-25
6.416913e+00 1.061089e-25
6.419120e+00 1.061321e-25
6.421328e+00 1.061321e-25
6.423535e+00 1.061321e-25
6.425743e+00 1.061321e-25
6.427950e+00 1.061321e-25
6.430158e+00 1.061520e-25
6.432365e+00 1.061520e-25
6.434572e+00 1.061520e-25
6.436780e+00 1.061520e-25
6.438987e+00 1.061772e-25
6.441195e+00 1.061772e-25
6.443402e+00 1.061772e-25
6.445610e+00 1.061772e-25
6.447817e+00 1.061772e-25
6.450025e+00 1.062163e-25
6.452232e+00 1.062163e-25
6.454439e+00 1.062163e-25
6.456647e+00 1.062163e-25
6.458854e+00 1.062163e-25
6.461062e+00 1.062396e-25
6.463269e+00 1.062396e-25
6.465477e+00 1.062396e-25
6.467684e+00 1.062396e-25
6.469891e+00 1.062842e-25
6.472099e+00 1.062842e-25
6.474306e+00 1.062842e-25
6.476514e+00 1.062842e-25
6.478721e+00 1.062842e-25
6.480929e+00 1.063022e-25
6.483136e+00 1.063022e-25
6.485344e+00 1.063022e-25
6.487551e+00 1.063022e-25
6.489758e+00 1.063126e-25
6.491966e+00 1.063126e-25
6.494173e+00 1.063126e-25
6.496381e+00 1.063126e-25
6.498588e+00 1.063126e-25
6.500796e+00 1.063474e-25
6.503003e+00 1.063474e-25
6.505211e+00 1.063474e-25
6.507418e+00 1.063474e-25
6.509625e+00 1.063742e-25
6.511833e+00 1.063742e-25
6.514040e+00 1.063742e-25
6.516248e+00 1.063742e-25
6.518455e+00 1.063742e-25
6.520663e+00 1.063945e-25
6.522870e+00 1.063945e-25
6.525078e+00 1.063945e-25
6.527285e+00 1.063945e-25
6.529492e+00 1.064222e-25
6.531700e+00 1.064222e-25
6.533907e+00 1.064222e-25
6.536115e+00 1.064222e-25
6.538322e+00 1.064222e-25
6.540530e+00 1.064579e-25
6.542737e+00 1.064579e-25
6.544944e+00 1.064579e-25
6.547152e+00 1.064579e-25
6.549359e+00 1.064906e-25
6.551567e+00 1.064906e-25
6.553774e+00 1.064906e-25
6.555982e+00 1.064906e-25
6.558189e+00 1.064906e-25
6.560397e+00 1.065353e-25
6.562604e+00 1.065353e-25
6.564811e+00 1.065353e-25
6.567019e+00 1.065353e-25
6.569226e+00 1.065750e-25
6.571434e+00 1.065750e-25
6.573641e+00 1.065750e-25
6.575849e+00 1.065750e-25
6.578056e+00 1.065750e-25
6.580264e+00 1.066151e-25
6.582471e+00 1.066151e-25
6.584678e+00 1.066151e-25
6.586886e+00 1.066151e-25
6.589093e+00 1.066379e-25
6.591301e+00 1.066379e-25
6.593508e+00 1.066379e-25
6.595716e+00 1.066379e-25
6.597923e+00 1.066379e-25
6.600131e+00 1.066881e-25
6.602338e+00 1.066881e-25
6.604545e+00 1.066881e-25
6.606753e+00 1.066881e-25
6.608960e+00 1.067199e-25
6.611168e+00 1.067199e-25
6.613375e+00 1.067199e-25
6.615583e+00 1.067199e-25
6.617790e+00 1.067199e-25
6.619997e+00 1.067574e-25
6.622205e+00 1.067574e-25
6.624412e+00 1.067574e-25
6.626620e+00 1.067574e-25
6.628827e+00 1.067574e-25
6.631035e+00 1.067938e-25
6.633242e+00 1.067938e-25
6.635450e+00 1.067938e-25
6.637657e+00 1.067938e-25
6.639864e+00 1.068196e-25
6.642072e+00 1.068196e-25
6.644279e+00 1.068196e-25
6.646487e+00 1.068196e-25
6.648694e+00 1.068196e-25
6.650902e+00 1.068512e-25
6.653109e+00 1.068512e-25
6.655317e+00 1.068512e-25
6.657524e+00 1.068512e-25
6.659731e+00 1.068919e-25
6.661939e+00 1.068919e-25
6.664146e+00 1.068919e-25
6.666354e+00 1.068919e-25
6.668561e+00 1.068919e-25
6.670769e+00 1.069343e-25
6.672976e+00 1.069343e-25
6.675184e+00 1.069343e-25
6.677391e+00 1.069343e-25
6.679598e+00 1.069588e-25
6.681806e+00 1.069588e-25
6.684013e+00 1.069588e-25
6.686221e+00 1.069588e-25
6.688428e+00 1.069588e-25
6.690636e+00 1.069814e-25
6.692843e+00 1.069814e-25
6.695051e+00 1.069814e-25
6.697258e+00 1.069814e-25
6.699465e+00 1.070243e-25
6.701673e+00 1.070243e-25
6.703880e+00 1.070243e-25
6.706088e+00 1.070243e-25
6.708295e+00 1.070243e-25
6.710503e+00 1.070560e-25
6.712710e+00 1.070560e-25
6.714917e+00 1.070560e-25
6.717125e+00 1.070560e-25
6.719332e+00 1.070920e-25
6.721540e+00 1.070920e-25
6.723747e+00 1.070920e-25
6.725955e+00 1.070920e-25
6.728162e+00 1.070920e-25
6.730370e+00 1.071250e-25
6.732577e+00 1.071250e-25
6.734784e+00 1.071250e-25
6.736992e+00 1.071250e-25
6.739199e+00 1.071515e-25
6.741407e+00 1.071515e-25
6.743614e+00 1.071515e-25
6.745822e+00 1.071515e-25
6.748029e+00 1.071515e-25
6.750237e+00 1.071787e-25
6.752444e+00 1.071787e-25
6.754651e+00 1.071787e-25
6.756859e+00 1.071787e-25
6.759066e+00 1.072177e-25
6.761274e+00 1.072177e-25
6.763481e+00 1.072177e-25
6.765689e+00 1.072177e-25
6.767896e+00 1.072177e-25
6.770104e+00 1.072608e-25
6.772311e+00 1.072608e-25
6.774518e+00 1.072608e-25
6.776726e+00 1.072608e-25
6.778933e+00 1.072879e-25
6.781141e+00 1.072879e-25
6.783348e+00 1.072879e-25
6.785556e+00 1.072879e-25
6.787763e+00 1.072879e-25
6.789970e+00 1.073315e-25
6.792178e+00 1.073315e-25
6.794385e+00 1.073315e-25
6.796593e+00 1.073315e-25
6.798800e+00 1.073315e-25
6.801008e+00 1.073594e-25
6.803215e+00 1.073594e-25
6.805423e+00 1.073594e-25
6.807630e+00 1.073594e-25
6.809837e+00 1.073888e-25
6.812045e+00 1.073888e-25
6.814252e+00 1.073888e-25
6.816460e+00 1.073888e-25
6.818667e+00 1.073888e-25
6.820875e+00 1.074222e-25
6.823082e+00 1.074222e-25
6.825290e+00 1.074222e-25
6.827497e+00 1.074222e-25
6.829704e+00 1.074603e-25
6.831912e+00 1.074603e-25
6.834119e+00 1.074603e-25
6.836327e+00 1.074603e-25
6.838534e+00 1.074603e-25
6.840742e+00 1.074879e-25
6.842949e+00 1.074879e-25
6.845157e+00 1.074879e-25
6.847364e+00 1.074879e-25
6.849571e+00 1.075124e-25
6.851779e+00 1.075124e-25
6.853986e+00 1.075124e-25
6.856194e+00 1.075124e-25
6.858401e+00 1.075124e-25
6.860609e+00 1.075398e-25
6.862816e+00 1.075398e-25
6.865024e+00 1.075398e-25
6.867231e+00 1.075398e-25
6.869438e+00 1.075634e-25
6.871646e+00 1.075634e-25
6.873853e+00 1.075634e-25
6.876061e+00 1.075634e-25
6.878268e+00 1.075634e-25
6.880476e+00 1.075869e-25
6.882683e+00 1.075869e-25
6.884890e+00 1.075869e-25
6.887098e+00 1.075869e-25
6.889305e+00 1.076078e-25
6.891513e+00 1.076078e-25
6.893720e+00 1.076078e-25
6.895928e+00 1.076078e-25
6.898135e+00 1.076078e-25
6.900343e+00 1.076256e-25
6.902550e+00 1.076256e-25
6.904757e+00 1.076256e-25
6.906965e+00 1.076256e-25
6.909172e+00 1.076598e-25
6.911380e+00 1.076598e-25
6.913587e+00 1.076598e-25
6.915795e+00 1.076598e-25
6.918002e+00 1.076598e-25
6.920210e+00 1.076891e-25
6.922417e+00 1.076891e-25
6.924624e+00 1.076891e-25
6.926832e+00 1.076891e-25
6.929039e+00 1.077040e-25
6.931247e+00 1.077040e-25
6.933454e+00 1.077040e-25
6.935662e+00 1.077040e-25
6.937869e+00 1.077040e-25
6.940077e+00 1.077416e-25
6.942284e+00 1.077416e-25
6.944491e+00 1.077416e-25
6.946699e+00 1.077416e-25
6.948906e+00 1.077684e-25
6.951114e+00 1.077684e-25
6.953321e+00 1.077684e-25
6.955529e+00 1.077684e-25
6.957736e+00 1.077684e-25
6.959943e+00 1.077967e-25
6.962151e+00 1.077967e-25
6.964358e+00 1.077967e-25
6.966566e+00 1.077967e-25
6.968773e+00 1.077967e-25
6.970981e+00 1.078227e-25
6.973188e+00 1.078227e-25
6.975396e+00 1.078227e-25
6.977603e+00 1.078227e-25
6.979810e+00 1.078562e-25
6.982018e+00 1.078562e-25
6.984225e+00 1.078562e-25
6.986433e+00 1.078562e-25
6.988640e+00 1.078562e-25
6.990848e+00 1.078813e-25
6.993055e+00 1.078813e-25
6.995263e+00 1.078813e-25
6.997470e+00 1.078813e-25
6.999677e+00 1.079063e-25
7.001885e+00 1.079063e-25
7.004092e+00 1.079063e-25
7.006300e+00 1.079063e-25
7.008507e+00 1.079063e-25
7.010715e+00 1.079379e-25
7.012922e+00 1.079379e-25
7.015130e+00 1.079379e-25
7.017337e+00 1.079379e-25
7.019544e+00 1.079780e-25
7.021752e+00 1.079780e-25
7.023959e+00 1.079780e-25
7.026167e+00 1.079780e-25
7.028374e+00 1.079780e-25
7.030582e+00 1.079964e-25
7.032789e+00 1.079964e-25
7.034996e+00 1.079964e-25
7.037204e+00 1.079964e-25
7.039411e+00 1.080318e-25
7.041619e+00 1.080318e-25
7.043826e+00 1.080318e-25
7.046034e+00 1.080318e-25
7.048241e+00 1.080318e-25
7.050449e+00 1.080694e-25
7.052656e+00 1.080694e-25
7.054863e+00 1.080694e-25
7.057071e+00 1.080694e-25
7.059278e+00 1.081062e-25
7.061486e+00 1.081062e-25
7.063693e+00 1.081062e-25
7.065901e+00 1.081062e-25
7.068108e+00 1.081062e-25
7.070316e+00 1.081445e-25
7.072523e+00 1.081445e-25
7.074730e+00 1.081445e-25
7.076938e+00 1.081445e-25
7.079145e+00 1.081891e-25
7.081353e+00 1.081891e-25
7.083560e+00 1.081891e-25
7.085768e+00 1.081891e-25
7.087975e+00 1.081891e-25
7.090183e+00 1.082137e-25
7.092390e+00 1.082137e-25
7.094597e+00 1.082137e-25
7.096805e+00 1.082137e-25
7.099012e+00 1.082316e-25
7.101220e+00 1.082316e-25
7.103427e+00 1.082316e-25
7.105635e+00 1.082316e-25
7.107842e+00 1.082316e-25
7.110050e+00 1.082569e-25
7.112257e+00 1.082569e-25
7.114464e+00 1.082569e-25
7.116672e+00 1.082569e-25
7.118879e+00 1.082569e-25
7.121087e+00 1.082826e-25
7.123294e+00 1.082826e-25
7.125502e+00 1.082826e-25
7.127709e+00 1.082826e-25
7.129916e+00 1.083168e-25
7.132124e+00 1.083168e-25
7.134331e+00 1.083168e-25
7.136539e+00 1.083168e-25
7.138746e+00 1.083168e-25
7.140954e+00 1.083463e-25
7.143161e+00 1.083463e-25
7.145369e+00 1.083463e-25
7.147576e+00 1.083463e-25
7.149783e+00 1.083682e-25
7.151991e+00 1.083682e-25
7.154198e+00 1.083682e-25
7.156406e+00 1.083682e-25
7.158613e+00 1.083682e-25
7.160821e+00 1.083956e-25
7.163028e+00 1.083956e-25
7.165236e+00 1.083956e-25
7.167443e+00 1.083956e-25
7.169650e+00 1.084266e-25
7.171858e+00 1.084266e-25
7.174065e+00 1.084266e-25
7.176273e+00 1.084266e-25
7.178480e+00 1.084266e-25
7.180688e+00 1.084494e-25
7.182895e+00 1.084494e-25
7.185103e+00 1.084494e-25
7.187310e+00 1.084494e-25
7.189517e+00 1.084753e-25
7.191725e+00 1.084753e-25
7.193932e+00 1.084753e-25
7.196140e+00 1.084753e-25
7.198347e+00 1.084753e-25
7.200555e+00 1.085049e-25
7.202762e+00 1.085049e-25
7.204969e+00 1.085049e-25
7.207177e+00 1.085049e-25
7.209384e+00 1.085355e-25
7.211592e+00 1.085355e-25
7.213799e+00 1.085355e-25
7.216007e+00 1.085355e-25
7.218214e+00 1.085355e-25
7.220422e+00 1.085810e-25
7.222629e+00 1.085810e-25
7.224836e+00 1.085810e-25
7.227044e+00 1.085810e-25
7.229251e+00 1.086120e-25
7.231459e+00 1.086120e-25
7.233666e+00 1.086120e-25
7.235874e+00 1.086120e-25
7.238081e+00 1.086120e-25
7.240289e+00 1.086262e-25
7.242496e+00 1.086262e-25
7.244703e+00 1.086262e-25
7.246911e+00 1.086262e-25
7.249118e+00 1.086508e-25
7.251326e+00 1.086508e-25
7.253533e+00 1.086508e-25
7.255741e+00 1.086508e-25
7.257948e+00 1.086508e-25
7.260156e+00 1.086665e-25
7.262363e+00 1.086665e-25
7.264570e+00 1.086665e-25
7.266778e+00 1.086665e-25
7.268985e+00 1.086838e-25
7.271193e+00 1.086838e-25
7.273400e+00 1.086838e-25
7.275608e+00 1.086838e-25
7.277815e+00 1.086838e-25
7.280023e+00 1.087061e-25
7.282230e+00 1.087061e-25
7.284437e+00 1.087061e-25
7.286645e+00 1.087061e-25
7.288852e+00 1.087061e-25
7.291060e+00 1.087390e-25
7.293267e+00 1.087390e-25
7.295475e+00 1.087390e-25
7.297682e+00 1.087390e-25
7.299889e+00 1.087650e-25
7.302097e+00 1.087650e-25
7.304304e+00 1.087650e-25
7.306512e+00 1.087650e-25
7.308719e+00 1.087650e-25
7.310927e+00 1.087916e-25
7.313134e+00 1.087916e-25
7.315342e+00 1.087916e-25
7.317549e+00 1.087916e-25
7.319756e+00 1.088051e-25
7.321964e+00 1.088051e-25
7.324171e+00 1.088051e-25
7.326379e+00 1.088051e-25
7.328586e+00 1.088051e-25
7.330794e+00 1.088312e-25
7.333001e+00 1.088312e-25
7.335209e+00 1.088312e-25
7.337416e+00 1.088312e-25
7.339623e+00 1.088514e-25
7.341831e+00 1.088514e-25
7.344038e+00 1.088514e-25
7.346246e+00 1.088514e-25
7.348453e+00 1.088514e-25
7.350661e+00 1.088714e-25
7.352868e+00 1.088714e-25
7.355076e+00 1.088714e-25
7.357283e+00 1.088714e-25
7.359490e+00 1.088941e-25
7.361698e+00 1.088941e-25
7.363905e+00 1.088941e-25
7.366113e+00 1.088941e-25
7.368320e+00 1.088941e-25
7.370528e+00 1.089139e-25
7.372735e+00 1.089139e-25
7.374942e+00 1.089139e-25
7.377150e+00 1.089139e-25
7.379357e+00 1.089381e-25
7.381565e+00 1.089381e-25
7.383772e+00 1.089381e-25
7.385980e+00 1.089381e-25
7.388187e+00 1.089381e-25
7.390395e+00 1.089651e-25
7.392602e+00 1.089651e-25
7.394809e+00 1.089651e-25
7.397017e+00 1.089651e-25
7.399224e+00 1.089848e-25
7.401432e+00 1.089848e-25
7.403639e+00 1.089848e-25
7.405847e+00 1.089848e-25
7.408054e+00 1.089848e-25
7.410262e+00 1.090109e-25
7.412469e+00 1.090109e-25
7.414676e+00 1.090109e-25
7.416884e+00 1.090109e-25
7.419091e+00 1.090352e-25
7.421299e+00 1.090352e-25
7.423506e+00 1.090352e-25
7.425714e+00 1.090352e-25
7.427921e+00 1.090352e-25
7.430129e+00 1.090606e-25
7.432336e+00 1.090606e-25
7.434543e+00 1.090606e-25
7.436751e+00 1.090606e-25
7.438958e+00 1.090858e-25
7.441166e+00 1.090858e-25
7.443373e+00 1.090858e-25
7.445581e+00 1.090858e-25
7.447788e+00 1.090858e-25
7.449995e+00 1.090977e-25
7.452203e+00 1.090977e-25
7.454410e+00 1.090977e-25
7.456618e+00 1.090977e-25
7.458825e+00 1.090977e-25
7.461033e+00 1.091290e-25
7.463240e+00 1.091290e-25
7.465448e+00 1.091290e-25
7.467655e+00 1.091290e-25
7.469862e+00 1.091568e-25
7.472070e+00 1.091568e-25
7.474277e+00 1.091568e-25
7.476485e+00 1.091568e-25
7.478692e+00 1.091568e-25
7.480900e+00 1.091798e-25
7.483107e+00 1.091798e-25
7.485315e+00 1.091798e-25
7.487522e+00 1.091798e-25
7.489729e+00 1.092016e-25
7.491937e+00 1.092016e-25
7.494144e+00 1.092016e-25
7.496352e+00 1.092016e-25
7.498559e+00 1.092016e-25
7.500767e+00 1.092289e-25
7.502974e+00 1.092289e-25
7.505182e+00 1.092289e-25
7.507389e+00 1.092289e-25
7.509596e+00 1.092717e-25
7.511804e+00 1.092717e-25
7.514011e+00 1.092717e-25
7.516219e+00 1.092717e-25
7.518426e+00 1.092717e-25
7.520634e+00 1.092899e-25
7.522841e+00 1.092899e-25
7.525049e+00 1.092899e-25
7.527256e+00 1.092899e-25
7.529463e+00 1.093207e-25
7.531671e+00 1.093207e-25
7.533878e+00 1.093207e-25
7.536086e+00 1.093207e-25
7.538293e+00 1.093207e-25
7.540501e+00 1.093403e-25
7.542708e+00 1.093403e-25
7.544915e+00 1.093403e-25
7.547123e+00 1.093403e-25
7.549330e+00 1.093789e-25
7.551538e+00 1.093789e-25
7.553745e+00 1.093789e-25
7.555953e+00 1.093789e-25
7.558160e+00 1.093789e-25
7.560368e+00 1.094049e-25
7.562575e+00 1.094049e-25
7.564782e+00 1.094049e-25
7.566990e+00 1.094049e-25
7.569197e+00 1.094389e-25
7.571405e+00 1.094389e-25
7.573612e+00 1.094389e-25
7.575820e+00 1.094389e-25
7.578027e+00 1.094389e-25
7.580235e+00 1.094708e-25
7.582442e+00 1.094708e-25
7.584649e+00 1.094708e-25
7.586857e+00 1.094708e-25
7.589064e+00 1.094910e-25
7.591272e+00 1.094910e-25
7.593479e+00 1.094910e-25
7.595687e+00 1.094910e-25
7.597894e+00 1.094910e-25
7.600102e+00 1.095185e-25
7.602309e+00 1.095185e-25
7.604516e+00 1.095185e-25
7.606724e+00 1.095185e-25
7.608931e+00 1.095391e-25
7.611139e+00 1.095391e-25
7.613346e+00 1.095391e-25
7.615554e+00 1.095391e-25
7.617761e+00 1.095391e-25
7.619968e+00 1.095619e-25
7.622176e+00 1.095619e-25
7.624383e+00 1.095619e-25
7.626591e+00 1.095619e-25
7.628798e+00 1.095619e-25
7.631006e+00 1.095833e-25
7.633213e+00 1.095833e-25
7.635421e+00 1.095833e-25
7.637628e+00 1.095833e-25
7.639835e+00 1.096071e-25
7.642043e+00 1.096071e-25
7.644250e+00 1.096071e-25
7.646458e+00 1.096071e-25
7.648665e+00 1.096071e-25
7.650873e+00 1.096371e-25
7.653080e+00 1.096371e-25
7.655288e+00 1.096371e-25
7.657495e+00 1.096371e-25
7.659702e+00 1.096737e-25
7.661910e+00 1.096737e-25
7.664117e+00 1.096737e-25
7.666325e+00 1.096737e-25
7.668532e+00 1.096737e-25
7.670740e+00 1.097021e-25
7.672947e+00 1.097021e-25
7.675155e+00 1.097021e-25
7.677362e+00 1.097021e-25
7.679569e+00 1.097275e-25
7.681777e+00 1.097275e-25
7.683984e+00 1.097275e-25
7.686192e+00 1.097275e-25
7.688399e+00 1.097275e-25
7.690607e+00 1.097480e-25
7.692814e+00 1.097480e-25
7.695022e+00 1.097480e-25
7.697229e+00 1.097480e-25
7.699436e+00 1.097649e-25
7.701644e+00 1.097649e-25
7.703851e+00 1.097649e-25
7.706059e+00 1.097649e-25
7.708266e+00 1.097649e-25
7.710474e+00 1.097987e-25
7.712681e+00 1.097987e-25
7.714888e+00 1.097987e-25
7.717096e+00 1.097987e-25
7.719303e+00 1.098138e-25
7.721511e+00 1.098138e-25
7.723718e+00 1.098138e-25
7.725926e+00 1.098138e-25
7.728133e+00 1.098138e-25
7.730341e+00 1.098392e-25
7.732548e+00 1.098392e-25
7.734755e+00 1.098392e-25
7.736963e+00 1.098392e-25
7.739170e+00 1.098641e-25
7.741378e+00 1.098641e-25
7.743585e+00 1.098641e-25
7.745793e+00 1.098641e-25
7.748000e+00 1.098641e-25
7.750208e+00 1.098888e-25
7.752415e+00 1.098888e-25
7.754622e+00 1.098888e-25
7.756830e+00 1.098888e-25
7.759037e+00 1.099121e-25
7.761245e+00 1.099121e-25
7.763452e+00 1.099121e-25
7.765660e+00 1.099121e-25
7.767867e+00 1.099121e-25
7.770075e+00 1.099316e-25
7.772282e+00 1.099316e-25
7.774489e+00 1.099316e-25
7.776697e+00 1.099316e-25
7.778904e+00 1.099662e-25
7.781112e+00 1.099662e-25
7.783319e+00 1.099662e-25
7.785527e+00 1.099662e-25
7.787734e+00 1.099662e-25
7.789941e+00 1.099855e-25
7.792149e+00 1.099855e-25
7.794356e+00 1.099855e-25
7.796564e+00 1.099855e-25
7.798771e+00 1.099855e-25
7.800979e+00 1.100043e-25
7.803186e+00 1.100043e-25
7.805394e+00 1.100043e-25
7.807601e+00 1.100043e-25
7.809808e+00 1.100355e-25
7.812016e+00 1.100355e-25
7.814223e+00 1.100355e-25
7.816431e+00 1.100355e-25
7.818638e+00 1.100355e-25
7.820846e+00 1.100603e-25
7.823053e+00 1.100603e-25
7.825261e+00 1.100603e-25
7.827468e+00 1.100603e-25
7.829675e+00 1.100775e-25
7.831883e+00 1.100775e-25
7.834090e+00 1.100775e-25
7.836298e+00 1.100775e-25
7.838505e+00 1.100775e-25
7.840713e+00 1.101064e-25
7.842920e+00 1.101064e-25
7.845128e+00 1.101064e-25
7.847335e+00 1.101064e-25
7.849542e+00 1.101308e-25
7.851750e+00 1.101308e-25
7.853957e+00 1.101308e-25
7.856165e+00 1.101308e-25
7.858372e+00 1.101308e-25
7.860580e+00 1.101671e-25
7.862787e+00 1.101671e-25
7.864994e+00 1.101671e-25
7.867202e+00 1.101671e-25
7.869409e+00 1.102008e-25
7.871617e+00 1.102008e-25
7.873824e+00 1.102008e-25
7.876032e+00 1.102008e-25
7.878239e+00 1.102008e-25
7.880447e+00 1.102309e-25
7.882654e+00 1.102309e-25
7.884861e+00 1.102309e-25
7.887069e+00 1.102309e-25
7.889276e+00 1.102607e-25
7.891484e+00 1.102607e-25
7.893691e+00 1.102607e-25
7.895899e+00 1.102607e-25
7.898106e+00 1.102607e-25
7.900314e+00 1.102759e-25
7.902521e+00 1.102759e-25
7.904728e+00 1.102759e-25
7.906936e+00 1.102759e-25
7.909143e+00 1.103062e-25
7.911351e+00 1.103062e-25
7.913558e+00 1.103062e-25
7.915766e+00 1.103062e-25
7.917973e+00 1.103062e-25
7.920181e+00 1.103390e-25
7.922388e+00 1.103390e-25
7.924595e+00 1.103390e-25
7.926803e+00 1.103390e-25
7.929010e+00 1.103645e-25
7.931218e+00 1.103645e-25
7.933425e+00 1.103645e-25
7.935633e+00 1.103645e-25
7.937840e+00 1.103645e-25
7.940048e+00 1.103876e-25
7.942255e+00 1.103876e-25
7.944462e+00 1.103876e-25
7.946670e+00 1.103876e-25
7.948877e+00 1.103876e-25
7.951085e+00 1.104173e-25
7.953292e+00 1.104173e-25
7.955500e+00 1.104173e-25
7.957707e+00 1.104173e-25
7.959914e+00 1.104395e-25
7.962122e+00 1.104395e-25
7.964329e+00 1.104395e-25
7.966537e+00 1.104395e-25
7.968744e+00 1.104395e-25
7.970952e+00 1.104587e-25
7.973159e+00 1.104587e-25
7.975367e+00 1.104587e-25
7.977574e+00 1.104587e-25
7.979781e+00 1.104885e-25
7.981989e+00 1.104885e-25
7.984196e+00 1.104885e-25
7.986404e+00 1.104885e-25
7.988611e+00 1.104885e-25
7.990819e+00 1.105091e-25
7.993026e+00 1.105091e-25
7.995234e+00 1.105091e-25
7.997441e+00 1.105091e-25
7.999648e+00 1.105386e-25
8.001856e+00 1.105386e-25
8.004063e+00 1.105386e-25
8.006271e+00 1.105386e-25
8.008478e+00 1.105386e-25
8.010686e+00 1.105819e-25
8.012893e+00 1.105819e-25
8.015101e+00 1.105819e-25
8.017308e+00 1.105819e-25
8.019515e+00 1.106078e-25
8.021723e+00 1.106078e-25
8.023930e+00 1.106078e-25
8.026138e+00 1.106078e-25
8.028345e+00 1.106078e-25
8.030553e+00 1.106243e-25
8.032760e+00 1.106243e-25
8.034967e+00 1.106243e-25
8.037175e+00 1.106243e-25
8.039382e+00 1.106430e-25
8.041590e+00 1.106430e-25
8.043797e+00 1.106430e-25
8.046005e+00 1.106430e-25
8.048212e+00 1.106430e-25
8.050420e+00 1.106665e-25
8.052627e+00 1.106665e-25
8.054834e+00 1.106665e-25
8.057042e+00 1.106665e-25
8.059249e+00 1.106816e-25
8.061457e+00 1.106816e-25
8.063664e+00 1.106816e-25
8.065872e+00 1.106816e-25
8.068079e+00 1.106816e-25
8.070287e+00 1.107016e-25
8.072494e+00 1.107016e-25
8.074701e+00 1.107016e-25
8.076909e+00 1.107016e-25
8.079116e+00 1.107225e-25
8.081324e+00 1.107225e-25
8.083531e+00 1.107225e-25
8.085739e+00 1.107225e-25
8.087946e+00 1.107225e-25
8.090154e+00 1.107399e-25
8.092361e+00 1.107399e-25
8.094568e+00 1.107399e-25
8.096776e+00 1.107399e-25
8.098983e+00 1.107573e-25
8.101191e+00 1.107573e-25
8.103398e+00 1.107573e-25
8.105606e+00 1.107573e-25
8.107813e+00 1.107573e-25
8.110021e+00 1.107852e-25
8.112228e+00 1.107852e-25
8.114435e+00 1.107852e-25
8.116643e+00 1.107852e-25
8.118850e+00 1.107852e-25
8.121058e+00 1.108026e-25
8.123265e+00 1.108026e-25
8.125473e+00 1.108026e-25
8.127680e+00 1.108026e-25
8.129887e+00 1.108283e-25
8.132095e+00 1.108283e-25
8.134302e+00 1.108283e-25
8.136510e+00 1.108283e-25
8.138717e+00 1.108283e-25
8.140925e+00 1.108586e-25
8.143132e+00 1.108586e-25
8.145340e+00 1.108586e-25
8.147547e+00 1.108586e-25
8.149754e+00 1.108747e-25
8.151962e+00 1.108747e-25
8.154169e+00 1.108747e-25
8.156377e+00 1.108747e-25
8.158584e+00 1.108747e-25
8.160792e+00 1.108895e-25
8.162999e+00 1.108895e-25
8.165207e+00 1.108895e-25
8.167414e+00 1.108895e-25
8.169621e+00 1.109046e-25
8.171829e+00 1.109046e-25
8.174036e+00 1.109046e-25
8.176244e+00 1.109046e-25
8.178451e+00 1.109046e-25
8.180659e+00 1.109163e-25
8.182866e+00 1.109163e-25
8.185074e+00 1.109163e-25
8.187281e+00 1.109163e-25
8.189488e+00 1.109338e-25
8.191696e+00 1.109338e-25
8.193903e+00 1.109338e-25
8.196111e+00 1.109338e-25
8.198318e+00 1.109338e-25
8.200526e+00 1.109620e-25
8.202733e+00 1.109620e-25
8.204940e+00 1.109620e-25
8.207148e+00 1.109620e-25
8.209355e+00 1.109789e-25
8.211563e+00 1.109789e-25
8.213770e+00 1.109789e-25
8.215978e+00 1.109789e-25
8.218185e+00 1.109789e-25
8.220393e+00 1.109981e-25
8.222600e+00 1.109981e-25
8.224807e+00 1.109981e-25
8.227015e+00 1.109981e-25
8.229222e+00 1.110225e-25
8.231430e+00 1.110225e-25
8.233637e+00 1.110225e-25
8.235845e+00 1.110225e-25
8.238052e+00 1.110225e-25
8.240260e+00 1.110593e-25
8.242467e+00 1.110593e-25
8.244674e+00 1.110593e-25
8.246882e+00 1.110593e-25
8.249089e+00 1.110888e-25
8.251297e+00 1.110888e-25
8.253504e+00 1.110888e-25
8.255712e+00 1.110888e-25
8.257919e+00 1.110888e-25
8.260127e+00 1.111123e-25
8.262334e+00 1.111123e-25
8.264541e+00 1.111123e-25
8.266749e+00 1.111123e-25
8.268956e+00 1.111400e-25
8.271164e+00 1.111400e-25
8.273371e+00 1.111400e-25
8.275579e+00 1.111400e-25
8.277786e+00 1.111400e-25
8.279993e+00 1.111687e-25
8.282201e+00 1.111687e-25
8.284408e+00 1.111687e-25
8.286616e+00 1.111687e-25
8.288823e+00 1.111687e-25
8.291031e+00 1.111842e-25
8.293238e+00 1.111842e-25
8.295446e+00 1.111842e-25
8.297653e+00 1.111842e-25
8.299860e+00 1.112170e-25
8.302068e+00 1.112170e-25
8.304275e+00 1.112170e-25
8.306483e+00 1.112170e-25
8.308690e+00 1.112170e-25
8.310898e+00 1.112405e-25
8.313105e+00 1.112405e-25
8.315313e+00 1.112405e-25
8.317520e+00 1.112405e-25
8.319727e+00 1.112557e-25
8.321935e+00 1.112557e-25
8.324142e+00 1.112557e-25
8.326350e+00 1.112557e-25
8.328557e+00 1.112557e-25
8.330765e+00 1.112750e-25
8.332972e+00 1.112750e-25
8.335180e+00 1.112750e-25
8.337387e+00 1.112750e-25
8.339594e+00 1.112957e-25
8.341802e+00 1.112957e-25
8.344009e+00 1.112957e-25
8.346217e+00 1.112957e-25
8.348424e+00 1.112957e-25
8.350632e+00 1.113156e-25
8.352839e+00 1.113156e-25
8.355047e+00 1.113156e-25
8.357254e+00 1.113156e-25
8.359461e+00 1.113341e-25
8.361669e+00 1.113341e-25
8.363876e+00 1.113341e-25
8.366084e+00 1.113341e-25
8.368291e+00 1.113341e-25
8.370499e+00 1.113562e-25
8.372706e+00 1.113562e-25
8.374913e+00 1.113562e-25
8.377121e+00 1.113562e-25
8.379328e+00 1.113802e-25
8.381536e+00 1.113802e-25
8.383743e+00 1.113802e-25
8.385951e+00 1.113802e-25
8.388158e+00 1.113802e-25
8.390366e+00 1.114091e-25
8.392573e+00 1.114091e-25
8.394780e+00 1.114091e-25
8.396988e+00 1.114091e-25
8.399195e+00 1.114419e-25
8.401403e+00 1.114419e-25
8.403610e+00 1.114419e-25
8.405818e+00 1.114419e-25
8.408025e+00 1.114419e-25
8.410233e+00 1.114641e-25
8.412440e+00 1.114641e-25
8.414647e+00 1.114641e-25
8.416855e+00 1.114641e-25
8.419062e+00 1.114836e-25
8.421270e+00 1.114836e-25
8.423477e+00 1.114836e-25
8.425685e+00 1.114836e-25
8.427892e+00 1.114836e-25
8.430100e+00 1.115103e-25
8.432307e+00 1.115103e-25
8.434514e+00 1.115103e-25
8.436722e+00 1.115103e-25
8.438929e+00 1.115299e-25
8.441137e+00 1.115299e-25
8.443344e+00 1.115299e-25
8.445552e+00 1.115299e-25
8.447759e+00 1.115299e-25
8.449966e+00 1.115614e-25
8.452174e+00 1.115614e-25
8.454381e+00 1.115614e-25
8.456589e+00 1.115614e-25
8.458796e+00 1.115614e-25
8.461004e+00 1.115800e-25
8.463211e+00 1.115800e-25
8.465419e+00 1.115800e-25
8.467626e+00 1.115800e-25
8.469833e+00 1.116033e-25
8.472041e+00 1.116033e-25
8.474248e+00 1.116033e-25
8.476456e+00 1.116033e-25
8.478663e+00 1.116033e-25
8.480871e+00 1.116151e-25
8.483078e+00 1.116151e-25
8.485286e+00 1.116151e-25
8.487493e+00 1.116151e-25
8.489700e+00 1.116319e-25
8.491908e+00 1.116319e-25
8.494115e+00 1.116319e-25
8.496323e+00 1.116319e-25
8.498530e+00 1.116319e-25
8.500738e+00 1.116538e-25
8.502945e+00 1.116538e-25
8.505153e+00 1.116538e-25
8.507360e+00 1.116538e-25
8.509567e+00 1.116744e-25
8.511775e+00 1.116744e-25
8.513982e+00 1.116744e-25
8.516190e+00 1.116744e-25
8.518397e+00 1.116744e-25
8.520605e+00 1.116893e-25
8.522812e+00 1.116893e-25
8.525020e+00 1.116893e-25
8.527227e+00 1.116893e-25
8.529434e+00 1.117114e-25
8.531642e+00 1.117114e-25
8.533849e+00 1.117114e-25
8.536057e+00 1.117114e-25
8.538264e+00 1.117114e-25
8.540472e+00 1.117412e-25
8.542679e+00 1.117412e-25
8.544886e+00 1.117412e-25
8.547094e+00 1.117412e-25
8.549301e+00 1.117636e-25
8.551509e+00 1.117636e-25
8.553716e+00 1.117636e-25
8.555924e+00 1.117636e-25
8.558131e+00 1.117636e-25
8.560339e+00 1.117889e-25
8.562546e+00 1.117889e-25
8.564753e+00 1.117889e-25
8.566961e+00 1.117889e-25
8.569168e+00 1.118117e-25
8.571376e+00 1.118117e-25
8.573583e+00 1.118117e-25
8.575791e+00 1.118117e-25
8.577998e+00 1.118117e-25
8.580206e+00 1.118471e-25
8.582413e+00 1.118471e-25
8.584620e+00 1.118471e-25
8.586828e+00 1.118471e-25
8.589035e+00 1.118694e-25
8.591243e+00 1.118694e-25
8.593450e+00 1.118694e-25
8.595658e+00 1.118694e-25
8.597865e+00 1.118694e-25
8.600073e+00 1.118998e-25
8.602280e+00 1.118998e-25
8.604487e+00 1.118998e-25
8.606695e+00 1.118998e-25
8.608902e+00 1.119195e-25
8.611110e+00 1.119195e-25
8.613317e+00 1.119195e-25
8.615525e+00 1.119195e-25
8.617732e+00 1.119195e-25
8.619939e+00 1.119389e-25
8.622147e+00 1.119389e-25
8.624354e+00 1.119389e-25
8.626562e+00 1.119389e-25
8.628769e+00 1.119389e-25
8.630977e+00 1.119520e-25
8.633184e+00 1.119520e-25
8.635392e+00 1.119520e-25
8.637599e+00 1.119520e-25
8.639806e+00 1.119765e-25
8.642014e+00 1.119765e-25
8.644221e+00 1.119765e-25
8.646429e+00 1.119765e-25
8.648636e+00 1.119765e-25
8.650844e+00 1.119903e-25
8.653051e+00 1.119903e-25
8.655259e+00 1.119903e-25
8.657466e+00 1.119903e-25
8.659673e+00 1.120041e-25
8.661881e+00 1.120041e-25
8.664088e+00 1.120041e-25
8.666296e+00 1.120041e-25
8.668503e+00 1.120041e-25
8.670711e+00 1.120090e-25
8.672918e+00 1.120090e-25
8.675126e+00 1.120090e-25
8.677333e+00 1.120090e-25
8.679540e+00 1.120303e-25
8.681748e+00 1.120303e-25
8.683955e+00 1.120303e-25
8.686163e+00 1.120303e-25
8.688370e+00 1.120303e-25
8.690578e+00 1.120551e-25
8.692785e+00 1.120551e-25
8.694992e+00 1.120551e-25
8.697200e+00 1.120551e-25
8.699407e+00 1.120746e-25
8.701615e+00 1.120746e-25
8.703822e+00 1.120746e-25
8.706030e+00 1.120746e-25
8.708237e+00 1.120746e-25
8.710445e+00 1.120972e-25
8.712652e+00 1.120972e-25
8.714859e+00 1.120972e-25
8.717067e+00 1.120972e-25
8.719274e+00 1.121174e-25
8.721482e+00 1.121174e-25
8.723689e+00 1.121174e-25
8.725897e+00 1.121174e-25
8.728104e+00 1.121174e-25
8.730312e+00 1.121298e-25
8.732519e+00 1.121298e-25
8.734726e+00 1.121298e-25
8.736934e+00 1.121298e-25
8.739141e+00 1.121564e-25
8.741349e+00 1.121564e-25
8.743556e+00 1.121564e-25
8.745764e+00 1.121564e-25
8.747971e+00 1.121564e-25
8.750179e+00 1.121763e-25
8.752386e+00 1.121763e-25
8.754593e+00 1.121763e-25
8.756801e+00 1.121763e-25
8.759008e+00 1.122004e-25
8.761216e+00 1.122004e-25
8.763423e+00 1.122004e-25
8.765631e+00 1.122004e-25
8.767838e+00 1.122004e-25
8.770046e+00 1.122172e-25
8.772253e+00 1.122172e-25
8.774460e+00 1.122172e-25
8.776668e+00 1.122172e-25
8.778875e+00 1.122172e-25
8.781083e+00 1.122334e-25
8.783290e+00 1.122334e-25
8.785498e+00 1.122334e-25
8.787705e+00 1.122334e-25
8.789912e+00 1.122542e-25
8.792120e+00 1.122542e-25
8.794327e+00 1.122542e-25
8.796535e+00 1.122542e-25
8.798742e+00 1.122542e-25
8.800950e+00 1.122779e-25
8.803157e+00 1.122779e-25
8.805365e+00 1.122779e-25
8.807572e+00 1.122779e-25
8.809779e+00 1.122976e-25
8.811987e+00 1.122976e-25
8.814194e+00 1.122976e-25
8.816402e+00 1.122976e-25
8.818609e+00 1.122976e-25
8.820817e+00 1.123152e-25
8.823024e+00 1.123152e-25
8.825232e+00 1.123152e-25
8.827439e+00 1.123152e-25
8.829646e+00 1.123427e-25
8.831854e+00 1.123427e-25
8.834061e+00 1.123427e-25
8.836269e+00 1.123427e-25
8.838476e+00 1.123427e-25
8.840684e+00 1.123683e-25
8.842891e+00 1.123683e-25
8.845099e+00 1.123683e-25
8.847306e+00 1.123683e-25
8.849513e+00 1.123851e-25
8.851721e+00 1.123851e-25
8.853928e+00 1.123851e-25
8.856136e+00 1.123851e-25
8.858343e+00 1.123851e-25
8.860551e+00 1.124053e-25
8.862758e+00 1.124053e-25
8.864965e+00 1.124053e-25
8.867173e+00 1.124053e-25
8.869380e+00 1.124126e-25
8.871588e+00 1.124126e-25
8.873795e+00 1.124126e-25
8.876003e+00 1.124126e-25
8.878210e+00 1.124126e-25
8.880418e+00 1.124255e-25
8.882625e+00 1.124255e-25
8.884832e+00 1.124255e-25
8.887040e+00 1.124255e-25
8.889247e+00 1.124474e-25
8.891455e+00 1.124474e-25
8.893662e+00 1.124474e-25
8.895870e+00 1.124474e-25
8.898077e+00 1.124474e-25
8.900285e+00 1.124645e-25
8.902492e+00 1.124645e-25
8.904699e+00 1.124645e-25
8.906907e+00 1.124645e-25
8.909114e+00 1.124801e-25
8.911322e+00 1.124801e-25
8.913529e+00 1.124801e-25
8.915737e+00 1.124801e-25
8.917944e+00 1.124801e-25
8.920152e+00 1.125020e-25
8.922359e+00 1.125020e-25
8.924566e+00 1.125020e-25
8.926774e+00 1.125020e-25
8.928981e+00 1.125200e-25
8.931189e+00 1.125200e-25
8.933396e+00 1.125200e-25
8.935604e+00 1.125200e-25
8.937811e+00 1.125200e-25
8.940019e+00 1.125448e-25
8.942226e+00 1.125448e-25
8.944433e+00 1.125448e-25
8.946641e+00 1.125448e-25
8.948848e+00 1.125448e-25
8.951056e+00 1.125584e-25
8.953263e+00 1.125584e-25
8.955471e+00 1.125584e-25
8.957678e+00 1.125584e-25
8.959885e+00 1.125749e-25
8.962093e+00 1.125749e-25
8.964300e+00 1.125749e-25
8.966508e+00 1.125749e-25
8.968715e+00 1.125749e-25
8.970923e+00 1.125944e-25
8.973130e+00 1.125944e-25
8.975338e+00 1.125944e-25
8.977545e+00 1.125944e-25
8.979752e+00 1.126165e-25
8.981960e+00 1.126165e-25
8.984167e+00 1.126165e-25
8.986375e+00 1.126165e-25
8.988582e+00 1.126165e-25
8.990790e+00 1.126415e-25
8.992997e+00 1.126415e-25
8.995205e+00 1.126415e-25
8.997412e+00 1.126415e-25
8.999619e+00 1.126554e-25
9.001827e+00 1.126554e-25
9.004034e+00 1.126554e-25
9.006242e+00 1.126554e-25
9.008449e+00 1.126554e-25
9.010657e+00 1.126687e-25
9.012864e+00 1.126687e-25
9.015072e+00 1.126687e-25
9.017279e+00 1.126687e-25
9.019486e+00 1.126846e-25
9.021694e+00 1.126846e-25
9.023901e+00 1.126846e-25
9.026109e+00 1.126846e-25
9.028316e+00 1.126846e-25
9.030524e+00 1.126944e-25
9.032731e+00 1.126944e-25
9.034938e+00 1.126944e-25
9.037146e+00 1.126944e-25
9.039353e+00 1.127128e-25
9.041561e+00 1.127128e-25
9.043768e+00 1.127128e-25
9.045976e+00 1.127128e-25
9.048183e+00 1.127128e-25
9.050391e+00 1.127316e-25
9.052598e+00 1.127316e-25
9.054805e+00 1.127316e-25
9.057013e+00 1.127316e-25
9.059220e+00 1.127519e-25
9.061428e+00 1.127519e-25
9.063635e+00 1.127519e-25
9.065843e+00 1.127519e-25
9.068050e+00 1.127519e-25
9.070258e+00 1.127691e-25
9.072465e+00 1.127691e-25
9.074672e+00 1.127691e-25
9.076880e+00 1.127691e-25
9.079087e+00 1.127871e-25
9.081295e+00 1.127871e-25
9.083502e+00 1.127871e-25
9.085710e+00 1.127871e-25
9.087917e+00 1.127871e-25
9.090125e+00 1.128015e-25
9.092332e+00 1.128015e-25
9.094539e+00 1.128015e-25
9.096747e+00 1.128015e-25
9.098954e+00 1.128220e-25
9.101162e+00 1.128220e-25
9.103369e+00 1.128220e-25
9.105577e+00 1.128220e-25
9.107784e+00 1.128220e-25
9.109991e+00 1.128447e-25
9.112199e+00 1.128447e-25
9.114406e+00 1.128447e-25
9.116614e+00 1.128447e-25
9.118821e+00 1.128447e-25
9.121029e+00 1.128632e-25
9.123236e+00 1.128632e-25
9.125444e+00 1.128632e-25
9.127651e+00 1.128632e-25
9.129858e+00 1.128748e-25
9.132066e+00 1.128748e-25
9.134273e+00 1.128748e-25
9.136481e+00 1.128748e-25
9.138688e+00 1.128748e-25
9.140896e+00 1.128881e-25
9.143103e+00 1.128881e-25
9.145311e+00 1.128881e-25
9.147518e+00 1.128881e-25
9.149725e+00 1.129038e-25
9.151933e+00 1.129038e-25
9.154140e+00 1.129038e-25
9.156348e+00 1.129038e-25
9.158555e+00 1.129038e-25
9.160763e+00 1.129226e-25
9.162970e+00 1.129226e-25
9.165178e+00 1.129226e-25
9.167385e+00 1.129226e-25
9.169592e+00 1.129376e-25
9.171800e+00 1.129376e-25
9.174007e+00 1.129376e-25
9.176215e+00 1.129376e-25
9.178422e+00 1.129376e-25
9.180630e+00 1.129586e-25
9.182837e+00 1.129586e-25
9.185045e+00 1.129586e-25
9.187252e+00 1.129586e-25
9.189459e+00 1.129781e-25
9.191667e+00 1.129781e-25
9.193874e+00 1.129781e-25
9.196082e+00 1.129781e-25
9.198289e+00 1.129781e-25
9.200497e+00 1.129944e-25
9.202704e+00 1.129944e-25
9.204911e+00 1.129944e-25
9.207119e+00 1.129944e-25
9.209326e+00 1.130108e-25
9.211534e+00 1.130108e-25
9.213741e+00 1.130108e-25
9.215949e+00 1.130108e-25
9.218156e+00 1.130108e-25
9.220364e+00 1.130304e-25
9.222571e+00 1.130304e-25
9.224778e+00 1.130304e-25
9.226986e+00 1.130304e-25
9.229193e+00 1.130498e-25
9.231401e+00 1.130498e-25
9.233608e+00 1.130498e-25
9.235816e+00 1.130498e-25
9.238023e+00 1.130498e-25
9.240231e+00 1.130674e-25
9.242438e+00 1.130674e-25
9.244645e+00 1.130674e-25
9.246853e+00 1.130674e-25
9.249060e+00 1.130849e-25
9.251268e+00 1.130849e-25
9.253475e+00 1.130849e-25
9.255683e+00 1.130849e-25
9.257890e+00 1.130849e-25
9.260098e+00 1.131034e-25
9.262305e+00 1.131034e-25
9.264512e+00 1.131034e-25
9.266720e+00 1.131034e-25
9.268927e+00 1.131165e-25
9.271135e+00 1.131165e-25
9.273342e+00 1.131165e-25
9.275550e+00 1.131165e-25
9.277757e+00 1.131165e-25
9.279964e+00 1.131320e-25
9.282172e+00 1.131320e-25
9.284379e+00 1.131320e-25
9.286587e+00 1.131320e-25
9.288794e+00 1.131320e-25
9.291002e+00 1.131534e-25
9.293209e+00 1.131534e-25
9.295417e+00 1.131534e-25
9.297624e+00 1.131534e-25
9.299831e+00 1.131735e-25
9.302039e+00 1.131735e-25
9.304246e+00 1.131735e-25
9.306454e+00 1.131735e-25
9.308661e+00 1.131735e-25
9.310869e+00 1.131804e-25
9.313076e+00 1.131804e-25
9.315284e+00 1.131804e-25
9.317491e+00 1.131804e-25
9.319698e+00 1.131909e-25
9.321906e+00 1.131909e-25
9.324113e+00 1.131909e-25
9.326321e+00 1.131909e-25
9.328528e+00 1.131909e-25
9.330736e+00 1.132087e-25
9.332943e+00 1.132087e-25
9.335151e+00 1.132087e-25
9.337358e+00 1.132087e-25
9.339565e+00 1.132195e-25
9.341773e+00 1.132195e-25
9.343980e+00 1.132195e-25
9.346188e+00 1.132195e-25
9.348395e+00 1.132195e-25
9.350603e+00 1.132388e-25
9.352810e+00 1.132388e-25
9.355018e+00 1.132388e-25
9.357225e+00 1.132388e-25
9.359432e+00 1.132539e-25
9.361640e+00 1.132539e-25
9.363847e+00 1.132539e-25
9.366055e+00 1.132539e-25
9.368262e+00 1.132539e-25
9.370470e+00 1.132661e-25
9.372677e+00 1.132661e-25
9.374884e+00 1.132661e-25
9.377092e+00 1.132661e-25
9.379299e+00 1.132833e-25
9.381507e+00 1.132833e-25
9.383714e+00 1.132833e-25
9.385922e+00 1.132833e-25
9.388129e+00 1.132833e-25
9.390337e+00 1.133027e-25
9.392544e+00 1.133027e-25
9.394751e+00 1.133027e-25
9.396959e+00 1.133027e-25
9.399166e+00 1.133155e-25
9.401374e+00 1.133155e-25
9.403581e+00 1.133155e-25
9.405789e+00 1.133155e-25
9.407996e+00 1.133155e-25
9.410204e+00 1.133308e-25
9.412411e+00 1.133308e-25
9.414618e+00 1.133308e-25
9.416826e+00 1.133308e-25
9.419033e+00 1.133465e-25
9.421241e+00 1.133465e-25
9.423448e+00 1.133465e-25
9.425656e+00 1.133465e-25
9.427863e+00 1.133465e-25
9.430071e+00 1.133549e-25
9.432278e+00 1.133549e-25
9.434485e+00 1.133549e-25
9.436693e+00 1.133549e-25
9.438900e+00 1.133727e-25
9.441108e+00 1.133727e-25
9.443315e+00 1.133727e-25
9.445523e+00 1.133727e-25
9.447730e+00 1.133727e-25
9.449937e+00 1.133898e-25
9.452145e+00 1.133898e-25
9.454352e+00 1.133898e-25
9.456560e+00 1.133898e-25
9.458767e+00 1.133898e-25
9.460975e+00 1.133986e-25
9.463182e+00 1.133986e-25
9.465390e+00 1.133986e-25
9.467597e+00 1.133986e-25
9.469804e+00 1.134243e-25
9.472012e+00 1.134243e-25
9.474219e+00 1.134243e-25
9.476427e+00 1.134243e-25
9.478634e+00 1.134243e-25
9.480842e+00 1.134409e-25
9.483049e+00 1.134409e-25
9.485257e+00 1.134409e-25
9.487464e+00 1.134409e-25
9.489671e+00 1.134543e-25
9.491879e+00 1.134543e-25
9.494086e+00 1.134543e-25
9.496294e+00 1.134543e-25
9.498501e+00 1.134543e-25
9.500709e+00 1.134637e-25
9.502916e+00 1.134637e-25
9.505124e+00 1.134637e-25
9.507331e+00 1.134637e-25
9.509538e+00 1.134806e-25
9.511746e+00 1.134806e-25
9.513953e+00 1.134806e-25
9.516161e+00 1.134806e-25
9.518368e+00 1.134806e-25
9.520576e+00 1.134943e-25
9.522783e+00 1.134943e-25
9.524990e+00 1.134943e-25
9.527198e+00 1.134943e-25
9.529405e+00 1.135063e-25
9.531613e+00 1.135063e-25
9.533820e+00 1.135063e-25
9.536028e+00 1.135063e-25
9.538235e+00 1.135063e-25
9.540443e+00 1.135182e-25
9.542650e+00 1.135182e-25
9.544857e+00 1.135182e-25
9.547065e+00 1.135182e-25
9.549272e+00 1.135281e-25
9.551480e+00 1.135281e-25
9.553687e+00 1.135281e-25
9.555895e+00 1.135281e-25
9.558102e+00 1.135281e-25
9.560310e+00 1.135382e-25
9.562517e+00 1.135382e-25
9.564724e+00 1.135382e-25
9.566932e+00 1.135382e-25
9.569139e+00 1.135441e-25
9.571347e+00 1.135441e-25
9.573554e+00 1.135441e-25
9.575762e+00 1.135441e-25
9.577969e+00 1.135441e-25
9.580177e+00 1.135571e-25
9.582384e+00 1.135571e-25
9.584591e+00 1.135571e-25
9.586799e+00 1.135571e-25
9.589006e+00 1.135736e-25
9.591214e+00 1.135736e-25
9.593421e+00 1.135736e-25
9.595629e+00 1.135736e-25
9.597836e+00 1.135736e-25
9.600044e+00 1.135838e-25
9.602251e+00 1.135838e-25
9.604458e+00 1.135838e-25
9.606666e+00 1.135838e-25
9.608873e+00 1.135838e-25
9.611081e+00 1.135977e-25
9.613288e+00 1.135977e-25
9.615496e+00 1.135977e-25
9.617703e+00 1.135977e-25
9.619910e+00 1.136124e-25
9.622118e+00 1.136124e-25
9.624325e+00 1.136124e-25
9.626533e+00 1.136124e-25
9.628740e+00 1.136124e-25
9.630948e+00 1.136226e-25
9.633155e+00 1.136226e-25
9.635363e+00 1.136226e-25
9.637570e+00 1.136226e-25
9.639777e+00 1.136356e-25
9.641985e+00 1.136356e-25
9.644192e+00 1.136356e-25
9.646400e+00 1.136356e-25
9.648607e+00 1.136356e-25
9.650815e+00 1.136505e-25
9.653022e+00 1.136505e-25
9.655230e+00 1.136505e-25
9.657437e+00 1.136505e-25
9.659644e+00 1.136585e-25
9.661852e+00 1.136585e-25
9.664059e+00 1.136585e-25
9.666267e+00 1.136585e-25
9.668474e+00 1.136585e-25
9.670682e+00 1.136683e-25
9.672889e+00 1.136683e-25
9.675097e+00 1.136683e-25
9.677304e+00 1.136683e-25
9.679511e+00 1.136871e-25
9.681719e+00 1.136871e-25
9.683926e+00 1.136871e-25
9.686134e+00 1.136871e-25
9.688341e+00 1.136871e-25
9.690549e+00 1.136998e-25
9.692756e+00 1.136998e-25
9.694963e+00 1.136998e-25
9.697171e+00 1.136998e-25
9.699378e+00 1.137125e-25
9.701586e+00 1.137125e-25
9.703793e+00 1.137125e-25
9.706001e+00 1.137125e-25
9.708208e+00 1.137125e-25
9.710416e+00 1.137241e-25
9.712623e+00 1.137241e-25
9.714830e+00 1.137241e-25
9.717038e+00 1.137241e-25
9.719245e+00 1.137427e-25
9.721453e+00 1.137427e-25
9.723660e+00 1.137427e-25
9.725868e+00 1.137427e-25
9.728075e+00 1.137427e-25
9.730283e+00 1.137556e-25
9.732490e+00 1.137556e-25
9.734697e+00 1.137556e-25
9.736905e+00 1.137556e-25
9.739112e+00 1.137694e-25
9.741320e+00 1.137694e-25
9.743527e+00 1.137694e-25
9.745735e+00 1.137694e-25
9.747942e+00 1.137694e-25
9.750150e+00 1.137817e-25
9.752357e+00 1.137817e-25
9.754564e+00 1.137817e-25
9.756772e+00 1.137817e-25
9.758979e+00 1.137939e-25
9.761187e+00 1.137939e-25
9.763394e+00 1.137939e-25
9.765602e+00 1.137939e-25
9.767809e+00 1.137939e-25
9.770017e+00 1.138019e-25
9.772224e+00 1.138019e-25
9.774431e+00 1.138019e-25
9.776639e+00 1.138019e-25
9.778846e+00 1.138019e-25
9.781054e+00 1.138144e-25
9.783261e+00 1.138144e-25
9.785469e+00 1.138144e-25
9.787676e+00 1.138144e-25
9.789883e+00 1.138272e-25
9.792091e+00 1.138272e-25
9.794298e+00 1.138272e-25
9.796506e+00 1.138272e-25
9.798713e+00 1.138272e-25
9.800921e+00 1.138401e-25
9.803128e+00 1.138401e-25
9.805336e+00 1.138401e-25
9.807543e+00 1.138401e-25
9.809750e+00 1.138523e-25
9.811958e+00 1.138523e-25
9.814165e+00 1.138523e-25
9.816373e+00 1.138523e-25
9.818580e+00 1.138523e-25
9.820788e+00 1.138662e-25
9.822995e+00 1.138662e-25
9.825203e+00 1.138662e-25
9.827410e+00 1.138662e-25
9.829617e+00 1.138839e-25
9.831825e+00 1.138839e-25
9.834032e+00 1.138839e-25
9.836240e+00 1.138839e-25
9.838447e+00 1.138839e-25
9.840655e+00 1.138975e-25
9.842862e+00 1.138975e-25
9.845070e+00 1.138975e-25
9.847277e+00 1.138975e-25
9.849484e+00 1.139049e-25
9.851692e+00 1.139049e-25
9.853899e+00 1.139049e-25
9.856107e+00 1.139049e-25
9.858314e+00 1.139049e-25
9.860522e+00 1.139140e-25
9.862729e+00 1.139140e-25
9.864936e+00 1.139140e-25
9.867144e+00 1.139140e-25
9.869351e+00 1.139217e-25
9.871559e+00 1.139217e-25
9.873766e+00 1.139217e-25
9.875974e+00 1.139217e-25
9.878181e+00 1.139217e-25
9.880389e+00 1.139360e-25
9.882596e+00 1.139360e-25
9.884803e+00 1.139360e-25
9.887011e+00 1.139360e-25
9.889218e+00 1.139430e-25
9.891426e+00 1.139430e-25
9.893633e+00 1.139430e-25
9.895841e+00 1.139430e-25
9.898048e+00 1.139430e-25
9.900256e+00 1.139528e-25
9.902463e+00 1.139528e-25
9.904670e+00 1.139528e-25
9.906878e+00 1.139528e-25
9.909085e+00 1.139636e-25
9.911293e+00 1.139636e-25
9.913500e+00 1.139636e-25
9.915708e+00 1.139636e-25
9.917915e+00 1.139636e-25
9.920123e+00 1.139765e-25
9.922330e+00 1.139765e-25
9.924537e+00 1.139765e-25
9.926745e+00 1.139765e-25
9.928952e+00 1.139825e-25
9.931160e+00 1.139825e-25
9.933367e+00 1.139825e-25
9.935575e+00 1.139825e-25
9.937782e+00 1.139825e-25
9.939989e+00 1.139903e-25
9.942197e+00 1.139903e-25
9.944404e+00 1.139903e-25
9.946612e+00 1.139903e-25
9.948819e+00 1.139903e-25
9.951027e+00 1.139985e-25
9.953234e+00 1.139985e-25
9.955442e+00 1.139985e-25
9.957649e+00 1.139985e-25
9.959856e+00 1.140088e-25
9.962064e+00 1.140088e-25
9.964271e+00 1.140088e-25
9.966479e+00 1.140088e-25
9.968686e+00 1.140088e-25
9.970894e+00 1.140142e-25
9.973101e+00 1.140142e-25
9.975309e+00 1.140142e-25
9.977516e+00 1.140142e-25
9.979723e+00 1.140249e-25
9.981931e+00 1.140249e-25
9.984138e+00 1.140249e-25
9.986346e+00 1.140249e-25
9.988553e+00 1.140249e-25
9.990761e+00 1.140323e-25
9.992968e+00 1.140323e-25
9.995176e+00 1.140323e-25
9.997383e+00 1.140323e-25
9.999590e+00 1.140889e-25
1.000180e+01 1.140889e-25
1.000401e+01 1.140889e-25
1.000621e+01 1.140889e-25
1.000842e+01 1.140889e-25
1.001063e+01 1.140889e-25
1.001284e+01 1.140889e-25
1.001504e+01 1.140889e-25
1.001725e+01 1.140889e-25
1.001946e+01 1.140889e-25
1.002166e+01 1.140889e-25
1.002387e+01 1.140889e-25
1.002608e+01 1.140889e-25
1.002829e+01 1.140889e-25
1.003049e+01 1.140889e-25
1.003270e+01 1.140889e-25
1.003491e+01 1.140889e-25
1.003712e+01 1.140889e-25
1.003932e+01 1.140889e-25
1.004153e+01 1.140889e-25
1.004374e+01 1.140889e-25
1.004595e+01 1.140889e-25
1.004815e+01 1.140889e-25
1.005036e+01 1.140889e-25
1.005257e+01 1.140889e-25
1.005478e+01 1.140889e-25
1.005698e+01 1.140889e-25
1.005919e+01 1.140889e-25
1.006140e+01 1.140889e-25
1.006361e+01 1.140889e-25
1.006581e+01 1.140889e-25
1.006802e+01 1.140889e-25
1.007023e+01 1.140889e-25
1.007244e+01 1.140889e-25
1.007464e+01 1.140889e-25
1.007685e+01 1.140889e-25
1.007906e+01 1.140889e-25
1.008127e+01 1.140889e-25
1.008347e+01 1.140889e-25
1.008568e+01 1.140889e-25
1.008789e+01 1.140889e-25
1.009010e+01 1.140889e-25
1.009230e+01 1.140889e-25
1.009451e+01 1.140889e-25
1.009672e+01 1.140889e-25
1.009893e+01 1.141779e-25
1.010113e+01 1.141779e-25
1.010334e+01 1.141779e-25
1.010555e+01 1.141779e-25
1.010776e+01 1.141779e-25
1.010996e+01 1.141779e-25
1.011217e+01 1.141779e-25
1.011438e+01 1.141779e-25
1.011658e+01 1.141779e-25
1.011879e+01 1.141779e-25
1.012100e+01 1.141779e-25
1.012321e+01 1.141779e-25
1.012541e+01 1.141779e-25
1.012762e+01 1.141779e-25
1.012983e+01 1.141779e-25
1.013204e+01 1.141779e-25
1.013424e+01 1.141779e-25
1.013645e+01 1.141779e-25
1.013866e+01 1.141779e-25
1.014087e+01 1.141779e-25
1.014307e+01 1.141779e-25
1.014528e+01 1.141779e-25
1.014749e+01 1.141779e-25
1.014970e+01 1.141779e-25
1.015190e+01 1.141779e-25
1.015411e+01 1.141779e-25
1.015632e+01 1.141779e-25
1.015853e+01 1.141779e-25
1.016073e+01 1.141779e-25
1.016294e+01 1.141779e-25
1.016515e+01 1.141779e-25
1.016736e+01 1.141779e-25
1.016956e+01 1.141779e-25
1.017177e+01 1.141779e-25
1.017398e+01 1.141779e-25
1.017619e+01 1.141779e-25
1.017839e+01 1.141779e-25
1.018060e+01 1.141779e-25
1.018281e+01 1.141779e-25
1.018502e+01 1.141779e-25
1.018722e+01 1.141779e-25
1.018943e+01 1.141779e-25
1.019164e+01 1.141779e-25
1.019385e+01 1.141779e-25
1.019605e+01 1.141779e-25
1.019826e+01 1.141779e-25
1.020047e+01 1.142431e-25
1.020268e+01 1.142431e-25
1.020488e+01 1.142431e-25
1.020709e+01 1.142431e-25
1.020930e+01 1.142431e-25
1.021150e+01 1.142431e-25
1.021371e+01 1.142431e-25
1.021592e+01 1.142431e-25
1.021813e+01 1.142431e-25
1.022033e+01 1.142431e-25
1.022254e+01 1.142431e-25
1.022475e+01 1.142431e-25
1.022696e+01 1.142431e-25
1.022916e+01 1.142431e-25
1.023137e+01 1.142431e-25
1.023358e+01 1.142431e-25
1.023579e+01 1.142431e-25
1.023799e+01 1.142431e-25
1.024020e+01 1.142431e-25
1.024241e+01 1.142431e-25
1.024462e+01 1.142431e-25
1.024682e+01 1.142431e-25
1.024903e+01 1.142431e-25
1.025124e+01 1.142431e-25
1.025345e+01 1.142431e-25
1.025565e+01 1.142431e-25
1.025786e+01 1.142431e-25
1.026007e+01 1.142431e-25
1.026228e+01 1.142431e-25
1.026448e+01 1.142431e-25
1.026669e+01 1.142431e-25
1.026890e+01 1.142431e-25
1.027111e+01 1.142431e-25
1.027331e+01 1.142431e-25
1.027552e+01 1.142431e-25
1.027773e+01 1.142431e-25
1.027994e+01 1.142431e-25
1.028214e+01 1.142431e-25
1.028435e+01 1.142431e-25
1.028656e+01 1.142431e-25
1.028877e+01 1.142431e-25
1.029097e+01 1.142431e-25
1.029318e+01 1.142431e-25
1.029539e+01 1.142431e-25
1.029760e+01 1.142431e-25
1.029980e+01 1.142976e-25
1.030201e+01 1.142976e-25
1.030422e+01 1.142976e-25
1.030642e+01 1.142976e-25
1.030863e+01 1.142976e-25
1.031084e+01 1.142976e-25
1.031305e+01 1.142976e-25
1.031525e+01 1.142976e-25
1.031746e+01 1.142976e-25
1.031967e+01 1.142976e-25
1.032188e+01 1.142976e-25
1.032408e+01 1.142976e-25
1.032629e+01 1.142976e-25
1.032850e+01 1.142976e-25
1.033071e+01 1.142976e-25
1.033291e+01 1.142976e-25
1.033512e+01 1.142976e-25
1.033733e+01 1.142976e-25
1.033954e+01 1.142976e-25
1.034174e+01 1.142976e-25
1.034395e+01 1.142976e-25
1.034616e+01 1.142976e-25
1.034837e+01 1.142976e-25
1.035057e+01 1.142976e-25
1.035278e+01 1.142976e-25
1.035499e+01 1.142976e-25
1.035720e+01 1.142976e-25
1.035940e+01 1.142976e-25
1.036161e+01 1.142976e-25
1.036382e+01 1.142976e-25
1.036603e+01 1.142976e-25
1.036823e+01 1.142976e-25
1.037044e+01 1.142976e-25
1.037265e+01 1.142976e-25
1.037486e+01 1.142976e-25
1.037706e+01 1.142976e-25
1.037927e+01 1.142976e-25
1.038148e+01 1.142976e-25
1.038369e+01 1.142976e-25
1.038589e+01 1.142976e-25
1.038810e+01 1.142976e-25
1.039031e+01 1.142976e-25
1.039252e+01 1.142976e-25
1.039472e+01 1.142976e-25
1.039693e+01 1.142976e-25
1.039914e+01 1.143592e-25
1.040134e+01 1.143592e-25
1.040355e+01 1.143592e-25
1.040576e+01 1.143592e-25
1.040797e+01 1.143592e-25
1.041017e+01 1.143592e-25
1.041238e+01 1.143592e-25
1.041459e+01 1.143592e-25
1.041680e+01 1.143592e-25
1.041900e+01 1.143592e-25
1.042121e+01 1.143592e-25
1.042342e+01 1.143592e-25
1.042563e+01 1.143592e-25
1.042783e+01 1.143592e-25
1.043004e+01 1.143592e-25
1.043225e+01 1.143592e-25
1.043446e+01 1.143592e-25
1.043666e+01 1.143592e-25
1.043887e+01 1.143592e-25
1.044108e+01 1.143592e-25
1.044329e+01 1.143592e-25
1.044549e+01 1.143592e-25
1.044770e+01 1.143592e-25
1.044991e+01 1.143592e-25
1.045212e+01 1.143592e-25
1.045432e+01 1.143592e-25
1.045653e+01 1.143592e-25
1.045874e+01 1.143592e-25
1.046095e+01 1.143592e-25
1.046315e+01 1.143592e-25
1.046536e+01 1.143592e-25
1.046757e+01 1.143592e-25
1.046978e+01 1.143592e-25
1.047198e+01 1.143592e-25
1.047419e+01 1.143592e-25
1.047640e+01 1.143592e-25
1.047861e+01 1.143592e-25
1.048081e+01 1.143592e-25
1.048302e+01 1.143592e-25
1.048523e+01 1.143592e-25
1.048743e+01 1.143592e-25
1.048964e+01 1.143592e-25
1.049185e+01 1.143592e-25
1.049406e+01 1.143592e-25
1.049626e+01 1.143592e-25
1.049847e+01 1.143592e-25
1.050068e+01 1.144179e-25
1.050289e+01 1.144179e-25
1.050509e+01 1.144179e-25
1.050730e+01 1.144179e-25
1.050951e+01 1.144179e-25
1.051172e+01 1.144179e-25
1.051392e+01 1.144179e-25
1.051613e+01 1.144179e-25
1.051834e+01 1.144179e-25
1.052055e+01 1.144179e-25
1.052275e+01 1.144179e-25
1.052496e+01 1.144179e-25
1.052717e+01 1.144179e-25
1.052938e+01 1.144179e-25
1.053158e+01 1.144179e-25
1.053379e+01 1.144179e-25
1.053600e+01 1.144179e-25
1.053821e+01 1.144179e-25
1.054041e+01 1.144179e-25
1.054262e+01 1.144179e-25
1.054483e+01 1.144179e-25
1.054704e+01 1.144179e-25
1.054924e+01 1.144179e-25
1.055145e+01 1.144179e-25
1.055366e+01 1.144179e-25
1.055587e+01 1.144179e-25
1.055807e+01 1.144179e-25
1.056028e+01 1.144179e-25
1.056249e+01 1.144179e-25
1.056470e+01 1.144179e-25
1.056690e+01 1.144179e-25
1.056911e+01 1.144179e-25
1.057132e+01 1.144179e-25
1.057353e+01 1.144179e-25
1.057573e+01 1.144179e-25
1.057794e+01 1.144179e-25
1.058015e+01 1.144179e-25
1.058235e+01 1.144179e-25
1.058456e+01 1.144179e-25
1.058677e+01 1.144179e-25
1.058898e+01 1.144179e-25
1.059118e+01 1.144179e-25
1.059339e+01 1.144179e-25
1.059560e+01 1.144179e-25
1.059781e+01 1.144179e-25
1.060001e+01 1.144626e-25
1.060222e+01 1.144626e-25
1.060443e+01 1.144626e-25
1.060664e+01 1.144626e-25
1.060884e+01 1.144626e-25
1.061105e+01 1.144626e-25
1.061326e+01 1.144626e-25
1.061547e+01 1.144626e-25
1.061767e+01 1.144626e-25
1.061988e+01 1.144626e-25
1.062209e+01 1.144626e-25
1.062430e+01 1.144626e-25
1.062650e+01 1.144626e-25
1.062871e+01 1.144626e-25
1.063092e+01 1.144626e-25
1.063313e+01 1.144626e-25
1.063533e+01 1.144626e-25
1.063754e+01 1.144626e-25
1.063975e+01 1.144626e-25
1.064196e+01 1.144626e-25
1.064416e+01 1.144626e-25
1.064637e+01 1.144626e-25
1.064858e+01 1.144626e-25
1.065079e+01 1.144626e-25
1.065299e+01 1.144626e-25
1.065520e+01 1.144626e-25
1.065741e+01 1.144626e-25
1.065962e+01 1.144626e-25
1.066182e+01 1.144626e-25
1.066403e+01 1.144626e-25
1.066624e+01 1.144626e-25
1.066845e+01 1.144626e-25
1.067065e+01 1.144626e-25
1.067286e+01 1.144626e-25
1.067507e+01 1.144626e-25
1.067727e+01 1.144626e-25
1.067948e+01 1.144626e-25
1.068169e+01 1.144626e-25
1.068390e+01 1.144626e-25
1.068610e+01 1.144626e-25
1.068831e+01 1.144626e-25
1.069052e+01 1.144626e-25
1.069273e+01 1.144626e-25
1.069493e+01 1.144626e-25
1.069714e+01 1.144626e-25
1.069935e+01 1.144973e-25
1.070156e+01 1.144973e-25
1.070376e+01 1.144973e-25
1.070597e+01 1.144973e-25
1.070818e+01 1.144973e-25
1.071039e+01 1.144973e-25
1.071259e+01 1.144973e-25
1.071480e+01 1.144973e-25
1.071701e+01 1.144973e-25
1.071922e+01 1.144973e-25
1.072142e+01 1.144973e-25
1.072363e+01 1.144973e-25
1.072584e+01 1.144973e-25
1.072805e+01 1.144973e-25
1.073025e+01 1.144973e-25
1.073246e+01 1.144973e-25
1.073467e+01 1.144973e-25
1.073688e+01 1.144973e-25
1.073908e+01 1.144973e-25
1.074129e+01 1.144973e-25
1.074350e+01 1.144973e-25
1.074571e+01 1.144973e-25
1.074791e+01 1.144973e-25
1.075012e+01 1.144973e-25
1.075233e+01 1.144973e-25
1.075454e+01 1.144973e-25
1.075674e+01 1.144973e-25
1.075895e+01 1.144973e-25
1.076116e+01 1.144973e-25
1.076337e+01 1.144973e-25
1.076557e+01 1.144973e-25
1.076778e+01 1.144973e-25
1.076999e+01 1.144973e-25
1.077219e+01 1.144973e-25
1.077440e+01 1.144973e-25
1.077661e+01 1.144973e-25
1.077882e+01 1.144973e-25
1.078102e+01 1.144973e-25
1.078323e+01 1.144973e-25
1.078544e+01 1.144973e-25
1.078765e+01 1.144973e-25
1.078985e+01 1.144973e-25
1.079206e+01 1.144973e-25
1.079427e+01 1.144973e-25
1.079648e+01 1.144973e-25
1.079868e+01 1.144973e-25
1.080089e+01 1.145257e-25
1.080310e+01 1.145257e-25
1.080531e+01 1.145257e-25
1.080751e+01 1.145257e-25
1.080972e+01 1.145257e-25
1.081193e+01 1.145257e-25
1.081414e+01 1.145257e-25
1.081634e+01 1.145257e-25
1.081855e+01 1.145257e-25
1.082076e+01 1.145257e-25
1.082297e+01 1.145257e-25
1.082517e+01 1.145257e-25
1.082738e+01 1.145257e-25
1.082959e+01 1.145257e-25
1.083180e+01 1.145257e-25
1.083400e+01 1.145257e-25
1.083621e+01 1.145257e-25
1.083842e+01 1.145257e-25
1.084063e+01 1.145257e-25
1.084283e+01 1.145257e-25
1.084504e+01 1.145257e-25
1.084725e+01 1.145257e-25
1.084946e+01 1.145257e-25
1.085166e+01 1.145257e-25
1.085387e+01 1.145257e-25
1.085608e+01 1.145257e-25
1.085829e+01 1.145257e-25
1.086049e+01 1.145257e-25
1.086270e+01 1.145257e-25
1.086491e+01 1.145257e-25
1.086711e+01 1.145257e-25
1.086932e+01 1.145257e-25
1.087153e+01 1.145257e-25
1.087374e+01 1.145257e-25
1.087594e+01 1.145257e-25
1.087815e+01 1.145257e-25
1.088036e+01 1.145257e-25
1.088257e+01 1.145257e-25
1.088477e+01 1.145257e-25
1.088698e+01 1.145257e-25
1.088919e+01 1.145257e-25
1.089140e+01 1.145257e-25
1.089360e+01 1.145257e-25
1.089581e+01 1.145257e-25
1.089802e+01 1.145257e-25
1.090023e+01 1.145558e-25
1.090243e+01 1.145558e-25
1.090464e+01 1.145558e-25
1.090685e+01 1.145558e-25
1.090906e+01 1.145558e-25
1.091126e+01 1.145558e-25
1.091347e+01 1.145558e-25
1.091568e+01 1.145558e-25
1.091789e+01 1.145558e-25
1.092009e+01 1.145558e-25
1.092230e+01 1.145558e-25
1.092451e+01 1.145558e-25
1.092672e+01 1.145558e-25
1.092892e+01 1.145558e-25
1.093113e+01 1.145558e-25
1.093334e+01 1.145558e-25
1.093555e+01 1.145558e-25
1.093775e+01 1.145558e-25
1.093996e+01 1.145558e-25
1.094217e+01 1.145558e-25
1.094438e+01 1.145558e-25
1.094658e+01 1.145558e-25
1.094879e+01 1.145558e-25
1.095100e+01 1.145558e-25
1.095321e+01 1.145558e-25
1.095541e+01 1.145558e-25
1.095762e+01 1.145558e-25
1.095983e+01 1.145558e-25
1.096203e+01 1.145558e-25
1.096424e+01 1.145558e-25
1.096645e+01 1.145558e-25
1.096866e+01 1.145558e-25
1.097086e+01 1.145558e-25
1.097307e+01 1.145558e-25
1.097528e+01 1.145558e-25
1.097749e+01 1.145558e-25
1.097969e+01 1.145558e-25
1.098190e+01 1.145558e-25
1.098411e+01 1.145558e-25
1.098632e+01 1.145558e-25
1.098852e+01 1.145558e-25
1.099073e+01 1.145558e-25
1.099294e+01 1.145558e-25
1.099515e+01 1.145558e-25
1.099735e+01 1.145558e-25
1.099956e+01 1.145637e-25
1.100177e+01 1.145637e-25
1.100398e+01 1.145637e-25
1.100618e+01 1.145637e-25
1.100839e+01 1.145637e-25
1.101060e+01 1.145637e-25
1.101281e+01 1.145637e-25
1.101501e+01 1.145637e-25
1.101722e+01 1.145637e-25
1.101943e+01 1.145637e-25
1.102164e+01 1.145637e-25
1.102384e+01 1.145637e-25
1.102605e+01 1.145637e-25
1.102826e+01 1.145637e-25
1.103047e+01 1.145637e-25
1.103267e+01 1.145637e-25
1.103488e+01 1.145637e-25
1.103709e+01 1.145637e-25
1.103930e+01 1.145637e-25
1.104150e+01 1.145637e-25
1.104371e+01 1.145637e-25
1.104592e+01 1.145637e-25
1.104813e+01 1.145637e-25
1.105033e+01 1.145637e-25
1.105254e+01 1.145637e-25
1.105475e+01 1.145637e-25
1.105695e+01 1.145637e-25
1.105916e+01 1.145637e-25
1.106137e+01 1.145637e-25
1.106358e+01 1.145637e-25
1.106578e+01 1.145637e-25
1.106799e+01 1.145637e-25
1.107020e+01 1.145637e-25
1.107241e+01 1.145637e-25
1.107461e+01 1.145637e-25
1.107682e+01 1.145637e-25
1.107903e+01 1.145637e-25
1.108124e+01 1.145637e-25
1.108344e+01 1.145637e-25
1.108565e+01 1.145637e-25
1.108786e+01 1.145637e-25
1.109007e+01 1.145637e-25
1.109227e+01 1.145637e-25
1.109448e+01 1.145637e-25
1.109669e+01 1.145637e-25
1.109890e+01 1.145637e-25
