,100.0,105.9560179277616,112.26677735108136,118.95340673703195,126.03829296797274,133.54515629298987,141.4991297434576,149.92684327860457,158.85651294280527,168.31803533309568,178.34308769319094,188.96523396912096,200.22003718155844,212.14517849106298,224.78058335487253,238.16855519761583,252.3539170434766,267.3841615839947,283.3096101839324,300.1835813575589,318.0625692794119,337.0064329271928,357.07859649004627,378.3462617131929,400.8806328898465,424.75715525368986,450.05576757004974,476.86116977144695,505.26310653356796,535.3566677410724,567.2426068491977,601.0276782070382,636.8249944718586,674.7544053110693,714.9428986597577,757.5250258771913,802.6433522257174,850.4489341802678,901.1018251665018,954.7716114208056,1011.6379797662071,1071.8913192051286,1135.7333583431052,1203.3778407775906,1275.051240713013,1350.9935211980278,1431.4589375234787,1516.716888470924,1607.0528182616385,1702.7691722259012,1804.1864093920717,1911.6440753857037,2025.5019392306665,2146.141197858406,2273.9657523579276,2409.403560239527,2552.9080682395165,2704.959730463137,2866.0676169482504,3036.7711180354604,3217.641750250735,3409.2850697468143,3612.3426997094302,3827.494478516315,4055.4607358408275,4297.004704320844,4552.935074866948,4824.108704165374,5111.433483440165,5415.871378079476,5738.441648302392,6080.224261649427,6442.363508721371,6826.071834272393,7232.633896483534,7663.410868007462,8119.844993184009,8603.46441668451,9115.888299750819,9658.832241158709,10234.114021054527,10843.65968689611,11489.51000187311,12173.82727739662,12898.90261253308,13667.163564620074,14481.18227674536,15343.684089300132,16257.556664437934,17225.859653987874,18251.83494319046,19338.917504552322,20490.74689815846,21711.179456945054,23004.301197729215,24374.441501222216,25826.18760682675,27364.39997074672,28994.22853882881,30721.12998861759,32550.885998350564,34489.6226040576,36543.83070957262,38720.38781812557,41026.581058271906,43470.131581250265,46059.22041145113,48802.515836544335,51709.202428967554,54789.01179593945,58052.25516094908,61509.857885805046,65173.3960488242,69055.13520162331,73168.07143427207,77525.97488629464,82143.43584919423,87035.91361485166,92219.78823334341,97712.41535346501,103532.18432956615,109698.57978923841,116232.24686798542,123155.06032928261,130490.19780144015,138262.21737646565,146497.1398307288,155222.5357427048,164467.61779946627,174263.33860096507,184642.49428955463,195639.8343517065,207292.177959537,219638.5372416547,232720.2478960412,246581.1075822604,261267.52255633264,276828.66303920664,293316.62783900485,310786.6187782014,329297.1255097148,348910.1213406774,369691.2707195032,391710.1490809261,415040.4757850472,439760.36093027215,465952.5668664687,493704.7852839004,523109.9308056258,554266.4520663107,587278.6613189488,622257.0836730232,659318.8271333541,698587.9746785249,740195.9996915652,784282.2061337682,830994.1949353387,880488.3581643464,932930.4026284696,988495.9046625586,1047370.8979594508,1109752.496412072,1175849.5540521583,1245883.3642950081,1320088.4008314195,1398713.1026472386,1482020.7057988602,1570290.1247293775,1663816.8860761307,1762914.118095948,1867913.5990207847,1979166.8678535575,2097046.401323235,2221946.8609395237,2354286.41432242,2494508.135230317,2643081.4869741085,2800503.894183631,2967302.4081888725,3144035.4715915,3331294.7879346767,3529707.30273065,3739937.3024788015,3962688.638701478,4198707.084443915,4448782.831127585,4713753.134116729,4994505.11585514,5291978.735958448,5607169.938205458,5941133.984965039,6294988.990221888,6669919.663030129,7067181.273927491,7488103.857590031,7934096.665797492,8406652.885618335,8907354.63861044,9437878.27777539,10000000.0
1e+48,0.8890517904559055,0.8890517904352968,0.8890517904144575,0.8890517903935503,0.8890517903727372,0.8890517903521794,0.8890517903320357,0.8890517903124622,0.8890517902936083,0.8890517902756155,0.8890517902586139,0.8890517902427176,0.8890517902280226,0.8890517902146027,0.8890517902025065,0.8890517901917555,0.889051790182343,0.8890517901742332,0.8890517901673635,0.8890517901616457,0.889051790156972,0.8890517901532179,0.8890517901502502,0.8890517901479325,0.889051790146132,0.8890517901447259,0.8890517901436057,0.889051790142682,0.8890517901418852,0.8890517901411671,0.8890517901404984,0.889051790139866,0.8890517901392688,0.8890517901387128,0.8890517901382056,0.8890517901377537,0.8890517901373589,0.8890517901370183,0.8890517901367251,0.8890517901364705,0.8890517901362467,0.8890517901360475,0.8890517901358698,0.8890517901357112,0.8890517901355708,0.8890517901354468,0.8890517901353375,0.8890517901352407,0.8890517901351552,0.8890517901350794,0.8890517901350125,0.8890517901349531,0.8890517901349005,0.8890517901348541,0.8890517901348131,0.8890517901347768,0.8890517901347444,0.8890517901347159,0.8890517901346906,0.8890517901346682,0.8890517901346483,0.8890517901346306,0.8890517901346151,0.8890517901346011,0.8890517901345887,0.8890517901345777,0.889051790134568,0.8890517901345594,0.8890517901345516,0.8890517901345447,0.8890517901345387,0.8890517901345333,0.8890517901345285,0.8890517901345242,0.8890517901345204,0.8890517901345171,0.889051790134514,0.8890517901345113,0.889051790134509,0.8890517901345069,0.889051790134505,0.8890517901345032,0.8890517901345018,0.8890517901345004,0.8890517901344992,0.8890517901344982,0.8890517901344972,0.8890517901344963,0.8890517901344956,0.8890517901344949,0.8890517901344943,0.8890517901344939,0.8890517901344933,0.889051790134493,0.8890517901344925,0.8890517901344922,0.889051790134492,0.8890517901344916,0.8890517901344914,0.8890517901344912,0.8890517901344911,0.889051790134491,0.8890517901344906,0.8890517901344905,0.8890517901344905,0.8890517901344904,0.8890517901344902,0.8890517901344902,0.8890517901344901,0.8890517901344901,0.88905179013449,0.88905179013449,0.88905179013449,0.88905179013449,0.8890517901344899,0.8890517901344899,0.8890517901344898,0.8890517901344898,0.8890517901344898,0.8890517901344897,0.8890517901344897,0.8890517901344897,0.8890517901344897,0.8890517901344897,0.8890517901344897,0.8890517901344897,0.8890517901344897,0.8890517901344897,0.8890517901344895,0.8890517901344895,0.8890517901344895,0.8890517901344895,0.8890517901344895,0.8890517901344895,0.8890517901344895,0.8890517901344895,0.8890517901344895,0.8890517901344895,0.8890517901344895,0.8890517901344895,0.8890517901344895,0.8890517901344895,0.8890517901344895,0.8890517901344895,0.8890517901344895,0.8890517901344895,0.8890517901344895,0.8890517901344895,0.8890517901344895,0.8890517901344895,0.8890517901344895,0.8890517901344895,0.8890517901344895,0.8890517901344895,0.8890517901344895,0.8890517901344895,0.8890517901344895,0.8890517901344895,0.8890517901344895,0.8890517901344895,0.8890517901344895,0.8890517901344895,0.8890517901344895,0.8890517901344895,0.8890517901344895,0.8890517901344895,0.8890517901344895,0.8890517901344895,0.8890517901344895,0.8890517901344895,0.8890517901344895,0.8890517901344895,0.8890517901344895,0.8890517901344895,0.8890517901344895,0.8890517901344895,0.8890517901344895,0.8890517901344895,0.8890517901344895,0.8890517901344895,0.8890517901344895,0.8890517901344895,0.8890517901344895,0.8890517901344895,0.8890517901344895,0.8890517901344895,0.8890517901344895,0.8890517901344895,0.8890517901344895,0.8890517901344895,0.8890517901344895,0.8890517901344895,0.8890517901344895,0.8890517901344895,0.8890517901344895,0.8890517901344895,0.8890517901344895,0.8890517901344895,0.8890517901344895,0.8890517901344895
1.1489510001873063e+48,0.8890517905587869,0.8890517905315818,0.8890517905040719,0.8890517904764726,0.8890517904489975,0.8890517904218593,0.889051790395268,0.889051790369429,0.8890517903445403,0.8890517903207885,0.8890517902983446,0.8890517902773603,0.8890517902579614,0.8890517902402458,0.8890517902242778,0.8890517902100856,0.8890517901976603,0.8890517901869548,0.8890517901778859,0.8890517901703382,0.8890517901641682,0.8890517901592127,0.889051790155295,0.8890517901522355,0.8890517901498587,0.8890517901480025,0.8890517901465237,0.8890517901453042,0.8890517901442525,0.8890517901433045,0.8890517901424217,0.8890517901415871,0.8890517901407987,0.8890517901400646,0.8890517901393952,0.8890517901387985,0.8890517901382774,0.8890517901378278,0.8890517901374406,0.8890517901371046,0.889051790136809,0.8890517901365463,0.8890517901363114,0.8890517901361022,0.8890517901359168,0.8890517901357532,0.8890517901356089,0.8890517901354812,0.8890517901353683,0.8890517901352681,0.8890517901351798,0.8890517901351015,0.8890517901350322,0.8890517901349708,0.8890517901349166,0.8890517901348687,0.889051790134826,0.8890517901347884,0.8890517901347549,0.8890517901347254,0.8890517901346991,0.8890517901346758,0.8890517901346552,0.8890517901346368,0.8890517901346205,0.8890517901346061,0.8890517901345931,0.8890517901345817,0.8890517901345716,0.8890517901345625,0.8890517901345545,0.8890517901345474,0.8890517901345409,0.8890517901345353,0.8890517901345302,0.8890517901345257,0.8890517901345217,0.8890517901345183,0.8890517901345151,0.8890517901345123,0.8890517901345099,0.8890517901345075,0.8890517901345056,0.8890517901345039,0.8890517901345023,0.889051790134501,0.8890517901344996,0.8890517901344985,0.8890517901344975,0.8890517901344965,0.8890517901344959,0.8890517901344952,0.8890517901344945,0.889051790134494,0.8890517901344935,0.8890517901344931,0.8890517901344926,0.8890517901344923,0.8890517901344921,0.8890517901344919,0.8890517901344915,0.8890517901344913,0.8890517901344911,0.889051790134491,0.8890517901344909,0.8890517901344906,0.8890517901344905,0.8890517901344904,0.8890517901344903,0.8890517901344902,0.8890517901344902,0.8890517901344901,0.8890517901344901,0.88905179013449,0.88905179013449,0.8890517901344899,0.8890517901344899,0.8890517901344899,0.8890517901344899,0.8890517901344898,0.8890517901344898,0.8890517901344897,0.8890517901344897,0.8890517901344897,0.8890517901344897,0.8890517901344897,0.8890517901344897,0.8890517901344897,0.8890517901344895,0.8890517901344895,0.8890517901344897,0.8890517901344897,0.8890517901344895,0.8890517901344895,0.8890517901344895,0.8890517901344895,0.8890517901344895,0.8890517901344895,0.8890517901344895,0.8890517901344895,0.8890517901344895,0.8890517901344895,0.8890517901344895,0.8890517901344895,0.8890517901344895,0.8890517901344895,0.8890517901344895,0.8890517901344895,0.8890517901344895,0.8890517901344895,0.8890517901344895,0.8890517901344895,0.8890517901344895,0.8890517901344895,0.8890517901344895,0.8890517901344895,0.8890517901344895,0.8890517901344895,0.8890517901344895,0.8890517901344895,0.8890517901344895,0.8890517901344895,0.8890517901344895,0.8890517901344895,0.8890517901344895,0.8890517901344895,0.8890517901344895,0.8890517901344895,0.8890517901344895,0.8890517901344895,0.8890517901344895,0.8890517901344895,0.8890517901344895,0.8890517901344895,0.8890517901344895,0.8890517901344895,0.8890517901344895,0.8890517901344895,0.8890517901344895,0.8890517901344895,0.8890517901344895,0.8890517901344895,0.8890517901344895,0.8890517901344895,0.8890517901344895,0.8890517901344895,0.8890517901344895,0.8890517901344895,0.8890517901344895,0.8890517901344895,0.8890517901344895,0.8890517901344895,0.8890517901344895,0.8890517901344895,0.8890517901344895,0.8890517901344895,0.8890517901344895,0.8890517901344895,0.8890517901344895,0.8890517901344895
1.3200884008314114e+48,0.8890517906945996,0.8890517906586863,0.8890517906223709,0.8890517905859375,0.8890517905496681,0.8890517905138431,0.8890517904787402,0.8890517904446305,0.8890517904117751,0.8890517903804205,0.8890517903507928,0.8890517903230913,0.8890517902974834,0.8890517902740973,0.8890517902530181,0.8890517902342832,0.8890517902178806,0.8890517902037484,0.8890517901917767,0.8890517901818129,0.8890517901736681,0.8890517901671262,0.8890517901619546,0.8890517901579158,0.8890517901547782,0.8890517901523278,0.8890517901503758,0.8890517901487659,0.8890517901473775,0.889051790146126,0.8890517901449608,0.8890517901438588,0.8890517901428182,0.8890517901418491,0.8890517901409655,0.8890517901401778,0.8890517901394899,0.8890517901388963,0.8890517901383852,0.8890517901379417,0.8890517901375515,0.8890517901372047,0.8890517901368946,0.8890517901366185,0.8890517901363737,0.8890517901361576,0.8890517901359671,0.8890517901357987,0.8890517901356495,0.8890517901355175,0.8890517901354007,0.8890517901352972,0.8890517901352059,0.8890517901351249,0.8890517901350533,0.8890517901349899,0.8890517901349336,0.8890517901348841,0.8890517901348399,0.8890517901348008,0.8890517901347662,0.8890517901347356,0.8890517901347081,0.889051790134684,0.8890517901346625,0.8890517901346433,0.8890517901346263,0.8890517901346112,0.8890517901345978,0.8890517901345859,0.8890517901345751,0.8890517901345657,0.8890517901345574,0.8890517901345499,0.8890517901345433,0.8890517901345374,0.8890517901345322,0.8890517901345274,0.8890517901345233,0.8890517901345196,0.8890517901345163,0.8890517901345133,0.8890517901345109,0.8890517901345084,0.8890517901345064,0.8890517901345045,0.889051790134503,0.8890517901345014,0.8890517901345002,0.889051790134499,0.8890517901344979,0.889051790134497,0.8890517901344962,0.8890517901344954,0.8890517901344948,0.8890517901344942,0.8890517901344936,0.8890517901344932,0.8890517901344929,0.8890517901344924,0.8890517901344922,0.8890517901344919,0.8890517901344916,0.8890517901344914,0.8890517901344912,0.8890517901344911,0.8890517901344909,0.8890517901344906,0.8890517901344905,0.8890517901344905,0.8890517901344904,0.8890517901344902,0.8890517901344901,0.8890517901344901,0.8890517901344901,0.88905179013449,0.88905179013449,0.88905179013449,0.8890517901344899,0.8890517901344899,0.8890517901344899,0.8890517901344899,0.8890517901344898,0.8890517901344898,0.8890517901344898,0.8890517901344897,0.8890517901344897,0.8890517901344897,0.8890517901344895,0.8890517901344897,0.8890517901344897,0.8890517901344897,0.8890517901344897,0.8890517901344895,0.8890517901344895,0.8890517901344895,0.8890517901344895,0.8890517901344895,0.8890517901344895,0.8890517901344895,0.8890517901344895,0.8890517901344895,0.8890517901344895,0.8890517901344895,0.8890517901344895,0.8890517901344895,0.8890517901344895,0.8890517901344895,0.8890517901344895,0.8890517901344895,0.8890517901344895,0.8890517901344895,0.8890517901344895,0.8890517901344895,0.8890517901344895,0.8890517901344895,0.8890517901344895,0.8890517901344895,0.8890517901344895,0.8890517901344895,0.8890517901344895,0.8890517901344895,0.8890517901344895,0.8890517901344895,0.8890517901344895,0.8890517901344895,0.8890517901344895,0.8890517901344895,0.8890517901344895,0.8890517901344895,0.8890517901344895,0.8890517901344895,0.8890517901344895,0.8890517901344895,0.8890517901344895,0.8890517901344895,0.8890517901344895,0.8890517901344895,0.8890517901344895,0.8890517901344895,0.8890517901344895,0.8890517901344895,0.8890517901344895,0.8890517901344895,0.8890517901344895,0.8890517901344895,0.8890517901344895,0.8890517901344895,0.8890517901344895,0.8890517901344895,0.8890517901344895,0.8890517901344895,0.8890517901344895,0.8890517901344895,0.8890517901344895,0.8890517901344895,0.8890517901344895,0.8890517901344895,0.8890517901344895,0.8890517901344895
1.5167168884709117e+48,0.8890517908738843,0.8890517908264758,0.8890517907785361,0.8890517907304407,0.8890517906825617,0.8890517906352697,0.8890517905889308,0.8890517905439029,0.889051790500531,0.8890517904591402,0.8890517904200289,0.8890517903834607,0.8890517903496559,0.8890517903187841,0.8890517902909576,0.8890517902662259,0.889051790244573,0.8890517902259172,0.8890517902101137,0.8890517901969607,0.8890517901862087,0.8890517901775729,0.8890517901707459,0.8890517901654141,0.8890517901612723,0.8890517901580376,0.8890517901554609,0.8890517901533356,0.8890517901515027,0.8890517901498507,0.8890517901483125,0.8890517901468579,0.8890517901454842,0.8890517901442048,0.8890517901430381,0.8890517901419984,0.8890517901410904,0.8890517901403069,0.8890517901396322,0.8890517901390466,0.8890517901385316,0.8890517901380736,0.8890517901376646,0.8890517901373,0.8890517901369768,0.8890517901366917,0.8890517901364401,0.8890517901362177,0.8890517901360209,0.8890517901358465,0.8890517901356922,0.8890517901355558,0.8890517901354351,0.8890517901353284,0.8890517901352337,0.8890517901351501,0.889051790135076,0.8890517901350103,0.8890517901349522,0.8890517901349005,0.8890517901348548,0.8890517901348143,0.8890517901347782,0.8890517901347462,0.8890517901347178,0.8890517901346925,0.8890517901346702,0.8890517901346502,0.8890517901346324,0.8890517901346167,0.8890517901346027,0.8890517901345902,0.8890517901345791,0.8890517901345693,0.8890517901345605,0.8890517901345527,0.8890517901345457,0.8890517901345396,0.8890517901345342,0.8890517901345292,0.889051790134525,0.8890517901345211,0.8890517901345175,0.8890517901345144,0.8890517901345119,0.8890517901345093,0.8890517901345071,0.8890517901345052,0.8890517901345035,0.889051790134502,0.8890517901345006,0.8890517901344994,0.8890517901344983,0.8890517901344973,0.8890517901344964,0.8890517901344956,0.8890517901344951,0.8890517901344944,0.889051790134494,0.8890517901344934,0.8890517901344931,0.8890517901344926,0.8890517901344923,0.889051790134492,0.8890517901344916,0.8890517901344915,0.8890517901344912,0.8890517901344911,0.889051790134491,0.8890517901344909,0.8890517901344905,0.8890517901344905,0.8890517901344904,0.8890517901344903,0.8890517901344902,0.8890517901344901,0.8890517901344901,0.8890517901344901,0.88905179013449,0.88905179013449,0.8890517901344899,0.8890517901344899,0.8890517901344899,0.8890517901344899,0.8890517901344899,0.8890517901344899,0.8890517901344898,0.8890517901344897,0.8890517901344897,0.8890517901344897,0.8890517901344897,0.8890517901344897,0.8890517901344897,0.8890517901344897,0.8890517901344895,0.8890517901344895,0.8890517901344897,0.8890517901344895,0.8890517901344895,0.8890517901344895,0.8890517901344895,0.8890517901344895,0.8890517901344895,0.8890517901344895,0.8890517901344895,0.8890517901344895,0.8890517901344895,0.8890517901344895,0.8890517901344895,0.8890517901344895,0.8890517901344895,0.8890517901344895,0.8890517901344895,0.8890517901344895,0.8890517901344895,0.8890517901344895,0.8890517901344895,0.8890517901344895,0.8890517901344895,0.8890517901344895,0.8890517901344895,0.8890517901344895,0.8890517901344895,0.8890517901344895,0.8890517901344895,0.8890517901344895,0.8890517901344895,0.8890517901344895,0.8890517901344895,0.8890517901344895,0.8890517901344895,0.8890517901344895,0.8890517901344895,0.8890517901344895,0.8890517901344895,0.8890517901344895,0.8890517901344895,0.8890517901344895,0.8890517901344895,0.8890517901344895,0.8890517901344895,0.8890517901344895,0.8890517901344895,0.8890517901344895,0.8890517901344895,0.8890517901344895,0.8890517901344895,0.8890517901344895,0.8890517901344895,0.8890517901344895,0.8890517901344895,0.8890517901344895,0.8890517901344895,0.8890517901344895,0.8890517901344895,0.8890517901344895,0.8890517901344895,0.8890517901344895,0.8890517901344895,0.8890517901344895
1.7426333860096616e+48,0.889051791110556,0.8890517910479725,0.889051790984688,0.8890517909211977,0.8890517908579932,0.8890517907955636,0.8890517907343922,0.8890517906749514,0.8890517906176966,0.889051790563057,0.8890517905114268,0.8890517904631534,0.889051790418528,0.8890517903777746,0.8890517903410412,0.8890517903083933,0.8890517902798095,0.8890517902551822,0.88905179023432,0.8890517902169569,0.8890517902027635,0.8890517901913633,0.889051790182351,0.8890517901753128,0.8890517901698453,0.889051790165575,0.8890517901621734,0.889051790159368,0.8890517901569484,0.8890517901547677,0.889051790152737,0.8890517901508169,0.8890517901490034,0.8890517901473146,0.8890517901457745,0.889051790144402,0.8890517901432032,0.8890517901421688,0.8890517901412784,0.8890517901405053,0.8890517901398255,0.8890517901392209,0.8890517901386809,0.8890517901381995,0.8890517901377729,0.8890517901373965,0.8890517901370644,0.8890517901367709,0.889051790136511,0.8890517901362809,0.8890517901360773,0.8890517901358972,0.8890517901357378,0.8890517901355968,0.889051790135472,0.8890517901353615,0.8890517901352637,0.889051790135177,0.8890517901351003,0.889051790135032,0.8890517901349718,0.8890517901349182,0.8890517901348706,0.8890517901348284,0.8890517901347909,0.8890517901347575,0.8890517901347279,0.8890517901347016,0.8890517901346782,0.8890517901346573,0.889051790134639,0.8890517901346224,0.8890517901346078,0.8890517901345947,0.8890517901345832,0.8890517901345729,0.8890517901345637,0.8890517901345556,0.8890517901345484,0.8890517901345419,0.8890517901345363,0.8890517901345312,0.8890517901345265,0.8890517901345225,0.889051790134519,0.8890517901345155,0.8890517901345127,0.8890517901345102,0.889051790134508,0.889051790134506,0.8890517901345042,0.8890517901345025,0.8890517901345011,0.8890517901344999,0.8890517901344988,0.8890517901344976,0.8890517901344969,0.8890517901344961,0.8890517901344954,0.8890517901344946,0.8890517901344941,0.8890517901344935,0.8890517901344932,0.8890517901344929,0.8890517901344924,0.8890517901344921,0.8890517901344919,0.8890517901344915,0.8890517901344913,0.8890517901344912,0.8890517901344911,0.8890517901344909,0.8890517901344906,0.8890517901344905,0.8890517901344904,0.8890517901344904,0.8890517901344902,0.8890517901344902,0.8890517901344901,0.8890517901344901,0.88905179013449,0.88905179013449,0.88905179013449,0.8890517901344899,0.8890517901344899,0.8890517901344899,0.8890517901344898,0.8890517901344898,0.8890517901344897,0.8890517901344897,0.8890517901344897,0.8890517901344897,0.8890517901344897,0.8890517901344897,0.8890517901344897,0.8890517901344897,0.8890517901344897,0.8890517901344897,0.8890517901344897,0.8890517901344895,0.8890517901344895,0.8890517901344895,0.8890517901344895,0.8890517901344895,0.8890517901344895,0.8890517901344895,0.8890517901344895,0.8890517901344895,0.8890517901344895,0.8890517901344895,0.8890517901344895,0.8890517901344895,0.8890517901344895,0.8890517901344895,0.8890517901344895,0.8890517901344895,0.8890517901344895,0.8890517901344895,0.8890517901344895,0.8890517901344895,0.8890517901344895,0.8890517901344895,0.8890517901344895,0.8890517901344895,0.8890517901344895,0.8890517901344895,0.8890517901344895,0.8890517901344895,0.8890517901344895,0.8890517901344895,0.8890517901344895,0.8890517901344895,0.8890517901344895,0.8890517901344895,0.8890517901344895,0.8890517901344895,0.8890517901344895,0.8890517901344895,0.8890517901344895,0.8890517901344895,0.8890517901344895,0.8890517901344895,0.8890517901344895,0.8890517901344895,0.8890517901344895,0.8890517901344895,0.8890517901344895,0.8890517901344895,0.8890517901344895,0.8890517901344895,0.8890517901344895,0.8890517901344895,0.8890517901344895,0.8890517901344895,0.8890517901344895,0.8890517901344895,0.8890517901344895,0.8890517901344895,0.8890517901344895,0.8890517901344895
2.0022003718155928e+48,0.8890517914229835,0.8890517913403678,0.8890517912568267,0.8890517911730138,0.8890517910895784,0.8890517910071659,0.8890517909264141,0.889051790847947,0.8890517907723656,0.8890517907002365,0.8890517906320801,0.8890517905683549,0.8890517905094455,0.8890517904556474,0.889051790407156,0.8890517903640578,0.8890517903263248,0.8890517902938145,0.8890517902662746,0.8890517902433537,0.8890517902246171,0.8890517902095678,0.889051790197671,0.8890517901883797,0.8890517901811622,0.889051790175525,0.8890517901710348,0.8890517901673313,0.8890517901641372,0.8890517901612585,0.8890517901585779,0.889051790156043,0.8890517901536492,0.8890517901514198,0.8890517901493866,0.889051790147575,0.8890517901459923,0.889051790144627,0.8890517901434514,0.8890517901424309,0.8890517901415335,0.8890517901407353,0.8890517901400222,0.889051790139387,0.889051790138824,0.889051790138327,0.8890517901378886,0.8890517901375011,0.8890517901371581,0.8890517901368542,0.8890517901365855,0.8890517901363477,0.8890517901361373,0.8890517901359513,0.8890517901357864,0.8890517901356406,0.8890517901355115,0.889051790135397,0.8890517901352957,0.8890517901352057,0.889051790135126,0.8890517901350554,0.8890517901349926,0.8890517901349367,0.8890517901348873,0.8890517901348433,0.8890517901348042,0.8890517901347695,0.8890517901347386,0.8890517901347111,0.8890517901346867,0.8890517901346651,0.8890517901346456,0.8890517901346284,0.8890517901346132,0.8890517901345996,0.8890517901345875,0.8890517901345767,0.8890517901345673,0.8890517901345587,0.8890517901345512,0.8890517901345444,0.8890517901345383,0.8890517901345331,0.8890517901345282,0.889051790134524,0.8890517901345202,0.8890517901345167,0.8890517901345139,0.8890517901345112,0.8890517901345089,0.8890517901345066,0.8890517901345049,0.8890517901345032,0.8890517901345016,0.8890517901345003,0.8890517901344991,0.8890517901344981,0.8890517901344972,0.8890517901344963,0.8890517901344955,0.8890517901344949,0.8890517901344943,0.8890517901344939,0.8890517901344933,0.889051790134493,0.8890517901344925,0.8890517901344922,0.889051790134492,0.8890517901344916,0.8890517901344914,0.8890517901344912,0.8890517901344911,0.8890517901344909,0.8890517901344906,0.8890517901344905,0.8890517901344905,0.8890517901344904,0.8890517901344903,0.8890517901344902,0.8890517901344901,0.8890517901344901,0.88905179013449,0.88905179013449,0.88905179013449,0.8890517901344899,0.8890517901344899,0.8890517901344899,0.8890517901344897,0.8890517901344898,0.8890517901344898,0.8890517901344898,0.8890517901344897,0.8890517901344897,0.8890517901344897,0.8890517901344897,0.8890517901344897,0.8890517901344897,0.8890517901344897,0.8890517901344895,0.8890517901344895,0.8890517901344895,0.8890517901344895,0.8890517901344895,0.8890517901344895,0.8890517901344895,0.8890517901344895,0.8890517901344895,0.8890517901344895,0.8890517901344895,0.8890517901344895,0.8890517901344895,0.8890517901344895,0.8890517901344895,0.8890517901344895,0.8890517901344895,0.8890517901344895,0.8890517901344895,0.8890517901344895,0.8890517901344895,0.8890517901344895,0.8890517901344895,0.8890517901344895,0.8890517901344895,0.8890517901344895,0.8890517901344895,0.8890517901344895,0.8890517901344895,0.8890517901344895,0.8890517901344895,0.8890517901344895,0.8890517901344895,0.8890517901344895,0.8890517901344895,0.8890517901344895,0.8890517901344895,0.8890517901344895,0.8890517901344895,0.8890517901344895,0.8890517901344895,0.8890517901344895,0.8890517901344895,0.8890517901344895,0.8890517901344895,0.8890517901344895,0.8890517901344895,0.8890517901344895,0.8890517901344895,0.8890517901344895,0.8890517901344895,0.8890517901344895,0.8890517901344895,0.8890517901344895,0.8890517901344895,0.8890517901344895,0.8890517901344895,0.8890517901344895,0.8890517901344895,0.8890517901344895,0.8890517901344895
2.3004301197729215e+48,0.8890517918354155,0.8890517917263554,0.8890517916160737,0.8890517915054336,0.8890517913952913,0.8890517912864995,0.8890517911799001,0.8890517910763165,0.8890517909765423,0.8890517908813257,0.8890517907913529,0.8890517907072303,0.8890517906294646,0.8890517905584462,0.8890517904944334,0.8890517904375398,0.8890517903877291,0.8890517903448126,0.8890517903084576,0.8890517902781999,0.8890517902534658,0.8890517902335996,0.8890517902178946,0.8890517902056294,0.8890517901961016,0.8890517901886602,0.8890517901827324,0.8890517901778434,0.8890517901736271,0.8890517901698268,0.8890517901662882,0.889051790162942,0.8890517901597821,0.8890517901568389,0.889051790154155,0.8890517901517635,0.8890517901496743,0.889051790147872,0.8890517901463199,0.8890517901449727,0.8890517901437881,0.8890517901427345,0.8890517901417933,0.8890517901409546,0.8890517901402113,0.8890517901395554,0.8890517901389766,0.8890517901384651,0.889051790138012,0.8890517901376112,0.8890517901372563,0.8890517901369426,0.8890517901366648,0.8890517901364191,0.8890517901362016,0.8890517901360091,0.8890517901358386,0.8890517901356875,0.8890517901355537,0.889051790135435,0.8890517901353298,0.8890517901352364,0.8890517901351536,0.88905179013508,0.8890517901350146,0.8890517901349565,0.8890517901349049,0.8890517901348591,0.8890517901348183,0.8890517901347821,0.8890517901347498,0.8890517901347211,0.8890517901346956,0.8890517901346731,0.8890517901346527,0.8890517901346348,0.8890517901346189,0.8890517901346047,0.8890517901345921,0.8890517901345809,0.8890517901345709,0.8890517901345619,0.889051790134554,0.8890517901345469,0.8890517901345406,0.8890517901345351,0.88905179013453,0.8890517901345256,0.8890517901345216,0.8890517901345181,0.8890517901345151,0.8890517901345122,0.8890517901345096,0.8890517901345075,0.8890517901345055,0.8890517901345039,0.8890517901345023,0.8890517901345009,0.8890517901344996,0.8890517901344985,0.8890517901344975,0.8890517901344965,0.889051790134496,0.8890517901344952,0.8890517901344945,0.889051790134494,0.8890517901344934,0.8890517901344931,0.8890517901344926,0.8890517901344923,0.8890517901344921,0.8890517901344918,0.8890517901344915,0.8890517901344913,0.8890517901344911,0.889051790134491,0.8890517901344909,0.8890517901344906,0.8890517901344905,0.8890517901344904,0.8890517901344903,0.8890517901344902,0.8890517901344901,0.8890517901344901,0.8890517901344901,0.88905179013449,0.88905179013449,0.88905179013449,0.8890517901344899,0.8890517901344899,0.8890517901344899,0.8890517901344899,0.8890517901344898,0.8890517901344898,0.8890517901344897,0.8890517901344897,0.8890517901344897,0.8890517901344897,0.8890517901344897,0.8890517901344895,0.8890517901344897,0.8890517901344897,0.8890517901344897,0.8890517901344895,0.8890517901344895,0.8890517901344895,0.8890517901344895,0.8890517901344895,0.8890517901344895,0.8890517901344895,0.8890517901344895,0.8890517901344895,0.8890517901344895,0.8890517901344895,0.8890517901344895,0.8890517901344895,0.8890517901344895,0.8890517901344895,0.8890517901344895,0.8890517901344895,0.8890517901344895,0.8890517901344895,0.8890517901344895,0.8890517901344895,0.8890517901344895,0.8890517901344895,0.8890517901344895,0.8890517901344895,0.8890517901344895,0.8890517901344895,0.8890517901344895,0.8890517901344895,0.8890517901344895,0.8890517901344895,0.8890517901344895,0.8890517901344895,0.8890517901344895,0.8890517901344895,0.8890517901344895,0.8890517901344895,0.8890517901344895,0.8890517901344895,0.8890517901344895,0.8890517901344895,0.8890517901344895,0.8890517901344895,0.8890517901344895,0.8890517901344895,0.8890517901344895,0.8890517901344895,0.8890517901344895,0.8890517901344895,0.8890517901344895,0.8890517901344895,0.8890517901344895,0.8890517901344895,0.8890517901344895,0.8890517901344895,0.8890517901344895,0.8890517901344895
2.643081486974103e+48,0.8890517923798622,0.8890517922358931,0.8890517920903117,0.8890517919442568,0.8890517917988593,0.8890517916552444,0.8890517915145237,0.8890517913777843,0.8890517912460735,0.8890517911203791,0.8890517910016073,0.889051790890558,0.8890517907879003,0.8890517906941499,0.8890517906096471,0.8890517905345429,0.889051790468788,0.8890517904121346,0.8890517903641426,0.8890517903241999,0.8890517902915489,0.8890517902653235,0.8890517902445916,0.8890517902284005,0.8890517902158228,0.8890517902059994,0.8890517901981745,0.8890517901917205,0.8890517901861545,0.889051790181138,0.8890517901764666,0.8890517901720494,0.8890517901678777,0.8890517901639926,0.8890517901604498,0.8890517901572925,0.8890517901545348,0.8890517901521554,0.8890517901501067,0.8890517901483284,0.8890517901467645,0.8890517901453736,0.889051790144131,0.8890517901430239,0.8890517901420428,0.8890517901411769,0.889051790140413,0.8890517901397377,0.8890517901391397,0.8890517901386104,0.889051790138142,0.8890517901377277,0.8890517901373611,0.8890517901370367,0.8890517901367496,0.8890517901364955,0.8890517901362703,0.889051790136071,0.8890517901358943,0.8890517901357378,0.8890517901355988,0.8890517901354755,0.8890517901353661,0.8890517901352689,0.8890517901351827,0.8890517901351059,0.8890517901350379,0.8890517901349773,0.8890517901349235,0.8890517901348756,0.889051790134833,0.8890517901347953,0.8890517901347615,0.8890517901347317,0.8890517901347051,0.8890517901346814,0.8890517901346603,0.8890517901346415,0.8890517901346249,0.8890517901346101,0.8890517901345968,0.8890517901345851,0.8890517901345746,0.8890517901345653,0.8890517901345569,0.8890517901345496,0.8890517901345429,0.8890517901345372,0.889051790134532,0.8890517901345273,0.8890517901345232,0.8890517901345194,0.8890517901345162,0.8890517901345133,0.8890517901345106,0.8890517901345083,0.8890517901345063,0.8890517901345044,0.8890517901345029,0.8890517901345013,0.8890517901345001,0.889051790134499,0.8890517901344979,0.889051790134497,0.8890517901344962,0.8890517901344954,0.8890517901344949,0.8890517901344942,0.8890517901344936,0.8890517901344932,0.8890517901344929,0.8890517901344925,0.8890517901344922,0.8890517901344919,0.8890517901344916,0.8890517901344914,0.8890517901344912,0.8890517901344911,0.8890517901344909,0.8890517901344906,0.8890517901344905,0.8890517901344904,0.8890517901344904,0.8890517901344902,0.8890517901344902,0.8890517901344902,0.8890517901344901,0.88905179013449,0.88905179013449,0.88905179013449,0.88905179013449,0.8890517901344899,0.8890517901344899,0.8890517901344898,0.8890517901344898,0.8890517901344898,0.8890517901344898,0.8890517901344897,0.8890517901344897,0.8890517901344897,0.8890517901344897,0.8890517901344897,0.8890517901344897,0.8890517901344897,0.8890517901344897,0.8890517901344895,0.8890517901344895,0.8890517901344895,0.8890517901344895,0.8890517901344895,0.8890517901344895,0.8890517901344895,0.8890517901344895,0.8890517901344895,0.8890517901344895,0.8890517901344895,0.8890517901344895,0.8890517901344895,0.8890517901344895,0.8890517901344895,0.8890517901344895,0.8890517901344895,0.8890517901344895,0.8890517901344895,0.8890517901344895,0.8890517901344895,0.8890517901344895,0.8890517901344895,0.8890517901344895,0.8890517901344895,0.8890517901344895,0.8890517901344895,0.8890517901344895,0.8890517901344895,0.8890517901344895,0.8890517901344895,0.8890517901344895,0.8890517901344895,0.8890517901344895,0.8890517901344895,0.8890517901344895,0.8890517901344895,0.8890517901344895,0.8890517901344895,0.8890517901344895,0.8890517901344895,0.8890517901344895,0.8890517901344895,0.8890517901344895,0.8890517901344895,0.8890517901344895,0.8890517901344895,0.8890517901344895,0.8890517901344895,0.8890517901344895,0.8890517901344895,0.8890517901344895,0.8890517901344895,0.8890517901344895,0.8890517901344895
3.036771118035448e+48,0.8890517930985798,0.8890517929085282,0.8890517927163476,0.8890517925235423,0.8890517923316048,0.8890517921420203,0.8890517919562567,0.8890517917757486,0.8890517916018787,0.889051791435951,0.8890517912791616,0.8890517911325666,0.8890517909970496,0.8890517908732906,0.8890517907617396,0.8890517906625951,0.8890517905757931,0.8890517905010056,0.8890517904376519,0.8890517903849241,0.8890517903418218,0.8890517903072019,0.889051790279834,0.8890517902584603,0.8890517902418568,0.889051790228889,0.8890517902185592,0.8890517902100395,0.889051790202692,0.8890517901960695,0.889051790189903,0.8890517901840718,0.889051790178565,0.8890517901734363,0.8890517901687593,0.8890517901645916,0.889051790160951,0.8890517901578101,0.8890517901551056,0.889051790152758,0.8890517901506935,0.8890517901488575,0.8890517901472172,0.8890517901457557,0.8890517901444606,0.8890517901433174,0.8890517901423091,0.8890517901414176,0.8890517901406282,0.8890517901399294,0.8890517901393111,0.8890517901387641,0.8890517901382802,0.889051790137852,0.889051790137473,0.8890517901371376,0.8890517901368404,0.8890517901365772,0.889051790136344,0.8890517901361372,0.8890517901359537,0.889051790135791,0.8890517901356467,0.8890517901355184,0.8890517901354046,0.8890517901353033,0.8890517901352134,0.8890517901351335,0.8890517901350624,0.8890517901349992,0.889051790134943,0.889051790134893,0.8890517901348486,0.8890517901348092,0.8890517901347741,0.8890517901347428,0.889051790134715,0.8890517901346902,0.8890517901346683,0.8890517901346486,0.8890517901346312,0.8890517901346157,0.8890517901346018,0.8890517901345896,0.8890517901345786,0.8890517901345687,0.88905179013456,0.8890517901345523,0.8890517901345454,0.8890517901345394,0.8890517901345338,0.889051790134529,0.8890517901345247,0.8890517901345207,0.8890517901345174,0.8890517901345144,0.8890517901345116,0.8890517901345092,0.8890517901345071,0.8890517901345052,0.8890517901345034,0.889051790134502,0.8890517901345006,0.8890517901344994,0.8890517901344983,0.8890517901344973,0.8890517901344964,0.8890517901344956,0.8890517901344951,0.8890517901344944,0.889051790134494,0.8890517901344934,0.889051790134493,0.8890517901344925,0.8890517901344923,0.889051790134492,0.8890517901344919,0.8890517901344915,0.8890517901344912,0.8890517901344911,0.889051790134491,0.8890517901344906,0.8890517901344905,0.8890517901344905,0.8890517901344905,0.8890517901344903,0.8890517901344902,0.8890517901344901,0.8890517901344901,0.88905179013449,0.88905179013449,0.88905179013449,0.8890517901344899,0.8890517901344899,0.8890517901344899,0.8890517901344899,0.8890517901344898,0.8890517901344898,0.8890517901344897,0.8890517901344897,0.8890517901344897,0.8890517901344897,0.8890517901344897,0.8890517901344897,0.8890517901344897,0.8890517901344897,0.8890517901344895,0.8890517901344897,0.8890517901344895,0.8890517901344895,0.8890517901344895,0.8890517901344895,0.8890517901344895,0.8890517901344895,0.8890517901344895,0.8890517901344895,0.8890517901344895,0.8890517901344895,0.8890517901344895,0.8890517901344895,0.8890517901344895,0.8890517901344895,0.8890517901344895,0.8890517901344895,0.8890517901344895,0.8890517901344895,0.8890517901344895,0.8890517901344895,0.8890517901344895,0.8890517901344895,0.8890517901344895,0.8890517901344895,0.8890517901344895,0.8890517901344895,0.8890517901344895,0.8890517901344895,0.8890517901344895,0.8890517901344895,0.8890517901344895,0.8890517901344895,0.8890517901344895,0.8890517901344895,0.8890517901344895,0.8890517901344895,0.8890517901344895,0.8890517901344895,0.8890517901344895,0.8890517901344895,0.8890517901344895,0.8890517901344895,0.8890517901344895,0.8890517901344895,0.8890517901344895,0.8890517901344895,0.8890517901344895,0.8890517901344895,0.8890517901344895,0.8890517901344895,0.8890517901344895,0.8890517901344895
3.4891012134067524e+48,0.8890517940473509,0.8890517937964658,0.8890517935427704,0.8890517932882503,0.889051793034876,0.8890517927846078,0.8890517925393832,0.8890517923010965,0.8890517920715729,0.8890517918525337,0.8890517916455578,0.8890517914520394,0.8890517912731449,0.8890517911097723,0.8890517909625152,0.8890517908316357,0.8890517907170492,0.8890517906183231,0.8890517905346907,0.8890517904650852,0.8890517904081864,0.8890517903624853,0.8890517903263571,0.8890517902981419,0.8890517902762236,0.8890517902591052,0.8890517902454689,0.8890517902342222,0.8890517902245227,0.8890517902157806,0.8890517902076402,0.8890517901999424,0.8890517901926731,0.8890517901859025,0.8890517901797286,0.889051790174227,0.8890517901694212,0.8890517901652748,0.8890517901617044,0.8890517901586055,0.8890517901558802,0.8890517901534564,0.8890517901512912,0.889051790149362,0.8890517901476521,0.8890517901461431,0.8890517901448118,0.8890517901436351,0.8890517901425932,0.8890517901416707,0.8890517901408544,0.8890517901401324,0.8890517901394936,0.8890517901389283,0.889051790138428,0.8890517901379852,0.889051790137593,0.8890517901372454,0.8890517901369376,0.8890517901366646,0.8890517901364225,0.8890517901362077,0.8890517901360171,0.8890517901358478,0.8890517901356975,0.8890517901355638,0.8890517901354451,0.8890517901353395,0.8890517901352457,0.8890517901351624,0.8890517901350881,0.8890517901350223,0.8890517901349636,0.8890517901349114,0.8890517901348651,0.8890517901348238,0.8890517901347871,0.8890517901347544,0.8890517901347254,0.8890517901346995,0.8890517901346765,0.889051790134656,0.8890517901346378,0.8890517901346215,0.889051790134607,0.8890517901345941,0.8890517901345826,0.8890517901345724,0.8890517901345633,0.8890517901345553,0.889051790134548,0.8890517901345416,0.889051790134536,0.8890517901345307,0.8890517901345264,0.8890517901345223,0.8890517901345187,0.8890517901345155,0.8890517901345126,0.8890517901345101,0.889051790134508,0.889051790134506,0.8890517901345041,0.8890517901345025,0.8890517901345011,0.8890517901344999,0.8890517901344986,0.8890517901344976,0.8890517901344969,0.8890517901344961,0.8890517901344953,0.8890517901344946,0.8890517901344941,0.8890517901344935,0.8890517901344931,0.8890517901344929,0.8890517901344924,0.8890517901344921,0.8890517901344919,0.8890517901344915,0.8890517901344913,0.8890517901344911,0.8890517901344911,0.8890517901344909,0.8890517901344906,0.8890517901344905,0.8890517901344904,0.8890517901344903,0.8890517901344902,0.8890517901344902,0.8890517901344901,0.8890517901344901,0.88905179013449,0.88905179013449,0.88905179013449,0.8890517901344899,0.8890517901344899,0.8890517901344899,0.8890517901344899,0.8890517901344898,0.8890517901344898,0.8890517901344897,0.8890517901344897,0.8890517901344897,0.8890517901344897,0.8890517901344897,0.8890517901344897,0.8890517901344897,0.8890517901344895,0.8890517901344895,0.8890517901344895,0.8890517901344895,0.8890517901344895,0.8890517901344895,0.8890517901344895,0.8890517901344895,0.8890517901344895,0.8890517901344895,0.8890517901344895,0.8890517901344895,0.8890517901344895,0.8890517901344895,0.8890517901344895,0.8890517901344895,0.8890517901344895,0.8890517901344895,0.8890517901344895,0.8890517901344895,0.8890517901344895,0.8890517901344895,0.8890517901344895,0.8890517901344895,0.8890517901344895,0.8890517901344895,0.8890517901344895,0.8890517901344895,0.8890517901344895,0.8890517901344895,0.8890517901344895,0.8890517901344895,0.8890517901344895,0.8890517901344895,0.8890517901344895,0.8890517901344895,0.8890517901344895,0.8890517901344895,0.8890517901344895,0.8890517901344895,0.8890517901344895,0.8890517901344895,0.8890517901344895,0.8890517901344895,0.8890517901344895,0.8890517901344895,0.8890517901344895,0.8890517901344895,0.8890517901344895,0.8890517901344895,0.8890517901344895,0.8890517901344895
4.0088063288984975e+48,0.8890517952998124,0.8890517949686219,0.8890517946337216,0.8890517942977326,0.889051793963256,0.8890517936328799,0.8890517933091618,0.8890517929946025,0.8890517926916109,0.8890517924024597,0.8890517921292332,0.8890517918737719,0.8890517916376154,0.889051791421949,0.8890517912275565,0.8890517910547842,0.8890517909035198,0.8890517907731925,0.8890517906627905,0.8890517905709049,0.8890517904957935,0.889051790435464,0.8890517903877716,0.8890517903505251,0.8890517903215912,0.8890517902989933,0.8890517902809921,0.8890517902661454,0.8890517902533414,0.889051790241801,0.889051790231055,0.8890517902208933,0.8890517902112969,0.8890517902023592,0.8890517901942091,0.8890517901869464,0.8890517901806022,0.8890517901751288,0.8890517901704156,0.8890517901663247,0.8890517901627271,0.8890517901595274,0.8890517901566694,0.8890517901541224,0.8890517901518653,0.8890517901498733,0.889051790148116,0.8890517901465624,0.8890517901451871,0.8890517901439693,0.8890517901428917,0.8890517901419386,0.8890517901410955,0.8890517901403492,0.8890517901396887,0.8890517901391041,0.8890517901385863,0.8890517901381275,0.8890517901377212,0.8890517901373608,0.8890517901370412,0.8890517901367576,0.889051790136506,0.8890517901362825,0.8890517901360842,0.8890517901359076,0.889051790135751,0.8890517901356118,0.8890517901354879,0.8890517901353777,0.8890517901352798,0.8890517901351928,0.8890517901351154,0.8890517901350464,0.8890517901349853,0.8890517901349307,0.8890517901348823,0.8890517901348393,0.8890517901348008,0.8890517901347668,0.8890517901347363,0.8890517901347093,0.8890517901346853,0.8890517901346637,0.8890517901346446,0.8890517901346277,0.8890517901346124,0.889051790134599,0.889051790134587,0.8890517901345762,0.8890517901345668,0.8890517901345584,0.8890517901345507,0.889051790134544,0.8890517901345382,0.8890517901345327,0.8890517901345281,0.8890517901345238,0.8890517901345201,0.8890517901345167,0.8890517901345137,0.8890517901345111,0.8890517901345089,0.8890517901345066,0.8890517901345049,0.8890517901345031,0.8890517901345016,0.8890517901345003,0.8890517901344991,0.8890517901344982,0.8890517901344972,0.8890517901344963,0.8890517901344955,0.8890517901344949,0.8890517901344943,0.8890517901344939,0.8890517901344934,0.889051790134493,0.8890517901344925,0.8890517901344922,0.8890517901344919,0.8890517901344916,0.8890517901344914,0.8890517901344912,0.8890517901344911,0.889051790134491,0.8890517901344906,0.8890517901344905,0.8890517901344904,0.8890517901344904,0.8890517901344903,0.8890517901344902,0.8890517901344901,0.8890517901344901,0.8890517901344901,0.88905179013449,0.88905179013449,0.8890517901344899,0.8890517901344899,0.8890517901344898,0.8890517901344898,0.8890517901344898,0.8890517901344898,0.8890517901344897,0.8890517901344897,0.8890517901344897,0.8890517901344897,0.8890517901344897,0.8890517901344897,0.8890517901344895,0.8890517901344895,0.8890517901344897,0.8890517901344895,0.8890517901344895,0.8890517901344895,0.8890517901344895,0.8890517901344895,0.8890517901344895,0.8890517901344895,0.8890517901344895,0.8890517901344895,0.8890517901344895,0.8890517901344895,0.8890517901344895,0.8890517901344895,0.8890517901344895,0.8890517901344895,0.8890517901344895,0.8890517901344895,0.8890517901344895,0.8890517901344895,0.8890517901344895,0.8890517901344895,0.8890517901344895,0.8890517901344895,0.8890517901344895,0.8890517901344895,0.8890517901344895,0.8890517901344895,0.8890517901344895,0.8890517901344895,0.8890517901344895,0.8890517901344895,0.8890517901344895,0.8890517901344895,0.8890517901344895,0.8890517901344895,0.8890517901344895,0.8890517901344895,0.8890517901344895,0.8890517901344895,0.8890517901344895,0.8890517901344895,0.8890517901344895,0.8890517901344895,0.8890517901344895,0.8890517901344895,0.8890517901344895,0.8890517901344895,0.8890517901344895
4.605922041145132e+48,0.8890517969531723,0.8890517965159717,0.8890517960738735,0.8890517956303384,0.8890517951887997,0.889051794752674,0.8890517943253374,0.8890517939100914,0.8890517935101159,0.8890517931284107,0.8890517927677276,0.8890517924304959,0.8890517921187485,0.8890517918340498,0.8890517915774345,0.8890517913493597,0.8890517911496776,0.8890517909776339,0.8890517908318936,0.8890517907105965,0.8890517906114428,0.8890517905318024,0.8890517904688443,0.8890517904196755,0.8890517903814802,0.889051790351649,0.8890517903278858,0.8890517903082871,0.8890517902913844,0.8890517902761501,0.8890517902619645,0.8890517902485501,0.8890517902358821,0.8890517902240836,0.8890517902133247,0.8890517902037371,0.8890517901953623,0.889051790188137,0.8890517901819152,0.8890517901765147,0.8890517901717656,0.8890517901675418,0.8890517901637688,0.8890517901604066,0.8890517901574272,0.8890517901547975,0.8890517901524775,0.8890517901504269,0.8890517901486112,0.8890517901470036,0.8890517901455811,0.889051790144323,0.8890517901432099,0.8890517901422248,0.8890517901413529,0.889051790140581,0.8890517901398975,0.889051790139292,0.8890517901387555,0.8890517901382798,0.889051790137858,0.8890517901374837,0.8890517901371514,0.8890517901368565,0.8890517901365944,0.8890517901363616,0.8890517901361547,0.8890517901359708,0.8890517901358074,0.8890517901356619,0.8890517901355327,0.8890517901354178,0.8890517901353157,0.8890517901352247,0.8890517901351439,0.889051790135072,0.889051790135008,0.8890517901349512,0.8890517901349005,0.8890517901348554,0.8890517901348154,0.8890517901347796,0.8890517901347478,0.8890517901347195,0.8890517901346943,0.8890517901346717,0.8890517901346517,0.889051790134634,0.8890517901346181,0.889051790134604,0.8890517901345916,0.8890517901345804,0.8890517901345704,0.8890517901345615,0.8890517901345536,0.8890517901345466,0.8890517901345404,0.8890517901345347,0.8890517901345298,0.8890517901345254,0.8890517901345215,0.8890517901345181,0.889051790134515,0.8890517901345122,0.8890517901345096,0.8890517901345074,0.8890517901345054,0.8890517901345037,0.8890517901345023,0.889051790134501,0.8890517901344996,0.8890517901344985,0.8890517901344974,0.8890517901344965,0.8890517901344959,0.8890517901344952,0.8890517901344945,0.8890517901344941,0.8890517901344935,0.8890517901344931,0.8890517901344926,0.8890517901344923,0.8890517901344921,0.8890517901344919,0.8890517901344915,0.8890517901344913,0.8890517901344911,0.8890517901344909,0.8890517901344906,0.8890517901344906,0.8890517901344905,0.8890517901344904,0.8890517901344904,0.8890517901344902,0.8890517901344902,0.8890517901344901,0.88905179013449,0.88905179013449,0.88905179013449,0.8890517901344899,0.8890517901344899,0.8890517901344899,0.8890517901344899,0.8890517901344898,0.8890517901344898,0.8890517901344898,0.8890517901344897,0.8890517901344897,0.8890517901344897,0.8890517901344897,0.8890517901344895,0.8890517901344897,0.8890517901344897,0.8890517901344897,0.8890517901344895,0.8890517901344895,0.8890517901344895,0.8890517901344895,0.8890517901344895,0.8890517901344895,0.8890517901344895,0.8890517901344895,0.8890517901344895,0.8890517901344895,0.8890517901344895,0.8890517901344895,0.8890517901344895,0.8890517901344895,0.8890517901344895,0.8890517901344895,0.8890517901344895,0.8890517901344895,0.8890517901344895,0.8890517901344895,0.8890517901344895,0.8890517901344895,0.8890517901344895,0.8890517901344895,0.8890517901344895,0.8890517901344895,0.8890517901344895,0.8890517901344895,0.8890517901344895,0.8890517901344895,0.8890517901344895,0.8890517901344895,0.8890517901344895,0.8890517901344895,0.8890517901344895,0.8890517901344895,0.8890517901344895,0.8890517901344895,0.8890517901344895,0.8890517901344895,0.8890517901344895,0.8890517901344895,0.8890517901344895,0.8890517901344895,0.8890517901344895,0.8890517901344895
5.2919787359584585e+48,0.8890517991357536,0.8890517985586102,0.8890517979750016,0.8890517973894959,0.8890517968066258,0.8890517962309012,0.8890517956667794,0.8890517951186178,0.8890517945906147,0.8890517940867301,0.8890517936105965,0.889051793165421,0.8890517927538868,0.8890517923780594,0.8890517920393045,0.8890517917382255,0.8890517914746274,0.8890517912475147,0.8890517910551244,0.8890517908950016,0.8890517907641099,0.8890517906589777,0.8890517905758675,0.8890517905109602,0.8890517904605391,0.8890517904211592,0.8890517903897898,0.8890517903639177,0.8890517903416046,0.8890517903214941,0.8890517903027676,0.8890517902850595,0.8890517902683367,0.8890517902527617,0.8890517902385588,0.8890517902259025,0.889051790214847,0.8890517902053088,0.8890517901970955,0.8890517901899666,0.8890517901836973,0.8890517901781215,0.8890517901731407,0.8890517901687024,0.8890517901647693,0.8890517901612979,0.8890517901582353,0.8890517901555283,0.8890517901531314,0.8890517901510092,0.8890517901491315,0.8890517901474706,0.8890517901460011,0.8890517901447008,0.8890517901435497,0.8890517901425308,0.8890517901416286,0.8890517901408292,0.889051790140121,0.889051790139493,0.8890517901389362,0.8890517901384422,0.8890517901380036,0.8890517901376142,0.8890517901372682,0.8890517901369608,0.8890517901366877,0.8890517901364449,0.8890517901362291,0.8890517901360372,0.8890517901358667,0.8890517901357149,0.88905179013558,0.8890517901354601,0.8890517901353533,0.8890517901352585,0.889051790135174,0.8890517901350989,0.889051790135032,0.8890517901349726,0.8890517901349196,0.8890517901348725,0.8890517901348305,0.8890517901347931,0.8890517901347598,0.8890517901347301,0.8890517901347037,0.8890517901346802,0.8890517901346593,0.8890517901346406,0.8890517901346241,0.8890517901346093,0.8890517901345962,0.8890517901345846,0.8890517901345742,0.8890517901345649,0.8890517901345566,0.8890517901345493,0.8890517901345427,0.889051790134537,0.8890517901345317,0.8890517901345271,0.8890517901345232,0.8890517901345194,0.8890517901345161,0.8890517901345132,0.8890517901345105,0.8890517901345083,0.8890517901345063,0.8890517901345045,0.889051790134503,0.8890517901345013,0.8890517901345,0.8890517901344988,0.8890517901344979,0.8890517901344971,0.8890517901344963,0.8890517901344955,0.8890517901344949,0.8890517901344941,0.8890517901344935,0.8890517901344931,0.8890517901344929,0.8890517901344925,0.8890517901344923,0.889051790134492,0.8890517901344916,0.8890517901344913,0.8890517901344911,0.889051790134491,0.8890517901344909,0.8890517901344906,0.8890517901344906,0.8890517901344905,0.8890517901344904,0.8890517901344902,0.8890517901344902,0.8890517901344901,0.8890517901344901,0.88905179013449,0.88905179013449,0.88905179013449,0.8890517901344899,0.8890517901344899,0.8890517901344898,0.8890517901344898,0.8890517901344899,0.8890517901344898,0.8890517901344898,0.8890517901344897,0.8890517901344897,0.8890517901344897,0.8890517901344897,0.8890517901344897,0.8890517901344897,0.8890517901344897,0.8890517901344895,0.8890517901344895,0.8890517901344895,0.8890517901344895,0.8890517901344895,0.8890517901344895,0.8890517901344895,0.8890517901344895,0.8890517901344895,0.8890517901344895,0.8890517901344895,0.8890517901344895,0.8890517901344895,0.8890517901344895,0.8890517901344895,0.8890517901344895,0.8890517901344895,0.8890517901344895,0.8890517901344895,0.8890517901344895,0.8890517901344895,0.8890517901344895,0.8890517901344895,0.8890517901344895,0.8890517901344895,0.8890517901344895,0.8890517901344895,0.8890517901344895,0.8890517901344895,0.8890517901344895,0.8890517901344895,0.8890517901344895,0.8890517901344895,0.8890517901344895,0.8890517901344895,0.8890517901344895,0.8890517901344895,0.8890517901344895,0.8890517901344895,0.8890517901344895,0.8890517901344895,0.8890517901344895,0.8890517901344895,0.8890517901344895
6.080224261649427e+48,0.8890518020169538,0.8890518012550732,0.8890518004846584,0.8890517997117393,0.8890517989422992,0.8890517981822919,0.8890517974376011,0.8890517967139794,0.8890517960169685,0.8890517953517965,0.889051794723258,0.889051794135587,0.8890517935923256,0.8890517930962001,0.8890517926490137,0.8890517922515628,0.8890517919035901,0.8890517916037811,0.889051791349809,0.8890517911384327,0.8890517909656442,0.8890517908268603,0.8890517907171472,0.889051790631464,0.8890517905649037,0.8890517905129188,0.8890517904715084,0.8890517904373549,0.8890517904078998,0.8890517903813521,0.8890517903566315,0.8890517903332552,0.8890517903111795,0.8890517902906192,0.8890517902718702,0.8890517902551628,0.8890517902405685,0.8890517902279773,0.889051790217135,0.8890517902077242,0.889051790199448,0.8890517901920877,0.8890517901855125,0.8890517901796535,0.8890517901744613,0.8890517901698789,0.8890517901658361,0.8890517901622625,0.8890517901590985,0.889051790156297,0.8890517901538182,0.8890517901516257,0.8890517901496858,0.8890517901479692,0.8890517901464499,0.8890517901451047,0.8890517901439137,0.8890517901428585,0.8890517901419235,0.8890517901410947,0.8890517901403594,0.8890517901397074,0.8890517901391283,0.8890517901386142,0.8890517901381576,0.8890517901377518,0.8890517901373913,0.8890517901370708,0.8890517901367859,0.8890517901365326,0.8890517901363074,0.8890517901361071,0.889051790135929,0.8890517901357707,0.8890517901356298,0.8890517901355046,0.8890517901353931,0.889051790135294,0.8890517901352057,0.8890517901351271,0.8890517901350573,0.889051790134995,0.8890517901349396,0.8890517901348902,0.8890517901348464,0.8890517901348072,0.8890517901347722,0.8890517901347412,0.8890517901347136,0.889051790134689,0.8890517901346672,0.8890517901346477,0.8890517901346305,0.889051790134615,0.8890517901346012,0.889051790134589,0.8890517901345781,0.8890517901345685,0.8890517901345598,0.8890517901345522,0.8890517901345453,0.8890517901345393,0.8890517901345337,0.889051790134529,0.8890517901345246,0.8890517901345207,0.8890517901345173,0.8890517901345143,0.8890517901345116,0.8890517901345093,0.8890517901345071,0.8890517901345051,0.8890517901345033,0.8890517901345019,0.8890517901345005,0.8890517901344995,0.8890517901344984,0.8890517901344974,0.8890517901344964,0.8890517901344955,0.889051790134495,0.8890517901344943,0.889051790134494,0.8890517901344935,0.8890517901344931,0.8890517901344926,0.8890517901344923,0.8890517901344919,0.8890517901344916,0.8890517901344914,0.8890517901344913,0.8890517901344911,0.889051790134491,0.8890517901344908,0.8890517901344905,0.8890517901344905,0.8890517901344904,0.8890517901344903,0.8890517901344902,0.8890517901344901,0.8890517901344901,0.88905179013449,0.88905179013449,0.88905179013449,0.8890517901344899,0.8890517901344899,0.8890517901344899,0.8890517901344898,0.8890517901344898,0.8890517901344897,0.8890517901344898,0.8890517901344897,0.8890517901344897,0.8890517901344897,0.8890517901344897,0.8890517901344897,0.8890517901344895,0.8890517901344897,0.8890517901344897,0.8890517901344895,0.8890517901344897,0.8890517901344895,0.8890517901344895,0.8890517901344895,0.8890517901344895,0.8890517901344895,0.8890517901344895,0.8890517901344895,0.8890517901344895,0.8890517901344895,0.8890517901344895,0.8890517901344895,0.8890517901344895,0.8890517901344895,0.8890517901344895,0.8890517901344895,0.8890517901344895,0.8890517901344895,0.8890517901344895,0.8890517901344895,0.8890517901344895,0.8890517901344895,0.8890517901344895,0.8890517901344895,0.8890517901344895,0.8890517901344895,0.8890517901344895,0.8890517901344895,0.8890517901344895,0.8890517901344895,0.8890517901344895,0.8890517901344895,0.8890517901344895,0.8890517901344895,0.8890517901344895,0.8890517901344895,0.8890517901344895,0.8890517901344895,0.8890517901344895,0.8890517901344895
6.985879746785235e+48,0.8890518058203927,0.8890518048146432,0.8890518037976274,0.8890518027773058,0.8890518017615768,0.8890518007583,0.8890517997752423,0.8890517988199977,0.8890517978998819,0.8890517970217959,0.8890517961920696,0.8890517954162919,0.8890517946991386,0.8890517940442093,0.8890517934538836,0.8890517929292134,0.8890517924698587,0.8890517920740844,0.8890517917388188,0.8890517914597834,0.8890517912316872,0.8890517910484801,0.8890517909036493,0.8890517907905398,0.8890517907026744,0.8890517906340497,0.8890517905793842,0.8890517905342987,0.8890517904954154,0.8890517904603699,0.8890517904277366,0.8890517903968778,0.889051790367736,0.8890517903405946,0.8890517903158442,0.8890517902937888,0.8890517902745232,0.8890517902579016,0.8890517902435888,0.8890517902311658,0.8890517902202405,0.889051790210524,0.8890517902018443,0.88905179019411,0.8890517901872559,0.8890517901812066,0.8890517901758698,0.8890517901711523,0.8890517901669756,0.8890517901632773,0.889051790160005,0.8890517901571107,0.88905179015455,0.889051790152284,0.8890517901502781,0.8890517901485026,0.8890517901469303,0.8890517901455374,0.889051790144303,0.8890517901432089,0.8890517901422385,0.8890517901413774,0.8890517901406131,0.8890517901399345,0.8890517901393318,0.8890517901387961,0.8890517901383201,0.8890517901378969,0.889051790137521,0.8890517901371866,0.8890517901368892,0.8890517901366249,0.8890517901363898,0.8890517901361809,0.8890517901359949,0.8890517901358295,0.8890517901356824,0.8890517901355515,0.889051790135435,0.8890517901353314,0.889051790135239,0.8890517901351568,0.8890517901350837,0.8890517901350184,0.8890517901349604,0.8890517901349088,0.8890517901348627,0.8890517901348217,0.8890517901347853,0.8890517901347528,0.8890517901347241,0.8890517901346985,0.8890517901346755,0.8890517901346552,0.8890517901346371,0.889051790134621,0.8890517901346066,0.8890517901345937,0.8890517901345822,0.8890517901345721,0.8890517901345631,0.8890517901345552,0.8890517901345479,0.8890517901345416,0.8890517901345357,0.8890517901345306,0.8890517901345262,0.8890517901345223,0.8890517901345187,0.8890517901345155,0.8890517901345126,0.8890517901345101,0.8890517901345076,0.8890517901345056,0.8890517901345041,0.8890517901345025,0.8890517901345012,0.8890517901345,0.8890517901344986,0.8890517901344975,0.8890517901344965,0.8890517901344959,0.8890517901344954,0.8890517901344949,0.8890517901344942,0.8890517901344936,0.8890517901344931,0.8890517901344926,0.8890517901344923,0.8890517901344921,0.8890517901344919,0.8890517901344915,0.8890517901344913,0.8890517901344912,0.889051790134491,0.8890517901344909,0.8890517901344906,0.8890517901344905,0.8890517901344905,0.8890517901344903,0.8890517901344902,0.8890517901344902,0.8890517901344901,0.8890517901344901,0.88905179013449,0.88905179013449,0.88905179013449,0.8890517901344899,0.8890517901344899,0.8890517901344899,0.8890517901344899,0.8890517901344897,0.8890517901344898,0.8890517901344897,0.8890517901344897,0.8890517901344897,0.8890517901344897,0.8890517901344897,0.8890517901344897,0.8890517901344897,0.8890517901344897,0.8890517901344895,0.8890517901344895,0.8890517901344895,0.8890517901344895,0.8890517901344895,0.8890517901344895,0.8890517901344895,0.8890517901344895,0.8890517901344895,0.8890517901344895,0.8890517901344895,0.8890517901344895,0.8890517901344895,0.8890517901344895,0.8890517901344895,0.8890517901344895,0.8890517901344895,0.8890517901344895,0.8890517901344895,0.8890517901344895,0.8890517901344895,0.8890517901344895,0.8890517901344895,0.8890517901344895,0.8890517901344895,0.8890517901344895,0.8890517901344895,0.8890517901344895,0.8890517901344895,0.8890517901344895,0.8890517901344895,0.8890517901344895,0.8890517901344895,0.8890517901344895,0.8890517901344895,0.8890517901344895,0.8890517901344895,0.8890517901344895,0.8890517901344895
8.026433522257142e+48,0.8890518108412684,0.88905180951359,0.8890518081710393,0.8890518068241247,0.8890518054832727,0.8890518041588586,0.8890518028611355,0.8890518016001281,0.8890518003854938,0.8890517992263427,0.8890517981310306,0.8890517971069356,0.8890517961602299,0.8890517952956651,0.8890517945163833,0.8890517938237721,0.8890517932173831,0.8890517926949261,0.8890517922523459,0.8890517918839945,0.8890517915828874,0.8890517913410377,0.8890517911498483,0.8890517910005339,0.8890517908845438,0.8890517907939531,0.8890517907217899,0.8890517906622729,0.8890517906109435,0.8890517905646804,0.8890517905216017,0.8890517904808654,0.8890517904423955,0.8890517904065663,0.8890517903738938,0.8890517903447787,0.8890517903193463,0.8890517902974042,0.8890517902785102,0.8890517902621107,0.8890517902476884,0.8890517902348619,0.8890517902234039,0.8890517902131937,0.8890517902041458,0.8890517901961602,0.8890517901891151,0.8890517901828875,0.8890517901773739,0.8890517901724918,0.8890517901681722,0.8890517901643515,0.8890517901609711,0.8890517901579797,0.889051790155332,0.889051790152988,0.8890517901509123,0.8890517901490737,0.8890517901474443,0.8890517901459999,0.8890517901447188,0.889051790143582,0.8890517901425732,0.8890517901416772,0.8890517901408815,0.8890517901401747,0.8890517901395463,0.8890517901389877,0.8890517901384912,0.8890517901380499,0.8890517901376574,0.8890517901373084,0.8890517901369982,0.8890517901367221,0.8890517901364767,0.8890517901362583,0.8890517901360641,0.8890517901358914,0.8890517901357375,0.8890517901356008,0.889051790135479,0.8890517901353705,0.8890517901352739,0.8890517901351879,0.8890517901351113,0.889051790135043,0.8890517901349823,0.8890517901349281,0.88905179013488,0.8890517901348373,0.8890517901347992,0.8890517901347653,0.8890517901347351,0.8890517901347083,0.8890517901346844,0.889051790134663,0.889051790134644,0.8890517901346271,0.889051790134612,0.8890517901345986,0.8890517901345866,0.8890517901345761,0.8890517901345667,0.8890517901345582,0.8890517901345506,0.8890517901345438,0.889051790134538,0.8890517901345326,0.8890517901345281,0.889051790134524,0.8890517901345201,0.8890517901345166,0.8890517901345135,0.889051790134511,0.8890517901345086,0.8890517901345069,0.889051790134505,0.8890517901345032,0.8890517901345016,0.8890517901345001,0.889051790134499,0.889051790134498,0.8890517901344972,0.8890517901344965,0.8890517901344958,0.889051790134495,0.8890517901344943,0.8890517901344936,0.8890517901344932,0.8890517901344929,0.8890517901344925,0.8890517901344923,0.889051790134492,0.8890517901344916,0.8890517901344914,0.8890517901344912,0.889051790134491,0.8890517901344909,0.8890517901344908,0.8890517901344905,0.8890517901344904,0.8890517901344904,0.8890517901344903,0.8890517901344902,0.8890517901344901,0.8890517901344901,0.88905179013449,0.88905179013449,0.88905179013449,0.8890517901344899,0.8890517901344899,0.8890517901344899,0.8890517901344898,0.8890517901344898,0.8890517901344898,0.8890517901344898,0.8890517901344897,0.8890517901344897,0.8890517901344897,0.8890517901344897,0.8890517901344897,0.8890517901344895,0.8890517901344897,0.8890517901344897,0.8890517901344895,0.8890517901344897,0.8890517901344897,0.8890517901344895,0.8890517901344895,0.8890517901344895,0.8890517901344895,0.8890517901344895,0.8890517901344895,0.8890517901344895,0.8890517901344895,0.8890517901344895,0.8890517901344895,0.8890517901344895,0.8890517901344895,0.8890517901344895,0.8890517901344895,0.8890517901344895,0.8890517901344895,0.8890517901344895,0.8890517901344895,0.8890517901344895,0.8890517901344895,0.8890517901344895,0.8890517901344895,0.8890517901344895,0.8890517901344895,0.8890517901344895,0.8890517901344895,0.8890517901344895,0.8890517901344895,0.8890517901344895,0.8890517901344895,0.8890517901344895,0.8890517901344895,0.8890517901344895
9.221978823334265e+48,0.8890518174692679,0.8890518157166151,0.8890518139443297,0.8890518121662832,0.88905181039624,0.8890518086478965,0.8890518069347872,0.889051805270146,0.8890518036667213,0.8890518021365394,0.8890518006906308,0.8890517993387346,0.8890517980889995,0.8890517969476975,0.8890517959189767,0.8890517950046686,0.8890517942041816,0.8890517935144922,0.8890517929302472,0.8890517924439907,0.8890517920465028,0.8890517917272399,0.889051791474853,0.8890517912777446,0.8890517911246274,0.8890517910050398,0.8890517909097779,0.8890517908312103,0.8890517907634509,0.8890517907023795,0.8890517906455117,0.8890517905917361,0.8890517905409525,0.889051790493655,0.8890517904505244,0.8890517904120898,0.8890517903785169,0.8890517903495515,0.8890517903246096,0.8890517903029607,0.8890517902839221,0.88905179026699,0.8890517902518644,0.889051790238386,0.889051790226442,0.8890517902159003,0.8890517902066001,0.8890517901983792,0.8890517901911007,0.889051790184656,0.8890517901789537,0.8890517901739099,0.8890517901694477,0.8890517901654986,0.8890517901620033,0.889051790158909,0.889051790156169,0.8890517901537418,0.889051790151591,0.8890517901496842,0.889051790147993,0.8890517901464925,0.8890517901451607,0.8890517901439781,0.8890517901429276,0.8890517901419942,0.8890517901411649,0.8890517901404276,0.8890517901397722,0.8890517901391896,0.8890517901386714,0.8890517901382108,0.8890517901378011,0.8890517901374368,0.8890517901371128,0.8890517901368246,0.8890517901365683,0.8890517901363401,0.8890517901361371,0.8890517901359565,0.8890517901357957,0.8890517901356524,0.8890517901355249,0.8890517901354112,0.8890517901353101,0.8890517901352202,0.8890517901351399,0.8890517901350685,0.889051790135005,0.8890517901349485,0.8890517901348983,0.8890517901348536,0.8890517901348137,0.8890517901347782,0.8890517901347466,0.8890517901347185,0.8890517901346935,0.8890517901346711,0.8890517901346512,0.8890517901346334,0.8890517901346177,0.8890517901346038,0.8890517901345913,0.8890517901345802,0.8890517901345703,0.8890517901345613,0.8890517901345533,0.8890517901345465,0.8890517901345405,0.889051790134535,0.88905179013453,0.8890517901345254,0.8890517901345213,0.8890517901345177,0.8890517901345149,0.8890517901345123,0.88905179013451,0.8890517901345076,0.8890517901345054,0.8890517901345035,0.8890517901345019,0.8890517901345006,0.8890517901344996,0.8890517901344986,0.8890517901344978,0.8890517901344968,0.8890517901344958,0.889051790134495,0.8890517901344942,0.889051790134494,0.8890517901344936,0.8890517901344931,0.8890517901344926,0.8890517901344923,0.8890517901344921,0.8890517901344916,0.8890517901344914,0.8890517901344913,0.8890517901344912,0.889051790134491,0.8890517901344909,0.8890517901344906,0.8890517901344905,0.8890517901344905,0.8890517901344902,0.8890517901344902,0.8890517901344902,0.8890517901344901,0.8890517901344901,0.8890517901344901,0.88905179013449,0.88905179013449,0.8890517901344899,0.8890517901344899,0.8890517901344899,0.8890517901344898,0.8890517901344898,0.8890517901344897,0.8890517901344897,0.8890517901344897,0.8890517901344897,0.8890517901344897,0.8890517901344897,0.8890517901344897,0.8890517901344895,0.8890517901344897,0.8890517901344897,0.8890517901344895,0.8890517901344895,0.8890517901344895,0.8890517901344895,0.8890517901344895,0.8890517901344895,0.8890517901344895,0.8890517901344895,0.8890517901344895,0.8890517901344895,0.8890517901344895,0.8890517901344895,0.8890517901344895,0.8890517901344895,0.8890517901344895,0.8890517901344895,0.8890517901344895,0.8890517901344895,0.8890517901344895,0.8890517901344895,0.8890517901344895,0.8890517901344895,0.8890517901344895,0.8890517901344895,0.8890517901344895,0.8890517901344895,0.8890517901344895,0.8890517901344895,0.8890517901344895,0.8890517901344895,0.8890517901344895,0.8890517901344895,0.8890517901344895
1.0595601792776235e+49,0.8890518262188132,0.8890518239051567,0.8890518215655832,0.8890518192184047,0.8890518168817912,0.8890518145738232,0.8890518123123675,0.8890518101148941,0.8890518079982317,0.8890518059782564,0.8890518040695292,0.8890518022849068,0.8890518006351457,0.8890517991285264,0.8890517977705238,0.8890517965635564,0.8890517955068429,0.8890517945963918,0.8890517938251367,0.8890517931832352,0.889051792658516,0.8890517922370608,0.8890517919038878,0.8890517916436873,0.889051791441559,0.8890517912836928,0.8890517911579386,0.8890517910542225,0.8890517909647742,0.8890517908841545,0.8890517908090838,0.8890517907380955,0.8890517906710566,0.8890517906086196,0.8890517905516835,0.8890517905009464,0.8890517904566271,0.8890517904183903,0.8890517903854649,0.8890517903568864,0.8890517903317537,0.8890517903094018,0.8890517902894346,0.889051790271642,0.889051790255875,0.8890517902419589,0.8890517902296817,0.8890517902188296,0.8890517902092213,0.8890517902007137,0.8890517901931861,0.889051790186528,0.8890517901806373,0.8890517901754244,0.8890517901708102,0.8890517901667255,0.8890517901631083,0.8890517901599042,0.8890517901570649,0.8890517901545478,0.8890517901523153,0.8890517901503345,0.8890517901485764,0.8890517901470152,0.8890517901456285,0.8890517901443965,0.8890517901433015,0.8890517901423284,0.8890517901414632,0.889051790140694,0.88905179014001,0.8890517901394018,0.889051790138861,0.8890517901383801,0.8890517901379524,0.889051790137572,0.8890517901372337,0.8890517901369325,0.8890517901366645,0.8890517901364259,0.8890517901362137,0.8890517901360246,0.8890517901358563,0.8890517901357063,0.8890517901355729,0.889051790135454,0.8890517901353482,0.8890517901352537,0.8890517901351699,0.8890517901350954,0.8890517901350291,0.88905179013497,0.8890517901349174,0.8890517901348706,0.8890517901348289,0.8890517901347917,0.8890517901347587,0.8890517901347292,0.8890517901347028,0.8890517901346794,0.8890517901346587,0.8890517901346403,0.889051790134624,0.8890517901346092,0.889051790134596,0.8890517901345842,0.8890517901345738,0.8890517901345647,0.8890517901345567,0.8890517901345495,0.8890517901345427,0.889051790134537,0.8890517901345314,0.8890517901345267,0.889051790134523,0.8890517901345195,0.8890517901345165,0.8890517901345134,0.8890517901345105,0.889051790134508,0.8890517901345059,0.8890517901345042,0.889051790134503,0.8890517901345016,0.8890517901345004,0.8890517901344991,0.8890517901344978,0.8890517901344966,0.8890517901344959,0.8890517901344953,0.8890517901344949,0.8890517901344943,0.8890517901344938,0.8890517901344933,0.8890517901344929,0.8890517901344924,0.8890517901344921,0.889051790134492,0.8890517901344918,0.8890517901344913,0.8890517901344912,0.8890517901344911,0.8890517901344909,0.8890517901344906,0.8890517901344905,0.8890517901344905,0.8890517901344904,0.8890517901344903,0.8890517901344902,0.8890517901344901,0.8890517901344901,0.88905179013449,0.88905179013449,0.88905179013449,0.8890517901344899,0.8890517901344899,0.8890517901344899,0.8890517901344899,0.8890517901344898,0.8890517901344898,0.8890517901344897,0.8890517901344897,0.8890517901344897,0.8890517901344897,0.8890517901344897,0.8890517901344897,0.8890517901344897,0.8890517901344895,0.8890517901344895,0.8890517901344895,0.8890517901344897,0.8890517901344895,0.8890517901344895,0.8890517901344895,0.8890517901344895,0.8890517901344895,0.8890517901344895,0.8890517901344895,0.8890517901344895,0.8890517901344895,0.8890517901344895,0.8890517901344895,0.8890517901344895,0.8890517901344895,0.8890517901344895,0.8890517901344895,0.8890517901344895,0.8890517901344895,0.8890517901344895,0.8890517901344895,0.8890517901344895,0.8890517901344895,0.8890517901344895,0.8890517901344895,0.8890517901344895,0.8890517901344895,0.8890517901344895,0.8890517901344895,0.8890517901344895,0.8890517901344895
1.217382727739667e+49,0.8890518377689863,0.8890518347147552,0.8890518316263115,0.8890518285278284,0.8890518254432921,0.8890518223965702,0.889051819411249,0.8890518165103897,0.8890518137162083,0.8890518110496624,0.8890518085299736,0.8890518061741144,0.8890518039962839,0.8890518020074133,0.8890518002147297,0.8890517986214261,0.8890517972264709,0.8890517960245949,0.88905179500647,0.8890517941591035,0.8890517934664276,0.8890517929100694,0.8890517924702517,0.889051792126764,0.8890517918599369,0.8890517916515395,0.8890517914855329,0.8890517913486183,0.8890517912305386,0.8890517911241135,0.8890517910250136,0.8890517909313028,0.8890517908428054,0.8890517907603832,0.8890517906852224,0.889051790618245,0.8890517905597397,0.8890517905092635,0.8890517904657992,0.8890517904280729,0.8890517903948958,0.8890517903653892,0.8890517903390307,0.889051790315543,0.889051790294729,0.8890517902763586,0.8890517902601516,0.8890517902458258,0.8890517902331421,0.8890517902219113,0.8890517902119742,0.8890517902031849,0.8890517901954088,0.889051790188527,0.889051790182436,0.8890517901770438,0.8890517901722689,0.8890517901680393,0.889051790164291,0.8890517901609681,0.889051790158021,0.8890517901554063,0.8890517901530854,0.8890517901510245,0.889051790149194,0.8890517901475675,0.8890517901461221,0.8890517901448374,0.8890517901436953,0.8890517901426799,0.889051790141777,0.8890517901409744,0.8890517901402603,0.8890517901396255,0.8890517901390608,0.8890517901385586,0.8890517901381119,0.8890517901377143,0.8890517901373607,0.8890517901370458,0.8890517901367656,0.8890517901365161,0.8890517901362939,0.8890517901360959,0.8890517901359196,0.8890517901357627,0.8890517901356229,0.8890517901354984,0.8890517901353877,0.8890517901352892,0.8890517901352019,0.8890517901351239,0.8890517901350544,0.8890517901349926,0.8890517901349375,0.8890517901348886,0.8890517901348448,0.8890517901348058,0.8890517901347712,0.8890517901347402,0.8890517901347128,0.8890517901346886,0.8890517901346668,0.8890517901346475,0.8890517901346301,0.8890517901346146,0.8890517901346007,0.8890517901345888,0.8890517901345782,0.8890517901345687,0.8890517901345599,0.889051790134552,0.8890517901345447,0.8890517901345386,0.8890517901345336,0.8890517901345292,0.8890517901345251,0.8890517901345212,0.8890517901345173,0.8890517901345137,0.889051790134511,0.8890517901345089,0.8890517901345072,0.8890517901345055,0.8890517901345039,0.8890517901345022,0.8890517901345004,0.889051790134499,0.8890517901344979,0.8890517901344973,0.8890517901344966,0.8890517901344959,0.8890517901344951,0.8890517901344945,0.889051790134494,0.8890517901344933,0.8890517901344929,0.8890517901344926,0.8890517901344924,0.8890517901344919,0.8890517901344916,0.8890517901344915,0.8890517901344913,0.8890517901344911,0.8890517901344909,0.8890517901344906,0.8890517901344906,0.8890517901344904,0.8890517901344904,0.8890517901344904,0.8890517901344902,0.8890517901344901,0.8890517901344901,0.8890517901344901,0.88905179013449,0.88905179013449,0.8890517901344899,0.8890517901344899,0.8890517901344899,0.8890517901344898,0.8890517901344898,0.8890517901344897,0.8890517901344897,0.8890517901344897,0.8890517901344897,0.8890517901344897,0.8890517901344897,0.8890517901344897,0.8890517901344897,0.8890517901344895,0.8890517901344897,0.8890517901344895,0.8890517901344895,0.8890517901344895,0.8890517901344895,0.8890517901344895,0.8890517901344895,0.8890517901344895,0.8890517901344895,0.8890517901344895,0.8890517901344895,0.8890517901344895,0.8890517901344895,0.8890517901344895,0.8890517901344895,0.8890517901344895,0.8890517901344895,0.8890517901344895,0.8890517901344895,0.8890517901344895,0.8890517901344895,0.8890517901344895,0.8890517901344895,0.8890517901344895,0.8890517901344895,0.8890517901344895,0.8890517901344895,0.8890517901344895,0.8890517901344895,0.8890517901344895
1.3987131026472415e+49,0.8890518530162358,0.8890518489843806,0.8890518449073621,0.8890518408170904,0.8890518367452299,0.8890518327232879,0.8890518287824,0.8890518249530093,0.8890518212644429,0.8890518177443665,0.8890518144181547,0.8890518113082121,0.8890518084332836,0.8890518058077984,0.8890518034412979,0.8890518013379961,0.8890517994965318,0.8890517979099494,0.8890517965659345,0.8890517954473357,0.8890517945329424,0.8890517937985004,0.889051793217902,0.8890517927644679,0.8890517924122324,0.8890517921371295,0.8890517919179862,0.8890517917372469,0.8890517915813712,0.8890517914408808,0.8890517913100601,0.8890517911863535,0.8890517910695291,0.8890517909607245,0.8890517908615055,0.8890517907730896,0.8890517906958573,0.8890517906292243,0.8890517905718475,0.8890517905220456,0.8890517904782487,0.8890517904392975,0.889051790404502,0.8890517903734961,0.8890517903460198,0.8890517903217692,0.8890517903003746,0.8890517902814632,0.8890517902647195,0.8890517902498939,0.8890517902367762,0.8890517902251734,0.8890517902149082,0.8890517902058238,0.889051790197783,0.8890517901906649,0.8890517901843618,0.8890517901787781,0.8890517901738301,0.8890517901694437,0.8890517901655532,0.8890517901621016,0.8890517901590378,0.8890517901563172,0.8890517901539006,0.8890517901517536,0.8890517901498456,0.8890517901481496,0.8890517901466419,0.8890517901453016,0.8890517901441097,0.8890517901430499,0.8890517901421076,0.8890517901412694,0.889051790140524,0.8890517901398611,0.8890517901392714,0.8890517901387467,0.8890517901382796,0.8890517901378641,0.8890517901374941,0.8890517901371648,0.8890517901368715,0.8890517901366101,0.8890517901363774,0.8890517901361702,0.8890517901359857,0.8890517901358214,0.8890517901356753,0.8890517901355453,0.8890517901354298,0.889051790135327,0.8890517901352354,0.8890517901351536,0.8890517901350808,0.8890517901350162,0.8890517901349586,0.8890517901349072,0.8890517901348614,0.8890517901348205,0.8890517901347844,0.8890517901347523,0.8890517901347238,0.8890517901346981,0.8890517901346752,0.8890517901346544,0.8890517901346363,0.8890517901346205,0.8890517901346067,0.889051790134594,0.8890517901345825,0.8890517901345719,0.8890517901345624,0.8890517901345544,0.8890517901345477,0.8890517901345419,0.8890517901345365,0.8890517901345313,0.8890517901345262,0.8890517901345215,0.8890517901345177,0.889051790134515,0.889051790134513,0.8890517901345106,0.8890517901345084,0.8890517901345062,0.889051790134504,0.889051790134502,0.8890517901345005,0.8890517901344999,0.8890517901344991,0.8890517901344979,0.8890517901344969,0.8890517901344961,0.8890517901344953,0.8890517901344945,0.8890517901344939,0.8890517901344936,0.8890517901344932,0.8890517901344926,0.8890517901344924,0.8890517901344921,0.8890517901344919,0.8890517901344915,0.8890517901344913,0.8890517901344912,0.889051790134491,0.8890517901344909,0.8890517901344906,0.8890517901344905,0.8890517901344904,0.8890517901344903,0.8890517901344902,0.8890517901344902,0.8890517901344901,0.8890517901344901,0.88905179013449,0.88905179013449,0.88905179013449,0.8890517901344899,0.8890517901344899,0.8890517901344898,0.8890517901344898,0.8890517901344898,0.8890517901344898,0.8890517901344898,0.8890517901344897,0.8890517901344897,0.8890517901344897,0.8890517901344897,0.8890517901344897,0.8890517901344897,0.8890517901344895,0.8890517901344897,0.8890517901344895,0.8890517901344895,0.8890517901344895,0.8890517901344895,0.8890517901344895,0.8890517901344895,0.8890517901344895,0.8890517901344895,0.8890517901344895,0.8890517901344895,0.8890517901344895,0.8890517901344895,0.8890517901344895,0.8890517901344895,0.8890517901344895,0.8890517901344895,0.8890517901344895,0.8890517901344895,0.8890517901344895,0.8890517901344895,0.8890517901344895,0.8890517901344895,0.8890517901344895,0.8890517901344895,0.8890517901344895,0.8890517901344895
1.6070528182616385e+49,0.8890518731439524,0.8890518678215473,0.8890518624395226,0.8890518570400023,0.8890518516647867,0.8890518463554677,0.8890518411531474,0.8890518360980132,0.8890518312287796,0.8890518265819677,0.889051822191074,0.8890518180856749,0.8890518142905152,0.8890518108246428,0.8890518077006527,0.8890518049241086,0.8890518024932129,0.8890518003987838,0.8890517986245654,0.8890517971479162,0.889051795940836,0.8890517949713077,0.8890517942048666,0.8890517936062935,0.8890517931413116,0.8890517927781513,0.8890517924888628,0.889051792250271,0.8890517920445012,0.8890517918590413,0.8890517916863466,0.8890517915230429,0.8890517913688246,0.8890517912251927,0.889051791094215,0.889051790977498,0.8890517908755446,0.8890517907875832,0.8890517907118407,0.8890517906460979,0.8890517905882821,0.889051790536863,0.88905179049093,0.8890517904499995,0.8890517904137283,0.8890517903817152,0.8890517903534725,0.8890517903285078,0.8890517903064046,0.8890517902868336,0.889051790269517,0.8890517902542003,0.8890517902406494,0.8890517902286571,0.8890517902180427,0.8890517902086461,0.8890517902003252,0.8890517901929543,0.8890517901864226,0.889051790180632,0.8890517901754964,0.8890517901709398,0.8890517901668953,0.8890517901633038,0.889051790160114,0.8890517901572796,0.8890517901547609,0.8890517901525221,0.8890517901505318,0.8890517901487622,0.889051790147189,0.88905179014579,0.8890517901445459,0.8890517901434396,0.8890517901424557,0.8890517901415804,0.8890517901408018,0.8890517901401093,0.8890517901394928,0.8890517901389442,0.8890517901384559,0.889051790138021,0.8890517901376338,0.8890517901372889,0.8890517901369817,0.8890517901367081,0.8890517901364645,0.8890517901362477,0.8890517901360547,0.8890517901358832,0.8890517901357308,0.8890517901355949,0.889051790135474,0.8890517901353661,0.8890517901352701,0.8890517901351849,0.8890517901351087,0.8890517901350409,0.8890517901349803,0.8890517901349265,0.8890517901348788,0.8890517901348365,0.8890517901347987,0.8890517901347649,0.8890517901347345,0.8890517901347073,0.8890517901346833,0.8890517901346625,0.8890517901346442,0.8890517901346274,0.8890517901346122,0.8890517901345982,0.8890517901345857,0.8890517901345751,0.8890517901345663,0.8890517901345587,0.8890517901345515,0.8890517901345446,0.889051790134538,0.889051790134532,0.8890517901345267,0.8890517901345232,0.8890517901345204,0.8890517901345175,0.8890517901345144,0.8890517901345115,0.8890517901345085,0.889051790134506,0.889051790134504,0.889051790134503,0.889051790134502,0.8890517901345005,0.8890517901344992,0.8890517901344982,0.8890517901344971,0.8890517901344962,0.8890517901344954,0.889051790134495,0.8890517901344944,0.8890517901344938,0.8890517901344933,0.889051790134493,0.8890517901344925,0.8890517901344922,0.8890517901344919,0.8890517901344918,0.8890517901344914,0.8890517901344912,0.889051790134491,0.889051790134491,0.8890517901344906,0.8890517901344906,0.8890517901344905,0.8890517901344904,0.8890517901344902,0.8890517901344902,0.8890517901344901,0.8890517901344901,0.8890517901344901,0.88905179013449,0.88905179013449,0.8890517901344899,0.8890517901344899,0.8890517901344899,0.8890517901344898,0.8890517901344898,0.8890517901344898,0.8890517901344898,0.8890517901344897,0.8890517901344897,0.8890517901344897,0.8890517901344897,0.8890517901344897,0.8890517901344897,0.8890517901344897,0.8890517901344895,0.8890517901344895,0.8890517901344895,0.8890517901344895,0.8890517901344895,0.8890517901344895,0.8890517901344895,0.8890517901344895,0.8890517901344895,0.8890517901344895,0.8890517901344895,0.8890517901344895,0.8890517901344895,0.8890517901344895,0.8890517901344895,0.8890517901344895,0.8890517901344895,0.8890517901344895,0.8890517901344895,0.8890517901344895,0.8890517901344895,0.8890517901344895,0.8890517901344895,0.8890517901344895,0.8890517901344895
1.8464249428955387e+49,0.889051899714317,0.889051892688272,0.8890518855835237,0.8890518784556799,0.8890518713599201,0.8890518643511499,0.8890518574836273,0.8890518508104036,0.8890518443825848,0.8890518382483823,0.8890518324520147,0.889051827032525,0.8890518220225787,0.8890518174473206,0.8890518133233778,0.889051809658094,0.889051806449097,0.8890518036842654,0.8890518013421402,0.8890517993928326,0.88905179779938,0.8890517965195173,0.8890517955077469,0.8890517947175777,0.8890517941037603,0.8890517936243567,0.8890517932424703,0.889051792927508,0.8890517926558739,0.8890517924110504,0.8890517921830782,0.8890517919675027,0.8890517917639208,0.8890517915743142,0.8890517914014119,0.8890517912473352,0.8890517911127478,0.8890517909966309,0.8890517908966441,0.8890517908098577,0.8890517907335358,0.889051790665658,0.8890517906050224,0.8890517905509905,0.8890517905031092,0.8890517904608493,0.8890517904235664,0.8890517903906109,0.8890517903614326,0.889051790335597,0.8890517903127376,0.8890517902925184,0.8890517902746299,0.889051790258799,0.889051790244787,0.8890517902323827,0.8890517902213985,0.8890517902116681,0.8890517902030457,0.8890517901954017,0.8890517901886222,0.8890517901826072,0.889051790177268,0.889051790172527,0.889051790168316,0.8890517901645746,0.8890517901612494,0.8890517901582939,0.8890517901556667,0.8890517901533308,0.8890517901512539,0.8890517901494072,0.8890517901477649,0.8890517901463044,0.8890517901450055,0.8890517901438502,0.8890517901428224,0.889051790141908,0.8890517901410944,0.8890517901403701,0.8890517901397255,0.8890517901391515,0.8890517901386402,0.8890517901381849,0.8890517901377794,0.8890517901374183,0.8890517901370968,0.8890517901368105,0.8890517901365557,0.8890517901363293,0.8890517901361281,0.8890517901359489,0.889051790135789,0.8890517901356467,0.88905179013552,0.8890517901354074,0.8890517901353069,0.8890517901352173,0.8890517901351374,0.8890517901350663,0.8890517901350034,0.8890517901349475,0.8890517901348978,0.8890517901348529,0.8890517901348128,0.889051790134777,0.8890517901347452,0.8890517901347178,0.8890517901346936,0.8890517901346716,0.8890517901346514,0.8890517901346331,0.8890517901346165,0.8890517901346024,0.8890517901345909,0.8890517901345809,0.8890517901345713,0.8890517901345623,0.8890517901345535,0.8890517901345454,0.8890517901345387,0.889051790134534,0.8890517901345303,0.8890517901345264,0.8890517901345224,0.8890517901345185,0.8890517901345146,0.8890517901345112,0.8890517901345086,0.8890517901345074,0.889051790134506,0.889051790134504,0.8890517901345023,0.889051790134501,0.8890517901344996,0.8890517901344983,0.8890517901344972,0.8890517901344968,0.8890517901344961,0.8890517901344951,0.8890517901344945,0.8890517901344941,0.8890517901344935,0.8890517901344931,0.8890517901344925,0.8890517901344924,0.8890517901344921,0.8890517901344918,0.8890517901344915,0.8890517901344914,0.8890517901344912,0.889051790134491,0.8890517901344909,0.8890517901344906,0.8890517901344905,0.8890517901344904,0.8890517901344903,0.8890517901344902,0.8890517901344901,0.8890517901344901,0.8890517901344901,0.88905179013449,0.88905179013449,0.88905179013449,0.8890517901344899,0.8890517901344899,0.8890517901344899,0.8890517901344899,0.8890517901344898,0.8890517901344897,0.8890517901344898,0.8890517901344897,0.8890517901344897,0.8890517901344897,0.8890517901344897,0.8890517901344897,0.8890517901344895,0.8890517901344897,0.8890517901344895,0.8890517901344895,0.8890517901344895,0.8890517901344895,0.8890517901344895,0.8890517901344895,0.8890517901344895,0.8890517901344895,0.8890517901344895,0.8890517901344895,0.8890517901344895,0.8890517901344895,0.8890517901344895,0.8890517901344895,0.8890517901344895,0.8890517901344895,0.8890517901344895,0.8890517901344895,0.8890517901344895,0.8890517901344895,0.8890517901344895,0.8890517901344895
2.1214517849106192e+49,0.8890519347895459,0.8890519255145458,0.8890519161356504,0.8890519067262668,0.8890518973592368,0.8890518881070408,0.889051879041304,0.889051870232059,0.88905186174677,0.8890518536490807,0.8890518459973633,0.8890518388431579,0.889051832229586,0.8890518261898409,0.8890518207458716,0.8890518159073733,0.8890518116712135,0.8890518080213915,0.8890518049295791,0.8890518023563209,0.8890518002528227,0.8890517985632904,0.8890517972276644,0.889051796184571,0.8890517953742779,0.8890517947414227,0.8890517942372989,0.8890517938215209,0.8890517934629396,0.889051793139751,0.8890517928388075,0.889051792554229,0.8890517922854828,0.8890517920351854,0.8890517918069392,0.8890517916035443,0.8890517914258769,0.8890517912725925,0.889051791140601,0.8890517910260352,0.8890517909252836,0.8890517908356789,0.8890517907556345,0.8890517906843075,0.8890517906211002,0.8890517905653134,0.8890517905160966,0.8890517904725922,0.8890517904340745,0.8890517903999692,0.8890517903697928,0.8890517903431017,0.8890517903194872,0.8890517902985889,0.8890517902800918,0.8890517902637172,0.889051790249217,0.8890517902363723,0.8890517902249897,0.889051790214899,0.8890517902059496,0.889051790198009,0.8890517901909608,0.8890517901847025,0.8890517901791434,0.8890517901742044,0.8890517901698151,0.8890517901659135,0.8890517901624453,0.8890517901593618,0.8890517901566201,0.8890517901541821,0.8890517901520142,0.8890517901500863,0.8890517901483715,0.8890517901468463,0.8890517901454896,0.8890517901442826,0.8890517901432083,0.8890517901422524,0.8890517901414015,0.8890517901406437,0.8890517901399689,0.8890517901393676,0.8890517901388324,0.8890517901383558,0.8890517901379313,0.8890517901375532,0.889051790137217,0.8890517901369183,0.8890517901366525,0.8890517901364159,0.889051790136205,0.8890517901360171,0.8890517901358499,0.8890517901357012,0.8890517901355687,0.8890517901354502,0.8890517901353447,0.8890517901352509,0.8890517901351678,0.889051790135094,0.8890517901350283,0.8890517901349693,0.8890517901349164,0.8890517901348689,0.8890517901348272,0.889051790134791,0.8890517901347589,0.8890517901347298,0.8890517901347034,0.889051790134679,0.8890517901346572,0.8890517901346386,0.8890517901346233,0.88905179013461,0.8890517901345975,0.8890517901345855,0.889051790134574,0.8890517901345633,0.8890517901345545,0.8890517901345482,0.8890517901345433,0.8890517901345383,0.889051790134533,0.8890517901345277,0.8890517901345226,0.8890517901345181,0.8890517901345147,0.8890517901345131,0.8890517901345112,0.8890517901345085,0.8890517901345064,0.8890517901345046,0.889051790134503,0.8890517901345011,0.8890517901344995,0.8890517901344991,0.8890517901344981,0.8890517901344969,0.8890517901344961,0.8890517901344954,0.8890517901344949,0.8890517901344942,0.8890517901344935,0.8890517901344933,0.889051790134493,0.8890517901344924,0.8890517901344922,0.889051790134492,0.8890517901344915,0.8890517901344914,0.8890517901344912,0.8890517901344911,0.8890517901344909,0.8890517901344906,0.8890517901344905,0.8890517901344905,0.8890517901344904,0.8890517901344902,0.8890517901344902,0.8890517901344901,0.8890517901344901,0.88905179013449,0.88905179013449,0.88905179013449,0.8890517901344899,0.8890517901344899,0.8890517901344899,0.8890517901344898,0.8890517901344898,0.8890517901344898,0.8890517901344897,0.8890517901344897,0.8890517901344897,0.8890517901344897,0.8890517901344895,0.8890517901344897,0.8890517901344895,0.8890517901344895,0.8890517901344895,0.8890517901344895,0.8890517901344895,0.8890517901344895,0.8890517901344895,0.8890517901344895,0.8890517901344895,0.8890517901344895,0.8890517901344895,0.8890517901344895,0.8890517901344895,0.8890517901344895,0.8890517901344895,0.8890517901344895,0.8890517901344895,0.8890517901344895,0.8890517901344895,0.8890517901344895,0.8890517901344895,0.8890517901344895
2.4374441501222016e+49,0.8890519810919466,0.8890519688481271,0.8890519564671565,0.889051944045939,0.889051931680632,0.8890519194669158,0.8890519074993422,0.8890518958703604,0.8890518846690292,0.8890518739793637,0.8890518638784204,0.8890518544342371,0.8890518457037375,0.8890518377307405,0.8890518305442199,0.8890518241569743,0.8890518185648688,0.8890518137467811,0.8890518096653155,0.8890518062683873,0.8890518034915837,0.8890518012612517,0.8890517994981073,0.8890517981211319,0.8890517970514734,0.8890517962160487,0.8890517955505606,0.8890517950016967,0.8890517945283378,0.8890517941017003,0.8890517937044282,0.8890517933287595,0.8890517929739908,0.889051792643576,0.8890517923422708,0.8890517920737716,0.8890517918392349,0.889051791636886,0.8890517914626456,0.8890517913114087,0.8890517911784074,0.8890517910601214,0.8890517909544556,0.889051790860298,0.8890517907768586,0.8890517907032149,0.8890517906382446,0.8890517905808151,0.8890517905299681,0.8890517904849461,0.8890517904451107,0.8890517904098759,0.8890517903787029,0.8890517903511153,0.8890517903266976,0.8890517903050814,0.88905179028594,0.8890517902689837,0.8890517902539579,0.8890517902406371,0.8890517902288231,0.8890517902183409,0.8890517902090365,0.889051790200775,0.8890517901934366,0.8890517901869166,0.8890517901811222,0.889051790175972,0.8890517901713936,0.889051790167323,0.8890517901637037,0.8890517901604855,0.8890517901576236,0.8890517901550786,0.8890517901528151,0.8890517901508016,0.8890517901490107,0.8890517901474172,0.8890517901459992,0.8890517901447372,0.8890517901436138,0.8890517901426136,0.8890517901417228,0.8890517901409292,0.8890517901402225,0.8890517901395933,0.8890517901390329,0.889051790138534,0.8890517901380901,0.8890517901376956,0.8890517901373449,0.8890517901370325,0.8890517901367541,0.889051790136506,0.8890517901362853,0.889051790136089,0.889051790135914,0.8890517901357579,0.8890517901356184,0.8890517901354946,0.8890517901353848,0.8890517901352877,0.8890517901352007,0.8890517901351229,0.8890517901350529,0.8890517901349904,0.8890517901349353,0.8890517901348874,0.8890517901348451,0.8890517901348067,0.8890517901347716,0.8890517901347396,0.8890517901347108,0.8890517901346863,0.8890517901346662,0.8890517901346485,0.889051790134632,0.8890517901346162,0.8890517901346009,0.889051790134587,0.8890517901345752,0.8890517901345669,0.8890517901345606,0.8890517901345538,0.8890517901345469,0.88905179013454,0.8890517901345333,0.8890517901345273,0.8890517901345228,0.8890517901345206,0.8890517901345182,0.8890517901345146,0.8890517901345119,0.8890517901345095,0.8890517901345072,0.8890517901345049,0.8890517901345029,0.8890517901345022,0.8890517901345009,0.8890517901344992,0.8890517901344982,0.8890517901344974,0.8890517901344965,0.8890517901344958,0.8890517901344949,0.8890517901344945,0.889051790134494,0.8890517901344933,0.889051790134493,0.8890517901344926,0.8890517901344923,0.889051790134492,0.8890517901344916,0.8890517901344915,0.8890517901344912,0.8890517901344911,0.889051790134491,0.8890517901344909,0.8890517901344906,0.8890517901344904,0.8890517901344904,0.8890517901344903,0.8890517901344902,0.8890517901344901,0.8890517901344901,0.8890517901344901,0.88905179013449,0.88905179013449,0.88905179013449,0.8890517901344899,0.8890517901344899,0.8890517901344899,0.8890517901344898,0.8890517901344898,0.8890517901344898,0.8890517901344897,0.8890517901344897,0.8890517901344897,0.8890517901344897,0.8890517901344897,0.8890517901344895,0.8890517901344895,0.8890517901344895,0.8890517901344895,0.8890517901344895,0.8890517901344895,0.8890517901344895,0.8890517901344895,0.8890517901344895,0.8890517901344895,0.8890517901344895,0.8890517901344895,0.8890517901344895,0.8890517901344895,0.8890517901344895,0.8890517901344895,0.8890517901344895,0.8890517901344895,0.8890517901344895,0.8890517901344895
2.800503894183648e+49,0.889052042215205,0.889052026052282,0.8890520097083073,0.889051993311203,0.8890519769879056,0.8890519608647213,0.889051945066467,0.8890519297151835,0.8890519149284367,0.8890519008171337,0.889051887482996,0.8890518750158395,0.8890518634908084,0.8890518529657476,0.8890518434789054,0.8890518350471767,0.8890518276651034,0.8890518213048015,0.8890518159169064,0.8890518114326607,0.8890518077670345,0.8890518048227992,0.8890518024952928,0.8890518006775634,0.8890517992655196,0.8890517981626851,0.8890517972841822,0.8890517965596334,0.8890517959347579,0.8890517953715585,0.8890517948471244,0.8890517943512082,0.8890517938828822,0.8890517934467056,0.8890517930489561,0.8890517926945133,0.8890517923849042,0.8890517921177856,0.8890517918877727,0.8890517916881268,0.8890517915125535,0.8890517913564056,0.8890517912169174,0.8890517910926209,0.8890517909824736,0.8890517908852574,0.8890517907994907,0.8890517907236787,0.8890517906565563,0.8890517905971231,0.8890517905445369,0.8890517904980239,0.8890517904568727,0.8890517904204548,0.889051790388221,0.8890517903596858,0.8890517903344174,0.8890517903120336,0.8890517902921984,0.8890517902746138,0.8890517902590181,0.8890517902451807,0.8890517902328983,0.8890517902219921,0.889051790212305,0.8890517902036978,0.889051790196049,0.8890517901892501,0.8890517901832061,0.8890517901778325,0.8890517901730549,0.8890517901688064,0.8890517901650286,0.8890517901616689,0.8890517901586807,0.889051790156023,0.8890517901536588,0.8890517901515553,0.8890517901496834,0.8890517901480173,0.8890517901465343,0.889051790145214,0.8890517901440379,0.8890517901429903,0.8890517901420576,0.889051790141227,0.8890517901404873,0.8890517901398286,0.8890517901392425,0.8890517901387218,0.8890517901382589,0.8890517901378465,0.889051790137479,0.8890517901371514,0.8890517901368601,0.889051790136601,0.8890517901363698,0.8890517901361638,0.8890517901359798,0.8890517901358163,0.8890517901356715,0.8890517901355431,0.8890517901354285,0.8890517901353256,0.8890517901352334,0.8890517901351507,0.8890517901350778,0.8890517901350148,0.8890517901349589,0.8890517901349083,0.8890517901348621,0.8890517901348197,0.8890517901347817,0.8890517901347493,0.8890517901347227,0.8890517901346995,0.8890517901346776,0.8890517901346567,0.8890517901346366,0.8890517901346182,0.8890517901346027,0.8890517901345917,0.8890517901345832,0.8890517901345745,0.8890517901345653,0.8890517901345562,0.8890517901345473,0.8890517901345394,0.8890517901345335,0.8890517901345305,0.8890517901345273,0.8890517901345227,0.889051790134519,0.889051790134516,0.8890517901345127,0.8890517901345096,0.8890517901345071,0.8890517901345062,0.8890517901345045,0.8890517901345022,0.889051790134501,0.8890517901345,0.8890517901344988,0.8890517901344978,0.8890517901344964,0.8890517901344961,0.8890517901344953,0.8890517901344945,0.8890517901344941,0.8890517901344936,0.8890517901344931,0.8890517901344929,0.8890517901344923,0.8890517901344922,0.8890517901344916,0.8890517901344915,0.8890517901344913,0.8890517901344912,0.889051790134491,0.8890517901344906,0.8890517901344906,0.8890517901344905,0.8890517901344904,0.8890517901344904,0.8890517901344902,0.8890517901344902,0.8890517901344901,0.8890517901344901,0.88905179013449,0.88905179013449,0.88905179013449,0.8890517901344899,0.8890517901344899,0.8890517901344899,0.8890517901344898,0.8890517901344898,0.8890517901344898,0.8890517901344897,0.8890517901344897,0.8890517901344897,0.8890517901344895,0.8890517901344897,0.8890517901344895,0.8890517901344897,0.8890517901344897,0.8890517901344895,0.8890517901344895,0.8890517901344895,0.8890517901344895,0.8890517901344895,0.8890517901344895,0.8890517901344895,0.8890517901344895,0.8890517901344895,0.8890517901344895,0.8890517901344895,0.8890517901344895,0.8890517901344895,0.8890517901344895,0.8890517901344895
3.2176417502507483e+49,0.8890521229033029,0.8890521015668177,0.8890520799913281,0.8890520583457026,0.8890520367975084,0.8890520155134812,0.8890519946583902,0.8890519743933402,0.8890519548735281,0.8890519362453613,0.8890519186431216,0.8890519021853732,0.8890518869713141,0.8890518730773037,0.8890518605538335,0.8890518494232064,0.8890518396782171,0.8890518312820567,0.8890518241695587,0.8890518182499582,0.8890518134110076,0.8890518095243568,0.8890518064518423,0.889051804052279,0.8890518021882565,0.8890518007324174,0.8890517995727157,0.8890517986162474,0.8890517977913563,0.8890517970478835,0.8890517963555841,0.8890517957009311,0.8890517950826994,0.8890517945069075,0.889051793981843,0.8890517935139474,0.8890517931052359,0.8890517927526156,0.8890517924489785,0.889051792185428,0.8890517919536557,0.8890517917475267,0.8890517915633899,0.8890517913993076,0.8890517912539034,0.8890517911255694,0.8890517910123499,0.8890517909122714,0.8890517908236638,0.8890517907452068,0.8890517906757883,0.889051790614387,0.8890517905600638,0.8890517905119889,0.8890517904694376,0.8890517904317687,0.889051790398412,0.8890517903688636,0.889051790342679,0.8890517903194658,0.8890517902988783,0.8890517902806117,0.8890517902643978,0.8890517902500007,0.8890517902372127,0.8890517902258507,0.8890517902157533,0.8890517902067784,0.8890517901987998,0.8890517901917062,0.8890517901853991,0.8890517901797909,0.8890517901748038,0.8890517901703686,0.8890517901664242,0.8890517901629156,0.8890517901597945,0.8890517901570177,0.8890517901545467,0.8890517901523474,0.8890517901503898,0.8890517901486468,0.8890517901470942,0.8890517901457115,0.8890517901444801,0.8890517901433835,0.889051790142407,0.8890517901415376,0.889051790140764,0.8890517901400766,0.8890517901394653,0.889051790138921,0.8890517901384358,0.8890517901380035,0.8890517901376188,0.8890517901372768,0.8890517901369717,0.8890517901366995,0.8890517901364569,0.889051790136241,0.8890517901360498,0.8890517901358803,0.889051790135729,0.8890517901355932,0.8890517901354713,0.8890517901353622,0.8890517901352661,0.8890517901351829,0.8890517901351093,0.8890517901350423,0.8890517901349813,0.8890517901349254,0.8890517901348753,0.8890517901348325,0.8890517901347974,0.8890517901347667,0.8890517901347378,0.8890517901347103,0.8890517901346836,0.8890517901346593,0.889051790134639,0.8890517901346243,0.8890517901346132,0.8890517901346017,0.8890517901345895,0.8890517901345776,0.8890517901345657,0.8890517901345553,0.8890517901345475,0.8890517901345435,0.8890517901345394,0.8890517901345334,0.8890517901345284,0.8890517901345244,0.8890517901345202,0.8890517901345162,0.8890517901345126,0.8890517901345115,0.8890517901345093,0.8890517901345063,0.8890517901345046,0.8890517901345033,0.8890517901345018,0.8890517901345004,0.8890517901344986,0.8890517901344983,0.8890517901344972,0.8890517901344962,0.8890517901344955,0.8890517901344951,0.8890517901344943,0.8890517901344939,0.8890517901344932,0.889051790134493,0.8890517901344924,0.8890517901344923,0.889051790134492,0.8890517901344919,0.8890517901344914,0.8890517901344911,0.889051790134491,0.8890517901344909,0.8890517901344906,0.8890517901344905,0.8890517901344905,0.8890517901344904,0.8890517901344903,0.8890517901344902,0.8890517901344901,0.8890517901344901,0.88905179013449,0.88905179013449,0.88905179013449,0.8890517901344899,0.8890517901344899,0.8890517901344899,0.8890517901344898,0.8890517901344898,0.8890517901344898,0.8890517901344898,0.8890517901344897,0.8890517901344897,0.8890517901344897,0.8890517901344897,0.8890517901344897,0.8890517901344897,0.8890517901344895,0.8890517901344895,0.8890517901344895,0.8890517901344895,0.8890517901344895,0.8890517901344895,0.8890517901344895,0.8890517901344895,0.8890517901344895,0.8890517901344895,0.8890517901344895,0.8890517901344895,0.8890517901344895,0.8890517901344895
3.696912707195032e+49,0.889052229418714,0.8890522012526705,0.8890521727711199,0.8890521441969836,0.8890521157514654,0.8890520876546701,0.8890520601241085,0.8890520333724528,0.8890520076045769,0.8890519830137514,0.8890519597772402,0.8890519380515585,0.8890519179676561,0.8890518996263348,0.8890518830942475,0.889051868400836,0.889051855536589,0.8890518444529152,0.8890518350637894,0.8890518272493934,0.8890518208615509,0.8890518157308283,0.8890518116748377,0.889051808507202,0.8890518060465274,0.8890518041246911,0.8890518025937825,0.8890518013311596,0.8890518002422306,0.8890517992607808,0.8890517983468842,0.8890517974826843,0.8890517966665639,0.8890517959064678,0.8890517952133361,0.8890517945956725,0.8890517940561372,0.8890517935906475,0.8890517931898195,0.8890517928419095,0.8890517925359498,0.8890517922638412,0.8890517920207643,0.8890517918041612,0.8890517916122147,0.8890517914428027,0.8890517912933428,0.8890517911612303,0.8890517910442604,0.8890517909406903,0.8890517908490518,0.8890517907679967,0.8890517906962851,0.889051790632822,0.8890517905766505,0.8890517905269243,0.8890517904828904,0.8890517904438839,0.889051790409318,0.8890517903786747,0.8890517903514972,0.8890517903273836,0.8890517903059799,0.8890517902869745,0.8890517902700932,0.8890517902550942,0.889051790241765,0.8890517902299171,0.8890517902193847,0.8890517902100207,0.8890517902016948,0.8890517901942914,0.8890517901877079,0.8890517901818532,0.8890517901766462,0.8890517901720144,0.8890517901678944,0.8890517901642289,0.8890517901609668,0.8890517901580635,0.8890517901554793,0.8890517901531784,0.8890517901511288,0.8890517901493034,0.8890517901476779,0.8890517901462305,0.8890517901449414,0.8890517901437935,0.8890517901427722,0.889051790141865,0.889051790141058,0.8890517901403395,0.889051790139699,0.8890517901391283,0.8890517901386206,0.8890517901381689,0.8890517901377663,0.889051790137407,0.8890517901370866,0.8890517901368017,0.8890517901365493,0.8890517901363255,0.8890517901361257,0.8890517901359466,0.8890517901357855,0.8890517901356416,0.8890517901355148,0.8890517901354048,0.8890517901353077,0.8890517901352193,0.8890517901351387,0.8890517901350649,0.8890517901349987,0.8890517901349422,0.889051790134896,0.8890517901348555,0.8890517901348172,0.8890517901347808,0.8890517901347458,0.8890517901347136,0.8890517901346867,0.8890517901346675,0.8890517901346529,0.8890517901346375,0.8890517901346214,0.8890517901346058,0.88905179013459,0.8890517901345764,0.889051790134566,0.8890517901345609,0.8890517901345553,0.8890517901345474,0.8890517901345407,0.8890517901345355,0.8890517901345301,0.8890517901345246,0.8890517901345201,0.8890517901345186,0.8890517901345156,0.8890517901345116,0.8890517901345095,0.8890517901345077,0.8890517901345056,0.8890517901345039,0.8890517901345016,0.8890517901345011,0.8890517901344998,0.8890517901344983,0.8890517901344975,0.8890517901344969,0.8890517901344959,0.8890517901344952,0.8890517901344945,0.8890517901344942,0.8890517901344934,0.8890517901344931,0.8890517901344926,0.8890517901344924,0.8890517901344921,0.8890517901344916,0.8890517901344914,0.8890517901344912,0.8890517901344912,0.889051790134491,0.8890517901344909,0.8890517901344906,0.8890517901344905,0.8890517901344904,0.8890517901344903,0.8890517901344902,0.8890517901344902,0.8890517901344901,0.8890517901344901,0.88905179013449,0.88905179013449,0.88905179013449,0.8890517901344899,0.8890517901344899,0.8890517901344899,0.8890517901344899,0.8890517901344898,0.8890517901344898,0.8890517901344897,0.8890517901344897,0.8890517901344897,0.8890517901344897,0.8890517901344897,0.8890517901344895,0.8890517901344897,0.8890517901344897,0.8890517901344895,0.8890517901344895,0.8890517901344895,0.8890517901344897,0.8890517901344895,0.8890517901344895,0.8890517901344895,0.8890517901344895,0.8890517901344895,0.8890517901344895
4.2475715525368944e+49,0.889052370028453,0.8890523328467916,0.8890522952486322,0.8890522575282515,0.8890522199776573,0.889052182887408,0.8890521465446366,0.8890521112300894,0.8890520772142182,0.8890520447521573,0.8890520140779101,0.8890519853980914,0.8890519588855661,0.8890519346734016,0.8890519128495857,0.8890518934529844,0.8890518764710416,0.8890518618396125,0.8890518494451367,0.8890518391294431,0.8890518306969266,0.8890518239239192,0.8890518185696532,0.8890518143880941,0.8890518111397862,0.8890518086027923,0.8890518065818577,0.8890518049150838,0.8890518034776013,0.8890518021820006,0.8890518009755765,0.8890517998347561,0.889051798757405,0.8890517977540109,0.889051796839016,0.8890517960236454,0.8890517953114112,0.8890517946969235,0.8890517941677952,0.8890517937085234,0.8890517933046294,0.889051792945422,0.8890517926245389,0.8890517923386037,0.8890517920852173,0.8890517918615785,0.8890517916642782,0.889051791489878,0.8890517913354675,0.8890517911987459,0.8890517910777749,0.8890517909707748,0.8890517908761094,0.8890517907923324,0.8890517907181811,0.889051790652538,0.8890517905944095,0.8890517905429176,0.8890517904972873,0.8890517904568355,0.8890517904209588,0.8890517903891267,0.889051790360872,0.8890517903357833,0.8890517903134983,0.8890517902936985,0.8890517902761025,0.8890517902604624,0.8890517902465587,0.8890517902341972,0.8890517902232065,0.8890517902134333,0.8890517902047425,0.8890517901970137,0.8890517901901399,0.8890517901840256,0.8890517901785869,0.8890517901737479,0.8890517901694418,0.8890517901656092,0.8890517901621979,0.8890517901591605,0.8890517901564549,0.889051790154045,0.8890517901518993,0.8890517901499887,0.8890517901482868,0.8890517901467716,0.8890517901454236,0.8890517901442256,0.8890517901431605,0.889051790142212,0.8890517901413666,0.8890517901406131,0.8890517901399428,0.8890517901393467,0.8890517901388151,0.8890517901383408,0.8890517901379178,0.8890517901375415,0.8890517901372087,0.8890517901369132,0.8890517901366494,0.8890517901364129,0.8890517901362005,0.8890517901360104,0.889051790135843,0.8890517901356978,0.8890517901355695,0.8890517901354529,0.8890517901353463,0.889051790135249,0.8890517901351617,0.8890517901350871,0.889051790135026,0.8890517901349725,0.889051790134922,0.8890517901348742,0.8890517901348278,0.8890517901347854,0.8890517901347499,0.8890517901347245,0.8890517901347051,0.8890517901346848,0.8890517901346636,0.889051790134643,0.8890517901346223,0.8890517901346041,0.8890517901345906,0.8890517901345837,0.8890517901345765,0.8890517901345659,0.8890517901345572,0.8890517901345503,0.889051790134543,0.8890517901345358,0.8890517901345297,0.8890517901345278,0.889051790134524,0.8890517901345186,0.889051790134516,0.8890517901345135,0.8890517901345109,0.8890517901345084,0.8890517901345055,0.8890517901345049,0.889051790134503,0.8890517901345013,0.8890517901345,0.8890517901344992,0.8890517901344979,0.889051790134497,0.8890517901344961,0.8890517901344955,0.8890517901344945,0.8890517901344943,0.8890517901344936,0.8890517901344934,0.8890517901344929,0.8890517901344923,0.8890517901344921,0.8890517901344919,0.8890517901344915,0.8890517901344914,0.8890517901344912,0.889051790134491,0.8890517901344909,0.8890517901344906,0.8890517901344905,0.8890517901344904,0.8890517901344904,0.8890517901344902,0.8890517901344901,0.8890517901344901,0.8890517901344901,0.88905179013449,0.88905179013449,0.88905179013449,0.8890517901344899,0.8890517901344899,0.8890517901344899,0.8890517901344898,0.8890517901344898,0.8890517901344898,0.8890517901344898,0.8890517901344897,0.8890517901344897,0.8890517901344897,0.8890517901344897,0.8890517901344897,0.8890517901344897,0.8890517901344897,0.8890517901344895,0.8890517901344897,0.8890517901344895,0.8890517901344895,0.8890517901344895,0.8890517901344895,0.8890517901344895,0.8890517901344895
4.880251583654413e+49,0.8890525556457045,0.8890525065626345,0.8890524569297498,0.8890524071355215,0.8890523575654254,0.8890523086030248,0.8890522606273604,0.889052214009042,0.8890521691050899,0.8890521262523039,0.8890520857595896,0.8890520478996963,0.8890520129008216,0.8890519809386259,0.889051952129261,0.8890519265240338,0.8890519041063686,0.8890518847915895,0.889051868429786,0.889051854812159,0.8890518436804918,0.8890518347395235,0.8890518276714191,0.8890518221513913,0.8890518178633379,0.8890518145142818,0.8890518118464692,0.8890518096461806,0.8890518077485766,0.8890518060382692,0.8890518044456827,0.889051802939699,0.8890518015175003,0.8890518001929314,0.8890517989850572,0.8890517979086958,0.8890517969684837,0.8890517961573057,0.8890517954588097,0.88905179485253,0.8890517943193543,0.8890517938451689,0.8890517934215749,0.8890517930441152,0.8890517927096228,0.8890517924143996,0.8890517921539458,0.8890517919237222,0.8890517917198866,0.8890517915394021,0.8890517913797096,0.8890517912384601,0.8890517911134934,0.8890517910029003,0.8890517909050141,0.8890517908183593,0.8890517907416245,0.8890517906736507,0.8890517906134148,0.8890517905600146,0.8890517905126544,0.8890517904706332,0.8890517904333344,0.889051790400215,0.889051790370797,0.8890517903446593,0.8890517903214311,0.8890517903007848,0.8890517902824306,0.8890517902661125,0.8890517902516036,0.8890517902387022,0.8890517902272295,0.8890517902170271,0.889051790207953,0.8890517901998816,0.8890517901927019,0.8890517901863142,0.8890517901806296,0.8890517901755703,0.8890517901710671,0.8890517901670573,0.8890517901634857,0.8890517901603046,0.8890517901574719,0.8890517901549497,0.8890517901527033,0.8890517901507029,0.8890517901489235,0.889051790147342,0.889051790145936,0.8890517901446839,0.8890517901435677,0.8890517901425732,0.8890517901416884,0.8890517901409014,0.8890517901401996,0.8890517901395736,0.8890517901390151,0.8890517901385186,0.8890517901380789,0.8890517901376891,0.8890517901373407,0.8890517901370286,0.8890517901367481,0.8890517901364973,0.8890517901362762,0.8890517901360846,0.8890517901359151,0.8890517901357612,0.8890517901356207,0.8890517901354921,0.8890517901353768,0.8890517901352784,0.8890517901351976,0.889051790135127,0.8890517901350605,0.8890517901349972,0.8890517901349362,0.8890517901348801,0.8890517901348332,0.8890517901347997,0.8890517901347742,0.8890517901347473,0.8890517901347194,0.889051790134692,0.8890517901346647,0.8890517901346409,0.889051790134623,0.889051790134614,0.8890517901346041,0.8890517901345903,0.8890517901345788,0.8890517901345696,0.8890517901345601,0.8890517901345507,0.8890517901345426,0.8890517901345402,0.8890517901345351,0.889051790134528,0.8890517901345243,0.8890517901345212,0.8890517901345176,0.8890517901345144,0.8890517901345106,0.8890517901345096,0.8890517901345072,0.889051790134505,0.8890517901345034,0.8890517901345022,0.8890517901345006,0.8890517901344993,0.8890517901344981,0.8890517901344974,0.8890517901344962,0.8890517901344959,0.8890517901344951,0.8890517901344946,0.8890517901344939,0.8890517901344932,0.889051790134493,0.8890517901344925,0.8890517901344922,0.889051790134492,0.8890517901344916,0.8890517901344915,0.8890517901344912,0.8890517901344911,0.8890517901344909,0.8890517901344906,0.8890517901344906,0.8890517901344905,0.8890517901344904,0.8890517901344903,0.8890517901344902,0.8890517901344901,0.8890517901344901,0.8890517901344901,0.88905179013449,0.88905179013449,0.88905179013449,0.8890517901344899,0.8890517901344899,0.8890517901344899,0.8890517901344898,0.8890517901344897,0.8890517901344898,0.8890517901344897,0.8890517901344897,0.8890517901344897,0.8890517901344897,0.8890517901344897,0.8890517901344897,0.8890517901344897,0.8890517901344895,0.8890517901344895,0.8890517901344895,0.8890517901344895,0.8890517901344895,0.8890517901344895
5.607169938205424e+49,0.8890528006768259,0.8890527358828516,0.8890526703630727,0.8890526046303046,0.8890525391934099,0.8890524745587253,0.8890524112266185,0.8890523496863268,0.8890522904091492,0.8890522338396908,0.8890521803857343,0.8890521304073333,0.8890520842057288,0.8890520420128081,0.8890520039819022,0.8890519701807402,0.889051940587442,0.8890519150902271,0.8890518934912008,0.8890518755147299,0.8890518608199455,0.889051849017077,0.8890518396865545,0.88905183239963,0.8890518267390203,0.8890518223179704,0.889051818796222,0.8890518158916465,0.8890518133866415,0.8890518111288845,0.8890518090265295,0.889051807038498,0.8890518051610699,0.8890518034125219,0.8890518018180211,0.889051800397129,0.8890517991559661,0.8890517980851392,0.8890517971630627,0.8890517963627201,0.889051795658881,0.8890517950329143,0.8890517944737328,0.8890517939754524,0.889051793533893,0.8890517931441723,0.8890517928003503,0.8890517924964348,0.8890517922273538,0.8890517919890981,0.8890517917782901,0.8890517915918282,0.8890517914268611,0.8890517912808685,0.88905179115165,0.8890517910372581,0.8890517909359614,0.8890517908462299,0.8890517907667131,0.8890517906962202,0.8890517906337004,0.8890517905782288,0.8890517905289912,0.8890517904852706,0.8890517904464362,0.8890517904119323,0.8890517903812689,0.889051790354014,0.8890517903297849,0.8890517903082436,0.8890517902890905,0.8890517902720595,0.8890517902569146,0.8890517902434463,0.8890517902314677,0.8890517902208128,0.889051790211335,0.8890517902029027,0.8890517901953986,0.8890517901887197,0.8890517901827751,0.8890517901774818,0.889051790172767,0.8890517901685677,0.8890517901648285,0.8890517901614988,0.8890517901585333,0.8890517901558926,0.8890517901535436,0.8890517901514561,0.8890517901496,0.889051790147947,0.8890517901464735,0.8890517901451607,0.8890517901439927,0.8890517901429538,0.8890517901420274,0.889051790141201,0.8890517901404636,0.8890517901398083,0.8890517901392279,0.8890517901387132,0.8890517901382534,0.8890517901378413,0.889051790137471,0.8890517901371398,0.8890517901368481,0.8890517901365951,0.8890517901363715,0.8890517901361683,0.8890517901359828,0.889051790135813,0.8890517901356608,0.8890517901355309,0.8890517901354243,0.8890517901353311,0.8890517901352434,0.8890517901351598,0.8890517901350791,0.889051790135005,0.8890517901349432,0.889051790134899,0.8890517901348652,0.8890517901348298,0.8890517901347929,0.8890517901347569,0.8890517901347208,0.8890517901346893,0.8890517901346656,0.8890517901346536,0.8890517901346409,0.8890517901346227,0.8890517901346074,0.8890517901345952,0.8890517901345827,0.8890517901345703,0.8890517901345596,0.8890517901345563,0.8890517901345496,0.8890517901345403,0.8890517901345354,0.8890517901345314,0.8890517901345266,0.8890517901345224,0.8890517901345173,0.8890517901345161,0.889051790134513,0.8890517901345099,0.8890517901345079,0.8890517901345062,0.8890517901345041,0.8890517901345025,0.8890517901345009,0.8890517901345001,0.8890517901344983,0.8890517901344979,0.8890517901344969,0.8890517901344963,0.8890517901344953,0.8890517901344944,0.8890517901344941,0.8890517901344935,0.8890517901344931,0.8890517901344928,0.8890517901344924,0.8890517901344922,0.8890517901344919,0.8890517901344915,0.8890517901344913,0.8890517901344912,0.889051790134491,0.8890517901344908,0.8890517901344905,0.8890517901344905,0.8890517901344904,0.8890517901344904,0.8890517901344902,0.8890517901344902,0.8890517901344901,0.8890517901344901,0.88905179013449,0.88905179013449,0.88905179013449,0.8890517901344899,0.8890517901344899,0.8890517901344899,0.8890517901344898,0.8890517901344898,0.8890517901344898,0.8890517901344897,0.8890517901344897,0.8890517901344897,0.8890517901344897,0.8890517901344897,0.8890517901344897,0.8890517901344895,0.8890517901344895,0.8890517901344895,0.8890517901344895,0.8890517901344895
6.442363508721317e+49,0.8890531241394637,0.8890530386057199,0.889052952113848,0.8890528653408097,0.8890527789583483,0.889052693634873,0.8890526100309132,0.8890525287923052,0.8890524505412055,0.8890523758645322,0.8890523053005951,0.8890522393246963,0.8890521783345009,0.8890521226361213,0.8890520724319677,0.8890520278114491,0.8890519887456816,0.8890519550871055,0.8890519265744826,0.8890519028439526,0.8890518834455388,0.8890518678647095,0.8890518555475951,0.8890518459282108,0.8890518384557058,0.889051832619529,0.8890518279705099,0.8890518241362134,0.8890518208293855,0.8890518178489467,0.8890518150736523,0.8890518124492749,0.8890518099709039,0.889051807662666,0.8890518055577841,0.8890518036820809,0.889051802043636,0.88905180063005,0.8890517994128275,0.8890517983563044,0.8890517974271748,0.8890517966008431,0.8890517958626742,0.8890517952049001,0.8890517946220028,0.8890517941075369,0.8890517936536615,0.8890517932524662,0.8890517928972552,0.8890517925827369,0.8890517923044516,0.8890517920583054,0.8890517918405342,0.8890517916478111,0.8890517914772312,0.8890517913262238,0.8890517911925034,0.8890517910740496,0.8890517909690806,0.8890517908760236,0.8890517907934921,0.8890517907202646,0.8890517906552666,0.8890517905975515,0.8890517905462868,0.8890517905007386,0.8890517904602603,0.8890517904242813,0.8890517903922966,0.8890517903638602,0.8890517903385765,0.889051790316094,0.8890517902961014,0.8890517902783222,0.8890517902625094,0.8890517902484439,0.8890517902359323,0.8890517902248009,0.8890517902148949,0.8890517902060783,0.8890517901982307,0.8890517901912431,0.8890517901850192,0.8890517901794756,0.8890517901745396,0.8890517901701442,0.8890517901662294,0.8890517901627435,0.8890517901596425,0.8890517901568868,0.8890517901544365,0.8890517901522546,0.8890517901503096,0.8890517901485764,0.8890517901470346,0.8890517901456629,0.8890517901444402,0.8890517901433491,0.8890517901423761,0.8890517901415107,0.8890517901407445,0.8890517901400651,0.889051790139458,0.8890517901389141,0.8890517901384254,0.8890517901379882,0.889051790137603,0.8890517901372691,0.8890517901369739,0.8890517901367055,0.8890517901364607,0.8890517901362366,0.8890517901360357,0.8890517901358641,0.8890517901357238,0.8890517901356005,0.8890517901354845,0.8890517901353742,0.8890517901352678,0.8890517901351701,0.8890517901350884,0.88905179013503,0.8890517901349855,0.8890517901349388,0.8890517901348899,0.8890517901348425,0.8890517901347949,0.8890517901347531,0.8890517901347218,0.8890517901347061,0.8890517901346894,0.8890517901346653,0.8890517901346451,0.8890517901346291,0.8890517901346126,0.8890517901345961,0.8890517901345821,0.8890517901345777,0.8890517901345689,0.8890517901345566,0.88905179013455,0.8890517901345446,0.8890517901345385,0.889051790134533,0.8890517901345262,0.8890517901345246,0.8890517901345204,0.8890517901345165,0.8890517901345136,0.8890517901345116,0.8890517901345086,0.8890517901345066,0.8890517901345044,0.8890517901345034,0.8890517901345013,0.8890517901345004,0.8890517901344992,0.8890517901344985,0.8890517901344972,0.889051790134496,0.8890517901344954,0.8890517901344949,0.8890517901344942,0.8890517901344936,0.8890517901344933,0.889051790134493,0.8890517901344925,0.8890517901344922,0.8890517901344919,0.8890517901344915,0.8890517901344914,0.8890517901344912,0.889051790134491,0.8890517901344909,0.8890517901344906,0.8890517901344905,0.8890517901344904,0.8890517901344904,0.8890517901344903,0.8890517901344902,0.8890517901344901,0.8890517901344901,0.88905179013449,0.88905179013449,0.88905179013449,0.88905179013449,0.8890517901344899,0.8890517901344899,0.8890517901344899,0.8890517901344898,0.8890517901344898,0.8890517901344898,0.8890517901344897,0.8890517901344897,0.8890517901344897,0.8890517901344897,0.8890517901344897,0.8890517901344895,0.8890517901344895,0.8890517901344897
7.401959996915682e+49,0.8890535511385596,0.8890534382265092,0.8890533240496419,0.8890532095016067,0.8890530954691637,0.889052982834672,0.8890528724700886,0.8890527652279746,0.8890526619296315,0.8890525633498433,0.8890524701992268,0.8890523831052233,0.8890523025927859,0.8890522290660106,0.8890521627920971,0.8890521038890734,0.8890520523188111,0.8890520078865183,0.8890519702473374,0.8890519389209414,0.8890519133133211,0.8890518927452499,0.8890518764855705,0.8890518637871331,0.8890518539227661,0.889051846218497,0.8890518400813808,0.8890518350197705,0.8890518306544655,0.8890518267200229,0.8890518230563889,0.8890518195919788,0.88905181632031,0.8890518132732319,0.8890518104946017,0.8890518080185078,0.8890518058556156,0.8890518039895572,0.8890518023827159,0.8890518009880121,0.8890517997614786,0.8890517986706481,0.8890517976961997,0.8890517968278797,0.8890517960584036,0.8890517953792633,0.8890517947801077,0.8890517942504943,0.8890517937815846,0.8890517933663925,0.8890517929990313,0.8890517926740965,0.8890517923866194,0.8890517921322078,0.8890517919070273,0.8890517917076842,0.8890517915311612,0.8890517913747918,0.8890517912362237,0.8890517911133802,0.8890517910044311,0.8890517909077644,0.8890517908219612,0.8890517907457723,0.8890517906780983,0.8890517906179706,0.8890517905645356,0.8890517905170401,0.8890517904748176,0.889051790437279,0.8890517904039024,0.8890517903742234,0.8890517903478314,0.8890517903243613,0.8890517903034869,0.8890517902849194,0.889051790268403,0.8890517902537086,0.8890517902406317,0.8890517902289929,0.8890517902186335,0.8890517902094093,0.8890517902011932,0.8890517901938751,0.8890517901873591,0.8890517901815568,0.8890517901763889,0.8890517901717873,0.8890517901676938,0.889051790164056,0.8890517901608213,0.8890517901579409,0.8890517901553734,0.8890517901530854,0.8890517901510502,0.8890517901492394,0.8890517901476253,0.889051790146185,0.8890517901449003,0.8890517901437582,0.8890517901427467,0.8890517901418499,0.8890517901410484,0.8890517901403304,0.8890517901396852,0.889051790139108,0.8890517901385997,0.8890517901381588,0.8890517901377691,0.889051790137415,0.8890517901370917,0.8890517901367958,0.8890517901365306,0.8890517901363042,0.8890517901361187,0.8890517901359561,0.889051790135803,0.8890517901356574,0.8890517901355169,0.8890517901353879,0.88905179013528,0.8890517901352031,0.8890517901351442,0.8890517901350826,0.8890517901350182,0.8890517901349554,0.8890517901348926,0.8890517901348376,0.8890517901347962,0.8890517901347755,0.8890517901347533,0.8890517901347216,0.8890517901346948,0.8890517901346736,0.889051790134652,0.8890517901346302,0.8890517901346118,0.8890517901346059,0.8890517901345941,0.889051790134578,0.8890517901345695,0.8890517901345623,0.8890517901345542,0.8890517901345467,0.889051790134538,0.889051790134536,0.8890517901345303,0.8890517901345251,0.8890517901345214,0.8890517901345186,0.8890517901345147,0.8890517901345121,0.8890517901345092,0.8890517901345079,0.889051790134505,0.889051790134504,0.8890517901345023,0.8890517901345013,0.8890517901344996,0.889051790134498,0.8890517901344973,0.8890517901344965,0.8890517901344959,0.8890517901344951,0.8890517901344945,0.8890517901344941,0.8890517901344934,0.8890517901344931,0.8890517901344926,0.8890517901344923,0.8890517901344921,0.8890517901344916,0.8890517901344914,0.8890517901344913,0.8890517901344911,0.889051790134491,0.8890517901344908,0.8890517901344906,0.8890517901344905,0.8890517901344904,0.8890517901344904,0.8890517901344902,0.8890517901344901,0.8890517901344901,0.88905179013449,0.88905179013449,0.88905179013449,0.8890517901344899,0.8890517901344899,0.8890517901344899,0.8890517901344899,0.8890517901344898,0.8890517901344898,0.8890517901344897,0.8890517901344897,0.8890517901344897,0.8890517901344897,0.8890517901344897,0.8890517901344897,0.8890517901344897
8.504489341802703e+49,0.8890541148147993,0.8890539657610026,0.8890538150375309,0.8890536638240786,0.8890535132912472,0.889053364603828,0.8890532189128811,0.889053077343863,0.8890529409809637,0.8890528108469673,0.8890526878799512,0.8890525729081936,0.8890524666246802,0.8890523695628534,0.8890522820754416,0.8890522043182532,0.8890521362409549,0.8890520775864056,0.8890520278993631,0.8890519865457536,0.8890519527414328,0.8890519255897615,0.8890519041255481,0.8890518873624886,0.8890518743406525,0.8890518641703364,0.8890518560688009,0.889051849387028,0.8890518436244392,0.8890518384306273,0.8890518335943066,0.8890518290209791,0.8890518247020873,0.8890518206796749,0.8890518170116374,0.8890518137429745,0.8890518108877655,0.8890518084244035,0.8890518063032309,0.8890518044620986,0.8890518028429663,0.8890518014029732,0.8890518001166153,0.8890517989703564,0.8890517979545797,0.8890517970580545,0.889051796267116,0.8890517955679798,0.8890517949489775,0.8890517944008871,0.8890517939159378,0.8890517934869954,0.8890517931075,0.8890517927716542,0.8890517924743961,0.8890517922112455,0.8890517919782197,0.8890517917717983,0.8890517915888759,0.8890517914267116,0.8890517912828894,0.8890517911552809,0.8890517910420129,0.8890517909414367,0.8890517908521011,0.8890517907727272,0.8890517907021884,0.88905179063949,0.8890517905837528,0.8890517905341984,0.8890517904901383,0.8890517904509596,0.8890517904161198,0.8890517903851372,0.889051790357581,0.8890517903330701,0.8890517903112671,0.8890517902918692,0.8890517902746066,0.8890517902592424,0.889051790245567,0.8890517902333902,0.8890517902225443,0.8890517902128838,0.889051790204282,0.8890517901966225,0.8890517901898004,0.8890517901837258,0.8890517901783219,0.8890517901735198,0.8890517901692497,0.8890517901654473,0.889051790162058,0.8890517901590378,0.8890517901563509,0.8890517901539609,0.8890517901518298,0.8890517901499285,0.8890517901482328,0.8890517901467249,0.8890517901453897,0.8890517901442057,0.889051790143148,0.8890517901422,0.8890517901413483,0.8890517901405862,0.8890517901399152,0.8890517901393332,0.8890517901388187,0.8890517901383512,0.8890517901379246,0.889051790137534,0.8890517901371839,0.889051790136885,0.8890517901366402,0.8890517901364255,0.8890517901362235,0.8890517901360313,0.8890517901358458,0.8890517901356754,0.889051790135533,0.8890517901354313,0.8890517901353538,0.8890517901352726,0.8890517901351874,0.8890517901351045,0.8890517901350216,0.8890517901349488,0.8890517901348944,0.8890517901348671,0.8890517901348377,0.8890517901347958,0.8890517901347607,0.8890517901347326,0.8890517901347038,0.8890517901346753,0.889051790134651,0.8890517901346432,0.8890517901346277,0.8890517901346063,0.889051790134595,0.8890517901345857,0.8890517901345749,0.8890517901345651,0.8890517901345535,0.8890517901345507,0.8890517901345433,0.8890517901345364,0.8890517901345315,0.8890517901345281,0.8890517901345228,0.8890517901345193,0.8890517901345154,0.8890517901345136,0.8890517901345099,0.8890517901345085,0.8890517901345063,0.8890517901345051,0.8890517901345029,0.8890517901345006,0.8890517901344999,0.8890517901344988,0.8890517901344978,0.889051790134497,0.8890517901344962,0.8890517901344955,0.8890517901344949,0.8890517901344943,0.8890517901344936,0.8890517901344931,0.8890517901344929,0.8890517901344924,0.8890517901344921,0.8890517901344919,0.8890517901344915,0.8890517901344914,0.8890517901344912,0.8890517901344911,0.8890517901344909,0.8890517901344908,0.8890517901344905,0.8890517901344904,0.8890517901344904,0.8890517901344902,0.8890517901344902,0.8890517901344902,0.88905179013449,0.88905179013449,0.88905179013449,0.88905179013449,0.8890517901344899,0.8890517901344899,0.8890517901344898,0.8890517901344898,0.8890517901344898,0.8890517901344898,0.8890517901344897,0.8890517901344897,0.8890517901344897,0.8890517901344897
9.771241535346501e+49,0.889054858916718,0.8890546621526891,0.8890544631845329,0.8890542635695485,0.8890540648530324,0.8890538685726116,0.8890536762477865,0.8890534893642591,0.8890533093532565,0.8890531375649445,0.8890529752376688,0.8890528234648312,0.8890526831612346,0.889052555031072,0.8890524395399768,0.889052336893631,0.8890522470255915,0.8890521695964102,0.8890521040051279,0.8890520494147118,0.8890520047900229,0.8890519689474187,0.8890519406127606,0.8890519184840412,0.8890519012940667,0.889051887868351,0.889051877173608,0.8890518683530773,0.8890518607459511,0.8890518538896603,0.8890518475052894,0.8890518414680931,0.889051835766774,0.8890518304568342,0.8890518256147004,0.8890518212997766,0.8890518175306485,0.8890518142787928,0.8890518114786574,0.8890518090482001,0.8890518069108021,0.8890518050098842,0.889051803311778,0.8890518017986148,0.8890518004576999,0.8890517992742072,0.8890517982300986,0.8890517973071768,0.8890517964900392,0.8890517957665116,0.8890517951263356,0.8890517945600935,0.8890517940591263,0.8890517936157801,0.889051793223373,0.889051792875991,0.8890517925683763,0.8890517922958818,0.8890517920544081,0.889051791840337,0.8890517916504788,0.8890517914820243,0.8890517913325006,0.8890517911997313,0.8890517910818002,0.8890517909770198,0.8890517908839023,0.889051790801135,0.8890517907275568,0.8890517906621406,0.8890517906039773,0.889051790552258,0.8890517905062664,0.8890517904653664,0.88905179042899,0.8890517903966336,0.8890517903678516,0.8890517903422447,0.8890517903194565,0.8890517902991744,0.8890517902811215,0.8890517902650472,0.8890517902507297,0.889051790237977,0.8890517902266217,0.8890517902165106,0.8890517902075048,0.8890517901994858,0.8890517901923523,0.889051790186013,0.8890517901803762,0.8890517901753566,0.8890517901708823,0.8890517901668953,0.8890517901633486,0.8890517901601933,0.8890517901573802,0.8890517901548705,0.8890517901526318,0.8890517901506413,0.8890517901488788,0.8890517901473157,0.8890517901459193,0.889051790144668,0.8890517901435436,0.8890517901425378,0.8890517901416519,0.8890517901408836,0.8890517901402045,0.8890517901395874,0.8890517901390241,0.8890517901385085,0.8890517901380465,0.8890517901376518,0.8890517901373286,0.8890517901370453,0.8890517901367785,0.8890517901365248,0.8890517901362799,0.8890517901360551,0.8890517901358671,0.889051790135733,0.8890517901356304,0.889051790135523,0.8890517901354108,0.8890517901353014,0.8890517901351919,0.8890517901350959,0.889051790135024,0.8890517901349878,0.8890517901349492,0.8890517901348938,0.8890517901348475,0.8890517901348105,0.8890517901347724,0.8890517901347347,0.8890517901347025,0.8890517901346924,0.8890517901346718,0.8890517901346436,0.8890517901346288,0.8890517901346164,0.8890517901346021,0.8890517901345892,0.8890517901345739,0.8890517901345704,0.8890517901345605,0.8890517901345513,0.8890517901345449,0.8890517901345404,0.8890517901345336,0.8890517901345287,0.8890517901345237,0.8890517901345214,0.8890517901345164,0.8890517901345147,0.8890517901345116,0.8890517901345102,0.889051790134507,0.8890517901345043,0.8890517901345032,0.8890517901345016,0.8890517901345004,0.8890517901344993,0.8890517901344983,0.8890517901344974,0.8890517901344964,0.8890517901344959,0.889051790134495,0.8890517901344943,0.889051790134494,0.8890517901344933,0.8890517901344929,0.8890517901344925,0.8890517901344922,0.8890517901344921,0.8890517901344916,0.8890517901344915,0.8890517901344912,0.8890517901344911,0.889051790134491,0.8890517901344906,0.8890517901344906,0.8890517901344905,0.8890517901344904,0.8890517901344903,0.8890517901344902,0.8890517901344901,0.8890517901344901,0.8890517901344901,0.88905179013449,0.88905179013449,0.8890517901344899,0.8890517901344899,0.8890517901344899,0.8890517901344898,0.8890517901344899,0.8890517901344898,0.8890517901344897,0.8890517901344897
1.1226677735108114e+50,0.8890558411960761,0.8890555814504417,0.8890553187951485,0.8890550552859672,0.8890547929628236,0.8890545338555198,0.8890542799699301,0.8890540332673125,0.8890537956370137,0.8890535688613727,0.8890533545751165,0.889053154221634,0.8890529690085479,0.8890527998654569,0.8890526474070405,0.8890525119048192,0.8890523932710841,0.8890522910577352,0.8890522044714552,0.8890521324072874,0.8890520734987584,0.8890520261833555,0.8890519887791044,0.88905195956724,0.8890519368749552,0.8890519191518241,0.8890519050338185,0.8890518933899385,0.8890518833478597,0.8890518742969501,0.8890518658690163,0.8890518578993836,0.8890518503731386,0.8890518433635486,0.889051836971504,0.8890518312754232,0.889051826299841,0.8890518220071039,0.8890518183106778,0.8890518151022594,0.8890518122807051,0.8890518097713254,0.889051807529675,0.889051805532166,0.8890518037620397,0.8890518021997248,0.8890518008214091,0.8890517996030709,0.8890517985243768,0.8890517975692565,0.8890517967241676,0.8890517959766779,0.8890517953153568,0.8890517947301008,0.8890517942120888,0.8890517937535138,0.8890517933474353,0.8890517929877185,0.8890517926689517,0.889051792386359,0.8890517921357292,0.8890517919133545,0.88905179171597,0.8890517915407028,0.8890517913850232,0.8890517912467039,0.8890517911237805,0.8890517910145204,0.8890517909173906,0.8890517908310355,0.8890517907542549,0.889051790685981,0.8890517906252678,0.8890517905712763,0.8890517905232561,0.8890517904805428,0.8890517904425481,0.8890517904087446,0.8890517903786622,0.8890517903518881,0.8890517903280567,0.8890517903068372,0.8890517902879368,0.8890517902711021,0.8890517902561123,0.8890517902427645,0.8890517902308762,0.8890517902202902,0.8890517902108734,0.889051790202505,0.889051790195064,0.8890517901884377,0.8890517901825312,0.8890517901772681,0.889051790172586,0.8890517901684207,0.8890517901647074,0.889051790161394,0.8890517901584389,0.8890517901558114,0.8890517901534847,0.8890517901514213,0.8890517901495779,0.889051790147926,0.8890517901464419,0.8890517901451139,0.8890517901439444,0.8890517901429302,0.8890517901420337,0.8890517901412192,0.8890517901404755,0.889051790139795,0.889051790139185,0.889051790138664,0.8890517901382373,0.8890517901378633,0.8890517901375111,0.8890517901371763,0.889051790136853,0.8890517901365562,0.8890517901363081,0.889051790136131,0.8890517901359957,0.889051790135854,0.8890517901357055,0.8890517901355612,0.8890517901354167,0.88905179013529,0.8890517901351951,0.8890517901351473,0.8890517901350963,0.8890517901350232,0.8890517901349619,0.8890517901349132,0.8890517901348631,0.8890517901348132,0.8890517901347708,0.8890517901347572,0.8890517901347302,0.889051790134693,0.8890517901346734,0.8890517901346571,0.8890517901346382,0.8890517901346212,0.8890517901346008,0.8890517901345962,0.8890517901345831,0.8890517901345711,0.8890517901345627,0.8890517901345566,0.8890517901345477,0.8890517901345414,0.8890517901345347,0.8890517901345316,0.889051790134525,0.8890517901345227,0.8890517901345187,0.8890517901345167,0.8890517901345126,0.8890517901345091,0.8890517901345075,0.8890517901345056,0.8890517901345039,0.8890517901345024,0.8890517901345011,0.8890517901345,0.8890517901344986,0.8890517901344978,0.8890517901344966,0.8890517901344959,0.8890517901344953,0.8890517901344945,0.8890517901344939,0.8890517901344936,0.889051790134493,0.8890517901344929,0.8890517901344923,0.8890517901344922,0.8890517901344918,0.8890517901344915,0.8890517901344913,0.8890517901344911,0.889051790134491,0.8890517901344909,0.8890517901344906,0.8890517901344905,0.8890517901344904,0.8890517901344902,0.8890517901344902,0.8890517901344902,0.8890517901344901,0.8890517901344901,0.88905179013449,0.88905179013449,0.88905179013449,0.8890517901344899,0.8890517901344899,0.8890517901344899,0.8890517901344898,0.8890517901344898
1.2898902612533027e+50,0.889057137890001,0.889056795003286,0.8890564482755371,0.8890561004205487,0.8890557541312002,0.8890554120870077,0.8890550769359015,0.8890547512669148,0.8890544375741537,0.8890541382104643,0.8890538553338334,0.8890535908496646,0.8890533463521297,0.8890531230683851,0.8890529218098658,0.8890527429350059,0.8890525863280256,0.8890524513973963,0.8890523370958712,0.8890522419648123,0.8890521642003548,0.8890521017398464,0.8890520523629323,0.8890520138006913,0.8890519838448712,0.8890519604487724,0.8890519418117576,0.8890519264408074,0.8890519131843762,0.8890519012363758,0.8890518901107585,0.8890518795901389,0.8890518696548305,0.8890518604015524,0.8890518519634887,0.8890518444441584,0.8890518378759503,0.8890518322091578,0.8890518273295487,0.8890518230941528,0.8890518193694518,0.8890518160568486,0.8890518130976721,0.8890518104607835,0.8890518081240604,0.8890518060616667,0.889051804242168,0.8890518026338539,0.8890518012098824,0.889051799949039,0.889051798833447,0.8890517978466947,0.8890517969736924,0.8890517962011028,0.8890517955172811,0.8890517949119215,0.8890517943758619,0.8890517939010039,0.8890517934802038,0.8890517931071562,0.889051792776303,0.8890517924827486,0.8890517922221837,0.8890517919908153,0.8890517917853047,0.8890517916027109,0.8890517914404411,0.8890517912962079,0.8890517911679882,0.8890517910539918,0.8890517909526346,0.889051790862507,0.8890517907823603,0.8890517907110866,0.8890517906476959,0.8890517905913105,0.889051790541154,0.8890517904965305,0.889051790456819,0.8890517904214748,0.8890517903900153,0.8890517903620038,0.8890517903370535,0.8890517903148301,0.8890517902950422,0.889051790277422,0.8890517902617283,0.889051790247754,0.889051790235323,0.889051790224276,0.8890517902144532,0.889051790205706,0.8890517901979088,0.889051790190961,0.8890517901847802,0.8890517901792818,0.8890517901743797,0.8890517901700058,0.8890517901661048,0.8890517901626361,0.8890517901595648,0.889051790156841,0.8890517901544075,0.8890517901522268,0.8890517901502675,0.8890517901485147,0.8890517901469708,0.8890517901456321,0.8890517901444486,0.8890517901433733,0.8890517901423916,0.8890517901414932,0.8890517901406878,0.8890517901400001,0.8890517901394369,0.8890517901389432,0.8890517901384783,0.8890517901380363,0.8890517901376095,0.8890517901372177,0.8890517901368901,0.8890517901366564,0.8890517901364777,0.8890517901362908,0.8890517901360947,0.8890517901359043,0.8890517901357134,0.8890517901355462,0.889051790135421,0.889051790135358,0.8890517901352905,0.8890517901351941,0.8890517901351133,0.8890517901350488,0.8890517901349826,0.8890517901349168,0.8890517901348607,0.8890517901348429,0.8890517901348073,0.8890517901347582,0.8890517901347322,0.8890517901347106,0.8890517901346857,0.8890517901346633,0.8890517901346364,0.8890517901346303,0.8890517901346131,0.8890517901345972,0.8890517901345861,0.8890517901345781,0.8890517901345663,0.889051790134558,0.8890517901345492,0.889051790134545,0.8890517901345364,0.8890517901345334,0.8890517901345281,0.8890517901345254,0.8890517901345201,0.8890517901345153,0.8890517901345132,0.8890517901345109,0.8890517901345084,0.8890517901345065,0.8890517901345049,0.8890517901345032,0.8890517901345015,0.8890517901345004,0.8890517901344989,0.8890517901344979,0.8890517901344972,0.8890517901344961,0.8890517901344953,0.889051790134495,0.8890517901344941,0.8890517901344939,0.8890517901344933,0.889051790134493,0.8890517901344925,0.8890517901344922,0.889051790134492,0.8890517901344916,0.8890517901344914,0.8890517901344913,0.8890517901344911,0.889051790134491,0.8890517901344906,0.8890517901344905,0.8890517901344905,0.8890517901344904,0.8890517901344902,0.8890517901344902,0.8890517901344901,0.8890517901344901,0.8890517901344901,0.88905179013449,0.88905179013449,0.88905179013449,0.8890517901344899,0.8890517901344899
1.482020705798848e+50,0.8890588496377146,0.8890583969977831,0.8890579392872995,0.8890574800887057,0.8890570229568341,0.8890565714288797,0.8890561290003421,0.8890556990889739,0.8890552849872165,0.889054889801038,0.8890545163791751,0.8890541672369348,0.88905384447877,0.889053549724642,0.889053284045723,0.8890530479151838,0.8890528411801907,0.8890526630598787,0.8890525121717939,0.8890523865904092,0.8890522839344662,0.8890522014810835,0.8890521362991987,0.8890520853936364,0.8890520458493085,0.8890520149643921,0.8890519903618865,0.8890519700708743,0.8890519525712139,0.8890519367987979,0.8890519221120001,0.8890519082238527,0.8890518951083678,0.8890518828932229,0.8890518717542333,0.8890518618280527,0.8890518531574375,0.8890518456767706,0.8890518392352554,0.8890518336441585,0.8890518287272238,0.8890518243542949,0.8890518204479204,0.8890518169669943,0.8890518138823134,0.8890518111597713,0.8890518087578723,0.8890518066347554,0.8890518047549871,0.8890518030905625,0.8890518016178824,0.8890518003152821,0.8890517991628418,0.8890517981429552,0.8890517972402501,0.8890517964411221,0.889051795733476,0.8890517951066215,0.889051794551128,0.8890517940586723,0.8890517936219167,0.889051793234399,0.8890517928904303,0.8890517925850036,0.8890517923137116,0.8890517920726715,0.889051791858461,0.8890517916680606,0.8890517914987991,0.8890517913483139,0.8890517912145133,0.8890517910955368,0.8890517909897362,0.8890517908956486,0.8890517908119673,0.8890517907375336,0.8890517906713227,0.8890517906124156,0.8890517905599928,0.8890517905133354,0.8890517904718062,0.8890517904348285,0.8890517904018919,0.8890517903725551,0.8890517903464332,0.889051790323173,0.8890517903024561,0.8890517902840087,0.8890517902675986,0.8890517902530156,0.8890517902400485,0.8890517902285014,0.8890517902182086,0.8890517902090368,0.8890517902008777,0.8890517901936194,0.8890517901871481,0.8890517901813741,0.8890517901762245,0.8890517901716455,0.8890517901675911,0.8890517901639954,0.889051790160783,0.8890517901579044,0.8890517901553179,0.8890517901530038,0.8890517901509659,0.8890517901491988,0.8890517901476362,0.8890517901462168,0.889051790144921,0.8890517901437348,0.8890517901426719,0.889051790141764,0.8890517901410205,0.8890517901403686,0.8890517901397551,0.8890517901391715,0.8890517901386081,0.8890517901380909,0.8890517901376583,0.8890517901373499,0.8890517901371141,0.8890517901368673,0.8890517901366086,0.8890517901363572,0.8890517901361051,0.8890517901358844,0.8890517901357191,0.8890517901356358,0.8890517901355468,0.8890517901354197,0.8890517901353129,0.8890517901352278,0.8890517901351404,0.8890517901350535,0.8890517901349796,0.8890517901349559,0.889051790134909,0.889051790134844,0.88905179013481,0.8890517901347813,0.8890517901347486,0.889051790134719,0.8890517901346835,0.8890517901346753,0.8890517901346526,0.8890517901346316,0.889051790134617,0.8890517901346064,0.8890517901345909,0.88905179013458,0.8890517901345683,0.8890517901345629,0.8890517901345514,0.8890517901345474,0.8890517901345405,0.889051790134537,0.8890517901345296,0.8890517901345235,0.8890517901345207,0.8890517901345175,0.8890517901345144,0.889051790134512,0.8890517901345099,0.8890517901345076,0.8890517901345054,0.889051790134504,0.8890517901345019,0.8890517901345005,0.8890517901344996,0.8890517901344982,0.8890517901344972,0.8890517901344966,0.8890517901344955,0.8890517901344953,0.8890517901344944,0.8890517901344941,0.8890517901344934,0.8890517901344931,0.8890517901344926,0.8890517901344923,0.8890517901344921,0.8890517901344919,0.8890517901344915,0.8890517901344914,0.8890517901344911,0.8890517901344909,0.8890517901344909,0.8890517901344906,0.8890517901344905,0.8890517901344904,0.8890517901344903,0.8890517901344902,0.8890517901344901,0.8890517901344901,0.88905179013449,0.88905179013449,0.88905179013449,0.88905179013449
1.7027691722259118e+50,0.8890611092909697,0.8890605117677163,0.8890599075508034,0.8890593013693578,0.8890586979160632,0.8890581018603224,0.8890575178165007,0.8890569502963326,0.8890564036461345,0.8890558819660632,0.8890553890167107,0.8890549281185123,0.8890545020495426,0.8890541129483043,0.8890537622288504,0.8890534505158189,0.8890531776074658,0.8890529424729896,0.8890527432874362,0.8890525775089461,0.8890524419940532,0.8890523331483169,0.8890522471024783,0.8890521799026438,0.8890521277006403,0.889052086929824,0.8890520544523443,0.8890520276664163,0.8890520045653191,0.8890519837443367,0.8890519643564663,0.8890519460228848,0.889051928709286,0.8890519125842155,0.8890518978797648,0.8890518847763295,0.8890518733303513,0.8890518634552099,0.8890518549518405,0.8890518475710983,0.8890518410803101,0.8890518353076574,0.8890518301508978,0.8890518255557677,0.8890518214837162,0.8890518178897199,0.889051814719001,0.8890518119162989,0.8890518094348387,0.8890518072376511,0.8890518052935832,0.8890518035740358,0.8890518020527126,0.8890518007063721,0.8890517995147218,0.8890517984598022,0.8890517975256466,0.8890517966981432,0.8890517959648427,0.8890517953147578,0.8890517947382016,0.8890517942266439,0.889051793772575,0.8890517933693848,0.889051793011255,0.889051792693061,0.8890517924102843,0.8890517921589389,0.8890517919354989,0.8890517917368449,0.8890517915602164,0.8890517914031569,0.8890517912634907,0.8890517911392868,0.88905179102882,0.889051790930561,0.8890517908431567,0.8890517907653941,0.8890517906961916,0.8890517906345997,0.8890517905797773,0.8890517905309634,0.8890517904874842,0.8890517904487572,0.889051790414274,0.8890517903835684,0.8890517903562202,0.889051790331868,0.8890517903102053,0.8890517902909544,0.8890517902738369,0.8890517902585938,0.8890517902450061,0.8890517902328986,0.8890517902221277,0.889051790212546,0.8890517902040035,0.8890517901963814,0.8890517901895835,0.8890517901835387,0.8890517901781865,0.8890517901734397,0.8890517901691992,0.8890517901653991,0.8890517901619848,0.8890517901589301,0.8890517901562398,0.889051790153907,0.8890517901518445,0.8890517901499706,0.8890517901482599,0.8890517901466942,0.8890517901452909,0.8890517901440925,0.8890517901431111,0.8890517901422506,0.8890517901414406,0.88905179014067,0.8890517901399264,0.8890517901392436,0.8890517901386727,0.8890517901382654,0.8890517901379542,0.8890517901376283,0.889051790137287,0.8890517901369549,0.8890517901366224,0.889051790136331,0.8890517901361127,0.8890517901360027,0.8890517901358853,0.8890517901357172,0.8890517901355763,0.8890517901354641,0.8890517901353487,0.889051790135234,0.8890517901351365,0.8890517901351053,0.8890517901350433,0.8890517901349576,0.8890517901349124,0.8890517901348748,0.8890517901348314,0.8890517901347925,0.8890517901347457,0.8890517901347348,0.8890517901347048,0.8890517901346772,0.8890517901346578,0.8890517901346437,0.8890517901346233,0.8890517901346089,0.8890517901345935,0.8890517901345862,0.8890517901345711,0.8890517901345659,0.8890517901345567,0.8890517901345522,0.8890517901345425,0.8890517901345344,0.8890517901345308,0.8890517901345265,0.8890517901345224,0.8890517901345192,0.8890517901345162,0.8890517901345134,0.8890517901345104,0.8890517901345085,0.8890517901345059,0.8890517901345041,0.889051790134503,0.8890517901345011,0.8890517901344995,0.889051790134499,0.8890517901344974,0.8890517901344971,0.889051790134496,0.8890517901344955,0.8890517901344946,0.8890517901344943,0.8890517901344936,0.8890517901344932,0.8890517901344929,0.8890517901344925,0.8890517901344922,0.889051790134492,0.8890517901344915,0.8890517901344913,0.8890517901344911,0.8890517901344911,0.8890517901344909,0.8890517901344906,0.8890517901344905,0.8890517901344905,0.8890517901344904,0.8890517901344902,0.8890517901344902,0.8890517901344901,0.8890517901344901,0.88905179013449
1.9563983435170726e+50,0.8890640922242268,0.8890633034432722,0.8890625058259519,0.8890617056151081,0.8890609090054811,0.8890601221610838,0.88905935117328,0.8890586019979574,0.8890578803726411,0.8890571917099095,0.8890565409740878,0.8890559325484599,0.8890553701003475,0.8890548564527815,0.8890543934724564,0.8890539819839681,0.8890536217210145,0.8890533113228616,0.8890530483804227,0.8890528295382293,0.8890526506466375,0.8890525069606743,0.8890523933725816,0.8890523046628729,0.8890522357516227,0.889052181930547,0.8890521390574071,0.8890521036976176,0.8890520732021294,0.8890520457165941,0.8890520201228931,0.8890519959209463,0.8890519730654663,0.8890519517789489,0.8890519323677749,0.8890519150700826,0.8890518999603799,0.8890518869243208,0.8890518756991216,0.8890518659558898,0.8890518573874757,0.8890518497670641,0.8890518429596855,0.8890518368937076,0.8890518315182399,0.889051826773847,0.8890518225882178,0.8890518188884035,0.8890518156126567,0.8890518127121748,0.8890518101458331,0.8890518078758786,0.8890518058675976,0.8890518040903092,0.8890518025172254,0.8890518011246381,0.8890517998914702,0.8890517987990927,0.8890517978310712,0.8890517969729014,0.8890517962117965,0.8890517955364953,0.8890517949370839,0.8890517944048372,0.8890517939320745,0.8890517935120301,0.8890517931387398,0.8890517928069417,0.889051792511981,0.8890517922497402,0.889051792016575,0.8890517918092427,0.8890517916248708,0.8890517914609107,0.8890517913150848,0.8890517911853743,0.8890517910699928,0.8890517909673393,0.8890517908759858,0.8890517907946791,0.8890517907223088,0.88905179065787,0.8890517906004737,0.8890517905493506,0.8890517905038297,0.8890517904632956,0.8890517904271936,0.8890517903950466,0.8890517903664499,0.889051790341037,0.8890517903184402,0.8890517902983179,0.8890517902803812,0.8890517902643982,0.8890517902501797,0.8890517902375309,0.889051790226254,0.8890517902161922,0.8890517902072185,0.8890517901992387,0.8890517901921734,0.8890517901859074,0.8890517901803094,0.889051790175293,0.8890517901707856,0.8890517901667533,0.8890517901632018,0.8890517901601223,0.8890517901573997,0.8890517901549259,0.8890517901526677,0.8890517901506008,0.8890517901487484,0.8890517901471663,0.8890517901458708,0.8890517901447348,0.8890517901436655,0.8890517901426485,0.8890517901416667,0.8890517901407653,0.8890517901400118,0.889051790139474,0.8890517901390633,0.889051790138633,0.8890517901381824,0.8890517901377442,0.8890517901373051,0.8890517901369204,0.8890517901366324,0.889051790136487,0.889051790136332,0.8890517901361102,0.8890517901359243,0.8890517901357761,0.8890517901356237,0.8890517901354723,0.8890517901353434,0.8890517901353024,0.8890517901352206,0.8890517901351074,0.8890517901350479,0.889051790134998,0.8890517901349408,0.8890517901348894,0.8890517901348275,0.8890517901348134,0.8890517901347738,0.8890517901347373,0.8890517901347116,0.8890517901346933,0.8890517901346662,0.8890517901346471,0.8890517901346267,0.8890517901346172,0.8890517901345971,0.8890517901345902,0.8890517901345782,0.8890517901345721,0.8890517901345595,0.8890517901345487,0.889051790134544,0.8890517901345384,0.889051790134533,0.8890517901345285,0.8890517901345246,0.8890517901345211,0.8890517901345172,0.8890517901345146,0.8890517901345111,0.8890517901345089,0.8890517901345072,0.8890517901345046,0.8890517901345029,0.8890517901345021,0.8890517901345,0.8890517901344995,0.8890517901344981,0.8890517901344974,0.8890517901344964,0.8890517901344959,0.8890517901344951,0.8890517901344944,0.889051790134494,0.8890517901344935,0.8890517901344931,0.8890517901344928,0.8890517901344922,0.8890517901344919,0.8890517901344916,0.8890517901344915,0.8890517901344912,0.8890517901344911,0.889051790134491,0.8890517901344909,0.8890517901344905,0.8890517901344905,0.8890517901344904,0.8890517901344903,0.8890517901344902,0.8890517901344901
2.24780583354873e+50,0.8890680299444937,0.889066988688369,0.8890659357672093,0.8890648794220792,0.8890638278305538,0.8890627891296548,0.8890617713605097,0.8890607823854149,0.8890598297784177,0.8890589206846141,0.8890580616573738,0.8890572584830455,0.8890565160028483,0.8890558379434657,0.8890552267691324,0.889054683568421,0.8890542079898192,0.8890537982370651,0.889053451129975,0.8890531622390535,0.889052926086419,0.8890527364082995,0.8890525864620114,0.8890524693573774,0.8890523783884511,0.889052307339884,0.8890522507435568,0.8890522040655144,0.8890521638087787,0.8890521275254457,0.8890520937395007,0.889052061790794,0.8890520316195424,0.8890520035194591,0.889051977894995,0.889051955060513,0.8890519351143708,0.8890519179056209,0.8890519030873661,0.8890518902254392,0.8890518789143754,0.8890518688547586,0.8890518598684174,0.8890518518607904,0.8890518447646978,0.88905183850168,0.8890518329762795,0.8890518280921976,0.8890518237679222,0.8890518199390299,0.889051816551232,0.8890518135546913,0.8890518109035829,0.8890518085574051,0.8890518064807953,0.889051804642457,0.8890518030145665,0.8890518015725315,0.8890518002946577,0.8890517991617978,0.889051798157072,0.8890517972656146,0.8890517964743386,0.889051795771726,0.8890517951476372,0.8890517945931417,0.8890517941003656,0.8890517936623625,0.8890517932729884,0.8890517929268075,0.8890517926190087,0.8890517923453116,0.8890517921019245,0.8890517918854828,0.8890517916929797,0.8890517915217503,0.8890517913694366,0.8890517912339249,0.8890517911133303,0.8890517910059981,0.8890517909104628,0.8890517908253981,0.8890517907496299,0.8890517906821427,0.8890517906220511,0.8890517905685428,0.8890517905208848,0.889051790478448,0.8890517904406977,0.8890517904071504,0.8890517903773206,0.8890517903507575,0.8890517903270795,0.8890517903059805,0.8890517902872108,0.8890517902705133,0.8890517902556269,0.8890517902423444,0.8890517902304981,0.8890517902199643,0.8890517902106372,0.8890517902023656,0.8890517901949757,0.8890517901883537,0.8890517901824037,0.8890517901770806,0.8890517901723923,0.889051790168327,0.8890517901647328,0.8890517901614673,0.8890517901584863,0.8890517901557577,0.8890517901533123,0.8890517901512238,0.8890517901495137,0.8890517901480142,0.8890517901466026,0.88905179014526,0.889051790143964,0.889051790142774,0.8890517901417793,0.8890517901410695,0.8890517901405273,0.8890517901399593,0.8890517901393643,0.889051790138786,0.8890517901382063,0.8890517901376984,0.889051790137318,0.8890517901371265,0.8890517901369217,0.889051790136629,0.8890517901363836,0.8890517901361878,0.8890517901359867,0.889051790135787,0.8890517901356167,0.8890517901355626,0.8890517901354545,0.8890517901353051,0.8890517901352266,0.8890517901351608,0.8890517901350854,0.8890517901350175,0.8890517901349357,0.889051790134917,0.8890517901348648,0.8890517901348166,0.8890517901347827,0.8890517901347584,0.8890517901347227,0.8890517901346975,0.8890517901346705,0.8890517901346582,0.8890517901346316,0.8890517901346225,0.8890517901346067,0.8890517901345986,0.889051790134582,0.8890517901345677,0.8890517901345615,0.889051790134554,0.8890517901345469,0.889051790134541,0.889051790134536,0.8890517901345311,0.889051790134526,0.8890517901345226,0.889051790134518,0.889051790134515,0.8890517901345127,0.8890517901345094,0.889051790134507,0.8890517901345061,0.8890517901345033,0.8890517901345029,0.8890517901345009,0.8890517901345001,0.8890517901344985,0.8890517901344979,0.8890517901344969,0.889051790134496,0.8890517901344953,0.8890517901344946,0.8890517901344942,0.8890517901344939,0.8890517901344931,0.8890517901344925,0.8890517901344924,0.8890517901344922,0.8890517901344918,0.8890517901344916,0.8890517901344914,0.8890517901344912,0.889051790134491,0.8890517901344909,0.8890517901344906,0.8890517901344905,0.8890517901344904,0.8890517901344904
2.582618760682675e+50,0.8890732280566367,0.8890718535142829,0.8890704635726152,0.8890690691104982,0.8890676809230023,0.8890663097516794,0.8890649662115105,0.8890636606814181,0.8890624031598261,0.8890612030789179,0.8890600690897579,0.889059008830884,0.8890580286931866,0.889057133596274,0.889056326793213,0.8890556097210716,0.8890549819158757,0.8890544410064489,0.8890539827947083,0.8890536014333618,0.8890532896911486,0.8890530392993572,0.8890528413570635,0.8890526867686358,0.8890525666816387,0.8890524728912681,0.8890523981791262,0.8890523365599935,0.889052283417551,0.8890522355203504,0.8890521909199214,0.8890521487448088,0.8890521089160929,0.8890520718215019,0.8890520379949465,0.8890520078514139,0.889051981520744,0.889051958803674,0.8890519392422689,0.8890519222633889,0.8890519073317852,0.8890518940522021,0.8890518821894378,0.8890518716186624,0.889051862251193,0.8890518539834561,0.8890518466894392,0.8890518402420193,0.8890518345335937,0.8890518294791173,0.8890518250069247,0.889051821051226,0.8890518175515286,0.8890518144543665,0.8890518117130581,0.8890518092862891,0.8890518071373297,0.8890518052337161,0.8890518035468097,0.8890518020513345,0.8890518007250076,0.8890517995482049,0.8890517985036509,0.88905179757614,0.8890517967522877,0.8890517960203045,0.8890517953697963,0.8890517947915937,0.8890517942775855,0.8890517938205961,0.8890517934142745,0.8890517930529701,0.8890517927316778,0.8890517924459556,0.8890517921918343,0.8890517919657963,0.8890517917647287,0.8890517915858415,0.8890517914266459,0.8890517912849579,0.8890517911588428,0.8890517910465499,0.8890517909465292,0.8890517908574402,0.8890517907781139,0.8890517907074781,0.8890517906445654,0.889051790588545,0.8890517905387113,0.8890517904944261,0.8890517904550481,0.8890517904199825,0.8890517903887252,0.8890517903608727,0.8890517903360949,0.8890517903140529,0.8890517902944013,0.8890517902768674,0.8890517902612293,0.8890517902473237,0.8890517902350112,0.889051790224092,0.8890517902143367,0.889051790205595,0.8890517901977404,0.8890517901907135,0.8890517901845245,0.889051790179158,0.8890517901744133,0.8890517901701026,0.8890517901661673,0.8890517901625654,0.8890517901593372,0.8890517901565804,0.8890517901543228,0.8890517901523433,0.8890517901504799,0.8890517901487075,0.8890517901469966,0.8890517901454259,0.8890517901441126,0.8890517901431757,0.8890517901424598,0.8890517901417101,0.8890517901409247,0.8890517901401611,0.8890517901393958,0.8890517901387255,0.8890517901382236,0.8890517901379705,0.8890517901377002,0.8890517901373138,0.8890517901369898,0.8890517901367315,0.889051790136466,0.8890517901362022,0.8890517901359776,0.889051790135906,0.8890517901357634,0.8890517901355662,0.8890517901354625,0.8890517901353757,0.889051790135276,0.8890517901351864,0.8890517901350786,0.8890517901350539,0.8890517901349849,0.8890517901349213,0.8890517901348766,0.8890517901348446,0.8890517901347973,0.8890517901347641,0.8890517901347285,0.889051790134712,0.8890517901346772,0.8890517901346652,0.8890517901346442,0.8890517901346333,0.8890517901346116,0.8890517901345927,0.8890517901345845,0.8890517901345746,0.8890517901345651,0.8890517901345575,0.8890517901345508,0.8890517901345444,0.8890517901345376,0.8890517901345333,0.8890517901345271,0.8890517901345231,0.8890517901345203,0.889051790134516,0.8890517901345125,0.8890517901345113,0.8890517901345077,0.889051790134507,0.8890517901345044,0.8890517901345034,0.8890517901345015,0.8890517901345005,0.8890517901344992,0.889051790134498,0.8890517901344972,0.8890517901344964,0.8890517901344959,0.8890517901344951,0.8890517901344942,0.8890517901344934,0.8890517901344932,0.8890517901344931,0.8890517901344925,0.8890517901344923,0.889051790134492,0.8890517901344916,0.8890517901344914,0.8890517901344912,0.8890517901344911,0.8890517901344909,0.8890517901344906,0.8890517901344906
2.9673024081888605e+50,0.8890800899776427,0.8890782754737805,0.8890764406407013,0.8890745998393487,0.889072767320079,0.8890709572626289,0.889069183679678,0.8890674602723165,0.8890658002393679,0.8890642160321919,0.8890627190710225,0.889061319439486,0.8890600255742146,0.8890588439696264,0.8890577789201579,0.8890568323229655,0.8890560035656546,0.8890552895181453,0.8890546846386687,0.8890541812083416,0.8890537696813073,0.8890534391421713,0.8890531778409536,0.8890529737706349,0.8890528152452306,0.8890526914336827,0.8890525928070736,0.8890525114643884,0.8890524413116795,0.8890523780831512,0.8890523192066512,0.8890522635317816,0.8890522109543623,0.8890521619862284,0.8890521173321891,0.8890520775400647,0.8890520427812556,0.8890520127927168,0.8890519869699341,0.8890519645563127,0.8890519448452768,0.889051927315054,0.8890519116551567,0.8890518977007995,0.8890518853349121,0.8890518744207688,0.8890518647920217,0.8890518562808578,0.8890518487452315,0.8890518420728758,0.8890518361691865,0.8890518309473147,0.8890518263274048,0.889051822238877,0.8890518186201075,0.8890518154165579,0.8890518125797416,0.8890518100668032,0.8890518078399378,0.8890518058657781,0.8890518041149095,0.8890518025614261,0.8890518011825222,0.889051799958126,0.8890517988705681,0.8890517979042856,0.8890517970455574,0.8890517962822787,0.8890517956037425,0.8890517950004759,0.8890517944640955,0.8890517939871418,0.8890517935630076,0.8890517931858289,0.8890517928503665,0.8890517925519764,0.8890517922865494,0.8890517920504023,0.8890517918402501,0.8890517916532096,0.8890517914867265,0.8890517913384899,0.8890517912064536,0.8890517910888482,0.8890517909841306,0.889051790890885,0.8890517908078348,0.889051790733883,0.889051790668098,0.8890517906096376,0.8890517905576553,0.8890517905113655,0.8890517904701031,0.8890517904333354,0.8890517904006265,0.8890517903715291,0.8890517903455873,0.889051790322441,0.8890517903017972,0.8890517902834407,0.889051790267187,0.8890517902527726,0.8890517902398949,0.889051790228355,0.8890517902179863,0.8890517902087101,0.8890517902005401,0.8890517901934559,0.8890517901871924,0.8890517901815019,0.8890517901763071,0.8890517901715522,0.8890517901672907,0.8890517901636514,0.8890517901606712,0.8890517901580579,0.8890517901555982,0.8890517901532584,0.889051790151,0.8890517901489264,0.8890517901471929,0.889051790145956,0.889051790145011,0.8890517901440214,0.8890517901429845,0.8890517901419766,0.8890517901409665,0.8890517901400814,0.8890517901394187,0.889051790139085,0.8890517901387279,0.8890517901382178,0.8890517901377901,0.8890517901374491,0.8890517901370986,0.8890517901367504,0.8890517901364539,0.8890517901363594,0.8890517901361712,0.8890517901359108,0.8890517901357741,0.8890517901356594,0.8890517901355277,0.8890517901354095,0.889051790135267,0.8890517901352345,0.8890517901351435,0.8890517901350595,0.8890517901350006,0.8890517901349582,0.8890517901348958,0.8890517901348519,0.889051790134805,0.8890517901347833,0.8890517901347372,0.8890517901347214,0.8890517901346937,0.8890517901346795,0.8890517901346506,0.8890517901346257,0.889051790134615,0.8890517901346017,0.8890517901345893,0.8890517901345794,0.8890517901345705,0.889051790134562,0.889051790134553,0.8890517901345473,0.8890517901345392,0.8890517901345337,0.8890517901345302,0.8890517901345243,0.8890517901345198,0.8890517901345183,0.8890517901345136,0.8890517901345125,0.8890517901345092,0.8890517901345079,0.8890517901345053,0.8890517901345041,0.8890517901345023,0.8890517901345006,0.8890517901344996,0.8890517901344986,0.8890517901344978,0.8890517901344969,0.8890517901344956,0.8890517901344948,0.8890517901344945,0.8890517901344942,0.8890517901344934,0.8890517901344931,0.8890517901344926,0.8890517901344924,0.8890517901344921,0.8890517901344916,0.8890517901344915,0.8890517901344912,0.8890517901344911,0.889051790134491
3.4092850697467938e+50,0.8890891482388695,0.8890867529569895,0.8890843308374196,0.8890819008376658,0.8890794817693007,0.8890770923507229,0.8890747510798501,0.889072476043323,0.8890702846647905,0.889068193381225,0.8890662172684567,0.8890643696379041,0.8890626616268295,0.8890611018086112,0.8890596958524625,0.8890584462629698,0.8890573522318794,0.8890564096273537,0.8890556111338915,0.8890549465619885,0.8890544033103515,0.8890539669697569,0.889053622029239,0.8890533526385027,0.8890531433710386,0.8890529799289071,0.8890528497331044,0.8890527423535985,0.8890526497458442,0.8890525662786158,0.8890524885564468,0.8890524150607105,0.8890523456538804,0.8890522810116239,0.8890522220643521,0.8890521695352359,0.8890521236505396,0.8890520840630209,0.8890520499746677,0.889052020386708,0.8890519943663997,0.889051971224957,0.8890519505525094,0.8890519321315249,0.889051915807461,0.8890519013998274,0.8890518886890304,0.8890518774535419,0.8890518675058493,0.8890518586977503,0.8890518509043585,0.8890518440110261,0.8890518379123367,0.8890518325151188,0.8890518277380232,0.8890518235090547,0.8890518197642063,0.8890518164469056,0.8890518135072463,0.8890518109011812,0.8890518085898798,0.8890518065391442,0.8890518047188695,0.8890518031025579,0.8890518016668855,0.8890518003913072,0.8890517992577099,0.8890517982501147,0.8890517973543868,0.8890517965580217,0.8890517958499523,0.8890517952203312,0.8890517946604363,0.8890517941625272,0.8890517937196871,0.8890517933257859,0.8890517929753988,0.8890517926636636,0.8890517923862443,0.8890517921393342,0.8890517919195619,0.8890517917238763,0.8890517915495769,0.8890517913943274,0.8890517912560909,0.8890517911329985,0.8890517910233646,0.8890517909257417,0.8890517908389,0.8890517907617269,0.8890517906931056,0.8890517906319991,0.889051790577529,0.8890517905289924,0.889051790485814,0.8890517904474027,0.8890517904131573,0.8890517903826021,0.8890517903553504,0.8890517903311183,0.8890517903096619,0.8890517902906336,0.8890517902736339,0.8890517902584002,0.8890517902447127,0.889051790232467,0.8890517902216821,0.8890517902123304,0.889051790204062,0.88905179019655,0.8890517901896924,0.8890517901834156,0.8890517901777899,0.8890517901729859,0.8890517901690516,0.8890517901656019,0.8890517901623549,0.8890517901592662,0.8890517901562848,0.8890517901535476,0.8890517901512591,0.8890517901496262,0.8890517901483789,0.8890517901470724,0.8890517901457036,0.889051790144373,0.8890517901430396,0.8890517901418713,0.8890517901409966,0.8890517901405558,0.8890517901400846,0.8890517901394113,0.8890517901388466,0.8890517901383963,0.8890517901379338,0.889051790137474,0.8890517901370827,0.8890517901369578,0.8890517901367094,0.8890517901363657,0.8890517901361852,0.8890517901360337,0.88905179013586,0.8890517901357039,0.889051790135516,0.8890517901354729,0.8890517901353527,0.8890517901352419,0.889051790135164,0.8890517901351083,0.8890517901350259,0.8890517901349679,0.8890517901349059,0.8890517901348773,0.8890517901348165,0.8890517901347956,0.8890517901347591,0.8890517901347403,0.8890517901347021,0.8890517901346694,0.8890517901346551,0.8890517901346376,0.8890517901346213,0.8890517901346081,0.8890517901345962,0.8890517901345852,0.8890517901345735,0.8890517901345656,0.889051790134555,0.8890517901345479,0.8890517901345432,0.8890517901345354,0.8890517901345295,0.8890517901345274,0.8890517901345212,0.88905179013452,0.8890517901345154,0.8890517901345135,0.8890517901345103,0.8890517901345089,0.8890517901345064,0.8890517901345042,0.889051790134503,0.8890517901345015,0.8890517901345004,0.8890517901344992,0.8890517901344976,0.8890517901344964,0.8890517901344961,0.8890517901344955,0.8890517901344946,0.8890517901344944,0.8890517901344936,0.8890517901344933,0.8890517901344929,0.8890517901344924,0.8890517901344922,0.8890517901344919,0.8890517901344915,0.8890517901344914
3.9171014908092284e+50,0.8891011058031227,0.8890979438604586,0.8890947464873603,0.8890915387090474,0.8890883453581842,0.8890851911445238,0.8890821004868525,0.8890790972611173,0.8890762044681374,0.8890734438063022,0.8890708351772354,0.8890683961534315,0.8890661414373413,0.889064082346885,0.8890622263662337,0.8890605768019627,0.8890591325873864,0.8890578882683661,0.8890568341880102,0.8890559568954514,0.8890552397560113,0.8890546637483505,0.8890542083967024,0.8890538527773334,0.8890535765259263,0.8890533607679632,0.8890531888980637,0.8890530471476749,0.8890529248972924,0.889052814713205,0.8890527121130983,0.8890526150922525,0.8890525234691204,0.8890524381356436,0.8890523603200468,0.8890522909769799,0.8890522304051324,0.889052178146114,0.8890521331464787,0.8890520940877599,0.8890520597386553,0.8890520291899074,0.8890520019004506,0.8890519775831242,0.8890519560339177,0.8890519370145685,0.8890519202351936,0.889051905403356,0.8890518922715227,0.8890518806440536,0.8890518703560878,0.8890518612562798,0.8890518532054709,0.8890518460806661,0.8890518397744778,0.8890518341918655,0.8890518292483348,0.8890518248692046,0.8890518209885945,0.8890518175483584,0.8890518144972359,0.8890518117900839,0.8890518093871602,0.8890518072534863,0.8890518053582716,0.8890518036743954,0.889051802177947,0.8890518008478323,0.8890517996653923,0.8890517986141199,0.8890517976794056,0.8890517968482501,0.8890517961091394,0.8890517954518553,0.8890517948672673,0.8890517943472828,0.889051793884741,0.889051793473223,0.889051793107005,0.8890517927810617,0.8890517924909427,0.8890517922326207,0.88905179200253,0.889051791797587,0.8890517916151025,0.8890517914526097,0.8890517913078834,0.8890517911790123,0.8890517910643735,0.8890517909624983,0.8890517908719121,0.8890517907912462,0.8890517907193408,0.8890517906552681,0.8890517905982688,0.8890517905475627,0.8890517905023557,0.88905179046202,0.8890517904260454,0.8890517903940568,0.8890517903657326,0.8890517903406137,0.8890517903181724,0.8890517902980626,0.8890517902799937,0.8890517902638285,0.8890517902495915,0.8890517902372462,0.8890517902263314,0.8890517902164149,0.8890517902073622,0.8890517901990762,0.8890517901916498,0.8890517901853081,0.8890517901801145,0.8890517901755607,0.8890517901712742,0.8890517901671968,0.8890517901632613,0.8890517901596479,0.8890517901566268,0.8890517901544713,0.8890517901528248,0.8890517901510999,0.889051790149293,0.8890517901475367,0.8890517901457764,0.8890517901442341,0.8890517901430793,0.8890517901424976,0.8890517901418754,0.8890517901409866,0.8890517901402413,0.8890517901396469,0.8890517901390361,0.8890517901384294,0.8890517901379127,0.8890517901377478,0.88905179013742,0.8890517901369662,0.8890517901367279,0.889051790136528,0.8890517901362988,0.8890517901360927,0.8890517901358446,0.8890517901357876,0.889051790135629,0.8890517901354829,0.8890517901353799,0.8890517901353062,0.8890517901351975,0.8890517901351211,0.8890517901350392,0.8890517901350015,0.8890517901349211,0.8890517901348935,0.8890517901348454,0.8890517901348205,0.8890517901347703,0.8890517901347268,0.8890517901347081,0.8890517901346852,0.8890517901346635,0.889051790134646,0.8890517901346305,0.8890517901346158,0.8890517901346002,0.88905179013459,0.889051790134576,0.8890517901345666,0.8890517901345601,0.8890517901345502,0.8890517901345424,0.8890517901345396,0.8890517901345314,0.8890517901345296,0.8890517901345237,0.8890517901345213,0.8890517901345171,0.889051790134515,0.8890517901345119,0.8890517901345089,0.8890517901345071,0.8890517901345054,0.8890517901345039,0.8890517901345024,0.8890517901345003,0.8890517901344985,0.8890517901344982,0.8890517901344975,0.8890517901344964,0.889051790134496,0.889051790134495,0.8890517901344945,0.8890517901344939,0.8890517901344934,0.8890517901344931,0.8890517901344925,0.8890517901344923,0.8890517901344921
4.500557675700525e+50,0.8891168905987299,0.8891127166266227,0.8891084958791831,0.8891042613912793,0.8891000459437439,0.8890958821553095,0.8890918022607567,0.8890878377784166,0.8890840190715108,0.8890803747840642,0.8890769311883197,0.8890737114819492,0.889070735073978,0.8890680169055875,0.8890655668570813,0.8890633892939559,0.8890614828085811,0.8890598402014496,0.8890584487249894,0.8890572906231785,0.8890563439370199,0.8890555835568534,0.8890549824529971,0.8890545130043718,0.8890541483283463,0.8890538635089338,0.8890536366255943,0.8890534495026395,0.8890532881213973,0.8890531426687179,0.8890530072275548,0.8890528791515019,0.8890527582009019,0.889052645553197,0.8890525428297528,0.8890524512907922,0.8890523713306123,0.8890523023440987,0.8890522429406098,0.8890521913796542,0.8890521460358043,0.8890521057087604,0.8890520696842679,0.8890520375832494,0.8890520091363938,0.8890519840291731,0.8890519618789159,0.8890519422995798,0.8890519249643998,0.8890519096151132,0.8890518960340894,0.8890518840215388,0.8890518733937594,0.8890518639883878,0.8890518556636617,0.8890518482941201,0.8890518417682226,0.8890518359873837,0.8890518308646355,0.8890518263232194,0.8890518222954684,0.8890518187217883,0.8890518155497167,0.8890518127330784,0.8890518102312277,0.8890518080083621,0.889051806032918,0.8890518042770489,0.8890518027161236,0.8890518013283512,0.8890518000944457,0.889051798997247,0.8890517980215555,0.8890517971538824,0.8890517963821746,0.889051795695749,0.8890517950851529,0.8890517945419129,0.8890517940584728,0.8890517936281987,0.8890517932452161,0.8890517929042081,0.8890517926004681,0.8890517923299253,0.8890517920890295,0.8890517918745247,0.8890517916834731,0.8890517915133521,0.8890517913620185,0.8890517912275343,0.8890517911079525,0.8890517910014663,0.8890517909065448,0.8890517908219633,0.8890517907467191,0.8890517906797825,0.8890517906201053,0.8890517905668587,0.8890517905193691,0.8890517904771412,0.8890517904397508,0.8890517904065915,0.8890517903769671,0.8890517903504205,0.889051790326568,0.8890517903052284,0.8890517902864342,0.8890517902701375,0.889051790255729,0.8890517902426383,0.8890517902306878,0.8890517902197496,0.8890517902099463,0.8890517902015744,0.8890517901947185,0.8890517901887071,0.8890517901830486,0.8890517901776661,0.8890517901724707,0.8890517901677008,0.8890517901637128,0.8890517901608673,0.8890517901586935,0.8890517901564168,0.8890517901540315,0.8890517901517129,0.8890517901493892,0.8890517901473532,0.8890517901458288,0.8890517901450607,0.8890517901442396,0.8890517901430662,0.8890517901420822,0.8890517901412978,0.8890517901404915,0.8890517901396905,0.8890517901390084,0.8890517901387909,0.889051790138358,0.8890517901377591,0.8890517901374443,0.8890517901371805,0.889051790136878,0.8890517901366057,0.8890517901362783,0.8890517901362032,0.8890517901359937,0.8890517901358007,0.889051790135665,0.8890517901355678,0.889051790135424,0.8890517901353234,0.8890517901352151,0.8890517901351653,0.8890517901350593,0.8890517901350228,0.8890517901349592,0.8890517901349265,0.8890517901348601,0.8890517901348028,0.8890517901347781,0.8890517901347478,0.8890517901347191,0.889051790134696,0.8890517901346756,0.8890517901346563,0.8890517901346356,0.8890517901346222,0.8890517901346036,0.8890517901345913,0.8890517901345829,0.8890517901345695,0.8890517901345593,0.8890517901345556,0.8890517901345449,0.8890517901345425,0.8890517901345346,0.8890517901345314,0.8890517901345257,0.8890517901345231,0.889051790134519,0.889051790134515,0.8890517901345127,0.8890517901345104,0.8890517901345084,0.8890517901345065,0.8890517901345039,0.8890517901345015,0.889051790134501,0.8890517901345002,0.8890517901344985,0.8890517901344979,0.8890517901344969,0.8890517901344961,0.8890517901344954,0.8890517901344946,0.8890517901344941,0.8890517901344935,0.8890517901344931,0.889051790134493
5.1709202428967765e+50,0.8891377274951927,0.8891322176080165,0.8891266459662494,0.889121056177733,0.8891154915152293,0.8891099950377798,0.8891046092978386,0.8890993759023369,0.8890943349335986,0.8890895242046734,0.8890849783978364,0.8890807281368095,0.8890767990440744,0.8890732108442284,0.8890699765810821,0.8890671020183892,0.8890645852988056,0.8890624169191097,0.8890605800520383,0.8890590512586171,0.8890578015514616,0.889056797783932,0.8890560042747014,0.8890553845616763,0.8890549031575252,0.8890545271710224,0.889054227665169,0.8890539806464828,0.8890537676090978,0.8890535755988015,0.8890533968045757,0.889053227732934,0.8890530680675092,0.8890529193626292,0.8890527837586412,0.889052662919152,0.8890525573646695,0.889052466296391,0.889052387878548,0.8890523198135389,0.8890522599556568,0.8890522067204003,0.8890521591648907,0.8890521167887127,0.8890520792363518,0.8890520460926032,0.8890520168523076,0.8890519910058549,0.8890519681218858,0.8890519478594716,0.8890519299313202,0.8890519140736921,0.8890519000440843,0.8890518876281626,0.8890518766387887,0.8890518669103424,0.889051858295581,0.8890518506643628,0.8890518439018822,0.889051837906812,0.8890518325898245,0.8890518278722508,0.8890518236848359,0.8890518199666245,0.8890518166639603,0.8890518137295814,0.8890518111218205,0.8890518088039182,0.8890518067433588,0.8890518049113765,0.889051803282512,0.8890518018341128,0.889051800546114,0.8890517994007088,0.8890517983819861,0.8890517974758437,0.8890517966698028,0.889051795952678,0.8890517953144942,0.8890517947464945,0.8890517942409235,0.8890517937907628,0.8890517933897991,0.8890517930326587,0.8890517927146551,0.8890517924314897,0.8890517921792848,0.88905179195471,0.8890517917549363,0.8890517915774053,0.8890517914195467,0.8890517912789755,0.8890517911536708,0.8890517910420157,0.8890517909426868,0.8890517908543245,0.8890517907755453,0.889051790705255,0.8890517906425646,0.8890517905868202,0.8890517905374613,0.8890517904936881,0.8890517904545814,0.8890517904195374,0.8890517903880502,0.88905179035988,0.88905179033507,0.8890517903135569,0.8890517902945363,0.8890517902772554,0.8890517902614798,0.8890517902470404,0.8890517902340991,0.8890517902230476,0.889051790213997,0.8890517902060616,0.8890517901985918,0.8890517901914864,0.8890517901846281,0.8890517901783312,0.8890517901730668,0.8890517901693105,0.889051790166441,0.8890517901634354,0.8890517901602866,0.8890517901572258,0.8890517901541584,0.8890517901514708,0.8890517901494583,0.8890517901484445,0.8890517901473605,0.8890517901458115,0.8890517901445127,0.889051790143477,0.8890517901424126,0.8890517901413553,0.8890517901404549,0.8890517901401677,0.8890517901395961,0.8890517901388055,0.8890517901383901,0.8890517901380419,0.8890517901376425,0.8890517901372831,0.8890517901368509,0.8890517901367517,0.8890517901364752,0.8890517901362204,0.8890517901360413,0.889051790135913,0.8890517901357232,0.8890517901355901,0.8890517901354473,0.8890517901353817,0.8890517901352416,0.8890517901351935,0.8890517901351095,0.8890517901350663,0.8890517901349787,0.8890517901349031,0.8890517901348703,0.8890517901348304,0.8890517901347926,0.8890517901347621,0.8890517901347352,0.8890517901347096,0.8890517901346825,0.8890517901346646,0.8890517901346402,0.8890517901346239,0.8890517901346127,0.8890517901345951,0.8890517901345816,0.8890517901345769,0.8890517901345626,0.8890517901345593,0.8890517901345492,0.8890517901345448,0.8890517901345375,0.8890517901345337,0.8890517901345284,0.8890517901345232,0.8890517901345203,0.8890517901345172,0.8890517901345145,0.889051790134512,0.8890517901345083,0.8890517901345054,0.8890517901345046,0.8890517901345035,0.8890517901345014,0.8890517901345005,0.8890517901344991,0.8890517901344982,0.8890517901344971,0.8890517901344963,0.8890517901344955,0.8890517901344948,0.8890517901344943,0.889051790134494
5.94113398496504e+50,0.8891652332927644,0.8891579599724042,0.8891506051182986,0.8891432262947279,0.889135880624109,0.8891286249471916,0.8891215154364426,0.8891146070165986,0.8891079526001973,0.8891016021045111,0.8890956013142415,0.889089990656704,0.8890848039573258,0.8890800672559174,0.8890757977730929,0.8890720031191066,0.8890686808435855,0.8890658184027692,0.8890633935843294,0.8890613754476981,0.8890597257277195,0.8890584006684749,0.8890573531678825,0.889056535093056,0.8890558995977875,0.889055403262889,0.8890550078890542,0.8890546818028235,0.8890544005748536,0.8890541471044603,0.8890539110804208,0.88905368789103,0.8890534771186576,0.8890532808151556,0.8890531018059724,0.8890529422872178,0.889052802946011,0.8890526827278641,0.889052579209403,0.8890524893575922,0.8890524103399107,0.889052340064677,0.8890522772872094,0.8890522213469152,0.8890521717744847,0.8890521280218109,0.8890520894220392,0.8890520553024394,0.8890520250935793,0.8890519983454029,0.8890519746786596,0.8890519537451895,0.8890519352248678,0.8890519188347542,0.8890519043278096,0.8890518914854009,0.8890518801131546,0.8890518700392722,0.8890518611122004,0.8890518531981776,0.8890518461792842,0.8890518399516701,0.8890518344239123,0.8890518295155447,0.889051825155736,0.8890518212820965,0.8890518178396215,0.8890518147797856,0.889051812059665,0.8890518096412864,0.8890518074910415,0.8890518055790264,0.889051803878754,0.8890518023667181,0.8890518010219141,0.889051799825726,0.8890517987616808,0.8890517978150125,0.8890517969725535,0.8890517962227438,0.8890517955553453,0.8890517949610935,0.8890517944317861,0.889051793960329,0.8890517935405361,0.8890517931667329,0.8890517928338,0.8890517925373413,0.8890517922736226,0.8890517920392659,0.8890517918308786,0.889051791645312,0.889051791479899,0.8890517913325042,0.8890517912013812,0.8890517910847353,0.8890517909807398,0.8890517908879504,0.8890517908051936,0.8890517907316059,0.8890517906664479,0.8890517906086636,0.8890517905570392,0.889051790510778,0.8890517904692118,0.8890517904320249,0.8890517903992734,0.8890517903708742,0.8890517903457654,0.8890517903229531,0.889051790302128,0.8890517902830667,0.8890517902659829,0.889051790251394,0.8890517902394465,0.8890517902289709,0.8890517902191102,0.8890517902097304,0.8890517902006768,0.8890517901923645,0.889051790185415,0.8890517901804562,0.8890517901766682,0.8890517901727006,0.889051790168544,0.8890517901645034,0.8890517901604541,0.8890517901569063,0.8890517901542497,0.8890517901529114,0.8890517901514804,0.8890517901494355,0.889051790147721,0.8890517901463538,0.8890517901449487,0.889051790143553,0.8890517901423644,0.8890517901419852,0.8890517901412307,0.8890517901401872,0.8890517901396386,0.889051790139179,0.8890517901386515,0.8890517901381774,0.8890517901376067,0.8890517901374757,0.8890517901371108,0.8890517901367745,0.8890517901365379,0.8890517901363684,0.8890517901361181,0.8890517901359425,0.889051790135754,0.8890517901356672,0.8890517901354823,0.8890517901354188,0.8890517901353079,0.8890517901352508,0.8890517901351352,0.8890517901350355,0.8890517901349924,0.8890517901349395,0.8890517901348897,0.8890517901348494,0.8890517901348138,0.8890517901347801,0.8890517901347442,0.8890517901347208,0.8890517901346884,0.8890517901346668,0.8890517901346522,0.8890517901346289,0.8890517901346111,0.8890517901346048,0.8890517901345859,0.8890517901345817,0.8890517901345681,0.8890517901345625,0.8890517901345527,0.8890517901345479,0.8890517901345408,0.889051790134534,0.8890517901345301,0.8890517901345261,0.8890517901345224,0.8890517901345191,0.8890517901345143,0.8890517901345104,0.8890517901345095,0.889051790134508,0.8890517901345052,0.8890517901345041,0.8890517901345022,0.8890517901345011,0.8890517901344995,0.8890517901344985,0.8890517901344975,0.8890517901344964,0.8890517901344959,0.8890517901344954
6.826071834272379e+50,0.8892015420741503,0.8891919410277973,0.8891822323283918,0.889172491962517,0.8891627953342779,0.8891532174767606,0.8891438325416567,0.8891347130343153,0.8891259288045317,0.8891175457487461,0.8891096243086095,0.8891022178540099,0.8890953710400908,0.889089118244489,0.8890834822027794,0.889078472963941,0.8890740872958535,0.8890703086419649,0.8890671076820378,0.889064443573441,0.8890622658041014,0.8890605166133424,0.8890591338229908,0.8890580538939054,0.8890572149853098,0.8890565597802781,0.8890560378525065,0.8890556073903292,0.8890552361449159,0.8890549015418888,0.8890545899695431,0.8890542953400304,0.8890540171020459,0.889053757964218,0.8890535216563908,0.8890533110776264,0.8890531271349875,0.8890529684364606,0.889052831782982,0.8890527131706807,0.8890526088603806,0.8890525160908795,0.889052433219088,0.8890523593729668,0.8890522939329858,0.8890522361755961,0.8890521852204911,0.8890521401796077,0.8890521003012455,0.889052064991291,0.8890520337490998,0.8890520061150705,0.8890519816666099,0.8890519600302121,0.8890519408797637,0.8890519239266497,0.8890519089142798,0.8890518956158648,0.889051883831341,0.8890518733841317,0.8890518641185722,0.8890518558975712,0.8890518486004425,0.8890518421209633,0.8890518363656305,0.889051831252084,0.8890518267077128,0.8890518226684588,0.8890518190776594,0.8890518158851858,0.8890518130466725,0.8890518105226435,0.8890518082781338,0.8890518062821126,0.8890518045068525,0.8890518029277783,0.8890518015231446,0.889051800273459,0.8890517991613385,0.8890517981715234,0.8890517972904985,0.8890517965060335,0.8890517958073008,0.8890517951849357,0.8890517946307721,0.8890517941373188,0.8890517936978181,0.8890517933064663,0.8890517929583343,0.8890517926489627,0.889051792373873,0.889051792128909,0.889051791910549,0.8890517917159749,0.889051791542881,0.889051791388898,0.8890517912516147,0.8890517911291245,0.8890517910198781,0.889051790922736,0.8890517908367217,0.889051790760441,0.8890517906922923,0.8890517906312234,0.8890517905763525,0.8890517905272625,0.8890517904840278,0.8890517904465383,0.8890517904133923,0.8890517903832781,0.8890517903557871,0.8890517903306244,0.8890517903080724,0.8890517902888138,0.889051790273042,0.8890517902592133,0.8890517902461962,0.8890517902338141,0.8890517902218626,0.8890517902108895,0.8890517902017155,0.8890517901951697,0.8890517901901691,0.8890517901849315,0.8890517901794444,0.8890517901741105,0.889051790168765,0.8890517901640818,0.8890517901605747,0.8890517901588079,0.8890517901569189,0.8890517901542195,0.8890517901519561,0.8890517901501515,0.8890517901482966,0.889051790146454,0.889051790144885,0.8890517901443843,0.8890517901433885,0.8890517901420109,0.8890517901412868,0.8890517901406801,0.8890517901399837,0.8890517901393578,0.8890517901386045,0.8890517901384316,0.8890517901379498,0.8890517901375059,0.8890517901371936,0.8890517901369698,0.8890517901366394,0.8890517901364076,0.8890517901361586,0.8890517901360442,0.8890517901358,0.8890517901357163,0.8890517901355698,0.8890517901354945,0.889051790135342,0.8890517901352102,0.8890517901351532,0.8890517901350835,0.8890517901350177,0.8890517901349645,0.8890517901349176,0.8890517901348731,0.8890517901348257,0.8890517901347947,0.8890517901347519,0.8890517901347236,0.8890517901347043,0.8890517901346735,0.8890517901346501,0.8890517901346416,0.8890517901346168,0.8890517901346112,0.8890517901345933,0.8890517901345859,0.889051790134573,0.8890517901345666,0.8890517901345573,0.8890517901345483,0.889051790134543,0.8890517901345377,0.889051790134533,0.8890517901345285,0.8890517901345223,0.8890517901345171,0.889051790134516,0.889051790134514,0.8890517901345102,0.8890517901345086,0.8890517901345062,0.8890517901345049,0.8890517901345028,0.8890517901345014,0.8890517901345002,0.8890517901344986,0.889051790134498,0.8890517901344972
7.842822061337649e+50,0.8892494706050372,0.8892367970363318,0.8892239813189718,0.8892111237561163,0.8891983238834326,0.8891856807482145,0.8891732922356278,0.8891612540588659,0.8891496584268216,0.8891385923307601,0.8891281355621355,0.8891183585778512,0.8891093203311561,0.8891010662084213,0.8890936262275679,0.8890870136589646,0.8890812242404366,0.8890762361199163,0.889072010595582,0.8890684937544328,0.8890656189183571,0.8890633098399071,0.8890614844396838,0.8890600588413163,0.88905895141014,0.8890580864831649,0.8890573974934861,0.8890568292461837,0.8890563391700606,0.889055897465007,0.8890554861624052,0.8890550972257744,0.8890547299273512,0.8890543878427687,0.8890540758957547,0.8890537979133333,0.889053555092914,0.8890533455969244,0.8890531652023244,0.8890530086236567,0.8890528709248825,0.8890527484609743,0.8890526390629104,0.8890525415795236,0.8890524551929805,0.8890523789481333,0.8890523116829004,0.8890522522249606,0.8890521995820035,0.8890521529697472,0.8890521117272966,0.8890520752479383,0.8890520429738115,0.8890520144118554,0.8890519891315721,0.8890519667519641,0.8890519469343094,0.8890519293792268,0.8890519138226143,0.8890519000313749,0.8890518878000176,0.8890518769475698,0.889051867314715,0.8890518587612299,0.8890518511636819,0.8890518444133486,0.889051838414377,0.8890518330822047,0.889051828342032,0.8890518241276848,0.8890518203805964,0.889051817048655,0.8890518140857038,0.8890518114507793,0.8890518091072791,0.8890518070227615,0.8890518051685209,0.8890518035188254,0.8890518020507282,0.8890518007440847,0.889051799581054,0.8890517985454908,0.8890517976231019,0.8890517968015249,0.88905179606998,0.8890517954185779,0.889051794838398,0.8890517943217794,0.8890517938622142,0.8890517934538164,0.8890517930906738,0.8890517927672994,0.8890517924790451,0.88905179222219,0.8890517919936908,0.8890517917904195,0.8890517916091936,0.8890517914474956,0.8890517913032807,0.8890517911750445,0.8890517910614981,0.8890517909608009,0.8890517908708385,0.8890517907902221,0.8890517907177878,0.8890517906529846,0.8890517905959109,0.8890517905464214,0.8890517905026658,0.8890517904629124,0.889051790426622,0.889051790393405,0.8890517903636342,0.8890517903382111,0.889051790317391,0.8890517902991358,0.8890517902819524,0.8890517902656068,0.8890517902498297,0.8890517902353443,0.8890517902232339,0.8890517902145927,0.8890517902079915,0.8890517902010775,0.889051790193834,0.8890517901867928,0.8890517901797362,0.8890517901735537,0.8890517901689243,0.889051790166592,0.8890517901640983,0.8890517901605348,0.8890517901575471,0.8890517901551644,0.8890517901527161,0.8890517901502836,0.8890517901482123,0.8890517901475516,0.889051790146237,0.8890517901444185,0.8890517901434624,0.8890517901426617,0.8890517901417424,0.889051790140916,0.8890517901399216,0.8890517901396934,0.8890517901390574,0.8890517901384712,0.8890517901380592,0.8890517901377638,0.8890517901373275,0.8890517901370214,0.8890517901366929,0.8890517901365418,0.8890517901362196,0.889051790136109,0.8890517901359156,0.8890517901358163,0.8890517901356148,0.8890517901354409,0.8890517901353656,0.8890517901352737,0.8890517901351868,0.8890517901351166,0.8890517901350546,0.8890517901349958,0.8890517901349333,0.8890517901348924,0.8890517901348362,0.8890517901347985,0.889051790134773,0.8890517901347323,0.8890517901347014,0.8890517901346904,0.8890517901346575,0.8890517901346502,0.8890517901346265,0.8890517901346168,0.8890517901345997,0.8890517901345912,0.889051790134579,0.889051790134567,0.8890517901345601,0.8890517901345532,0.8890517901345468,0.889051790134541,0.8890517901345327,0.889051790134526,0.8890517901345243,0.8890517901345217,0.8890517901345169,0.8890517901345147,0.8890517901345115,0.8890517901345096,0.8890517901345071,0.8890517901345052,0.8890517901345035,0.8890517901345016,0.8890517901345005,0.8890517901344996
9.011018251664963e+50,0.88931273654714,0.8892960074681515,0.8892790906757307,0.8892621185687242,0.8892452225353131,0.8892285333214304,0.8892121801413186,0.8891962893443691,0.889180982656192,0.8891663749166714,0.889152571463036,0.8891396653114777,0.8891277342933577,0.8891168383311513,0.8891070170597963,0.8890982880057642,0.8890906455504665,0.8890840608542895,0.8890784828334778,0.8890738403231264,0.8890700453062268,0.8890669971324573,0.8890645874519978,0.8890627055422139,0.8890612436392241,0.8890601018619225,0.8890591923365884,0.8890584422013533,0.8890577952586641,0.8890572121698552,0.8890566692148238,0.8890561557847361,0.8890556709188934,0.889055219337454,0.8890548075401812,0.8890544405790947,0.8890541200348934,0.8890538434818327,0.8890536053451393,0.8890533986475527,0.8890532168730734,0.889053055209948,0.8890529107948798,0.8890527821082286,0.8890526680703841,0.8890525674204687,0.8890524786244326,0.8890524001347098,0.8890523306413636,0.8890522691090731,0.8890522146653994,0.8890521665094268,0.8890521239047305,0.8890520862004269,0.8890520528282205,0.8890520232851615,0.8890519971241073,0.8890519739498476,0.8890519534137447,0.8890519352080903,0.8890519190616181,0.8890519047354281,0.8890518920192085,0.8890518807278524,0.8890518706984176,0.8890518617873812,0.8890518538682084,0.8890518468292697,0.8890518405718228,0.889051835008512,0.889051830062024,0.889051825663567,0.8890518217522094,0.8890518182738762,0.8890518151802489,0.8890518124285016,0.88905180998074,0.889051807802996,0.8890518058649778,0.8890518041400931,0.8890518026047896,0.8890518012377548,0.8890518000201197,0.8890517989355657,0.8890517979698616,0.8890517971099534,0.8890517963440646,0.8890517956620823,0.8890517950554157,0.8890517945162943,0.8890517940369139,0.8890517936100314,0.88905179322951,0.8890517928904388,0.8890517925887994,0.8890517923204635,0.8890517920812292,0.8890517918677736,0.8890517916773972,0.8890517915081141,0.8890517913582228,0.8890517912252935,0.8890517911065353,0.8890517910001147,0.8890517909044949,0.8890517908189488,0.8890517907436065,0.889051790678276,0.8890517906205148,0.8890517905680367,0.8890517905201301,0.8890517904762808,0.8890517904369808,0.88905179040342,0.8890517903759357,0.8890517903518372,0.8890517903291534,0.8890517903075759,0.8890517902867487,0.8890517902676268,0.8890517902516398,0.8890517902402328,0.8890517902315187,0.8890517902223913,0.8890517902128294,0.8890517902035344,0.8890517901942192,0.8890517901860578,0.8890517901799464,0.8890517901768676,0.8890517901735756,0.8890517901688716,0.8890517901649275,0.8890517901617823,0.8890517901585502,0.8890517901553391,0.8890517901526049,0.8890517901517326,0.8890517901499974,0.8890517901475964,0.8890517901463345,0.8890517901452775,0.8890517901440639,0.8890517901429731,0.8890517901416604,0.8890517901413592,0.8890517901405195,0.8890517901397459,0.8890517901392017,0.8890517901388119,0.8890517901382359,0.8890517901378319,0.8890517901373982,0.8890517901371987,0.8890517901367733,0.8890517901366274,0.8890517901363723,0.8890517901362408,0.889051790135975,0.8890517901357454,0.8890517901356461,0.8890517901355246,0.8890517901354099,0.8890517901353173,0.8890517901352355,0.8890517901351579,0.8890517901350753,0.8890517901350214,0.889051790134947,0.8890517901348974,0.8890517901348638,0.8890517901348102,0.8890517901347692,0.8890517901347547,0.8890517901347113,0.8890517901347016,0.8890517901346704,0.8890517901346575,0.889051790134635,0.8890517901346238,0.8890517901346076,0.8890517901345916,0.8890517901345829,0.8890517901345735,0.8890517901345651,0.8890517901345575,0.8890517901345466,0.8890517901345376,0.8890517901345355,0.8890517901345321,0.8890517901345256,0.889051790134523,0.8890517901345186,0.8890517901345161,0.8890517901345126,0.8890517901345102,0.8890517901345081,0.8890517901345054,0.8890517901345041,0.889051790134503
1.03532184329567e+51,0.8893962462918432,0.8893741644358453,0.8893518346689323,0.8893294317515279,0.8893071291142288,0.8892850993440712,0.8892635130103427,0.8892425369045585,0.8892223317182775,0.8892030490567812,0.8891848279840254,0.8891677913015402,0.8891520417672959,0.8891376584989847,0.8891246938332611,0.8891131709212723,0.8891030823596784,0.8890943900899198,0.8890870266875005,0.8890808982172069,0.8890758884957642,0.8890718646611651,0.8890686836859764,0.8890661994093036,0.8890642695751997,0.8890627623330477,0.8890615616826002,0.8890605714402826,0.8890597174206885,0.8890589476934986,0.8890582309461885,0.889057553174213,0.8890569131093882,0.8890563169827527,0.8890557733745801,0.8890552889540003,0.8890548658076978,0.8890545007334982,0.8890541863722304,0.889053913513312,0.8890536735550614,0.8890534601455481,0.8890532695049737,0.8890530996272826,0.8890529490872975,0.8890528162205511,0.8890526990019647,0.8890525953886164,0.8890525036512752,0.8890524224232271,0.8890523505527766,0.8890522869826448,0.8890522307406866,0.8890521809676785,0.8890521369134204,0.8890520979139744,0.8890520633790727,0.8890520327870035,0.8890520056775341,0.8890519816444621,0.8890519603296925,0.889051941417856,0.8890519246313228,0.889051909725735,0.8890518964859949,0.8890518847226394,0.8890518742686315,0.8890518649766106,0.8890518567162276,0.8890518493721656,0.8890518428423643,0.8890518370360123,0.8890518318726747,0.8890518272809673,0.8890518231971057,0.8890518195645561,0.8890518163332946,0.8890518134584798,0.8890518109001246,0.8890518086231243,0.8890518065963879,0.8890518047917811,0.8890518031843953,0.889051801752688,0.8890518004778732,0.8890517993427185,0.8890517983316775,0.8890517974314005,0.889051796630547,0.8890517959188593,0.8890517952860346,0.889051794722512,0.8890517942201901,0.8890517937725861,0.8890517933743955,0.8890517930201683,0.8890517927043581,0.8890517924225777,0.8890517921712641,0.8890517919477954,0.8890517917499254,0.8890517915744474,0.889051791417676,0.8890517912771911,0.8890517911509648,0.8890517910380363,0.8890517909385778,0.8890517908523357,0.8890517907760858,0.8890517907068102,0.8890517906435691,0.8890517905856842,0.8890517905338048,0.8890517904895016,0.8890517904532198,0.8890517904214077,0.889051790391463,0.8890517903629788,0.8890517903354851,0.8890517903102424,0.8890517902891384,0.8890517902740799,0.8890517902625766,0.8890517902505278,0.889051790237905,0.8890517902256349,0.8890517902133378,0.8890517902025643,0.8890517901944966,0.8890517901904323,0.8890517901860867,0.8890517901798769,0.8890517901746704,0.8890517901705185,0.8890517901662517,0.8890517901620127,0.8890517901584034,0.8890517901572519,0.8890517901549612,0.8890517901517918,0.889051790150126,0.8890517901487306,0.8890517901471285,0.8890517901456885,0.8890517901439557,0.8890517901435581,0.8890517901424496,0.8890517901414283,0.88905179014071,0.8890517901401953,0.889051790139435,0.8890517901389018,0.8890517901383292,0.8890517901380659,0.8890517901375042,0.8890517901373117,0.8890517901369748,0.8890517901368016,0.8890517901364505,0.8890517901361475,0.8890517901360162,0.889051790135856,0.8890517901357045,0.8890517901355823,0.8890517901354742,0.8890517901353719,0.8890517901352628,0.8890517901351916,0.8890517901350935,0.889051790135028,0.8890517901349835,0.8890517901349126,0.8890517901348587,0.8890517901348396,0.8890517901347822,0.8890517901347695,0.8890517901347283,0.8890517901347113,0.8890517901346814,0.8890517901346667,0.8890517901346454,0.8890517901346243,0.8890517901346127,0.8890517901346003,0.8890517901345895,0.8890517901345792,0.8890517901345647,0.889051790134553,0.8890517901345502,0.8890517901345456,0.8890517901345372,0.8890517901345335,0.889051790134528,0.8890517901345246,0.8890517901345201,0.8890517901345167,0.889051790134514,0.8890517901345105,0.8890517901345089,0.8890517901345072
1.1895340673703257e+51,0.8895064745310606,0.8894773280256761,0.8894478540598963,0.8894182833019844,0.8893888446722741,0.8893597659849509,0.8893312723979436,0.8893035840893021,0.8892769131912908,0.8892514598475678,0.8892274076513925,0.8892049187324255,0.8891841287641226,0.8891651422144871,0.8891480281987182,0.8891328173039118,0.8891194997808618,0.8891080254103011,0.8890983052043652,0.8890902151755179,0.8890836019636884,0.8890782901885439,0.8890740910480379,0.889070811601697,0.8890682640624117,0.8890662743779293,0.8890646894191185,0.8890633822160867,0.8890622548381175,0.8890612387329413,0.8890602925654473,0.8890593978484894,0.8890585529079943,0.8890577659695041,0.8890570483597603,0.8890564088826333,0.8890558502927685,0.8890553683630542,0.8890549533787724,0.8890545931811721,0.8890542764152972,0.8890539946960544,0.889053743033786,0.8890535187803291,0.8890533200543294,0.8890531446585475,0.8890529899197052,0.889052853140968,0.889052732039601,0.8890526248114231,0.8890525299360953,0.8890524460179177,0.8890523717735735,0.8890523060688127,0.8890522479133053,0.8890521964305951,0.8890521508414768,0.8890521104572447,0.8890520746703514,0.8890520429445743,0.889052014807196,0.8890519898419016,0.8890519676821947,0.8890519480055021,0.8890519305278757,0.8890519149992069,0.8890519011989928,0.8890518889327041,0.8890518780282686,0.8890518683334578,0.889051859713543,0.8890518520486451,0.8890518452325832,0.8890518391711237,0.8890518337800655,0.8890518289847789,0.889051824719228,0.8890518209242185,0.8890518175469635,0.8890518145411217,0.8890518118656507,0.8890518094834101,0.8890518073615187,0.8890518054715386,0.8890518037886704,0.8890518022901657,0.8890518009555023,0.8890517997670571,0.8890517987098596,0.8890517977703689,0.8890517969349846,0.8890517961910847,0.8890517955279755,0.8890517949370986,0.8890517944114519,0.8890517939438407,0.8890517935269431,0.8890517931549682,0.8890517928232119,0.8890517925282135,0.8890517922670078,0.8890517920353611,0.8890517918284091,0.8890517916429567,0.8890517914763265,0.8890517913272512,0.889051791195957,0.8890517910821099,0.8890517909814535,0.8890517908900034,0.8890517908065196,0.8890517907301064,0.889051790661621,0.8890517906031369,0.8890517905552416,0.8890517905132469,0.8890517904737174,0.8890517904361156,0.8890517903998215,0.8890517903664988,0.8890517903386397,0.8890517903187612,0.8890517903035757,0.8890517902876702,0.8890517902710071,0.8890517902548095,0.8890517902385762,0.8890517902243541,0.8890517902137043,0.8890517902083389,0.8890517902026024,0.8890517901944051,0.8890517901875318,0.8890517901820509,0.8890517901764183,0.8890517901708227,0.889051790166058,0.8890517901645381,0.8890517901615139,0.8890517901573302,0.8890517901551311,0.889051790153289,0.8890517901511742,0.8890517901492732,0.8890517901469858,0.8890517901464607,0.8890517901449976,0.8890517901436493,0.8890517901427011,0.8890517901420216,0.889051790141018,0.8890517901403141,0.8890517901395584,0.8890517901392105,0.8890517901384692,0.889051790138215,0.8890517901377702,0.8890517901375415,0.8890517901370781,0.8890517901366781,0.8890517901365049,0.8890517901362933,0.8890517901360935,0.889051790135932,0.8890517901357895,0.8890517901356543,0.8890517901355103,0.8890517901354165,0.8890517901352867,0.8890517901352004,0.8890517901351417,0.8890517901350481,0.8890517901349769,0.8890517901349515,0.8890517901348758,0.8890517901348591,0.8890517901348046,0.8890517901347822,0.8890517901347428,0.8890517901347235,0.8890517901346953,0.8890517901346675,0.8890517901346521,0.8890517901346358,0.8890517901346214,0.889051790134608,0.889051790134589,0.8890517901345732,0.8890517901345696,0.8890517901345636,0.8890517901345524,0.8890517901345476,0.8890517901345402,0.8890517901345357,0.8890517901345297,0.8890517901345255,0.8890517901345217,0.8890517901345173,0.8890517901345149,0.889051790134513
1.3667163564620101e+51,0.8896519646368045,0.8896134947638478,0.889574592272842,0.8895355616123617,0.8894967049367241,0.8894583229529656,0.8894207128744286,0.8893841653529718,0.8893489604309701,0.8893153623353789,0.8892836134543313,0.8892539278495039,0.8892264846633914,0.8892014218476801,0.8891788306861634,0.8891587516009947,0.8891411717639252,0.8891260249183607,0.8891131936245658,0.8891025142346038,0.8890937843207477,0.8890867723815927,0.8890812291936119,0.889076900066738,0.8890735371111647,0.8890709105663954,0.8890688182909672,0.8890670926750152,0.8890656044423435,0.8890642630984948,0.8890630140777968,0.889061832975744,0.8890607175824823,0.8890596787564915,0.8890587314501082,0.8890578872852709,0.8890571498984217,0.8890565137094706,0.8890559658941986,0.889055490402035,0.8890550722434762,0.8890547003494853,0.8890543681332925,0.8890540720991015,0.8890538097633679,0.889053578225551,0.8890533739566941,0.8890531933967432,0.889053033532291,0.8890528919816624,0.8890527667378781,0.889052655958493,0.8890525579494174,0.8890524712133419,0.8890523944429446,0.8890523264812265,0.8890522662995686,0.8890522129888188,0.8890521657469612,0.889052123866135,0.8890520867223114,0.8890520537659182,0.8890520245131484,0.8890519985381763,0.8890519754661653,0.8890519549669508,0.8890519367494492,0.8890519205568643,0.889051906162046,0.889051893364039,0.8890518819849899,0.8890518718666474,0.889051862868843,0.889051854867181,0.8890518477505075,0.8890518414203056,0.8890518357894012,0.8890518307796533,0.8890518263213782,0.8890518223534014,0.8890518188215432,0.889051815676775,0.889051812875691,0.88905181038075,0.8890518081592153,0.8890518061810566,0.889051804419183,0.8890518028503303,0.8890518014547361,0.8890518002145252,0.889051799111744,0.8890517981297305,0.8890517972543679,0.8890517964743582,0.889051795780458,0.8890517951631698,0.8890517946128281,0.8890517941217884,0.8890517936838408,0.8890517932944167,0.8890517929496022,0.8890517926438081,0.889051792370613,0.8890517921257995,0.889051791905833,0.8890517917090404,0.8890517915357206,0.8890517913854322,0.8890517912525567,0.8890517911318347,0.8890517910216287,0.8890517909207565,0.8890517908303496,0.8890517907531454,0.8890517906899196,0.8890517906344828,0.8890517905823002,0.8890517905326626,0.8890517904847511,0.8890517904407623,0.8890517904039857,0.8890517903777445,0.8890517903576983,0.8890517903367016,0.8890517903147048,0.8890517902933225,0.8890517902718932,0.8890517902531188,0.88905179023906,0.8890517902319772,0.8890517902244045,0.8890517902135832,0.88905179020451,0.8890517901972748,0.8890517901898393,0.8890517901824525,0.8890517901761626,0.8890517901741561,0.8890517901701642,0.8890517901646411,0.8890517901617382,0.8890517901593062,0.8890517901565147,0.8890517901540052,0.8890517901509857,0.8890517901502926,0.8890517901483611,0.8890517901465814,0.8890517901453295,0.8890517901444326,0.8890517901431078,0.8890517901421785,0.8890517901411807,0.8890517901407218,0.8890517901397431,0.8890517901394074,0.8890517901388203,0.8890517901385184,0.8890517901379067,0.8890517901373788,0.88905179013715,0.8890517901368707,0.8890517901366068,0.8890517901363938,0.8890517901362055,0.8890517901360272,0.8890517901358371,0.8890517901357132,0.8890517901355419,0.8890517901354279,0.8890517901353504,0.8890517901352268,0.8890517901351329,0.8890517901350994,0.8890517901349995,0.8890517901349775,0.8890517901349055,0.8890517901348758,0.8890517901348239,0.8890517901347983,0.8890517901347611,0.8890517901347245,0.889051790134704,0.8890517901346826,0.8890517901346636,0.889051790134646,0.8890517901346207,0.8890517901346001,0.8890517901345952,0.8890517901345873,0.8890517901345725,0.8890517901345663,0.8890517901345563,0.8890517901345505,0.8890517901345426,0.889051790134537,0.8890517901345321,0.8890517901345261,0.8890517901345231,0.8890517901345204
1.5702901247293776e+51,0.8898439880102301,0.8897932149852139,0.8897418702719246,0.8896903556754281,0.8896390699950832,0.8895884101422297,0.8895387684385132,0.8894905285654301,0.8894440602193446,0.8893997122373387,0.8893578046432953,0.8893186200805568,0.8892823951053832,0.8892493119040192,0.8892194910586013,0.8891929860074324,0.8891697798884989,0.8891497853021842,0.8891328472736038,0.8891187498193122,0.88910722575362,0.8890979695023293,0.8890906520890264,0.8890849373149693,0.8890804979537688,0.8890770307079916,0.8890742687374399,0.8890719907850947,0.8890700261967043,0.889068255512627,0.8890666067019246,0.8890650475487735,0.8890635751360944,0.8890622037981047,0.8890609532732744,0.88905983890368,0.8890588654898609,0.8890580256657303,0.8890573025023024,0.8890566748115026,0.8890561228059332,0.8890556318735368,0.8890551933192273,0.8890548025282674,0.8890544562221766,0.8890541505719997,0.8890538809192147,0.889053642564246,0.8890534315291375,0.8890532446698733,0.8890530793370683,0.8890529330985356,0.8890528037179297,0.8890526892186723,0.8890525878749848,0.8890524981595274,0.8890524187144334,0.8890523483395423,0.8890522859761231,0.8890522306897372,0.8890521816566119,0.8890521381512642,0.8890520995350253,0.8890520652457686,0.8890520347886769,0.8890520077279034,0.889051983679192,0.8890519623035495,0.8890519433011177,0.8890519264066179,0.8890519113852674,0.8890518980281614,0.8890518861502648,0.8890518755873636,0.8890518661927258,0.8890518578362998,0.8890518504030085,0.8890518437896986,0.8890518379043814,0.8890518326663011,0.8890518280039361,0.8890518238525641,0.8890518201548856,0.889051816861343,0.8890518139287209,0.8890518113173765,0.8890518089915475,0.8890518069205233,0.8890518050782156,0.8890518034410279,0.8890518019852591,0.8890518006889143,0.8890517995333583,0.8890517985036765,0.889051797587667,0.889051796772792,0.8890517960462924,0.8890517953980764,0.889051794819947,0.8890517943058728,0.8890517938506871,0.8890517934470118,0.8890517930863703,0.8890517927631947,0.8890517924728195,0.8890517922130358,0.8890517919842383,0.8890517917858445,0.889051791610437,0.8890517914510733,0.8890517913055916,0.8890517911724314,0.8890517910530863,0.88905179095117,0.8890517908677062,0.8890517907945248,0.8890517907256392,0.8890517906601132,0.8890517905968659,0.8890517905387967,0.8890517904902483,0.8890517904556076,0.8890517904291448,0.8890517904014273,0.8890517903723896,0.889051790344163,0.8890517903158746,0.8890517902910906,0.8890517902725318,0.8890517902631819,0.8890517902531851,0.8890517902389001,0.8890517902269226,0.8890517902173716,0.8890517902075561,0.8890517901978049,0.8890517901895018,0.889051790186853,0.8890517901815831,0.8890517901742921,0.8890517901704602,0.88905179016725,0.8890517901635647,0.8890517901602519,0.8890517901562659,0.8890517901553509,0.8890517901528012,0.8890517901504518,0.8890517901487994,0.8890517901476152,0.8890517901458662,0.8890517901446396,0.8890517901433225,0.8890517901427166,0.8890517901414248,0.8890517901409816,0.8890517901402065,0.889051790139808,0.8890517901390005,0.8890517901383036,0.8890517901380015,0.889051790137633,0.8890517901372845,0.8890517901370033,0.8890517901367547,0.8890517901365194,0.8890517901362684,0.8890517901361048,0.8890517901358787,0.8890517901357283,0.889051790135626,0.889051790135463,0.8890517901353389,0.8890517901352947,0.8890517901351627,0.8890517901351337,0.8890517901350387,0.8890517901349995,0.889051790134931,0.8890517901348972,0.8890517901348481,0.8890517901347996,0.8890517901347726,0.8890517901347443,0.8890517901347192,0.889051790134696,0.8890517901346627,0.8890517901346355,0.8890517901346291,0.8890517901346185,0.889051790134599,0.8890517901345907,0.8890517901345777,0.88905179013457,0.8890517901345595,0.8890517901345522,0.8890517901345456,0.8890517901345377,0.8890517901345337,0.8890517901345303
1.8041864093920682e+51,0.8900974124003668,0.8900304059914834,0.8899626438696557,0.8898946562893518,0.8898269695771203,0.8897601076063549,0.8896945882304597,0.8896309179346774,0.8895695847780426,0.8895110493156757,0.8894557340945747,0.8894040123385851,0.8893561964487972,0.8893125270626647,0.889273163497646,0.8892381764319831,0.8892075437324567,0.8891811501369824,0.8891587911624833,0.8891401817723794,0.8891249693220694,0.8891127504755961,0.8891030909910348,0.8890955470818726,0.8890896867978947,0.8890851097714096,0.8890814637574397,0.8890784566820735,0.8890758632696707,0.8890735258247601,0.889071349261133,0.8890692910515446,0.8890673473454079,0.8890655370652681,0.8890638862677621,0.8890624152059442,0.8890611302171508,0.8890600215777138,0.8890590669400795,0.8890582383342863,0.8890575096393458,0.8890568615661375,0.8890562826364357,0.889055766758418,0.8890553096042317,0.8890549061193435,0.889054550154115,0.8890542355047089,0.8890539569198852,0.8890537102492755,0.8890534919954654,0.8890532989477589,0.8890531281539881,0.8890529770048984,0.8890528432223129,0.8890527247900104,0.8890526199154886,0.8890525270144309,0.8890524446892202,0.8890523717063157,0.8890523069782656,0.8890522495473683,0.8890521985705253,0.8890521533056801,0.8890521130996302,0.88905207737702,0.8890520456305973,0.8890520174128617,0.8890519923279733,0.8890519700257412,0.8890519501962316,0.8890519325636714,0.8890519168837985,0.8890519029398356,0.8890518905380836,0.8890518795068629,0.8890518696942613,0.889051860964108,0.889051853194969,0.8890518462802401,0.8890518401255063,0.8890518346453286,0.8890518297640659,0.8890518254162988,0.8890518215449782,0.8890518180977728,0.889051815027473,0.889051812293538,0.889051809861529,0.8890518077002963,0.8890518057785529,0.8890518040672633,0.8890518025418271,0.8890518011825561,0.8890517999733426,0.8890517988976356,0.8890517979385918,0.8890517970828895,0.8890517963197075,0.8890517956410842,0.8890517950401988,0.8890517945073116,0.889051794031233,0.8890517936046128,0.8890517932212917,0.8890517928783543,0.8890517925763215,0.889051792314424,0.8890517920828707,0.8890517918724964,0.8890517916804479,0.8890517915046645,0.8890517913471185,0.8890517912125799,0.8890517911024004,0.8890517910057943,0.8890517909148594,0.8890517908283592,0.8890517907448672,0.8890517906682107,0.8890517906041226,0.8890517905583936,0.8890517905234606,0.8890517904868711,0.8890517904485387,0.889051790411277,0.8890517903739338,0.8890517903412167,0.8890517903167174,0.8890517903043749,0.8890517902911782,0.8890517902723208,0.8890517902565094,0.889051790243901,0.8890517902309438,0.8890517902180713,0.8890517902071104,0.8890517902036138,0.8890517901966573,0.8890517901870325,0.8890517901819739,0.8890517901777362,0.8890517901728714,0.8890517901684981,0.8890517901632362,0.8890517901620284,0.8890517901586625,0.8890517901555611,0.8890517901533797,0.8890517901518166,0.8890517901495077,0.8890517901478886,0.8890517901461499,0.88905179014535,0.8890517901436445,0.8890517901430596,0.8890517901420365,0.8890517901415104,0.8890517901404444,0.8890517901395243,0.8890517901391257,0.8890517901386392,0.8890517901381793,0.8890517901378079,0.8890517901374799,0.8890517901371691,0.8890517901368378,0.8890517901366218,0.8890517901363234,0.8890517901361248,0.8890517901359897,0.8890517901357745,0.8890517901356108,0.8890517901355524,0.889051790135378,0.8890517901353399,0.8890517901352145,0.8890517901351627,0.8890517901350723,0.8890517901350278,0.8890517901349627,0.8890517901348988,0.8890517901348632,0.8890517901348258,0.8890517901347927,0.8890517901347621,0.8890517901347181,0.8890517901346823,0.8890517901346736,0.88905179013466,0.8890517901346341,0.8890517901346232,0.889051790134606,0.8890517901345958,0.889051790134582,0.8890517901345723,0.8890517901345636,0.8890517901345533,0.8890517901345479,0.8890517901345434
2.0729217795953612e+51,0.8904318445462541,0.8903434223230626,0.8902540006939567,0.8901642793563932,0.8900749528920006,0.8899867127122313,0.8899002423491755,0.8898162103934151,0.8897352611729694,0.8896580027643344,0.8895849931184613,0.8895167251145562,0.8894536113687961,0.8893959697797725,0.8893440109015446,0.8892978282706598,0.8892573928889826,0.8892225527974389,0.8891930382300834,0.8891684730539571,0.8891483918587368,0.8891322622906735,0.8891195111748049,0.8891095527182167,0.8891018167390147,0.8890957747368954,0.8890909617307199,0.8890869921656666,0.889083568663304,0.8890804830548336,0.8890776098197939,0.8890748928193154,0.8890723269706587,0.88906993725345,0.8890677580649479,0.8890658161412478,0.8890641198485432,0.8890626563511106,0.8890613961485608,0.8890603023183667,0.8890593403787352,0.8890584848664718,0.8890577206294032,0.889057039625854,0.8890564361427297,0.8890559035076451,0.8890554336025731,0.8890550182379309,0.8890546504816419,0.8890543248548706,0.8890540367407352,0.8890537819008445,0.8890535564380843,0.8890533569080147,0.8890531803032468,0.8890530239621938,0.8890528855185978,0.8890527628810239,0.8890526542044953,0.8890525578606311,0.8890524724139,0.8890523966000518,0.8890523293061233,0.8890522695525345,0.8890522164770008,0.8890521693200026,0.8890521274119224,0.88905209016202,0.8890520570477524,0.8890520276068365,0.8890520014301326,0.8890519781535958,0.8890519574547782,0.8890519390475154,0.8890519226761071,0.8890519081139211,0.8890518951604199,0.8890518836358461,0.8890518733798961,0.8890518642518431,0.8890518561270504,0.8890518488927313,0.8890518424490333,0.8890518367095964,0.889051831599111,0.8890518270484953,0.8890518229954281,0.8890518193863922,0.8890518161759254,0.8890518133229073,0.8890518107860362,0.8890518085269825,0.889051806513272,0.8890518047189141,0.8890518031226453,0.889051801702617,0.8890518004365944,0.8890517993069917,0.889051798299524,0.8890517974036813,0.8890517966104594,0.8890517959070013,0.8890517952785354,0.8890517947153589,0.8890517942093414,0.8890517937566336,0.8890517933579237,0.8890517930121958,0.8890517927065249,0.8890517924288123,0.8890517921752912,0.8890517919432416,0.8890517917352669,0.8890517915576642,0.8890517914122174,0.8890517912846889,0.8890517911646467,0.8890517910504587,0.889051790940242,0.8890517908390486,0.8890517907544467,0.8890517906940805,0.8890517906479657,0.8890517905996644,0.8890517905490621,0.8890517904998735,0.8890517904505771,0.8890517904073878,0.8890517903750466,0.8890517903587533,0.8890517903413324,0.889051790316439,0.8890517902955665,0.8890517902789226,0.8890517902618177,0.889051790244825,0.8890517902303555,0.8890517902257398,0.8890517902165564,0.889051790203851,0.8890517901971732,0.889051790191579,0.8890517901851569,0.889051790179384,0.8890517901724376,0.8890517901708432,0.8890517901664,0.8890517901623058,0.8890517901594261,0.8890517901573628,0.8890517901543149,0.8890517901521774,0.8890517901498823,0.8890517901488263,0.889051790146575,0.8890517901458027,0.8890517901444522,0.8890517901437577,0.8890517901423506,0.8890517901411359,0.8890517901406096,0.8890517901399674,0.8890517901393602,0.8890517901388701,0.889051790138437,0.8890517901380267,0.8890517901375895,0.8890517901373043,0.8890517901369105,0.8890517901366481,0.8890517901364697,0.8890517901361857,0.8890517901359696,0.8890517901358925,0.8890517901356627,0.889051790135612,0.8890517901354466,0.8890517901353782,0.8890517901352587,0.8890517901352,0.8890517901351143,0.8890517901350299,0.8890517901349829,0.8890517901349335,0.8890517901348898,0.8890517901348493,0.8890517901347913,0.8890517901347438,0.8890517901347327,0.8890517901347144,0.8890517901346803,0.889051790134666,0.8890517901346433,0.8890517901346299,0.8890517901346117,0.8890517901345987,0.8890517901345873,0.8890517901345737,0.8890517901345666,0.8890517901345606
2.3816855519761412e+51,0.8908731322878912,0.8907564631088233,0.890638471500706,0.8905200806288875,0.8904022070259748,0.8902857631582871,0.8901716512082366,0.890060753748085,0.8899539214287525,0.8898519571436367,0.8897555977005911,0.8896654940753441,0.889582191338879,0.8895061095558988,0.8894375270957452,0.8893765678441028,0.88932319390339,0.8892772050174033,0.8892382453669953,0.8892058186681957,0.8891793107328743,0.8891580189557532,0.8891411868045707,0.8891280410584549,0.889117829080173,0.8891098532382256,0.8891034997397014,0.8890982596330704,0.8890937403617996,0.8890896671301864,0.8890858742431562,0.8890822875939252,0.8890789004734827,0.8890757458574812,0.8890728691536826,0.889070305656572,0.8890680664108717,0.8890661344729534,0.8890644709003154,0.8890630269524732,0.8890617571107949,0.8890606277618752,0.8890596189036784,0.8890587199206016,0.8890579232709481,0.8890572201466597,0.8890565998312907,0.8890560515139228,0.8890555660436434,0.8890551361879372,0.8890547558521362,0.889054419441209,0.8890541218106357,0.8890538584134635,0.8890536252796819,0.8890534188957687,0.8890532361380603,0.8890530742456817,0.8890529307831042,0.8890528036007239,0.8890526908035147,0.8890525907225563,0.8890525018886402,0.8890524230086352,0.8890523529442503,0.8890522906928529,0.8890522353704894,0.8890521861973311,0.8890521424835749,0.8890521036189669,0.8890520690634064,0.8890520383363223,0.8890520110120552,0.8890519867128425,0.8890519651011373,0.8890519458777653,0.8890519287779994,0.8890519135645437,0.8890519000257836,0.8890518879759468,0.8890518772505026,0.8890518677005622,0.8890518591943113,0.8890518516177472,0.889051844871455,0.88905183886424,0.8890518335138331,0.8890518287495868,0.8890518245114868,0.8890518207452508,0.8890518173963565,0.8890518144142061,0.8890518117559302,0.8890518093872193,0.8890518072800033,0.8890518054054405,0.8890518037341787,0.8890518022430033,0.8890518009130569,0.8890517997304651,0.8890517986833423,0.8890517977547153,0.8890517969250847,0.8890517961816422,0.8890517955136542,0.8890517949160399,0.8890517943897075,0.8890517939333162,0.8890517935298035,0.8890517931631984,0.8890517928285281,0.8890517925222022,0.8890517922476573,0.8890517920132059,0.8890517918212032,0.8890517916528544,0.8890517914943881,0.8890517913436499,0.889051791198154,0.8890517910645699,0.8890517909528878,0.8890517908731991,0.8890517908123234,0.8890517907485614,0.8890517906817621,0.8890517906168286,0.8890517905517531,0.8890517904947394,0.889051790452046,0.8890517904305375,0.8890517904075406,0.8890517903746789,0.8890517903471254,0.8890517903251538,0.889051790302574,0.8890517902801419,0.8890517902610411,0.8890517902549478,0.889051790242825,0.8890517902260527,0.8890517902172375,0.8890517902098526,0.8890517902013749,0.8890517901937541,0.8890517901845844,0.8890517901824796,0.8890517901766142,0.8890517901712095,0.8890517901674081,0.8890517901646843,0.8890517901606608,0.8890517901578391,0.8890517901548092,0.8890517901534154,0.8890517901504433,0.8890517901494239,0.8890517901476412,0.8890517901467243,0.8890517901448668,0.8890517901432633,0.8890517901425687,0.8890517901417208,0.8890517901409193,0.8890517901402724,0.8890517901397006,0.889051790139159,0.8890517901385817,0.8890517901382053,0.8890517901376853,0.8890517901373391,0.8890517901371037,0.8890517901367287,0.8890517901364434,0.8890517901363417,0.8890517901360381,0.8890517901359712,0.889051790135753,0.8890517901356626,0.8890517901355051,0.8890517901354273,0.8890517901353142,0.8890517901352029,0.8890517901351408,0.8890517901350756,0.8890517901350179,0.8890517901349644,0.8890517901348879,0.8890517901348253,0.8890517901348105,0.8890517901347864,0.8890517901347413,0.8890517901347224,0.8890517901346925,0.8890517901346747,0.8890517901346506,0.8890517901346336,0.8890517901346187,0.8890517901346006,0.8890517901345913,0.8890517901345832
2.7364399970746887e+51,0.8914553365974248,0.8913014203436939,0.8911457529404216,0.890989552181253,0.8908340273135436,0.8906803824229758,0.890529808223995,0.8903834697422207,0.8902424900512458,0.8901079293507089,0.8899807607489768,0.889861844167634,0.8897518998111825,0.8896514829160869,0.8895609616841824,0.8894805003676904,0.8894100496043912,0.8893493456360074,0.8892979192648643,0.8892551157786098,0.8892201247336649,0.8891920188880557,0.8891697997428416,0.8891524467132496,0.8891389663444177,0.8891284377631621,0.8891200507491738,0.889113133467435,0.8891071677247993,0.8891017907762552,0.8890967838949367,0.8890920492559294,0.889087578003887,0.8890834136701743,0.8890796161976419,0.8890762321789599,0.8890732761951975,0.8890707258804178,0.889068529828158,0.889066623697567,0.889064947400695,0.8890634565653321,0.8890621247873239,0.8890609380533445,0.8890598864078504,0.889058958223565,0.889058139353951,0.8890574155277355,0.889056774664978,0.8890562072181738,0.8890557051418649,0.8890552610501493,0.8890548681518327,0.8890545204445564,0.8890542126875715,0.8890539402427314,0.8890536989865339,0.8890534852743878,0.8890532958911861,0.8890531279992661,0.8890529790970298,0.889052846981358,0.8890527297127677,0.8890526255842132,0.8890525330930513,0.8890524509157194,0.8890523778853215,0.8890523129724154,0.8890522552664006,0.8890522039616887,0.8890521583452988,0.8890521177828354,0.8890520817123904,0.889052049635284,0.8890520211059244,0.8890519957293757,0.8890519731561741,0.8890519530730688,0.8890519352007092,0.8890519192938602,0.8890519051353261,0.8890518925285609,0.8890518812995581,0.8890518712978239,0.8890518623921221,0.8890518544620674,0.8890518473990574,0.8890518411098312,0.8890518355151645,0.8890518305434001,0.8890518261225637,0.8890518221858615,0.8890518186767025,0.8890518155497945,0.8890518127680833,0.8890518102934947,0.8890518080872815,0.8890518061187981,0.8890518043631512,0.8890518028020256,0.8890518014197308,0.8890518001938613,0.8890517990986755,0.8890517981172655,0.8890517972354623,0.8890517964465587,0.8890517957517534,0.8890517951492765,0.8890517946166041,0.8890517941326529,0.8890517936908585,0.8890517932864814,0.8890517929240578,0.8890517926145612,0.8890517923611005,0.8890517921388653,0.8890517919296758,0.8890517917306882,0.8890517915386207,0.8890517913622777,0.8890517912148477,0.8890517911096514,0.8890517910292902,0.8890517909451187,0.8890517908569376,0.8890517907712199,0.8890517906853145,0.8890517906100512,0.8890517905536922,0.8890517905252989,0.8890517904949409,0.8890517904515607,0.8890517904151877,0.8890517903861832,0.8890517903563759,0.8890517903267636,0.8890517903015488,0.8890517902935052,0.889051790277502,0.8890517902553612,0.8890517902437242,0.8890517902339755,0.8890517902227841,0.8890517902127241,0.8890517902006192,0.8890517901978406,0.8890517901900977,0.8890517901829632,0.889051790177945,0.8890517901743491,0.889051790169038,0.889051790165313,0.8890517901613133,0.8890517901594733,0.8890517901555501,0.8890517901542042,0.889051790151851,0.8890517901506406,0.8890517901481885,0.8890517901460717,0.8890517901451547,0.8890517901440355,0.8890517901429773,0.8890517901421234,0.8890517901413685,0.8890517901406535,0.8890517901398917,0.8890517901393947,0.8890517901387082,0.8890517901382512,0.8890517901379404,0.8890517901374455,0.8890517901370687,0.8890517901369345,0.8890517901365337,0.8890517901364455,0.8890517901361573,0.8890517901360382,0.8890517901358301,0.8890517901357275,0.8890517901355781,0.8890517901354311,0.8890517901353493,0.8890517901352633,0.8890517901351871,0.8890517901351164,0.8890517901350155,0.8890517901349327,0.8890517901349132,0.8890517901348814,0.8890517901348219,0.8890517901347971,0.8890517901347573,0.8890517901347341,0.8890517901347023,0.8890517901346797,0.8890517901346601,0.8890517901346362,0.8890517901346239,0.8890517901346132
3.144035471591513e+51,0.8922233159788641,0.8920203022358747,0.891814967408724,0.8916089175834727,0.8914037479279321,0.8912010471541306,0.8910023866781768,0.8908093043495718,0.890623282962865,0.8904457226099012,0.8902779086714854,0.8901209773199124,0.88997588043984,0.8898433522334699,0.8897238800288143,0.8896176818923653,0.8895246938206091,0.8894445686696416,0.8893766879538602,0.8893201881375811,0.889273999954164,0.8892368998135697,0.889207569940831,0.8891846633092497,0.8891668686323024,0.8891529703841203,0.889141899073003,0.8891327678626278,0.8891248927204243,0.8891177948076523,0.8891111853947142,0.8891049353485899,0.8890990329814279,0.8890935357595021,0.8890885228137047,0.8890840556519244,0.8890801535243072,0.8890767869078449,0.8890738879433461,0.8890713716967635,0.8890691588478564,0.8890671908221806,0.8890654327644423,0.8890638661761755,0.8890624779154662,0.8890612526335242,0.8890601716558753,0.8890592161433437,0.8890583701494669,0.8890576210707901,0.8890569582866726,0.8890563720471295,0.8890558533872304,0.8890553943833679,0.8890549881173188,0.8890546284663415,0.8890543099870665,0.8890540278683242,0.8890537778659003,0.8890535562338376,0.8890533596698121,0.8890531852655166,0.8890530304606664,0.8890528930018132,0.8890527709053381,0.8890526624240228,0.8890525660174633,0.889052480326706,0.8890524041496788,0.8890523364229342,0.8890522762052758,0.8890522226592451,0.8890521750430741,0.8890521326984622,0.8890520950371891,0.8890520615379038,0.8890520317392846,0.8890520052278117,0.8890519816347185,0.8890519606362726,0.8890519419457568,0.8890519253037129,0.8890519104804372,0.8890518972772644,0.8890518855209508,0.889051875052578,0.8890518657287805,0.8890518574264462,0.8890518500409919,0.8890518434778233,0.8890518376419286,0.8890518324451337,0.8890518278127336,0.8890518236849387,0.889051820012834,0.8890518167461583,0.8890518138337616,0.8890518112351896,0.8890518089175808,0.889051806856757,0.8890518050320058,0.8890518034137495,0.8890518019680075,0.8890518006724595,0.8890517995084014,0.8890517984669788,0.8890517975497744,0.8890517967544517,0.889051796051277,0.8890517954124186,0.889051794829211,0.8890517942953973,0.8890517938169662,0.8890517934084035,0.8890517930738131,0.8890517927804428,0.8890517925042941,0.8890517922416127,0.8890517919880668,0.8890517917552784,0.8890517915606577,0.8890517914217894,0.8890517913157054,0.8890517912045917,0.8890517910881849,0.8890517909750298,0.8890517908616271,0.8890517907622729,0.8890517906878742,0.8890517906503925,0.8890517906103172,0.8890517905530515,0.8890517905050359,0.8890517904667474,0.8890517904273991,0.8890517903883084,0.8890517903550226,0.8890517903444042,0.8890517903232786,0.8890517902940508,0.8890517902786889,0.8890517902658197,0.8890517902510463,0.8890517902377659,0.8890517902217865,0.8890517902181186,0.8890517902078975,0.889051790198479,0.8890517901918545,0.8890517901871077,0.8890517901800965,0.8890517901751793,0.8890517901698993,0.8890517901674704,0.8890517901622913,0.8890517901605147,0.8890517901574082,0.8890517901558103,0.8890517901525733,0.8890517901497791,0.8890517901485686,0.889051790147091,0.8890517901456941,0.8890517901445669,0.8890517901435704,0.8890517901426266,0.8890517901416207,0.8890517901409648,0.8890517901400585,0.8890517901394553,0.8890517901390451,0.8890517901383916,0.8890517901378944,0.8890517901377171,0.8890517901371879,0.8890517901370716,0.8890517901366911,0.8890517901365338,0.8890517901362591,0.8890517901361238,0.8890517901359266,0.8890517901357325,0.8890517901356246,0.8890517901355109,0.8890517901354104,0.889051790135317,0.8890517901351838,0.8890517901350746,0.8890517901350488,0.8890517901350069,0.8890517901349284,0.8890517901348954,0.8890517901348431,0.8890517901348123,0.8890517901347704,0.8890517901347407,0.8890517901347145,0.8890517901346832,0.8890517901346668,0.8890517901346527
3.612342699709438e+51,0.8932361055150185,0.8929684036331369,0.8926976214141192,0.8924258764043091,0.8921552723671932,0.8918879051652497,0.8916258484457821,0.8913711321447322,0.8911257140868649,0.8908914434384322,0.8906700183853283,0.8904629405082782,0.8902714683766567,0.8900965733577005,0.8899389009730782,0.889798741244428,0.8896760116976725,0.8895702558826099,0.8894806589046579,0.8894060821131515,0.8893451150099626,0.8892961431341551,0.8892574274844142,0.8892271902765342,0.8892037007781206,0.8891853545759804,0.8891707399697599,0.8891586863360323,0.889148290740456,0.8891389211027363,0.8891301962903118,0.8891219458440481,0.8891141543384111,0.8891068976357486,0.8891002801976278,0.8890943832224177,0.8890892321252287,0.8890847879365742,0.8890809610796068,0.8890776394366009,0.8890747182998556,0.8890721203473134,0.8890697995678183,0.8890677315423928,0.8890658989230429,0.8890642814484303,0.8890628544669583,0.8890615931095378,0.8890604763256496,0.8890594874777864,0.8890586125458929,0.8890578386592303,0.8890571539833789,0.8890565480585404,0.8890560117520983,0.8890555369815308,0.8890551165611391,0.8890547441397788,0.8890544141147299,0.8890541215410125,0.8890538620592782,0.8890536318303134,0.8890534274743234,0.8890532460165622,0.889053084838482,0.8890529416336038,0.8890528143684606,0.8890527012491156,0.8890526006887293,0.8890525112834581,0.8890524317908404,0.8890523611053578,0.8890522982478121,0.8890522423491886,0.8890521926329844,0.8890521484109714,0.8890521090741633,0.8890520740766782,0.8890520429317119,0.8890520152119088,0.889051990538777,0.8890519685698092,0.8890519490017756,0.8890519315724211,0.8890519160530485,0.8890519022338713,0.8890518899256348,0.8890518789658198,0.8890518692163675,0.889051860552405,0.8890518528485084,0.8890518459882797,0.8890518398731022,0.8890518344240481,0.8890518295765454,0.8890518252642445,0.8890518214196237,0.889051817989279,0.8890518149298304,0.8890518122093607,0.8890518098005278,0.8890518076642866,0.8890518057557794,0.8890518040455414,0.8890518025088819,0.8890518011341119,0.8890517999233211,0.8890517988734248,0.8890517979451721,0.8890517971018225,0.8890517963319368,0.8890517956272557,0.8890517949956842,0.8890517944563454,0.8890517940146564,0.8890517936273816,0.8890517932628411,0.8890517929160784,0.8890517925813753,0.8890517922740743,0.8890517920171577,0.8890517918338392,0.889051791693799,0.8890517915471189,0.8890517913934516,0.8890517912440771,0.8890517910943753,0.8890517909632191,0.8890517908650062,0.889051790815527,0.8890517907626242,0.8890517906870282,0.8890517906236435,0.8890517905730994,0.8890517905211561,0.8890517904695528,0.8890517904256127,0.8890517904115955,0.8890517903837079,0.8890517903451245,0.8890517903248454,0.889051790307857,0.8890517902883548,0.8890517902708236,0.8890517902497291,0.8890517902448873,0.8890517902313944,0.8890517902189613,0.8890517902102165,0.8890517902039503,0.8890517901946948,0.8890517901882036,0.8890517901812336,0.8890517901780272,0.8890517901711903,0.8890517901688451,0.8890517901647442,0.8890517901626348,0.8890517901583616,0.889051790154673,0.889051790153075,0.8890517901511246,0.8890517901492808,0.8890517901477927,0.8890517901464771,0.8890517901452312,0.8890517901439035,0.8890517901430373,0.8890517901418411,0.8890517901410449,0.8890517901405032,0.8890517901396406,0.8890517901389842,0.8890517901387501,0.8890517901380518,0.8890517901378979,0.8890517901373957,0.8890517901371882,0.8890517901368256,0.8890517901366469,0.8890517901363867,0.8890517901361304,0.8890517901359878,0.8890517901358379,0.8890517901357051,0.8890517901355818,0.889051790135406,0.8890517901352619,0.8890517901352278,0.8890517901351725,0.8890517901350689,0.8890517901350253,0.8890517901349563,0.8890517901349156,0.8890517901348604,0.8890517901348209,0.8890517901347866,0.8890517901347451,0.8890517901347237,0.8890517901347053
4.150404757850472e+51,0.894571321330996,0.894218441920082,0.8938614680152391,0.8935031903849323,0.8931463826933772,0.8927938092508326,0.8924482061117003,0.8921122526687522,0.891788534106306,0.8914794930690118,0.8911873736759904,0.8909141611447617,0.8906615203598491,0.8904307373515973,0.8902226680958095,0.890037699190798,0.8898757252690794,0.8897361469252519,0.889617891142899,0.8895194570527228,0.8894389844629269,0.8893743435112202,0.8893232395690385,0.8892833265184271,0.8892523201304113,0.889228102765972,0.8892088110705495,0.8891928998552285,0.8891791772524437,0.8891668089111571,0.8891552917306287,0.8891444007034394,0.8891341154725552,0.8891245361860916,0.8891158007456793,0.8891080163447302,0.8891012165390416,0.8890953498915338,0.8890902981585723,0.889085913339596,0.8890820572147193,0.8890786277144077,0.889075564101459,0.8890728341417663,0.8890704149353059,0.8890682797360553,0.8890663960023534,0.8890647309053082,0.8890632566567577,0.8890619512940133,0.889060796309588,0.8890597747131481,0.8890588708823551,0.8890580710094615,0.8890573630386922,0.8890567363004723,0.8890561813090964,0.8890556896805344,0.8890552540187328,0.8890548677959065,0.8890545252573502,0.8890542213349784,0.8890539515671754,0.889053712027023,0.8890534992578141,0.8890533102147988,0.8890531422136252,0.8890529928861419,0.8890528601375834,0.8890527421147545,0.8890526371774977,0.8890525438664325,0.8890524608889316,0.8890523870978198,0.8890523214680455,0.8890522630910869,0.8890522111630292,0.8890521649632601,0.8890521238491553,0.889052087256568,0.8890520546858554,0.8890520256848776,0.8890519998533452,0.8890519768450577,0.889051956358115,0.8890519381155801,0.8890519218676205,0.8890519073996964,0.8890518945295579,0.8890518830923618,0.8890518729225374,0.8890518638664294,0.8890518557938546,0.8890518486006215,0.8890518422014895,0.8890518365088714,0.8890518314336321,0.8890518269052738,0.8890518228665312,0.8890518192752708,0.8890518160953984,0.8890518132753711,0.8890518107559731,0.8890518084983078,0.8890518064697813,0.8890518046549635,0.8890518030566122,0.8890518016706566,0.8890518004452809,0.889051799331985,0.8890517983156678,0.8890517973854264,0.8890517965516963,0.8890517958397213,0.8890517952566528,0.889051794745416,0.8890517942641902,0.8890517938064327,0.889051793364595,0.8890517929589304,0.8890517926197778,0.8890517923777813,0.8890517921929159,0.8890517919992852,0.8890517917964307,0.8890517915992432,0.8890517914016236,0.8890517912284858,0.889051791098836,0.8890517910335193,0.8890517909636828,0.8890517908638896,0.889051790780216,0.8890517907134934,0.8890517906449236,0.8890517905768027,0.8890517905187978,0.8890517905002939,0.8890517904634797,0.8890517904125462,0.8890517903857761,0.8890517903633499,0.8890517903376053,0.8890517903144625,0.8890517902866161,0.8890517902802244,0.8890517902624125,0.8890517902459997,0.8890517902344558,0.8890517902261837,0.8890517902139657,0.8890517902053968,0.8890517901961958,0.889051790191963,0.8890517901829378,0.8890517901798418,0.8890517901744283,0.8890517901716438,0.8890517901660029,0.8890517901611334,0.889051790159024,0.8890517901564492,0.8890517901540153,0.8890517901520508,0.8890517901503141,0.8890517901486694,0.8890517901469166,0.8890517901457734,0.8890517901441943,0.8890517901431431,0.8890517901424281,0.8890517901412895,0.8890517901404229,0.8890517901401139,0.889051790139192,0.889051790138989,0.889051790138326,0.8890517901380519,0.8890517901375733,0.8890517901373375,0.8890517901369939,0.8890517901366556,0.8890517901364674,0.8890517901362694,0.8890517901360943,0.8890517901359314,0.8890517901356993,0.8890517901355092,0.8890517901354641,0.889051790135391,0.8890517901352544,0.8890517901351968,0.8890517901351057,0.8890517901350521,0.889051790134979,0.8890517901349271,0.8890517901348816,0.8890517901348269,0.8890517901347986,0.8890517901347741
4.768611697714455e+51,0.8963308783720709,0.8958659319225256,0.8953955318003846,0.8949233540904631,0.8944530541805594,0.8939882769708721,0.8935326319147171,0.8930896554733989,0.892662761455884,0.8922551770715054,0.8918698688221149,0.8915094625459941,0.8911761620264845,0.8908716714167684,0.8905971273243224,0.890353046593517,0.8901392962207095,0.8899550904125928,0.8897990174174122,0.8896690998704013,0.8895628852702389,0.8894775643935762,0.8894101098811967,0.8893574258941155,0.8893164979030033,0.8892845310089138,0.8892590657931342,0.8892380627092361,0.8892199485357801,0.8892036219441939,0.8891884188456952,0.8891740422344808,0.889160465247979,0.8891478200959742,0.8891362888262557,0.8891260129512483,0.8891170367773338,0.8891092924136291,0.8891026237780545,0.8890968355050596,0.8890917451383384,0.8890872179412925,0.8890831737382191,0.8890795699791679,0.8890763764355846,0.889073557801637,0.8890710711205462,0.88906887305615,0.8890669269262892,0.8890652037387803,0.8890636790624982,0.8890623304690121,0.8890611373357019,0.8890600814353127,0.8890591468533062,0.8890583195050181,0.8890575868685718,0.8890569378763782,0.8890563627650494,0.8890558529173768,0.889055400736675,0.8890549995326503,0.889054643415597,0.8890543272016528,0.8890540463276716,0.889053796774325,0.889053574998039,0.8890533778726513,0.8890532026328908,0.8890530468323798,0.8890529083059691,0.8890527851271498,0.8890526755895415,0.8890525781787727,0.8890524915416868,0.8890524144789547,0.8890523459293391,0.8890522849415685,0.8890522306673226,0.8890521823618778,0.8890521393656624,0.8890521010818115,0.889052066981908,0.8890520366089366,0.8890520095643629,0.8890519854826056,0.8890519640338638,0.8890519449349258,0.8890519279452057,0.8890519128470963,0.8890518994220297,0.8890518874671668,0.8890518768106548,0.8890518673149514,0.8890518588675317,0.8890518513527726,0.8890518446530081,0.8890518386751751,0.8890518333436779,0.8890518286028967,0.889051824405184,0.8890518206824988,0.8890518173566706,0.8890518143763528,0.8890518116985185,0.8890518093027986,0.8890518071928339,0.8890518053632497,0.8890518037456456,0.8890518022759966,0.8890518009343681,0.8890517997063673,0.8890517986057697,0.8890517976658997,0.8890517968961978,0.8890517962213199,0.8890517955860595,0.8890517949817791,0.8890517943985143,0.8890517938630013,0.8890517934152897,0.8890517930958328,0.8890517928517944,0.8890517925961848,0.8890517923283988,0.8890517920680938,0.8890517918072186,0.8890517915786612,0.8890517914075121,0.8890517913212883,0.8890517912290979,0.889051791097362,0.8890517909869055,0.8890517908988257,0.8890517908083077,0.889051790718382,0.8890517906418103,0.8890517906173836,0.8890517905687857,0.889051790501549,0.8890517904662101,0.8890517904366055,0.8890517904026202,0.8890517903720698,0.8890517903353101,0.8890517903268725,0.8890517903033592,0.8890517902816928,0.8890517902664538,0.889051790255534,0.8890517902394053,0.8890517902280936,0.8890517902159473,0.8890517902103597,0.8890517901984455,0.8890517901943585,0.8890517901872123,0.8890517901835364,0.8890517901760899,0.8890517901696618,0.8890517901668773,0.8890517901634784,0.8890517901602651,0.8890517901576719,0.8890517901553795,0.8890517901532082,0.8890517901508944,0.8890517901493853,0.8890517901473006,0.8890517901459131,0.889051790144969,0.8890517901434661,0.8890517901423219,0.8890517901419143,0.8890517901406971,0.8890517901404293,0.8890517901395539,0.8890517901391922,0.8890517901385603,0.8890517901382492,0.8890517901377956,0.889051790137349,0.8890517901371003,0.8890517901368392,0.889051790136608,0.8890517901363929,0.8890517901360866,0.8890517901358355,0.8890517901357761,0.8890517901356796,0.8890517901354992,0.889051790135423,0.889051790135303,0.8890517901352321,0.8890517901351356,0.8890517901350671,0.889051790135007,0.8890517901349348,0.8890517901348975,0.8890517901348652
5.4789011795939114e+51,0.8986483733535323,0.8980361359938913,0.8974166158348663,0.896794651746155,0.8961750585144697,0.8955626402903301,0.8949621576345207,0.8943782778809358,0.8938155094222967,0.8932781170471799,0.8927700237663272,0.8922947048256858,0.8918550797499032,0.8914534093773757,0.8910912056376704,0.8907691620835175,0.8904871137105737,0.8902440327127209,0.8900380636656521,0.8898666030824852,0.8897264188666034,0.889613806742598,0.8895247733810646,0.8894552341671896,0.8894012111445135,0.8893590157952129,0.8893254021206936,0.8892976781566473,0.889273767371464,0.8892522160683476,0.8892321476761877,0.8892131701626732,0.8891952480851474,0.889178555981651,0.8891633341808461,0.8891497695049598,0.8891379204593448,0.8891276974405171,0.8891188944237073,0.8891112535235347,0.8891045338922823,0.8890985576730664,0.8890932190317032,0.8890884618018441,0.8890842460817407,0.8890805252668074,0.8890772426521986,0.8890743410318785,0.8890717719833231,0.889069497235171,0.8890674845368632,0.8890657042814327,0.8890641292456279,0.8890627353681976,0.8890615016408064,0.889060409470658,0.8890594423279292,0.88905858560255,0.8890578264060842,0.8890571533631315,0.8890565564454567,0.8890560268213276,0.8890555567158491,0.8890551392858943,0.8890547685077297,0.889054439075504,0.8890541463114012,0.8890538860886213,0.8890536547567709,0.8890534490864225,0.8890532662193927,0.889053103612524,0.8890529590132468,0.8890528304224596,0.8890527160538779,0.8890526143242834,0.8890525238327502,0.8890524433235168,0.8890523716767266,0.8890523079092789,0.889052251150481,0.8890522006124196,0.8890521555975371,0.8890521155025337,0.8890520798013085,0.8890520480112626,0.8890520196970291,0.8890519944847441,0.889051972056813,0.889051952125975,0.8890519344037007,0.8890519186222257,0.8890519045546882,0.8890518920195206,0.88905188086818,0.8890518709480341,0.8890518621037528,0.889051854212485,0.8890518471744374,0.8890518409161873,0.8890518353748357,0.889051830460562,0.8890518260701747,0.889051822135892,0.8890518186009141,0.889051815438352,0.889051812653012,0.8890518102377991,0.8890518081024187,0.8890518061623521,0.8890518043912838,0.8890518027702141,0.8890518013173281,0.8890518000766168,0.8890517990605423,0.8890517981696439,0.8890517973310438,0.8890517965333401,0.8890517957633793,0.8890517950564547,0.8890517944654358,0.8890517940437245,0.8890517937215721,0.8890517933841449,0.8890517930306437,0.889051792687018,0.8890517923426398,0.8890517920409239,0.8890517918149919,0.8890517917011688,0.8890517915794695,0.8890517914055663,0.8890517912597541,0.8890517911434809,0.8890517910239888,0.8890517909052793,0.8890517908041979,0.8890517907719525,0.8890517907077988,0.8890517906190405,0.8890517905723899,0.8890517905333093,0.8890517904884457,0.8890517904481164,0.8890517903995904,0.8890517903884521,0.8890517903574124,0.8890517903288109,0.889051790308694,0.889051790294279,0.8890517902729875,0.889051790258055,0.889051790242021,0.8890517902346449,0.889051790218917,0.889051790213522,0.8890517902040883,0.8890517901992357,0.8890517901894057,0.8890517901809201,0.8890517901772442,0.8890517901727573,0.8890517901685157,0.8890517901650924,0.889051790162066,0.8890517901591999,0.8890517901561454,0.8890517901541533,0.8890517901514013,0.8890517901495696,0.8890517901483236,0.8890517901463393,0.8890517901448292,0.8890517901442908,0.8890517901426841,0.8890517901423306,0.8890517901411751,0.8890517901406976,0.8890517901398632,0.8890517901394525,0.8890517901388537,0.8890517901382643,0.8890517901379362,0.8890517901375913,0.889051790137286,0.8890517901370021,0.8890517901365979,0.8890517901362663,0.8890517901361877,0.8890517901360605,0.8890517901358224,0.889051790135722,0.8890517901355633,0.8890517901354698,0.8890517901353425,0.8890517901352519,0.8890517901351728,0.8890517901350775,0.889051790135028,0.8890517901349856
6.29498899022194e+51,0.9016985504057285,0.9008929914375865,0.9000776757487664,0.8992589669074232,0.8984432022413584,0.8976367105517702,0.8968457686191214,0.8960765355654675,0.8953349658472605,0.8946266970789357,0.8939569198489125,0.8933302370567312,0.8927505205166861,0.8922207740669879,0.8917430134804589,0.8913181738251971,0.8909460556089136,0.8906253185411221,0.890353527562102,0.8901272576739669,0.8899422516521039,0.8897936267415373,0.8896761167066425,0.889584333265952,0.8895130277574521,0.8894573327457931,0.8894129643606132,0.8893763696978748,0.8893448080047766,0.8893163605417909,0.8892898703052681,0.8892648198503748,0.8892411624215678,0.8892191284409247,0.8891990351800466,0.8891811292839854,0.8891654880146147,0.8891519931196183,0.889140372658358,0.8891302862244534,0.8891214158963336,0.8891135268999738,0.8891064795333149,0.8891001996576425,0.8890946346036808,0.8890897228531475,0.8890853895539458,0.8890815591917163,0.889078167846482,0.889075164998204,0.8890725080744888,0.8890701579924701,0.8890680788157994,0.8890662387820837,0.889064610158921,0.889063168402534,0.8890618916923752,0.8890607607420807,0.8890597585379474,0.8890588700635754,0.8890580820809134,0.8890573829313769,0.8890567623514818,0.8890562113077459,0.8890557218483491,0.8890552869691297,0.8890549004949817,0.8890545569781836,0.8890542515999089,0.8890539800970397,0.8890537386965311,0.8890535240411975,0.8890533331574543,0.8890531634063151,0.8890530124297304,0.8890528781377149,0.8890527586809253,0.8890526524016468,0.889052557821571,0.8890524736429194,0.8890523987163019,0.8890523320016037,0.8890522725779879,0.8890522196490456,0.8890521725202775,0.8890521305546106,0.8890520931773227,0.8890520598948803,0.8890520302880306,0.8890520039775641,0.8890519805825969,0.8890519597496557,0.8890519411792633,0.8890519246317349,0.8890519099109799,0.8890518968155108,0.889051885140278,0.889051874723107,0.8890518654322623,0.889051857170819,0.8890518498557453,0.8890518433684697,0.8890518375727705,0.8890518323791694,0.8890518277126863,0.8890518235378247,0.88905181986093,0.8890518166726353,0.8890518138537443,0.889051811292685,0.8890518089547184,0.889051806814763,0.889051804896825,0.8890518032589763,0.8890518019176682,0.8890518007416035,0.8890517996345774,0.8890517985815382,0.8890517975651216,0.8890517966319186,0.8890517958517216,0.8890517952950253,0.8890517948697556,0.8890517944243217,0.8890517939576691,0.8890517935040528,0.889051793049443,0.8890517926511514,0.8890517923529012,0.8890517922026446,0.8890517920419907,0.8890517918124232,0.8890517916199382,0.8890517914664473,0.8890517913087075,0.8890517911520002,0.8890517910185637,0.889051790975997,0.8890517908913085,0.8890517907741395,0.8890517907125568,0.8890517906609668,0.889051790601743,0.8890517905485048,0.889051790484446,0.8890517904697426,0.8890517904287676,0.8890517903910108,0.8890517903644549,0.8890517903454257,0.8890517903173192,0.889051790297607,0.8890517902764404,0.8890517902667033,0.8890517902459414,0.8890517902388194,0.8890517902263659,0.8890517902199603,0.8890517902069837,0.8890517901957821,0.8890517901909296,0.8890517901850062,0.889051790179407,0.889051790174888,0.889051790170893,0.8890517901671093,0.8890517901630772,0.8890517901604474,0.8890517901568146,0.8890517901543965,0.8890517901527516,0.8890517901501324,0.8890517901481386,0.8890517901474281,0.8890517901453071,0.8890517901448404,0.889051790143315,0.8890517901426847,0.8890517901415834,0.8890517901410411,0.8890517901402506,0.8890517901394724,0.8890517901390395,0.8890517901385842,0.889051790138181,0.8890517901378064,0.8890517901372726,0.889051790136835,0.8890517901367314,0.8890517901365634,0.889051790136249,0.8890517901361165,0.8890517901359071,0.8890517901357835,0.8890517901356154,0.8890517901354961,0.8890517901353914,0.8890517901352657,0.8890517901352005,0.8890517901351443
7.232633896483579e+51,0.9057093235239577,0.9046504775652977,0.9035785090571969,0.9025017764438134,0.9014286129935344,0.900367350153113,0.8993262601807095,0.8983134693411315,0.8973368426369269,0.8964038350416833,0.8955213186580356,0.8946953957503034,0.8939312079290471,0.8932327537697861,0.8926027285694436,0.8920424004230322,0.8915515377040085,0.8911283997140785,0.890769796707915,0.8904712279376545,0.8902270898757334,0.8900309494013334,0.8898758638590895,0.8897547268038647,0.889660614050044,0.8895871031721445,0.8895285410585672,0.8894802388277075,0.8894385792316911,0.8894010298328368,0.889366063541325,0.8893329974104649,0.8893017697743545,0.889272684839117,0.8892461614600813,0.8892225252709209,0.8892018783157646,0.8891840645472046,0.8891687250322968,0.8891554104482933,0.8891437011432093,0.8891332872168531,0.8891239842648262,0.8891156944276333,0.8891083481851165,0.889101864334486,0.8890961440701274,0.8890910877110533,0.8890866108807931,0.8890826468911129,0.8890791395447727,0.8890760372505861,0.8890732925707026,0.8890708635769772,0.8890687136609842,0.8890668104233912,0.8890651250596362,0.8890636321103962,0.8890623091163785,0.889061136254843,0.8890600960505747,0.8890591731133558,0.8890583538945923,0.8890576264693784,0.8890569803406776,0.889056406262432,0.8890558960829986,0.8890554426109377,0.889055039484999,0.8890546810775106,0.8890543624077366,0.8890540790439085,0.8890538270606417,0.8890536029742496,0.8890534036719044,0.8890532263946462,0.8890530687011821,0.8890529284031855,0.889052803549161,0.8890526924259285,0.889052593516193,0.8890525054469122,0.8890524270025004,0.889052357131629,0.8890522949174982,0.8890522395191153,0.8890521901777968,0.8890521462420352,0.8890521071583799,0.8890520724262411,0.8890520415428184,0.8890520140414961,0.889051989526938,0.8890519676827388,0.8890519482500419,0.8890519309628655,0.8890519155505268,0.8890519017989407,0.8890518895342047,0.8890518786283694,0.8890518689718255,0.8890518604080485,0.8890518527572134,0.889051845901201,0.8890518397410307,0.8890518342298447,0.8890518293760185,0.8890518251671878,0.8890518214460027,0.8890518180651777,0.8890518149788552,0.8890518121539249,0.8890518096220773,0.8890518074599723,0.889051805689327,0.8890518041368176,0.8890518026754451,0.8890518012853403,0.8890517999435809,0.8890517987116702,0.8890517976817413,0.8890517969468529,0.8890517963854593,0.8890517957974473,0.8890517951814246,0.889051794582611,0.8890517939824858,0.8890517934567057,0.8890517930629891,0.8890517928646371,0.8890517926525597,0.8890517923495104,0.8890517920954131,0.8890517918927915,0.8890517916845608,0.8890517914776935,0.8890517913015458,0.8890517912453537,0.8890517911335575,0.8890517909788841,0.8890517908975895,0.8890517908294863,0.8890517907513054,0.8890517906810262,0.8890517905964631,0.889051790577053,0.8890517905229625,0.8890517904731203,0.8890517904380641,0.889051790412944,0.8890517903758407,0.889051790349819,0.8890517903218773,0.8890517903090235,0.8890517902816157,0.8890517902722141,0.8890517902557744,0.8890517902473185,0.8890517902301883,0.889051790215401,0.8890517902089954,0.8890517902011761,0.8890517901937846,0.8890517901878191,0.8890517901825453,0.8890517901775506,0.8890517901722278,0.8890517901687561,0.8890517901639605,0.8890517901607685,0.889051790158597,0.8890517901551394,0.8890517901525077,0.8890517901515695,0.8890517901487697,0.8890517901481535,0.8890517901461399,0.8890517901453078,0.889051790143854,0.8890517901431382,0.8890517901420947,0.8890517901410675,0.8890517901404957,0.8890517901398949,0.8890517901393628,0.8890517901388681,0.8890517901381635,0.8890517901375858,0.889051790137449,0.8890517901372272,0.8890517901368121,0.889051790136637,0.8890517901363608,0.8890517901361977,0.8890517901359759,0.8890517901358183,0.88905179013568,0.889051790135514,0.8890517901354281,0.8890517901353538
8.309941949353421e+51,0.9109768577697247,0.9095869217876451,0.9081792530969218,0.9067648125755607,0.905354543886925,0.9039594043341901,0.9025902892956212,0.9012579174454235,0.899972677957752,0.8987444330134103,0.8975822879885541,0.8964943424755051,0.8954874357909002,0.8945669033324238,0.8937363620688971,0.8929975441065117,0.8923501984584402,0.89179207673493,0.8913190110693854,0.8909250957270909,0.8906029620058128,0.8903441394198358,0.8901394791175978,0.8899796113789917,0.8898554035186524,0.8897583826228355,0.8896810895245718,0.8896173366896907,0.8895623504036541,0.8895127884400903,0.8894666353535132,0.88942298981375,0.889381770513073,0.8893433790802546,0.8893083684914336,0.8892771686821991,0.8892499144497418,0.8892263998954196,0.889206151287894,0.8891885755576653,0.8891731187838045,0.8891593719094723,0.8891470915301204,0.8891361484802678,0.8891264510010002,0.8891178919092705,0.8891103407829885,0.8891036660425293,0.8890977563096757,0.8890925235547412,0.8890878935960302,0.8890837983314946,0.8890801751412546,0.8890769686782322,0.8890741306174571,0.8890716181900338,0.8890693933722456,0.8890674225562029,0.8890656760941759,0.8890641278188034,0.8890627546615778,0.8890615363063012,0.889060454867829,0.889059494604385,0.8890586416590747,0.8890578838263794,0.8890572103454846,0.8890566117231129,0.8890560795618981,0.8890556064328532,0.8890551857609944,0.8890548116960191,0.8890544790560905,0.8890541832424483,0.8890539201458966,0.8890536861243727,0.8890534779551615,0.8890532927494843,0.8890531279311986,0.8890529812387589,0.8890528506692045,0.88905273441,0.8890526308564671,0.8890525386207603,0.8890524564926235,0.8890523833618735,0.8890523182269813,0.8890522602279,0.8890522086340261,0.8890521627845375,0.8890521220156932,0.8890520857115198,0.8890520533501386,0.8890520245138664,0.8890519988609902,0.8890519760403904,0.8890519556947417,0.8890519375414331,0.8890519213508982,0.8890519069542321,0.889051894206741,0.8890518829017985,0.88905187280202,0.8890518637514778,0.8890518556195086,0.8890518483442559,0.8890518419367762,0.8890518363807479,0.8890518314684546,0.8890518270054669,0.8890518229312484,0.8890518192020908,0.8890518158598281,0.8890518130056582,0.8890518106682499,0.8890518086188004,0.8890518066896597,0.8890518048545982,0.889051803083357,0.8890518014571261,0.8890518000975288,0.8890517991274114,0.8890517983863222,0.8890517976100943,0.8890517967968901,0.889051796006403,0.8890517952141848,0.8890517945201084,0.8890517940003679,0.8890517937385256,0.8890517934585648,0.8890517930585128,0.8890517927230819,0.8890517924556035,0.8890517921807207,0.8890517919076374,0.8890517916751067,0.8890517916009285,0.8890517914533475,0.8890517912491651,0.8890517911418488,0.8890517910519465,0.889051790948741,0.8890517908559664,0.8890517907443355,0.8890517907187124,0.8890517906473082,0.8890517905815121,0.8890517905352348,0.889051790502074,0.8890517904530946,0.8890517904187434,0.889051790381858,0.8890517903648898,0.8890517903287092,0.8890517903162982,0.8890517902945964,0.8890517902834336,0.8890517902608203,0.8890517902412999,0.8890517902328439,0.8890517902225217,0.8890517902127643,0.8890517902048892,0.8890517901979276,0.889051790191334,0.8890517901843074,0.8890517901797246,0.8890517901733939,0.88905179016918,0.8890517901663136,0.8890517901617492,0.8890517901582751,0.8890517901570365,0.8890517901533407,0.8890517901525272,0.8890517901498691,0.8890517901487706,0.8890517901468515,0.8890517901459065,0.8890517901445291,0.8890517901431729,0.8890517901424183,0.8890517901416249,0.8890517901409225,0.8890517901402697,0.8890517901393394,0.8890517901385769,0.8890517901383962,0.8890517901381034,0.8890517901375555,0.8890517901373245,0.8890517901369598,0.8890517901367445,0.8890517901364517,0.8890517901362434,0.8890517901360611,0.889051790135842,0.8890517901357285,0.8890517901356304
9.547716114208067e+51,0.9178841779600038,0.9160627292251756,0.9142171870692545,0.9123618942218641,0.9105111975502168,0.9086794889957965,0.9068811062795009,0.9051301812383253,0.9034404372131162,0.9018249265959457,0.9002957247656381,0.8988635977871241,0.8975376620458932,0.8963250576677698,0.8952306602000236,0.894256855947808,0.8934034079187481,0.8926674334558913,0.8920435047618955,0.8915238874944673,0.8910989036543456,0.8907574093008848,0.8904873550563219,0.8902763919076061,0.8901124775592544,0.8899844361605853,0.8898824269389748,0.88979828563908,0.8897257129251385,0.8896602981823651,0.8895993816247558,0.8895417737995597,0.8894873675417297,0.8894366931233881,0.8893904806090608,0.8893492976742166,0.8893133224196573,0.8892822832112006,0.8892555548416476,0.8892323545396625,0.8892119511795848,0.8891938048378404,0.8891775942434372,0.8891631489173658,0.8891503477538607,0.8891390492824081,0.8891290813518394,0.8891202702795149,0.8891124690471147,0.8891055614558222,0.8890994495855642,0.889094043540633,0.8890892606612186,0.8890850278873869,0.8890812814283234,0.8890779648271994,0.8890750278908325,0.8890724262549993,0.8890701207829855,0.8890680769322732,0.8890662642509508,0.8890646559202784,0.8890632283306263,0.8890619607017275,0.889060834741467,0.8890598343376475,0.8890589452851726,0.8890581550521804,0.8890574525534856,0.8890568279822325,0.8890562726589122,0.8890557788606476,0.8890553397469874,0.889054949247187,0.8890546019367634,0.8890542930078883,0.8890540182063044,0.8890537737185784,0.8890535561439824,0.8890533624970826,0.889053190133798,0.8890530366614261,0.8890528999616526,0.8890527782024007,0.8890526697860276,0.8890525732469946,0.889052487263196,0.8890524106992952,0.8890523425908319,0.8890522820654624,0.8890522282469908,0.8890521803222781,0.8890521376023983,0.8890520995359733,0.8890520656719116,0.8890520355467049,0.8890520086886516,0.8890519847246809,0.8890519633517445,0.8890519443468734,0.8890519275190589,0.889051912595536,0.8890518992629359,0.8890518873154205,0.8890518765805026,0.889051866976526,0.8890518585180867,0.8890518511836383,0.8890518446989768,0.8890518388074388,0.8890518334291102,0.8890518285062926,0.8890518240942102,0.8890518203264538,0.8890518172408682,0.8890518145354137,0.8890518119887775,0.8890518095663343,0.8890518072281394,0.8890518050813709,0.8890518032865822,0.8890518020059414,0.8890518010276381,0.8890518000029488,0.8890517989294471,0.8890517978859344,0.8890517968401364,0.8890517959238943,0.8890517952377907,0.8890517948921357,0.8890517945225627,0.8890517939944588,0.8890517935516602,0.8890517931985653,0.8890517928356956,0.8890517924752015,0.8890517921682405,0.8890517920703185,0.8890517918754985,0.8890517916059599,0.8890517914642928,0.8890517913456139,0.8890517912093734,0.8890517910869028,0.8890517909395401,0.8890517909057154,0.8890517908114555,0.8890517907245988,0.8890517906635086,0.8890517906197335,0.8890517905550762,0.8890517905097297,0.8890517904610379,0.8890517904386382,0.8890517903908766,0.8890517903744931,0.8890517903458447,0.8890517903311089,0.8890517903012574,0.8890517902754886,0.8890517902643259,0.8890517902506997,0.8890517902378191,0.8890517902274233,0.8890517902182332,0.8890517902095292,0.8890517902002535,0.8890517901942038,0.8890517901858467,0.8890517901802841,0.8890517901765,0.8890517901704746,0.8890517901658885,0.8890517901642536,0.8890517901593747,0.8890517901583008,0.889051790154792,0.8890517901533417,0.8890517901508085,0.889051790149561,0.8890517901477425,0.8890517901459526,0.8890517901449562,0.8890517901439089,0.8890517901429817,0.8890517901421198,0.889051790140892,0.8890517901398852,0.8890517901396467,0.8890517901392603,0.8890517901385369,0.8890517901382319,0.8890517901377505,0.8890517901374663,0.8890517901370798,0.8890517901368048,0.8890517901365641,0.8890517901362748,0.8890517901361251,0.8890517901359958
1.0969857978923819e+52,0.9269236316088865,0.9245419094750911,0.9221272527314325,0.9196983761188252,0.9172740443246414,0.9148731267185154,0.9125144674290127,0.9102166852787645,0.9079979051525334,0.9058754089106651,0.903865227050742,0.9019816940591576,0.9002369916723286,0.8986407093171187,0.8971994546268353,0.8959165482371412,0.8947918391246948,0.893821668916087,0.892999000371871,0.8923137302263068,0.8917531681012,0.8913026686369526,0.8909463740425074,0.8906680170038592,0.8904517243647043,0.8902827589171137,0.8901481403872274,0.8900370979128884,0.8899413199728559,0.8898549866366451,0.889774588109786,0.8896985548757415,0.8896267457600849,0.8895598609195444,0.8894988642553951,0.8894445053626154,0.8893970196226576,0.889356048750839,0.8893207676971489,0.8892901433656064,0.8892632107780487,0.8892392573054159,0.8892178589191716,0.8891987906256862,0.8891818925966511,0.889166978114344,0.8891538199545288,0.8891421888653274,0.8891318907883334,0.8891227723450372,0.889114704283305,0.8891075679415947,0.8891012542085629,0.8890956666440418,0.8890907210427317,0.8890863428799282,0.8890824658987807,0.8890790315366177,0.8890759881311016,0.8890732900842961,0.8890708971979582,0.8890687740697418,0.8890668895334458,0.8890652161577492,0.8890637297958108,0.889062409178395,0.8890612355537465,0.8890601923788783,0.8890592650205075,0.8890584405328289,0.8890577074582116,0.889057055601844,0.8890564759337813,0.8890559604401467,0.8890555019601779,0.8890550941471433,0.8890547313850687,0.8890544086399024,0.8890541214223959,0.889053865791523,0.8890536382568721,0.8890534356598706,0.8890532552041618,0.8890530944712461,0.8890529513520978,0.8890528239120782,0.8890527104058934,0.8890526093348,0.8890525194256265,0.8890524395268032,0.8890523684816751,0.8890523052168271,0.8890522488228169,0.8890521985717766,0.8890521538682263,0.889052114100294,0.8890520786452925,0.889052047010735,0.8890520187965715,0.8890519937084631,0.8890519714942616,0.8890519517938928,0.8890519341936831,0.8890519184219071,0.889051904250867,0.8890518915727692,0.8890518804068819,0.8890518707247618,0.8890518621644357,0.8890518543870847,0.8890518472872156,0.8890518407886612,0.8890518349643227,0.8890518299905512,0.8890518259173055,0.8890518223458663,0.8890518189840814,0.8890518157862424,0.8890518126996182,0.8890518098656942,0.8890518074964144,0.8890518058058553,0.8890518045144087,0.889051803161728,0.889051801744611,0.889051800367082,0.8890517989865361,0.8890517977770156,0.8890517968712982,0.8890517964150031,0.8890517959271339,0.8890517952299901,0.8890517946454569,0.8890517941793403,0.8890517937003202,0.8890517932244363,0.8890517928192206,0.8890517926899549,0.8890517924327754,0.8890517920769604,0.8890517918899475,0.8890517917332807,0.8890517915534313,0.8890517913917592,0.8890517911972274,0.8890517911525759,0.8890517910281445,0.8890517909134861,0.8890517908328416,0.8890517907750546,0.8890517906897011,0.8890517906298397,0.8890517905655622,0.8890517905359928,0.8890517904729431,0.8890517904513154,0.8890517904134971,0.8890517903940446,0.8890517903546378,0.8890517903206206,0.889051790305885,0.8890517902878974,0.8890517902708936,0.8890517902571703,0.8890517902450384,0.8890517902335485,0.8890517902213037,0.8890517902133175,0.8890517902022854,0.8890517901949424,0.8890517901899472,0.8890517901819931,0.8890517901759389,0.8890517901737808,0.8890517901673402,0.8890517901659226,0.8890517901612904,0.8890517901593761,0.889051790156032,0.8890517901543851,0.8890517901519848,0.8890517901496217,0.8890517901483064,0.8890517901469239,0.8890517901456999,0.8890517901445623,0.8890517901429412,0.8890517901416123,0.8890517901412975,0.8890517901407873,0.8890517901398324,0.8890517901394298,0.8890517901387942,0.8890517901384191,0.8890517901379088,0.889051790137546,0.8890517901372281,0.8890517901368462,0.8890517901366487,0.8890517901364778
1.260382929679722e+52,0.9387232207617019,0.9356175086284286,0.9324664889602676,0.9292944898524912,0.9261259777877178,0.9229856317758556,0.9198981745848167,0.9168881097161744,0.9139793656449008,0.9111948313181724,0.9085558104674031,0.9060814249696939,0.9037879995845547,0.9016884674102624,0.899791840493015,0.8981027919398692,0.8966213986262493,0.8953430831156413,0.8942587756391579,0.8933553230695301,0.8926161206311914,0.8920219487649464,0.8915519577789975,0.891184733208326,0.8908993623129554,0.8906764183140073,0.8904987842135131,0.8903522531345661,0.8902258603700794,0.8901119273970496,0.8900058233400487,0.8899054774577705,0.8898107038968964,0.8897224271879763,0.8896419200293573,0.8895701723235456,0.8895074952694504,0.8894534164157836,0.8894068471090486,0.8893664239742113,0.8893308734549746,0.8892992550231543,0.8892710090587234,0.8892458386438014,0.8892235328640701,0.8892038452981044,0.8891864760430054,0.8891711225088178,0.8891575285539965,0.889145491730092,0.8891348414320605,0.8891254210314034,0.8891170865035466,0.88910971054836,0.8891031820147468,0.8890974025292603,0.8890922846315091,0.8890877510171188,0.8890837334899981,0.8890801718590036,0.8890770130605941,0.8890742103618706,0.889071722621733,0.8890695136292286,0.8890675515090336,0.8890658081843804,0.8890642589016909,0.8890628818230717,0.8890616576315417,0.8890605692376883,0.8890596015165781,0.8890587410102806,0.8890579757985655,0.8890572953024827,0.8890566900692527,0.8890561517206759,0.8890556728432074,0.8890552467914832,0.8890548676393222,0.8890545301842396,0.8890542298185984,0.8890539623728149,0.8890537241554601,0.8890535119739085,0.8890533230440646,0.8890531548120394,0.8890530049738942,0.889052871551158,0.8890527528631338,0.8890526473896503,0.8890525536038214,0.8890524700886459,0.88905239564358,0.889052329307775,0.8890522702951451,0.8890522177979654,0.8890521709942343,0.889052129233826,0.8890520919886392,0.8890520588701208,0.8890520295454132,0.8890520035391865,0.889051980305355,0.8890519594852174,0.8890519407781926,0.8890519240419835,0.8890519093020256,0.8890518965207715,0.8890518852203846,0.8890518749535942,0.8890518655811396,0.8890518570024735,0.889051849313832,0.889051842748014,0.8890518373709695,0.8890518326563541,0.8890518282185008,0.8890518239970708,0.8890518199224541,0.8890518161814238,0.889051813053765,0.8890518108220776,0.8890518091172538,0.889051807331596,0.889051805460876,0.8890518036424161,0.8890518018199735,0.8890518002232994,0.8890517990276724,0.8890517984253226,0.8890517977812922,0.8890517968610008,0.8890517960893652,0.8890517954740502,0.8890517948417012,0.8890517942134923,0.8890517936785718,0.8890517935079297,0.8890517931684301,0.8890517926987227,0.8890517924518492,0.8890517922450354,0.8890517920076181,0.8890517917941966,0.8890517915373976,0.8890517914784536,0.889051791314193,0.8890517911628337,0.8890517910563759,0.8890517909800919,0.889051790867418,0.8890517907883956,0.8890517907035433,0.8890517906645092,0.8890517905812783,0.8890517905527276,0.8890517905028041,0.8890517904771251,0.8890517904251045,0.8890517903801993,0.8890517903607468,0.8890517903370013,0.8890517903145551,0.8890517902964391,0.889051790280424,0.8890517902652562,0.8890517902490919,0.8890517902385493,0.8890517902239862,0.8890517902142926,0.8890517902076984,0.8890517901971984,0.8890517901892064,0.8890517901863575,0.8890517901778553,0.8890517901759839,0.8890517901698691,0.889051790167342,0.8890517901629275,0.8890517901607534,0.8890517901575846,0.8890517901544653,0.8890517901527291,0.8890517901509042,0.8890517901492883,0.8890517901477863,0.8890517901456466,0.8890517901438922,0.8890517901434767,0.8890517901428031,0.8890517901415427,0.8890517901410112,0.889051790140172,0.889051790139677,0.8890517901390033,0.8890517901385243,0.8890517901381049,0.8890517901376006,0.8890517901373398,0.8890517901371143
1.448118227674524e+52,0.9540762730722513,0.9500405704074988,0.9459421533203073,0.9418124918903521,0.9376833543144196,0.9335869093305791,0.9295555096242042,0.9256213481632646,0.9218159884206538,0.9181697467042966,0.9147109620966355,0.9114651937031251,0.9084543883771723,0.9056960719986924,0.9032026246723256,0.9009807031301759,0.8990308773304769,0.8973475342282036,0.8959190777040146,0.8947284608288728,0.8937540183082897,0.8929705748886677,0.8923507524982048,0.8918663858370992,0.8914899397730841,0.8911958172334051,0.8909614537363666,0.8907681151367124,0.8906013396343013,0.8904509983785812,0.8903109823158868,0.8901785599008114,0.8900534866758885,0.8899369835576243,0.8898307310779197,0.8897360366404654,0.8896533118811072,0.8895819340208574,0.8895204667860811,0.8894671111029558,0.889420186287364,0.8893784511162911,0.8893411670771748,0.889307942375191,0.8892784987122557,0.88925251089913,0.8892295831301155,0.889209316034267,0.8891913715390813,0.889175482437815,0.8891614235501766,0.8891489881392325,0.8891379861007993,0.8891282494038578,0.8891196313319302,0.8891120020333905,0.8891052460606461,0.8890992613712385,0.8890939579451109,0.8890892563284014,0.8890850864754964,0.8890813866971506,0.8890781026852875,0.8890751866396713,0.8890725964831735,0.8890702951528565,0.8890682499724998,0.8890664321146974,0.8890648160797555,0.8890633793084767,0.8890621018348792,0.8890609658935157,0.889059955748795,0.8890590574356998,0.8890582584758296,0.8890575478093026,0.8890569156496493,0.8890563532244531,0.8890558527106718,0.8890554072405982,0.889055010731769,0.8890546576799854,0.8890543432122509,0.8890540631140301,0.8890538137100806,0.8890535916290515,0.8890533938295457,0.889053217699812,0.8890530610211858,0.8890529217869091,0.8890527979813604,0.8890526877339745,0.8890525894599293,0.8890525018908207,0.8890524239889468,0.8890523546880399,0.8890522929029864,0.8890522377755631,0.8890521886086297,0.8890521448892623,0.8890521061780592,0.8890520718475439,0.8890520411768347,0.8890520136924143,0.8890519889974893,0.889051966904215,0.8890519474461682,0.8890519305737837,0.8890519156562746,0.889051902103204,0.8890518897307358,0.8890518784061385,0.8890518682564521,0.889051859588992,0.8890518524908183,0.8890518462671094,0.8890518404087508,0.88905183483609,0.8890518294572359,0.8890518245187452,0.8890518203899591,0.8890518174439346,0.8890518151934165,0.8890518128361902,0.8890518103666747,0.8890518079661467,0.8890518055603613,0.8890518034526105,0.889051801874277,0.8890518010791222,0.889051800228945,0.8890517990140789,0.8890517979954518,0.8890517971831816,0.889051796348425,0.8890517955191338,0.8890517948129915,0.8890517945877288,0.8890517941395593,0.889051793519504,0.889051793193609,0.8890517929205966,0.8890517926071848,0.8890517923254496,0.8890517919864521,0.8890517919086409,0.8890517916918024,0.8890517914919948,0.8890517913514611,0.8890517912507595,0.8890517911020199,0.8890517909977034,0.8890517908856909,0.8890517908341624,0.88905179072429,0.8890517906866008,0.8890517906206975,0.889051790586799,0.8890517905181271,0.889051790458848,0.8890517904331692,0.889051790401823,0.8890517903721918,0.8890517903482772,0.889051790327136,0.8890517903071129,0.8890517902857749,0.8890517902718577,0.8890517902526329,0.8890517902398367,0.8890517902311318,0.8890517902172708,0.8890517902067206,0.8890517902029598,0.8890517901917362,0.889051790189266,0.8890517901811937,0.8890517901778576,0.88905179017203,0.8890517901691601,0.889051790164977,0.8890517901608592,0.8890517901585674,0.8890517901561583,0.8890517901540251,0.8890517901520425,0.8890517901492178,0.8890517901469018,0.8890517901463534,0.8890517901454642,0.8890517901438002,0.8890517901430988,0.889051790141991,0.8890517901413375,0.8890517901404481,0.8890517901398157,0.889051790139262,0.8890517901385964,0.8890517901382521,0.8890517901379544
1.6638168860761138e+52,0.9739731173484149,0.9687515062038802,0.9634426277167637,0.9580869314341586,0.9527254390407183,0.9473998897243662,0.9421524676440717,0.9370253576592021,0.9320601286305339,0.9272969141949128,0.9227734361179393,0.9185239219661215,0.9145779746557003,0.9109594656968425,0.9076855346667179,0.9047657820935507,0.9022017481032897,0.8999867504406375,0.8981061229298841,0.8965379034610766,0.8952539290194608,0.8942213041614597,0.893404138437937,0.8927654305512417,0.8922689556298579,0.8918810065179795,0.891571850732921,0.8913167926138926,0.8910967631718602,0.8908984044285075,0.8907136590401649,0.890538924629688,0.8903738800290217,0.8902201377438703,0.8900799170187857,0.8899549448627387,0.8898457661075905,0.8897515601934212,0.8896704325832527,0.8896000095623081,0.8895380733892273,0.8894829861621303,0.8894337733889706,0.8893899181498416,0.8893510532886496,0.8893167497163937,0.8892864850959266,0.8892597323521486,0.8892360452987286,0.8892150712742386,0.8891965130790599,0.889180097848385,0.8891655746644498,0.8891527217400399,0.8891413454187278,0.8891312743023476,0.8891223560035593,0.8891144558280111,0.8891074549496558,0.8891012484889383,0.8890957439845993,0.8890908600054115,0.889086524863072,0.8890826754595225,0.8890792562511796,0.8890762183132195,0.8890735185113456,0.8890711187917816,0.8890689854934245,0.8890670888367288,0.8890654024652989,0.8890639029275412,0.8890625694513751,0.8890613836019721,0.8890603289069228,0.8890593907663481,0.8890585562613573,0.8890578138116744,0.8890571530902632,0.889056565031199,0.889056041605137,0.8890555755460833,0.8890551604212797,0.8890547906671886,0.8890544614321824,0.8890541682657936,0.8890539071531205,0.8890536746464289,0.8890534678168923,0.889053284015418,0.8890531205812122,0.8890529750449667,0.8890528453145792,0.8890527297156462,0.8890526268783108,0.8890525353950075,0.8890524538332906,0.8890523810602308,0.8890523161555421,0.8890522584421202,0.8890522073399163,0.889052162020606,0.8890521215325625,0.8890520852507011,0.8890520526512193,0.8890520234861461,0.8890519977998061,0.8890519755267681,0.8890519558343384,0.8890519379430878,0.8890519216103365,0.8890519066608675,0.8890518932623847,0.8890518818205716,0.889051872450355,0.8890518642345093,0.8890518565009581,0.8890518491445533,0.8890518420439905,0.8890518355247462,0.8890518300743839,0.889051826185371,0.8890518232144881,0.8890518201027411,0.8890518168427624,0.8890518136738533,0.8890518104980039,0.8890518077155865,0.8890518056320469,0.8890518045823721,0.8890518034600632,0.8890518018563326,0.8890518005116546,0.8890517994393862,0.8890517983374338,0.889051797242696,0.8890517963105256,0.889051796013159,0.8890517954215356,0.8890517946030079,0.8890517941727978,0.8890517938123971,0.8890517933986658,0.8890517930267505,0.8890517925792438,0.8890517924765262,0.8890517921902802,0.8890517919265165,0.8890517917409996,0.8890517916080645,0.8890517914117151,0.8890517912740081,0.8890517911261419,0.8890517910581196,0.8890517909130783,0.8890517908633252,0.889051790776327,0.8890517907315778,0.8890517906409251,0.8890517905626714,0.8890517905287728,0.8890517904873934,0.8890517904482776,0.889051790416708,0.8890517903887999,0.8890517903623677,0.8890517903341993,0.8890517903158276,0.8890517902904492,0.889051790273557,0.8890517902620658,0.889051790243768,0.889051790229841,0.8890517902248763,0.8890517902100601,0.8890517902067993,0.8890517901961433,0.8890517901917394,0.8890517901840463,0.8890517901802578,0.8890517901747358,0.8890517901692999,0.8890517901662743,0.8890517901630942,0.8890517901602782,0.8890517901576609,0.8890517901539321,0.8890517901508749,0.8890517901501509,0.8890517901489771,0.8890517901467804,0.8890517901458544,0.8890517901443921,0.8890517901435293,0.8890517901423554,0.8890517901415207,0.8890517901407896,0.8890517901399111,0.8890517901394565,0.8890517901390634
1.9116440753857116e+52,0.9996324297208915,0.9929117868363927,0.9860692850570641,0.9791564917225228,0.9722259951918222,0.9653316178743312,0.9585280840868683,0.9518704556957758,0.9454133310410613,0.9392097646750882,0.9333099639087122,0.9277598286785622,0.9225994110444553,0.9178613915940828,0.9135696862717784,0.9097383049333482,0.9063705905151171,0.9034589427841768,0.9009850862833912,0.8989209501306773,0.8972301039958114,0.8958697033837985,0.8947928019781155,0.8939508644443952,0.8932962850886766,0.8927847116559758,0.8923769893556861,0.8920405785818694,0.8917503445471346,0.8914886761183959,0.8912449493052501,0.8910144147370155,0.8907966511102109,0.8905937884390166,0.8904087576978451,0.8902438406364032,0.8900997589770223,0.8899754322271755,0.8898683619903703,0.8897754168795458,0.8896936708645391,0.889620962853295,0.8895560071436485,0.8894981218499005,0.8894468226800571,0.8894015435287725,0.8893615951458648,0.8893262819717769,0.8892950151739992,0.8892673293390796,0.8892428322387563,0.889221163747882,0.8892019926965238,0.8891850263557534,0.8891700091208069,0.8891567147613725,0.8891449421365387,0.8891345134565224,0.8891252718750474,0.8891170789532712,0.8891098126431187,0.8891033654551929,0.8890976427601015,0.8890925612671481,0.8890880476572842,0.8890840373480824,0.8890804734005555,0.8890773055820061,0.8890744894581046,0.8890719857182453,0.889069759570467,0.8890677800572332,0.8890660197580675,0.8890644543377665,0.8890630620516099,0.8890618236267172,0.889060722009207,0.889059741912249,0.8890588697033658,0.8890580934148329,0.8890574024472824,0.8890567872090218,0.8890562392082895,0.8890557511007624,0.8890553164818934,0.8890549294766957,0.8890545847851635,0.889054277855998,0.8890540048229008,0.8890537621888451,0.8890535464413554,0.8890533543207328,0.8890531830652222,0.8890530304644662,0.889052894710136,0.8890527739441229,0.8890526662754736,0.8890525702086233,0.8890524845287139,0.8890524083419087,0.8890523408824926,0.8890522810570054,0.8890522276092155,0.8890521797139566,0.8890521366797632,0.8890520981792918,0.889052064271055,0.889052034868678,0.8890520088729315,0.8890519852549005,0.8890519636942261,0.8890519439596063,0.8890519262724254,0.889051911168221,0.889051898798707,0.8890518879530648,0.8890518777440938,0.8890518680329894,0.8890518586596189,0.8890518500536404,0.8890518428586803,0.8890518377248396,0.8890518338030117,0.8890518296952307,0.8890518253917705,0.8890518212085304,0.8890518170161286,0.8890518133430916,0.8890518105926352,0.8890518092069717,0.8890518077254246,0.8890518056083585,0.8890518038332649,0.8890518024177756,0.8890518009631011,0.8890517995179503,0.8890517982874031,0.8890517978948529,0.8890517971138577,0.8890517960333288,0.8890517954654134,0.8890517949896526,0.8890517944434908,0.8890517939525298,0.8890517933617813,0.8890517932261849,0.8890517928483148,0.8890517925001235,0.8890517922552248,0.8890517920797387,0.8890517918205402,0.8890517916387548,0.8890517914435583,0.8890517913537629,0.8890517911622955,0.8890517910966171,0.8890517909817717,0.8890517909226987,0.8890517908030292,0.8890517906997274,0.8890517906549785,0.8890517906003539,0.8890517905487176,0.889051790507043,0.8890517904702017,0.8890517904353088,0.8890517903981242,0.8890517903738719,0.8890517903403703,0.8890517903180709,0.8890517903029016,0.8890517902787468,0.889051790260362,0.8890517902538081,0.8890517902342493,0.8890517902299447,0.8890517902158779,0.8890517902100644,0.8890517901999089,0.8890517901949078,0.8890517901876182,0.8890517901804423,0.8890517901764483,0.8890517901722501,0.889051790168533,0.8890517901650778,0.8890517901601555,0.8890517901561197,0.8890517901551639,0.8890517901536142,0.8890517901507147,0.8890517901494921,0.8890517901475619,0.8890517901464229,0.8890517901448731,0.8890517901437712,0.8890517901428061,0.8890517901416464,0.8890517901410463,0.8890517901405275
2.1963853724165513e+52,1.032528967203712,1.0239328733939999,1.0151664753022929,1.0062948415330157,0.9973847638425709,0.9885050793814454,0.9797262863477684,0.9711198467337239,0.9627571638124415,0.9547081729362282,0.9470396125127829,0.9398130585658746,0.9330828227066962,0.9268938448260542,0.9212797372370215,0.9162611506849818,0.9118446446159788,0.9080222114506594,0.9047715440326359,0.9020571417487152,0.8998321835854161,0.8980411026214017,0.896622667084081,0.8955133389444973,0.8946506442696635,0.8939762833682815,0.8934387324109215,0.8929951416867076,0.8926123968918221,0.8922672889499901,0.8919458148001622,0.8916417154100303,0.8913544392405527,0.8910868004551459,0.8908426705776136,0.8906250650919451,0.8904349410701334,0.8902708768927196,0.8901295789072091,0.8900069171049844,0.8898990316247257,0.8898030715190239,0.8897173407891296,0.8896409401459363,0.8895732309540026,0.8895134664788745,0.8894607373387198,0.8894141257272917,0.8893728546347244,0.8893363099019412,0.8893039739297675,0.8892753714614283,0.8892500654342957,0.8892276695070611,0.8892078463265037,0.8891902973016079,0.8891747569501388,0.8891609906063911,0.8891487912448707,0.8891379761340024,0.8891283841751523,0.8891198734850473,0.8891123191541165,0.8891056112388025,0.8890996529573896,0.8890943590600088,0.8890896543858177,0.8890854726260927,0.8890817551258594,0.8890784499934331,0.8890755113017612,0.8890728981852764,0.8890705744474067,0.889068507964229,0.8890666700313423,0.889065035207276,0.8890635809797437,0.88906228716905,0.8890611357793357,0.8890601110123163,0.8890591988760242,0.8890583867086836,0.8890576633005035,0.8890570189563941,0.8890564452218396,0.8890559343413801,0.8890554793185728,0.8890550741453268,0.8890547137178071,0.889054393419646,0.8890541086140784,0.8890538549980246,0.8890536289257317,0.8890534274793394,0.8890532482716984,0.889053088849945,0.8890529467178577,0.8890528199011607,0.8890527067961361,0.8890526062228421,0.8890525171704682,0.8890524381955512,0.8890523676397557,0.8890523044137891,0.8890522476048572,0.8890521967808375,0.8890521520189719,0.8890521132052388,0.8890520788885581,0.8890520477106717,0.8890520192486775,0.8890519931972364,0.8890519698485949,0.889051949909711,0.88905193358086,0.8890519192636538,0.8890519057869102,0.8890518929673942,0.8890518805937169,0.8890518692330648,0.8890518597350816,0.8890518529579582,0.8890518477807986,0.8890518423581646,0.8890518366772169,0.8890518311549703,0.8890518256206291,0.8890518207718958,0.8890518171410502,0.8890518153118518,0.8890518133560789,0.8890518105613645,0.8890518082180838,0.889051806349513,0.8890518044292139,0.8890518025214874,0.8890518008970562,0.8890518003788552,0.8890517993478725,0.8890517979214787,0.8890517971717803,0.889051796543734,0.8890517958227522,0.8890517951746402,0.8890517943948,0.8890517942158008,0.889051793716979,0.8890517932573355,0.8890517929340475,0.8890517927023904,0.8890517923602255,0.8890517921202526,0.8890517918625759,0.8890517917440381,0.8890517914912842,0.889051791404583,0.8890517912529768,0.8890517911749954,0.889051791017021,0.8890517908806534,0.8890517908215809,0.8890517907494716,0.8890517906813071,0.8890517906262929,0.8890517905776592,0.8890517905315977,0.8890517904825107,0.8890517904504954,0.8890517904062702,0.8890517903768331,0.8890517903568084,0.8890517903249219,0.8890517903006522,0.8890517902920005,0.8890517902661813,0.8890517902604987,0.8890517902419294,0.889051790234255,0.8890517902208489,0.8890517902142469,0.8890517902046241,0.8890517901951515,0.8890517901898787,0.8890517901843369,0.8890517901794298,0.8890517901748689,0.8890517901683708,0.8890517901630431,0.8890517901617815,0.8890517901597359,0.8890517901559081,0.8890517901542944,0.8890517901517461,0.8890517901502425,0.8890517901481968,0.8890517901467422,0.8890517901454682,0.8890517901439373,0.8890517901431451,0.8890517901424603
2.5235391704347656e+52,1.0744139774366033,1.0634986980983174,1.0523460295354312,1.041037051892132,1.0296556138547355,1.0182888318325596,1.0070266824295346,0.9959611773696805,0.9851850936989819,0.9747901681782394,0.9648648305689324,0.9554915759070606,0.9467441029057855,0.9386843936566044,0.931359950728864,0.9248014327715688,0.9190209502909655,0.9140112419907773,0.9097458696199632,0.906180570664193,0.9032556796382927,0.900899527028115,0.8990325473188392,0.8975717782338755,0.8964353846452356,0.8955468354743276,0.8948383979291108,0.894253689005986,0.8937491088983571,0.8932940874535492,0.8928701767328875,0.8924691325472471,0.8920902348004828,0.8917372024961009,0.8914151504906007,0.8911280653276269,0.8908772179460763,0.8906607398906262,0.8904742909858103,0.8903124256871151,0.890170053431889,0.8900434139968949,0.8899302706741837,0.8898294378194258,0.8897400735481363,0.8896611931049836,0.8895915968774021,0.8895300739657318,0.8894755991725415,0.8894273621502808,0.8893846799301856,0.8893469253755727,0.8893135217183994,0.8892839591050978,0.8892577923174607,0.8892346272812685,0.8892141136088856,0.8891959415774994,0.8891798379395064,0.889165561507805,0.8891528996451615,0.8891416650744285,0.8891316929206418,0.8891228380616993,0.8891149727474766,0.8891079844487035,0.8891017739527911,0.8890962537313767,0.8890913463586622,0.8890869833361548,0.8890831040385464,0.8890796545216211,0.8890765870042406,0.8890738590812008,0.8890714328611159,0.8890692747597546,0.8890673550595087,0.8890656471218716,0.889064127191094,0.8890627744123403,0.8890615703152105,0.8890604981852278,0.8890595432246237,0.8890586926351386,0.8890579352561556,0.8890572608498553,0.889056660180372,0.889056125316541,0.8890556495208848,0.8890552266994182,0.8890548507312251,0.8890545159358784,0.8890542175006764,0.8890539515737969,0.8890537150040005,0.8890535045532976,0.8890533169264606,0.8890531495172757,0.8890530002086972,0.8890528674430994,0.8890527498861263,0.8890526456322803,0.8890525524924134,0.8890524690285648,0.889052394035766,0.8890523269435773,0.8890522678539661,0.8890522166164134,0.8890521713153664,0.8890521301578042,0.889052092585459,0.8890520581952565,0.8890520273729879,0.8890520010519001,0.8890519794963744,0.8890519605963976,0.8890519428059054,0.8890519258830116,0.8890519095486644,0.8890518945515997,0.8890518820134227,0.8890518730670209,0.8890518662327127,0.8890518590743567,0.8890518515750034,0.8890518442851499,0.8890518369793305,0.8890518305785738,0.8890518257855368,0.8890518233708333,0.8890518207890401,0.8890518170997701,0.8890518140064324,0.8890518115397538,0.8890518090047894,0.8890518064864218,0.8890518043420289,0.8890518036579577,0.8890518022969695,0.8890518004140038,0.8890517994243354,0.8890517985952587,0.889051797643499,0.8890517967879339,0.8890517957584759,0.8890517955221812,0.8890517948636921,0.8890517942569223,0.8890517938301534,0.8890517935243457,0.8890517930726577,0.8890517927558724,0.8890517924157163,0.889051792259236,0.8890517919255786,0.8890517918111251,0.8890517916109917,0.8890517915080492,0.8890517912995091,0.889051791119492,0.8890517910415109,0.8890517909463201,0.8890517908563371,0.8890517907837135,0.8890517907195127,0.8890517906587073,0.8890517905939082,0.8890517905516453,0.889051790493264,0.8890517904544045,0.88905179042797,0.8890517903858771,0.889051790353839,0.889051790342418,0.8890517903083344,0.8890517903008329,0.8890517902763196,0.8890517902661887,0.8890517902484915,0.8890517902397763,0.8890517902270734,0.8890517902145685,0.8890517902076083,0.8890517902002925,0.8890517901938148,0.8890517901877938,0.8890517901792158,0.8890517901721828,0.8890517901705174,0.8890517901678169,0.8890517901627639,0.8890517901606336,0.8890517901572697,0.8890517901552849,0.8890517901525843,0.889051790150664,0.8890517901489823,0.8890517901469613,0.8890517901459156,0.8890517901450116
2.899422853882869e+52,1.1273252891673373,1.1135783933474581,1.0995027495815137,1.0851979053969658,1.0707676512385356,1.0563208010801761,1.0419708261862095,1.0278349419377315,1.0140325947740254,1.0006832117786035,0.9879032867299247,0.9758029137042256,0.964481922332082,0.954025842373194,0.9445019922851838,0.9359560330582308,0.9284093666528693,0.9218577100677628,0.9162710656370789,0.9115952995391453,0.9077552253809235,0.9046590692781595,0.9022039448868913,0.9002818927499227,0.8987859725856739,0.8976158949473918,0.8966827344488354,0.8959123753363205,0.8952474590167856,0.8946477475876601,0.8940889527394076,0.8935602230305887,0.8930606216367307,0.8925950649368432,0.8921703120476605,0.8917916356437348,0.8914607265010519,0.8911751323329494,0.8909291371593222,0.8907155635559001,0.8905276998656572,0.8903605879630618,0.8902112789522653,0.8900782102808029,0.8899602726230408,0.8898561677549539,0.8897643135643021,0.8896831127500119,0.889611212873495,0.8895475448950226,0.8894912077715508,0.8894413740525735,0.8893972826898474,0.8893582608947707,0.8893237211452393,0.8892931433892484,0.8892660652102288,0.8892420778453948,0.8892208206610152,0.8892019753293009,0.889185261197701,0.8891704310809623,0.8891572673586741,0.8891455784796778,0.889135195820456,0.8891259708465252,0.8891177725995922,0.8891104855432175,0.8891040074753913,0.8890982479774819,0.8890931270230122,0.889088573404238,0.8890845240485102,0.8890809229793266,0.8890777201783829,0.8890748713128479,0.8890723371538967,0.8890700825371737,0.8890680761036449,0.8890662903236002,0.8890647008148872,0.889063285513243,0.8890620248845619,0.889060902034211,0.8890599022293489,0.8890590119552759,0.8890582190199344,0.8890575129535652,0.8890568848621646,0.8890563267011841,0.8890558303905138,0.8890553884315203,0.8890549944710372,0.889054643424338,0.8890543311315237,0.8890540533181737,0.889053805634307,0.8890535846394987,0.889053387539067,0.8890532122768137,0.889053057091274,0.8890529194670261,0.889052796514204,0.8890526863345742,0.889052587337473,0.8890524987698714,0.889052420766375,0.8890523531282872,0.8890522933269092,0.8890522389952956,0.8890521893964844,0.8890521439983816,0.8890521033102662,0.8890520685641062,0.8890520401089086,0.8890520151592701,0.8890519916742492,0.8890519693345348,0.8890519477717532,0.889051927974303,0.8890519114228015,0.8890518996127607,0.88905189059087,0.8890518811412073,0.8890518712413984,0.8890518616181475,0.8890518519738203,0.8890518435242558,0.8890518371970232,0.8890518340094012,0.889051830601206,0.8890518257310436,0.8890518216475644,0.8890518183913305,0.8890518150449533,0.8890518117204854,0.8890518088896974,0.889051807986663,0.8890518061900382,0.889051803704357,0.8890518023979074,0.8890518013034528,0.8890518000470459,0.8890517989176242,0.8890517975586488,0.8890517972467187,0.889051796377455,0.8890517955764652,0.8890517950130926,0.8890517946093994,0.8890517940131313,0.8890517935949467,0.8890517931459107,0.8890517929393426,0.8890517924988854,0.8890517923477966,0.889051792083603,0.8890517919477098,0.8890517916724183,0.8890517914347797,0.889051791331838,0.8890517912061777,0.8890517910873923,0.8890517909915227,0.8890517909067718,0.8890517908265033,0.8890517907409629,0.8890517906851719,0.8890517906081037,0.8890517905568055,0.8890517905219097,0.8890517904663432,0.8890517904240502,0.8890517904089734,0.8890517903639802,0.8890517903540774,0.8890517903217178,0.889051790308344,0.8890517902849822,0.8890517902734774,0.8890517902567084,0.8890517902402009,0.8890517902310127,0.8890517902213552,0.889051790212804,0.8890517902048558,0.8890517901935321,0.8890517901842481,0.8890517901820493,0.8890517901784847,0.8890517901718142,0.8890517901690019,0.8890517901645614,0.8890517901619412,0.8890517901583762,0.8890517901558412,0.8890517901536213,0.8890517901509535,0.889051790149573,0.8890517901483795
3.3312947879346563e+52,1.1935864152898452,1.176427893175074,1.158818846472473,1.1408794752330917,1.1227361817981634,1.104522782125758,1.08638029436345,1.0684560316764444,1.0509019055013444,1.0338717310969572,1.0175175908508594,1.0019853615684178,0.987409576506539,0.9739079038963372,0.961575633088644,0.9504806459217257,0.9406594244316258,0.9321145991986114,0.924814400494396,0.9186943496400464,0.9136610905683299,0.9095982020382507,0.9063734771243017,0.9038470396334662,0.9018795747996902,0.9003399549528556,0.8991116281709549,0.8980972967474152,0.8972215818223911,0.8964315683800482,0.8956953052140186,0.8949985219911034,0.8943400056751157,0.8937262582148491,0.8931662143167562,0.8926668517474629,0.8922304249969436,0.8918537214979076,0.8915292189551461,0.8912474619347992,0.8909996049339317,0.8907791126940188,0.8905820989388283,0.8904065054842234,0.8902508714619245,0.8901134861272239,0.8899922635306514,0.8898850971701592,0.889790203295416,0.8897061718815317,0.8896318144051987,0.8895660392990963,0.8895078424982492,0.8894563363204929,0.8894107455422062,0.8893703839288136,0.8893346412691647,0.8893029781321742,0.8892749185840146,0.8892500425092656,0.8892279795043122,0.8892084033274659,0.8891910267512728,0.8891755969510727,0.8891618913601711,0.889149713924488,0.8891388917868301,0.8891292724441059,0.8891207209926306,0.8891131180812853,0.8891063580755185,0.8891003469807204,0.8890950015400831,0.8890902478633622,0.8890860199248923,0.8890822592037229,0.8890789139161576,0.8890759376435818,0.8890732889904399,0.8890709316159808,0.8890688333343192,0.8890669650192434,0.8890653008844531,0.8890638186278913,0.889062498801182,0.8890613235639487,0.889060276821774,0.8890593447537887,0.8890585156192305,0.8890577787986721,0.8890571236257244,0.8890565402015858,0.8890560201395584,0.889055556727388,0.8890551444736665,0.8890547777358028,0.8890544507714552,0.889054159038972,0.8890538988491375,0.8890536674875954,0.8890534626290636,0.8890532809529686,0.8890531186444367,0.8890529731976353,0.8890528425127502,0.8890527255957181,0.8890526226242323,0.8890525333359962,0.8890524543929058,0.8890523826703854,0.8890523171955801,0.8890522572660792,0.8890522035541764,0.8890521576861785,0.8890521201228059,0.8890520871870803,0.8890520561847789,0.889052026694383,0.889051998229607,0.8890519720952239,0.8890519502457798,0.8890519346554825,0.8890519227457896,0.8890519102714001,0.8890518972027777,0.8890518844992361,0.8890518717678719,0.8890518606137,0.8890518522611938,0.8890518480532511,0.889051843554132,0.8890518371250873,0.8890518317345338,0.8890518274360173,0.8890518230185037,0.8890518186299122,0.8890518148930218,0.8890518137009366,0.889051811329233,0.8890518080479142,0.8890518063232851,0.8890518048785083,0.8890518032199402,0.8890518017290037,0.889051799935036,0.8890517995232607,0.8890517983757558,0.8890517973183785,0.8890517965746768,0.8890517960417661,0.8890517952546395,0.8890517947025988,0.8890517941098315,0.8890517938371435,0.889051793255701,0.8890517930562506,0.8890517927074915,0.8890517925281006,0.8890517921646914,0.8890517918509876,0.8890517917150953,0.8890517915492127,0.8890517913924054,0.8890517912658491,0.8890517911539705,0.889051791048009,0.8890517909350878,0.8890517908614389,0.8890517907597021,0.889051790691984,0.8890517906459184,0.8890517905725658,0.8890517905167352,0.8890517904968324,0.8890517904374373,0.889051790424365,0.8890517903816474,0.8890517903639928,0.8890517903331532,0.8890517903179658,0.8890517902958291,0.8890517902740378,0.8890517902619086,0.8890517902491598,0.8890517902378715,0.8890517902273793,0.889051790212431,0.8890517902001752,0.8890517901972728,0.889051790192567,0.8890517901837615,0.889051790180049,0.889051790174187,0.8890517901707282,0.8890517901660221,0.8890517901626759,0.8890517901597452,0.8890517901562234,0.889051790154401,0.8890517901528255
3.8274944785162837e+52,1.275797766174769,1.2545825204479488,1.2327584217894283,1.2104680467299112,1.1878626169314288,1.1651038350705296,1.142363997212287,1.1198252554023738,1.0976778783662777,1.0761172002535198,1.0553392665407169,1.0355352476765307,1.0168847796260154,0.9995485512470454,0.9836606319599682,0.9693211887049726,0.9565903834542305,0.9454842208059752,0.9359729475479682,0.9279825625157602,0.9213993874046926,0.9160775148589468,0.9118484323174906,0.9085319253459525,0.9059472261347786,0.9039233837832743,0.9023079702192279,0.9009734721546246,0.8998209660786128,0.8987809479502542,0.8978114312636774,0.8968936716570244,0.8960261082818792,0.8952173444591757,0.894479195340174,0.893820902001094,0.8932454793948984,0.892748729301964,0.8923207619892537,0.89194912908548,0.8916221788633654,0.8913313013963615,0.8910713777868978,0.8908396989034889,0.8906343424186933,0.8904530552561014,0.8902930882606473,0.8901516642745417,0.8900264313520796,0.8899155302269789,0.8898173935671296,0.8897305816958775,0.8896537701786598,0.8895857879943104,0.8895256124015269,0.8894723379976244,0.8894251596323451,0.8893833655083839,0.8893463275854034,0.8893134914574924,0.889284368302948,0.8892585275665981,0.8892355901711797,0.8892152224351285,0.8891971306051856,0.8891810559154362,0.8891667702127829,0.8891540722061861,0.8891427838317683,0.8891327475519984,0.8891238239329512,0.8891158889037252,0.889108832566102,0.8891025573848509,0.8890969762053421,0.889092011778764,0.8890875957492331,0.8890836668425889,0.8890801704150278,0.8890770584951136,0.8890742885958727,0.8890718222691156,0.8890696254754255,0.8890676687747268,0.8890659264939278,0.889064375082541,0.8890629932948199,0.8890617628862365,0.8890606683581374,0.8890596956920906,0.8890588308076448,0.8890580606376045,0.8890573741108645,0.8890567623667142,0.8890562181560557,0.8890557340302083,0.8890553024088044,0.889054917296486,0.8890545738231803,0.8890542684057114,0.8890539979745125,0.8890537581461435,0.8890535438846418,0.889053351882093,0.8890531793665616,0.8890530250257987,0.8890528890943781,0.8890527712260468,0.8890526670142153,0.8890525723341693,0.8890524859016556,0.8890524067894309,0.8890523358849821,0.8890522753351787,0.8890522257482124,0.889052182270148,0.8890521413443737,0.8890521024144477,0.8890520648384301,0.8890520303387366,0.8890520014955405,0.8890519809149711,0.8890519651931245,0.8890519487258283,0.889051931474092,0.8890519147042948,0.8890518978977692,0.8890518831732765,0.8890518721472302,0.889051866592374,0.8890518606531393,0.889051852166232,0.889051845050225,0.8890518393758035,0.8890518335442951,0.8890518277509664,0.8890518228179406,0.8890518212442828,0.8890518181134244,0.8890518137817934,0.8890518115051307,0.8890518095978976,0.889051807408441,0.8890518054402732,0.8890518030720773,0.8890518025284975,0.8890518010136895,0.889051799617858,0.8890517986361061,0.8890517979326167,0.8890517968935401,0.8890517961647976,0.8890517953822924,0.8890517950223201,0.8890517942547648,0.8890517939914724,0.8890517935310795,0.8890517932942678,0.8890517928145356,0.8890517924004188,0.8890517922210289,0.8890517920020491,0.8890517917950496,0.8890517916279841,0.8890517914802945,0.889051791340416,0.88905179119135,0.889051791094127,0.8890517909598253,0.8890517908704316,0.8890517908096209,0.889051790712789,0.8890517906390876,0.8890517906128143,0.8890517905344074,0.8890517905171508,0.8890517904607598,0.8890517904374542,0.8890517903967431,0.8890517903766944,0.8890517903474722,0.8890517903187055,0.8890517903026939,0.8890517902858643,0.8890517902709629,0.8890517902571122,0.889051790237379,0.8890517902212004,0.8890517902173689,0.8890517902111569,0.8890517901995328,0.8890517901946321,0.8890517901868938,0.8890517901823277,0.8890517901761152,0.8890517901716979,0.8890517901678293,0.88905179016318,0.8890517901607745,0.8890517901586947
4.397603609302748e+52,1.376827130389968,1.3508468148405053,1.3240572013991239,1.2966244193683092,1.2687260942495677,1.2405540335004972,1.2123148786299993,1.1842297709214922,1.1565328053580182,1.1294678268860185,1.103283495835921,1.078226610468269,1.0545337810569924,1.032421766915773,1.012077047641752,0.9936454637811943,0.9772230274817182,0.9628490577942932,0.9505026332766562,0.9401033059900679,0.9315161870710744,0.9245612487654515,0.9190259113447136,0.9146796436710394,0.9112890818061121,0.9086321853929746,0.9065101656157896,0.9047562764884306,0.9032409276344372,0.9018729645832121,0.9005972904487304,0.8993893214825247,0.898247066048514,0.8971819152034665,0.8962095006890094,0.8953420724402339,0.8945836771909399,0.8939288464895878,0.893364594783819,0.8928745473504536,0.8924433663990772,0.8920597158674901,0.8917168580039738,0.8914112301353025,0.8911403052859486,0.8909011183240708,0.8906900479087223,0.8905034342216309,0.8903381772885843,0.8901918263498759,0.8900623152125215,0.8899477456178919,0.8898463709699772,0.8897566468056325,0.8896772240992447,0.889606908488058,0.8895446377683137,0.8894894728259733,0.8894405850004174,0.889397242746537,0.889358801026937,0.8893246916670153,0.889294414405192,0.8892675288730854,0.8892436473852796,0.8892224284224576,0.8892035708610339,0.8891868090252477,0.889171907891474,0.8891586595249875,0.8891468798833663,0.8891364051999859,0.8891270904136461,0.8891188067804121,0.8891114392573288,0.8891048858761353,0.8890990564065515,0.88909386996565,0.8890892544222453,0.8890851464525337,0.8890814899721141,0.8890782342276952,0.8890753342855934,0.8890727512833733,0.8890704513311262,0.8890684033408007,0.8890665792666687,0.8890649550247609,0.889063510155816,0.8890622261545291,0.8890610844336759,0.8890600677435753,0.8890591614695229,0.8890583539147003,0.8890576355097383,0.8890569964217857,0.8890564266441416,0.8890559182624447,0.8890554648478003,0.8890550616701242,0.8890547046773363,0.8890543880829263,0.8890541052389926,0.8890538517788064,0.8890536240431752,0.8890534202998208,0.8890532408584044,0.8890530852618457,0.8890529476930616,0.8890528227070685,0.8890527086085401,0.8890526041734345,0.8890525105733138,0.8890524306422355,0.8890523651830673,0.8890523077881872,0.8890522537625545,0.8890522023716169,0.8890521527679572,0.8890521072253161,0.8890520691497507,0.8890520419815816,0.8890520212273557,0.8890519994890702,0.8890519767152547,0.8890519545776409,0.8890519323915422,0.8890519129539111,0.8890518983985558,0.8890518910656546,0.88905188322534,0.8890518720218722,0.8890518626281144,0.8890518551373762,0.8890518474392698,0.889051839791564,0.889051833279534,0.8890518312021665,0.8890518270691568,0.8890518213510209,0.889051818345625,0.8890518158279089,0.8890518129376324,0.889051810339477,0.8890518072132491,0.8890518064956756,0.8890518044959953,0.8890518026533742,0.8890518013573748,0.8890518004287069,0.8890517990570337,0.8890517980950292,0.8890517970620533,0.889051796586858,0.889051795573617,0.8890517952260479,0.8890517946182886,0.8890517943056762,0.8890517936723873,0.8890517931257164,0.8890517928889059,0.8890517925998334,0.8890517923265755,0.8890517921060342,0.889051791911071,0.8890517917264189,0.889051791529639,0.8890517914012959,0.8890517912240058,0.889051791105998,0.8890517910257226,0.8890517908978959,0.8890517908006036,0.8890517907659204,0.8890517906624165,0.8890517906396362,0.889051790565195,0.8890517905344296,0.8890517904806874,0.8890517904542213,0.8890517904156454,0.889051790377671,0.8890517903565343,0.8890517903343177,0.8890517903146465,0.8890517902963623,0.8890517902703128,0.8890517902489555,0.8890517902438977,0.8890517902356972,0.8890517902203524,0.8890517902138829,0.8890517902036676,0.8890517901976402,0.8890517901894391,0.8890517901836078,0.8890517901785009,0.8890517901723635,0.8890517901691879,0.8890517901664425
5.052631065335701e+52,1.4998091234421214,1.4682909271696163,1.4357162606798317,1.4022755114760381,1.3681736827611435,1.3336341609702131,1.2989001441745889,1.2642349905127006,1.2299211816271236,1.196257291380106,1.163552769441508,1.1321203888669455,1.102266310272104,1.0742779788159647,1.0484104267411505,1.0248719659137997,1.003810716779146,0.9853036387997067,0.9693496497093007,0.9558684249567933,0.9447053634750971,0.9356427359125479,0.9284158494510514,0.9227324540427669,0.9182932186099931,0.9148111040416836,0.9120277856851223,0.9097258252614473,0.9077358479113018,0.9059385392344222,0.9042617277224149,0.902673233842099,0.9011705446062604,0.8997687535408414,0.8984885539013983,0.8973462030273134,0.8963471571448257,0.8954843238981964,0.8947406815074133,0.8940947144716742,0.8935262508144911,0.893020377504926,0.892568234123059,0.8921651412089585,0.8918077814126429,0.891492256326618,0.8912137989733734,0.8909675889654055,0.89074954240374,0.8905564303868548,0.8903855302656352,0.8902343400685744,0.8901005572209099,0.8899821453097331,0.8898773253867909,0.8897845222647626,0.8897023348995022,0.8896295244849317,0.8895649978263238,0.8895077897761019,0.8894570492640105,0.8894120265911654,0.8893720616361154,0.8893365732840278,0.8893050499210983,0.8892770408415197,0.8892521486377447,0.889230022674776,0.8892103527641235,0.8891928644636409,0.8891773148605859,0.8891634877997817,0.8891511918122953,0.8891402569642537,0.889130531404224,0.8891218805372835,0.8891141852611191,0.8891073388107511,0.8891012459726777,0.8890958231586407,0.8890909963360377,0.8890866985090294,0.8890828703635446,0.8890794605995913,0.8890764244809624,0.8890737209698553,0.8890713130443628,0.8890691689122499,0.889067261566059,0.8890655665776139,0.8890640594105115,0.8890627172939478,0.8890615209354534,0.8890604548943734,0.8890595065384342,0.8890586628875194,0.8890579107319931,0.8890572396242707,0.8890566410776984,0.8890561088481903,0.8890556375866766,0.8890552196544829,0.889054846275817,0.8890545116862287,0.8890542110552744,0.8890539420962033,0.8890537052178022,0.8890534998166914,0.8890533182138153,0.8890531532213207,0.8890530026012297,0.8890528647377011,0.8890527411773014,0.8890526356612382,0.8890525492493684,0.8890524734830679,0.8890524021644693,0.8890523343238993,0.8890522688426927,0.8890522087223879,0.889052158459281,0.8890521225948995,0.889052095197489,0.8890520665010327,0.8890520364375851,0.8890520072139798,0.8890519779263699,0.8890519522669798,0.8890519330526249,0.8890519233725473,0.8890519130226394,0.8890518982330721,0.8890518858324815,0.8890518759440452,0.8890518657818646,0.8890518556862168,0.8890518470897617,0.8890518443474532,0.8890518388915151,0.8890518313430703,0.889051827375682,0.8890518240520742,0.8890518202366539,0.889051816806859,0.8890518126799618,0.8890518117327014,0.8890518090929468,0.8890518066605239,0.8890518049496903,0.8890518037237664,0.8890518019130367,0.8890518006431056,0.8890517992794859,0.8890517986521862,0.8890517973146186,0.8890517968557967,0.8890517960535007,0.8890517956408245,0.8890517948048273,0.8890517940831735,0.8890517937705626,0.8890517933889612,0.8890517930282369,0.889051792737103,0.8890517924797342,0.8890517922359771,0.88905179197621,0.8890517918067857,0.8890517915727473,0.8890517914169668,0.8890517913109961,0.8890517911422534,0.889051791013819,0.8890517909680341,0.8890517908313997,0.8890517908013278,0.8890517907030588,0.8890517906624458,0.8890517905915013,0.8890517905565638,0.8890517905056401,0.8890517904555106,0.8890517904276082,0.8890517903982804,0.8890517903723126,0.8890517903481758,0.8890517903137882,0.8890517902855948,0.8890517902789179,0.8890517902680927,0.8890517902478362,0.8890517902392959,0.8890517902258109,0.889051790217854,0.889051790207028,0.8890517901993301,0.8890517901925884,0.8890517901844864,0.8890517901802945,0.8890517901766702
5.805225516094908e+52,1.6481629068842996,1.6102632724711996,1.5710096491050816,1.5306171611780515,1.4893187689292766,1.447370328152099,1.405053015284536,1.3626746407194552,1.3205694730345698,1.2790957873848037,1.2386308101156067,1.1995627208896458,1.1622794373271108,1.1271541831072027,1.094528274979278,1.064692140375042,1.0378663093425462,1.0141846306617,0.9936821149521768,0.9762900073299389,0.9618393263812898,0.9500733669499475,0.9406678708421449,0.9332564743587953,0.9274583005228679,0.9229044751796536,0.9192608176419491,0.9162447936610653,0.9136356758610523,0.9112776815338848,0.9090764891907648,0.9069900808125352,0.9050153330862821,0.90317226282403,0.9014882824495767,0.8999849982906778,0.8986698072932872,0.8975335634539506,0.8965540032432023,0.8957028975615384,0.8949537474637094,0.8942869554837021,0.8936908838304207,0.8931593959574143,0.8926881446313453,0.8922720110141409,0.8919047256918616,0.8915799442238922,0.8912922899757663,0.8910375114794534,0.8908120231213483,0.8906125288495369,0.8904359944258207,0.890279735803581,0.8901414078914813,0.890018933872249,0.8899104662596297,0.889814371299155,0.889729207113749,0.88965370059218,0.8895867290057027,0.8895273032806336,0.8894745524650473,0.8894277098023082,0.8893861002046932,0.8893491289269018,0.8893162715338536,0.8892870652965617,0.8892611008493607,0.8892380159915843,0.8892174901257917,0.889199237962474,0.8891830067887022,0.8891685723107184,0.8891557340981049,0.8891443144949132,0.8891341562923465,0.8891251185644955,0.8891170756316437,0.889109917158197,0.8891035454211355,0.8890978719852421,0.8890928185548171,0.8890883174125748,0.8890843095053248,0.8890807406615854,0.8890775620107921,0.8890747315856614,0.8890722137349676,0.8890699762121622,0.8890679866276806,0.8890662149225703,0.8890646356294715,0.889063228365667,0.8890619764556835,0.8890608627648213,0.889059869855358,0.889058983935683,0.8890581938027606,0.8890574912139203,0.8890568691079767,0.8890563174012582,0.8890558245089878,0.8890553828216127,0.8890549859625443,0.8890546309130865,0.8890543182128857,0.8890540470654386,0.8890538073337282,0.8890535895291631,0.8890533906974203,0.8890532087054501,0.8890530455948594,0.8890529063043732,0.8890527922330991,0.8890526922149106,0.8890525980680778,0.889052508512547,0.8890524220715816,0.8890523427074772,0.8890522763557422,0.8890522290115943,0.8890521928445946,0.8890521549627395,0.8890521152763347,0.8890520766985955,0.8890520380363642,0.8890520041637029,0.8890519787990574,0.8890519660205,0.8890519523577072,0.8890519328341717,0.8890519164642966,0.889051903410687,0.8890518899957104,0.8890518766685633,0.889051865320483,0.8890518617003934,0.8890518544980728,0.8890518445334586,0.8890518392961553,0.8890518349086993,0.8890518298720073,0.8890518253443748,0.8890518198965057,0.8890518186460384,0.8890518151613288,0.8890518119503158,0.889051809691864,0.8890518080735363,0.889051805683213,0.8890518040067917,0.8890518022066931,0.8890518013786022,0.8890517996128946,0.8890517990072091,0.8890517979481075,0.8890517974033385,0.8890517962997482,0.8890517953471013,0.8890517949344274,0.8890517944306799,0.8890517939544919,0.8890517935701693,0.8890517932304197,0.8890517929086389,0.8890517925657234,0.8890517923420684,0.889051792033117,0.8890517918274727,0.8890517916875821,0.8890517914648269,0.8890517912952821,0.889051791234842,0.8890517910544726,0.8890517910147749,0.8890517908850513,0.8890517908314386,0.8890517907377856,0.8890517906916648,0.8890517906244411,0.8890517905582658,0.889051790521432,0.8890517904827168,0.8890517904484371,0.8890517904165745,0.8890517903711797,0.8890517903339618,0.8890517903251477,0.8890517903108573,0.8890517902841171,0.8890517902728432,0.8890517902550419,0.8890517902445381,0.8890517902302466,0.8890517902200847,0.8890517902111853,0.88905179020049,0.8890517901949561,0.8890517901901718
6.669919663030115e+52,1.8256341781319583,1.7804264272917079,1.7335138471372493,1.685136903679149,1.635557073525764,1.5850633655659123,1.5339759144383847,1.4826484958708677,1.4314695350230187,1.3808606500229423,1.331272270851152,1.283175785335962,1.2370516427913085,1.1933730765905466,1.1525855603801825,1.1150828197542189,1.081181256901489,1.051095561702202,1.0249188743312105,1.0026115267231377,0.9840009027675961,0.9687939641338343,0.956601347758066,0.9469700246935042,0.9394201014127144,0.9334809906483456,0.9287227987163801,0.9247800394002305,0.9213661193705706,0.9182782840015078,0.9153936197596909,0.9126574327488169,0.910065919874642,0.9076456520872436,0.9054329704731118,0.9034566386799854,0.9017267492838329,0.9002315973880094,0.898942146864495,0.897821430197248,0.8968346897512722,0.8959562084673405,0.8951707246330098,0.8944702077043233,0.8938489740920363,0.8933003138252827,0.8928159912358711,0.8923876638241978,0.8920082590369278,0.8916721835755712,0.891374718899931,0.8911115256834568,0.8908786077781127,0.890672429298574,0.8904899002127992,0.8903282834046098,0.8901851435340877,0.8900583266473101,0.8899459314903096,0.8898462791295536,0.8897578887851051,0.8896794558280842,0.8896098313374485,0.8895480037643987,0.8894930824344341,0.8894442826250806,0.8894009123456749,0.8893623609972287,0.8893280883734426,0.8892976164893509,0.8892705222479254,0.8892464291366154,0.8892250036269026,0.8892059496903897,0.8891890027880672,0.8891739284353972,0.8891605191321148,0.8891485888667371,0.8891379717492637,0.8891285221414102,0.8891201110515821,0.8891126217465584,0.8891059508762693,0.8891000090535545,0.8890947183274391,0.8890900071903431,0.8890858111316335,0.8890820747530129,0.8890787509934625,0.8890757972860891,0.889073170874948,0.8890708320804741,0.889068747284207,0.8890668895797026,0.8890652369542877,0.8890637667889952,0.8890624560647766,0.8890612865757049,0.8890602435329523,0.8890593160555944,0.8890584948223481,0.8890577665219677,0.8890571158616015,0.8890565327960211,0.8890560089076085,0.8890555402114468,0.889055127419938,0.8890547694816464,0.8890544530148397,0.8890541654937573,0.8890539030184405,0.8890536627730823,0.8890534474527869,0.8890532635771101,0.8890531129930019,0.8890529809601966,0.889052856678093,0.8890527384569079,0.88905262434722,0.8890525195796086,0.8890524319894693,0.8890523694910191,0.8890523217473895,0.8890522717399988,0.8890522193504428,0.8890521684244225,0.8890521173868643,0.8890520726719608,0.8890520391883887,0.8890520223195645,0.8890520042834713,0.8890519785106799,0.8890519569009987,0.8890519396690808,0.8890519219601266,0.889051904367115,0.8890518893866459,0.8890518846078078,0.8890518751001083,0.8890518619459369,0.8890518550322337,0.8890518492404041,0.8890518425915254,0.8890518366146504,0.8890518294229818,0.8890518277722544,0.8890518231721296,0.8890518189333085,0.8890518159519528,0.8890518138156169,0.8890518106601789,0.8890518084471545,0.8890518060708654,0.8890518049777123,0.8890518026468222,0.8890518018472636,0.889051800449156,0.8890517997300127,0.8890517982731759,0.8890517970155979,0.8890517964708319,0.8890517958058406,0.8890517951772304,0.8890517946698905,0.889051794221391,0.889051793796612,0.889051793343933,0.8890517930486889,0.8890517926408456,0.889051792369377,0.889051792184709,0.8890517918906524,0.8890517916668383,0.8890517915870523,0.8890517913489486,0.8890517912965441,0.8890517911252973,0.8890517910545239,0.8890517909308936,0.8890517908700103,0.889051790781269,0.8890517906939116,0.8890517906452878,0.8890517905941803,0.889051790548928,0.8890517905068666,0.8890517904469415,0.8890517903978105,0.8890517903861752,0.8890517903673109,0.8890517903320111,0.8890517903171286,0.8890517902936292,0.8890517902797632,0.8890517902608974,0.8890517902474827,0.8890517902357348,0.8890517902216158,0.8890517902143107,0.8890517902079951
7.663410868007431e+52,2.03636282996259,1.9828187688291405,1.9271627671289262,1.8696617333509122,1.8106066324936212,1.7503205969658622,1.689163797234937,1.6275373201629997,1.5658856028598733,1.5046963141977965,1.4444971253198735,1.3858486287405556,1.3293325209707632,1.275534284313901,1.225019984131014,1.178307538457686,1.1358341064720276,1.097922623062874,1.0647517473584498,1.0363350016540611,1.012513604560429,0.992966470942031,0.9772371957162059,0.9647746646845198,0.9549813200478445,0.9472621040859308,0.9410677744567582,0.9359281283978437,0.9314727470574755,0.9274387802951136,0.9236666319282026,0.9200853822156283,0.9166905292574755,0.9135173764933283,0.9106141398771028,0.9080191851139354,0.9057463835127747,0.9037809066241502,0.9020850259251529,0.9006104490715516,0.8993116754060068,0.8981550191398107,0.8971205071690368,0.8961976591030878,0.8953790669382503,0.8946559545032968,0.894017519912782,0.8934528068805848,0.8929525223915378,0.8925093157121141,0.892116983566207,0.8917698180331343,0.8914625600008372,0.891190554445645,0.8909497321415236,0.8907364876108633,0.8905476120804788,0.8903802669145191,0.8902319460299807,0.890100436018052,0.8899837844166507,0.8898802708024982,0.8897883799121192,0.8897067775216229,0.8896342887339624,0.8895698783318348,0.8895126333661333,0.8894617482173945,0.8894165101008855,0.8893762882987939,0.8893405244945266,0.8893087218233872,0.8892804401286921,0.8892552887298958,0.8892329184937511,0.88921301994443,0.8891953192141868,0.8891795707917979,0.8891655557197418,0.8891530817677923,0.8891419786755558,0.889132092360689,0.8891232864044655,0.8891154428177637,0.8891084587061726,0.8891022396795749,0.889096700583169,0.8890917682901839,0.8890873806789669,0.889083481559897,0.8890800144933405,0.8890769271003489,0.8890741750028129,0.8890717226827956,0.889069541082365,0.8890676003430971,0.8890658700783118,0.8890643262549568,0.8890629493507665,0.8890617250021862,0.8890606409044803,0.8890596794857906,0.8890588205583358,0.8890580508616215,0.8890573592837202,0.8890567405642412,0.8890561956436537,0.8890557231340038,0.8890553053702674,0.8890549258173659,0.8890545793270246,0.8890542621821413,0.8890539779404977,0.8890537352084864,0.8890535364242518,0.8890533621293558,0.8890531980660591,0.8890530420037005,0.8890528913688733,0.8890527530664039,0.8890526374397053,0.8890525549362445,0.8890524919104452,0.8890524258962811,0.8890523567374472,0.889052289510608,0.889052222136528,0.8890521631089091,0.8890521189076382,0.8890520966393011,0.8890520728300655,0.8890520388077051,0.8890520102810173,0.8890519875333638,0.8890519641559798,0.8890519409316503,0.8890519211561076,0.889051914847619,0.8890519022966156,0.8890518849319469,0.8890518758052479,0.889051868159521,0.8890518593824135,0.8890518514924102,0.889051841998772,0.889051839819666,0.8890518337470947,0.8890518281514763,0.8890518242158231,0.8890518213956711,0.8890518172302138,0.8890518143088262,0.8890518111719145,0.8890518097288557,0.8890518066518746,0.8890518055963869,0.889051803750761,0.8890518028014283,0.8890518008782751,0.8890517992181609,0.8890517984990215,0.8890517976211744,0.8890517967913532,0.8890517961216199,0.8890517955295608,0.8890517949688148,0.8890517943712387,0.8890517939814901,0.889051793443101,0.8890517930847386,0.8890517928409605,0.8890517924527798,0.8890517921573254,0.8890517920520006,0.8890517917376829,0.8890517916685043,0.8890517914424435,0.889051791349016,0.8890517911858132,0.8890517911054419,0.8890517909882955,0.889051790872976,0.8890517908087884,0.889051790741322,0.889051790681585,0.88905179062606,0.8890517905469537,0.8890517904820965,0.8890517904667369,0.8890517904418341,0.8890517903952354,0.8890517903755892,0.889051790344568,0.8890517903262637,0.889051790301359,0.8890517902836504,0.8890517902681421,0.889051790249504,0.8890517902398606,0.8890517902315233
8.804883581643411e+52,2.2849738810364695,2.2219401994566224,2.1563275755809745,2.0884312659840645,2.018573496816428,1.9471132632327373,1.8744525312767697,1.8010415609022443,1.7273829020028766,1.65403283100888,1.581599621150477,1.510737765715039,1.4421369874244243,1.3765048290240698,1.314541832535423,1.2569089468923782,1.204188200430728,1.156839442038605,1.1151579499652375,1.0792404700274154,1.048966721010446,1.0240028737780764,1.0038289246776901,0.9877870341581267,0.9751433046646781,0.9651531038492175,0.9571204323726619,0.9504443720644766,0.9446488190407977,0.9393946610236109,0.9344755863413154,0.9298000654729716,0.9253629771405936,0.9212112610194028,0.9174089330966769,0.9140072731340924,0.9110254970437743,0.908445073127141,0.9062172125715302,0.9042790278361341,0.9025711056805418,0.901049426805797,0.8996879217016991,0.8984729615799517,0.8973949296485546,0.8964423806601467,0.8956011754969414,0.8948569483658176,0.8941975065250684,0.8936132032110079,0.8930958938362192,0.8926380786991631,0.8922328432899672,0.891874064503693,0.8915563877528081,0.8912750669491523,0.8910258768022109,0.890805078352573,0.890609369847608,0.8904358344876036,0.8902818988457009,0.8901452949450048,0.8900240249630175,0.8899163295372644,0.8898206592171574,0.8897356486177461,0.8896600935049697,0.8895929311300745,0.8895332211380268,0.8894801313862712,0.8894329252112919,0.889390946995382,0.8893536159199933,0.8893204164318548,0.8892908877864039,0.8892646215605265,0.8892412563133384,0.8892204680186603,0.8892019676888587,0.8891855016069157,0.8891708450487568,0.889157794639643,0.8891461703165784,0.8891358163406231,0.8891265968955907,0.8891183873890032,0.8891110754175958,0.8891045644543253,0.8890987724984364,0.8890936253789161,0.8890890485939317,0.8890849730014024,0.889081340020445,0.889078102765895,0.8890752228800068,0.8890726609480878,0.8890703768579041,0.8890683388843648,0.8890665212568668,0.8890649050146447,0.8890634739146774,0.8890622047608412,0.8890610709037163,0.8890600548384426,0.8890591418964211,0.8890583251335601,0.8890576057914246,0.8890569820378532,0.8890564305535297,0.8890559295107467,0.8890554721133539,0.8890550534544688,0.8890546782306866,0.8890543578032124,0.8890540953906245,0.8890538653060915,0.8890536487281526,0.8890534427121419,0.889053243860938,0.88905306128952,0.8890529086521063,0.8890527997402761,0.8890527165406718,0.8890526293961601,0.8890525381004055,0.889052449355052,0.8890523604153253,0.8890522824936616,0.8890522241440839,0.8890521947479137,0.8890521633176213,0.8890521184051022,0.8890520807473559,0.8890520507184444,0.889052019858233,0.8890519892000668,0.8890519630946038,0.8890519547668416,0.8890519381984081,0.8890519152755114,0.8890519032274622,0.889051893134427,0.8890518815478695,0.889051871132368,0.8890518585999266,0.8890518557233141,0.8890518477069833,0.8890518403202725,0.8890518351248624,0.8890518314020124,0.8890518259032407,0.8890518220467508,0.88905181790575,0.8890518160007848,0.8890518119388979,0.8890518105455608,0.8890518081091716,0.8890518068559685,0.8890518043172362,0.8890518021257388,0.8890518011764112,0.8890518000175753,0.889051798922138,0.8890517980380308,0.8890517972564606,0.8890517965162263,0.889051795727373,0.8890517952128706,0.8890517945021492,0.8890517940290791,0.8890517937072704,0.8890517931948376,0.8890517928048117,0.8890517926657736,0.8890517922508464,0.8890517921595247,0.8890517918611044,0.8890517917377719,0.8890517915223298,0.8890517914162325,0.8890517912615888,0.8890517911093571,0.8890517910246236,0.889051790935562,0.8890517908567039,0.889051790783406,0.8890517906789788,0.8890517905933615,0.8890517905730854,0.8890517905402117,0.8890517904786971,0.8890517904527625,0.8890517904118116,0.8890517903876483,0.889051790354772,0.8890517903313954,0.8890517903109227,0.8890517902863189,0.8890517902735885,0.8890517902625826
1.0116379797661988e+53,2.576687588823479,2.5028580594831586,2.425917795502257,2.3461933222322346,2.264040982586314,2.179858520207506,2.094092635873051,2.0072457794501095,1.9198817529726013,1.8326287863655182,1.7461794832451094,1.6612866841452982,1.5787538729461317,1.4994185395723867,1.4241268906943683,1.3536986850441797,1.2888822676615543,1.2303018073798841,1.178401394757007,1.133394942125624,1.0952316511147429,1.0635876662649557,1.0378895566322828,1.017368591514577,1.001137300030729,0.9882749440053922,0.9779079152815697,0.969274234492808,0.9617660118125364,0.9549482835982248,0.9485557629054298,0.9424709746065415,0.9366884225174441,0.9312705334505139,0.9263023371163841,0.9218525154169693,0.9179479024074945,0.914565760017889,0.9116433824867546,0.9090992058479985,0.9068559019476363,0.9048561228240246,0.903065958276778,0.9014677676428156,0.9000491325951694,0.8987951837793929,0.8976874625487793,0.8967071722170178,0.8958383460720286,0.8950683474649379,0.8943865011969688,0.8937829678815912,0.8932486681264064,0.8927755568482947,0.8923565952157919,0.8919855412984226,0.8916568356732583,0.8913655569671277,0.8911073578544677,0.8908783967504178,0.8906752834453451,0.8904950294553845,0.8903350017532067,0.8901928811824624,0.8900666249704599,0.8899544327644072,0.889854716503494,0.8897660745534557,0.8896872665786614,0.8896171948793516,0.8895548876278161,0.8894994798514981,0.8894502052141642,0.8894063834526575,0.8893674065910538,0.8893327356703941,0.8893018937113426,0.8892744530932224,0.8892500324237516,0.8892282968504684,0.8892089497781727,0.8891917227822711,0.8891763782016412,0.8891627104769615,0.8891505403424362,0.8891397033438336,0.8891300511138948,0.8891214562401658,0.8891138104836674,0.8891070159395177,0.8891009742647629,0.8890955941905568,0.88909079838869,0.8890865249694799,0.8890827232995656,0.8890793413499266,0.8890763261703851,0.8890736358821697,0.8890712364667033,0.8890691028947877,0.889067213724754,0.8890655383361605,0.8890640415498285,0.8890627002580824,0.8890614950972971,0.8890604169008136,0.8890594673077155,0.8890586438994924,0.8890579158927222,0.8890572544730015,0.8890566506688588,0.8890560980028118,0.8890556026747977,0.8890551796826212,0.8890548332751114,0.8890545295434277,0.8890542436416051,0.8890539716824309,0.8890537091814099,0.889053468171117,0.8890532666763242,0.8890531229031355,0.889053013072341,0.8890528980339188,0.8890527775154865,0.8890526603638043,0.8890525429555288,0.8890524400920641,0.8890523630654761,0.8890523242599386,0.88905228276918,0.8890522234806919,0.8890521737691434,0.8890521341283297,0.8890520933901263,0.8890520529186398,0.8890520184571231,0.8890520074637415,0.8890519855919459,0.8890519553316972,0.8890519394272078,0.8890519261035098,0.8890519108082302,0.8890518970588478,0.8890518805149178,0.8890518767175349,0.88905186613527,0.889051856384159,0.8890518495257586,0.8890518446112674,0.8890518373524028,0.8890518322614952,0.8890518267950083,0.8890518242802857,0.889051818918236,0.8890518170789078,0.8890518138626586,0.8890518122083199,0.8890518088569688,0.8890518059639986,0.8890518047108023,0.8890518031810365,0.8890518017349623,0.8890518005678626,0.8890517995361208,0.8890517985589462,0.88905179751759,0.8890517968384013,0.8890517959001863,0.8890517952756921,0.889051794850876,0.8890517941744195,0.8890517936595509,0.8890517934760084,0.8890517929282677,0.889051792807715,0.8890517924137736,0.8890517922509641,0.8890517919665614,0.8890517918265035,0.8890517916223604,0.8890517914214008,0.8890517913095454,0.8890517911919761,0.8890517910878764,0.8890517909911168,0.8890517908532632,0.8890517907402411,0.8890517907134748,0.8890517906700786,0.889051790588874,0.8890517905546379,0.8890517905005793,0.8890517904686815,0.8890517904252819,0.8890517903944225,0.8890517903673969,0.8890517903349177,0.8890517903181125,0.8890517903035838
1.162322468679859e+53,2.917445089267412,2.8313293138841735,2.74149959399444,2.6483177777017586,2.552178431289973,2.4535223216746633,2.3528453485414396,2.250706806047886,2.1477365825592587,2.044639858438829,1.9421987452324754,1.841269905389383,1.7427766580650323,1.6476937064097792,1.5570223497239148,1.4717540913628167,1.3928215579603118,1.3210374316692735,1.2570250967041314,1.2011504913782962,1.1534672544066,1.1136905564767055,1.0812107158469852,1.0551496202284774,1.0344518939574086,1.0179939101784676,1.0046908048393497,0.9935849970459403,0.9839062998222681,0.9751005951324059,0.9668288811684843,0.958941339058535,0.951432586257864,0.9443855944091007,0.9379132884317097,0.9321078172528648,0.9270069322960862,0.9225834268028231,0.9187573324013222,0.9154234006959358,0.9124814007458985,0.9098569090249826,0.9075060097955111,0.9054060070049793,0.9035409753725497,0.9018916926608755,0.9004341434971346,0.8991438008996647,0.8979998080598841,0.8969856515578987,0.8960873704803703,0.8952920807931682,0.8945878802992392,0.8939642143014388,0.8934118422396061,0.8929225645600711,0.8924890740724502,0.8921048990482325,0.8917643201877687,0.8914622816080952,0.8911943199792691,0.8909564996943157,0.8907453523498786,0.8905578222887598,0.8903912174574713,0.8902431648406495,0.8901115709003293,0.8899945875958668,0.8898905793424733,0.8897980984749612,0.8897158631969498,0.8896427325398686,0.8895776955608178,0.8895198547967863,0.8894684080969875,0.8894226443286621,0.889381934106133,0.889345713145696,0.8893134781446721,0.88928478720134,0.8892592488891063,0.8892365089474658,0.8892162537088394,0.8891982118687476,0.8891821468215678,0.8891678415060238,0.8891551000903285,0.8891437543992988,0.8891336615640587,0.8891246923544236,0.8891167169595453,0.8891096149048642,0.8891032841168166,0.8890976429005676,0.8890926244195315,0.8890881599940405,0.8890841797278206,0.8890806283392038,0.8890774609222212,0.8890746444373196,0.889072150580567,0.8890699389311318,0.8890679630501042,0.8890661924338105,0.8890646015209405,0.8890631782109655,0.8890619246678102,0.8890608376990091,0.8890598766679616,0.889059003537282,0.8890582064639182,0.8890574768970839,0.8890568230212738,0.8890562646349318,0.8890558073469258,0.8890554063946706,0.8890550289793436,0.8890546699694918,0.8890543234451946,0.8890540052905084,0.8890537392997209,0.889053549506498,0.8890534045202069,0.8890532526593838,0.889053093564459,0.889052938913934,0.8890527839246767,0.8890526481358443,0.8890525464539615,0.8890524952272317,0.8890524404557726,0.8890523621897404,0.8890522965661113,0.8890522442367398,0.8890521904587162,0.8890521370327817,0.8890520915405372,0.8890520770283028,0.8890520481556015,0.8890520082094007,0.88905198721407,0.8890519696256116,0.8890519494344914,0.889051931284092,0.8890519094446426,0.8890519044317617,0.889051890462237,0.8890518775899086,0.8890518685362139,0.8890518620486515,0.8890518524663087,0.8890518457458606,0.8890518385296148,0.8890518352099588,0.8890518281315791,0.8890518257035034,0.8890518214577704,0.8890518192738969,0.8890518148498171,0.8890518110308406,0.8890518093765107,0.8890518073570846,0.889051805448139,0.8890518039074643,0.8890518025454739,0.8890518012555171,0.8890517998808349,0.8890517989842457,0.8890517977457191,0.8890517969213313,0.8890517963605367,0.8890517954675542,0.8890517947878822,0.8890517945455897,0.8890517938225236,0.8890517936633833,0.8890517931433461,0.889051792928423,0.8890517925529863,0.8890517923680976,0.8890517920986105,0.8890517918333262,0.8890517916856671,0.8890517915304652,0.8890517913930444,0.8890517912653131,0.8890517910833344,0.8890517909341351,0.8890517908988013,0.8890517908415144,0.8890517907343173,0.8890517906891225,0.8890517906177603,0.8890517905756525,0.8890517905183611,0.8890517904776241,0.8890517904419478,0.8890517903990722,0.8890517903768881,0.889051790357709
1.335451562929903e+53,3.3140476282657665,3.2139366049409257,3.1094283679966512,3.000925333061747,2.8888657310437473,2.773739145230688,2.656096862887087,2.536561617079169,2.41583635981707,2.294710513917791,2.174063217688362,2.054862638645185,1.9381598154310296,1.8250749969730669,1.7167739513357576,1.6144314045979378,1.519179360929478,1.4320394107079448,1.3538410491700206,1.2851350064239266,1.2261150063548227,1.1765680468910966,1.135871123594395,1.103044020657559,1.0768529555915223,1.0559454833426691,1.038989865766474,1.0247945759649972,1.0123922356494495,1.0010823832548714,0.9904348770383434,0.980259985508517,0.9705532429389273,0.961424703348893,0.9530241698658745,0.9454753946256061,0.9388318014000598,0.9330619591126903,0.9280648723199264,0.9237055930895177,0.9198548737765732,0.9164166009135634,0.9133342169162861,0.9105787480767659,0.9081299560051328,0.9059631509257573,0.904047226071775,0.9023502903809181,0.900845187127182,0.8995104042171398,0.898327736742871,0.8972803564457282,0.896352694699133,0.8955309311462352,0.894802955880758,0.8941580143905697,0.8935865153697478,0.8930799586554398,0.8926308281096098,0.8922324761041924,0.8918790315280899,0.8915653154310159,0.8912867620983435,0.8910393479205052,0.8908195271152825,0.8906241733635615,0.8904505279505662,0.8902961551942535,0.890158899052313,0.8900368509059916,0.8899283205880693,0.8898318034358755,0.8897459661139092,0.8896696248393735,0.8896017214529064,0.8895413177895751,0.8894875834733867,0.889439773971554,0.8893972251740923,0.8893593539635233,0.8893256438055256,0.8892956271906823,0.8892688901652209,0.8892450746738223,0.8892238684477032,0.8892049850040141,0.8891881658729741,0.8891731890842238,0.8891598660663459,0.8891480262465733,0.8891374982814836,0.889128123148619,0.8891197661131922,0.889112319339541,0.8891056946043068,0.8890998012499001,0.8890945470116629,0.8890898589164123,0.8890856776870193,0.8890819597104461,0.8890786676246828,0.8890757480721554,0.8890731397506442,0.8890708023934771,0.8890687022581388,0.8890668233713349,0.889065168589967,0.8890637337000151,0.8890624650579895,0.8890613124514812,0.8890602602467609,0.8890592971561438,0.8890584339839368,0.8890576968658652,0.8890570932061953,0.8890565639145014,0.8890560656935207,0.8890555917693016,0.889055134327042,0.88905471433509,0.8890543632039999,0.889054112660335,0.88905392126573,0.8890537207961301,0.8890535107768699,0.8890533066245957,0.8890531020251538,0.889052922771951,0.8890527885429158,0.8890527209191219,0.8890526486159717,0.8890525452979131,0.8890524586689382,0.8890523895895538,0.8890523185978196,0.8890522480708727,0.8890521880170955,0.8890521688596652,0.8890521307451507,0.8890520780126391,0.8890520502969487,0.8890520270786302,0.8890520004245681,0.8890519764644378,0.8890519476344354,0.8890519410169898,0.8890519225759828,0.889051905583372,0.8890518936316951,0.8890518850675393,0.889051872418,0.8890518635464149,0.8890518540203324,0.8890518496380933,0.8890518402940064,0.8890518370887318,0.8890518314839889,0.8890518286010829,0.8890518227609067,0.8890518177195202,0.8890518155356585,0.8890518128698376,0.8890518103498605,0.8890518083160337,0.8890518065180861,0.8890518048152289,0.889051803000527,0.8890518018169501,0.8890518001819853,0.8890517990937207,0.8890517983534221,0.8890517971746063,0.8890517962773792,0.8890517959575317,0.8890517950030206,0.8890517947929413,0.8890517941064462,0.8890517938227287,0.889051793327119,0.8890517930830495,0.8890517927273028,0.8890517923771041,0.8890517921821809,0.8890517919773009,0.8890517917958932,0.8890517916272767,0.8890517913870488,0.8890517911900924,0.8890517911434487,0.8890517910678248,0.8890517909263151,0.8890517908666541,0.8890517907724497,0.8890517907168637,0.8890517906412341,0.8890517905874573,0.8890517905403618,0.8890517904837621,0.889051790454477,0.8890517904291589
1.5343684089300132e+53,3.774309507547481,3.658237811672284,3.5369947343439208,3.4110297280879913,3.2808315062536746,3.1469458430477757,3.009987427474988,2.870651129684996,2.7297223465301337,2.588084736582538,2.4467249385305023,2.306733409077055,2.1692998397056473,2.035701043009964,1.9072785272044,1.7854023383503679,1.6714178976981637,1.5665732985535348,1.4719269486404698,1.3882431197889133,1.3158888285785926,1.2547560084937517,1.2042342923691536,1.163253009656872,1.1303931485366505,1.1040489338926085,1.0826048635044707,1.064593798881431,1.0488120689847011,1.0343817332099798,1.0207612362868088,1.007712066214132,0.9952318118120326,0.9834658606832203,0.9726124203279013,0.9628376165715111,0.9542173002747043,0.946716958452783,0.9402105599426622,0.9345264232986977,0.9294989421954317,0.9250047406756389,0.9209714864031049,0.9173625585547925,0.9141525398159465,0.911309980653062,0.9087948175318928,0.906565772596245,0.9045876332459762,0.9028324889322022,0.9012766900982976,0.8998983288516805,0.8986770984542792,0.8975949481649788,0.8966360437537525,0.8957863080893484,0.8950331742645352,0.8943654956452927,0.8937734087106137,0.8932481839599254,0.8927821071328668,0.8923683699531958,0.8920009676000272,0.8916746061137713,0.8913846185687126,0.8911268888315955,0.8908977837337566,0.8906940947256023,0.8905129809827799,0.8903519271790308,0.890208705477916,0.8900813322295004,0.8899680493978903,0.8898672959340606,0.8897776762802748,0.8896979530082794,0.889627030764291,0.8895639273461086,0.8895077665818044,0.8894577791084852,0.8894132833745328,0.8893736624800498,0.8893383701700325,0.8893069339375724,0.8892789416849088,0.8892540153290366,0.8892318137462398,0.8892120439782992,0.8891944571432788,0.8891788281092488,0.8891649307197534,0.889152555076547,0.889141523337559,0.8891316931654132,0.8891229481094006,0.8891151685033214,0.8891082325576913,0.8891020439475664,0.889096524426635,0.8890916164254785,0.8890872706258744,0.8890834165937147,0.8890799734068242,0.889076887911157,0.8890741155647848,0.8890716352823715,0.8890694508358539,0.8890675566629063,0.8890658819501022,0.889064360413152,0.889062971414404,0.889061700053308,0.8890605605925923,0.8890595875337745,0.8890587906512543,0.8890580919406957,0.8890574342460296,0.8890568086250746,0.8890562047616305,0.8890556503357518,0.8890551868121314,0.889054856072637,0.8890546034150415,0.8890543387776414,0.8890540615338343,0.8890537920349421,0.8890535219457295,0.8890532853157598,0.8890531081216354,0.8890530188522804,0.8890529234057613,0.8890527870168301,0.8890526726589546,0.8890525814680813,0.8890524877527355,0.8890523946509474,0.8890523153746649,0.8890522900851671,0.8890522397706448,0.8890521701590758,0.8890521335719179,0.8890521029216879,0.8890520677359726,0.8890520361064846,0.8890519980483351,0.8890519893127227,0.8890519649689644,0.889051942537217,0.8890519267599475,0.8890519154545052,0.8890518987559957,0.8890518870447193,0.8890518744694488,0.8890518686845057,0.8890518563494854,0.8890518521182396,0.8890518447194837,0.8890518409137927,0.8890518332042441,0.8890518265491684,0.8890518236662779,0.8890518201471587,0.8890518168205661,0.8890518141357351,0.8890518117622852,0.8890518095143634,0.8890518071187963,0.8890518055563701,0.8890518033980721,0.8890518019614666,0.889051800984207,0.889051799428066,0.889051798243647,0.8890517978214199,0.8890517965613808,0.8890517962840576,0.8890517953778235,0.8890517950032913,0.8890517943490428,0.8890517940268494,0.8890517935572323,0.889051793094939,0.8890517928376231,0.8890517925671634,0.8890517923276893,0.8890517921051003,0.8890517917879784,0.8890517915279785,0.8890517914664049,0.8890517913665746,0.8890517911797693,0.8890517911010115,0.8890517909766533,0.8890517909032747,0.889051790803437,0.8890517907324472,0.8890517906702767,0.8890517905955603,0.8890517905569014,0.889051790523479
1.7629141180959443e+53,4.307226651490247,4.172930638305819,4.032584999005723,3.886693957318856,3.7358049420198953,3.5805289190523126,3.4215538790191027,3.259657720947524,3.0957202143724465,2.930732178362525,2.7658015490133008,2.602155535145275,2.4411373395100004,2.284195309437054,2.132861584399111,1.9887164011742253,1.8533339635641566,1.7282058315429871,1.6146394240094544,1.5136371209565558,1.4257681127072328,1.351059511924931,1.2889391146995668,1.2382590782282188,1.197410515143,1.164510814582232,1.137622736942452,1.114958865675983,1.095036117645424,1.0767639833913463,1.0594662198467197,1.0428451812841684,1.0269018908692407,1.0118271453358771,0.9978819865368541,0.98528887955094,0.9741554789813374,0.9644467481247101,0.9560076723027221,0.9486218755205506,0.9420787914200339,0.9362212104781126,0.9309574168525249,0.9262417059268003,0.9220426438047035,0.9183205964156524,0.915024336999105,0.9121007470392484,0.909504411088992,0.9071993053347269,0.9051548567015577,0.9033426652968434,0.9017363416191647,0.9003123869103908,0.8990501583304273,0.8979312780444622,0.8969393187854391,0.89605969382579,0.8952794830917992,0.8945872421134353,0.8939728497486922,0.8934273675420854,0.8929429072162232,0.8925125106757725,0.8921300411078057,0.8917900837202695,0.8914878572888856,0.8912191379860401,0.8909801849471636,0.89076768504745,0.8905787031381537,0.8904106252106662,0.8902611341268115,0.890128172031353,0.8900098989366622,0.8899046831241721,0.8898110800498423,0.8897277942457701,0.8896536699786782,0.8895876923243533,0.8895289621304009,0.8894766654764459,0.889430081606859,0.8893885870454972,0.8893516380039586,0.8893187355528711,0.8892894295168035,0.8892633332734917,0.8892401183621437,0.8892194876570017,0.8892011426673162,0.8891848063531961,0.8891702439818135,0.8891572676817847,0.8891457237486535,0.8891354542295894,0.889126298365682,0.8891181290101327,0.8891108428791507,0.8891043639823689,0.889098627220484,0.8890935396187899,0.8890889943566487,0.8890849212686726,0.8890812615576251,0.8890779873904351,0.8890751037473938,0.8890726032867025,0.8890703925296375,0.8890683839759981,0.8890665503827019,0.8890648720800377,0.8890633678962219,0.8890620833763941,0.8890610314238246,0.8890601090663296,0.8890592408530964,0.8890584149797156,0.8890576178279411,0.8890568859378597,0.889056274046504,0.8890558374416418,0.8890555039116337,0.8890551545672086,0.8890547885811921,0.8890544328191042,0.889054076277707,0.8890537639054104,0.8890535299936205,0.8890534121502344,0.889053286152445,0.889053106107068,0.8890529551446145,0.8890528347646364,0.8890527110521286,0.8890525881495669,0.889052483497887,0.8890524501135205,0.8890523836939147,0.8890522918005037,0.8890522435022272,0.8890522030412189,0.8890521565929691,0.8890521148392527,0.8890520645991352,0.8890520530673554,0.8890520209314446,0.8890519913195567,0.8890519704921674,0.8890519555679848,0.889051933524477,0.8890519180645575,0.8890519014640892,0.8890518938274532,0.8890518775441364,0.889051871958518,0.8890518621915064,0.8890518571676582,0.8890518469903725,0.8890518382050844,0.8890518343994142,0.8890518297538657,0.8890518253624696,0.8890518218182552,0.8890518186850915,0.8890518157176361,0.8890518125552758,0.889051810492735,0.8890518076435908,0.8890518057471447,0.8890518044570758,0.8890518024028321,0.8890518008392941,0.8890518002819171,0.8890517986185542,0.889051798252463,0.8890517970561539,0.8890517965617382,0.8890517956980724,0.8890517952727487,0.8890517946528126,0.8890517940425444,0.8890517937028649,0.8890517933458341,0.889051793029707,0.8890517927358702,0.8890517923172411,0.8890517919740182,0.8890517918927354,0.8890517917609507,0.8890517915143512,0.889051791410384,0.8890517912462201,0.889051791149354,0.8890517910175594,0.8890517909238463,0.8890517908417759,0.8890517907431437,0.8890517906921106,0.8890517906479901
2.025501939230658e+53,4.923164008392362,4.768035176261548,4.605858729151144,4.437202727896819,4.262683026933638,4.082986473611794,3.898886212856489,3.7112563364803943,3.52108556267309,3.3294878712483045,3.1377098353497694,2.9471339037690063,2.759276123743839,2.5757761576729234,2.3983765663417085,2.2288872165703553,2.069130090889546,1.9208591538073723,1.785650644888991,1.664766937189622,1.5590038681043263,1.4685492450854203,1.3928910007845885,1.3308156905917037,1.280519445770195,1.2398187753624386,1.2064150179144175,1.1781526864990681,1.1532221606713329,1.1302812594352674,1.1084925856006944,1.0874872380263843,1.067271030217491,1.0480919572250038,1.0302913821656372,1.0141657019468067,0.999866978312171,0.9873642214046631,0.9764699776204624,0.9669145053645725,0.9584324855161067,0.950825340539525,0.9439779736133455,0.9378342399990702,0.9323560346613095,0.9274940843454625,0.9231834833947822,0.919356374094969,0.9159545763143699,0.9129319029062892,0.9102490769067514,0.9078694832695589,0.90575899002646,0.9038871356283649,0.9022271111875639,0.9007550061176581,0.8994494120428214,0.8982912920530253,0.8972637631800344,0.8963518538960706,0.8955423107393171,0.8948234187339148,0.8941848312942691,0.8936174156330081,0.8931131120120974,0.8926648050793583,0.8922662089657357,0.8919117681940365,0.891596560575607,0.891316225207502,0.8910668974885335,0.8908451346580102,0.8906478841856205,0.8904724345037852,0.8903163606156967,0.8901775116317714,0.8900539830955488,0.8899440668334075,0.8898462387257708,0.889759160206036,0.8896816452812649,0.8896126202740622,0.8895511343313353,0.8894963648878277,0.889447594472763,0.8894041647576093,0.8893654817113898,0.8893310351474817,0.8893003916172901,0.8892731590075046,0.889248943381088,0.8892273790981529,0.8892081563505886,0.8891910271777913,0.8891757887124835,0.8891622324728133,0.8891501462671573,0.8891393622690449,0.8891297441491292,0.8891211916044798,0.8891136187071664,0.8891069027302732,0.8891009026677144,0.8890955258995954,0.8890906948119318,0.8890863726651131,0.8890825660353082,0.889079265232372,0.8890763468583198,0.889073695406757,0.8890712749151762,0.8890690594184001,0.8890670737716065,0.8890653780985571,0.8890639894330552,0.8890627718434733,0.8890616257285084,0.8890605355054003,0.8890594831969479,0.8890585170392407,0.8890577092899525,0.8890571329338233,0.8890566926453434,0.8890562314804075,0.8890557483470657,0.8890552787101369,0.8890548080443917,0.8890543956856621,0.8890540869016281,0.8890539313380351,0.8890537650099083,0.8890535273342147,0.8890533280505196,0.8890531691383702,0.8890530058269813,0.8890528435847856,0.8890527054353541,0.8890526613650497,0.8890525736853182,0.8890524523779161,0.8890523886199324,0.8890523352078331,0.8890522738920459,0.8890522187734562,0.8890521524520669,0.8890521372290994,0.8890520948068603,0.8890520557165535,0.8890520282225605,0.8890520085213213,0.889051979421944,0.8890519590134844,0.8890519370993999,0.8890519270183657,0.8890519055229487,0.8890518981494389,0.8890518852561206,0.889051878624197,0.8890518651892804,0.8890518535919236,0.8890518485681026,0.8890518424355679,0.889051836638537,0.8890518319598608,0.889051827823808,0.8890518239065044,0.8890518197319093,0.8890518170091732,0.8890518132480512,0.8890518107445745,0.8890518090415696,0.8890518063297862,0.8890518042657779,0.889051803529991,0.8890518013342048,0.8890518008509323,0.8890517992716984,0.889051798619026,0.8890517974789107,0.8890517969174458,0.8890517960990753,0.8890517952934675,0.8890517948450604,0.8890517943737481,0.8890517939564325,0.8890517935685419,0.8890517930159145,0.8890517925628301,0.8890517924555295,0.8890517922815621,0.889051791956029,0.8890517918187829,0.8890517916020722,0.8890517914742004,0.8890517913002198,0.8890517911765105,0.8890517910681701,0.8890517909379668,0.8890517908705986,0.8890517908123557
2.327202478960393e+53,5.634065889314786,5.455098360394436,5.267947131885152,5.073254603001743,4.871716342328348,4.664107559631989,4.45130046540129,4.234280891371875,4.014163849317472,3.792205694033769,3.569812689718515,3.3485452720938733,3.130116487954353,2.9163824441732005,2.7093216573272754,2.510998917812203,2.323508452634907,2.14888993788915,1.9890106755744297,1.845414738928766,1.719146194268822,1.6105742070654872,1.5192634066553456,1.4439416313057816,1.3826013743182994,1.3327312599402494,1.2916283131397601,1.2567173099966387,1.2258106256946182,1.1972710771757138,1.1700701836924672,1.1437535116377155,1.1183325402246964,1.094125567992349,1.0715746429541275,1.0510714515531296,1.032828719037478,1.0168266420138572,1.0028428609595705,0.9905452132967936,0.9796028167011859,0.9697673500014811,0.9608961131676108,0.9529214722998305,0.9457984186402965,0.9394667374766407,0.9338451170976193,0.9288476546130274,0.9244004449883644,0.9204447658539224,0.9169305581740373,0.9138109432621293,0.9110420422875435,0.9085845823085087,0.9064039178863255,0.9044690770253776,0.9027522692913191,0.9012287369983151,0.8998764879355212,0.8986759913905615,0.8976099356607059,0.896663001206781,0.895821644257075,0.8950738991898881,0.8944091978431493,0.8938182037056763,0.893292663417333,0.8928252784608303,0.8924095789585863,0.8920398301629457,0.8917109478905471,0.8914184012041211,0.8911581714224781,0.8909266876892872,0.8907207556548101,0.8905375413815979,0.8903745351109887,0.8902294853080465,0.8901003826967161,0.8899854623782829,0.8898831604208768,0.8897920608143762,0.8897109094069072,0.8896386211722868,0.8895742496436837,0.8895169262956414,0.8894658673733294,0.8894203997143271,0.8893799513871136,0.8893440049746333,0.8893120406143664,0.8892835757639127,0.8892582015536498,0.8892355907341934,0.8892154755658535,0.8891975808861549,0.8891816266258173,0.8891673912713721,0.8891546948810951,0.8891434050655435,0.8891334084077676,0.889124542911181,0.8891166224467842,0.8891095247561785,0.8891031473882574,0.8890974418478483,0.8890924168191154,0.8890880595131347,0.8890842070374821,0.889080706916302,0.8890775116772486,0.889074587045002,0.8890719658310617,0.8890697274043712,0.889067894251659,0.8890662869324822,0.8890647739650807,0.8890633347790152,0.8890619456429437,0.8890606702326717,0.889059603934633,0.8890588430951345,0.8890582618764911,0.8890576530990324,0.889057015321276,0.8890563953598448,0.8890557740401819,0.8890552296907571,0.8890548220688949,0.8890546167113643,0.889054397143696,0.8890540833909795,0.8890538203190402,0.8890536105410652,0.8890533949556958,0.8890531807817424,0.8890529984123449,0.889052940235666,0.889052824490704,0.8890526643542512,0.8890525801880956,0.8890525096794174,0.8890524287371728,0.8890523559757739,0.8890522684256896,0.8890522483300294,0.8890521923289302,0.889052140726275,0.8890521044317768,0.8890520784244017,0.889052040010654,0.8890520130696851,0.8890519841411578,0.8890519708333021,0.8890519424574529,0.8890519327237685,0.8890519157034491,0.889051906948724,0.889051889213447,0.8890518739039114,0.8890518672720236,0.889051859176536,0.8890518515239428,0.8890518453476767,0.8890518398877212,0.8890518347165344,0.8890518292056998,0.8890518256114477,0.889051820646434,0.8890518173416235,0.8890518150935063,0.8890518115137128,0.8890518087890393,0.8890518078177355,0.8890518049191037,0.8890518042811412,0.8890518021964128,0.8890518013348275,0.8890517998297748,0.8890517990885914,0.8890517980082701,0.8890517969447965,0.8890517963528596,0.8890517957306857,0.8890517951797922,0.8890517946677421,0.8890517939382252,0.8890517933401136,0.8890517931984674,0.8890517929688152,0.8890517925390826,0.8890517923579059,0.8890517920718284,0.8890517919030263,0.8890517916733565,0.8890517915100492,0.8890517913670304,0.8890517911951505,0.8890517911062186,0.8890517910293328
2.673841615839966e+53,6.453693978488081,6.247424917560219,6.031676681806891,5.807178091343211,5.574717443041295,5.335172735250308,5.089531375299977,4.838909035139375,4.584567312992561,4.327927556047089,4.070580691419506,3.814292376861361,3.56100191507937,3.3128127133836465,3.0719710792262362,2.840828728214102,2.6217833638894965,2.417189910713926,2.22923382460375,2.059765115449104,1.9100971718974746,1.7807976560123022,1.6715187397242692,1.5809298738411373,1.5068049591258927,1.4462720357530932,1.3961755985436002,1.3534637928825168,1.315514425030174,1.2803473204148532,1.2467091704807371,1.2140431412680912,1.1823661973383381,1.152080711714618,1.1237520954502318,1.0978921529246493,1.0747942383148066,1.0544597738046346,1.0366304378165154,1.0209025606869275,1.006868107754149,0.9942199843249676,0.982783664406272,0.9724795789019476,0.9632563279557564,0.9550418801899915,0.9477357640577616,0.9412304300266062,0.9354329695658817,0.9302695000388684,0.9256768548036755,0.9215955400498871,0.9179695788246012,0.914748687710512,0.9118883753329703,0.9093487493408131,0.9070939166145727,0.9050918250736304,0.9033139431813952,0.9017348851549535,0.9003321119611694,0.8990856488289677,0.8979778131920125,0.8969929646532597,0.8961172750699103,0.8953385165018127,0.8946458705778366,0.8940297633736096,0.8934817021936164,0.892994154763532,0.8925604396844892,0.8921745996421545,0.8918313485649209,0.8915259876132076,0.8912543118674882,0.8910125897012553,0.8907975154657986,0.8906061228522931,0.8904357641252391,0.8902841131610014,0.8901491083590206,0.8900288827896702,0.8899217827026755,0.8898263772164168,0.8897414180561551,0.889665759607742,0.8895983679741633,0.8895383550943368,0.8894849664189531,0.889437519272521,0.8893953276852066,0.8893577548927614,0.8893242613330968,0.8892944151483708,0.8892678630083489,0.8892442417648223,0.8892231817754821,0.8892043906792515,0.8891876309808179,0.8891727279480222,0.889159531887496,0.889147828973454,0.8891373735191982,0.88912800414686,0.8891195856227485,0.8891120539365497,0.889105420557424,0.8890996686079561,0.8890945830624097,0.8890899626440499,0.8890857446875224,0.8890818839481357,0.8890784237407834,0.889075468839946,0.8890730489311425,0.8890709271394286,0.889068929898591,0.889067030054148,0.8890651962788961,0.8890635126303592,0.8890621050269164,0.8890611006542075,0.8890603333960859,0.8890595297578084,0.8890586878364705,0.8890578694340245,0.8890570492384122,0.8890563306500109,0.8890557925537457,0.8890555214639374,0.8890552316154888,0.8890548174345323,0.889054470156587,0.8890541932313074,0.8890539086397373,0.8890536259113382,0.8890533851677245,0.889053308369398,0.8890531555758764,0.8890529441816751,0.8890528330749425,0.8890527399972796,0.8890526331463876,0.8890525370949296,0.8890524215211005,0.8890523949930571,0.8890523210666671,0.8890522529466096,0.8890522050346694,0.889052170702639,0.8890521199931011,0.8890520844286435,0.8890520462404331,0.8890520286728885,0.8890519912142612,0.8890519783649379,0.8890519558966129,0.8890519443396023,0.8890519209274697,0.8890519007175299,0.889051891962852,0.8890518812760929,0.8890518711739938,0.8890518630207768,0.889051855813153,0.8890518489867292,0.8890518417119407,0.88905183696721,0.8890518304129532,0.8890518260503113,0.889051823082598,0.889051818356954,0.8890518147601443,0.8890518134779375,0.8890518096514871,0.8890518088093202,0.8890518060572945,0.8890518049199259,0.889051802933123,0.8890518019546955,0.889051800528576,0.8890517991246967,0.8890517983432876,0.8890517975219631,0.889051796794735,0.8890517961187837,0.8890517951557568,0.8890517943661967,0.8890517941792113,0.8890517938760499,0.8890517933087649,0.8890517930695955,0.8890517926919481,0.8890517924691145,0.8890517921659299,0.8890517919503499,0.8890517917615524,0.8890517915346559,0.8890517914172578,0.889051791315762
3.0721129988617715e+53,7.397898277651402,7.160339946172402,6.91182300156132,6.6531765387962345,6.385296519826739,6.109180313142216,5.825949099841378,5.536869287510808,5.243372559851243,4.94707154989047,4.649771023022754,4.353473880886179,4.0603803578828,3.7728781019483564,3.4935197881179945,3.2249833705926507,2.9700089147935205,2.731303676550563,2.511405063505467,2.312498144509972,2.136188769603616,1.9832587992294393,1.8534540171058813,1.745378673596756,1.6565649441257968,1.5837394184553852,1.52323818831762,1.4714688827102544,1.425311948752002,1.3823909281986226,1.3411897319295738,1.3010292932904284,1.2619303037008958,1.2243929224361807,1.1891300823544153,1.1568012671986134,1.127803689825215,1.1021728441052852,1.0796149556688952,1.0596459622091636,1.041768510184233,1.0256072246558763,1.0109517533300711,0.9977110618830647,0.9858289900938542,0.9752215958143975,0.9657667445805126,0.9573315458238717,0.9498006542361312,0.943082294404066,0.9370977389333403,0.931772305731824,0.9270352673508678,0.9228228018372407,0.9190782275113136,0.9157505308237607,0.9127936516363778,0.9101663343768612,0.9078317564093832,0.9057570759033782,0.9039130713712262,0.9022737965247275,0.9008162435562198,0.8995200310404985,0.8983671147865421,0.897341519355236,0.8964290954909793,0.8956173093333077,0.8948950326855791,0.8942523880134822,0.8936806073936837,0.8931718680051635,0.8927192245441391,0.8923165001136857,0.8919581644776757,0.8916393078956687,0.8913555795521356,0.891103073926502,0.8908783039120179,0.8906782052450881,0.8905000615184766,0.8903414122683874,0.8902000775994592,0.8900741711412874,0.8899620470529048,0.8898621946165113,0.889773250264641,0.8896940426751306,0.8896235765609887,0.889560951358268,0.8895052620391658,0.8894556684267022,0.8894114585680892,0.8893720626170915,0.8893370143378427,0.8893058345003788,0.8892780352729005,0.8892532308109852,0.8892311076758997,0.8892114352642971,0.8891940160147901,0.889178567700304,0.8891647660275851,0.8891523979880185,0.8891412850800403,0.8891313428176203,0.8891225863502918,0.8891149934072519,0.8891082801471313,0.8891021808753385,0.8890966128721418,0.8890915164136163,0.8890869486806687,0.8890830479856748,0.8890798535179727,0.8890770525857097,0.8890744160684633,0.889071908120469,0.889069487387512,0.8890672648326609,0.8890654066790544,0.8890640808229755,0.8890630679776839,0.8890620071072248,0.8890608956995607,0.8890598153385083,0.8890587326100041,0.8890577840114638,0.8890570736779181,0.8890567158159047,0.8890563331908238,0.889055786435984,0.8890553279988676,0.8890549624333525,0.8890545867476277,0.8890542135214131,0.8890538957187573,0.8890537943382341,0.8890535926373833,0.8890533135784767,0.8890531669078259,0.8890530440371267,0.889052902984549,0.8890527761881698,0.8890526236205366,0.8890525886011817,0.8890524910118317,0.8890524010873502,0.8890523378393635,0.8890522925180548,0.8890522255769908,0.8890521786287681,0.8890521282169594,0.8890521050262494,0.8890520555775541,0.8890520386153128,0.8890520089551393,0.8890519936988645,0.8890519627927815,0.8890519361138756,0.8890519245569274,0.8890519104494612,0.8890518971137975,0.8890518863508307,0.8890518768361303,0.8890518678246477,0.889051858221284,0.8890518519578201,0.8890518433056218,0.8890518375465489,0.8890518336289052,0.8890518273906373,0.8890518226425306,0.8890518209499043,0.8890518158986516,0.8890518147869169,0.8890518111539998,0.8890518096525725,0.8890518070298171,0.8890518057382063,0.8890518038556025,0.8890518020023578,0.8890518009708287,0.8890517998866078,0.8890517989266022,0.8890517980342868,0.8890517967630063,0.8890517957207171,0.8890517954738798,0.8890517950736799,0.8890517943248137,0.889051794009089,0.8890517935105609,0.8890517932164007,0.8890517928161704,0.8890517925315856,0.8890517922823564,0.8890517919828329,0.889051791827857,0.8890517916938736
3.5297073027306573e+53,8.484926788285836,8.21148879573836,7.92540052294703,7.627607201167367,7.3191295651906465,7.001103359665289,6.674804855487996,6.341675206600915,6.003343235019378,5.661643202529389,5.3186274870517005,4.976573455162322,4.637982793773064,4.305570856227032,3.982242473345901,3.67104900150612,3.3751200894554496,3.097560897298737,2.8413026266124173,2.608901224307037,2.402282370073645,2.222458562322783,2.069272043390565,1.9412482844397743,1.8356454767439188,1.7487378274830283,1.6762872949788572,1.614088174430424,1.558453145477832,1.506550048719979,1.4565574544312587,1.4076510599457208,1.3598516814720365,1.3137703993227137,1.2702924885848785,1.2302544221640022,1.1941828649680064,1.1621624235831463,1.1338656595815633,1.108719363223413,1.0861241316176995,1.0656263708649432,1.0469762356214436,1.0300728397663967,1.0148583475318518,1.0012379667896476,0.9890659866276846,0.978180671636826,0.9684409021740196,0.9597344038999375,0.9519645141965328,0.9450387295047571,0.9388687348907693,0.9333743948227303,0.9284842123563967,0.9241335391132707,0.920263747497339,0.9168221251545043,0.9137614639702969,0.9110395301278139,0.9086186426219083,0.906465262177673,0.9045495830585202,0.9028451504074055,0.9013285021579658,0.8999788335528883,0.8987776920497741,0.8977087110807214,0.8967573428154739,0.8959106610904432,0.895157181229635,0.8944866477459338,0.8938899488157463,0.8933589753007023,0.8928864624854824,0.8924659573605801,0.8920917388706903,0.891758669185986,0.8914621591334685,0.8911981747648472,0.8909631390158403,0.8907538108884027,0.8905673182901598,0.8904011754250704,0.8902532131008449,0.8901214398087016,0.890004057724616,0.8898995223342756,0.8898065211364647,0.8897238664001905,0.8896503643017246,0.8895849064436593,0.8895265535370569,0.8894745537598732,0.8894282919726285,0.8893871358241697,0.8893504415575914,0.8893176999949133,0.8892884975018068,0.8892625297634561,0.8892395360633979,0.8892191439098768,0.8892009252679421,0.8891845989899673,0.8891699294709721,0.8891568052050002,0.8891452462068516,0.8891352230925653,0.8891263611866725,0.8891183097636219,0.8891109596331565,0.8891042319597602,0.8890982022297563,0.8890930530290999,0.889088836094369,0.889085138651669,0.8890816582458356,0.8890783475582519,0.8890751519985066,0.8890722180471469,0.8890697651329693,0.8890680148939007,0.8890666778542521,0.8890652774168832,0.8890638102656203,0.8890623840979244,0.8890609548044359,0.8890597025734219,0.8890587648722509,0.8890582924636263,0.8890577873655561,0.8890570656019435,0.8890564604252443,0.8890559778470312,0.8890554819091963,0.8890549892180625,0.8890545696908048,0.889054435859651,0.88905416959688,0.8890538012146748,0.8890536075965509,0.8890534453964429,0.8890532591946506,0.8890530918122844,0.8890528904095873,0.8890528441809569,0.8890527153544227,0.8890525966461856,0.8890525131532696,0.889052453325147,0.8890523649570395,0.8890523029812445,0.8890522364332094,0.8890522058194258,0.8890521405427834,0.8890521181511274,0.8890520789970797,0.8890520588574501,0.889052018058691,0.8890519828401787,0.8890519675839862,0.8890519489608846,0.8890519313566304,0.8890519171485631,0.8890519045883182,0.8890518926923647,0.889051880015076,0.8890518717467503,0.889051860325084,0.8890518527225988,0.8890518475509627,0.8890518393158978,0.8890518330479773,0.8890518308135609,0.8890518241454609,0.8890518226778726,0.889051817882101,0.8890518159000843,0.8890518124378154,0.8890518107327751,0.8890518082475715,0.8890518058011248,0.8890518044394151,0.8890518030081476,0.8890518017408555,0.8890518005629203,0.8890517988847175,0.8890517975088038,0.8890517971829567,0.8890517966546576,0.8890517956660879,0.8890517952493032,0.8890517945912023,0.8890517942028847,0.8890517936745455,0.8890517932988684,0.8890517929698636,0.8890517925744661,0.8890517923698843,0.8890517921930141
4.0554607358408276e+53,9.73578036434495,9.42118051834942,9.091994034477732,8.749300432985475,8.394264801829015,8.028183022291925,7.652510874028677,7.268891785153977,6.879182764947205,6.4854745787290815,6.0901061091818685,5.695672157664891,5.305022801210187,4.921251673522252,4.547669356516191,4.187756236995133,3.8450877711590508,3.523221873739792,3.2255344382802966,2.9549961450808047,2.7138857879643044,2.503465538102915,2.3236753267230146,2.1729423240262467,2.048209049851911,1.94523498386609,1.8591304274340292,1.7849926292314862,1.7184869036645287,1.6562588587775287,1.596134136883617,1.5371170068452786,1.479223078566723,1.4231868579562754,1.3700910026304998,1.3209791752711268,1.2765343666522755,1.2369065097723786,1.201736806855428,1.1703537900001275,1.1420424044351003,1.1162602501547547,1.0927145258221973,1.0712972556933587,1.051953630781231,1.0345805017496406,1.019007572049433,1.0050412566045126,0.992511722627619,0.9812840215474309,0.9712415494661131,0.9622715388208883,0.9542652693673588,0.9471234331265129,0.9407569395578972,0.9350847711778614,0.9300330567069,0.9255350636319294,0.9215307742127897,0.9179662875768572,0.9147933470979185,0.9119688673466838,0.9094544526976126,0.907215939111072,0.9052229595489892,0.9034485319437648,0.9018686812400342,0.900462107770979,0.8992098504680256,0.8980950392960348,0.8971026674936374,0.8962193195166895,0.8954330643715861,0.8947332746945814,0.8941104220047108,0.8935560366192447,0.8930626049844135,0.8926233755217151,0.8922323145664182,0.8918841162756675,0.8915740739270283,0.8912979213172948,0.8910518766861928,0.8908326661690208,0.8906374322568424,0.8904635507998545,0.8903086523455795,0.8901707010145936,0.8900479665643639,0.8899388829864368,0.8898418758817305,0.8897554833041276,0.8896784662694145,0.8896098330464732,0.8895487721766785,0.8894944493790115,0.8894460152278441,0.8894027978606124,0.8893642514742073,0.8893299745237983,0.889299622983488,0.8892727052582714,0.8892486564101115,0.8892271053734551,0.8892077411861533,0.8891904166906806,0.8891751583363507,0.8891619273606853,0.8891502291941932,0.8891396008739235,0.889129898271458,0.8891210173262597,0.8891130576912527,0.8891062603984655,0.8891006937503069,0.8890958128609334,0.8890912184698438,0.8890868481139554,0.8890826297305073,0.8890787566858784,0.8890755186447087,0.8890732081886394,0.889071443187993,0.8890695944963091,0.8890676577358377,0.8890657750760684,0.8890638882890239,0.889062235238469,0.8890609973933469,0.8890603737737142,0.8890597070011106,0.8890587542112709,0.8890579553259602,0.8890573182810743,0.8890566636002196,0.8890560132051755,0.8890554593927049,0.8890552827239238,0.8890549312338458,0.8890544449371542,0.8890541893442907,0.8890539752259434,0.8890537294232556,0.8890535084638456,0.8890532425945961,0.889053181568741,0.8890530115063879,0.8890528548010701,0.8890527445830704,0.8890526656046794,0.8890525489509918,0.8890524671374797,0.8890523792882057,0.8890523388753112,0.8890522527043845,0.8890522231454229,0.8890521714586245,0.8890521448725355,0.8890520910145719,0.8890520445230258,0.8890520243835043,0.8890519997993653,0.889051976560195,0.889051957804291,0.889051941223658,0.8890519255199485,0.8890519087848071,0.8890518978698866,0.8890518827922778,0.8890518727563257,0.8890518659293088,0.8890518550582955,0.8890518467840864,0.8890518438344595,0.889051835031978,0.8890518330946319,0.8890518267637894,0.8890518241473522,0.8890518195768512,0.8890518173260472,0.8890518140453587,0.889051810815833,0.8890518090182559,0.8890518071288561,0.8890518054559187,0.8890518039009401,0.8890518016855641,0.8890517998692362,0.8890517994390893,0.8890517987416877,0.8890517974366884,0.8890517968864957,0.8890517960177444,0.8890517955051309,0.8890517948076763,0.8890517943117493,0.8890517938774339,0.8890517933554744,0.8890517930854083,0.889051792851924
4.659525668664668e+53,11.17461992771899,10.812781889576039,10.43413891164676,10.03992558208851,9.631473752803622,9.21026435067689,8.777960623488442,8.336439805496731,7.88782267952487,7.434496517951349,6.979131369190863,6.524688887225543,6.074421632043871,5.631859968015447,5.200782408815437,4.785163245721706,4.389089754934668,4.016637548702764,3.6716880658147795,3.357679672442378,3.0772847511551897,2.8320382027988398,2.621978590403644,2.4454101400834447,2.298908525107966,2.177643706133225,2.0759832692184026,1.988230838742811,1.9093138450217655,1.835280833452775,1.763551381383043,1.69292902421845,1.6234175614209916,1.5558873002196951,1.4916437343622315,1.431968467964431,1.3777281219258135,1.3291542309264144,1.2858583869526916,1.247060534344513,1.2119148335809389,1.1797783092490668,1.1503114962405623,1.123402912760837,1.099006945799954,1.0770160422008013,1.0572353677837938,1.039437202578073,1.0234207282988104,1.0090268871939747,0.9961178260800699,0.9845585786042473,0.9742175059586103,0.9649734356882956,0.9567169663946533,0.9493479311321884,0.9427743977413725,0.9369128391908799,0.9316877420250155,0.9270309650988062,0.9228812399396933,0.9191836514575283,0.9158890906962541,0.9129537230189816,0.9103384745224494,0.9080085372634595,0.9059329102138332,0.9040839936741714,0.902437170825555,0.9009705016312382,0.899664438883986,0.8985014827217946,0.8974660502373798,0.896544245358526,0.8957235956072743,0.8949930044351669,0.8943426201230515,0.8937635831995692,0.8932479709582563,0.8927888126533907,0.8923799215193715,0.8920156869313163,0.8916911333720781,0.8914019522448031,0.8911443818273422,0.8909149663754734,0.8907105846626078,0.8905285543886503,0.8903665956087947,0.8902226443594213,0.8900946249968191,0.889980609773735,0.8898789647921321,0.8897883821677302,0.8897077917125995,0.8896360929347851,0.8895721651970127,0.8895151220990691,0.8894642435344234,0.8894189997377149,0.8893789368131738,0.8893434060332007,0.8893116618141675,0.8892832144459307,0.8892576535306965,0.8892347848775383,0.8892146434506782,0.889197178127163,0.8891817360929583,0.8891677062409621,0.8891548983304792,0.8891431750086272,0.889132667833576,0.8891236949931371,0.8891163466622035,0.8891099035645285,0.8891038386532459,0.8890980694744824,0.8890925009014764,0.8890873881933862,0.8890831137318034,0.8890800637503323,0.8890777338106771,0.8890752933906837,0.889072736711147,0.8890702514471783,0.8890677607331804,0.8890655785691721,0.8890639445099655,0.8890631212795582,0.8890622410833928,0.8890609833199462,0.8890599287232064,0.8890590877694119,0.8890582235344276,0.8890573649568799,0.8890566338764998,0.8890564006583916,0.889055936660971,0.8890552947070188,0.8890549573021514,0.889054674647238,0.8890543501662017,0.8890540584804395,0.8890537075097276,0.8890536269502454,0.8890534024530112,0.8890531955882238,0.8890530500907738,0.8890529458323504,0.8890527918392158,0.8890526838381753,0.889052567869394,0.8890525145208117,0.8890524007675916,0.8890523617471554,0.8890522935160226,0.8890522584200394,0.8890521873227748,0.8890521259498301,0.8890520993638837,0.8890520669106498,0.8890520362328928,0.8890520114734429,0.8890519895855429,0.8890519688552593,0.8890519467633944,0.8890519323547348,0.8890519124509589,0.8890518992026154,0.88905189019035,0.8890518758396517,0.8890518649169646,0.8890518610231961,0.8890518494031429,0.8890518468456746,0.8890518384884032,0.8890518350344748,0.8890518290010094,0.8890518260297492,0.8890518216989505,0.8890518174356908,0.8890518150627302,0.8890518125685557,0.8890518103601304,0.8890518083074211,0.889051805382929,0.8890518029852158,0.8890518024173838,0.8890518014967519,0.8890517997740375,0.8890517990477345,0.8890517979009059,0.8890517972242109,0.8890517963035091,0.8890517956488417,0.889051795075507,0.8890517943864742,0.889051794029963,0.8890517937217434
5.353566677410697e+53,12.82923415632663,12.41316987421785,11.977757662486354,11.524410972735998,11.054654080846056,10.570181479578196,10.072895900714379,9.564944498340209,9.048752598185587,8.527049829492974,8.002888625599493,7.479654216627362,6.961063811119717,6.451151793795723,5.954236368635751,5.4748608515028385,5.017701129019704,4.587426516502168,4.188495767036001,3.8248779646889934,3.4996877814398104,3.214760995383461,2.970236414270036,2.7642661184114616,2.5929981243937283,2.450924628423217,2.331564184420459,2.2283152962131494,2.135264142082715,2.0477776416750166,1.962809889616622,1.8789312802701206,1.7961265440955116,1.7154149710741573,1.6383516079705824,1.5664876901587121,1.5009009437777878,1.4419200368694625,1.389127088753713,1.341620879991675,1.2984072401836257,1.258728897090577,1.2221950513567,1.1886944612154682,1.1581978171905158,1.1305982372195407,1.1056772998494155,1.0831715708200802,1.0628477372539888,1.0445221325765772,1.0280353156265063,1.0132290048659292,0.9999467531969645,0.9880433096154682,0.9773865971985062,0.9678547330326105,0.959334987396634,0.951724235417742,0.9449286636016591,0.9388631271163504,0.93345066549275,0.9286219691194053,0.9243147871058885,0.920473335121459,0.9170477092643582,0.9139933090934832,0.9112702942589158,0.9088431001594636,0.9066799274701742,0.9047523715282318,0.9030350747137557,0.9015052928057599,0.9001427400373179,0.8989292997928107,0.8978486888755436,0.8968864033788705,0.8960295530881777,0.8952665343457286,0.8945869613532762,0.8939816898276334,0.8934425985243055,0.8929623174869027,0.8925343075710515,0.8921529039027685,0.891813158776019,0.8915105248117665,0.8912408932721969,0.8910007323821976,0.8907870395828065,0.8905970960033662,0.8904281663073316,0.8902777094373351,0.8901435714087687,0.8900240279398349,0.8899176680435076,0.889823040422123,0.8897386669182449,0.8896633783064396,0.8895962246819116,0.8895365072460468,0.8894836272495439,0.8894367286999265,0.8893948276822509,0.8893572779608363,0.8893235379480192,0.889293351416561,0.889266764607305,0.8892437101152086,0.8892233262750291,0.8892048064496295,0.8891878995420318,0.8891724242625579,0.889158554292688,0.8891467096758231,0.8891370094676504,0.8891285041969416,0.8891204981366572,0.8891128824454797,0.8891055315519484,0.889098782418007,0.889093139818824,0.8890891136168539,0.889086037920558,0.8890828163791058,0.8890794413631095,0.8890761606182446,0.8890728726759652,0.8890699920420007,0.8890678349494693,0.8890667482171518,0.8890655862849595,0.889063925931894,0.8890625337753136,0.8890614236450486,0.8890602827812902,0.8890591493854783,0.8890581842965586,0.8890578764285629,0.8890572639119156,0.8890564164771166,0.8890559710733998,0.8890555979443335,0.8890551696011011,0.8890547845504445,0.8890543212384278,0.8890542148928615,0.8890539185368507,0.8890536454571927,0.8890534533877887,0.889053315757513,0.8890531124730412,0.889052969902169,0.8890528168131723,0.8890527463883466,0.8890525962240762,0.889052544713662,0.8890524546425523,0.8890524083127601,0.8890523144581003,0.8890522334403986,0.8890521983446034,0.8890521555034699,0.8890521150061226,0.8890520823214629,0.8890520534275023,0.889052026061697,0.889051996898484,0.8890519778777809,0.8890519516030386,0.8890519341140546,0.889051922217068,0.8890519032728783,0.889051888853966,0.8890518837138477,0.8890518683743505,0.8890518649982664,0.8890518539659293,0.8890518494064387,0.8890518414417312,0.8890518375194052,0.889051831802368,0.8890518261744886,0.8890518230419708,0.8890518197494399,0.8890518168341233,0.8890518141243657,0.8890518102637777,0.8890518070985841,0.8890518063489956,0.8890518051336804,0.8890518028595449,0.8890518019007609,0.8890518003868457,0.8890517994935485,0.8890517982781406,0.8890517974139219,0.8890517966570695,0.8890517957474852,0.889051795276859,0.8890517948699816
6.150985788580454e+53,14.731576850285972,14.253251463790425,13.752661425817681,13.231426315759949,12.691292228714488,12.134199893172216,11.56232819914111,10.978135591597638,10.384398650021025,9.784241903388164,9.181158884697561,8.57902345540925,7.9820888187994905,7.394970685846877,6.8226095136932345,6.270204258882854,5.743108229391172,5.246672715888397,4.786017609932772,4.365716885395521,3.9893854019913406,3.6591939049887046,3.3753843617103074,3.1359231645352423,2.9364597997008417,2.770705792969357,2.6312072028102604,2.5103287518369926,2.401196970799707,2.2984011301264484,2.1983631250011344,2.0993844969690523,2.0014235606554354,1.9056636960307292,1.8139387898103627,1.7281033901139822,1.6494744281532376,1.578492260028923,1.5147073297971596,1.457081517712251,1.404451482962549,1.3559291786820762,1.3110660435862016,1.269754156735667,1.2319877454067485,1.1976660935797832,1.1665485142465608,1.1383346243918278,1.1127576616905874,1.0896097227379715,1.0687104808540318,1.0498782196917695,1.0329306671083345,1.0176970505861218,1.0040209196566305,0.9917566352228673,0.9807683073198324,0.9709306452280099,0.9621288418698415,0.9542579860426953,0.9472226544175276,0.9409364145028689,0.9353212257131769,0.9303068155247416,0.9258300404951179,0.9218342384842784,0.9182686064781591,0.9150876399014802,0.912250524225108,0.9097206985249738,0.907465440015085,0.9054553277517453,0.9036640659362298,0.9020681257036675,0.9006463213315662,0.8993797533245397,0.8982516022508377,0.8972467074536751,0.8963514839974639,0.895553959955395,0.894843493554225,0.8942104188915542,0.893646153773329,0.8931432595791663,0.892695236218989,0.8922961058760988,0.8919404646813768,0.8916236661552189,0.8913417590928138,0.8910911643141645,0.8908682790893462,0.8906697554944144,0.8904927551280621,0.8903350056814964,0.8901946475796763,0.890069767501508,0.8899584162062071,0.8898590517808659,0.8897704214844087,0.8896916037780844,0.8896218090139996,0.8895599078772172,0.8895046020725798,0.8894550389036529,0.8894105037293355,0.889370658519396,0.889335564463824,0.8893051327244313,0.8892782260133052,0.8892537796344532,0.8892314621830926,0.8892110343900672,0.8891927255530441,0.8891770901792662,0.8891642854621334,0.8891530580801617,0.8891424896494708,0.8891324364987587,0.8891227328700442,0.889113823578156,0.8891063749668698,0.8891010600996161,0.8890969999609186,0.8890927472913823,0.8890882920189711,0.8890839611862842,0.8890796208473312,0.8890758181827384,0.8890729706474627,0.8890715360727417,0.8890700022274713,0.8890678104248798,0.889065972662695,0.8890645071979842,0.8890630011618841,0.8890615049834886,0.8890602309839541,0.8890598245718973,0.8890590159974584,0.8890578973106436,0.8890573093392956,0.8890568167766516,0.8890562513264504,0.8890557430261281,0.8890551314139172,0.8890549910284941,0.8890545998126823,0.8890542393236519,0.8890539857752201,0.8890538040911937,0.8890535357378582,0.8890533475317881,0.8890531454408593,0.8890530524738971,0.8890528542438485,0.8890527862455673,0.8890526673437704,0.8890526061843633,0.889052482287941,0.8890523753374314,0.8890523290078863,0.889052272453811,0.889052218993739,0.8890521758471037,0.8890521377045251,0.8890521015792463,0.8890520630812302,0.8890520379722224,0.8890520032872421,0.8890519802002383,0.8890519644951651,0.8890519394871612,0.8890519204529231,0.8890519136675128,0.889051893418021,0.8890518889612917,0.8890518743976318,0.8890518683787013,0.8890518578645836,0.8890518526867665,0.8890518451397723,0.889051837710474,0.8890518335752736,0.8890518292288417,0.8890518253803662,0.8890518218032467,0.8890518167069291,0.889051812528594,0.889051811539071,0.8890518099347473,0.8890518069326875,0.8890518056670077,0.889051803668506,0.8890518024892746,0.8890518008848289,0.8890517997439837,0.8890517987448715,0.88905179754414,0.8890517969228717,0.8890517963857576
7.0671812739275345e+53,16.918384473866656,16.368561056149606,15.793126251608705,15.193937022081798,14.5729949735017,13.932524511913345,13.275022715139206,12.603306731533646,11.92055792880069,11.230355959523017,10.53670276442854,9.844035430711244,9.157224995051825,8.481557221288483,7.8226896641865915,7.1865765542741284,6.579350979195624,6.007148229869918,5.475846607455302,4.990711531695971,4.555926187398386,4.17403709199539,3.8453939937781496,3.5677396034999487,3.336143151416681,3.143416382897438,2.9809900595049275,2.8400467607535687,2.7126174692489586,2.5924042829895306,2.4752215516576492,2.359062464178807,2.2438518493000337,2.1309552818828568,2.0225188263747182,1.9207374849385488,1.8271971516705918,1.7424638068176195,1.6660514128285975,1.5967654389704273,1.5332485598982135,1.474462093747913,1.419890910027171,1.3694321021652502,1.3231099485930535,1.280834929498515,1.2423449658113372,1.2073011373776907,1.1754022673109201,1.1464170412597114,1.12014573473926,1.0963839762259697,1.074923562666283,1.0555676744656137,1.0381346839411312,1.0224539617420962,1.0083647736179364,0.9957176382025842,0.9843744665621337,0.9742080882268825,0.9651019918603962,0.9569499306821587,0.9496553714565974,0.9431308846200143,0.937297488285895,0.9320839554707361,0.9274261312722306,0.9232663094156716,0.9195525279871121,0.9162380740616783,0.9132810026108323,0.9106434854257619,0.9082916219528678,0.9061950044496779,0.9043261899867269,0.9026606489576628,0.9011765133634145,0.8998540381731504,0.8986755043544985,0.8976252782015188,0.896689447282707,0.8958553602776338,0.8951117741515507,0.8944489374142572,0.8938583234451875,0.8933320844227515,0.8928631214081513,0.8924453279486867,0.8920735096529604,0.8917429589696507,0.8914489341249131,0.8911870268381925,0.8909534989350221,0.8907453575331793,0.8905601531329485,0.8903953643616133,0.8902484216267241,0.8901172921938132,0.890000324451159,0.8898963035165677,0.889804188297177,0.8897224891649289,0.8896494932294814,0.8895840755382207,0.8895252932283684,0.8894727004399002,0.8894263782066751,0.88938620950245,0.8893506933312786,0.8893184244378152,0.8892889654524093,0.8892620006044024,0.8892378326266229,0.8892171935399761,0.889200290904806,0.8891854703382892,0.8891715195575349,0.889158248919157,0.889145439620943,0.8891336788495554,0.8891238462305902,0.8891168302671313,0.8891114706162796,0.8891058568036239,0.8890999755321936,0.8890942585208682,0.889088528951644,0.8890835091450827,0.8890797501773846,0.889077856425887,0.889075831628372,0.8890729382730234,0.8890705122776695,0.8890685777440707,0.8890665896518469,0.8890646145715415,0.88906293278503,0.8890623962867787,0.889061328899973,0.8890598521380292,0.889059075965497,0.8890584257404984,0.8890576792975214,0.8890570082971783,0.8890562009160529,0.8890560155951025,0.8890554991562059,0.8890550232792687,0.8890546885732047,0.8890544487344106,0.8890540944845247,0.8890538460360224,0.8890535792582714,0.8890534565337207,0.8890531948526424,0.8890531050889334,0.8890529481281035,0.8890528673923042,0.8890527038381186,0.8890525626540238,0.889052501494941,0.889052426838576,0.8890523562665666,0.8890522993092022,0.8890522489576331,0.8890522012690772,0.8890521504482983,0.8890521173021915,0.889052071514955,0.8890520410380713,0.8890520203059876,0.8890519872932137,0.8890519621663381,0.8890519532089969,0.8890519264778789,0.8890519205946025,0.8890519013692847,0.8890518934237646,0.8890518795442001,0.8890518727090237,0.8890518627463245,0.8890518529389942,0.8890518474801643,0.8890518417424901,0.8890518366621621,0.8890518319400482,0.8890518252124587,0.8890518196966869,0.889051818390429,0.8890518162725801,0.8890518123095957,0.8890518106387867,0.8890518080005877,0.8890518064438979,0.8890518043258878,0.8890518028198714,0.8890518015009549,0.8890517999158831,0.8890517990957542,0.8890517983867161
8.119844993184043e+53,19.431885881046135,18.799947003656317,18.138555391778354,17.449841234869105,16.736100283934903,15.999883553672563,15.244054498721196,14.471843330207232,13.686897582430168,12.893321081158703,12.095701351243008,11.299124245959833,10.509172501011042,9.731903731483886,8.97380146371993,8.241689666554796,7.542598949170612,6.8835661808574855,6.271340481863215,5.71197915428776,5.210313287040074,4.769313489630939,4.389443892380261,4.068180690726942,3.7999191195140694,3.5764338786318186,3.3878757040273886,3.2240740631986817,3.07580816765701,2.9357675654369992,2.799073459213075,2.663366636923483,2.528531768985221,2.396138625096694,2.268684271191401,2.14874636759561,2.038212532552695,1.9377884549535187,1.846944331998997,1.764305630004131,1.6882918201354433,1.617689989227871,1.551906963294221,1.4908447854382336,1.4345630036069132,1.382987085380517,1.335833117472034,1.292720835416557,1.2533128572835917,1.217355003719502,1.1846298134133493,1.1549114810897527,1.1279663832293854,1.1035719052240907,1.081521332271868,1.0616187318790036,1.0436777219930453,1.0275234092775365,1.0129928324531208,0.9999346408329038,0.9882090498036507,0.9776876172752973,0.9682528036196693,0.9597974338988163,0.952224075296975,0.9454443402083771,0.9393781756798938,0.933953205061256,0.9291039411335259,0.9247712507953345,0.9209018207470798,0.9174473847103524,0.9143645414451126,0.9116142401890921,0.9091611334594228,0.9069735466879589,0.9050231788916645,0.9032844201713693,0.9017342444052113,0.9003523041804881,0.8991204657558537,0.8980222141873522,0.8970428556504144,0.8961696344575001,0.8953913877996506,0.8946978307149269,0.8940796517713199,0.893528837094303,0.8930385668882683,0.8926026566796649,0.892214871414422,0.8918694113159031,0.8915613568663544,0.8912867689366022,0.891042423176805,0.890824998759221,0.8906311098106713,0.890458077681028,0.8903037257773593,0.8901664531826591,0.8900448878443884,0.8899370653529545,0.8898407262366658,0.889754386645615,0.8896768028342369,0.8896073868714954,0.8895462461777394,0.8894932266997789,0.8894463475556398,0.8894037540976584,0.8893648691577005,0.8893292760399785,0.889297374447607,0.8892701307517581,0.8892478190395471,0.8892282555751037,0.8892098401511227,0.8891923224484575,0.8891754136514511,0.8891598888840568,0.8891469093174574,0.8891376478540147,0.8891305727999221,0.8891231622226767,0.8891153985673719,0.8891078517301817,0.8891002883001432,0.8890936617933841,0.889088699677033,0.8890861997819587,0.889083526894354,0.8890797074405885,0.889076504935246,0.8890739511962048,0.8890713267536433,0.8890687194860063,0.8890664993887182,0.8890657911663725,0.8890643821265406,0.8890624326764044,0.8890614080628785,0.8890605497105509,0.8890595643420568,0.8890586785640578,0.8890576127514467,0.8890573681117897,0.8890566863677667,0.8890560581689266,0.8890556163278216,0.8890552997197283,0.8890548320789805,0.889054504105252,0.8890541519352809,0.8890539899281259,0.8890536444861606,0.8890535259901877,0.8890533187881089,0.8890532122097595,0.8890529963038537,0.8890528099284244,0.8890527291930502,0.8890526306400724,0.8890525374788016,0.8890524622900601,0.8890523958215495,0.8890523328684499,0.8890522657805383,0.8890522220247525,0.8890521615815593,0.8890521213493827,0.8890520939812019,0.8890520504014251,0.8890520172317303,0.8890520054072489,0.889051970119812,0.8890519623533673,0.8890519369742494,0.8890519264854608,0.8890519081632093,0.8890518991401728,0.8890518859885295,0.8890518730419867,0.8890518658358488,0.8890518582616119,0.88905185155513,0.8890518453215223,0.8890518364405094,0.8890518291592032,0.8890518274348275,0.8890518246390795,0.8890518194075899,0.8890518172019742,0.8890518137193183,0.8890518116643504,0.8890518088683896,0.8890518068803149,0.8890518051392287,0.8890518030467937,0.889051801964151,0.8890518010281581
9.329304026284696e+53,22.3206179859199,21.594360649075306,20.834240458762757,20.042701957695822,19.222379361935687,18.376199540381492,17.507447598370756,16.61982915901928,15.717528321602535,14.805252281380023,13.888262665513041,12.972392208451456,12.064043018510564,11.170161354837509,10.298181662677887,9.45592907674917,8.651467025422633,7.892869232555478,7.187885211849564,6.543480259103763,5.965225812479357,5.4565733084183,5.018110054678248,4.646997443113862,4.3368494334850825,4.078245863637208,3.8598677354636135,3.6699944879056203,3.497973817965541,3.3353388169982647,3.17641979074897,3.0184555396783903,2.8612842159957754,2.706706393605301,2.557615748641579,2.4170214216834705,2.2871499331500345,2.168861842908495,2.061574140100406,1.9637044740232086,1.873415209516021,1.7892917221861033,1.7106486896358248,1.6373913431985707,1.5696182977847264,1.5072721542533485,1.4500447723215792,1.3975097557675753,1.3492900781289374,1.3051081089530832,1.2647296492678974,1.2279083633473815,1.194385693982611,1.1639137658165615,1.1362614217376403,1.111207851079916,1.0885410596628422,1.0680604028637057,1.0495773264108552,1.0329151882738001,1.0179094627642387,1.0044077364459767,0.9922694319043994,0.9813653987776407,0.9715773800572509,0.9627973610435214,0.9549268758832442,0.9478763561370693,0.9415642868096428,0.9359166648380856,0.9308664374857252,0.9263526089940742,0.9223201002987362,0.9187191596862015,0.9155045850140645,0.9126357417192981,0.9100762195386408,0.9077929771803013,0.9057562338131285,0.9039396211945492,0.902319595267677,0.9008746716572,0.899585705970839,0.8984360600760952,0.8974111577036644,0.8964975503925874,0.895683049113542,0.8949571561344406,0.8943109329928184,0.8937362672884072,0.8932249705663357,0.892769420426579,0.8923631489968586,0.8920009766199054,0.8916786628295155,0.8913918370363105,0.8911360403779901,0.8909077450285386,0.8907040840860095,0.8905229491240629,0.8903625328784426,0.8902202456865909,0.8900931077943347,0.88997916245347,0.8898767694047465,0.889785153647077,0.8897044577651769,0.889634479146738,0.8895726038368427,0.8895163842568848,0.8894650588394821,0.8894180777695027,0.889375968810545,0.8893400077256202,0.8893105564891465,0.8892847327176704,0.8892604241934392,0.8892373005198879,0.8892149804741991,0.8891944872635027,0.8891773537148581,0.8891651281626199,0.8891557887425364,0.8891460063898547,0.8891357579275321,0.8891257956498839,0.8891158114415291,0.8891070640091103,0.8891005136697612,0.8890972136296356,0.8890936852237237,0.8890886432612515,0.8890844157111479,0.8890810445783068,0.8890775801081269,0.8890741383069545,0.8890712075989667,0.8890702726876949,0.8890684126394609,0.8890658392037113,0.8890644866282135,0.8890633535310106,0.8890620527613624,0.8890608834591867,0.8890594764955407,0.88905915355023,0.8890582535895494,0.8890574243129153,0.8890568410444475,0.8890564230943278,0.889055805767929,0.8890553728140629,0.8890549079189938,0.8890546940554032,0.8890542380418045,0.8890540816167462,0.8890538080918461,0.889053667399078,0.889053382384331,0.8890531363523869,0.8890530297745936,0.8890528996759925,0.8890527766949147,0.8890526774391544,0.8890525896948648,0.8890525065912254,0.8890524180292677,0.8890523602677718,0.889052280477425,0.889052227367402,0.8890521912389883,0.8890521337098364,0.8890520899229107,0.8890520743135513,0.8890520277310183,0.8890520174786254,0.8890519839759481,0.8890519701298208,0.8890519459428302,0.8890519340316249,0.8890519166702936,0.8890518995797132,0.8890518900669745,0.8890518800683125,0.8890518712151636,0.8890518629862507,0.8890518512625288,0.8890518416505611,0.8890518393742325,0.8890518356835984,0.8890518287775695,0.889051825865962,0.8890518212685482,0.889051818555809,0.8890518148648937,0.8890518122404593,0.8890518099420716,0.8890518071798724,0.8890518057506884,0.8890518045150951
1.0718913192051264e+54,25.640363166644,24.80576312734277,23.932236196157998,23.022588467819737,22.079843483053168,21.1073604733463,20.10890961745223,19.088743488953067,18.051663523778572,17.003071150697146,15.94900365711779,14.896153227529988,13.851864882172494,12.824107537271507,11.821409950110572,10.852749295635585,9.92737721595341,9.054559785731639,8.243196047071772,7.501293205799837,6.835270050216388,6.249125042707412,5.743579863309055,5.315426552090306,4.95737508940472,4.65862921233477,4.406181927789402,4.186535941837181,3.98740054337847,3.7989869156249414,3.6147224262972815,3.4313875970772822,3.2487677962297123,3.0689262174979897,2.8952067255838503,2.731106835378099,2.579234911190261,2.440623528765087,2.3146251802683833,2.1994175069618667,2.0928668856020156,1.9933255090424684,1.8999993759014004,1.81279383515334,1.731849256055597,1.65712591936024,1.5882868773530918,1.524852396887676,1.466400144668569,1.412626626400651,1.3632804456119587,1.3180944727086283,1.2767848424074333,1.2390784604936274,1.2047202568822841,1.1734651711256536,1.1450760893607768,1.119326929394145,1.0960036074540143,1.0749039274552104,1.0558380108945213,1.0386285142724512,1.0231105338326019,1.009131357636151,0.9965500618189518,0.9852369493053557,0.9750729190219377,0.9659488698282978,0.9577648327204671,0.9504294702533168,0.9438595277476842,0.9379788296942982,0.9327182343891879,0.9280149860307367,0.9238118012505975,0.9200569792042996,0.9167040274444327,0.9137106038329129,0.9110384249396392,0.9086535090709797,0.9065254405391607,0.9046263942076672,0.9029315268442513,0.9014192159176153,0.9000704918283158,0.8988678213568323,0.8977952902268814,0.8968391800579035,0.8959878017939833,0.8952305352902413,0.8945566441250242,0.8939561244444769,0.8934204835811748,0.8929429191106992,0.8925178608677398,0.8921395621488951,0.8918021555666652,0.8915009983513851,0.8912323170325527,0.8909933368512852,0.8907816789470612,0.8905939308731637,0.8904261642156205,0.8902757994837394,0.8901406741637037,0.8900197671331037,0.8899132679735,0.8898209105261979,0.8897392458531913,0.8896650441883005,0.8895973007968282,0.8895352903270782,0.8894797096827534,0.8894322431014592,0.889393368691662,0.8893592820462927,0.8893271951949833,0.8892966720666409,0.8892672094820426,0.8892401581214598,0.8892175414145479,0.8892014032987303,0.8891890749208479,0.88917616181122,0.8891626333688492,0.8891494826556026,0.8891363029453977,0.8891247558092731,0.8891161089441414,0.8891117526732731,0.8891070949387635,0.8891004391969314,0.8890948585268703,0.8890904083830784,0.8890858350214935,0.889081291579058,0.8890774228145236,0.8890761886574177,0.8890737332448352,0.8890703361009085,0.8890685505902791,0.8890670548083367,0.8890653376841584,0.8890637941072976,0.8890619367965182,0.8890615104813144,0.8890603224566159,0.8890592277405343,0.8890584577760763,0.8890579060459329,0.8890570911217831,0.8890565195851879,0.8890559058833399,0.8890556235648006,0.8890550215871184,0.8890548150923894,0.8890544540156214,0.8890542682888607,0.889053892044434,0.8890535672606903,0.8890534265686469,0.8890532548270652,0.8890530924812324,0.8890529614548984,0.8890528456247148,0.8890527359205942,0.8890526190110094,0.8890525427607452,0.889052437430454,0.8890523673205402,0.8890523196278475,0.8890522436842916,0.8890521858816858,0.8890521652759534,0.8890521037828978,0.889052090248834,0.8890520460223419,0.889052027744231,0.8890519958152671,0.8890519800914238,0.889051957172933,0.8890519346118569,0.8890519220542015,0.8890519088550841,0.8890518971681454,0.8890518863052532,0.8890518708289042,0.8890518581402572,0.8890518551353025,0.889051850263339,0.8890518411467709,0.8890518373031915,0.8890518312341992,0.8890518276531435,0.8890518227808091,0.8890518193163237,0.8890518162822486,0.8890518126359016,0.8890518107492525,0.88905180911816
1.2315506032928212e+54,29.455226529767994,28.49616747169,27.492365784458737,26.44704329713094,25.363671255148137,24.24610611329382,23.098675917731192,21.92626229863677,20.734376729197205,19.529219152459365,18.317719067249044,17.10755729397527,15.907163540908806,14.72568318239215,13.57290386814006,12.459128010520562,11.394973907932966,10.39107864140998,9.457662280595608,8.603928165876017,7.837265983601569,7.162298118994999,6.579894444579564,6.086415861881029,5.6735279946240995,5.328850437900501,5.037437236397561,4.783753459576283,4.553631818622505,4.335771195442664,4.122567289119709,3.9102780359791147,3.698629565282165,3.489985280093786,3.2882019332073225,3.097331773866151,2.9204149742083456,2.758676049803323,2.6113900480728,2.4764577325781922,2.3514051799575117,2.2343157070552224,2.1242678587613515,2.0211632317408217,1.925186099200307,1.8363137604043827,1.7541738267826836,1.678223544546257,1.6079871944804507,1.5431308452498462,1.4833834811801114,1.42845508719533,1.37803448189688,1.3318220721536618,1.2895384540877284,1.2509143614036742,1.215687814004381,1.1836076879778028,1.1544347909751815,1.1279416818728467,1.1039132407442767,1.0821470479787507,1.0624534298214945,1.0446553546925101,1.0285881611804595,1.0140991009285618,1.0010467964309815,0.9893007387688348,0.978740423941656,0.9692549449016638,0.9607425044680165,0.9531093174569772,0.9462697328025663,0.940145555840225,0.9346650017362449,0.9297629625672853,0.9253806289054751,0.9214641998312214,0.9179648396393671,0.9148390629544594,0.9120478278924941,0.909555302037986,0.9073294126271891,0.9053421926883817,0.9035690623780708,0.9019872502663637,0.9005760487054837,0.8993175866766083,0.8981966227916551,0.8971992900967121,0.8963115411475776,0.8955202704879862,0.8948143454636077,0.894184846974221,0.8936244696200253,0.8931256667721791,0.8926807253339737,0.8922835411566739,0.8919291521492453,0.8916139102085167,0.8913346869769809,0.8910869883767772,0.8908656374560364,0.8906672352957682,0.890488932006198,0.8903293830002411,0.8901888409009926,0.8900669566289169,0.8899591802627272,0.8898612504079613,0.8897718417728387,0.8896899976171627,0.8896166382791556,0.889553987305883,0.8895026763132102,0.8894576841818878,0.8894153311433902,0.8893750416873991,0.8893361516923259,0.8893004440995447,0.8892705899495793,0.8892492874190843,0.8892330137106943,0.8892159680671529,0.8891981100832853,0.8891807506308114,0.8891633528187947,0.8891481100103849,0.8891366956660733,0.8891309451320694,0.8891247966383368,0.8891160106351456,0.8891086437789505,0.8891027692821265,0.8890967321195097,0.8890907344424566,0.8890856273819544,0.8890839982001465,0.8890807568655161,0.8890762723679074,0.8890739153510161,0.8890719407980068,0.889069674054053,0.8890676364055154,0.8890651846008752,0.8890646218291322,0.8890630535366607,0.8890616084188137,0.8890605920002443,0.8890598636693579,0.8890587878996511,0.8890580334221835,0.8890572232827824,0.8890568505978865,0.8890560559351413,0.8890557833441516,0.8890553066913867,0.8890550615158709,0.8890545648403768,0.8890541360974235,0.889053950371603,0.8890537236576598,0.8890535093469155,0.8890533363806489,0.8890531834746283,0.8890530386555434,0.8890528843246059,0.889052783667545,0.8890526446222846,0.889052552071021,0.889052489112463,0.8890523888602735,0.8890523125557356,0.8890522853543513,0.8890522041780919,0.8890521863119331,0.8890521279290597,0.8890521038003396,0.8890520616512883,0.8890520408944265,0.8890520106399946,0.8890519808573815,0.889051964280167,0.8890519468561661,0.8890519314283744,0.8890519170883968,0.889051896658249,0.8890518799081137,0.8890518759413079,0.8890518695098855,0.8890518574752099,0.8890518524013453,0.8890518443897389,0.8890518396624291,0.8890518332305171,0.88905182865709,0.889051824651843,0.8890518198383426,0.889051817347799,0.8890518151946126
1.4149912974345673e+54,33.838873854072425,32.736836166053315,31.583376115266798,30.38219347657056,29.137274227088252,27.85304650926511,26.534479806106688,25.187179061630374,23.81747220314652,22.432477395470272,21.040150138778653,19.649308179872865,18.269628655959846,16.911609945005896,15.586487516294138,14.30608785874182,13.082600829419064,11.928239736632367,10.85474279916662,9.872686943550578,8.99057517901699,8.213742856131145,7.543224751046493,6.974880451886063,6.499170542643792,6.101891694615067,5.7658705102538725,5.473234252633343,5.2076649082552295,4.956129884605008,4.709845109083995,4.464472165110589,4.219670997040601,3.9781491975911267,3.744349440419102,3.522955952694563,3.3174989186189645,3.1294181853454694,2.957896772059074,2.8005165090585304,2.6544127523588856,2.51735958240881,2.388287094268266,2.2670889118186164,2.153995446832656,2.048999680453437,1.9516854344808823,1.861434969318871,1.7777088147131832,1.700135920308094,1.6284211703191909,1.5622474565914501,1.5012721721027158,1.4451660051725108,1.3936231134931074,1.346348678511135,1.3030550423680747,1.26346572272914,1.2273164788723194,1.194354899264964,1.164340986028706,1.1370475841901913,1.1122604688057207,1.089778308199055,1.0694124676617436,1.0509866187477905,1.0343362675974987,1.0193083513041585,1.0057603792923244,0.9935601560623185,0.9825853992348698,0.9727225575951657,0.9638671866080896,0.9559232782807877,0.9488020893328649,0.9424226537088324,0.9367114426024065,0.9316008151254426,0.9270290723829517,0.9229410595848605,0.9192870668652979,0.9160212832166781,0.9131025738254199,0.9104949851835801,0.9081668457995293,0.9060887264603285,0.9042338002751148,0.9025788808921575,0.9011041704898664,0.899791623924459,0.8986229122520788,0.8975809074882843,0.8966510482417479,0.8958216649181775,0.8950831959122393,0.8944257471830641,0.8938391926702629,0.8933155170804628,0.8928482032675302,0.8924324610714923,0.8920641814811049,0.8917374503883226,0.8914454492051958,0.8911837018827159,0.8909484546826537,0.8907379385087977,0.890552490941819,0.8903916551163206,0.8902494299201693,0.8901201937327573,0.8900021988726419,0.8898941837292731,0.8897973638628083,0.8897146749072519,0.8896469514700216,0.889587567031151,0.88953166501378,0.889478485940781,0.8894271533209771,0.8893800206621308,0.8893406138596589,0.8893124947426835,0.8892910134729904,0.8892685131152436,0.8892449403150929,0.8892220254384937,0.8891990597827985,0.8891789386810529,0.8891638712289953,0.8891562802399132,0.8891481639069422,0.8891365658925107,0.8891268412030262,0.889119086498425,0.8891111170476801,0.8891031997033201,0.8890964580203117,0.8890943073818722,0.889090028580741,0.8890841087044208,0.8890809972598661,0.8890783906951779,0.8890753984132639,0.8890727085533967,0.8890694719715664,0.8890687290666234,0.8890666587909025,0.8890647511148342,0.8890634093569679,0.8890624478987333,0.8890610277914742,0.8890600318168946,0.889058962363516,0.8890584703874372,0.8890574213641258,0.8890570615204572,0.8890564322975217,0.8890561086445626,0.8890554529897177,0.8890548870116395,0.8890546418373371,0.889054342555111,0.8890540596461692,0.8890538313155412,0.8890536294661837,0.8890534382922806,0.8890532345618859,0.8890531016857176,0.8890529181337429,0.889052795957929,0.8890527128470888,0.8890525805053671,0.8890524797766519,0.8890524438684266,0.8890523367086057,0.8890523131237001,0.8890522360531562,0.8890522042011166,0.8890521485606486,0.8890521211597588,0.8890520812212375,0.8890520419055584,0.8890520200221711,0.889051997020951,0.8890519766549033,0.8890519577248662,0.8890519307552661,0.8890519086436075,0.8890519034070733,0.8890518949170275,0.8890518790301922,0.8890518723322428,0.8890518617562144,0.8890518555157475,0.8890518470250551,0.8890518409877273,0.889051835700447,0.8890518293462012,0.8890518260584634,0.8890518232160673
1.6257556664438067e+54,38.87595413008737,37.609657281139796,36.28426535632646,34.904027517823124,33.47352144204702,31.997832464299393,30.482667462038936,28.934462920272622,27.360485406681715,25.76890875116196,24.168868064056397,22.57048827245229,20.984880784247,19.42409967110504,17.901045131479272,16.429296034388052,15.02284909144667,13.695729557407242,12.461420313833543,11.33207593711407,10.317476771146678,9.423774010706019,8.652187255202232,7.997994886696555,7.450268407335943,6.992707483413979,6.605579737347902,6.268329371038196,5.962172151289628,5.672091702404528,5.387953689427852,5.104738520520199,4.822032222836112,4.5429376742896475,4.272568190071128,4.01632963194093,3.7783098920406237,3.5601916335495347,3.361049500761361,3.178098432207919,3.008025618664856,2.8482501956339874,2.6975304063603844,2.5557476224210607,2.4231812397422976,2.2998384014825852,2.1852494208577142,2.07870758752806,1.9795973074186373,1.8875019187907562,1.8020958984832764,1.7230288113267347,1.6499203364688502,1.5824060407873728,1.5201494449907218,1.462826875707089,1.41012242915377,1.3617324600115681,1.3173665678253113,1.276746814100984,1.2396082016004464,1.2056990281052173,1.1747808837409919,1.1466285581259161,1.1210298090392166,1.097784941002517,1.0767063268660406,1.0576180533824624,1.0403550178635272,1.0247627822469556,1.0106973119214637,0.9980236936638481,0.9866168485644675,0.9763609033620414,0.967147896839295,0.9588786463525704,0.9514625037769227,0.944815518878333,0.9388606600517594,0.9335287378350838,0.928757096834909,0.9244876984966022,0.9206682213669591,0.9172528003007675,0.914200916479315,0.9114747753718856,0.9090398175760457,0.9068661174046339,0.9049280846284511,0.903202339862288,0.9016650530490186,0.9002939078753591,0.8990699123431557,0.8979778404010041,0.8970052108722972,0.8961390799565196,0.895366176640171,0.8946759936793944,0.8940599852505836,0.8935118722370293,0.8930262661634676,0.8925953918619693,0.8922102749587648,0.8918650254364213,0.8915547025412622,0.8912769811048049,0.8910323138678553,0.8908201045858237,0.8906324402749901,0.8904619065010596,0.8903061993353489,0.8901636557242116,0.8900358814130181,0.8899267523147792,0.8898373716090416,0.8897589948398034,0.8896852127121982,0.8896150230798647,0.8895472692591156,0.8894850578573019,0.8894330431689091,0.8893959271185428,0.88936757249418,0.8893378724695832,0.8893067565845051,0.8892765088996945,0.8892461939361673,0.8892196336148805,0.8891997441025465,0.8891897237164885,0.8891790098268054,0.8891636999216523,0.8891508628411492,0.8891406262078312,0.8891301060681128,0.8891196546819786,0.8891107552183444,0.8891079162300396,0.8891022679164023,0.8890944532555886,0.889090345919211,0.8890869050579662,0.88908295501702,0.8890794041926702,0.889075131648225,0.8890741509541387,0.8890714180228211,0.8890688997343866,0.8890671285032279,0.8890658592984543,0.8890639846380476,0.8890626698676943,0.8890612580986113,0.8890606086483157,0.889059223847879,0.8890587488233584,0.8890579181949421,0.8890574909451141,0.8890566254240018,0.8890558782838148,0.8890555546324087,0.8890551595537975,0.8890547860893093,0.8890544846729297,0.8890542182141203,0.8890539658478267,0.8890536969058455,0.8890535214976438,0.8890532791929179,0.8890531179101048,0.8890530081964867,0.889052833493769,0.8890527005229959,0.8890526531209755,0.8890525116605695,0.8890524805264153,0.889052378786502,0.8890523367390003,0.8890522632886741,0.8890522271170818,0.889052174394709,0.8890521224945421,0.889052093606539,0.8890520632428974,0.889052036357916,0.8890520113685951,0.8890519757663409,0.8890519465769983,0.8890519396643104,0.8890519284567,0.8890519074846737,0.8890518986427884,0.8890518846814964,0.8890518764435288,0.8890518652350645,0.8890518572652581,0.8890518502855811,0.8890518418974149,0.8890518375573105,0.8890518338050963
1.8679135990207922e+54,44.6637341722309,43.20872577580316,41.68580845205329,40.099862801293966,38.45614659337262,36.76050055308984,35.019479150441676,33.24047469747082,31.431832716091144,29.60294053282657,27.76428925983843,25.927506506328065,24.105352497101517,22.311669740116198,20.561272235261647,18.869753396722338,17.253187008121564,15.727681019592259,14.308723230016655,13.010280453338707,11.843599105652657,10.815764906661437,9.92820578608841,9.175527781606005,8.545202390272728,8.01851763430958,7.572801174802838,7.184417128606713,6.83175205149097,6.497515377159936,6.170026220851619,5.843486168267821,5.517398527909102,5.195320544612953,4.8831341453638615,4.58707061479648,4.311854097927461,4.059442266380536,3.828783033616064,3.6166696761471284,3.4192756149827805,3.2336130886862886,3.058242304041967,2.8930281645045026,2.738302882324266,2.5940864138291784,2.4598446948264274,2.334766204814907,2.2181450864424503,2.1095091119042144,2.008494593872705,1.9147098271266585,1.8277285305845237,1.7471436731918775,1.6725818195941071,1.6036849950093766,1.540104369753832,1.4815053320063705,1.427568395839716,1.3779879695240993,1.3324726601609378,1.290745459744842,1.2525435350021306,1.2176179497191608,1.1857332637258897,1.1566669439977861,1.1302087511261825,1.1061603276912453,1.0843341378456863,1.0645533972666514,1.0466518982221757,1.030472560588752,1.0158685415467335,1.0027026579310865,0.9908459512666054,0.9801790247562807,0.9705919584872321,0.9619821485907486,0.9542547818385835,0.9473242171547104,0.9411124568293973,0.9355467918930036,0.9305613553707608,0.9260982017484335,0.9221059583029267,0.9185364733930195,0.9153455437694731,0.9124948028915858,0.909951381700417,0.9076851605491489,0.9056652996177804,0.9038628380660819,0.9022530963185383,0.9008162793613171,0.8995361516815897,0.8983958269683262,0.8973779515018135,0.8964687813346127,0.8956571339525266,0.8949347966978639,0.8942947180157695,0.8937266892386508,0.8932189096952476,0.8927636365101324,0.8923543725818119,0.8919880661395728,0.8916653271461479,0.8913853803975312,0.8911377957129251,0.8909127968548944,0.8907073479320636,0.8905192577081101,0.8903506478152786,0.8902066358700143,0.8900886806423066,0.8899852441357391,0.8898878686756244,0.8897952320894105,0.8897058080826239,0.8896236972488833,0.8895550433209457,0.8895060532462769,0.8894686270789047,0.8894294246659559,0.8893883529452571,0.8893484267735201,0.8893084113597389,0.8892733516731736,0.8892470972507356,0.8892338701358744,0.8892197275292641,0.8891995179708262,0.8891825725332206,0.8891690597293276,0.8891551726327099,0.8891413762421029,0.8891296284315736,0.889125880793679,0.8891184246634347,0.889108108793288,0.8891026868254451,0.8890981446446611,0.889092930303636,0.8890882429511935,0.8890826028665628,0.889081308274325,0.8890777005906604,0.8890743762492926,0.8890720380812419,0.8890703626276114,0.8890678879218529,0.8890661523159689,0.889064288662804,0.889063431333824,0.8890616032801785,0.8890609762074433,0.8890598797070884,0.8890593157007474,0.8890581731385333,0.8890571868490231,0.88905675960116,0.8890562380631378,0.8890557450575637,0.8890553471617046,0.8890549954128454,0.8890546622673045,0.8890543072403755,0.8890540756861948,0.8890537558227218,0.8890535429152592,0.8890533980836509,0.8890531674607135,0.8890529919276,0.8890529293527628,0.8890527426125748,0.8890527015127495,0.889052567207101,0.8890525117006931,0.8890524147397872,0.8890523669900956,0.889052297391913,0.8890522288791136,0.8890521907444,0.8890521506617133,0.8890521151711644,0.8890520821830546,0.8890520351849351,0.8890519966524248,0.8890519875270664,0.8890519727320306,0.8890519450471032,0.8890519333750336,0.8890519149448946,0.8890519040700494,0.8890518892738862,0.8890518787530375,0.8890518695392468,0.8890518584661263,0.8890518527368049,0.8890518477835505
2.1461411978584102e+54,51.31397687313901,49.642160504376726,47.89231002329762,46.07003171269476,44.18136496316197,42.23301867295443,40.232521470666505,38.18836423971447,36.11013260640673,34.00860866034262,31.895842094646454,29.785187723496687,27.691300979332915,25.630080091806647,23.618538901229023,21.674586448300367,19.816683935252634,18.063333000862535,16.432325365311804,14.939709702149385,13.59841558792279,12.416600026503586,11.395926821355852,10.530225530662253,9.805125789437527,9.199142725431154,8.68622626724037,8.239203974546319,7.833215655131376,7.448362373076224,7.071190734068957,6.695011045084297,6.319233751861969,5.947938578920566,5.587889104566502,5.246261927285452,4.928508364696781,4.636898651216876,4.370233268705305,4.124821165821124,3.89624689132771,3.681056511741149,3.4775827015213583,3.2856697350954596,3.105707701490827,2.937728394417545,2.781121402653595,2.6349526920373885,2.4984103247291345,2.3709553350331705,2.2521770039779163,2.141633054498333,2.038841371495776,1.9433430791979747,1.8547195929569034,1.7725711925479677,1.6965093454893838,1.6261625352641587,1.5611771548413464,1.5012158118433068,1.4459574573829943,1.3950973760243983,1.3483467038526127,1.3054318765449697,1.2660939458649658,1.2300876889647023,1.197180714873561,1.167152856750991,1.1397947925505538,1.1149079409732343,1.0923042797690246,1.0718045957623927,1.0532400048510886,1.0364513869244019,1.0212877420725242,1.007608101291508,0.9952816521906134,0.9841851909012244,0.9742039450120251,0.9652335779414718,0.9571784273934218,0.9499486343219564,0.9434623179149528,0.9376471392662947,0.9324386900297721,0.9277762326933245,0.9236037353148325,0.919872423937504,0.9165404185722494,0.9135691955844076,0.9109190779341793,0.9085526730765883,0.906438062334514,0.9045496301293334,0.9028663526444426,0.9013662800559962,0.9000267859684408,0.8988299436121365,0.8977611602549439,0.8968097254497496,0.8959664365903163,0.895217912500937,0.8945486551412778,0.8939484992912858,0.8934089116306727,0.892925894074464,0.8925002730976223,0.8921310459487553,0.8918044710324391,0.8915076627649245,0.8912366230416734,0.8909884664253175,0.8907659969620803,0.8905759722068132,0.8904203221649294,0.8902838251581839,0.8901553218093172,0.8900330680367545,0.8899150500932103,0.8898066804223951,0.8897160686884525,0.8896514085945538,0.8896020104850639,0.8895502672291804,0.8894960558922479,0.8894433558195902,0.8893905371937882,0.8893442592900787,0.889309603731203,0.8892921439560276,0.8892734756409709,0.8892467987527586,0.8892244303983076,0.8892065930989391,0.8891882616317681,0.8891700498090749,0.8891545421279758,0.8891495950499428,0.8891397525481982,0.8891261349890447,0.8891189776503123,0.8891129816751058,0.8891060983924071,0.8890999107592399,0.8890924654390884,0.8890907564814505,0.8890859940676084,0.889081605681438,0.8890785191167142,0.8890763073852661,0.8890730405752871,0.8890707494346539,0.8890682892596233,0.8890671575144993,0.8890647443314055,0.8890639165427924,0.8890624690698941,0.8890617245337579,0.8890602162544082,0.8890589142678269,0.8890583502639308,0.8890576617888045,0.8890570109788489,0.8890564857218509,0.8890560213828271,0.8890555816017439,0.8890551129352677,0.8890548072635438,0.8890543850158065,0.8890541039593226,0.8890539127689121,0.8890536083264111,0.8890533766072917,0.8890532940030097,0.8890530474895464,0.8890529932341619,0.889052815938887,0.8890527426655415,0.8890526146686055,0.889052551634805,0.8890524597590693,0.889052369316133,0.8890523189749475,0.8890522660622648,0.8890522192116089,0.8890521756643925,0.8890521136227261,0.8890520627564104,0.8890520507101315,0.8890520311793777,0.8890519946328282,0.8890519792246654,0.8890519548952538,0.8890519405394975,0.8890519210072547,0.889051907118805,0.8890518949557871,0.8890518803382895,0.889051872775079,0.8890518662363455
2.4658110758226038e+54,58.9550993728179,57.03419202024845,55.023618519111494,52.92981909229456,50.759731371975946,48.52106197878928,46.222459077684334,43.87367608210547,41.48572382052415,39.07098734652425,36.64330761167309,34.21802451322235,31.811971682409197,29.443410057445686,27.13188184451876,24.897957517292724,22.762842158250145,20.747788328598176,18.873235185614217,17.15762311207505,15.61581446259486,14.257194993284818,13.083696489092079,12.08825289122489,11.254374524801019,10.557388800116845,9.967364905503802,9.453069099569241,8.98591426897922,8.543008658749356,8.108866309140158,7.675776740175558,7.243045775277437,6.815354003181121,6.400476884024772,6.006674602113565,5.64023068836987,5.30377158678695,4.995926895757191,4.712449420676628,4.448248702115777,4.199336790809153,3.9637853789934923,3.741413915146733,3.5326768086537905,3.33761717069625,3.1555350649361826,2.985354185707176,2.826138924605588,2.6772712644446934,2.5382836710397685,2.4086728758736826,2.2878896985879362,2.1754127101417184,2.070768439827128,1.9735062935616643,1.8831894211924345,1.7994015025182704,1.7217477225553381,1.6498526388777777,1.5833601882675818,1.5219335145259494,1.4652542155545456,1.4130214914204617,1.364951122466435,1.3207741873222971,1.2802357735095484,1.243094046024838,1.20911837595092,1.1780890669490631,1.149797033084906,1.1240415526209808,1.1006321611230294,1.0793879991238124,1.060135823767364,1.0427125604722864,1.026965655086761,1.0127500249791834,0.9999293121384191,0.9883786903584056,0.977982845822654,0.9686324849694906,0.9602273370050219,0.9526783865232755,0.9459059788994224,0.9398344355362567,0.9343935168283275,0.929521869516828,0.9251666701544842,0.9212790949071912,0.917808476733952,0.9147068483305935,0.9119331776752341,0.9094545145001259,0.9072437929930345,0.9052726148408888,0.9035115897412054,0.9019374208950449,0.9005311329765917,0.89927881094665,0.8981684880873289,0.8971826634267422,0.8963010156164358,0.8955102221795848,0.8947990932303482,0.89416240356843,0.8936012808873017,0.8931144370306561,0.8926837789439233,0.8922923310456372,0.891934832016608,0.891607485285031,0.8913139981563449,0.8910632943911195,0.8908579292290418,0.8906778252241094,0.8905082605804197,0.8903469352210132,0.890191192727526,0.8900481767788263,0.8899285917902474,0.8898432541436297,0.8897780577528019,0.8897097649607897,0.889638213336008,0.8895686550391907,0.889498938943135,0.8894378549560783,0.8893921110838444,0.8893690647029571,0.8893444229254786,0.8893092097151606,0.8892796834633673,0.8892561380388353,0.889231940150106,0.8892079000363284,0.8891874293406604,0.8891808989960558,0.8891679064580786,0.8891499306013317,0.8891404825221784,0.889132567487754,0.8891234811350059,0.8891153130628294,0.889105484739147,0.8891032287963324,0.8890969420718619,0.8890911490809378,0.8890870745841194,0.889084154930022,0.8890798424875895,0.8890768180013067,0.8890735703735141,0.8890720763784731,0.8890688907797027,0.8890677980304899,0.8890658872461505,0.8890649043962802,0.8890629133407862,0.8890611946082134,0.8890604500750462,0.8890595412290515,0.8890586821040936,0.8890579887196608,0.8890573757520864,0.8890567952030181,0.8890561765226314,0.8890557730093946,0.8890552156056174,0.8890548445865409,0.8890545921984992,0.88905419030777,0.8890538844182357,0.889053775373342,0.8890534499539401,0.889053378332068,0.8890531442867261,0.889053047559467,0.8890528785922506,0.8890527953820854,0.8890526740980237,0.8890525547053792,0.8890524882505775,0.8890524184011716,0.889052356554174,0.8890522990680073,0.8890522171675335,0.8890521500195073,0.8890521341173557,0.8890521083350367,0.8890520600903645,0.889052039750229,0.8890520076332569,0.8890519886823907,0.8890519628981047,0.8890519445641241,0.889051928507866,0.8890519092114776,0.8890518992273716,0.8890518905956655
2.8330961018393183e+54,67.73465281934831,65.52756149386452,63.217440516750464,60.81168841225946,58.318275020370045,55.7460534994511,53.104958547334675,50.40619444627214,47.662409846189085,44.88783191993834,42.09836014572604,39.311615715961516,36.546935515618244,33.8252958059968,31.169144512499685,28.60211074747813,26.1485529290593,23.83288490733804,21.678587929986417,19.706850140559517,17.934753629802216,16.373094116450154,15.024108656079939,13.879699135676558,12.920938182620825,12.11948909340866,11.44096236283707,10.849459793599605,10.312115250528242,9.802601984291586,9.303102253769195,8.804735680618544,8.30668980846576,7.814336204896829,7.336612100268848,6.883020554792713,6.460798487213216,6.0729791267032125,5.717994515918744,5.390958919209324,5.086007955192218,4.798541836305042,4.526333133787876,4.26917210493001,4.027585422810737,3.8016274615346055,3.5904941474403484,3.392944751734415,3.2079003747390336,3.0346504009862745,2.8726598073414946,2.721352870415807,2.5801008717627463,2.4483078433532324,2.3254344021897784,2.2109685652053246,2.1044150273207594,2.0053031143696134,1.9131879381773476,1.8276478575878599,1.7482844402978484,1.6747221986214078,1.6066076131908944,1.5436080116618742,1.4854102148463526,1.4317188372501077,1.3822545452839288,1.3367527255719924,1.294960981919949,1.2566385765130554,1.2215558338088106,1.189491174857497,1.1602333174184662,1.133580385706296,1.1093373723378444,1.0873193513329804,1.0673520201966877,1.049267962994411,1.032908378525482,1.0181268646334902,1.004787081994192,0.992758488995821,0.9819204037880994,0.9721651271566666,0.9633957414572508,0.9555193322608583,0.9484490307384015,0.9421086532542622,0.9364324053873979,0.9313591119738853,0.9268246726467559,0.9227680530272812,0.9191369074620652,0.9158891717078551,0.9129902613436157,0.9104036550063812,0.9080913602041486,0.9060232444820004,0.9041747469340445,0.9025278781150476,0.9010671498510948,0.8997697384218798,0.8986090533337499,0.8975676732621625,0.8966309551348003,0.8957920916555663,0.8950526344972705,0.8944109444496936,0.893843218478703,0.8933271070883146,0.8928556934690122,0.8924239873741379,0.8920368926421703,0.8917061949157663,0.8914352802684931,0.8911976733962212,0.8909739568610366,0.8907610982914284,0.8905555942916924,0.8903668730111501,0.8902090633759872,0.8900964439072757,0.8900104023826919,0.8899202722903076,0.8898258389500361,0.8897340340638311,0.8896420186079208,0.8895613944287243,0.8895010163633521,0.8894705967020756,0.8894380709465343,0.8893915909960525,0.889352617136925,0.8893215375124571,0.8892895963702664,0.8892578632151943,0.8892308415060715,0.8892222212846357,0.8892050707428858,0.8891813419379309,0.8891688700576245,0.8891584218311865,0.8891464273714811,0.8891356450565603,0.8891226710742032,0.8891196930866158,0.8891113941988503,0.8891037470550549,0.8890983684313336,0.8890945142767582,0.8890888215334352,0.8890848289823229,0.8890805418626665,0.889078569672076,0.8890743644283909,0.8890729219114273,0.889070399520854,0.8890691020784958,0.8890664737207005,0.8890642048501509,0.889063222003749,0.8890620222502376,0.8890608881323352,0.8890599728057451,0.8890591636360766,0.8890583972614464,0.8890575805500248,0.8890570478776841,0.8890563120564045,0.8890558222789964,0.8890554891048215,0.8890549585740282,0.8890545547731286,0.8890544108243349,0.889053981242239,0.8890538866950918,0.889053577734714,0.8890534500462415,0.889053226994673,0.8890531171499406,0.8890529570443122,0.8890527994355139,0.8890527117093239,0.8890526195019552,0.8890525378584687,0.8890524619716617,0.8890523538558143,0.8890522652144964,0.8890522442222533,0.8890522101873168,0.8890521465000916,0.889052119649317,0.8890520772520784,0.8890520522352613,0.8890520181977272,0.8890519939952533,0.8890519727995742,0.8890519473266371,0.8890519341467348,0.8890519227521202
3.2550885998350434e+54,77.82217160709585,75.28627707018188,72.6319998611253,69.8678396718524,67.00295244856977,64.0475088427216,61.01292192491863,57.9120632018009,54.759463391039915,51.57146651222488,48.366337589665605,45.16431937629835,41.98762540556684,38.86035231191775,35.80828720631268,32.85857411263437,30.03919513737806,27.378196838838782,24.902555961595258,22.636617532920297,20.60001321331149,18.805157131092564,17.25463480098775,15.939159686074468,14.837001245547167,13.915611499330828,13.135478192324708,12.45534545418757,11.837433425376883,11.251471900985305,10.676967175528027,10.103697343308841,9.530715810023972,8.964188667200373,8.414387320339591,7.89224106315345,7.406079834944099,6.95940212101875,6.550411982493556,6.1734905307853465,5.821885792480541,5.490296750962097,5.17615320780033,4.879211547700647,4.600080266128907,4.338825386139059,4.094522344056079,3.8657409914476575,3.651237104606228,3.4501924679663456,3.261992888593131,3.0859775959563795,2.9214245648214168,2.767650039872093,2.6240365068940408,2.4899988577579752,2.364971896152472,2.248419664280691,2.1398368597914543,2.0387459030084103,1.944696926409779,1.8572674931055173,1.776061459709989,1.700707643901583,1.6308581849141661,1.5661864510134635,1.5063848477159967,1.451163073090087,1.4002449028370998,1.353367286660065,1.3102793884522796,1.2707386960046743,1.2345134760652223,1.2013814809837946,1.1711266129645603,1.1435427859383545,1.118434571832138,1.0956125073674212,1.074895289132917,1.0561146844333797,1.0391127631119241,1.023736633941308,1.0098438044830669,0.9973064388693467,0.9860088109062599,0.9758387917273601,0.9666906461076213,0.9584712329816734,0.9510998456818697,0.9445009004606165,0.9385942262605572,0.9333029379715918,0.9285608896263592,0.9243148930735158,0.9205211746181722,0.9171331228367312,0.9141019252870253,0.9113888432256221,0.9089622733150426,0.906799106943617,0.904879420313707,0.9031735580544422,0.9016468197336858,0.9002764901330892,0.8990434589351451,0.897938894617442,0.8969649533314518,0.8961195763494254,0.8953714819960519,0.8946912702175213,0.8940698595640413,0.8935006997039653,0.8929902811185174,0.8925541713038974,0.8921968625463716,0.8918834549337253,0.8915883446259589,0.8913075354482474,0.8910364083556731,0.8907874056055787,0.8905791753989302,0.8904305665297195,0.8903170249801371,0.8901980843443991,0.8900734607798306,0.8899523019338607,0.8898308611827234,0.8897244511852158,0.8896447605441773,0.8896046101710005,0.8895616795156112,0.8895003298854848,0.8894488868751639,0.8894078632348138,0.8893657019538692,0.8893238147295757,0.8892881461567623,0.8892767674180659,0.8892541285056844,0.8892228059798485,0.889206342726084,0.889192550698868,0.8891767175252928,0.889162484373689,0.8891453580470522,0.88914142693838,0.8891304719243259,0.8891203772212114,0.8891132770883549,0.8891081893453883,0.8891006745288432,0.8890954040749065,0.8890897447609218,0.8890871413210233,0.8890815900769298,0.8890796858419996,0.8890763560872819,0.889074643359749,0.8890711737150937,0.8890681786200083,0.889066881181443,0.889065297406925,0.8890638002762465,0.8890625919679908,0.8890615237954884,0.8890605121157744,0.889059433986906,0.889058730813726,0.8890577594662997,0.8890571129178201,0.8890566730990683,0.8890559727523877,0.8890554397000732,0.8890552496751245,0.8890546825892738,0.8890545577787775,0.8890541499240521,0.889053981364085,0.8890536869164608,0.8890535419117758,0.8890533305582875,0.8890531225008225,0.889053006694537,0.8890528849726975,0.8890527771961088,0.8890526770188405,0.8890525342963961,0.8890524172820424,0.8890523895704304,0.8890523446413127,0.889052260568557,0.8890522251231654,0.8890521691550686,0.8890521361306618,0.8890520911981117,0.8890520592487091,0.889052031268541,0.8890519976420143,0.8890519802433792,0.8890519652014812
3.739937302478771e+54,89.41244711255789,86.49878089225915,83.44909299321932,80.27314840511245,76.98146598276549,73.58573026712975,70.09905308923213,66.53622173022984,62.91392956511057,59.250953064668046,55.568275498352115,51.88915206845511,48.239101901171125,44.64580731048091,41.138892541470604,37.74954067872181,34.509897847696436,31.452184887542707,28.60739495142272,26.00350004091409,23.66306046050166,21.60034845344873,19.818347914029097,18.30640456098396,17.03956507854968,15.9804417191758,15.08363649716726,14.301739200667848,13.59132667634909,12.917600683429644,12.256995736043672,11.597750916391217,10.938767100206134,10.287123850006578,9.654624971315398,9.053836937016287,8.494343481114926,7.980175830505162,7.509275281846827,7.07518110800863,6.670123068358566,6.287996162799645,5.925837350504362,5.583363995291833,5.261277727577138,4.959657012982393,4.677438342478396,4.412973770878842,4.164828834196045,3.932060947504031,3.7139638415087335,3.5097777703689883,3.3186721410846975,3.1398607581927482,2.972634496117751,2.816322162733584,2.6702759979638997,2.533882582657489,2.4065645797250004,2.287777390275173,2.177009222941233,2.073780853198016,1.977644376012282,1.8881817172678872,1.8050027624583949,1.727742915052627,1.6560604900335782,1.5896345900530244,1.5281611517646714,1.4713517021148026,1.4189320099622627,1.3706371172993632,1.3262140529393056,1.2854200017424786,1.2480179253744268,1.2137810661992507,1.182493592553123,1.153944619290239,1.1279308147201523,1.1042625589177175,1.0827605608868967,1.0632492770075561,1.0455637913246079,1.0295554575995833,1.015088931654479,1.002031485916671,0.9902567405354957,0.9796528611029393,0.9701226292402283,0.9615742173751395,0.9539087259500149,0.9470304721066655,0.9408568386689808,0.9353213639536871,0.9303692998849964,0.9259417228581834,0.921976399361322,0.9184239058823923,0.9152438823649488,0.9124068878323339,0.9098874946152773,0.9076473534785627,0.9056413362682861,0.9038399358263405,0.9022182985244229,0.9007650291345846,0.8994831573219648,0.898370145069724,0.8973849393332795,0.8964889073319176,0.8956701456523869,0.8949200713875978,0.894247281651011,0.8936723429398976,0.893201224076432,0.8927879405081351,0.8923987430438028,0.8920283682000326,0.8916707283908825,0.8913422419744935,0.8910675205728937,0.8908714460283926,0.8907216322763226,0.8905646881013861,0.8904002380294211,0.8902403528671874,0.890080088720541,0.8899396547677708,0.8898344800110275,0.8897814888874477,0.8897248274561188,0.8896438544790165,0.8895759554857984,0.8895218079903369,0.8894661580800473,0.8894108690697133,0.8893637877071661,0.8893487680130111,0.8893188849451751,0.88927753922001,0.8892558075429331,0.8892376018153547,0.8892167016259416,0.8891979134043446,0.8891753059703327,0.8891701167304836,0.8891556555816059,0.8891423300343377,0.8891329574507466,0.8891262413227805,0.8891163212886191,0.8891093639393486,0.8891018932542897,0.8890984565288262,0.8890911284818285,0.8890886147494914,0.88908421922042,0.8890819582879691,0.889077378085128,0.8890734243203063,0.8890717115964109,0.8890696208848031,0.8890676445490381,0.8890660494818753,0.8890646394049572,0.8890633039027382,0.8890618806815176,0.8890609524331958,0.8890596701717052,0.8890588166722916,0.8890582360737255,0.8890573115557047,0.8890566078805193,0.8890563570311096,0.8890556084285118,0.8890554436677915,0.889054905263996,0.889054682750121,0.8890542940535138,0.8890541026346366,0.8890538236295138,0.8890535489754096,0.8890533961009455,0.8890532354174239,0.8890530931428523,0.8890529609000472,0.8890527724938592,0.8890526180246063,0.8890525814428366,0.8890525221324418,0.8890524111489928,0.8890523643579499,0.8890522904751255,0.889052246879995,0.8890521875650635,0.889052145389032,0.8890521084527401,0.8890520640627557,0.889052041095021,0.8890520212383874
4.2970047043208e+54,102.72928914476084,99.38158794733711,95.87759946705177,92.22854255451948,88.44650209359152,84.5449021446507,80.53880649017901,76.44520372998929,72.28327224735706,68.07458353997811,63.843244311528366,59.615971273800184,55.422081922172595,51.29337879749864,47.26389532451987,43.36945579441317,39.646991092595236,36.13351852112283,32.86464611520943,29.872512983852413,27.183043707626805,24.81264423498262,22.764754454990005,21.027146608939244,19.57116276268027,18.35385344857834,17.323058313208413,16.4242972975792,15.60766542425632,14.83316441901852,14.07370190994285,13.315750796847817,12.558038125934123,11.808693557257001,11.08128115080125,10.390247151127143,9.746614096847432,9.155023751201492,8.613114821843372,8.113459860228978,7.647120114555418,7.207068446461107,6.789891453125995,6.395261712239536,6.023987230891207,5.676160091704703,5.350556875854411,5.045279475939125,4.758674846055809,4.489657120882238,4.237413537514343,4.001069820081515,3.7796697552986904,3.5723083889409653,3.3781700396884675,3.196483098313435,3.0265032340034157,2.867526105676407,2.7188894752068844,2.5799694056806763,2.450180440409369,2.3289754375933853,2.215844238402219,2.110312054973646,2.0119374036311375,1.9203093476477213,1.8350445115921328,1.7557846264115886,1.6821918343174587,1.6139471532901966,1.550748769918723,1.4923058918972885,1.4383417971614374,1.388591391055217,1.3427955792191102,1.3007064566817832,1.2620878720734396,1.226707812133268,1.1943413513517493,1.1647781719158425,1.1378183284223196,1.113263935274082,1.0909277641741815,1.0706405111516797,1.0522472807568637,1.0355941628811094,1.0205330617496307,1.0069323814375135,0.9946774279310465,0.9836588050521575,0.9737564535832927,0.9648529873230678,0.9568466401895905,0.9496555511917772,0.9432122471473471,0.9374431125964267,0.9322695525601684,0.9276291108819578,0.9234707310199003,0.9197572974262277,0.9164566873852339,0.9135196080433339,0.9108876265170124,0.9085225960376178,0.9063923379829093,0.9044822539388085,0.9027966528033338,0.9013324892544353,0.9000359833640851,0.8988564418220917,0.89777829655423,0.8967903273280995,0.8959039327113993,0.8951462894000293,0.894525343192711,0.8939805400548592,0.893467414965069,0.892979040098412,0.8925073965409709,0.8920741465765248,0.8917117698228113,0.8914531120389448,0.8912554683924201,0.8910484064910029,0.8908314293230685,0.890620462896156,0.8904089842756244,0.8902236628541154,0.8900848645530726,0.890014930598513,0.8899401513584781,0.8898332841797383,0.8897436694947648,0.8896722027925646,0.8895987516755507,0.8895257754476956,0.8894636313897045,0.889443806237779,0.8894043619497093,0.8893497867771791,0.8893211012607078,0.8892970697767165,0.8892694814203456,0.8892446806951685,0.8892148383319259,0.8892079883747424,0.8891888991432243,0.8891713088583223,0.8891589366018049,0.8891500709675035,0.8891369759730542,0.8891277918588341,0.8891179300852794,0.8891133933828811,0.8891037198627949,0.8891004015593866,0.889094599144777,0.8890916145477036,0.8890855683357426,0.8890803490610276,0.8890780881309921,0.8890753282256052,0.8890727193035052,0.8890706136852592,0.889068752268159,0.8890669892949021,0.8890651105243835,0.8890638851587878,0.8890621924654601,0.8890610657738074,0.8890602993342336,0.889059078891347,0.889058149979626,0.8890578188367894,0.8890568306166748,0.8890566131182516,0.8890559023785121,0.8890556086408443,0.8890550955274602,0.8890548428378399,0.8890544745267015,0.8890541119592518,0.8890539101515672,0.8890536980352307,0.889053510220312,0.8890533356481964,0.8890530869354695,0.8890528830224669,0.8890528347313114,0.8890527564363684,0.8890526099284404,0.8890525481601408,0.8890524506283,0.8890523930788837,0.8890523147779429,0.8890522591018606,0.8890522103426959,0.8890521517439985,0.8890521214245614,0.8890520952120519
4.937047852839024e+54,118.02984774474386,114.18346700248146,110.15751544425943,105.96488241910909,101.61945220058375,97.13664758883213,92.53377520134902,87.83035300859899,83.0484147390936,78.21274346565369,73.35103482944893,68.49398295447081,63.675269829211366,58.931432331530054,54.30157025412723,49.8268408642687,45.54967294440818,41.51259506421133,37.75651773131667,34.31836776608133,31.22793462544877,28.50407475839026,26.150750470735186,24.153924408269496,22.480680635432762,21.081678610945918,19.8969883928489,18.864008052369588,17.925387100621748,17.035154832132495,16.162168796457927,15.290874457545462,14.419800401121769,13.558283315872663,12.72190938759017,11.927283545973575,11.187079944901328,10.506640483793012,9.88325563639757,9.308387723042033,8.771756737621244,8.265277528450802,7.785020211767386,7.330606046145494,6.902964806126779,6.502203732425595,6.126915573348066,5.7749150258816355,5.444298088689524,5.133814141566809,4.842527670541431,4.569432341140608,4.3134271051258795,4.073469920671494,3.848621843094852,3.6379948758100045,3.4407325493344882,3.2560246788972904,3.0831098912781436,2.921271294145684,2.7698367777094983,2.6281789387556445,2.4957136642246707,2.371898401024015,2.2562299017992653,2.1482411580110594,2.0474980473631343,1.9535965815568428,1.8661574581058926,1.784824292235802,1.709261604982876,1.6391474250502278,1.57417681062203,1.5140587770742802,1.4585092705163218,1.407257161074152,1.3600447058592122,1.3166179705860703,1.2767300837745064,1.2401502667351896,1.2066584893338692,1.1760349475478862,1.1480705630415549,1.122576112434584,1.0993779821428793,1.078301303924706,1.0591760059583528,1.0418505140511254,1.0261925778273506,1.0120747036749207,0.9993537482027678,0.9878880171708142,0.9775541549557286,0.9682530363287686,0.9599029733140758,0.952413294749242,0.9456858757284445,0.9396427091738507,0.9342199632359257,0.9293714672762338,0.9250571667124545,0.9212141822581651,0.9177672695231416,0.9146674109149867,0.9118731807462918,0.9093660506508784,0.9071522259016471,0.9052282002213171,0.9035236842686202,0.9019722801970713,0.9005536847573812,0.89925327393281,0.898086178833712,0.8970883204692599,0.8962703018234943,0.8955524448180983,0.894876202020046,0.8942324633399162,0.893610672864203,0.893039406774982,0.892561523674911,0.8922203818915387,0.8919596899877635,0.8916865556889334,0.8914003205411862,0.8911219934465758,0.8908429695346123,0.8905984399408565,0.8904152864626205,0.8903230005617834,0.8902243181885516,0.8900832863937874,0.8899650184128899,0.8898706983026361,0.8897737566848021,0.8896774392979155,0.8895954167165677,0.8895692495472185,0.8895171865736372,0.889445150952594,0.8894072873997905,0.8893755666535563,0.8893391506180037,0.8893064138870611,0.8892670218526925,0.889257979823156,0.8892327816801506,0.8892095620215119,0.8891932302154454,0.8891815272271358,0.8891642412476615,0.8891521177567354,0.8891390996769152,0.8891331109664005,0.8891203413256955,0.8891159609511292,0.8891083013769506,0.8891043615035755,0.8890963800750411,0.8890894902483405,0.8890865056502972,0.8890828623638921,0.8890794183836568,0.8890766388013239,0.8890741815820298,0.8890718543149562,0.889069374184519,0.88906775660101,0.8890655221052314,0.889064034777918,0.8890630230131658,0.8890614119252489,0.8890601856826733,0.8890597485458307,0.8890584440105196,0.8890581568938833,0.8890572186561064,0.8890568308969721,0.8890561535428139,0.8890558199705589,0.8890553337677993,0.8890548551471459,0.8890545887433752,0.8890543087312629,0.889054060799129,0.8890538303486397,0.8890535020260217,0.8890532328429481,0.8890531690943783,0.8890530657381696,0.8890528723348154,0.8890527907952227,0.8890526620446038,0.8890525860743043,0.8890524827101615,0.889052409212824,0.8890523448464266,0.889052267490977,0.8890522274666446,0.8890521928638188
5.672426068491989e+54,135.6095787889293,131.19024436451787,126.5645880539537,121.74741859973325,116.75468777227621,111.60411492780364,106.31558371187691,100.91151836016275,95.41723342054708,89.86120210526747,84.27524379928647,78.69462274608608,73.15803583046474,67.70745979854624,62.38781583215111,57.24638892545809,52.33192506132143,47.693285306558515,43.37747262499023,39.42691460588803,35.875840816477,32.74592232303787,30.04172035899153,27.7471169124635,25.82430243895968,24.21659255526971,22.85513047734405,21.66798355135602,20.58924832100631,19.566093931993144,18.562726467181225,17.561263565732375,16.5600069065214,15.56968046390737,14.608193485920943,13.69463020046618,12.843561092082467,12.061131326704782,11.344230790478566,10.683046651981519,10.065759052174224,9.483068579691944,8.93045284455488,8.4074743299829,7.915202387303726,7.453761323417992,7.021532673945647,6.616001478974524,6.234975700792079,5.8770154603316085,5.541044029987377,5.22590312368032,4.930325057347771,4.653109958429626,4.393176782598839,4.149503198061729,3.921103150071349,3.7070439429433226,3.5064492230294286,3.3184940292915317,3.1424052210780804,2.977461492231468,2.8229918504147524,2.6783737503528613,2.543030632625494,2.4164285216650163,2.298072286266405,2.187502594583165,2.0842896699725038,1.9880313338646105,1.8983507363938812,1.8148876290750184,1.737302527670382,1.6652730230787098,1.5984852378859213,1.5366408145719312,1.4794573231206867,1.4266564348158115,1.3779675066248038,1.333138342598715,1.2919285081966934,1.2540960984369012,1.2194103497094169,1.1876628938357268,1.158662571407662,1.1322142963146038,1.1081264113681846,1.0862279622369742,1.0663700224514712,1.0484074397300467,1.0321727920288954,1.0174980203095987,1.004236238396763,0.9922697316656677,0.9815016562316743,0.9718221843314672,0.9631104515943962,0.9552703840547203,0.9482233139884376,0.9419127570784365,0.9362895877821485,0.931274348087766,0.9267708043078018,0.9227164466201421,0.9190583261771891,0.9157732103538976,0.9128701436602262,0.9103453537915781,0.9081072454964526,0.9060690540484722,0.9042043971958273,0.9024942882099227,0.9009588423496464,0.8996455534255994,0.8985686123326798,0.8976232827011899,0.8967325362135083,0.8958844073517093,0.8950650126123932,0.8943120401399427,0.8936820365629765,0.8932322366500188,0.8928884741994338,0.8925282703284592,0.8921507517222041,0.8917836261794747,0.8914155448867963,0.8910929374463662,0.8908512849162633,0.8907295169806726,0.8905993046760963,0.8904132039253543,0.8902571342737281,0.8901326621395699,0.8900047260705667,0.8898776094041696,0.8897693551073885,0.889734818721024,0.8896661031402096,0.8895710244388961,0.8895210479344962,0.8894791788618563,0.889431111760796,0.8893879005958126,0.8893359040241896,0.8893239686509747,0.8892907071921254,0.8892600570586328,0.8892384987917515,0.889223050566565,0.8892002325401575,0.889184229073279,0.8891670446374582,0.8891591392501121,0.8891422826502533,0.8891365003067326,0.8891263892113409,0.8891211883323153,0.8891106523253499,0.8891015572797586,0.8890976173978574,0.8890928079946869,0.8890882616843641,0.8890845924246281,0.889081348705523,0.8890782765307322,0.8890750025614977,0.8890728672211664,0.8890699175049765,0.8890679541106229,0.8890666184973538,0.8890644917268663,0.8890628729835158,0.889062295925939,0.8890605738285361,0.8890601948100835,0.889058956255907,0.8890584443805358,0.8890575502146821,0.8890571098704828,0.8890564680407347,0.8890558362199131,0.8890554845437567,0.889055114903369,0.8890547876113172,0.8890544833965353,0.8890540499819481,0.8890536946366969,0.8890536104829919,0.8890534740437249,0.8890532187343088,0.8890531110948785,0.8890529411327374,0.8890528408452563,0.8890527043954868,0.8890526073725272,0.8890525224032103,0.8890524202871976,0.8890523674515491,0.8890523217727672
6.51733960488242e+54,155.8079492830649,150.7303232257426,145.41564010822034,139.88091402527067,134.14447227500784,128.2266729328653,122.15036062831885,115.94129887720571,109.62857187404967,103.24489279196801,96.82681919617484,90.41486640671029,84.05349344640695,77.79092750579304,71.67877858918528,65.77137249629236,60.12471370048589,54.79493927766018,49.83605227900177,45.296800342338514,41.21651411977537,37.620097763628465,34.512799511735,31.876109454252123,29.66659433271601,27.81913134164502,26.254607222193627,24.890369563817504,23.65068933133678,22.474855339394633,21.321731003401204,20.170760807918814,19.019986708198388,17.88172702202316,16.776559866482387,15.726417266489548,14.748047379067883,13.84851728556533,13.024256206091804,12.263986632347072,11.554120548931598,10.883964630986933,10.24831656134512,9.646671503256524,9.080258936157144,8.549222522891569,8.051701193584215,7.584801587807833,7.146001087389724,6.733642505726473,6.346486833587217,5.983201144575498,5.642326259799848,5.322480865215104,5.022420436072216,4.740967983654085,4.476988160858536,4.2294069901600855,3.997215351590863,3.779463309337187,3.575260665887606,3.383777060489783,3.2042403115567666,3.0359343782004626,2.8781966510362564,2.7304141626379814,2.592019410367555,2.4624869920415655,2.3413264832951395,2.228080307063904,2.122321228493358,2.0236421857056026,1.931661266504695,1.8460174120156878,1.766360238133751,1.6923582564021002,1.6236993170825795,1.56007627875101,1.5011910163450348,1.4467672238451579,1.396542202811142,1.3502504376273088,1.3076385973908076,1.2684792429678982,1.2325644961865192,1.1996797164916824,1.1696122264454807,1.142172757625881,1.1171973401025606,1.0945244980023747,1.073962107259058,1.0553143575213957,1.0384095764951906,1.0231109176154605,1.0093062773811416,0.996865116800917,0.9856408259862822,0.9755169899399222,0.96639829329302,0.958217040137046,0.9509142173128541,0.944390560132399,0.9385240064049325,0.9332355813828198,0.9284582068963699,0.9241632064063299,0.9203639028185644,0.9170567240579917,0.9141227573363729,0.9114489594206734,0.9090012079298031,0.9067549739059481,0.9047370445508337,0.9030102372128948,0.9015936135280568,0.9003496779214292,0.8991771927331811,0.8980604661757436,0.8969812586650657,0.895989260590473,0.8951590647469443,0.8945662217066443,0.8941130740086773,0.8936381939865218,0.8931404216597805,0.8926562888980408,0.8921708322447826,0.8917452979492998,0.8914265148585734,0.8912658706501193,0.8910940783396776,0.8908485371274243,0.8906426063150059,0.8904783595472444,0.8903095343193647,0.8901417827082778,0.8899989171025915,0.8899533374965314,0.8898626480096015,0.8897371612981863,0.8896711996211384,0.8896159376564352,0.8895524940402885,0.8894954588232483,0.8894268264105799,0.8894110722396733,0.889367168211145,0.8893267105809395,0.8892982537854818,0.8892778620762108,0.8892477419971685,0.8892266170740356,0.8892039331108539,0.8891934977187985,0.8891712463091801,0.8891636133452686,0.8891502661882394,0.8891434007461051,0.8891294926066058,0.8891174865771708,0.8891122856742646,0.8891059369361697,0.8890999354883564,0.8890950918015385,0.8890908098536385,0.8890867543522459,0.8890824324620993,0.8890796136465691,0.8890757197879209,0.8890731279498073,0.8890713648320593,0.8890685573209207,0.8890664204457488,0.8890656586816954,0.8890633853687826,0.8890628850324678,0.8890612500360482,0.8890605743169893,0.8890593939416553,0.8890588126495448,0.8890579653790637,0.8890571313210357,0.8890566670780676,0.8890561791206958,0.8890557470667463,0.8890553454767528,0.8890547733316938,0.889054304244901,0.8890541931546455,0.8890540130428655,0.8890536760120553,0.8890535339185623,0.8890533095536111,0.8890531771653228,0.8890529970396286,0.889052868960785,0.8890527567938068,0.8890526219916757,0.8890525522439644,0.8890524919439461
7.48810385759e+54,179.01499251682586,173.18102517482527,167.0746879943575,160.715528966944,154.12460482099672,147.32530546834454,140.34387765524826,133.20992167466693,125.95685298745249,118.6222564233378,111.24813365922309,103.88103344787432,96.57203545969105,89.37654860286715,82.35386829992788,75.56641019400688,69.07851870204784,62.95469092233362,57.25697279807702,52.04137333728728,47.353083755216,43.22072219112824,39.65032523066214,36.62063363758218,34.08175173890813,31.958860778498178,30.161063335673965,28.593391212330495,27.16882745196121,25.81760818947236,24.492459809625114,23.1697567000255,21.847243267665245,20.539070026487614,19.26888131350768,18.06188044759511,16.937316656639737,15.903315393613921,14.955776245848863,14.081739232613096,13.265585755535723,12.495022032774129,11.764065300402363,11.072133588838502,10.42064018111961,9.80975079554102,9.237325724582096,8.70003721467699,8.194983208726208,7.72025704533681,7.27443331875496,6.85597850128269,6.463213479048179,6.094548515609577,5.748551218606223,5.42386680352201,5.119188231034955,4.833278954077987,4.564976969553151,4.313188301475867,4.076887682587014,3.855118729926795,3.646992110017285,3.451683282862904,3.2684294887972203,3.096525498250044,2.9353189212528057,2.784206471084572,2.642625842189661,2.510053393782393,2.38600140037543,2.270006279850078,2.1616345479433487,2.060477897692009,1.9661412361528268,1.8782523962370337,1.7964627195649754,1.7204299598773805,1.6498228554854246,1.5843363602318579,1.5236817627852564,1.4675666091327755,1.415712464986263,1.367871499257043,1.323818851854548,1.283320165025247,1.2461417715016285,1.212076988654278,1.1809486605521782,1.1525808255839038,1.126756754063851,1.1032520425744032,1.0818696472652078,1.062453917688248,1.044878407550937,1.0289910920630976,1.014617053744238,1.0016177661910313,0.9898799786574823,0.9793245478649685,0.9698823820949919,0.9614311423617962,0.9538175167762858,0.9469428434406322,0.9407230577646954,0.9351234757853734,0.9301638796937192,0.9258418279172398,0.9220036645405799,0.9185026559132162,0.9152949264132902,0.912348985964113,0.9097005760076184,0.9074328122542692,0.9055714085311056,0.9039361680573631,0.9023942136613193,0.9009250074426856,0.8995046214825339,0.8981985437957611,0.897105148510061,0.8963241596263596,0.8957270901803269,0.8951012837193226,0.8944451965766069,0.8938069760835571,0.8931669002571854,0.8926057413644487,0.8921853012894859,0.891973411020398,0.8917468029272404,0.8914228898733005,0.8911512081496553,0.8909345052741843,0.8907117484204059,0.8904903948104353,0.8903018685854877,0.8902417194588788,0.8901220381532955,0.8899564291448624,0.8898693743228279,0.8897964391666172,0.8897127040201502,0.8896374252780085,0.8895468377667393,0.8895260436153476,0.8894680934501545,0.8894146914733503,0.8893771295115102,0.8893502129412574,0.8893104547935694,0.889282569888145,0.8892526268133762,0.8892388519018313,0.8892094794546661,0.889199403686948,0.8891817849266389,0.8891727222461697,0.8891543628320309,0.889138514220898,0.8891316487252405,0.8891232680026606,0.8891153457068837,0.8891089517173467,0.8891032992513498,0.8890979457022974,0.8890922404926211,0.8890885194460968,0.8890833792563468,0.889079957828796,0.8890776303746482,0.8890739242360043,0.889071103387819,0.8890700977970869,0.8890670968368348,0.889066436351367,0.8890642780195442,0.8890633860135819,0.8890618278183916,0.8890610604634395,0.8890599419941623,0.8890588409661164,0.8890582281254865,0.8890575839796943,0.8890570136311436,0.8890564834975683,0.8890557282164014,0.88905510898098,0.889054962332152,0.8890547245688786,0.8890542796587444,0.8890540920828949,0.8890537959014991,0.8890536211373471,0.8890533833556185,0.8890532142802922,0.8890530662100198,0.8890528882593477,0.8890527961862293,0.8890527165848957
8.603464416684456e+54,205.67883966010984,198.97587632845526,191.95997088130667,184.65358268130478,177.08090449544113,169.26880973430693,161.24745408917116,153.05084621577268,144.71737809834966,136.2902319913728,127.81766474144742,119.35315739670502,110.95539663034043,102.68804302154514,94.61922241341155,86.82064554661243,79.36623928049306,72.33010618264346,65.78353320285656,59.79087225964519,54.40404777862394,49.65594450507997,45.55350393921288,42.072306999945276,39.15503210858397,36.7157197991736,34.64993324812905,32.848554619923206,31.21159872448993,29.658901862356313,28.1361405209846,26.616162768936853,25.096371899537992,23.593023860888206,22.13328577511854,20.746118925663442,19.453645309305507,18.26520564752093,17.176090705684302,16.1714077548032,15.23320598957715,14.347353740724971,13.506972228218686,12.711391068751754,11.962234595520627,11.259693732233536,10.60130875210983,9.983253167387595,9.40218934423744,8.855924215756865,8.342818326186112,7.861107782520378,7.408860931798548,6.984248705600451,6.585622938520054,6.211424603058502,5.860149394898142,5.530373931833229,5.220760440074596,4.930049259412573,4.657059656448881,4.400690071359409,4.159916060926795,3.9337877723387398,3.7214265597508853,3.522020184655366,3.334817517241327,3.159124355689388,2.994294149764344,2.83972546376381,2.6948589474491342,2.559163749460943,2.4321446050196824,2.313336238330915,2.202289414997916,2.0985824089563403,2.0018218185484375,1.9116224002330622,1.8276123656176124,1.7494514807229975,1.6768193826903808,1.6093913898915784,1.5468594862934182,1.4889523036703565,1.4354260854955614,1.3860251009238533,1.3404934575635006,1.2986070378305257,1.2601768455500457,1.2250141033573623,1.1928775313431066,1.1635133989446866,1.1366990630515403,1.1122610839933853,1.0900605594068131,1.0699240446950669,1.0516463256625013,1.0350656906422557,1.0200504356820672,1.0065107029168896,0.9943680998276526,0.983474170241119,0.973638502061161,0.964739445076179,0.9566729853521831,0.9493982567060348,0.9429447582732466,0.9373128583213859,0.9323051474625907,0.927732034983367,0.9235375128372126,0.9196814719710225,0.9162116994232445,0.9132382051183965,0.9107958463090758,0.9086489742701632,0.9066234851608136,0.9046925657467833,0.9028248832929633,0.9011066982018164,0.8996677047176405,0.8986395268777103,0.8978532910993524,0.8970290371385494,0.8961647056995582,0.8953237201860454,0.8944800995129074,0.8937403341778086,0.8931859793252414,0.892906568290147,0.8926077261527205,0.8921805200551906,0.8918221633562801,0.8915363005647242,0.8912424286209365,0.8909503847170909,0.8907016335297305,0.8906222661476122,0.8904643403640653,0.8902457993836514,0.8901309148831316,0.8900346610592252,0.8899241511886756,0.8898247988630199,0.8897052385759984,0.889677793242558,0.8896013061534935,0.8895308207031173,0.8894812417316093,0.8894457134664896,0.8893932344570078,0.8893564271583398,0.8893169027223896,0.8892987198906515,0.8892599480692849,0.889246647895955,0.889223390736789,0.8892114277376756,0.8891871926629095,0.8891662718079687,0.889157209018515,0.8891461460251944,0.889135688148612,0.8891272477005889,0.8891197860917435,0.8891127190579722,0.8891051877942611,0.8891002757521465,0.8890934903307244,0.889088973792483,0.8890859013771287,0.8890810089887428,0.8890772852475554,0.8890759577878835,0.8890719962790343,0.8890711243845305,0.8890682752096428,0.8890670976880235,0.889065040740637,0.889064027767786,0.8890625512940971,0.8890610978437226,0.8890602888418797,0.8890594385143634,0.8890586856053506,0.8890579857834161,0.8890569887470576,0.8890561713026282,0.8890559777134377,0.8890556638452431,0.8890550765251091,0.8890548289086196,0.8890544379232976,0.8890542072193269,0.8890538933266184,0.8890536701323626,0.8890534746666086,0.8890532397560909,0.8890531182114814,0.8890530131307207
9.884959046625667e+54,236.31437323722196,228.6129787799779,220.55202697526803,212.15732225019954,203.45666057596273,194.48091779112102,185.26474084244424,175.84720346020725,166.27241550645346,156.58999051557026,146.855372350097,137.13000707978068,127.48132162815914,117.98245753972701,108.71168659724127,99.75139938278697,91.18653273542564,83.10222562218183,75.58038255944317,68.69494101971605,62.505561305850705,57.050029777346914,52.33632688993005,48.3364021820938,44.98440128262521,42.181564127557905,39.807897801435296,37.73802775036169,35.85706982111987,34.072912504660394,32.323133392293975,30.576529920566212,28.830114120034885,27.102561270687087,25.425085873868714,23.830966418007296,22.345624842782513,20.97979750430986,19.72807540363566,18.573345471712347,17.494978046110468,16.476730661864494,15.510695665193841,14.596101285272672,13.734814242120025,12.92705431816113,12.169994227185791,11.459234802559727,10.790938317382347,10.162582874956941,9.572283224605714,9.018010944620864,8.49754442023413,8.008779787455826,7.549821113517678,7.118874826373689,6.714210078015238,6.334188896160153,5.977271589816598,5.642008124778536,5.327039076681477,5.031095945607688,4.752998828525874,4.49165356505609,4.246047909320815,4.015246079357935,3.7983827398711285,3.594658290110988,3.4033282481147253,3.2237004426529072,3.0551316494168046,2.8970119282044733,2.7487729990943754,2.6098818798466263,2.479824697720242,2.3581201811714214,2.244320781510302,2.1379890663998,2.038703901701833,1.9460818932936543,1.8597637424642306,1.7793854451947524,1.7046030328294133,1.6351165563577943,1.570659576964149,1.510951464926485,1.455711085968484,1.4046953164141998,1.3577034375486092,1.3145345980708658,1.2749222377585776,1.2385819876927882,1.2052651342935607,1.174781652623964,1.1469826723807532,1.1216740098023947,1.0986186325038942,1.077631266928363,1.0585621083979782,1.0413124913533258,1.0257967630380251,1.0118378072073357,0.9992020276793137,0.9877416240891412,0.9773297658089883,0.9679198964529987,0.9595559906740853,0.9522440470040433,0.9457321972775009,0.9397768388317725,0.934307105871012,0.9292724052532201,0.9247367550610525,0.9208457914121926,0.9176470179234294,0.9148331170877876,0.9121764696696275,0.9096421799829194,0.9071893135338873,0.904931407330057,0.9030393698086763,0.9016869117614099,0.9006523777974625,0.8995675158333252,0.8984295700875703,0.8973220304592079,0.8962106919723057,0.8952358949788664,0.8945052485083954,0.8941369270168729,0.893742950946682,0.8931796747391878,0.8927071112964542,0.8923301020355722,0.8919424898872172,0.8915572486239699,0.8912290839975702,0.8911243725574026,0.890916008141765,0.8906276497037655,0.8904760539089964,0.8903490374095687,0.8902032032315845,0.8900720881547443,0.8899142984708103,0.8898780765372558,0.8897771281567097,0.8896840983396754,0.8896186604072319,0.8895717669018174,0.8895024991333715,0.8894539158924192,0.8894017454909509,0.8893777447569177,0.8893265667161457,0.8893090105848145,0.8892783111032723,0.8892625198282211,0.8892305290857574,0.88920291294979,0.8891909497400289,0.8891763461359561,0.8891625412572891,0.88915139943933,0.8891415497103674,0.8891322208175424,0.8891222790882596,0.8891157948773534,0.8891068376666469,0.8891008755215613,0.8890968197137393,0.889090361402202,0.8890854457830666,0.8890836934346167,0.889078463934507,0.8890773129648777,0.8890735518264078,0.8890719974026724,0.8890692820642455,0.8890679448566701,0.8890659957889483,0.8890640771128993,0.8890630091623736,0.8890618866581451,0.8890608927542926,0.8890599689296512,0.8890586527562188,0.88905757365917,0.8890573181047194,0.8890569037715577,0.8890561284580605,0.8890558015827771,0.8890552854481171,0.889054980898759,0.8890545665329725,0.8890542718970355,0.8890540138651264,0.8890537037626517,0.8890535433131028,0.8890534045972731
1.1357333583431121e+55,271.51316957872905,262.6646290188534,253.40297277812047,243.7578486351045,233.7611925091817,223.44847888353138,212.85951499767882,202.0391941754786,191.03819592420888,179.9135231022591,168.72887721660882,157.55485589055132,146.46892832097927,135.55512939078247,124.90338826103329,114.60836632840002,104.7676505533269,95.4790603469674,86.83669937921694,78.92551841870254,71.81406569352126,65.54575883666118,60.12977136282981,55.53387977198606,51.682425243967245,48.46194004702989,45.73455809451128,43.35622711397901,41.194945559123475,39.14487542338863,37.134290013795095,35.127333605504106,33.12056926402292,31.135452218907783,29.207847102546303,27.37599221660281,25.669100341615508,24.099510785874703,22.661010333342343,21.333935111822868,20.09457822844167,18.924272762579395,17.813929470616415,16.762660272217243,15.772610301266555,14.844032420653267,13.973677161126272,13.156487692206898,12.388052042697932,11.665470737172264,10.986576267370365,10.349036444964176,9.750296711344753,9.187937683754404,8.659778937475021,8.163757588132716,7.697882663833346,7.2602697881314855,6.849147404871016,6.462846852201369,6.099803468039073,5.758556972120171,5.437748815721876,5.136118936508008,4.852501403493772,4.585818201600162,4.335072370794585,4.099342663250159,3.877771374355015,3.669561202724204,3.473971482249924,3.290300133304805,3.1178934932140354,2.956139070403023,2.804446801874367,2.6622648542091225,2.5290811037054235,2.404395638581445,2.2877279802164945,2.178642371957215,2.076731963435871,1.9815848247979275,1.8928130342457092,1.810081326972665,1.7330950379714483,1.6615432197332296,1.595114528823315,1.5335433999104353,1.4766158193670962,1.4241180754312097,1.3757561153064108,1.331212305751884,1.2902104069366933,1.2525444869809295,1.2180581463326914,1.1865372191459918,1.1577113904425858,1.131371854444128,1.1073517646251152,1.0855467034692927,1.0658671768947061,1.0481055448286074,1.0319788722905505,1.0173103888841941,1.0039478868356135,0.9918405828046557,0.9810536668856792,0.9716032192382683,0.9631704934347465,0.9554445469654754,0.9483366496329879,0.9417837256618484,0.9358716694617837,0.9307932649172858,0.9266136007099751,0.92293327941043,0.9194555445328784,0.9161351585986401,0.9129187956486826,0.9099557437439035,0.9074710822347279,0.9056940274910681,0.9043341525154202,0.9029076031585145,0.9014106769022467,0.8999531817913399,0.8984901225113702,0.8972063498273671,0.8962438266153945,0.8957585213890032,0.8952393435727238,0.8944969381628785,0.8938739791664477,0.893376910043836,0.892865792095268,0.89235773062258,0.8919248875891701,0.8917867644846453,0.8915118991164137,0.8911314753162678,0.8909314631849248,0.8907638720748302,0.8905714426970915,0.89039842670752,0.8901902008271693,0.8901423991821856,0.8900091755538259,0.8898863979400984,0.8898000327074815,0.8897381412317328,0.889646717614895,0.8895825932788547,0.8895137330532477,0.8894820538147816,0.8894145015778862,0.8893913281507314,0.8893508056484029,0.8893299614094043,0.8892877337608823,0.8892512801840845,0.889235488514623,0.8892162113811983,0.8891979884927327,0.8891832808649256,0.889170278795127,0.8891579642091394,0.8891448406041215,0.8891362810797253,0.8891244570231458,0.8891165866120957,0.8891112326779339,0.8891027072640783,0.8890962182966388,0.8890939050690743,0.8890870017394278,0.8890854823720463,0.8890805173790385,0.8890784654177977,0.8890748809553607,0.8890731157338426,0.8890705428062123,0.8890680099962939,0.8890666002131576,0.8890651184140316,0.8890638063776188,0.8890625868512191,0.889060849390642,0.8890594248903875,0.8890590875366085,0.8890585405812552,0.889057517100642,0.8890570855970205,0.8890564042545631,0.889056002222972,0.8890554552240912,0.8890550662789763,0.8890547256543347,0.8890543162919596,0.8890541044845109,0.8890539213674643
1.304901978014407e+55,311.9549222411617,301.78836905400624,291.14716453246933,280.06537230923544,268.5796849388197,256.7308605661182,244.56463540662693,232.13258927397447,219.49294994885523,206.71121034660933,193.86055970341596,181.02211044581023,168.28486998474446,155.74538926648052,143.50699137467114,131.6784364449102,120.37184597635363,109.69960873020779,99.76984468426478,90.68015831383525,82.50930944751691,75.30718539188325,69.08432986229069,63.80372408006988,59.37844379427698,55.6781225283735,52.544358811707426,49.811640983999574,47.328301137147875,44.97273101934694,42.66251459918276,40.356450609112656,38.05058677915687,35.76957258886432,33.55461534966632,31.449651560701476,29.488248944050664,27.68458803194066,26.031531410387224,24.506484687100254,23.08220594767227,21.737243344622023,20.461150517897323,19.252905916113136,18.114974496855986,17.047647071492687,16.047189221207002,15.107788779338406,14.224374305203728,13.393612721529028,12.613012368709022,11.879892210880147,11.19131536152905,10.544500135177186,9.936939434202843,9.366261137106314,8.830175595693005,8.326515516393155,7.8532431214230325,7.408438725805706,6.99030201226823,6.59715248323373,6.227426431115958,5.879673233435229,5.552550380058373,5.244816365524308,4.955322844222159,4.683008545620321,4.426885308033751,4.1860345378198,3.9596029570464086,3.746781809796066,3.546818333258627,3.3590074846071762,3.1826702729440735,3.017172182225637,2.8619250506988494,2.7163551435222235,2.57991156708088,2.4520959492872514,2.332444179663052,2.220486562147433,2.115781892775792,2.017951485288859,1.9266654519827906,1.8415754504472213,1.7623331526585924,1.688645288686049,1.620281190129245,1.5570117060324191,1.498511164242222,1.4444241706725514,1.3944438732233453,1.3483478712575356,1.3059738710587847,1.267087823307706,1.2313840581247237,1.198630090192721,1.168643319168705,1.1413174334808323,1.116563709077055,1.0941427501425058,1.0737160719540322,1.055075538223178,1.0380414414515704,1.0225614517538024,1.0087311508636598,0.9965833169422994,0.9857182741093204,0.9757421231907459,0.9665450902248819,0.9580496023530659,0.950370978974903,0.943764262133763,0.9383190775863347,0.933518583788398,0.9289772285876298,0.9246366446526864,0.9204276043069759,0.9165461354546619,0.9132884034039574,0.9109567823591556,0.909171588788036,0.9072979841962248,0.9053309692611187,0.9034147992513154,0.9014903462625179,0.8998009165318422,0.8985337519484661,0.8978946845885384,0.8972108922752277,0.896232877489557,0.8954120192933211,0.8947569137007786,0.8940831725157048,0.8934133393062943,0.8928425794617847,0.8926604276859331,0.8922979184820466,0.8917961337779523,0.8915322874465181,0.8913111948408735,0.8910573183031381,0.890829039374634,0.8905542854310886,0.8904912082918114,0.890315406014984,0.8901533808912333,0.8900394035780819,0.8899577224248258,0.8898370629656506,0.8897524303062398,0.8896615449482722,0.8896197322630576,0.8895305700570355,0.8894999829488263,0.8894464958082244,0.8894189824272883,0.88936324335441,0.8893151251807331,0.8892942802184248,0.8892688342923,0.889244779813264,0.8892253654146405,0.8892082023052803,0.8891919466204485,0.8891746229228643,0.8891633239550523,0.8891477155966225,0.8891373262153452,0.8891302587070066,0.8891190046306204,0.8891104387669794,0.8891073851496721,0.8890982722711214,0.8890962665967409,0.889089712440703,0.8890870036974838,0.8890822719325865,0.8890799417027663,0.8890765452353494,0.8890732017234033,0.8890713406954327,0.8890693845995021,0.8890676526033541,0.8890660427273105,0.8890637491339538,0.889061868673342,0.8890614233377282,0.8890607013101367,0.8890593502282853,0.8890587806064899,0.8890578811758194,0.8890573504594225,0.8890566283735687,0.8890561149322755,0.8890556652781397,0.8890551248841482,0.8890548452798355,0.8890546035493395
1.499268432786047e+55,358.4205669822995,346.73968363971284,334.51344772723303,321.780996505044,308.58448770102734,294.970750167127,280.9923322673616,266.70849631836023,252.18614276060885,237.50051924351024,222.73571602655534,207.9849266315131,193.35041542860338,178.9431138393506,164.8817340527566,151.29123511629925,138.3004381491611,126.03847150474377,114.62955928004561,104.18584441254808,94.79781919412937,86.52280393543178,79.37291615294072,73.30562695175193,68.22106813120209,63.96945707575395,60.36879817686866,57.22892433350382,54.375572547224756,51.669016048127,49.014558000289696,46.36485598979968,43.71536609049499,41.094408014758244,38.54932746992595,36.130607570694565,33.87681917659529,31.804257870502763,29.90472421418892,28.152256991238627,26.515553215504955,24.96996186765248,23.50347774258256,22.114926083231357,20.80713926094582,19.580451641361996,18.430571731470643,17.350819778603725,16.335366922837768,15.38038210036596,14.483001360060523,13.640143016661026,12.848431107230791,12.104667885158719,11.405971116178725,10.749613575124615,10.13296265246211,9.553526202205537,9.008960775452246,8.497058477098825,8.01574843169094,7.563097310529138,7.137305859951432,6.736704660564385,6.3597484355648755,6.005007907813586,5.671160813196332,5.3569849496349216,5.0613421360843285,4.783174194765615,4.521498124537487,4.275382150319269,4.043959049808695,3.826416685586266,3.621972980772842,3.42989731786735,3.24951285443026,3.080159535365223,2.921203862525417,2.772073569095186,2.6322365755705484,2.501154485640755,2.3783223608642103,2.263308891641623,2.1557408413709553,2.0552240574777967,1.9613649437127605,1.8738357075717895,1.7923840875923536,1.7167612081752863,1.6466036508613258,1.5815116627716306,1.5211427076702992,1.4652556336749687,1.4136824769207048,1.3661680411338268,1.3223678854171341,1.282024784895177,1.2449411972824918,1.2110129353964125,1.180157324994205,1.1521022526290838,1.1264471767336808,1.1029504714490614,1.0814031806450681,1.0617553918078846,1.0441449882747644,1.0286306933409908,1.0147163713508944,1.0019072090513637,0.9900691629575497,0.9791082741485034,0.9691792303078748,0.9606189536704978,0.9535513221202295,0.9473110080954364,0.941399225453266,0.9357410851938956,0.9302470844794675,0.9251741465715022,0.9209115095884804,0.9178578759857259,0.9155182913157385,0.9130613476145857,0.9104802530877371,0.9079642305032722,0.9054356830182532,0.9032145605824652,0.9015477488632185,0.9007068506486903,0.8998068956691925,0.8985193349425912,0.8974383317031104,0.8965753877733553,0.8956876884844671,0.8948049290681946,0.8940525713846184,0.8938124326116457,0.8933344744471887,0.8926727838556647,0.8923248090737084,0.8920331950150191,0.8916983116306977,0.8913971676101157,0.8910346814759156,0.8909514580298352,0.8907194960693889,0.8905056994115599,0.8903552957378238,0.8902475060722025,0.8900882733207599,0.8899765805639003,0.889856632117401,0.889801447363237,0.8896837675216795,0.8896433965658153,0.8895727995155784,0.8895364843977723,0.8894629128765381,0.8893993992019191,0.8893718845131815,0.8893382964185992,0.8893065447226243,0.8892809176906851,0.8892582622144909,0.8892368044187535,0.8892139366888617,0.8891990216816367,0.8891784180380349,0.8891647035842408,0.8891553741238571,0.8891405181377086,0.8891292106966407,0.8891251797347438,0.8891131501505004,0.8891105025263637,0.8891018505893263,0.8890982748558958,0.8890920285818047,0.8890889525049142,0.8890844689103731,0.8890800552157149,0.889077598512392,0.889075016310109,0.8890727299358535,0.8890706047686824,0.8890675770369821,0.8890650946725879,0.8890645067922957,0.8890635536552287,0.8890617701130366,0.8890610181638811,0.8890598308386817,0.8890591302475913,0.8890581770322156,0.8890574992454381,0.8890569056631051,0.8890561922961909,0.8890558231942054,0.8890555040889189
1.722585965398784e+55,411.8073617371633,398.38658878924934,384.33923120344934,369.7102556132752,354.5480989914459,338.90656516846667,322.8460293729485,306.4345807879313,289.7490843703124,272.87599554591884,255.91192939191743,238.9639601049066,222.14958375328374,205.5962543346795,189.4403654919575,173.82548816066492,158.89963063330632,144.81115434148236,131.7027862855138,119.70337336030765,108.91688773935246,99.40918960023555,91.19420425140011,84.22307144298524,78.38105055616846,73.49605051383995,69.35896720962411,65.7513059489415,62.47284360039948,59.3630367324059,56.3130790948837,53.268572938044336,50.22429493450727,47.212781885696344,44.28843214563623,41.50925027928304,38.919555091261195,36.53807188416137,34.35538086201198,32.34165266750735,30.460918774445226,28.68485297253795,26.999659384220887,25.40398735652162,23.901091362327158,22.49135577168883,21.169849139815145,19.928895130431034,18.761794895335445,17.664145390887228,16.63265505395207,15.66378202170311,14.753646039957827,13.898571522940903,13.095245409146353,12.34053266618765,11.631406839200153,10.965002749394836,10.338625957409253,9.749737644018833,9.195956293066242,8.675058301340211,8.18497399488542,7.723782767115947,7.289706554512271,6.881100496887989,6.496442630547312,6.134325931539759,5.793439883891065,5.472565900810379,5.170571823722457,4.886384343256725,4.619004432032141,4.367496490827289,4.1309594724900505,3.908551664081693,3.699493478518516,3.5030246758386907,3.3184156687234223,3.1450078724467057,2.9821894698502454,2.8293413225746367,2.6858832335615808,2.5513211091718384,2.425229324547046,2.3071584173349344,2.196660018584723,2.0933637714503557,1.9969896561081484,1.9072633853427063,1.8237758498629146,1.7460743139641677,1.6737734819588974,1.6066093205279448,1.544406734147453,1.4868863056849022,1.4336594889843923,1.3844416920735882,1.3390200453319063,1.2972959026755306,1.2591978371519879,1.2244196788904829,1.1924915048705775,1.1631359074078618,1.1361129635350278,1.111380201263589,1.0891324419450799,1.069466470271912,1.0517728158532291,1.0354354210323062,1.0202927833882174,1.0062329062817374,0.9934626501796896,0.9824259242441769,0.9732942424439426,0.9652164643191055,0.9575506176519941,0.950201222832778,0.9430531058033271,0.9364421561721747,0.9308790906793685,0.9268892491347163,0.9238297320377588,0.9206142459786274,0.9172334958647083,0.9139352028052268,0.91061770030099,0.9077012132728796,0.9055111285965626,0.9044057680647728,0.903222423733155,0.9015287807192593,0.9001062577535953,0.8989703012347393,0.8978014001928444,0.8966386432094671,0.8956473644335307,0.8953309110759773,0.8947009809409934,0.8938287227892766,0.8933699310468876,0.8929854051319368,0.892543774543006,0.8921465930731153,0.8916684503779368,0.8915586645269711,0.8912526500984359,0.8909705776573562,0.8907721297646574,0.8906299017168879,0.8904197846647102,0.8902723922953305,0.890114098949444,0.8900412705460166,0.8898859613303512,0.8898326798224673,0.8897395041180312,0.8896915736216001,0.8895944683560602,0.8895106361329492,0.8894743186740512,0.8894299842584849,0.8893880732944934,0.8893542462921157,0.8893243414048204,0.8892960172129518,0.889265831673794,0.8892461436419314,0.889218946351461,0.8892008428405588,0.8891885276079867,0.8891689170717715,0.8891539906963463,0.88914866961474,0.8891327898852625,0.8891292948628864,0.8891178737647718,0.8891131535625739,0.8891049080573132,0.8891008474204646,0.8890949287537249,0.8890891023505191,0.8890858593165247,0.8890824506113298,0.8890794324191907,0.8890766270307341,0.8890726301821307,0.8890693532588478,0.8890685772085283,0.8890673189888865,0.8890649645647416,0.8890639719288156,0.8890624045594643,0.8890614797198527,0.8890602213944012,0.8890593266578862,0.8890585430782606,0.8890576013724849,0.8890571141259751,0.889056692879375
1.9791668678535493e+55,473.1462127910928,457.72639328247686,441.58665763319476,424.77867016190913,407.35808241072215,389.3867121480011,370.93392732084317,352.0779587901032,332.907120301884,313.5207445244907,294.0298370030712,274.55742022637753,255.23849082607032,236.2194865299376,217.65711621451626,199.716335077724,182.5671966456422,166.38016030747278,151.31921204460562,137.53239076037718,125.13915622662353,114.21518025679488,104.77646485085289,96.76687490591823,90.05458172810273,84.44186267666356,79.68846731862786,75.54335420345495,71.77647373058721,68.20336569078938,64.69901335575283,61.200913211164455,57.70306166446796,54.2428408953425,50.882752343288594,47.689442098836444,44.7138327132602,41.977440796445165,39.469444296319566,37.15556970431967,34.994488394807696,32.953651980554056,31.017207507768873,29.18360234263638,27.456575900131735,25.83656997265998,24.317917931301537,22.891798618016182,21.550513832073904,20.289003516729604,19.103484924906997,17.98988760881826,16.943752078517438,15.960853913656605,15.037385227027606,14.169742614168387,13.354447301654195,12.588205713024653,11.867920343630088,11.190672372075896,10.553723591222905,9.954517110863376,9.390672783085613,8.859981623023227,8.360398323229267,7.89003053366924,7.447127032095085,7.030068603938742,6.637346859149368,6.267558998929945,5.919401528734817,5.591638511045661,5.283119396150152,4.992766565355116,4.7195420349756985,4.4624760935396335,4.220670616423616,3.9932496544943565,3.779372483044263,3.578280408533698,3.38926886705329,3.2116246768965673,3.044679688045944,2.8878658854606694,2.7406953670714493,2.6026528861997713,2.4732247399902514,2.351988989810524,2.2386307925667133,2.132843709901951,2.034163463769189,1.942073924131492,1.8561381734406595,1.7760634985074866,1.7016646098031527,1.6326328884060977,1.5685281689471777,1.5090339259951364,1.453919880833292,1.4030951165188594,1.3565038300160717,1.3138033172300836,1.2744454301167254,1.2381138555229663,1.2045354133714614,1.1736806147645262,1.1458181835723935,1.121097814477072,1.09877846943662,1.0781000468496575,1.05887038146616,1.040958019869142,1.0246379836247697,1.010492642233753,0.9987591814063824,0.9883566278440759,0.97846369331698,0.9689594807404075,0.9596965407566288,0.9511125190565943,0.9438760011133683,0.9386784031358483,0.9346883970392782,0.9304908599916799,0.9260729615079926,0.9217581847677396,0.9174135983570904,0.9135902500571732,0.910716727114646,0.9092656234908971,0.9077115420057947,0.9054861984860848,0.9036160934608595,0.9021220625145789,0.9005840894872527,0.8990535806259746,0.8977482938292248,0.8973315019178776,0.8965017006188305,0.8953523790172497,0.8947477150057543,0.8942408539599387,0.893658635443557,0.893134937954415,0.8925043921803214,0.8923595980625616,0.8919559725260302,0.8915838868496272,0.8913220890115044,0.8911344464906865,0.8908572200297126,0.8906627394798422,0.8904538639270176,0.890357759425304,0.8901528047005935,0.890082488812761,0.8899595211108767,0.8898962637164993,0.8897681034322034,0.8896574574166644,0.8896095227595846,0.8895510058403612,0.8894956867731995,0.8894510372706302,0.8894115642594782,0.8893741772987126,0.8893343330041851,0.8893083449715458,0.8892724444793969,0.8892485476045178,0.8892322912449637,0.8892064047862981,0.8891867014290133,0.8891796773825844,0.8891587154070094,0.8891541018001327,0.8891390253306356,0.8891327943894017,0.8891219098178395,0.8891165495168195,0.8891087364831682,0.8891010452272579,0.8890967641907054,0.8890922644509452,0.8890882802123253,0.8890845768865481,0.8890793007364487,0.8890749749379366,0.8890739504892459,0.8890722895377531,0.8890691815058078,0.8890678711446168,0.8890658020870068,0.8890645812214254,0.8890629201260108,0.8890617389981106,0.8890607046063963,0.8890594614743366,0.88905881826716,0.8890582621854332
2.2739657523579137e+55,543.6215817206819,525.9049568343668,507.36118262577617,488.0496187437602,468.0342059386686,447.3859696262646,426.18460997664647,404.52001017707045,382.49363811332,360.2196218235426,337.82550085307304,315.4526215638407,293.25608795412245,271.40414921433876,250.07685552445284,229.4637316520887,209.76016011364348,191.16198984991945,173.8576324149759,158.0171773719167,143.77787887533512,131.22668160751914,120.3819732607208,111.17925990256866,103.46707913411367,97.01825869989709,91.55676257176093,86.79415489851252,82.46611732111876,78.3607109006463,74.33429434012285,70.31505140887656,66.29608231846137,62.32033648123237,58.4596253329264,54.79052343425196,51.371540404142486,48.22739964807363,45.34566788203632,42.68696561915419,40.203806071482845,37.8587901590708,35.63370172690458,33.52675617634914,31.542250070591653,29.68069115262055,27.935568182392032,26.296744837669433,24.75537490621349,23.305643601240302,21.943203938819746,20.66337827633078,19.461041763913403,18.331339559681556,17.26989540477261,16.27256792250942,15.335358824053104,14.454482510644354,13.626378569221021,12.847691777931765,12.115274321466579,11.42618659889583,10.777691968340577,10.167250340981075,9.592509587662272,9.051293229411524,8.54158685406798,8.061527653850963,7.609380078331848,7.1835298419197215,6.782476725286668,6.404798041431234,6.049169203890608,5.714349420444641,5.399143325811209,5.102434020661633,4.823186966550096,4.560392974625307,4.313083239300259,4.080383503064566,3.8614819397062954,3.655556510147633,3.4618370316109215,3.2796693055210775,3.1084923355146703,2.9477135970042307,2.796742441553849,2.6550954548938557,2.5224152090684844,2.3983555826339953,2.282386348265653,2.173916015837094,2.072445674866893,1.9776467930692287,1.8893195454551917,1.8071194113176348,1.7305449559186603,1.6592411876817235,1.5929564949219246,1.5316083598487231,1.475159683551548,1.423226971598998,1.375172805434,1.3306373152638893,1.289310491168788,1.251181153446081,1.2166104922226264,1.1858181376815513,1.1579116166141274,1.1319612653516034,1.1077407706243327,1.0850978208803914,1.0643948077029832,1.0463909913338714,1.0314128137012157,1.0180985910615,1.005404871927219,0.9931796438018337,0.9812351362493711,0.9701390311338008,0.9607638685715906,0.9540180615161519,0.948832512926458,0.9433705293044692,0.9376142301808014,0.9319846606772855,0.9263084365398366,0.9213066559803967,0.9175433520231593,0.9156415629697909,0.9136037969836368,0.9106840051387309,0.908228616174128,0.9062658808991297,0.9042443718659557,0.9022316130095629,0.9005142003635377,0.8999656483785997,0.8988732855714204,0.8973597782088408,0.896563269292301,0.8958954632715447,0.8951282240447338,0.894437968153623,0.8936067117370048,0.893415801578607,0.8928835719227407,0.8923928637242363,0.892047564615371,0.8918000530655233,0.8914343446689135,0.8911777704429213,0.8909021853041238,0.8907753805265924,0.8905049390898329,0.8904121514378562,0.8902498797231325,0.890166400658995,0.8899972652065189,0.8898512373933454,0.8897879726437783,0.8897107398179193,0.8896377261440634,0.8895787937913272,0.8895266930409784,0.8894773450038287,0.8894247527367132,0.8893904495635958,0.8893430618093844,0.8893115181913384,0.8892900598164374,0.889255889463344,0.8892298806451349,0.8892206087214469,0.8891929382300113,0.8891868480904348,0.8891669464968801,0.8891587213526979,0.8891443531468599,0.8891372772474431,0.889126963578282,0.889116810634652,0.8891111593838081,0.8891052194209064,0.889099959946582,0.8890950712901413,0.8890881063811907,0.8890823959968611,0.8890810436450659,0.8890788510591031,0.8890747482101673,0.8890730184279807,0.889070287103825,0.8890686754611079,0.8890664826777608,0.8890649234904362,0.889063558006569,0.8890619169672557,0.8890610678791694,0.8890603338039158
2.6126752255633053e+55,624.5943575083176,604.2388168023298,582.9329212262727,560.744872002095,537.7481337930005,514.0243111726096,489.66497555517066,464.773398110941,439.46616022409097,413.87438913058423,388.1446211819484,362.439256030805,336.9365001213938,311.82966302156495,287.32561300821817,263.6421041677693,241.00362086993735,219.63518347684348,199.75326736797396,181.553297218808,165.1929719630871,150.77218806556624,138.31207397961305,127.73853155674765,118.87753993342419,111.46809051228708,105.19303137667414,99.72096253909389,94.74819285838342,90.03121209593009,85.40498065282986,80.78698280054905,76.1692893185512,71.60124621050247,67.16536159662293,62.94961717268301,59.021239453731354,55.4086360529171,52.097522365530615,49.04265250250786,46.18946453627483,43.494986511515535,40.938287314038426,38.51731591795829,36.23700900025144,34.09795005719874,32.09265750230821,30.209484112298806,28.438264838107077,26.772317874254593,25.206648054111017,23.735880208369316,22.354125158561686,21.0558038851055,19.835887241300167,18.689615895828705,17.612394822822516,16.599873284045497,15.64795918609067,14.75279609326742,13.91076576934402,13.118489105331888,12.372820081017265,11.670838407404288,11.009839658305072,10.38732113216192,9.800966250870136,9.24863255098131,8.728323700241264,8.238182627433996,7.77648327022024,7.341588545041302,6.931974046252522,6.54621160948614,6.1829251258098115,5.8408286154278555,5.518730772431525,5.215469242301449,4.929927921471878,4.661099522006971,4.408048609682726,4.169827638469575,3.9455486309320684,3.734457576933509,3.5359084553025038,3.349218781984054,3.173708166430119,3.0088208983588567,2.854148559455485,2.709297136105094,2.5736584600958783,2.4465522736834826,2.327405990181595,2.215847086132504,2.111655962488628,2.014444086207058,1.9236371788080728,1.8388335039034027,1.7597545222285589,1.6863253582760525,1.618529316869115,1.5559357373345168,1.4978042053051064,1.443724606385048,1.3933446545422,1.3466758982203795,1.3041913293967082,1.2661988749961468,1.2316325569687852,1.1993644712538776,1.1691298930689866,1.1407538019433416,1.1147080410413253,1.0919742457774397,1.0729978281177042,1.0560787032139258,1.0399013035045257,1.0242757445943913,1.0089641282020305,0.994698545330657,0.9826129747175442,0.9738978421544542,0.9671872966725132,0.9601082818783991,0.9526356288490452,0.945315112659737,0.9379212405248807,0.9313951010993743,0.9264780745430929,0.9239909942683756,0.9213243893014175,0.9175004772731415,0.9142819197901926,0.9117072460595254,0.9090536992044366,0.9064098332997089,0.9041524843987448,0.9034311931550263,0.9019944385596061,0.900002866144625,0.8989543463529637,0.8980750255749698,0.8970645241540257,0.8961551818390384,0.8950597920670345,0.8948081744288918,0.894106611427908,0.8934596630185697,0.8930043539990468,0.89267795257718,0.8921956285262764,0.8918572013848672,0.8914936639003764,0.8913263776543437,0.8909695744890194,0.8908471484295746,0.8906330337992657,0.8905228798159391,0.8902996886780273,0.8901069794898092,0.8900234874751097,0.889921558883261,0.8898251959491543,0.8897474156007983,0.8896786503954737,0.8896135171730795,0.8895441007022156,0.8894988232776304,0.8894362743417089,0.8893946381051439,0.8893663136913803,0.8893212093949506,0.8892868778169016,0.8892746388220586,0.8892381133647685,0.8892300742417699,0.8892038035619875,0.8891929460785437,0.8891739794576842,0.889164638944271,0.889151024382937,0.8891376219380133,0.8891301619543505,0.8891223208374244,0.8891153779933437,0.8891089246409112,0.8890997304771248,0.8890921923558139,0.8890904071511307,0.889087512773174,0.8890820966986488,0.8890798132514107,0.889076207687857,0.8890740801905503,0.8890711855391425,0.8890691272843505,0.889067324733016,0.8890651584245913,0.8890640375571726,0.8890630685160538
3.0018358135756045e+55,717.6281354939869,694.240610702099,669.761174010238,644.2681851883458,617.8460514251418,590.5885322475453,562.6008385704482,534.001623727485,504.92483380363433,475.52112731747866,445.95886706366207,416.4246419449285,387.12320204221106,358.2766501348939,330.122667251436,302.9114416581301,276.9008944017872,252.34956243969802,229.50616514584212,208.59523598517114,189.7979638584543,173.22912602724176,158.91299969931913,146.76445166475577,136.58354222883327,128.07038634072842,120.86059194853688,114.57339554950434,108.8598689029288,103.44022825449578,98.12484876605559,92.81892182104852,87.5133356522906,82.2647857325715,77.16807010940224,72.32427655194229,67.81064662435311,63.65982070217705,59.85538702210599,56.34535958819615,53.06704773434145,49.97107683468133,47.03339663217611,44.25165006705287,41.63150925689741,39.17364471743625,36.869460043695256,34.70557219984305,32.67030100903137,30.755968617651483,28.956835215723416,27.266724308077475,25.67886866207402,24.186857343181554,22.78491119671524,21.46756102551644,20.22952632675938,19.065807198277103,17.971700834252143,16.94277510119085,15.974871454690849,15.064106004534988,14.206862575829275,13.3997842570422,12.639762065128444,11.923918704603555,11.249590646085162,10.61431433784896,10.015794043882455,9.451893961545913,8.920628754340774,8.420115211229838,7.948599531641526,7.504438437750678,7.086048312227762,6.691949037911998,6.320769275691252,5.971170753879327,5.641868160493854,5.331701311766956,5.039592623053948,4.7644501835150725,4.505250424253436,4.2611242263921,4.031327243183572,3.815072904755382,3.611576858374378,3.4201991834324543,3.240471346330149,3.071942530375759,2.913913359898377,2.7655999113838075,2.6263429706838535,2.4957170019172215,2.373476799962965,2.2591805677322077,2.152167895503386,2.051980573653622,1.9583062031033884,1.8710757244780187,1.7902934270617448,1.7154729659522998,1.645754318489469,1.5806682044296894,1.5198124464623928,1.4632244340291014,1.4115084601249233,1.3650796054107952,1.3226733509982194,1.2829311282866325,1.2455441318935627,1.210311682803621,1.1778393295161829,1.14938313187207,1.1255433555192265,1.104217131383719,1.0837594601226923,1.0639344630403396,1.0444420999263404,1.0262195984740663,1.01073270137239,0.9995356095642323,0.9908967183100234,0.9817667101243198,0.972109814314783,0.9626298407989327,0.9530345008747858,0.9445477479930718,0.938142399200636,0.9348987990020319,0.9314182570242323,0.9264220215182525,0.9222119717326741,0.9188409843057821,0.9153637424651623,0.9118961372282328,0.9089330394802313,0.90798576340938,0.9060981726777892,0.9034801351179964,0.9021010741865158,0.9009441659782319,0.8996142293478053,0.898417029422672,0.8969743818000626,0.8966429186085062,0.8957185743650917,0.8948659848614086,0.8942658329376918,0.8938355371283236,0.8931995968922104,0.8927533184521509,0.8922738675116583,0.8920532213944745,0.8915825634894536,0.8914210578500741,0.8911385787730361,0.8909932454067363,0.8906987571496109,0.8904444691850026,0.8903342924694114,0.8901997822304015,0.8900726121978716,0.8899699623707382,0.8898792078000345,0.8897932445614056,0.8897016260503708,0.8896418659437834,0.88955930816721,0.8895043518449158,0.889466965536347,0.8894074301327147,0.8893621135284488,0.8893459583045249,0.8892977450219447,0.889287133365185,0.8892524558067808,0.8892381237249988,0.8892130872953977,0.8892007575135513,0.8891827857750499,0.8891650939522642,0.8891552464054034,0.8891448957153107,0.8891357307686181,0.8891272119580358,0.8891150750786153,0.8891051242503452,0.8891027676558694,0.8890989468722285,0.8890917972600475,0.8890887829394842,0.889084023321788,0.8890812148608835,0.8890773936938089,0.8890746766334978,0.8890722971204693,0.889069437416724,0.8890679577794686,0.889066678564945
3.448962260405767e+55,824.5194106144259,797.6482854443458,769.5226063767332,740.2324048673632,709.8746605447931,678.5570983984883,646.4006004810941,613.5414935016709,580.1336747631675,546.3502433033183,512.3846394684009,478.45124446843045,444.78530577300825,411.64200820799925,379.2944352064804,348.0300403841461,318.14516195546713,289.9368458567838,263.69085826157317,239.66517719606009,218.06798031039747,199.03114202748225,182.5825571057019,168.6244133397892,156.92699134110558,147.14573878416266,138.86198702162,131.63825644029475,125.07364384800071,118.8466893122049,112.73952107393023,106.64320686114995,100.54727641041593,94.51686946078837,88.66090455013112,83.09552753945631,77.90948658705865,73.14028512086782,68.76906730543611,64.73610318100337,60.96936277719818,57.41211536628845,54.03672713398332,50.840489470785144,47.82991946353694,45.00578759434289,42.35821664095248,39.871829325393165,37.5332047955889,35.3335208875113,33.26618230913722,31.324091967877564,29.49947389761346,27.784961449127195,26.17391385909532,24.660046448371634,23.237291263754727,21.899902683001006,20.642476367326854,19.45991888994982,18.347451083890654,17.300609264574426,16.31523725614649,15.387476681385543,14.513753940881083,13.690761555039613,12.915437575452223,12.184949749595578,11.496658558193337,10.848108167187897,10.237015561141279,9.661214956545408,9.118689197671802,8.60754805066412,8.125969679428442,7.672251094946158,7.244814264883661,6.842118947191914,6.46268555377919,6.10517831288726,5.768356345042288,5.450961893521951,5.151815569730143,4.869915832666548,4.604405034888155,4.354376633775294,4.11892636105475,3.8973168297078633,3.689009380209761,3.493486648644969,3.309943315580372,3.1374752055113553,2.9753221451502756,2.822995745656963,2.680218934033252,2.5464863938049187,2.421036673690535,2.3033441350957373,2.193054572448275,2.090102291315529,1.9945124742655673,1.905732611240017,1.822763555472651,1.7450657906456946,1.6721774911566767,1.6041637043759718,1.5417795435655068,1.485566068449075,1.434031422576594,1.3855495837284997,1.339760025632845,1.2964317188258878,1.256329503011062,1.221041528704707,1.1913643798008349,1.164721318970733,1.1390730434262317,1.114127748655229,1.0895084434973463,1.0664043480741052,1.0466970104140638,1.032405226699811,1.0213527610608752,1.0096465215610853,0.9972352612356554,0.9850208395540503,0.972625783489659,0.9616349617902992,0.9533218107051233,0.9491061130962585,0.9445778901029162,0.9380693236279539,0.9325770840033936,0.928174191288199,0.9236275443276352,0.9190883937298457,0.9152055557965098,0.9139634423333817,0.9114871715080355,0.9080500465123025,0.9062383010370859,0.9047177513013006,0.902969040513852,0.9013941768293993,0.8994955688684906,0.8990592093664275,0.8978420760749382,0.8967190765574315,0.8959283766856533,0.895361359228336,0.8945231983446884,0.8939348965710363,0.8933027617441984,0.8930118134391942,0.8923911183550665,0.8921781036754972,0.8918055039681079,0.8916137895776451,0.8912252891667857,0.8908897896342179,0.8907444164637933,0.8905669285376596,0.8903991182371646,0.8902636585878559,0.8901438921053084,0.8900304450242658,0.889909530734845,0.8898306596953302,0.8897216976392831,0.8896491629606272,0.8895998174302183,0.8895212363304721,0.889461421573217,0.8894400975686412,0.8893764579581676,0.8893624508462202,0.8893166769948754,0.8892977586974475,0.8892647104645973,0.889248434971366,0.8892247118831114,0.8892013581398783,0.8891883590146199,0.8891746956720686,0.8891625975177652,0.8891513522572817,0.8891353309035301,0.8891221952062845,0.8891190843516613,0.8891140406685873,0.8891046026965553,0.8891006235820952,0.8890943405442752,0.8890906331687585,0.8890855889403912,0.8890820022118974,0.8890788610688852,0.8890750860330686,0.8890731327929797,0.8890714441261655
3.9626886387014785e+55,947.3322679653412,916.4586573265353,884.1436251858349,850.4906132045344,815.6110461408772,779.6286946311083,742.6824461145432,704.9289331630063,666.5449760753177,627.7294569743808,588.7046291175657,549.7168057525507,511.03627439831433,472.95622958097806,435.79043041655706,399.86914663865207,365.5328559607099,333.1228492956408,302.96745780017824,275.3630856526654,250.54891919143205,228.67647651379585,209.77780858032838,193.7405354234097,180.30072204777824,169.06249550091303,159.54482599138308,151.24507000459195,143.70260790154038,136.5480961363029,129.53120889563658,122.52678675493816,115.52279877218167,108.59408680983302,101.86579312781912,95.47136447132289,89.51276933173314,84.03309838560222,79.01068761648807,74.37690970697135,70.04900447358773,65.96178960827062,62.083514126320786,58.41106556444098,54.95193182409438,51.70699823133749,48.6649160154474,45.808016718089114,43.12087965239593,40.593367985482374,38.21790358585453,35.986331715966074,33.88971751919066,31.919596378167732,30.068337683989437,28.328719914071588,26.69377048774138,25.15688710906592,23.711859541997228,22.352834704824353,21.074320513447415,19.871187284847597,18.738658574315416,17.67230001938985,16.668004381251425,15.721970108895956,14.83067768520124,13.990871438347003,13.19951706394474,12.453791235716034,11.751069128672077,11.088860511680965,10.464845859097515,9.876851405861967,9.322781829128953,8.80067827934658,8.308725437183908,7.84515120413941,7.408252975160621,6.9964933979784565,6.608444104465037,6.242656929336257,5.897773566447073,5.57264033896323,5.266269309741178,4.977615957329956,4.70563805174701,4.449485840914876,4.208539419017656,3.982204095185514,3.7695521096993096,3.5695404484692297,3.381292027688617,3.204244841805212,3.0380832836952054,2.8822272432828155,2.7357976191955684,2.598189233079265,2.4689973135737175,2.3481568383091638,2.235713581439809,2.1310366378816443,2.032965336838388,1.9408769235973324,1.8542382548159955,1.7731429148071365,1.6985167553287008,1.6310455755576305,1.5689769311996276,1.510375629895361,1.4548194932128158,1.402040293260079,1.3529884370187242,1.309646413184232,1.273053103329523,1.2400797768767944,1.208220180315325,1.177114316844622,1.1462899675601006,1.11724059129213,1.092361342636224,1.0742569949534342,1.0602185087653597,1.0453122519381535,1.0294644392119003,1.0138219289048531,0.997899180346361,0.9837371920641184,0.9729974032886578,0.9675416050512795,0.9616740448395503,0.9532268794578764,0.9460860663282201,0.9403530040309636,0.9344245837802809,0.9284974966879314,0.9234205869767055,0.9217951468863435,0.9185527115492425,0.9140477457945597,0.9116710553298397,0.9096752460936126,0.9073786936393886,0.9053092819642352,0.90281297697225,0.9022390172642815,0.9006376189561441,0.899159473062643,0.8981183684948197,0.8973716063437231,0.8962674759458937,0.8954922966590424,0.8946591810747345,0.8942756661544626,0.8934573617273078,0.8931764884713201,0.8926851411669331,0.8924323019741351,0.8919198819816725,0.891477311340697,0.8912855273962434,0.8910513624581942,0.8908299518135118,0.8906512152487654,0.8904931783098152,0.8903434738316705,0.89018390893953,0.8900798228138369,0.8899360207209182,0.8898402903462523,0.8897751632981938,0.889671448278499,0.8895924999944456,0.8895643544632255,0.8894803553254886,0.8894618668127511,0.8894014475390906,0.8893764760094423,0.8893328530226361,0.8893113695161462,0.8892800550250857,0.8892492278086173,0.8892320686977622,0.8892140327199953,0.889198062758573,0.8891832185826833,0.8891620696764124,0.8891447298753073,0.8891406233739819,0.8891339654217049,0.8891215067223309,0.8891162540355908,0.8891079600066728,0.8891030660149581,0.8890964072746679,0.8890916725305414,0.8890875259868424,0.8890825426510293,0.8890799642221625,0.889077735049139
4.5529350748669384e+55,1088.4382405659785,1052.965970827831,1015.8375779377076,977.1719112350042,937.0969922349236,895.7550272483498,853.3055910366579,809.9286466307517,765.8273517493996,721.230212041582,676.3925854164617,631.5974735017733,587.1554231547121,543.4033002279274,500.7015982516772,459.4297806310488,419.9790392495267,382.7415003706438,348.09440025378274,316.37829283449076,287.8679918600684,262.73758493736335,241.02389813754567,222.59781365814885,207.15608427655292,194.2438720525279,183.3084972997014,173.77244648726148,165.10648890134786,156.8862653083829,148.82416201523023,140.776375599101,132.7290821201955,124.76827077088254,117.03772404718318,109.69076645323297,102.84455583893579,96.54860221625884,90.77801505258756,85.45394446987137,80.48130196094289,75.78519495789755,71.32914218949693,67.10956723625276,63.135073406334755,59.40667796516246,55.911341446776945,52.6287630315561,49.54122442156444,46.63707837061135,43.907617572029615,41.34347217309167,38.93437589200246,36.67060268872166,34.54338475874298,32.54442428518663,30.6657094157211,28.899653686274988,27.23912103921017,25.67738570953516,24.20813663772621,22.82547908100305,21.52392408433988,20.29837566277556,19.144113615899283,18.05676889994453,17.03229645141971,16.066954293589525,15.157254722590016,14.299952375594886,13.492029902152785,12.730624501035088,12.013069444058289,11.336865409356841,10.699603067247802,10.099029812226757,9.533057901801715,8.99964906432601,8.496844685098383,8.022876009709336,7.576099440698276,7.154848251142848,6.75755876516078,6.382902633270507,6.029742252905642,5.696874602226207,5.383098950178561,5.087436299398667,4.809173007112297,4.547624992994631,4.301723442450058,4.070265520413575,3.8522393309807637,3.6469973643223628,3.4541783285974437,3.2731148818780147,3.1027917353132057,2.9425108191738873,2.7918072705245978,2.6506140565488012,2.5189973980898257,2.3962341363683017,2.280976706530709,2.172504364239582,2.0701993204931153,1.97418416719105,1.8855765893160075,1.805226267491234,1.7310818931561325,1.660851949978419,1.5940403759407593,1.53033268580701,1.4708916826798797,1.4181603867771553,1.3734693140583303,1.3330517799569588,1.2938538217562618,1.2554321722711184,1.2171970287839504,1.1810026735673858,1.149868594164763,1.1271277819697332,1.1094416818993822,1.090609509594984,1.0705249684645581,1.0506335581782584,1.0303133654890855,1.0121752751372621,0.9983773036389636,0.9913532239456334,0.9837876257026271,0.9728746181431539,0.9636291508850559,0.9561926000531353,0.9484894339092333,0.9407742472406297,0.9341545297927342,0.9320329182610647,0.9277974549598939,0.921905487873441,0.9187935799787071,0.916178499185827,0.913167217268238,0.9104517857487353,0.9071736717217033,0.9064195625023459,0.9043147488111576,0.9023709054488549,0.9010011998238132,0.9000184344412071,0.8985648914640368,0.897544064158384,0.8964466315292311,0.8959413332907319,0.8948629517264803,0.8944927381993679,0.8938450144004759,0.8935116624681662,0.8928359784032609,0.8922522994999433,0.8919993389887856,0.8916904550322524,0.8913983713422154,0.8911625661997379,0.8909540572834123,0.890756531073209,0.8905459829695098,0.8904086333849102,0.8902188671183622,0.8900925325435667,0.8900065824422398,0.8898697024994093,0.8897655055270195,0.8897283579742341,0.8896174904533569,0.8895930876633393,0.8895133397799503,0.8894803791519835,0.8894227992283326,0.8893944418590842,0.8893531075909827,0.8893124160571895,0.8892897660535304,0.8892659584359797,0.8892448778455785,0.8892252832004652,0.8891973659890512,0.8891744767559342,0.8891690559885158,0.8891602671734566,0.8891438210385476,0.8891368871951729,0.8891259385815365,0.8891194782047844,0.8891106882306852,0.8891044380449493,0.8890989643152144,0.889092385950142,0.8890889822322066,0.8890860395554216
5.231099308056237e+55,1250.5621039850605,1209.8062007827853,1167.1474928145994,1122.7225320949472,1076.6784090089025,1029.1785115652406,980.4061832577921,930.5681926872037,879.8979579954386,828.6580208327895,777.1417747562509,725.6743745736286,674.6126231824855,624.3435626875387,575.281382212505,527.8620663240428,482.53507504427523,439.75094199896364,399.9430930337347,363.5028079842591,330.7458346977296,301.8721919459417,276.9241920271167,255.7534860215736,238.0116587341266,223.17612425420552,210.61188068040502,199.65539260067735,189.69859870905034,180.2539296496165,170.9909299896897,161.74437544455873,152.4983821344448,143.35174704460135,134.46966936669844,126.0283120808625,118.16228472953405,110.92847270514532,104.29827831928688,98.18110653130486,92.46770433816997,87.0720227262793,81.95214567934448,77.1039637603397,72.53736181498944,68.25350869137523,64.23742243413741,60.46577785038602,56.918216887898076,53.58135697672282,50.445193495114054,47.49896054128335,44.73086216406726,42.129723088516045,39.6854690057599,37.38856557114807,35.22980694894383,33.20047600915838,31.292373071793055,29.497769810132475,27.809414318232562,26.220532961006896,24.72481827557439,23.316414244276203,21.989896550219257,20.7402442815096,19.562808707417354,18.45328927617243,17.40767752210689,16.422243360500822,15.49351862992253,14.618212654155895,13.793259979429136,13.015787431526006,12.283025109936712,11.592383108385016,10.941460891566804,10.327914590048932,9.74949168080543,9.204157761127343,8.690022158638476,8.205167271771339,7.747793707977366,7.316372617029951,6.909594558192947,6.526074535419836,6.164429842476261,5.823533001801164,5.502562485150576,5.200731199467591,4.916808133409174,4.649406794232621,4.397360226870963,4.159922141836464,3.936677779870012,3.726858725785725,3.529292684354932,3.343173887522699,3.1679669971975706,3.003600416061872,2.8501610639351647,2.706818010037038,2.572008189588108,2.444896409296427,2.324765386054835,2.2117673022796622,2.1072349222618967,2.012202102477144,1.9242748277710022,1.8407521100228816,1.7610496851075634,1.684795802930327,1.6133935317522863,1.5498167163899672,1.4957394168636542,1.4466619278679478,1.3988931722912814,1.351888452717431,1.304913588109083,1.2602436644585415,1.2216447509458486,1.1933401585747982,1.1712570446670159,1.1476713384795774,1.1224306408867506,1.0973387226069342,1.0716025448030675,1.0485356005536428,1.0309246388450888,1.0219373862607672,1.0122399810449627,0.9982193343066729,0.9863098560657787,0.976708976817211,0.9667429751083229,0.9567394328621222,0.9481382108486051,0.9453779181440222,0.9398620912739228,0.9321769756293178,0.9281122421653738,0.9246933316189696,0.920752854285812,0.9171961929682307,0.9128982766106899,0.9119089033442542,0.9091461103872668,0.9065928596707616,0.9047927262517845,0.903500607493167,0.9015887181295501,0.9002454176762916,0.8988007806087568,0.8981354306137592,0.8967150808234398,0.8962273439013102,0.8953738487242481,0.8949345202246961,0.894043869186964,0.8932743227464317,0.8929407595726702,0.892533412948354,0.8921481807707298,0.891837145675742,0.8915620934329878,0.8913015100078342,0.891023727385425,0.8908425065534785,0.890592111804371,0.8904254051177163,0.8903119840542786,0.8901313479779142,0.8899938366234594,0.8899448108238915,0.8897984885794287,0.8897662811509865,0.8896610258789718,0.8896175219015878,0.8895415222435479,0.889504092814713,0.8894495342477432,0.8893958232564773,0.8893659259316029,0.8893345003285827,0.8893066741249552,0.8892808091674841,0.8892439580965228,0.8892137437441184,0.8892065881609451,0.8891949866194868,0.88917327705101,0.8891641240566021,0.8891496713329878,0.8891411432822898,0.8891295400038176,0.8891212893717814,0.8891140636944798,0.8891053798082459,0.8891008866625931,0.8890970021190567
6.010276782070339e+55,1436.8344921285036,1390.0079534147746,1340.9951849017498,1289.9530781169371,1237.0506326506722,1182.4755732543456,1126.438552542107,1069.1771374142124,1010.9595137719655,952.087328982031,892.8976777188219,833.7641467538831,775.0966849377413,717.3399844629906,660.9699280952537,606.487440484181,554.4089289248371,505.252034270947,459.51474146654823,417.64661191440376,380.01042469557194,346.8359921365456,318.1719298188432,293.84779306770577,273.4632707704643,256.41793784103174,241.98220818968161,229.39371156385707,217.95381431874657,207.10232194536258,196.45955613199138,185.8356812285112,175.21244669525183,164.70336509357531,154.4982423296843,144.79948159083298,135.76174344059356,127.4503871165264,119.8325555491358,112.80415913252779,106.23967067734729,100.0402231060011,94.1576562530366,88.5872483099704,83.34035653766473,78.41832393732396,73.80393676038979,69.47039502779484,65.39430781595473,61.5602988115501,57.956872886732164,54.5716601991283,51.39110734618845,48.40237402126429,45.59388487401005,42.95468492151878,40.47419657752661,38.142403715756814,35.94988469524446,33.88775939052335,31.947695011573803,30.121908228372597,28.403151268864676,26.78469499820507,25.260306233972447,23.824215236005326,22.47107983199816,21.19595784293186,19.994242627845573,18.861647340444044,17.79418602432823,16.78807656907736,15.839795582280619,14.946040533830137,14.103627438919771,13.309579047913255,12.5611356412581,11.855602447591636,11.190389487067346,10.563157362802778,9.971731746030432,9.413907044862851,8.887613300675458,8.391091519750384,7.922834997729179,7.481249853538438,7.064744507880051,6.672021003169522,6.302133806014409,5.954177322036685,5.6267342181011095,5.318207138620004,5.02725103015926,4.753005854206752,4.494994781915851,4.252332777484591,4.023666996211911,3.808067403108373,3.6049167526245607,3.414136474150476,3.2358349673085955,3.069056170288743,2.911989220273563,2.7636661726672678,2.6232538415149547,2.49093509751314,2.3682841850559178,2.256541492693269,2.1529202590689973,2.0542501479521116,1.9598425467134226,1.869255887584458,1.7841634226699206,1.7081452865714095,1.6432734906830506,1.5842094292441076,1.5265260276536132,1.46955593767752,1.4123893839702326,1.3577853080386537,1.3103888182432273,1.2754936285903553,1.2481794970679185,1.2189141553468616,1.1874813804191888,1.1561078612006361,1.1237872180600421,1.0946865510888755,1.0723783375485012,1.0609619265981793,1.0486180554212385,1.030722685171105,1.0154749385779218,1.0031500545129906,0.9903241750341202,0.9774156276340958,0.9662880611238808,0.9627112575796041,0.9555552408520553,0.9455653980770521,0.9402722840788756,0.9358150283165473,0.9306718890541933,0.9260241881253044,0.9204007382468771,0.9191051142192844,0.9154848905943477,0.9121362872215621,0.9097736790289085,0.908076935754329,0.9055649745533597,0.9037990789357436,0.9018990555966245,0.9010236511967515,0.8991542126529315,0.8985120486984343,0.8973880566124727,0.8968093612437377,0.8956358972007323,0.8946216958135653,0.8941820001514607,0.8936449742614349,0.8931370315357006,0.8927268696238234,0.8923641204561547,0.892020420505074,0.8916540002598324,0.8914149341032926,0.891084588373091,0.8908646358738964,0.8907149808253323,0.8904766254107571,0.8902951641799531,0.89023046712624,0.890037365740197,0.8899948602528358,0.8898559470501975,0.8897985300854285,0.8896982228580709,0.8896488210735044,0.889576809952661,0.8895059161561412,0.8894664537170507,0.889424973597248,0.8893882441013468,0.8893541030437061,0.8893054600590633,0.8892655769845313,0.88925613152061,0.8892408172815873,0.8892121600971575,0.8892000778438577,0.8891809996928721,0.8891697422914318,0.8891544253987899,0.8891435341237977,0.8891339958172371,0.8891225325588125,0.8891166013189828,0.8891114734651664
6.905513520162373e+55,1650.8523502069863,1597.0509491351056,1540.7376768350575,1482.0927939442006,1421.3104726632616,1358.6063994767899,1294.2226038499516,1228.4320384318466,1161.5428355894353,1093.9015732575306,1025.8955565720844,957.9540182798722,890.547969352579,824.1883391375418,759.4218934033721,696.8241698059908,636.9884948086749,580.5096122085697,527.9596822052846,479.8552288606507,436.6130678031045,398.4972426211903,365.56361095322995,337.61634105947974,314.19549584762694,294.6112167657982,278.0252451290857,263.56165437090607,250.41774779667278,237.94988831196557,225.72184308606703,213.51549935114355,201.30988748720543,189.23542757473908,177.5101974123857,166.3667488276505,155.98277992179146,146.43338587327162,137.6808157569984,129.60547541732328,122.06313953137234,114.94021382074342,108.18136399137647,101.7811646844786,95.75266488621598,90.0974076843501,84.79561513716217,79.81649496798997,75.13317169975976,70.72797835684075,66.58770733252284,62.69814598018181,59.04372172743888,55.60968128740909,52.38272474612666,49.35026493956164,46.50014827551214,43.82086621772429,41.30159322999489,38.93212591036344,36.702889675863055,34.60494120251164,32.62995245140037,30.77019122735121,29.018495115674735,27.36823412973966,25.813269493149612,24.347921960211046,22.96689775353722,21.665270478230205,20.43845940473935,19.282117944890174,18.192196718026384,17.16490005113369,16.196568374445725,15.283779583156406,14.423361458421583,13.612216261414547,12.847366507918114,12.126122591839952,11.445984493001035,10.804415980872411,10.199036490407634,9.627822836829761,9.089041862896071,8.580859911697893,8.101445662883512,7.6493054593837115,7.223351328667143,6.822541487922655,6.445244668023894,6.089621504865936,5.7541225196147705,5.437756922345332,5.139976182278516,4.859761041392641,4.595551325682641,4.346274033100231,4.1112172738783705,3.8902931957851514,3.6836330472422816,3.490136132168255,3.307707175580859,3.1352250436315274,2.971722465637083,2.817414871192922,2.6741484877523307,2.5433955700127147,2.421919554904795,2.3060131462892506,2.1948655521387646,2.0879516323580836,1.9872480915187016,1.8970238518107188,1.8198065013842173,1.7492997346014107,1.6802308768710785,1.6117859016157603,1.5428441477599975,1.4767151918832653,1.4190654046790048,1.3764550965539177,1.3429938119064313,1.3070277537369168,1.2682548925986437,1.2293936738066429,1.1891738980518043,1.1527839715937338,1.1247637060585405,1.1103794503570785,1.0947908090210068,1.072122040844667,1.0527388282998793,1.0370227288560092,1.0206194395786354,1.0040582256463488,0.989737912256386,0.9851258726226975,0.9758852069687911,0.9629542851000424,0.9560878064900844,0.9502973477785138,0.9436062344789264,0.9375506370512426,0.9302119931220907,0.9285193454777237,0.923786036579258,0.9194029197400647,0.9163075149120032,0.9140830088980095,0.910787401599839,0.908468938945983,0.9059728269585702,0.9048222397382034,0.902363985950338,0.901519194328793,0.9000400863250393,0.8992783314825427,0.8977331914635744,0.8963972460122954,0.8958179137251981,0.8951102196407248,0.8944407278387555,0.8939000277654054,0.8934217644754088,0.8929685595931668,0.8924853345644987,0.8921700266390578,0.8917342844809374,0.8914441278879608,0.8912466931379494,0.8909322172320566,0.8906927870833697,0.8906074183907589,0.8903526065651255,0.8902965150036197,0.8901131948616483,0.8900374205170801,0.8899050392669812,0.8898398391219379,0.8897447972537667,0.8896512276530191,0.8895991418843402,0.8895443922185169,0.8894959122260591,0.8894508481906397,0.8893866415736839,0.8893339968177252,0.8893215289084562,0.8893013141900923,0.8892634865518053,0.8892475377952822,0.8892223542071555,0.8892074941031121,0.8891872752535119,0.8891728983107042,0.889160307297059,0.8891451751991527,0.8891373456292834,0.8891305765606236
7.934096665797524e+55,1896.7483922382557,1834.9332164184668,1770.2320233657656,1702.851923684844,1633.016011678489,1560.9721004998296,1486.9982700870198,1411.40812959087,1334.5557079220123,1256.8392060505807,1178.7036184890442,1100.6421125022687,1023.1958564691762,946.9518830072014,872.5383990094805,800.6166688488054,731.8683953715631,666.9769099021254,606.5995963871326,551.3299156975373,501.6467687757641,457.8535291901012,420.014375254284,387.90430662599147,360.99487878531,338.4934784518924,319.4369874561598,302.81900865608037,287.7172821246798,273.39229946205484,259.34284960304063,245.31833087479757,231.29464965078333,217.42165196013013,203.94989860592858,191.14658066341738,179.2158651460928,168.24403327144603,158.18771128326455,148.90949109667278,140.24366424459535,132.05971572677132,124.2940686077165,116.94048921385365,110.01397023429585,103.5162846405293,97.42470838283792,91.70386228379334,86.32286734357132,81.2614247723657,76.50435944373889,72.035341458457,67.83647836555863,63.89081900963376,60.18308208958133,56.69880519996377,53.424024054605596,50.345515475261095,47.45084098718265,44.72827688196779,42.16682189617021,39.75620001381679,37.48684211211685,35.34986362407566,33.33703459345921,31.440736758754287,29.65391619593073,27.970046922125125,26.38304579581716,24.88725173922715,23.47740078930232,22.148497939965154,20.8958896199955,19.71521370876115,18.602264373149797,17.553108558128343,16.564100273321046,15.631678975311011,14.752422156801934,13.923238038539909,13.141252600892985,12.403549960962282,11.707392931971814,11.050455015710382,10.430743071001881,9.846148181032857,9.294563830666513,8.77427171520387,8.284020294715328,7.822611344505802,7.388167991505784,6.978573138295589,6.59204271571495,6.227435775561789,5.884121194894714,5.560925450612208,5.256050447585272,4.968258966808863,4.696730135340271,4.441364536742811,4.202318249145311,3.978323899109709,3.766960107151176,3.5669295627215805,3.3771106058191913,3.197754009362376,3.031013473675378,2.8786222999701416,2.736829002308397,2.6013126649808727,2.471120743729059,2.3456297217932893,2.227157744300848,2.12075444123249,2.0294652062502276,1.9459018144622071,1.8638239096011222,1.7822442588440226,1.699792402269994,1.6204007388738606,1.550909893697088,1.4993582699054364,1.45875019180658,1.4149676325729208,1.3675968533937375,1.3199208961548718,1.270346633431151,1.2252664137630183,1.1903919755511503,1.1724295560844642,1.152914663904902,1.1244411218109618,1.0999990200354395,1.080112175725367,1.0592858711455295,1.0381823126433427,1.0198684392526747,1.0139566411605636,1.0020911561500683,0.9854393805376291,0.9765735439311057,0.9690839159181504,0.960413998698888,0.9525530032370546,0.9430074109086227,0.9408027130972444,0.934631384895186,0.928908470668411,0.924862071986147,0.9219516412558492,0.9176359533747319,0.9145970540385665,0.9113226789081728,0.9098124259410749,0.9065837678484752,0.9054735988905837,0.9035290796285701,0.9025272474585315,0.9004943250879834,0.8987357575545999,0.8979729003816651,0.8970408079757224,0.8961588178848291,0.895446346523575,0.8948160337229233,0.8942186475132993,0.8935815849480488,0.8931658379722529,0.8925912165990207,0.8922085321980197,0.8919481150039097,0.8915332821844273,0.8912174127992498,0.8911047831976474,0.890768581478448,0.8906945694935336,0.8904526709063991,0.8903526788498505,0.8901779816276407,0.8900919370563369,0.8899665067838913,0.8898430153362977,0.8897742716935487,0.8897020108095035,0.8896380237142388,0.8895785442248627,0.889493797003336,0.8894243089859568,0.8894078518778745,0.8893811691556209,0.8893312374729962,0.8893101852480274,0.8892769428767754,0.8892573273775326,0.8892306381073387,0.8892116601483011,0.8891950395841204,0.8891750646030632,0.8891647292115662,0.889155793706854
9.115888299750837e+55,2179.2709043184004,2108.2482942780007,2033.9097916137077,1956.4933562315612,1876.25531251781,1793.4803855999367,1708.4880756506006,1621.6387041577805,1533.3390329223116,1444.0465752646712,1354.2726079785498,1264.5837559740248,1175.6017950724329,1088.001196841182,1002.5037400586859,919.8691849198007,840.8807744289264,766.3236226586972,696.9530314764177,633.4508583724892,576.3673372458128,526.051029829384,482.57567440433945,445.682757238495,414.7651220486118,388.91209535536467,367.01710156134203,347.9238392830422,330.57267639617345,314.11395318732207,297.9718019028686,281.8582928124919,265.7457430318755,249.8063180860408,234.32790014578688,219.61747903016905,205.90963315778166,193.3034958872111,181.74923307797067,171.08896934709063,161.13231323017996,151.72930874263918,142.806908628232,134.35795052547275,126.3996603372533,118.93407515506125,111.9350860166285,105.36204366694788,99.17946930565921,93.36404035627963,87.89832113876489,82.76354916854964,77.93916661025241,73.40569711061316,69.14558289714836,65.14220705170771,61.37952494153365,57.84234340461113,54.51637083852576,51.38813684145502,48.44500103289657,45.67515627280721,43.0676075724842,40.61214642976717,38.299316423932375,36.120363907287576,34.06718359399639,32.13227674410332,30.308653382923787,28.589808430359405,26.96969303815096,25.44256732348024,24.003083658025947,22.64622923394129,21.367170731878705,20.161388189640416,19.024691429966044,17.952988337420276,16.942345277219335,15.989208576132324,15.090274695870235,14.2421917692511,13.441813101471613,12.686463919569116,11.973852568110871,11.301554096064491,10.66714605555788,10.068652242650051,9.504633302075359,8.973711336998011,8.473727513821519,8.002245979978252,7.557213458600547,7.1373166228900065,6.741829364706922,6.369400984550769,6.017960421327482,5.686081976444708,5.37281952333906,5.0780597398101275,4.801986140402837,4.5431396242938,4.298725055029193,4.067242905112582,3.8473942503951184,3.639468975483619,3.4459695901296032,3.2689242950144934,3.103992207830629,2.9461514793953967,2.7942862339677004,2.6476586494629055,2.508972332213107,2.3841616427979138,2.276858438591395,2.178430027017465,2.08153146910628,1.984973451957757,1.8870934565460218,1.792526748861731,1.709454576675916,1.6476213046680837,1.5987754230522864,1.5459595788158298,1.4886192259615136,1.4306796628809793,1.3701572720564186,1.3148449830514262,1.271851736467645,1.2496318093342151,1.225428731621875,1.1899896027674077,1.1594404074606237,1.1344906009489242,1.1082650350095258,1.0815816837927963,1.0583305929720097,1.0508051568505938,1.0356703794643525,1.0143587159715861,1.0029759804772393,0.9933399007406972,0.982161363771668,0.9720029250131236,0.959637265177366,0.9567763830969576,0.948758373127293,0.9413096556622216,0.9360351274182936,0.9322372303965129,0.9265991358418582,0.9226243784581284,0.9183372312299496,0.9163582992091623,0.9121243581353781,0.9106674674556228,0.908114331892841,0.9067982783425446,0.9041263527662039,0.9018135133257839,0.9008097786417701,0.8995830104991275,0.8984218172373057,0.897483544093366,0.8966532723274508,0.8958662028246325,0.8950266761863376,0.894478699261378,0.8937211844952261,0.8932166116941571,0.8928732100603634,0.8923261210491796,0.8919094925628201,0.8917609239154788,0.8913174078471982,0.8912197643523978,0.8909006112036275,0.8907686768561129,0.890538161566809,0.8904246193157181,0.8902590984098046,0.8900961287501457,0.8900054057511436,0.8899100385322164,0.8898255886853106,0.8897470862134247,0.8896352318782368,0.8895435149905365,0.8895217930000935,0.8894865737908896,0.8894206667750467,0.8893928786661649,0.8893489996152592,0.8893231074288823,0.8892878776697468,0.8892628266131521,0.8892408871959817,0.8892145197199448,0.8892008766695187,0.8891890814739406
1.0473708979594487e+56,2503.8754346736278,2422.27393412981,2336.8626352324773,2247.9149422272426,2155.7253592426628,2060.621021461603,1962.9690188831223,1863.1833431894242,1761.7313436973786,1659.138680722399,1555.9927861639887,1452.9446841817028,1350.7087646151708,1250.0599621196964,1151.8275650055862,1056.8845003627052,966.1306758826653,880.4681490461439,800.7647246231423,727.8038234846106,662.2176375775304,604.4066475741889,554.4555756193862,512.0674026556618,476.5445363658456,446.8406578425921,421.6843659350053,399.7471266807523,379.8114741174368,360.9011901732264,342.35463032120964,323.8409768112316,305.32842294092603,287.01477827095806,269.2308053837965,252.32922085756795,236.57954425720493,222.09567536105516,208.82035734030524,196.57219891871253,185.13244914942052,174.32881539296386,164.07736951985376,154.36988217449445,145.22614510806432,136.6484988685375,128.6069454134355,121.05478046746809,113.95124032920847,107.26952827329775,100.98961138064801,95.08993227513439,89.54687076223904,84.33804919968146,79.44329430045718,74.8435137585607,70.52027277038303,66.45611480784419,62.63461916775588,59.04030863920348,55.65865963670941,52.47610589814227,49.48001425351991,46.65865513718957,44.00116305826131,41.49747994765843,39.13829264228457,36.914984841880326,34.81952475942405,32.84443769636619,30.982773112606168,29.227935407632256,27.573779628992117,26.014545479354407,24.54467881600114,23.158985482455293,21.85265019453883,20.62097023697882,19.459424878321506,18.363929917414886,17.330688491271612,16.355848006264694,15.435791475947774,14.567444178201859,13.748171662838315,12.9751860845451,12.24570224425264,11.55744783054036,10.908767824630202,10.298077988045554,9.722895762554042,9.180419409026808,8.66828668094423,8.184986384302682,7.729683263797819,7.300823189695025,6.89602192032554,6.5136374902193825,6.152579957636432,5.812719609286018,5.494270648480193,5.1955536601508285,4.913345140739375,4.645913678495124,4.391757121176359,4.151209259049562,3.927169482289011,3.722000236475441,3.530685900445149,3.3474038468553355,3.1708508498474735,3.000157460130408,2.8384640342629273,2.692708622426085,2.567186701042103,2.4518468948362,2.338085041073644,2.224478394561645,2.1090266493594463,1.997158685904027,1.8985801013073045,1.82498870934698,1.7667068986484957,1.7035249813738618,1.6347161644868802,1.5649323804119368,1.4917240868514774,1.4244962770128253,1.3719992585478946,1.3447754958136637,1.315044656853032,1.2713545759855864,1.2335296891561747,1.2025151544252988,1.1697855999392686,1.1363372525464586,1.1070596027844468,1.0975556028802054,1.078397930920466,1.051317295261566,1.0368004370235993,1.024480871359489,1.0101530880196539,0.9970977110973589,0.9811586042278998,0.9774633731282651,0.9670912819162137,0.9574343704861025,0.9505834607047189,0.9456438127358254,0.9383002208472635,0.9331154114672259,0.9275158265207045,0.92492849111584,0.919387296723393,0.9174788082029631,0.9141320504353668,0.9124058007283307,0.9088987246962356,0.9058604097234934,0.9045410840138823,0.9029279817668298,0.9014004762877622,0.9001657647323298,0.89907284043275,0.8980364927443878,0.8969307589677606,0.8962088470854366,0.8952106578506382,0.8945456260848511,0.8940929515392732,0.8933716609439698,0.8928222774988738,0.8926263490794186,0.8920413900851565,0.8919125944107952,0.8914915873266425,0.8913175336766183,0.8910134079639739,0.8908635990570903,0.8906451980251624,0.8904301506505361,0.8903104312505208,0.8901845790702732,0.8900731305001651,0.8899695276589927,0.8898219039899945,0.8897008529959926,0.8896721830074633,0.8896256981028209,0.8895387075913296,0.8895020295156707,0.8894441119405391,0.8894099354615427,0.8893634333106984,0.8893303663618995,0.8893014064769937,0.8892666012813687,0.8892485922593394,0.8892330223609286
1.2033778407775856e+56,2876.830141040324,2783.0740138923798,2684.9406149356796,2582.7440722286688,2476.8227565570846,2367.5525301841585,2255.3551614932753,2140.7063065966913,2024.1429269063353,1906.2689803049136,1787.759397187811,1669.3621723293368,1551.898104552616,1436.2575556946915,1323.3933372680974,1214.3083995988234,1110.0366924059074,1011.6146354310052,920.039293775235,836.2107796539226,760.8554507748156,694.4334400858746,637.0420895917296,588.3401394311499,547.5260906502831,513.3977743530124,484.49441290539613,459.2895855943304,436.38448318559506,414.65747834487667,393.3483733259491,372.07707422296244,350.80703632373815,329.76553295416636,309.332594178944,289.913474340477,271.8178386095778,255.17655260460106,239.92383117123265,225.85126444967625,212.70751789999267,200.29463523347934,188.51618678375655,177.3627172911237,166.85696653644237,157.00162372045435,147.76222245415602,139.08510157601907,130.9234253308793,123.24640539603705,116.03102477491038,109.25251492388145,102.88373718004563,96.89898049669048,91.27506652326394,85.9900588907497,81.02277664596902,76.35316280666456,71.96235048264842,67.83255678661268,63.94709447539316,60.290376198046545,56.84788665465665,53.606148716066116,50.55267800651254,47.67591781214017,44.965167253299285,42.41052608648996,40.0027656162571,37.73329718673312,35.59413434841487,33.57769841914874,31.67692846010473,29.885205449520416,28.196147166696683,26.603784957021592,25.102585440883512,23.687144487466348,22.352266965980874,21.093259272905566,19.90575789315852,18.78533510118805,17.7278337607944,16.72971981134546,15.787965117479725,14.899365083360731,14.060717949064435,13.269411385387585,12.523542715304833,11.821290725258242,11.159801142414514,10.535852175512451,9.946726917146107,9.390687038324186,8.86677191237175,8.373193852321778,7.907209244813013,7.466927975455551,7.051095040069861,6.659561623650448,6.292576550331534,5.948207373211298,5.622739531892402,5.31417579564555,5.02078115239522,4.742939160748305,4.484001862588068,4.246711643737837,4.025280187257364,3.8129695775233308,3.608262226517296,3.4101379367139817,3.2222335780626867,3.0526277439197753,2.9063673747594554,2.771782744751304,2.6388346263808296,2.50583256073551,2.3703886693838214,2.238829840969196,2.1225920566800607,2.0355989211116534,1.9665523566900203,1.8915313892425833,1.8096038603677287,1.7262421797694354,1.638448181753683,1.557468346567368,1.493957341420937,1.4609153645747655,1.4247395720364333,1.3713908523360143,1.325005095038822,1.286818608185003,1.2463565817108841,1.20481467127981,1.1682778584154627,1.1563796035309348,1.1323357775355423,1.0982028405923552,1.079830430846333,1.0641951489996446,1.0459581106865476,1.029288542599773,1.00886587475981,1.0041195810935652,0.9907730014901805,0.9783135142570759,0.9694542733118207,0.9630559289860359,0.9535268271286419,0.9467865019731054,0.9394950731989593,0.9361217590542026,0.9288880578981096,0.9263936918015249,0.9220158273750235,0.9197558738212418,0.9151605674529326,0.9111751466064916,0.9094432937002853,0.9073247554921714,0.9053175618344882,0.9036943420097087,0.9022569480166396,0.900893460886327,0.8994381438440903,0.8984876932753687,0.8971731076071641,0.8962970248097704,0.8957005745126037,0.8947499951056848,0.8940258071736277,0.8937675035488072,0.8929962117975152,0.8928263680238817,0.8922711286467014,0.892041556056299,0.8916403873153949,0.8914427600875983,0.8911546274819743,0.8908708973027564,0.8907129319139657,0.8905468672415553,0.8903998021910515,0.890263084919193,0.8900682677261834,0.8899085104729992,0.8898706721903791,0.8898093211823532,0.8896945079208654,0.8896460977784596,0.8895696530449565,0.8895245431613753,0.8894631636075238,0.8894195169468363,0.8893812909715485,0.889335348875823,0.8893115771354758,0.8892910248913197
1.382622173764648e+56,3305.3368296455183,3197.615632295902,3084.865163966882,2967.4463423853726,2845.747938980296,2720.2018010467955,2591.2925197575682,2459.566600639299,2325.6409859970468,2190.209593789868,2054.047885906979,1918.015271618516,1783.0548084682762,1650.1894784835056,1520.5140152991721,1395.1807595849248,1275.3776687972663,1162.2955383453427,1057.0799471244277,960.765079983817,874.1854864583901,797.8698370017379,731.9299731657005,675.9738045108313,629.0804483925242,589.8686718806078,556.6601130428279,527.7009890232331,501.38413611875825,476.42085895586416,451.9377270468863,427.4980306651358,403.05978140524473,378.8841050372342,355.4076375403877,333.095996537991,312.30497248340134,293.1849238679109,275.6602668914037,259.4915486877192,244.38999781959674,230.12817178616436,216.59527731413655,203.78045065734315,191.70981873458658,180.38647132819636,169.77080815195697,159.80117495373597,150.4237595197887,141.6031874033363,133.31301306892678,125.52477852145478,118.20730257829935,111.33104430444064,104.86937270860106,98.7970837643955,93.08984136188475,87.72460076145671,82.67968456356452,77.93466081436499,73.47035637987159,69.26886182622488,65.31349943087731,61.588784255635495,58.08037196447339,54.774984036568,51.66032523971424,48.725020211457455,45.958465139753685,43.350791562365124,40.89282289984556,38.57585104169122,36.39176271343341,34.33295235280367,32.392086417351955,30.562306496163384,28.837254260757202,27.21071980654754,25.67673328027855,24.229901036664184,22.86520864219936,21.57756773189387,20.36220073591177,19.21504600127314,18.132623221248778,17.11124915331069,16.14724363226565,15.237603845638233,14.38014269316454,13.572766790595486,12.812194999770712,12.094723221560702,11.417227372993375,10.777708364738325,10.175061584782329,9.607231189880729,9.071061113441209,8.564376474947707,8.085732837251411,7.634959269081985,7.2123438792020185,6.815663674552823,6.440641004033033,6.084973903876428,5.7466605634100425,5.426141303251256,5.1272853752791585,4.853268087156245,4.59741586774474,4.35194393515445,4.115089693902821,3.8856607858783065,3.6678600808043713,3.4710645938224425,3.3011735484926463,3.144669482563955,2.9898771076370423,2.8348003159475557,2.6766087997616332,2.5226484081527274,2.3863194069286378,2.2840751651329474,2.2027739332474896,2.114268276108406,2.0173861098425716,1.9185268540212683,1.8140539349893194,1.7173079143718475,1.6411320824857827,1.6013831203860696,1.5577620942593737,1.493219737434441,1.4368701965856694,1.390300375698676,1.3407570636413315,1.289654890969904,1.2444883122258394,1.2297310070555085,1.1998310626446618,1.157190506192425,1.1341364909880025,1.1144563654080268,1.0914266351710356,1.07030167128854,1.0443168010861144,1.0382606444781475,1.0211943115283524,1.0052119309517553,0.9938168435113155,0.9855704960453252,0.9732625626959716,0.9645368631588175,0.9550786756704367,0.9506960704037171,0.9412830639234424,0.9380323900746632,0.9323210260382128,0.9293696074322191,0.9233617262959255,0.9181439584615388,0.915874463298881,0.9130964648608716,0.9104626541574331,0.9083313852180314,0.9064431234379877,0.9046510947050899,0.9027374486665851,0.901487150127383,0.899757160144447,0.89860379864368,0.8978183708021829,0.8965662731294062,0.8956120960532777,0.8952717008616987,0.8942550996584727,0.8940311997550969,0.8932991503629154,0.8929964306598236,0.892467380969921,0.8922067281271585,0.8918266737785235,0.8914523881451695,0.8912439900064635,0.8910248940766248,0.8908308542563329,0.8906504582848674,0.8903933852490513,0.8901825625185855,0.8901326276792267,0.8900516618679001,0.8899001363579101,0.8898362449017003,0.8897353512745488,0.8896758128479868,0.889594799294164,0.8895371899175529,0.8894867345796232,0.8894260936405027,0.8893947159093432,0.8893675875660865
1.5885651294280398e+56,3797.6700230669885,3673.9036445086203,3544.3588798919195,3409.450405982781,3269.624902082608,3125.3785395486007,2977.268089864381,2825.921461067291,2672.0474895955417,2516.443453134934,2360.000319343322,2203.70550729684,2048.6425438297047,1895.9867850817761,1746.9960262662023,1602.9942502517258,1465.3463618527605,1335.4205265676414,1214.5329583704488,1103.8718849948846,1004.3961630682567,916.7132092483225,840.9515243097463,776.6606159150234,722.7824353593772,677.7300138823898,639.5749958557611,606.3023704946405,576.065585076897,547.3839913064068,519.2540598922689,491.17403236259275,463.0956658169873,435.31898084382277,408.3456508372569,382.7106478412398,358.82275795383345,336.85473598223274,316.7197399470332,298.1426501082158,280.79168191537053,264.40551470975,248.85685217794375,234.13321230688533,220.26461366767475,207.25460628833892,195.057691298514,183.60303080343513,172.82879700957653,162.69434626067064,153.1692938154779,144.2209426996133,135.81346709781997,127.91292574724957,120.48872076778132,113.51189378242182,106.95448359080653,100.79001269882859,94.99357460395095,89.54169374187276,84.41234085182529,79.58493858327014,75.04032474174954,70.76070756354872,66.72960576103442,62.931762596060196,59.35305106088793,55.98040101387136,52.80162876480152,49.80539548310118,46.98115725764719,44.31890839391164,41.80932661231497,39.44367294440893,37.21352091282348,35.11098991175174,33.1287738815925,31.259737227425752,29.497020091909732,27.83442463248365,26.266188663686872,24.786464919088225,23.389763133724582,22.07141562414989,20.827422698797633,19.653551334601705,18.545571884675077,17.500033054577077,16.514421071631386,15.586329938922976,14.711988270892803,13.887138105569457,13.108187824048404,12.37283893523547,11.679821468626878,11.02677167340678,10.410060017218772,9.827184776215557,9.27648409605821,8.757761532922713,8.271349947348021,7.814692738409914,7.3828663543773745,6.973219409367811,6.583444339478612,6.214046442578929,5.869486769352849,5.553434868382612,5.25820249824037,4.974806663481046,4.7012047737978735,4.436008059917324,4.184065966116724,3.956236222140687,3.759386529970465,3.577887792335842,3.398198073029402,3.217973100268496,3.033878874336103,2.854420622299771,2.695230630478608,2.575635510258297,2.4803927189921393,2.3765447935868624,2.26264345018199,2.1461377175450895,2.0226551521501603,1.9079129934307069,1.8172537485864815,1.7698218731586948,1.7176595922276845,1.6402456799129612,1.572401704742179,1.5161276959040821,1.4560315231082714,1.3937653398172551,1.3384641872590568,1.320335655885432,1.2835069321750403,1.2307375599092465,1.2020741292662114,1.1775248964500942,1.1486963112768709,1.1221494944193033,1.089349877746502,1.081680938719472,1.0600170055657205,1.0396550479136335,1.0250913046267498,1.0145268626611104,0.9987184274388382,0.9874804186597166,0.9752691637576918,0.9696000321215583,0.9573998581033932,0.9531788989167504,0.9457528607552985,0.9419103346089439,0.9340777206111391,0.9272632063704438,0.9242956536205895,0.9206602232552124,0.9172104347033955,0.9144166834961166,0.9119398185146735,0.9095877320452744,0.9070744456728667,0.9054314822196544,0.9031570161581263,0.9016399064424863,0.9006064229044698,0.898958301134255,0.897701845116998,0.8972535126533828,0.8959142340742046,0.8956192021223058,0.8946544209570599,0.8942553881693321,0.8935579136163387,0.8932142328481618,0.8927130595453611,0.8922194271094158,0.8919445494358132,0.8916555393063745,0.8913995618866629,0.891161567513718,0.8908223874147867,0.8905442062970547,0.890478314074205,0.8903714719871996,0.890171511333054,0.8900871937086553,0.8899540403415765,0.8898754628288187,0.8897685402144765,0.8896925048076101,0.8896259103249635,0.8895458705758367,0.8895044545406673,0.8894686469728932
1.8251834943190238e+56,4363.336742392356,4221.135236981483,4072.2946490107606,3917.2914217499488,3756.6387678111414,3590.9067637501494,3420.7351126947747,3246.8452501828247,3070.051594513923,2891.2701786414277,2711.5246806987725,2531.949596765073,2353.7898460158535,2178.3958549908957,2007.2127686785743,1841.7617784364272,1683.6110929348322,1534.3326672236146,1395.4387666269488,1268.2946066024776,1154.0018665221382,1053.2584385463276,966.211964040012,892.3448496991738,830.4414496941267,778.6784148510818,734.8401590356066,696.611533400978,661.8709390211832,628.9171831570493,596.5972594270143,564.3346715894847,532.073990672062,500.15992551992935,469.16887432375484,439.7154939312563,412.2694598004857,387.02925897341953,363.8951143609016,342.5509267493642,322.61549167034275,303.7885641696626,285.92388678461697,269.0071182058644,253.07274831949812,238.12485595076217,224.11116505574734,210.95028620764177,198.57118213000496,186.92715512252428,175.98329450466187,165.70203293970235,156.0422081783548,146.964823219504,138.43472244491943,130.41863393675612,122.8844314695908,115.80169351075058,109.14180350668877,102.87778896622845,96.98433911370503,91.43781133035574,86.21618892510463,81.29902974718898,76.6673973012861,72.30376202202885,68.19189233145823,64.31677092223092,60.664398956910986,57.221748281809816,53.97670404928189,50.917769768873775,48.03423414072166,45.316056038713974,42.7535533331672,40.33767104666168,38.06001430610781,35.912384035316016,33.886897906137015,31.97643419524857,30.174371693913493,28.473991319455653,26.868984090075315,25.353986153596807,23.924401193553543,22.57536465951505,21.302015739940085,20.100388004196525,18.96759245531291,17.90086401134269,16.895868198188523,15.94771095039736,15.052263735936608,14.20688425197476,13.410112617567393,12.659231494797837,11.95006775303059,11.279744462915364,10.646350200586541,10.04965915192109,9.490055291653151,8.964598951073208,8.467625462851945,7.99608265895152,7.547312459080065,7.121894698297923,6.724968278025016,6.360767842241438,6.020441640232754,5.693634297417416,5.377983122352911,5.071875256344648,4.780899924921387,4.517606028853216,4.289963899048109,4.079928991458272,3.871827599421265,3.6629191248003043,3.4492966485636845,3.2407876761539165,3.055564443231002,2.9162184611968107,2.8051098419672127,2.683805363674717,2.550541828221027,2.4139599170230777,2.26884470606821,2.13361054497055,2.026443347804117,1.970246310859638,1.9083308570423843,1.8161970017029916,1.7351791566447654,1.6677560231045143,1.5955005618202858,1.5203215682773303,1.4532440712755095,1.4311847853276713,1.3862533785080953,1.3215731399068391,1.2862745419440078,1.2559403476535607,1.220188030243041,1.1871305654527482,1.146091012679018,1.136461963116277,1.1091874767463348,1.0834475284922813,1.0649708509849838,1.0515314564926026,1.031360717833043,1.0169755860439373,1.0012991286541943,0.9940045375342603,0.978268926976087,0.9728125583268368,0.9631972771083765,0.9582138966746121,0.9480383102126536,0.9391658315377317,0.9352962649699387,0.930550909391152,0.9260428092041256,0.9223883381189357,0.919145605240346,0.9160637912754593,0.9127681086877196,0.9106121864287235,0.907625624285452,0.9056322503547946,0.9042737344980663,0.9021062766330494,0.9004530717956772,0.8998629955981093,0.8980997444754996,0.8977112039075668,0.8964403602772499,0.8959146142287139,0.8949954782581707,0.8945424904620073,0.8938818211222397,0.893230977680779,0.89286850806902,0.8924873643489591,0.892149751073435,0.8918358283188702,0.8913883920212909,0.8910213832775049,0.8909344452764857,0.8907934737894309,0.8905296236506466,0.8904183600116266,0.8902426469757992,0.8901389498789316,0.8899978416492219,0.8898974926813985,0.8898096012765186,0.889703962025599,0.8896492985060283,0.8896020367429497
2.0970464013232393e+56,5013.260089092517,4849.877526372493,4678.866983001726,4500.775868938339,4316.193840310625,4125.775887129016,3930.256996920112,3730.4660637407746,3527.3388142804433,3321.927725481247,3115.408953316521,2909.0859781423233,2704.3891510344924,2502.8700458533253,2306.189063309175,2116.0939776608802,1934.386583758012,1762.8729808682117,1603.2906877153325,1457.2082699775742,1325.8915033503727,1210.14223188953,1110.1300885252006,1025.2603841895861,954.1364016413843,894.6632021723009,844.2951858714521,800.3723599903735,760.4571110346592,722.59485155836,685.4608333788284,648.3926902637453,611.3267368276895,574.6590265474535,539.0518127378604,505.21130615792424,473.6771411228154,444.67736972113255,418.09735304477243,393.57390848770797,370.66905055316005,349.03781222052504,328.5121506262519,309.07558823208245,290.76775224350257,273.5933290456413,257.4922559635046,242.3710203972994,228.14800384817033,214.76955283279145,202.19555660131616,190.38285202429344,179.28414556973846,168.85463146084442,159.05391748147022,149.84377568762622,141.18729446700974,133.0495208044052,125.39757550566644,118.20046831021153,111.42911817289527,105.05636066447214,99.05689945186226,93.40724725644209,88.0856467087803,83.07195691785759,78.34752830135086,73.8951063997774,69.6986069087887,65.74306077589185,62.01454827723999,58.499860127276065,55.18668916874031,52.06349822180826,49.11916254060083,46.343277922479416,43.72619857382378,41.25850361082334,38.93113602440857,36.735912687527545,34.6652255099174,32.71135384407996,30.86704816147407,29.126144861398103,27.48336224336945,25.93311029011409,24.4698031572754,23.088882679585097,21.78702884183881,20.561064074840967,19.406007106614215,18.316233250675502,17.286997324385233,16.315262172808573,15.399349795005248,14.536136770372602,13.720825755799204,12.95010902681643,12.221788638945185,11.535605004113505,10.892000582030002,10.287595809208202,9.715875422818588,9.173327426102249,8.656891756837204,8.167233849694119,7.710269625244845,7.290880587268061,6.8988802894652625,6.522340536010756,6.158532453701243,5.805587354287471,5.469941857022681,5.166078868670969,4.903226283437559,4.660574278271186,4.420012193124625,4.178348119880042,3.9310233056418005,3.6893761902263305,3.4744739255917274,3.3126221455256464,3.1834415263267077,3.0422599326277315,2.8869570459693574,2.72753008121072,2.5578036110860323,2.3992557992153056,2.273302628842742,2.2071271358118016,2.134103807746579,2.0251923317536233,1.9291401587932488,1.848974099293106,1.762794392722205,1.6727883287613337,1.5921422145366935,1.5655419714771739,1.5112278934803072,1.4326917606587677,1.3896355994277818,1.3525114079967249,1.3085958926601866,1.2678212704229268,1.216949686903281,1.204969941840944,1.1709391752058003,1.1386812510791353,1.1154341065918278,1.098473476762386,1.0729317218885253,1.0546493726898278,1.0346586381890366,1.0253315125837292,1.0051546464816041,0.9981394892719955,0.9857528220327807,0.9793204876528195,0.9661586586723815,0.9546511184220547,0.9496229183022871,0.9434487168368152,0.9375749162412705,0.9328073091561316,0.9285722549174286,0.9245432986170574,0.9202303021155516,0.9174063734706398,0.9134911078725286,0.910875701370842,0.9090922552172651,0.9062451373674502,0.9040721131559037,0.903296199840002,0.900976693055702,0.9004653884590339,0.898792523676133,0.8981002450918119,0.8968896621484272,0.8962928935964944,0.895422353572244,0.8945645622338996,0.8940867529576622,0.8935842611547893,0.8931391021784233,0.8927251323290678,0.8921350182333007,0.8916509080161853,0.8915362214159196,0.8913502475185844,0.8910021431542637,0.8908553402846822,0.8906234900285714,0.8904866566873612,0.8903004493747878,0.8901680225086172,0.8900520315162662,0.8899126137069288,0.889840469239727,0.8897780924086738
2.4094035602395267e+56,5759.990171599928,5572.271612009735,5375.788876331574,5171.1709117728515,4959.095204318288,4740.314305379341,4515.672679590747,4286.122685585669,4052.7394274533117,3816.7321495978144,3579.452197564614,3342.397206370093,3107.210579264691,2875.674998531996,2649.698183168427,2431.28824009335,2222.515343239718,2025.4546121160865,1842.10237056943,1674.260823715603,1523.3842858747892,1390.3940367162331,1275.4849763702857,1177.9738364783925,1096.2558575872818,1027.924057902082,970.0536678541226,919.5884859705731,873.7278135397227,830.2259250587844,787.5607494760073,744.9712601860962,702.3842856171318,660.2548717241482,619.343915147921,580.4628175847993,544.231592619268,510.9122611034706,480.3731086174115,452.1968560569661,425.88027933738374,401.0270280114308,377.4440288841046,355.11235000471805,334.0775211048881,314.3449266243622,295.8455574386154,278.47197203381853,262.130394624356,246.75917988780515,232.31224246095616,218.7399899357002,205.98808425279904,194.00504565408437,182.74446534629107,172.16242117245906,162.21650336512192,152.86655247901047,144.0747917776314,135.80561480480995,128.02560868693686,120.70356263540769,113.81041219944572,107.31917142995168,101.20484194554128,95.4442826061029,90.01606569886674,84.90036642612023,80.07870442634322,75.53388069361675,71.24990183591673,67.21159069922686,63.40480661570927,59.816293566958066,56.43326937011818,53.243779690260666,50.236741551052056,47.40133034180228,44.727139479595834,42.204766415348836,39.82546926282047,37.58037672149898,35.4611587249963,33.46073290208091,31.5730301755073,29.79162711428958,28.110104974384278,26.523225833041984,25.027174542240527,23.61829968087507,22.2908769833901,21.038442520546543,19.855542819059686,18.738687212650916,17.685947165309237,16.693732844513953,15.756530037078328,14.870536327046176,14.03322477925505,13.244296990202043,12.504262419195683,11.809236306930318,11.151726921325457,10.52769454683776,9.933617956662474,9.370260944079575,8.844430641420827,8.36174966804316,7.910500006006476,7.4769499799073005,7.057951528728022,6.651343642681406,6.264534403211052,5.914220723958593,5.611066937905655,5.331095152598156,5.053406302912222,4.774294091065712,4.488457460588119,4.20896386483031,3.9601848782914972,3.772657211467828,3.6228676150294077,3.459027634555265,3.278612880258441,3.093168350471215,2.895425803308274,2.7103491080299253,2.5630234447577616,2.4854959327596364,2.399834851457758,2.271830486933024,2.1586604279897252,2.0639745749518204,1.9619120300944302,1.854965431226789,1.7587814661114785,1.726971684784806,1.661875053936561,1.5673604851788823,1.5153229425102754,1.4703124271796957,1.416879654969805,1.3670660019538983,1.3046090186433599,1.2898463759081589,1.2477857325625108,1.2077325649274262,1.1787463730955925,1.1575295504920862,1.1254601629213474,1.1024122919733519,1.0771151242938752,1.0652760645878123,1.0395819321230395,1.0306206055126022,1.014760674156952,1.0065054878460802,0.9895711339965124,0.9747164022210134,0.9682107852499208,0.9602096958221141,0.9525845490136993,0.9463856338522377,0.9408716457570565,0.9356193207102956,0.9299893693862505,0.9262989906234077,0.9211768735891498,0.9177516452501879,0.9154142886269069,0.9116800261015485,0.9088274989186146,0.9078084501231126,0.9047605105830713,0.9040883071202085,0.901888193144256,0.9009773518032173,0.8993840432599404,0.8985983590726824,0.897451943037743,0.8963219732714671,0.8956924065144337,0.8950302033101136,0.8944434572850691,0.8938977373918888,0.8931196750199001,0.8924812563296246,0.8923299976450983,0.8920847059167812,0.8916255271974625,0.8914318648449747,0.8911259872777758,0.8909454526085986,0.8906997608865285,0.890525019943148,0.8903719597804157,0.8901879774785492,0.8900927686318364,0.8900104481195631
2.768286630392061e+56,6617.946449613946,6402.267022175132,6176.517985775997,5941.421969929551,5697.757372823673,5446.388839141203,5188.28661735224,4924.544920841298,4656.398991503877,4385.238191880443,4112.615151755247,3840.250580341351,3570.032667404609,3304.0096274898438,3044.3733361934496,2793.4310099137097,2553.5611770078453,2327.148048065948,2116.4853013437687,1923.6435822213086,1750.293826651298,1597.4945399524406,1465.4696530033725,1353.4341241496245,1259.5441636021274,1181.0342673328162,1114.5440184161105,1056.5619909877034,1003.8703192446222,953.8887743616092,904.8685710182878,855.9353267088826,807.0049707219468,758.6003284901864,711.5956329982005,666.9231451570515,625.2952303673861,587.0129379032697,551.9249344094067,519.5517865671835,489.3153143781932,460.76013038739825,433.66440279862496,408.0063796702068,383.83837244521527,361.1665675922805,339.9116769617414,319.95025541545004,301.17455905782214,283.51376034775427,266.9149093940223,251.32102687369297,236.66968092493633,222.90172372706655,209.96383374956076,197.80554647963933,186.37813505626818,175.63545811974672,165.53411191728546,156.03318623157324,147.09429115336758,138.68156685009302,130.7616195147344,123.30344342531941,116.27831646630894,109.65965038987021,103.42282558066216,97.54506408311306,92.00513262013224,86.78327011710857,81.86110067912135,77.22118621061651,72.84727947475795,68.72414963880277,64.83711025694866,61.17242602180933,57.71736276016294,54.459483109264866,51.38682995926068,48.48859977386777,45.75474806306553,43.175081566358635,40.7400288236584,38.441451930306485,36.27237723600688,34.22542385683654,32.29321619995997,30.469735437466728,28.750597614422407,27.13160694482568,25.606185628791867,24.16690566950451,22.80749998915962,21.523956997367495,20.314060374371643,19.173684545265576,18.096491933148833,17.078111989637,16.11563997517537,15.208732889450957,14.357977009540955,13.558907337612064,12.802910963884035,12.085342397878588,11.40215119104138,10.754214183383707,10.149361135143431,9.594064349332585,9.074847842593911,8.57591108228511,8.093625819781645,7.625496718191715,7.180046216966203,6.776507873748715,6.427188844074712,6.1044795057688495,5.784287645877137,5.462320011450788,5.132429189030079,4.809663334359543,4.522170847292442,4.305315337802173,4.131994953207205,3.942294625879125,3.7332328321806023,3.518123806490304,3.288456570466168,3.0731672832185315,2.901512772306323,2.8110665047837737,2.71102576767647,2.5612997403727396,2.4286550731229877,2.317447455064708,2.1973048576023286,2.0710591080332974,1.9571518987897518,1.9193933346019898,1.8419706742153283,1.7291477791286298,1.6667902400396153,1.6126963887423318,1.548269586074152,1.4879754124137945,1.4120179145097371,1.3939992328498998,1.342510695010626,1.2932527109432082,1.2574520043818203,1.2311583720355348,1.191260625005032,1.162462193489419,1.1307228343676818,1.1158187763558733,1.0833549097518613,1.0719924887116545,1.051829238675638,1.0413058370773782,1.0196547771935685,1.0005883529677573,0.9922153061720514,0.981897630300433,0.9720437347591713,0.9640173903997269,0.9568658601699748,0.9500429261992696,0.9427175056454079,0.9379089254516363,0.9312256290938198,0.9267503792100902,0.923693672188175,0.9188053303717612,0.915067185371337,0.9137308971465471,0.909731384103657,0.9088487644684097,0.905958552012817,0.9047613765511346,0.9026662914638304,0.9016327499009111,0.9001241726182775,0.8986366481311961,0.897807613741127,0.8969354051956596,0.8961624140857396,0.8954433282480234,0.8944178490289552,0.8935762079182682,0.8933767724006514,0.8930533309448905,0.892447782426266,0.8921923577312665,0.8917888944743988,0.8915507422308003,0.8912266134051936,0.8909960690713269,0.8907941174144878,0.8905513516131162,0.8904257166585811,0.8903170853360561
3.1806256927941062e+56,7603.696175833193,7355.891081397083,7096.516499606424,6826.402696354251,6546.444013006731,6257.633883924793,5961.087077044136,5658.060789910262,5349.974254914377,5038.4237815133465,4725.193265223052,4412.259716582728,4101.792573075456,3796.145132809395,3497.8357533975154,3209.5153133802214,2933.9166252458617,2673.779030097609,2431.7378518398214,2210.1721605612393,2011.0017798481927,1835.4428805508612,1683.7527484319633,1555.0294092797374,1447.1544391371153,1356.9504094830193,1280.5563659259815,1213.9378520980463,1153.3976976776107,1095.9713459465547,1039.649528032917,983.4276210850461,927.2090318350671,871.5944610237431,817.5883595376183,766.2618495877617,718.4334042639889,674.4489145648131,634.1345059319153,596.9393329094469,562.1990948507478,529.3905736991335,498.2588954550304,468.77906815283296,441.011195088164,414.96238422008753,390.5415373088257,367.606821849462,346.03444528712856,325.7430301725636,306.6717396169076,288.75510710390506,271.92140140136684,256.1026644736034,241.23763240680452,227.26832385574227,214.1387539434771,201.79590839992122,190.1899183235936,179.2737797541594,169.00338443234554,159.3375310233305,150.23785152487164,141.66872171737785,133.59714112315606,125.99256096392325,118.82669431359245,112.07337021325067,105.70819245269638,99.70845629950426,94.0530485147292,88.72193332916774,83.69644320049775,78.95907837202887,74.49296453755781,70.28232018636503,66.31251404946148,62.569255844569625,59.03880704110651,55.70875449739551,52.56755715864544,49.60350297050221,46.80559425222761,44.16448042080168,41.67214858969802,39.320117894929034,37.099913469656926,35.00461935465441,33.02919813128211,31.168828625098282,29.41595248076691,27.762034194649573,26.19987206195763,24.7248560988548,23.33443939885506,22.023880972424497,20.78589749058064,19.615465866175107,18.509247452243507,17.46684801555344,16.488941959033475,15.5703978083357,14.701315131544439,13.87635292577959,13.09085326484737,12.345822926739856,11.650265472672096,11.011627866228128,10.41441585709294,9.840454799735769,9.285566054646923,8.746871586548929,8.234172655938242,7.769611008948637,7.367374577502654,6.995688430401316,6.626801186526095,6.255749054081518,5.875418398821437,5.503128195697208,5.171348397295255,4.9209565658254855,4.72073848755022,4.5014884836294575,4.259707281597946,4.010734303002337,3.744644633905348,3.4949083346102525,3.2955313641132458,3.190370159042706,3.073955073962227,2.8995027619944627,2.744697027472396,2.614692233300637,2.4739807907433398,2.325776087701399,2.191693876061102,2.147160225651396,2.055691548872161,1.9219778742809897,1.8478241105140576,1.7833312028914117,1.7062921635060226,1.6339422138026203,1.5423952322720766,1.5206046230718457,1.4581630302438726,1.3981592141915544,1.3543642917461267,1.3220904545377012,1.2729249256990562,1.2372783117893695,1.1978213606813857,1.1792268814975617,1.1385649158575377,1.124278056967149,1.098849765767762,1.0855382771737965,1.0580587841772024,1.0337505274976593,1.0230412364677375,1.0098145726607723,0.9971502274359728,0.9868105548821212,0.9775789895066218,0.9687545559910373,0.9592611806524085,0.9530185016641228,0.944327139502314,0.9384973810448067,0.9345108688397641,0.928127597951131,0.923239546731756,0.9214907632973759,0.9162520796073564,0.9150950662574769,0.9113039452963168,0.9097325210115637,0.9069809598676912,0.9056228447226181,0.9036396507347852,0.9016831244029797,0.9005922665669763,0.8994442601723815,0.8984265525796417,0.8974795687448821,0.8961286736144385,0.8950195894854903,0.8947567322798446,0.8943303950729482,0.8935320732912384,0.8931952840043454,0.8926632367076998,0.8923491493031799,0.8919216287316599,0.8916175144683892,0.8913510966297379,0.8910308106628585,0.8908650469325877,0.8907217119152784
3.654383070957232e+56,8736.27431186397,8451.55840027229,8153.549714553683,7843.202189528794,7521.543379595795,7189.714692146647,6848.996940903479,6500.834584228779,6146.858250580426,5788.902021284934,5429.015504855434,5069.4701895003855,4712.7586525536635,4361.5847181940735,4018.84185588001,3687.5757951200226,3370.9264035153183,3072.0410497323232,2793.9475917878867,2539.3794646472506,2310.542451585541,2108.8338734093363,1934.5493389885926,1786.652524309256,1662.7094641908313,1559.0694490412882,1471.296431447586,1394.7550186356136,1325.1973429021725,1259.2172736418765,1194.506259175327,1129.9100369007651,1065.3176257647153,1001.4192014291996,939.3688287662684,880.3971748029259,825.4446251451072,774.9085917181122,728.5893012191724,685.8538591543504,645.9390164926788,608.2436211638169,572.474835313111,538.6039443527525,506.7000040337475,476.77118106125215,448.7128079859405,422.3619261311199,397.57630383152554,374.2624423200957,352.35044294171547,331.7650878194509,312.42396121087756,294.24898258636495,277.1697626342835,261.1196835492713,246.03442136287183,231.85306518182037,218.5183179806506,205.97617440311274,194.1759561033924,183.0703246410167,172.61519692714626,162.76964233601626,153.49574478403486,144.75840506136979,136.52512270675876,128.76582839312692,121.45249188297402,114.55902635453103,108.06117352524556,101.93591305875795,96.16179663438737,90.71871764870717,85.58728808983889,80.74937550046283,76.18816898385354,71.88724939069847,67.83083147654459,64.00465279457507,60.395452865544236,56.989774679460375,53.77498196772664,50.74033090734375,47.87661464493603,45.1740885689849,42.623014886821366,40.215446958618514,37.94559662745402,35.80792423136188,33.793744904761,31.893250813065027,30.09816655573267,28.4031947327743,26.805408666194726,25.29936039816232,23.876680199652952,22.531595441339704,21.260269091107,20.062248061669717,18.93830789598819,17.882551541607214,16.883599847226957,15.935313140546157,15.032336045175667,14.175824691031949,13.376130286395831,12.641818254308129,11.955076829089078,11.295006200657417,10.656796554010228,10.037131455617857,9.4472801784377,8.9127203099694,8.449794728648085,8.021949325314747,7.597237132801114,7.1699275082181515,6.7318024466562045,6.302785846423839,5.920296988674923,5.631519554038647,5.400523942211567,5.147472714917653,4.8682791689452705,4.580603267186656,4.272909694953834,3.983850516027239,3.7528460695736188,3.6309044653077334,3.49582279131328,3.2931951973295566,3.113149761053865,2.9617452167244225,2.797625039531622,2.6244362331051585,2.467401806758597,2.4151599489974394,2.307708155701822,2.1502100141635196,2.062614599314277,1.986261743711764,1.8948210477260143,1.808680899913053,1.6992545050343828,1.673127926150728,1.5980681896721411,1.5256381216423238,1.4725622469729582,1.433321681161466,1.3733124780626094,1.3296109686774733,1.2810265847449422,1.2580465960178455,1.2075877712900345,1.189786197341394,1.1580009270622118,1.1413068535680082,1.1067165757228647,1.0759634799681137,1.0623653379806761,1.045526520926633,1.0293557002209992,1.0161168819412927,1.004268151047465,0.9929157148600527,0.9806730041561283,0.9726050884915263,0.9613489046513076,0.953782932371089,0.9486016473135211,0.9402922928721684,0.9339182800642934,0.9316354995537873,0.92478956871214,0.9232760260074534,0.9183126900263584,0.9162535697451311,0.9126454670449574,0.910863356559522,0.9082595558020453,0.9056890499601488,0.9042551226241229,0.9027454932431066,0.9014067066966094,0.9001605325541733,0.8983821241596297,0.8969214237443103,0.8965751487674248,0.8960134452895391,0.8949614213799761,0.894517513371462,0.8938161359875328,0.8934020245735136,0.892838281901005,0.8924372146460448,0.8920858258955515,0.8916633441908796,0.8914446701689869,0.8912555734599102
4.19870708444394e+56,10037.551095924164,9710.426464107095,9368.029086110048,9011.454986292722,8641.884774300812,8260.62987128967,7869.161869455441,7469.140380665517,7062.438917102286,6651.164748322371,6237.672774055982,5824.572822927788,5414.728744130607,5011.24709912741,4617.45234251174,4236.843868212347,3873.029230214748,3529.6246008666753,3210.1088406485765,2917.6225324040406,2654.7000130727583,2422.946735872989,2222.7023410295055,2052.776143167963,1910.3716356849663,1791.2943322175893,1690.4474316508795,1602.505094738132,1522.586729490067,1446.7788585676656,1372.4290690364237,1298.211169576267,1223.9976482888471,1150.581483143573,1079.2886381480218,1011.5330894932077,948.3952942754446,890.3318594252781,837.1132552457767,788.0123169259509,742.1521086076783,698.8419358785262,657.745342289862,618.8293361490684,582.1732591385011,547.7864944095976,515.5487841607674,485.2728967892767,456.7954150066152,430.00891325398106,404.83308135744295,381.18149761192814,358.95947030555317,338.07728866907195,318.4540787658289,300.01329993142156,282.6810470012721,266.38733626128163,251.0663361486202,236.65599706032506,223.0980919582667,210.33823118457317,198.32576531334283,187.01366693666142,176.35837220028085,166.31955369227578,156.8598698278506,147.9447722689396,139.54205548300789,131.6217468188244,124.15597451944618,117.1182891554763,110.48404745782251,104.23014771500156,98.33431382422768,92.77571224126329,87.53502782082673,82.59339549042465,77.9326784763514,73.53648961666732,69.3895929457843,65.47652664110328,61.782771837773105,58.29598400774246,55.00558454473887,51.90037691939037,48.96917237443635,46.20284013798138,43.59472954383837,41.13847546986721,38.82409883303458,36.64033007560713,34.577660300285,32.630002395235664,30.79399339397987,29.063373166595103,27.4285239595176,25.882812126408847,24.421828151087624,23.045051337454407,21.75337333862215,20.540017643109337,19.391906634975022,18.301983400317212,17.264091681350564,16.279559266951548,15.360284886399986,14.516117819567212,13.72658480299179,12.967657219526355,12.233801137497482,11.521197601170549,10.842801458452348,10.227918174624039,9.695361289578425,9.203091457305211,8.714348866574259,8.22252505387234,7.718138424070281,7.224102305083875,6.7835083897816215,6.450759487692235,6.184516625450495,5.8927657100031645,5.570752245422087,5.23879713901761,4.88352859367071,4.549528180782675,4.2823976630796174,4.141296912887424,3.984909521031801,3.7501379095377882,3.541313398696522,3.3655203502250735,3.17473488095517,2.9731002892219984,2.7899445769342988,2.7289320962397046,2.603296193228095,2.4187390828163835,2.315848503398752,2.225995921998441,2.1181532307485873,2.016293192078374,1.886453854733242,1.8553696991528648,1.765862015760866,1.6791659578372296,1.6154039325540632,1.5681205712969244,1.4955493026501465,1.4424758068036867,1.3832213973465701,1.3550930165944026,1.2930742086453546,1.2711032439571903,1.2317433970258311,1.2109997727528707,1.1678487483197655,1.1292744849519876,1.1121493862703635,1.0908806096647612,1.0703869275188227,1.0535561950790777,1.0384503174759154,1.0239379016349792,1.0082424066097764,0.997872552950629,0.9833680412312632,0.9735937767900572,0.9668883074502237,0.9561137828617324,0.9478309290274194,0.9448606647566463,0.93594055807529,0.93396588502994,0.9274837504292542,0.9247915176652293,0.9200697139191668,0.9177354710691167,0.9143224922101967,0.9109502495333891,0.9090678160477159,0.9070850144352551,0.9053257509299995,0.9036874620347426,0.901348250706402,0.899425854857904,0.8989699865663054,0.8982303910740134,0.8968447987392005,0.8962599858764462,0.8953357915649772,0.894790015819834,0.8940469058981012,0.8935181397896584,0.8930548078119986,0.892497657869321,0.892209247443527,0.8919598285766306
4.8241087041653935e+56,11532.654360124316,11156.804186842668,10763.406376517034,10353.720207425979,9929.10214219594,9491.05893946696,9041.281386555147,8581.676296164213,8114.396241976723,7641.86237344185,7166.780354941721,6692.148751663782,6221.257985978143,5757.67734475733,5305.226463401478,4867.925974033393,4449.920779382203,4055.365684257993,3688.2577288749794,3352.2052890379837,3050.1201937430874,2783.847030140754,2553.7760283096213,2358.5391492181398,2194.9233439162413,2058.109353166574,1942.2412022278688,1841.199762698871,1749.3774734075066,1662.27794050016,1576.853671331838,1491.5809369289523,1406.3132322761408,1321.9616501628993,1240.0496582780947,1162.2018460497748,1089.6596058384675,1022.9475567220442,961.80198035967,905.3873999716641,852.6962591217713,802.9349836521957,755.7170015004314,711.0044067949699,668.8883592482198,629.3796396478335,592.3400776454106,557.5545532444008,524.8353079229272,494.05891492826055,465.1331017672443,437.95857409175903,412.4265357105946,388.43391328770304,365.8877865746584,344.7002140373507,324.78628219627467,306.0655831214341,288.46247949617856,271.90567928453595,256.328282384012,241.66779764762168,227.86603126507495,214.86895094064204,202.62650382544447,191.09235557763043,180.22360241776448,169.98054986365617,160.32619519449344,151.22610115357926,142.64824430212747,134.562235375585,126.93976029152508,119.7542761331655,112.98018855217876,106.59356061876755,100.57219996093123,94.89443129578542,89.53941609669329,84.48832604813585,79.72365548946085,75.22763921538001,70.983595403313,66.97734044538225,63.19671970778991,59.62886853644213,56.260931152625496,53.08241633541773,50.08568248351365,47.2634161025484,44.60415119374517,42.09493885848699,39.72485308336248,37.48689950030172,35.377213913399395,33.38860313470842,31.510015663423452,29.733828736556962,28.05497520199943,26.472856696430995,24.98849819727541,23.59411287334893,22.27467210538809,21.022065458472618,19.82921690322037,18.697651515320803,17.641045304927893,16.670721598218474,15.763150269351208,14.890709855558418,14.04703540564373,13.227731641766272,12.447689114006298,11.740607097779474,11.128133173497995,10.561930843627424,9.999717377500424,9.433878673043015,8.85348609953694,8.284884718713103,7.777671078727467,7.3945189038245065,7.087881467096831,6.7517890526780215,6.380726578744213,5.99806786490936,5.588344138563687,5.20292806788083,4.8944873458983595,4.731486341847612,4.550752337434795,4.279264714540382,4.037585335490876,3.8339638981379793,3.6127678850451246,3.378711112015951,3.1658000273150453,3.0948003451010666,2.948463406117529,2.7331135105786877,2.6128214080697387,2.5076108800531407,2.381107108055906,2.2613570703560972,2.1082711602120225,2.071537091459058,1.9655503622365218,1.8625565679233704,1.7865631940329543,1.730057260257505,1.6430450537725012,1.5791624351306206,1.5075559591181116,1.4734469852207088,1.39794125385282,1.3710832695193083,1.3228095975396938,1.2972796824747483,1.2439565223002258,1.1960163092087297,1.1746420476408963,1.1480114129445878,1.122256839253948,1.1010315748587112,1.081921268263727,1.0635050888711948,1.043521650088319,1.0302793207177863,1.0117016329628663,0.9991444965422652,0.9905114546506056,0.9766071155870668,0.965890023618746,0.9620406812547038,0.9504605297020535,0.9478928489142766,0.9394532696231117,0.9359431002121252,0.9297795979900794,0.9267292351276945,0.9222650700106882,0.9178493169095222,0.9153822494394928,0.9127819733359426,0.9104734033826122,0.9083223493969523,0.9052489171330863,0.9027212853739911,0.9021216485756633,0.9011486035127331,0.8993249833846156,0.898555029177435,0.8973379302254134,0.8966189966132181,0.8956398988000678,0.8949430572572209,0.8943323418836426,0.8935978328067805,0.8932175548157305,0.8928886569586808
5.542664520663118e+56,13250.454752332409,12818.621319498272,12366.626511492446,11895.917177347616,11408.051826149198,10904.761649736707,10387.989279879786,9859.925550931752,9323.043664566634,8780.1254028521,8234.279441570296,7688.950985174021,7147.920567715255,6615.289124892202,6095.445230591923,5593.008394085726,5112.740905483148,4659.416431903956,4237.627376687616,3851.5195868289225,3504.438611195247,3198.503790098617,2934.1634788675556,2709.8458677930985,2521.8593211652214,2364.6667463192393,2231.5399152169325,2115.448249098811,2009.9489348392633,1909.8758360917436,1811.7275330023124,1713.7533355296493,1615.7849165095565,1518.869076877598,1424.7562063727041,1335.3128787033024,1251.9653929498627,1175.3165108035003,1105.0632328423608,1040.2456371475514,979.7060906525336,922.5328154289683,868.2816590412464,816.9090694714204,768.5197847684269,723.1261915346121,680.5695387865007,640.6026641372636,603.0098421890007,567.6492616076326,534.4149057863544,503.1926903465995,473.85761374854496,446.29124972916867,420.3868374256078,396.04333627103006,373.1631847801357,351.6539981189382,331.4288726500683,312.4058972456073,294.50820688859375,277.66400223035714,261.80642134580444,246.87338368038832,232.80738086325775,219.555176900169,207.067477339208,195.29867504818634,184.20625559041872,173.75065211560596,163.89507112613228,154.60459670142626,145.84669719691027,137.59087594313223,129.80772611583268,122.46974517423558,115.55143498184351,109.02789149265533,102.87517203224287,97.07164355408555,91.59719266567491,86.43140773037894,81.55512183947778,76.95203841769798,72.60819209588314,68.5088016767558,64.6390961130244,60.9870211474981,57.5437966830065,54.30101962794167,51.24551565723122,48.36240648569043,45.639138000162994,43.06767351319338,40.643572980243746,38.358571252600825,36.19996967453396,34.15900916781807,32.22986709470255,30.411855867729248,28.706153578583898,27.103812708094512,25.587563423610238,24.14808514933962,22.777245437256685,21.476796091381903,20.262454484234166,19.147236642269295,18.104101192029404,17.101300422640993,16.131515427525443,15.189689696573753,14.292936998788363,13.480001183467587,12.775781946751767,12.124712169442237,11.478169557658859,10.82738720291798,10.159778168873707,9.50562787253277,8.921995655516703,8.48103723383203,8.12807991465285,7.74115062386409,7.313866533498752,6.873105428261848,6.401001307587538,5.956710402870157,5.600985992735936,5.412926022926469,5.20434111942456,4.890868769562088,4.611637985449905,4.376225071370337,4.120304954687282,3.849248794686995,3.602402874651341,3.5200179454583513,3.350089934611639,3.099667526544432,2.9595649300569007,2.836875408581566,2.6891383271103293,2.549035357441421,2.369501314683791,2.3263379606221792,2.201593042582679,2.080033415832608,1.9900921383238797,1.9230579957951077,1.8195341959949873,1.7432652307655325,1.6574666845706114,1.6164685601099116,1.5253744343100168,1.4928468239060357,1.4341973123775729,1.403075318965453,1.3378114471524887,1.2787982673448994,1.2523716359027934,1.2193368341807802,1.1872645123532908,1.1607334764013753,1.1367639200463986,1.1135864503277078,1.0883435191038777,1.071559334171458,1.0479320004281956,1.0319053377397789,1.0208593212684947,1.003019131224778,0.9892248896160358,0.9842607154330192,0.9692951495915141,0.9659702343578754,0.955024391339914,0.950463834279652,0.9424443188875697,0.9384698182667451,0.9326463987805862,0.9268780604741577,0.9236517565116408,0.9202484562192764,0.9172245202126839,0.9144048347751874,0.9103725481244542,0.9070532106578618,0.9062653369616589,0.9049864918436754,0.9025886099067366,0.9015757426817952,0.8999741094655181,0.8990277149578079,0.8977384615837927,0.8968206073045333,0.89601601042352,0.8950480901042281,0.8945468692388079,0.8941133149365981
6.368249944718586e+56,15224.123232319722,14727.9677774707,14208.647890419008,13667.825929803515,13107.292546191557,12529.036794172544,11935.29066245399,11328.571312348868,10711.720331384175,10087.93385083706,9460.783586842872,8834.227910487445,8212.610470132595,7600.643039929643,7003.367876212652,6426.092568755266,5874.288755518721,5353.441146095368,4868.826186884516,4425.207252941627,4026.428216010115,3674.924094313937,3371.210026234021,3113.4800795242127,2897.4927457256726,2716.8861767321205,2563.9299682076694,2430.5463296002304,2309.332784230811,2194.353694462755,2081.586100338427,1969.0185446853961,1856.4576277701383,1745.1060725430677,1636.9749910576786,1534.2089850955686,1438.446802486848,1350.38098694631,1269.663407010936,1195.1911593994942,1125.6341803628213,1059.9448816459314,997.6129537960253,938.5883576533134,882.9914321092642,830.8364087678974,781.9408905075288,736.020899811663,692.8285787195323,652.2009929195117,614.0163344960159,578.1435260551273,544.4389469116334,512.7665310482527,483.00361542086716,455.034109322801,428.74591933737617,404.0328997628755,380.7952025201233,358.9387156742057,338.3751250197343,319.0219365511398,300.8023291156339,283.6449751158758,267.48380016455684,252.25763862072952,237.9098534774084,224.38804427245984,211.64336389374867,199.63035185609016,188.30673411557234,177.63239386440534,167.5699537053524,158.0843743214276,149.14186856263103,140.7108371993688,132.76198395812253,125.2666951292122,118.19746155406497,111.52942771802651,105.23948410431585,99.30417849339295,93.70148877468438,88.41269071631973,83.4217385404715,78.71164907958745,74.26545078667243,70.06929359869618,66.11308937749614,62.387183169083215,58.87643792371168,55.56375866746076,52.43472076524849,49.48009002007821,46.69476480021678,44.06924839417721,41.58894977741028,39.243804416140996,37.02712174952054,34.938111686932864,32.978128181783234,31.13689024677438,29.394553349492075,27.740406787554523,26.165104650353115,24.67065929258671,23.27513295100444,21.99348569291055,20.794642714497932,19.642116985453736,18.52749429632759,17.444959238485033,16.414179254550255,15.479690933898167,14.67012694286702,13.9216164750763,13.178258665166167,12.429964415909284,11.662245272313472,10.909911751309732,10.238587957952271,9.731305493877418,9.325209911386676,8.87996849832064,8.388206982294088,7.880825922351478,7.337216051545687,6.825459769146881,6.415570852677152,6.198812950435438,5.958339706157178,5.596811682017411,5.2746173754807355,5.002845939036509,4.707231008413428,4.393901824526597,4.108307399190747,4.012927614131991,3.816082475973608,3.525666812445456,3.3629874641160393,3.220386207861989,3.048470260777792,2.885200094558438,2.675571419926245,2.6250935443569614,2.479008301828145,2.336324443135523,2.230507591806857,2.1514845042486344,2.0291428731909456,1.938739751689789,1.8367197019838708,1.7878339206744822,1.6788496910689301,1.6397975219946637,1.5691770842574382,1.531584418189019,1.4524504300816587,1.3804968362325698,1.3481359031684779,1.3075480978902656,1.2679868368516265,1.2351339807336792,1.2053458802136425,1.176437960880724,1.1448281888807652,1.1237328248071379,1.0939232917205794,1.0736227724775695,1.0595909690793732,1.0368555411981506,1.019211170485177,1.0128469110871152,0.993611931202238,0.9893282760407787,0.9751989866540316,0.9692994271584398,0.9589067553908879,0.9537471300407533,0.9461762604798832,0.9386638185908355,0.9344561765681667,0.9300130828568588,0.9260612259335992,0.922372831908975,0.9170923600992791,0.9127402513502543,0.9117065322994434,0.9100280579939305,0.9068788998263201,0.9055479209882094,0.9034423196759745,0.9021975881615909,0.9005012607742809,0.8992931364887582,0.8982337689185345,0.8969589671159284,0.8962986626758112,0.8957274076533779
7.316807143427177e+56,17491.77160751652,16921.713301175718,16325.040197257282,15703.662264378236,15059.636872294408,14395.249347260413,13713.064134927874,13015.97333029755,12307.241778191967,11590.541676828465,10869.976753021116,10150.094981174128,9435.887000401213,8732.766408308062,8046.52651033298,7383.265467034099,6749.26992229936,6150.841538683693,5594.0426945455865,5084.346274422915,4626.1686986225495,4222.307683814265,3873.3550988237625,3577.236016069813,3329.077150238148,3121.569049626614,2945.8298584400013,2792.5785910967666,2653.3101645306433,2521.2048218428604,2391.640379066833,2262.305770386783,2132.9787889246404,2005.0413043898172,1880.8039859983091,1762.7308761576735,1652.7048158916807,1551.5215040523537,1458.780954669494,1373.215985886806,1293.2984195601705,1217.824628035926,1146.2082906989776,1078.3919149846947,1014.5137643874785,954.5901903272363,898.4116274307878,845.651799407411,796.0259295624567,749.3468143229826,705.4745023371659,664.2583920733904,625.5334703660424,589.1434039902352,554.947259080491,522.8116530629158,492.60779605029444,464.2137317852068,437.5147396666482,412.4026896384141,388.77611294734163,366.5402279604667,345.6067708703699,325.8937896912861,307.3253681140184,289.83122973404704,273.34630132098465,257.81037722268024,243.16733440714836,229.36494090614562,216.35462581190495,204.0902967683812,192.52900886303144,181.63050351733517,171.35596082106397,161.66907467035668,152.53618493961702,143.9244157208257,135.8021601656325,128.1408603278366,120.91396431842217,114.09452646933305,107.65724421812278,101.58060410878093,95.84617010856554,90.4344291322655,85.32588141017156,80.50461362666275,75.95903479909393,71.6780516724234,67.6442721734973,63.83805453308308,60.242825052144035,56.84797371012708,53.64763877443936,50.63090858745972,47.78101800040816,45.08640267557084,42.53937493234974,40.139026919149195,37.886914595026845,35.77122497576043,33.769155626199684,31.868398889521373,30.05821491825215,28.340915473157732,26.737256437655557,25.26443080038307,23.886730261791623,22.56222389023092,21.281239681668332,20.037091016485842,18.852378782289833,17.7782923274443,16.847750214214656,15.987344557406946,15.132816397198669,14.272559564615124,13.38990420733204,12.524858090550756,11.75287738956789,11.169473312583442,10.702395894927383,10.19024230259792,9.624504123273368,9.04070124575904,8.415082469357756,7.825971227889845,7.353994944286304,7.10434845704024,6.827336833670533,6.410760045341024,6.039367032661488,5.725974813360333,5.384937149034072,5.023257640259186,4.693367700414897,4.583138413564576,4.355544292853261,4.019468588531127,3.831028779270661,3.6657176660505226,3.4662378874230666,3.276570596610736,3.0326706994755255,2.973866236701203,2.8034938303996038,2.6367753374805045,2.512897606883298,2.4202347183393096,2.276479162794895,2.1699838297590333,2.0494799318739636,1.9915980187549154,1.8621801730420142,1.8156627024223888,1.731321369076147,1.6862966528545662,1.5911859109998656,1.5042555669961075,1.464998140289657,1.4156021171631938,1.367268695541051,1.3269765085887617,1.290309980361469,1.2545949827796574,1.2153795656865043,1.1891060419904764,1.1518271171910481,1.1263297776769463,1.1086499802469005,1.0799002741255237,1.0574944116789886,1.0493914085905947,1.024829048496728,1.0193436326552259,1.0012088961411298,0.9936174397716254,0.980215324668013,0.9735474760168606,0.963746046029085,0.9539991181537769,0.9485305205524333,0.9427483867603283,0.9375989288511327,0.9327870681731457,0.9258884239970071,0.9201938260045812,0.9188400493945653,0.9166409091129628,0.9125115726961772,0.9107650184063513,0.9080003776962053,0.9063651242785075,0.9041354716943043,0.9025467209715653,0.9011530481236356,0.8994752771035339,0.8986059552207035,0.8978537091993708
8.406652885618283e+56,20097.188477209565,19442.219415762167,18756.67125599241,18042.73845824984,17302.78483956927,16539.436127832065,15755.638745429122,14954.715567797732,14140.417741654599,13316.96444280548,12489.070652267437,11661.96176976885,10841.371795097013,10033.520686619813,9245.064668397663,8483.010228084944,7754.580411446878,7067.015519964053,6427.280929306755,5841.6647156418485,5315.241129517907,4851.224610340845,4450.295186448851,4110.068867791142,3824.946488394199,3586.5298464510875,3384.614124860952,3208.535925915885,3048.5233258487906,2896.7407580632894,2747.877559581281,2599.27842894766,2450.688061294698,2303.6941571832917,2160.951562329527,2025.2913407617477,1898.8767846142528,1782.6221129296082,1676.0677614468195,1577.7578002801208,1485.9364275621272,1399.2207340264126,1316.9370659645715,1239.0193672178714,1165.6264957705737,1096.7772386066208,1032.230815365408,971.6123505423311,914.5946496320591,860.9626248738166,810.5554789998595,763.2001782047644,718.7071304157909,676.8967163845612,637.6070099720795,600.6847611015475,565.9819964649315,533.3585942571499,502.68274608492266,473.8302157646263,446.6844206198658,421.1364611440258,397.0849264889004,374.43565777628,353.1014308207974,333.00150140740584,314.06110350936325,296.2110637051466,279.3868992995179,263.52859823474273,248.5803548283432,234.48921112633366,221.2058254287418,208.68394249686426,196.87896004247528,185.7491640116192,175.25588044499347,165.36133639795682,156.0292169998109,147.22671041495013,138.92330966149873,131.0880552983266,123.69187571514324,116.71005280398128,110.12140427482204,103.9035103243917,98.03396641697333,92.49448869596489,87.27175951067328,82.35303309260924,77.71832650174845,73.34507188810775,69.21422644807096,65.31359945631318,61.636455888222734,58.170258434074036,54.89574408306015,51.79962538401676,48.87306908577057,46.11503204430575,43.527302269393054,41.09630666853717,38.795844584171476,36.61177374069914,34.531752963569126,32.558438057747146,30.715679351055606,29.023234752115737,27.440072929081634,25.918009348787315,24.445927436849644,23.016140232466853,21.654618488059235,20.42019279171142,19.350703280060756,18.361787447924804,17.379587345655683,16.390755575293515,15.376118920683439,14.381654919014592,13.494108948377512,12.823316402557808,12.286236620738286,11.697279511862112,11.046638027058806,10.37513718548163,9.655424746584481,8.977577735238187,8.434394923867062,8.147035787595657,7.828132331726646,7.348454638688689,6.920682173903591,6.559607907657702,6.166548859577453,5.749516799780698,5.368939345587066,5.241723285378144,4.9789643708100755,4.590698722820485,4.372830544301096,4.181586702901809,3.950645868706235,3.7308651326054987,3.44789382729777,3.3796008441289596,3.181561761149591,2.987477811085936,2.8430441335455376,2.73486076277421,2.5667426446680874,2.4419397142830404,2.300403226349442,2.23228118753389,2.0795884891514254,2.0245597914153817,1.924559217120786,1.871041572393455,1.7576386419105372,1.6535035294243021,1.6062993103510932,1.5467261670729484,1.4882212413903892,1.4392698097529781,1.3945654928824067,1.35086209384827,1.3026754030024303,1.270262780792689,1.2240779206259838,1.1923451095528792,1.1702670213344892,1.1342242749366964,1.1060042704153152,1.0957685713423273,1.0646376042612757,1.0576629406583336,1.0345433625751634,1.0248360987857394,1.0076547157167999,0.9990849380953045,0.9864606171291959,0.97387334563258,0.966796188703545,0.9593012432156897,0.9526157482006291,0.94635929724984,0.937373616041769,0.9299417227103594,0.9281729695326496,0.925298087534531,0.9198943839520699,0.9176066259950997,0.9139826082589697,0.9118374720129777,0.9089106992618942,0.9068238639371528,0.9049923342364251,0.9027862883844513,0.9016427437274179,0.900652928011098
9.65883224115863e+56,23090.684796364287,22338.157437938004,21550.496193886993,20730.22239162188,19880.051941085658,19003.00167494982,18102.456888162604,17182.235401775568,16246.647099554095,15300.539607752398,14349.33020851679,13399.022630080985,12456.204957223503,11528.023617318513,10622.12628564262,9746.563073178306,8909.632905566552,8119.654534422307,7384.6308350814825,6711.786498948003,6106.951591282039,5573.819345488814,5113.171080858931,4722.267709699146,4394.676064718376,4120.747023583035,3888.7557514771247,3686.450526902831,3502.6038882120192,3328.213153251459,3157.176630405396,2986.4435083462836,2815.7204542449335,2646.8316582280167,2482.827407944441,2326.9604572756953,2181.716322932657,2048.1453978427867,1925.7196652057614,1812.7663329017523,1707.268070566673,1607.635983154857,1513.0960755196365,1423.572452354746,1339.2476337036403,1260.143204893519,1185.9825210747629,1116.3348686317813,1050.8243170780565,989.2037410909943,931.288392469767,876.8794638287707,825.7591231393648,777.7209966575055,732.5790391548592,690.1571737718458,650.2853863948612,612.8026839000017,577.5576248636673,544.4074679571717,513.218265353511,483.86489680809905,456.230846174637,430.2079294616948,405.6959302968228,382.60207747264457,360.84046842389205,340.3316262114681,321.00146330724317,302.7810287229727,285.60620438612756,269.41614411946625,254.15415664062903,239.76709685575844,226.20371882235835,213.4160950323018,201.35979089314398,189.99140702289986,179.2692192834055,169.155528348616,159.61528304979788,150.61291234169562,142.11501418938954,134.09318852288885,126.52309776195261,119.37898245574162,112.63510066783797,106.27044493683141,100.2697137782576,94.61826278756826,89.29313228446782,84.26839254983257,79.52216395617664,75.04043966865586,70.81548131619604,66.83288383956041,63.070514394228596,59.51310583271378,56.15050876154376,52.981524600565976,50.00820793650097,47.21496346964585,44.57168638072595,42.06212668491224,39.6721035692987,37.40466816549996,35.28722579803061,33.342480823202216,31.523286553338608,29.77427439845746,28.082668545938585,26.439633250488214,24.875010623880524,23.456408525492648,22.227319375428408,21.09079698058105,19.961958163930746,18.825456531629662,17.659245220339997,16.51615935067081,15.495908610444612,14.724773677225787,14.107319652730757,13.43018513774712,12.68207493984956,11.90990748272311,11.082200999468247,10.30252558367902,9.677643829656166,9.347020866424868,8.980064630723222,8.428018066357955,7.935599730617192,7.519864591975053,7.06718531550984,6.586735574592614,6.148106939373978,6.001441657763013,5.698429888603978,5.250449545721869,4.998926115502283,4.778035641779287,4.511143240245956,4.256967998908171,3.9293983865914544,3.850279741789547,3.6206871280346977,3.3954113396833776,3.2275595118150786,3.101701276293535,2.905849590083492,2.760213200058078,2.5947474537706885,2.5149757700807704,2.3358015285232243,2.271086123691769,2.1532558063670706,2.0900619319542395,1.9557961503398469,1.8319981470136,1.7756933004627236,1.7044433254370681,1.6342377371183632,1.5752961226744857,1.5212898832668298,1.4683094834901762,1.409659314794414,1.3700546422522397,1.3133828512388692,1.2742646009820202,1.246953036889219,1.2021834617611076,1.1669576103358847,1.154140220626856,1.1150140802510509,1.1062169822858463,1.0769689467369743,1.0646465632548874,1.04277202364221,1.0318292108832563,1.0156682369642027,0.9995041013378891,0.9903927485122066,0.9807247352916905,0.9720840957774408,0.9639832595046146,0.9523229942287282,0.9426554565860625,0.9403514120935513,0.9366037973557741,0.9295505576381281,0.9265607954231503,0.9218202325655553,0.9190115557457653,0.9151762667466827,0.9124393682529977,0.9100357277340674,0.9071386096205629,0.9056359793085839,0.9043348758889128
1.1097524964120607e+57,26530.06538702437,25665.448325731544,24760.46415139021,23818.00974564811,22841.20555594769,21833.51777520077,20798.8359414199,19741.54654391593,18666.601427946018,17579.570278536707,16486.677287420374,15394.820444146786,14311.569135300955,13245.134255750243,12204.30260963969,11198.323380020458,10236.731625794868,9329.085184940053,8484.578969071372,7711.513794605793,7016.58812087011,6404.045292109432,5874.783005948796,5425.654184895705,5049.267435004052,4734.536387545817,4467.989781831045,4235.550990159543,4024.320209187012,3823.9537981836006,3627.441212398919,3431.2772190503124,3235.1247930502086,3041.0798394511025,2852.646989305083,2673.563497467709,2506.6851008929843,2353.2186496239015,2212.5574782444037,2082.7796305567085,1961.5672927756598,1847.0949022963973,1738.4731765821841,1635.6149156305114,1538.7298260309503,1447.8427082695684,1362.6357109579692,1282.613965230938,1207.3455453518209,1136.5465164125349,1070.0046117662218,1007.4914114493776,948.7566371112893,893.5631754071139,841.6972694604558,792.956615560789,747.1458757932257,704.0800769158689,663.585220120261,625.4973025781355,589.6624247610777,555.9368295975485,524.1866457004858,494.28757491761434,466.1244734975858,439.5907518160314,414.58771197890866,391.0240388190156,368.8146093350606,347.8802021553037,328.1471486884402,309.54553958599223,292.01023926681785,275.48018654289433,259.89650225131436,245.2041199430584,231.35198635449515,218.29023761830567,205.97093463005515,194.3507625941235,183.38944931206018,173.04612525273606,163.28241295873644,154.06568198880268,145.3679695104545,137.15967900674994,129.4112340602328,122.09849794769882,115.20388987711343,108.71058402236535,102.59220060826208,96.81894734004223,91.36568526765755,86.2163209727358,81.36196330860774,76.78606130270498,72.4631848883364,68.3757924107436,64.5122223476941,60.87109753784674,57.45477881890767,54.245347536162214,51.2082133797888,48.32470486551944,45.578527707663284,42.97318728125667,40.54017310753394,38.30557441457809,36.21521874798766,34.2054842823808,32.26168926070396,30.373678529070656,28.575741811058172,26.94556975754198,25.53314692384152,24.22707137384799,22.92979557731818,21.623677785817904,20.283371730507536,18.969590354804737,17.796933091519506,16.910564506007997,16.200812591841704,15.422424417946392,14.562398449393942,13.674652473854138,12.72296707429669,11.826405416464025,11.107755858013123,10.727483209927351,10.305386307143795,9.670307235943701,9.10373032016729,8.625302119784827,8.104255429285935,7.551102311329235,7.045942692072175,6.876992111476954,6.527866781592239,6.011502796732651,5.721453771368624,5.466637043144279,5.158618277582992,4.865115102162256,4.486578817070898,4.395094066120313,4.129471175291109,3.8685988516803493,3.6740364933369807,3.528027135646679,3.3005717719432526,3.131206950453583,2.9384989463125986,2.845468890645446,2.6361636978930405,2.560428162500046,2.4223133075934884,2.3481094154283695,2.190095662912202,2.043893673828837,1.9772079089931924,1.89262316920379,1.8090333247194745,1.7386413388222521,1.6739500492278023,1.6102856086995752,1.5395446050130852,1.4915996467712334,1.4227145838218773,1.3749515777306347,1.3414889749010344,1.286409421718169,1.2428520457923589,1.2269507037252338,1.1782216647307424,1.1672237371946101,1.130539013205242,1.1150253725747898,1.0873946272249375,1.0735261823871036,1.0529849616017206,1.0323649571594138,1.0207072748780133,1.0083088285315116,0.9972021657739663,0.9867665395712872,0.9717053588915493,0.9591806823264231,0.9561905333664386,0.9513226033644726,0.9421460179829122,0.938250238974924,0.9320656696953853,0.9283970904141389,0.9233822666277548,0.919799831566744,0.9166509607931136,0.9128522815123687,0.9108805955797887,0.9091725386240425
1.2750512407130181e+57,30481.745157306712,29488.34251981549,28448.56004739552,27365.72611511123,26243.42596417008,25085.642080381887,23896.843352332842,22682.06964129969,21447.010374838414,20198.06484812509,18942.38435246909,17687.89433985488,16443.291664560908,15218.010242447051,14022.145680912778,12866.32483806366,11761.503029350715,10718.661742267685,9748.365479706252,8860.151472993151,8061.715923684637,7357.934226421593,6749.837791827023,6233.810782113735,5801.360847855785,5439.750294639116,5133.5013040192725,4866.44052049365,4623.746702060493,4393.53551230063,4167.75217875412,3942.369360660274,3716.9998326727487,3494.051686982171,3277.5515729472377,3071.7934132983564,2880.05830990258,2703.7328743572994,2542.120077838833,2393.011686835229,2253.7446468400726,2122.221475826519,1997.4204317007368,1879.2413259200366,1767.925101082942,1663.5002517351547,1565.6015821958572,1473.6605123649538,1387.1807807107941,1305.83615991802,1229.3827659958529,1157.5581555822503,1090.074771095354,1026.6601808985051,967.0687887928198,911.0681577045949,858.4338539158906,808.953352208297,762.4267364477854,718.665575389535,677.4930459828445,638.7439783605714,602.264560820154,567.9119808342047,535.5539438309394,505.06798350881724,476.34070077523126,449.2671789265454,423.74961575154464,399.69698971950345,377.0246591697983,355.652301623663,335.5050794242195,316.5128361894115,298.6079225712546,281.72706983919556,265.8116202129313,250.80428246172778,236.64997680423141,223.29893656063123,210.704890841109,198.82088243243422,187.60281738075042,177.01320477524803,167.01991656508355,157.5889476544157,148.686316020073,140.28428959361392,132.3626687879108,124.90212144625669,117.8723383014612,111.23908918979512,104.97349040202714,99.05705117007604,93.47955588233613,88.22198805126324,83.25512932980088,78.55882482400943,74.11967569712091,69.93609961323054,66.01080924892109,62.32321658250986,58.83357786958502,55.52043957701537,52.36507930078784,49.37152434797391,46.57595650312913,44.00835365256974,41.606471496416326,39.29720642541492,37.06368722902946,34.89424324430178,32.82827394400061,30.95505298968384,29.332022285204623,27.831172957699966,26.340409454301817,24.839453995698946,23.299171447563122,21.789324942061146,20.44161660584741,19.422898110236744,18.60714255281079,17.712469480145163,16.723919895622334,15.703452082980627,14.609409436223798,13.578647352363475,12.752351238014501,12.315084805026084,11.829695218182744,11.099317826731593,10.447638967494496,9.897276341562629,9.297796836728782,8.661253451591849,8.079801590407346,7.885300612121553,7.483313704240992,6.888582694468267,6.554398190837157,6.260725106703508,5.90561788036548,5.567102089314169,5.130260374501622,5.024634315776435,4.71782236684002,4.416278556730267,4.191213369151035,4.022201621332243,3.758688955851786,3.562267235549779,3.338512491621029,3.2303790378123356,2.986765173917734,2.898486400240041,2.7372889806737253,2.6505585975903,2.465527743201168,2.2938328221421678,2.215329998363758,2.1155576667200204,2.016710517769172,1.93325074801048,1.856348356598663,1.7804530949862447,1.6958385202546318,1.6382986199147258,1.5553170197504538,1.4975360732752505,1.4569211883461852,1.389800407927201,1.3364556426458172,1.3169167086589526,1.2568026744406444,1.2431818978996856,1.1975922903425023,1.1782357718806862,1.1436372704702837,1.1262082358855774,1.1003099704378796,1.0742059064066556,1.0593975879601358,1.04360636787954,1.0294221178673886,1.0160604533405977,0.996714768855812,0.9805690582695181,0.9767063059150337,0.9704109138873288,0.9585197154124592,0.9534618997816885,0.9454205424162461,0.9406434297255502,0.9341045245071996,0.929427034876583,0.9253112324725679,0.9203405151252438,0.9177580576282032,0.915519536490777
1.4649713983072879e+57,35022.031582330084,33880.660628274156,32686.001516473534,31441.878386785607,30152.410505679352,28822.17355420653,27456.302066374843,26060.586595835302,24641.564016064483,23206.58680365031,21763.871441889307,20322.523886758987,18892.53639767303,17484.748081685277,16110.758297004893,14782.776782870698,13513.390659917377,12315.217119175944,11200.394256805572,10179.879884279944,9262.516560086091,8453.905873795884,7755.232865710037,7162.343115426028,6665.47932961285,6250.006521554662,5898.141436268176,5591.301680748604,5312.458374133017,5047.956996156412,4788.543007894935,4529.589192110709,4270.650645824385,4014.4941489532343,3765.7461243106536,3529.34007873524,3309.045837531478,3106.45654951015,2920.771362718331,2749.4531250397254,2589.44211730107,2438.3284353896347,2294.9381476753633,2159.156142420966,2031.2592508683451,1911.2802118563998,1798.7994334335049,1693.1636449054338,1593.8026660677046,1500.3416777037482,1412.5004690457533,1329.977505516038,1252.4423975254883,1179.5821344535832,1111.1145382828668,1046.7725501848763,986.2983067929276,929.4476270211552,875.9908170021561,825.7113784415271,778.4061502890645,733.8853604293682,691.9722867194305,652.5028445273769,615.3250338347697,580.2981468219165,547.291893445706,516.1857295102169,486.8672850202776,459.23198064800823,433.18256722145946,408.6267580935595,385.4785684063357,363.65739185439423,343.0855025865394,323.6902078628687,305.40411269667015,288.16139219231525,271.89876229344037,256.55904343466705,242.08907253761342,228.4348979567515,215.54585778151517,203.3788766769355,191.89704097675317,181.06128036317784,170.83255100980688,161.17898999292075,152.0773888734966,143.505535857626,135.42860691000888,127.80727300878266,120.60834793712498,113.81058651794164,107.40225140978019,101.36149339908283,95.65474164807023,90.25883882976323,85.15839005936753,80.35157727115977,75.84151736261735,71.60455538739225,67.59502670906589,63.78828147465293,60.162807629209176,56.72323217925683,53.511127847636374,50.56094005590991,47.80115071196369,45.14776278045953,42.58138981047301,40.08862026585339,37.714724176530346,35.562282102719394,33.69730251092808,31.97269771801468,30.25965955930284,28.534882650178744,26.76488037414619,25.029813181575797,23.481029090975067,22.31028885476342,21.37277707361357,20.344542540539656,19.20837989875123,18.03548433254132,16.77795756152751,15.593089932057648,14.64319035829485,14.14048581493087,13.582429765024811,12.742648809254161,11.993282218104104,11.36035569837202,10.670864746953642,9.938635747310903,9.269659366196661,9.045850391465274,8.583235244325072,7.898644644309936,7.5138654966206655,7.1756587889828545,6.76659639700055,6.376519709174192,5.872917418531982,5.751104572204475,5.397158952632875,5.049095321950988,4.789157186799413,4.593857623235459,4.2891569292673655,4.061845257463188,3.802665103900194,3.677306181681609,3.394583616888949,3.292013900171796,3.1045275932056238,3.0035358091187527,2.787756628924274,2.5870574358535063,2.495110944475734,2.378059036951858,2.2618482727258664,2.1635095317722257,2.0726941750008643,1.9828503791779748,1.8823916455268455,1.8138756117884283,1.714732149398511,1.6454321779474097,1.5965723038800332,1.5155224574933297,1.4508018118511479,1.4270203731862074,1.353568425947916,1.336860571756477,1.2807438285113693,1.2568201327340804,1.213898575626653,1.1921935454302377,1.159829834816461,1.1270635037771182,1.1084059919258842,1.088450747384587,1.0704712431470655,1.0534843509959848,1.0287988125017495,1.0081089391753038,1.0031466216187448,0.99504858044508,0.9797154779761653,0.9731785901115079,0.9627665119612501,0.9565696206169624,0.9480731725348458,0.9419851339173912,0.9366209403397401,0.9301333310365107,0.9267587619131792,0.9238313609902713
1.683180353330955e+57,40238.598211965815,38927.2189126126,37554.61413110762,36125.177616763234,34643.642204907046,33115.2651288577,31545.94571659612,29942.337030528055,28311.94961796871,26663.231114243168,25005.62185604777,23349.58414060446,21706.59858435375,20089.11879017839,18510.471852285693,16984.686162777034,15526.223706486302,14149.581017660772,12868.704174018794,11696.183164014497,10642.17765407564,9713.123596163403,8910.38254354598,8229.181270781153,7658.309125968359,7180.951226501223,6776.675483779394,6424.131638753537,6103.754341688444,5799.855217825353,5501.801255368161,5204.276008406078,4906.7683051895665,4612.457040259955,4326.657746740611,4055.0387822679904,3801.9314914246015,3569.166324155357,3355.823140817692,3158.9868779376975,2975.142068080877,2801.5198494716415,2636.771432163885,2480.7645584023758,2333.81729372142,2195.967253444554,2066.7323469715557,1945.361998267897,1831.2010981987803,1723.8189978362518,1622.8937487273392,1528.0789024049154,1438.9948574046007,1355.2819798442556,1276.616060991864,1202.6902633218158,1133.2083144419162,1067.8896622287855,1006.4703996617508,948.7017807852452,894.3503834819847,843.198168862891,795.0420918158345,749.6936271078422,706.9781341327428,666.7339464655106,628.8113671940343,593.0718969052488,559.3864279400988,527.6348037324705,497.7052897043189,469.49185297252933,442.8957010987031,417.8242213353613,394.1881104313121,371.9038479305844,350.89400023367364,331.0829376923458,312.3979499514687,294.7733404148903,278.1480272293698,262.46002250344714,247.65111808144104,233.6718224136265,220.47972341039318,208.02993107882992,196.27758584768185,185.18607866053836,174.72874406834597,164.88006172721018,155.60002037683213,146.84343268841715,138.572169107151,130.76181979962638,123.39889904484252,116.45830299188877,109.90146005474772,103.70176330218783,97.84152452398122,92.31865481740118,87.13673548844498,82.26858788573375,77.66174469029374,73.28788373703853,69.12228791909214,65.17027329026868,61.47960628648833,58.089865010306426,54.91887655271183,51.87012845705496,48.92134467600305,46.057113820283085,43.329450646629276,40.85622345944006,38.71328192242631,36.73161925582678,34.76322737414514,32.781323252199364,30.747422151438442,28.753629745602776,26.973862503826695,25.62849321668034,24.55112158002008,23.36947003769182,22.06375460968416,20.715782157352262,19.27048774362459,17.908633976434395,16.816787583259142,16.238937205662687,15.59743799864784,14.632036163346458,13.77051029010425,13.042796726518057,12.24997843995342,11.40792199069809,10.63850016737348,10.38106024608119,9.84888087964892,9.06120567413559,8.61839773361389,8.229122314016722,7.7581993341805,7.309021622046219,6.728920929320572,6.588565157265816,6.180637643411928,5.779315832049883,5.479469003681075,5.254095572735511,4.902294248015932,4.6396757570343325,4.340025568659859,4.194997013335636,3.8676398319954384,3.7487684985433716,3.5313072418537317,3.4140614426575477,3.163254625128021,2.9295345956724703,2.822288445765166,2.685575427088754,2.549610605174539,2.434344416037472,2.3276980954794397,2.2219774371508136,2.103472591750664,2.0224440267252906,1.9048522880520125,1.8223795951886501,1.76407488429099,1.6670296819546433,1.5891992298668227,1.5605156166518848,1.4715959300460832,1.4512942147133039,1.3828757064151656,1.3535898248390004,1.3008512117053035,1.2740773836368036,1.2340128771933838,1.1932600133279712,1.1699618874968178,1.1449627544364829,1.1223629981015342,1.1009408231013427,1.0696799244624309,1.0433514152262342,1.037018345151814,1.0266674638171556,1.0070128012087105,0.9986104004569407,0.9851971531353222,0.9771961973204958,0.9662038166620937,0.958310957268325,0.9513448834278304,0.9429049777592852,0.9385083084297448,0.9346905224184083
1.933891750455224e+57,46232.17765903705,44725.467101328075,43148.41146465268,41506.058951676416,39803.847358281,38047.81698794408,36244.745879447386,34402.27807549351,32529.042826928904,30634.746052805654,28730.23423740858,26827.528047589807,24939.81814908535,23081.413121376416,21267.625142674562,19514.57214810778,17838.870249607982,16257.17525469142,14785.510523297708,13438.341335254947,12227.340649475453,11159.903059419546,10237.592923102144,9454.926038407273,8799.021915648204,8250.561078652427,7786.068058786031,7381.012454542084,7012.914637742252,6663.749434478544,6321.300035175154,5979.4581039530285,5637.636329496259,5299.487105857227,4971.117720138581,4659.040837533391,4368.232960756598,4100.797187125236,3855.676321285156,3629.5210981317264,3418.2924178137705,3218.8089937944633,3029.521132493897,2850.2768762236155,2681.4416666991583,2523.058722085727,2374.5741438992836,2235.125557039443,2103.9602731943837,1980.5834978352552,1864.6253279554041,1755.6877112311247,1653.3345041667417,1557.1525050392015,1466.7692138871112,1381.8320894132605,1302.0007291396594,1226.9527924056608,1156.385062956773,1090.0117438579514,1027.5646445119219,968.7932488952529,913.4642680978969,861.3610958378295,812.2830785872312,766.0444695150346,722.4732741723462,681.4103634864083,642.7073990477832,606.2263268124493,571.8387691863304,539.4228995408391,508.865210161696,480.0592934945559,452.9025444302745,427.29900200541937,403.1596987543288,380.39773985734354,358.92958461369045,338.67975078621356,319.57805824789716,301.5532858667109,284.5385552344331,268.47700289800594,253.31989936123074,239.01566812418685,225.51276762632338,212.7691357526604,200.75413513064808,189.43844406507532,178.7760914477402,168.71515906942,159.2118377503873,150.23808164368825,141.77839623763774,133.80393828515784,126.27039062936818,119.1471829512682,112.41399215339054,106.06841815895088,100.11457583791395,94.52123801032317,89.22812152343943,84.20268499505761,79.41652897547726,74.8757612193398,70.63526425193541,66.74051311534299,63.09709331321261,59.59411329821251,56.20597727242459,52.914976396542805,49.78087456561776,46.939103881866174,44.47681987490876,42.19983312234366,39.938077557724334,37.660775328059486,35.323700421415374,33.03268230533696,30.987564255524788,29.441586549635783,28.203550764302683,26.845664228437172,25.345182290767415,23.79610318327621,22.13513196111954,20.569994053750197,19.31511669593662,18.65096182996445,17.91363166141053,16.80396622417817,15.813644106835016,14.977090422369448,14.065634229967324,13.097488520959189,12.212761694709638,11.916718852062838,11.30469694011669,10.398723375703675,9.889333294090116,9.441469359429009,8.899587960961219,8.382630410865143,7.714820675688923,7.553209069371921,7.0834134915734905,6.621072370315749,6.275515793906946,6.0157065312245015,5.609991780003218,5.306976653439338,4.961043035301398,4.793528297671784,4.415169564572475,4.2776804926585354,4.0259996290850735,3.8902062706796,3.5994499386640073,3.3280962878252125,3.203422234659958,3.0443212393861865,2.885870992352306,2.751342402728565,2.6266846842002955,2.5029016991869963,2.3638648531391206,2.268596243059594,2.129997383661203,2.0325108801672718,1.9634307983403674,1.8481092262587013,1.7552642918545045,1.720955862451804,1.6142410684800332,1.5897926276871996,1.5071372472204616,1.471621912820303,1.4074337808792041,1.3747225302164308,1.3255988933999472,1.2753946436749461,1.2465749971360636,1.2155468907264777,1.1873969770953046,1.1606198370663434,1.1213666103803464,1.088128045262271,1.0801066197044957,1.0669732636139346,1.0419531162582687,1.0312226243059603,1.0140480613894667,1.0037762365884786,0.9896293357977288,0.979445853079096,0.9704397469126708,0.9595043856658342,0.9537971262819184,0.9488352767899016
2.22194686093951e+57,53118.506759806376,51387.370157453646,49575.41050625445,47688.42794370928,45732.67023083374,43715.07738034818,41643.43702668811,39526.531800359706,37374.27628775098,35197.822114261195,33009.631358853934,30823.515178727288,28654.62900246647,26519.412686771724,24435.459174107702,22421.28718215378,20495.98780932669,18678.69776232556,16987.82709657628,15439.99570980652,14048.615259841212,12822.181772247674,11762.49261775409,10863.24671688018,10109.64501814113,9479.49039007946,8945.810669527837,8480.42162712426,8057.495271562368,7656.321561219292,7262.863980481036,6870.104350701666,6477.3678799373265,6088.8509899785495,5711.570654453862,5353.009606565737,5018.88560410745,4711.615002864071,4429.983137183449,4170.141865564431,3927.4504601703657,3698.2537786264347,3480.7712989246284,3274.8284291195823,3080.845043837419,2898.870798633667,2728.2692912852312,2568.049695045107,2417.347207910529,2275.5933352019415,2142.3630764815184,2017.1990891243377,1899.6002656130636,1789.0918574021225,1685.2458802757053,1587.657281544489,1495.9349554264272,1409.7085482815041,1328.6296794741947,1252.3699823121954,1180.6213189212463,1113.0958586449958,1049.5255639348184,989.6615647628017,933.2733200325,880.1474157101713,830.0862385738835,782.9069570870957,738.4391376550776,696.524162913488,657.0145332633748,619.7702758418707,584.6609758093766,551.5643760602997,520.3625883088959,490.94535806498413,463.2104660228534,437.05807424060396,412.392198489499,389.1261133190868,367.17918514075467,346.4695842921305,326.92047068126936,308.46651091074705,291.05171710455824,274.61683030652375,259.1026316922312,244.4607938629513,230.6561159107909,217.65490858328332,205.40435321594805,193.8447981714252,182.9259086838281,172.6154613235133,162.89565358696174,153.73334586387443,145.07761965614034,136.89335093993094,129.15718928872042,121.86637710581874,115.025642283819,108.59910611302958,102.51750553096366,96.74345155967264,91.24431400926123,86.02711027664877,81.1548987654755,76.67992958658921,72.49372349926361,68.46886853414233,64.57595488393524,60.79463429861959,57.193573860172705,53.92838468138819,51.099211143852244,48.48293135694056,45.88413727180698,43.26746188088783,40.58208388473294,37.94960012436686,35.5996396863902,33.823200453229795,32.400593813454016,30.840251222876876,29.116028145630285,27.335929297656115,25.42720746613918,23.628562114545165,22.186421646992187,21.423137183673486,20.575737864873286,19.300380584637,18.162138452602367,17.200590133548406,16.152894937039086,15.03996389372781,14.022846597601133,13.682483692816225,12.97879976984758,11.937030961707425,11.351220577840271,10.83611792784642,10.21281148733372,9.618088166129166,8.84966801960609,8.6636780905478,8.122936603409842,7.590640580846071,7.192694164410224,6.893425428986331,6.425949762467407,6.076674192744999,5.677758801994592,5.484512291870605,5.0478148356981,4.889038972121189,4.5982474027940565,4.441264025598577,4.1048892653274045,3.7905928238615227,3.6460432799161526,3.461420866655328,3.2773504529329913,3.1208837444049315,2.9757203273211617,2.8313802388240905,2.668981680082844,2.55751267120997,2.3950140483956077,2.2804420104724343,2.1990949478902797,2.0629517816117877,1.9529792388703555,1.9122471967555603,1.7851751376047624,1.7559735072167986,1.656963934076024,1.6142723370736507,1.536854335574261,1.4972584583630724,1.437593016487653,1.3763340115034057,1.3410250873328524,1.3028814827023918,1.2681505683524874,1.2349930019806656,1.1861535984308007,1.1445577733993144,1.1344836180611433,1.1179573988018143,1.0863578713343565,1.072756486736916,1.0509216064563598,1.0378222858149684,1.0197293413644009,1.0066665088568985,0.9950857000177583,0.9809870360143264,0.9736121327027097,0.9671908759749813
2.5529080682395374e+57,61030.56146806397,59041.570337260084,56959.717483637374,54791.66698097718,52544.59720054602,50226.48187689874,47846.268620407274,45414.04824317388,42941.212119143,40440.57291946787,37926.44896223468,35414.70859031592,32922.76464853822,30469.505726695083,28075.145253621788,25760.960328512265,23548.88568798127,21460.908470326212,19518.180927139463,17739.79850653929,16141.17054620431,14732.058563220864,13514.527648504212,12481.338170505944,11615.486744241336,10891.46995333324,10278.298103932866,9743.58889751164,9257.667237601761,8796.738301138239,8344.674819438691,7893.413249103821,7442.178287237393,6995.79141684499,6562.314796798446,6150.345720907945,5766.453612727614,5413.414746670214,5089.8335314262395,4791.288640960993,4512.448106365119,4249.11234812823,3999.235633691484,3762.617365458343,3539.739958801786,3330.6604655232168,3134.6476906467897,2950.5632227793108,2777.4134467824947,2614.5451901163115,2461.470148095366,2317.6628564450784,2182.5475671719755,2055.5788174488234,1936.264874371839,1824.1403522369326,1718.7558896520293,1619.6859684184624,1526.530316242105,1438.911655867799,1356.4759519599354,1278.892501180027,1205.8533414992633,1137.0725334296749,1072.2851965261862,1011.2461284982937,953.7282814127683,899.5215907673895,848.4302366861837,800.2719755615587,754.8773375523222,712.0855006662604,671.7466246101221,633.720241925689,597.8709047117472,564.0719359221296,532.2058905423455,502.15805962398485,473.8181619418033,447.08655415178055,421.87059215811655,398.0762576261597,375.6152649875887,354.41254930379955,334.4037831854596,315.52088092160574,297.6958029003882,280.8730232306665,265.01209773486977,250.07431905921297,235.9990010473192,222.71760675243428,210.17230385131208,198.32606909279014,187.15844821273464,176.6313653072191,166.6863172937439,157.28294819394313,148.39442935228905,140.01759240259273,132.15786955630037,124.7740377511732,117.78651653574174,111.15234734998762,104.8340391703229,98.83965454275415,93.2416454155997,88.100045925229,83.29021733745246,78.66576691809657,74.19290294282102,69.84824482302025,65.71068879808142,61.95902986344245,58.708335054907735,55.70224149860585,52.716225805564406,49.70964887044121,46.62411273753257,43.59932967175126,40.899148741831034,38.85794465258788,37.22329638668438,35.43036725581768,33.4491079776984,31.40361533448626,29.210285069509418,27.14340000346018,25.48614830420742,24.60899499239701,23.63516296676864,22.16948622326309,20.86134412528215,19.756233180439953,18.55206734383463,17.272859422616712,16.103710142162807,15.712454381682521,14.903519395346967,13.70583704893421,13.03229311234144,12.440003794147117,11.723234309203438,11.039258763715383,10.15538600692713,9.941425103089573,9.319291903092822,8.706757125787641,8.248731567675593,7.904219971491637,7.3659476187158255,6.963658638168359,6.504046058430345,6.281328850696895,5.777839053098529,5.594700858116013,5.259162251727101,5.077943692281822,4.689417924017753,4.326061968746542,4.1588179592581245,3.9450666074847907,3.7317692538057647,3.5502883281372735,3.38175455299163,3.2139958274119884,3.0249957181620672,2.8950865205690604,2.7053921786382444,2.5713822096021746,2.476079559727703,2.316244940277459,2.186774782499676,2.138726519359199,1.9884471374929371,1.9538206731930232,1.836120790851028,1.7852124624995365,1.692614186291705,1.645098638753562,1.5732736234094622,1.499211528619342,1.4563573225505044,1.4099107093702667,1.3674691392075937,1.326803283386563,1.266613591388955,1.21504330837347,1.2025064578421183,1.181897782999971,1.1423358473978498,1.1252396300727103,1.0977027770682775,1.0811254699340294,1.058153641962494,1.041511291409902,1.0267149556055717,1.008645604902968,0.9991681082527061,0.9909013302473995
2.9331662783900604e+57,70121.12463892094,67835.87128975935,65443.92437127858,62952.940577714086,60371.1675059111,57707.76658616032,54973.01818434632,52178.51614912482,49337.348610980625,46464.236701247755,43575.63146580935,40689.764853076544,37826.64336852505,35007.96907628568,32256.966215630993,29598.08113095572,27056.515759827184,24657.532246779214,22425.43349243273,20382.15923100314,18545.41403643418,16926.413413556995,15527.530050661033,14340.44596585753,13345.62510297964,12513.765286283271,11809.26087602494,11194.906197910055,10636.606020150813,10107.021256962611,9587.62246683771,9069.145033501063,8550.698171899423,8037.821529747601,7539.778132547716,7066.4458496332545,6625.372626783677,6219.7482672768465,5847.96930508745,5504.95585323873,5184.581740702053,4882.021856378557,4594.925753783953,4323.062956103592,4066.9877349639305,3826.765640090314,3601.556564279471,3390.052528612811,3191.111917972744,3003.9842691079643,2828.1085438554614,2662.8810095042163,2507.6401598123684,2361.7592847094634,2224.6734071743317,2095.8478218267223,1974.7662344347868,1860.9397454267773,1753.9084615373947,1653.2389096733928,1558.5243205672143,1469.3847322716842,1385.4663114890443,1306.440527740772,1232.0030463556543,1161.8721418967666,1095.7869473930377,1033.5061090023898,974.8046392591037,919.4731491634278,867.3169261461901,818.1511935912354,771.8037923151692,728.1133320613782,686.9241897957396,648.0908197650676,611.4782833668506,576.9547856007342,544.3936186994717,513.6802972989159,484.7083778259579,457.3698377668053,431.563241270399,407.2023423427556,384.2132319105556,362.51768276368927,342.03752064868627,322.7089489694647,304.4854992961904,287.32269872947836,271.15082176309795,255.8911226831104,241.47715485885792,227.86638029362516,215.03529798802722,202.94016049360553,191.51375044096108,180.70970061773292,170.49718607437973,160.87256649361402,151.84208330246165,143.3583730631609,135.33000122585537,127.70761011276366,120.44812390977411,113.56080600078907,107.1289009357762,101.22138614397717,95.69505660668446,90.3817119610584,85.2425260427135,80.25063444185444,75.4966860522644,71.18611230793778,67.45112485943592,63.99716944700274,60.56627176319166,57.11173585724877,53.56645944307095,50.09096807157052,46.988425756596435,44.64304085231896,42.76478565070647,40.704648235713805,38.42809431809333,36.07770906967292,33.557416768919104,31.18238003506522,29.278015220544223,28.270055028300437,27.150985360916692,25.466686540136934,23.963383849135834,22.693370196401055,21.309480783701886,19.83929384709947,18.495535594667622,18.0458315520266,17.116024315404207,15.739299965140425,14.96501547498143,14.2841014733368,13.460026789029834,12.673589857512965,11.65719419996304,11.411129936625704,10.695588883280218,9.990983801943436,9.464031304828813,9.067621306786554,8.448152320138124,7.985076059164788,7.455882878482144,7.199389377911774,6.619370733304987,6.408327355758748,6.021548191126608,5.812585778084006,5.364381357212029,4.944917025817698,4.751730116463552,4.504693161553729,4.258014014355181,4.047976594910632,3.852775260186236,3.6583064955546214,3.438982068183436,3.2880622169604443,3.067396092328406,2.9112593467252634,2.800075053271027,2.6132852565154265,2.4616334991193876,2.4052612711929826,2.228570064863055,2.1877667829290455,2.0487713845177393,1.9884913727032312,1.8785568070133782,1.8219820427829543,1.736222165660383,1.6474450237362996,1.595893046166172,1.539848467210716,1.4884643375449818,1.4390589767602238,1.3655874005153306,1.3022612513194758,1.2868078800276215,1.2613509236938072,1.2122798624678388,1.190985577803861,1.156564001130656,1.1357640058987772,1.1068362898373323,1.0857984382278811,1.0670335883692708,1.0440358891111619,1.0319355176321146,1.021358667677648
3.370064329271939e+57,80565.7362865768,77940.09216532332,75191.86236088058,72329.8440397477,69363.51328656821,66303.39613583659,63161.304224216845,59950.558315716386,56686.19603094439,53385.13122846875,50066.26535390843,46750.546022622715,43460.95972908471,40222.44108157968,37061.67359304411,34006.74491531673,31086.610839767745,28330.29633262251,25765.724235854836,23418.102229036143,21307.772000111912,19447.61961458544,17840.37117505473,16476.469727926353,15333.469301943285,14377.70313298594,13568.262085658376,12862.398663256883,12220.939115099427,11612.472171208006,11015.708411207781,10420.003244944575,9824.333204027314,9235.063072232662,8662.83561197835,8119.000011124703,7612.228489538572,7146.185974899103,6719.030163317616,6324.924513565203,5956.830355296171,5609.203872270028,5279.344516634982,4966.987481819553,4672.769598764356,4396.766180892803,4138.011986189572,3895.004210959431,3666.4311953619203,3451.4306938867635,3249.3581011699157,3059.519757902958,2881.1556258199266,2713.5456457502414,2556.0406867720435,2408.026398595126,2268.9095844358612,2138.128522632036,2015.1548183455259,1899.4904322204666,1790.668006287341,1688.250982873283,1591.8328248423663,1501.0360667571847,1415.5110429763945,1334.9340647600548,1259.0054087224746,1187.4477711061227,1120.002652316898,1056.4294746327569,996.5045228302903,940.0154976077525,886.7645964743019,836.5663899070724,789.2420746370258,744.6244256956204,702.558405209512,662.8925871469766,625.4813904545042,590.19327701983,556.9059483526272,525.4952918304938,495.84476257951866,467.8552681284361,441.44189052565645,416.51475048382997,392.984029552372,370.77642850928964,349.83855736076856,330.11931888407105,311.5386018140791,294.0059310791941,277.44496264784607,261.80682236324645,247.06450868325234,233.16775784567318,220.0393402176358,207.62598199558315,195.8922667019716,184.83401177338126,174.45838837521302,164.71097809972605,155.4867266850293,146.7289242320632,138.38807833631319,130.47483209674795,123.08483012857465,116.29732511746508,109.94778045168945,103.84294016767616,97.9381939223408,92.20267472911567,86.74053457857674,81.7878082523878,77.49640504112155,73.52789141583287,69.58586063083011,65.6166581841335,61.54318170385281,57.549869796664176,53.98505556095536,51.29020011979475,49.13206859952407,46.764941341067804,44.14913218322018,41.44846802504518,38.55254643733722,35.82349567276198,33.63524411477143,32.47701313931825,31.19109637255456,29.255651305118988,27.52815889279753,26.06871823756033,24.478381937981915,22.78882617329938,21.24451042683322,20.727674107426004,19.659039557877282,18.076687770815266,17.186710675244846,16.4040229005239,15.456729203046848,14.552643687911019,13.38409667765094,13.101177009857079,12.278409142348334,11.468125468685413,10.862068342928834,10.406103235438321,9.693471704386956,9.160662359730617,8.551664299732057,8.256438314963825,7.588681194442608,7.345653054998091,6.90015503628765,6.659407420177677,6.1428525222323715,5.659158005603278,5.436284903135093,5.151172257401131,4.8663233271374695,4.623647655551387,4.397979997885768,4.17301012392464,3.919075444374395,3.7441874713073697,3.4882090669628734,3.306858943671482,3.177584906865797,2.9601055099160742,2.7832099697083237,2.7173666142678563,2.51062728600559,2.4627967983155075,2.299569899855502,2.22862216737028,2.0989420663061327,2.0320403296364415,1.9303785639449569,1.8247786184019614,1.7632633316735016,1.696202673093668,1.6345299706245078,1.5750418352730267,1.4861820224425206,1.4091540799604647,1.3902872676791298,1.3591419010860424,1.2988570009928222,1.2725851267181651,1.2299599054706971,1.204100913854062,1.1679985076298518,1.141633499993283,1.1180334006899295,1.0889943687452257,1.073661064424781,1.0602260201830453
3.872038781812557e+57,92566.08328592256,89549.34684662643,86391.76546401573,83103.44665133778,79695.27796552074,76179.35330442406,72569.2436598055,68880.25393679323,65129.66162462497,61336.89991801738,57523.68565181705,53714.08660963999,49934.51314729876,46213.61390791866,42582.046940372755,39072.083580330116,35716.99261324295,32550.122303083062,29603.55462706256,26906.251973838116,24481.585946124465,22344.36200177879,20497.71229912045,18930.656366774518,17617.404883628635,16519.27638738258,15589.268286006074,14778.26580039693,14041.260210512426,13342.1615062754,12656.509186833964,11972.073139667704,11287.677449733545,10610.634941712477,9953.173628131122,9328.33316974153,8746.077522245907,8210.61750797782,7719.836410045964,7267.02832856242,6844.106176180434,6444.700379670469,6065.70814186602,5706.825212987786,5368.7832805828175,5051.668876085076,4754.37298371227,4475.168955648289,4212.549758999456,3965.524715918166,3733.353206421877,3515.2382499489554,3310.306599766795,3117.73094316394,2936.765460511237,2766.704293420665,2606.8658878460506,2456.604853112833,2315.314089433701,2182.4213739823103,2057.389735341074,1939.717590123252,1828.937847067232,1724.6168168676647,1626.3527508218701,1533.773746413191,1446.5354361418767,1364.3192115615786,1286.8280692874084,1213.7855972864177,1144.934757709497,1080.0316290408487,1018.8489458891185,961.1736587958198,906.8003315414971,855.5368308053113,807.2050256406133,761.6309349269924,718.6472931346841,678.1029693844247,639.8574486681467,603.7681316231788,569.7011138553531,537.5425429269909,507.1948522310096,478.554774821526,451.51911364431413,426.00365143349916,401.94704566322554,379.29058809306446,357.9422347395575,337.79803408747654,318.77027049067885,300.802789865669,283.8645687240831,267.8978563898939,252.81391965200916,238.5515493912601,225.07005370508415,212.3646270180516,200.44350871011295,189.24417457666493,178.6459220316463,168.58359387881828,159.00032541816114,149.90834498337853,141.41754416546408,133.61898128668176,126.32361091782923,119.30938969551447,112.52506166606426,105.9351612203094,99.65935463468988,93.96883790242846,89.03815134339023,84.47844696159919,79.94916191797168,75.38864708313262,70.70831114136979,66.12006728942765,62.02414407050175,58.92778005356659,56.44809838826485,53.72827171978314,50.72269566768547,47.619602377012306,44.29213081995908,41.15636762970363,38.64197383690913,37.31110644454963,35.83351130428773,33.60954619661641,31.624505851062864,29.947456091143838,28.1199631503388,26.17841280572933,24.403718375323876,23.809769501483622,22.581671923662118,20.763136809982484,19.74028119115794,18.840705473965,17.751899851301964,16.712707081245284,15.369442782844105,15.044204155417813,14.098320545298094,13.166710088772707,12.46984385371386,11.945517577753996,11.125959915626492,10.51312638390912,9.812559961963707,9.472898465207956,8.704502132309216,8.424793454324483,7.911967584925749,7.634781712772838,7.039890247568488,6.482610630706978,6.225738988245921,5.897031748562361,5.568495933788785,5.288478332296709,5.027966671535843,4.768127008092624,4.4746437610575445,4.272380810295118,3.9760921592464533,3.765976878220892,3.616073980984138,3.36361547130138,3.157964997576069,3.081337053284823,2.840395099159434,2.7845681846850057,2.5937721721604823,2.5106883387909056,2.358542704171685,2.2798883728751784,2.160121385728399,2.035350276045439,1.9624682386402352,1.882824715323328,1.8093818214355082,1.7383371922013524,1.6317861498057054,1.5389339070085872,1.516111828233363,1.4783616922071152,1.4050003651889613,1.3728966954824167,1.320617082851073,1.288774612714402,1.2441421204710665,1.2114061492384158,1.181992683840646,1.1456449298018343,1.1263779608138456,1.1094511576912822
4.448782831127576e+57,106353.8939735928,102887.81162432194,99259.90533655364,95481.78814774213,91565.96932730894,87526.34417129491,83378.50508425268,79140.03665223578,74830.78986378318,70473.09250739975,66091.89616220139,61714.8535322437,57372.308822250205,53097.177919390706,48924.685419578476,44891.909506204414,41037.07438358552,37398.49557296392,34013.033694143895,30913.96511254096,28128.1426544739,25672.577065563506,23550.867042254697,21750.39656099175,20241.53495550028,18979.839120988745,17911.305382332295,16979.503264949697,16132.719954917207,15329.489799043564,14541.708880393528,13755.32539894028,12968.988285908943,12191.099618526425,11435.708784017244,10717.797713652064,10048.8145043115,9433.597184536897,8869.713750342562,8349.459451340477,7863.542620423603,7404.644930045889,6969.201418289813,6556.862517063533,6168.468899506828,5804.119985997993,5462.541571741814,5141.749822996565,4840.013232804716,4556.19356085703,4289.439871079633,4038.8364718543726,3803.38004546854,3582.1200501485523,3374.199575679243,3178.807625353068,2995.161126959757,2822.5185582304875,2660.1823912490963,2507.4951700179695,2363.8399406801677,2228.6404084914966,2101.359908468714,1981.5001528389132,1868.599552015857,1762.2308082178713,1661.998260047776,1567.5358419978688,1478.5023117166188,1394.5800853061328,1315.4738388556902,1240.9033184777168,1170.6074073546536,1104.3413220783043,1041.8690264773893,982.9697687581524,927.4388851677745,875.0764798980025,825.6903730226333,779.1069225375207,735.1646835528943,693.699816352678,654.5584713103394,617.6098375156931,582.7418156816782,549.835757105074,518.7730933788257,489.45706294629025,461.8171862170328,435.7860102688058,411.25778101793964,388.1130631876442,366.2510757161165,345.60730025014436,326.14609228735077,307.801099064442,290.47037034169966,274.0835797279029,258.59397412927973,243.99603216206916,230.29922052431644,217.43170186363395,205.2547944863868,193.6936357048021,182.68289045822948,172.23660844588287,162.48105025613853,153.52083819646788,145.13876752715433,137.07971979731056,129.2848036831662,121.71327010712962,114.50261040357397,107.96441860893357,102.2992364698504,97.06029281533168,91.85629239773374,86.61640100691517,81.23882767248118,75.96705225374345,71.26092720686769,67.70326339432752,64.85414858473455,61.72910227158337,58.27572122702659,54.71027762979422,50.887002146463736,47.28397448109669,44.39488513000794,42.86568206643376,41.167875958699206,38.61244568498287,36.331525941898626,34.404482949074776,32.30454413446348,30.073507476298026,28.03416461063514,27.351633884028026,25.940358390153833,23.85052348445843,22.67503763720246,21.64120280886378,20.389859918237597,19.19549250523675,17.651571552822205,17.277733340170364,16.190468073023798,15.119540314720316,14.318407438523636,13.715594314325296,12.773283045090976,12.068589781533579,11.262924544751247,10.872267182960297,9.988389642752985,9.666597304401256,9.076536606504353,8.757557193223608,8.072834154781209,7.43119845618519,7.135362260879431,6.756704094630075,6.3781261416443,6.05534758607002,5.754947891532029,5.455204318232517,5.116481652479742,4.882917716001797,4.540559788081629,4.297587664016674,4.124131670471566,3.8317565201360804,3.5933132622174173,3.504391456558171,3.2244791277216494,3.1595451810025446,2.937362091517641,2.840466337176337,2.6627588993789297,2.5707340484376218,2.4303692390574176,2.28378263812578,2.1979604390602336,2.1039841925144023,2.017123187017828,1.9328896622208394,1.8061095475439728,1.695106631832004,1.667736980793029,1.6223814258434686,1.5339122528860194,1.4950452854290095,1.4315275149548154,1.392690048455805,1.338039262207859,1.297780444145746,1.2614683091496302,1.2163950873734717,1.192405193717048,1.1712688933600932
5.111433483440145e+57,122195.41285373892,118213.0540717777,114044.76751382138,109703.89599086766,105204.81204052934,100563.48067708974,95797.816809354,90928.02426505514,85976.91085732848,80970.13012110715,75936.35019817097,70907.34269050046,65917.97160246031,61006.05567553372,56212.066244423564,51578.604325019005,47149.587655098476,42969.03889111342,39079.30907905414,35518.63113224787,32317.85763235473,29496.53309257621,27058.792238801747,24990.13987815997,23256.53182700899,21806.905135653215,20579.21222754394,19508.617252463217,18535.704721119113,17612.832629789886,16707.710954989358,15804.194867010021,14900.732054022948,14006.976091057733,13139.069035619517,12314.224392633005,11545.595464468757,10838.740908866628,10190.86647241801,9593.119774454355,9034.825144749717,8507.574183538864,8007.270924252602,7533.513730279032,7087.268493863608,6668.6494441500145,6276.1925822617995,5907.618580431605,5560.938022002629,5234.843124628448,4928.356204452256,4640.425176669396,4369.897278385236,4115.680383672823,3876.789944677895,3652.2941659163967,3441.2933357828165,3242.9354815179654,3056.4191777176698,2880.989039648095,2715.936217549861,2560.598576991238,2414.3595161933604,2276.6465269109362,2146.929265316328,2024.716787184426,1909.554496945098,1801.0218032544258,1698.7266353579043,1602.3041049043302,1511.4148991763916,1425.7370201739598,1344.970457451925,1268.8339668513959,1197.0563543586215,1129.3839869596943,1065.5817160106546,1005.4198710000977,948.6776465848052,895.155536584975,844.6680487063006,797.026939112047,752.0554420860534,709.6032622691176,669.541603041684,631.7341428205583,596.044652273752,562.3619570750019,530.6050795987935,500.6965197159347,472.5147711167707,445.92260845147024,420.80423914652545,397.0855347208097,374.7255413577308,353.6480229258213,333.7358434837062,314.90820135590786,297.1113794488265,280.33903395169386,264.6020416838765,249.81786495612934,235.82716500482556,222.54392804194288,209.8930870172611,197.89078429710176,186.6820875763936,176.3872034188351,166.75657352103906,157.4970779725177,148.54105287987645,139.84167882680947,131.55692718200592,124.04480694846963,117.53573378816165,111.5163861427378,105.53718039120761,99.51672942422509,93.33807701888284,87.28097132619197,81.87376852919334,77.78610594217407,74.51254118745074,70.92193015210222,66.95405884648699,62.85741572783932,58.4645083292558,54.32464121044556,51.005067567701445,49.247999697759326,47.29719773511117,44.360956551184,41.7401124967513,39.52586476277622,37.11292990705125,34.54932522635258,32.20595383114602,31.421661447757526,29.799956012610366,27.39846611702848,26.04765110168569,24.85959351297738,23.4215495163413,22.04894377622627,20.274552350845955,19.84489553853847,18.59525286301897,17.364327384820072,16.443457254301247,15.750516304136784,14.667254139840773,13.857092331807145,12.930769171577138,12.481571341228843,11.465142040655511,11.0950509208156,10.416358425389927,10.04942408172992,9.261642337231835,8.523253928321594,8.182736680959598,7.746809665959584,7.310871698558392,6.939091348712885,6.59299378381233,6.247547051851387,5.857028228600343,5.587639432389108,5.1925756885246885,4.912031502428242,4.711652723657389,4.373672195214088,4.097785697999599,3.994832422449599,3.6704642373859016,3.595146507690642,3.337191553558442,3.2245619665386767,3.017747648288463,2.910503605010713,2.746699295251735,2.5752930611565152,2.474749427222686,2.364465813770665,2.2623339894083614,2.163083595153447,2.0132481582681137,1.8815212250566116,1.8489514254804391,1.7948902443319232,1.6890874790884125,1.6424394249801917,1.565955571250768,1.5190201954679419,1.4527274267789467,1.40368650856925,1.3592857099535791,1.3039260677509736,1.2743388180324564,1.2481941744391802
5.872786613189441e+57,140396.54181570312,135821.00671003375,131031.84970016847,126044.40102214801,120875.17401743722,115542.51170516427,110066.99743771831,104471.8444231799,98783.25772126183,93030.71198658262,87247.14550931218,81469.06230332183,75736.51940129495,70092.9686840822,64584.9097321669,59261.289025361286,54172.565892409315,49369.32020846969,44900.211250190754,40809.166761580374,37131.63484719812,33890.07119504073,31089.226402562825,28712.4462034268,26720.615498795687,25055.065461549548,23644.506466553332,22414.44529884522,21296.616472566424,20236.281659877513,19196.341205985587,18158.245492639668,17120.210989603736,16093.329181560004,15096.146501625422,14148.440423505628,13265.323447123186,12453.182197855258,11708.806215456038,11022.024548298841,10380.571374391284,9774.785854403119,9199.961923440595,8655.63812071403,8142.9242090854905,7661.951432244395,7211.037727215153,6787.564258074831,6389.245282560485,6014.578222833097,5662.439768044361,5331.6211243021,5020.7978235211,4728.715066520495,4454.241656053633,4196.307004762108,3953.8773880914077,3725.9739310818395,3511.6758352074007,3310.1152004158425,3120.4775930598457,2942.002253113999,2773.980735339396,2615.75525580609,2466.716475433428,2326.300323352944,2193.984491519115,2069.2857410756164,1951.7536019252461,1840.968835219679,1736.5415872601825,1638.1018981087902,1545.3050704502452,1457.8279685119078,1375.3590036441772,1297.6067639249168,1224.301075066653,1155.1780568859404,1089.984014841265,1028.4897260856364,970.4820690387204,915.7447607289705,864.0747059805193,815.2992227612706,769.2703300388906,725.8314009618546,684.825914666266,646.1261372648445,609.6390294080062,575.275547221554,542.8960858664418,512.3429800795828,483.4831898053826,456.23154500372226,430.54099172001173,406.32393832451646,383.44580126320545,361.8137432849728,341.36604601198843,322.09542070662366,304.01436434242913,287.02804507926726,270.9533902302654,255.69157396917305,241.1563477012196,227.36625817112164,214.48798145732397,202.65962958488467,191.59447168187066,180.95572619273537,170.6656500554297,160.6704494255901,151.15162615486915,142.5205174155193,135.04186214271567,128.12587608141317,121.25600571612212,114.33873944199371,107.23969734279136,100.28029783606489,94.06760346184463,89.37100877479234,85.60978108964065,81.48427013874854,76.925288429732,72.21833904402497,67.17097207744682,62.414324091621005,58.600164721706555,56.58130281504762,54.339834732413884,50.96608339617589,47.95470614628677,45.41049621563742,42.6379711765393,39.6922948600631,36.99964404457736,36.098445183432084,34.23499438598845,31.475476270649597,29.923247567649668,28.55802556045366,26.905511476253523,25.32816201585518,23.28903605041912,22.795263809375896,21.359112617671187,19.944419646662393,18.886029718977543,18.089579779152203,16.844448033327055,15.913172625128492,14.848303054173924,14.331890050674708,13.163279775167275,12.737742524103096,11.957310719089563,11.535334663346827,10.629278695232943,9.779874837074047,9.388098533169227,8.886480875163736,8.3847598804176,7.956793303292697,7.558308606599113,7.160480618286496,6.7106139566895955,6.40018913843963,5.944773611175097,5.621224197108628,5.390039576986436,4.99989801312737,4.681209375794643,4.562222520957395,4.187079541914896,4.099907807579824,3.8011341860049166,3.6705603046387636,3.4305655707145246,3.305980643556007,3.1154800803975253,2.915819193426348,2.798522320887605,2.669684305940109,2.550179423831172,2.4338446961777365,2.2577728399073305,2.102444312708056,2.0639477614082895,1.9999589095909047,1.874361743192074,1.8188122496894785,1.7274666309236288,1.6712269220855305,1.5915196860450798,1.5323235277528422,1.4785362222209475,1.4111849104948395,1.37504237592831,1.3430118194290628
6.74754405311063e+57,161308.7471412068,156051.6815051294,150549.17476856106,144818.84062153334,138879.6520842383,132752.6843868491,126461.5867926798,120033.03014037128,113497.12275948963,106887.72958393782,100242.6950951497,93603.96061637212,87017.54971536939,80533.38647410298,74204.89663207528,68088.31729621996,62241.623762764015,56722.92982985847,51588.14262207586,46887.73296483038,42662.42899331294,38938.03119271227,35719.9977667327,32989.19377941682,30700.67789884127,28787.042517411406,27166.379349025145,25753.099339839806,24468.768791590748,23250.496047747518,22055.655422818396,20862.93431435155,19670.283533491845,18490.4466526555,17344.73261472329,16255.86476789543,15241.206634080372,14308.09613289933,13452.844602844267,12663.766118867783,11926.767852516103,11230.749972769383,10570.305441654618,9944.90406333357,9355.820900957096,8803.206747093876,8285.128993803804,7798.57872692965,7340.929740607606,6910.455646523133,6505.8658155507965,6125.771402736037,5768.650659143767,5433.0618819959445,5117.705381080474,4821.35110397675,4542.811351819177,4280.96144523863,4034.743431842206,3803.160136990904,3585.275816324701,3380.216393844693,3187.1679006777845,3005.374575312008,2834.1363169929714,2672.805035923478,2520.7806257430498,2377.5078686747534,2242.469196639698,2115.182924733122,1995.201130146794,1882.0987470280716,1775.4797350393965,1674.972826998558,1580.2200228008005,1490.8865044118115,1406.6618547982778,1327.2428885423951,1252.338123028169,1181.6841924169948,1115.0362304357375,1052.1457385243714,992.7793702517874,936.7387223994128,883.8537719882258,833.9445624125146,786.8312588372531,742.3671012553651,700.445191990673,660.9632239746229,623.7607980503027,588.6567645036436,555.4982667753527,524.1874486212315,494.67024733041376,466.84602436858455,440.56014974227946,415.7059579247871,392.21253746375544,370.0715139481768,349.2972458240475,329.78077588457336,311.3117623610902,293.7766590489373,277.0763703366654,261.2322054875508,246.43566750135065,232.84544082651558,220.13208521032917,207.9086541544173,196.0858241989332,184.60178830496616,173.66508363262022,163.74831850028696,155.15566726131917,147.2094941495486,139.3163010360873,131.36864609866555,123.21213083307764,115.21605055681232,108.07789662742435,102.68167795417587,98.36015751684478,93.62008246837705,88.3819557933404,82.97380830060278,77.1745164138791,71.70923602997527,67.32683898496799,65.00719853618597,62.43178127058778,58.55537216760043,55.09531159846787,52.1720104107978,48.98635732463688,45.60172792328504,42.50780218725371,41.47229455692489,39.33111486339075,36.1602817698027,34.37666556696505,32.80791644950293,30.909021902586485,29.096469763918257,26.75323324235557,26.18581069894952,24.535418493012592,22.909639828395232,21.693292175604366,20.77795343852489,19.346907954243413,18.27653541444282,17.052555954860626,16.45895535392023,15.115596871524135,14.626395751089309,13.729153155428513,13.243986157982587,12.202157685041437,11.225333381916844,10.774731061162429,10.19773380744915,9.620538164885264,9.128117736516764,8.669547068615048,8.211650724036025,7.693742080916623,7.336280718580999,6.811707715002258,6.438894655846515,6.172430750823885,5.722574740192812,5.354908695866302,5.2175810506223375,4.784381472018739,4.6836616029623475,4.338254840554088,4.187190712039015,3.9093257842707794,3.764958790955987,3.544017673547311,3.312158147524779,3.1757786681245763,3.025814081926959,2.886534387545078,2.750758731217034,2.5448377130202666,2.362656947462168,2.317415930303399,2.24212724284721,2.093985357782893,2.028288277291335,1.9199812000264382,1.8531066035338466,1.758037523949935,1.6871828074207929,1.6225913673982832,1.5413885132501908,1.4976461229431655,1.4587720769664567
7.752597488629497e+57,185335.84636617135,179295.7355455268,172973.6249269833,166389.75177731927,159565.91516706054,152526.3295029932,145298.16662985503,137912.07003437766,130402.63271192914,122808.76381218764,115173.94478994697,107546.36417049948,99978.90077805867,92528.91493652585,85257.79020273621,78230.14025694683,71512.57587374195,65171.86695963031,59272.24806130619,53871.70768410988,49017.04045970688,44737.88988136443,41040.5271576942,37902.96718489694,35273.5745747163,33074.9012889902,31212.83872047788,29589.04924015722,28113.41637195093,26713.68068417552,25340.86735284222,23970.489242039315,22600.191934176382,21244.617169524416,19928.247879320214,18677.192077210333,17511.39959906441,16439.301354976047,15456.659253618336,14550.0467397173,13703.271843918963,12903.581404263598,12144.762999058501,11426.207459262969,10749.379769959922,10114.453184422362,9519.207230822856,8960.184814227288,8434.368552777707,7939.77491089033,7474.92101893822,7038.21116211902,6627.896925468354,6242.321863133811,5879.9926947426575,5539.496150332153,5219.467622098592,4918.614908551469,4635.722474226033,4369.644614318305,4119.306204404388,3883.7029739851805,3661.8997127034854,3453.028087607478,3256.2837172280138,3070.921978136824,2896.2533775228353,2731.6399973575394,2576.487177270192,2430.2414848984076,2292.388278873968,2162.4391793499835,2039.9391553736841,1924.4616391333816,1815.595306038334,1712.955466560164,1616.1854667244836,1524.9369613273773,1438.8750511093156,1357.6971416098293,1281.1218934618646,1208.8637939758441,1140.654739514018,1076.2667744781365,1015.5045507755856,958.1613070598747,904.030421889666,852.9432751823422,804.7770467264302,759.4141906955783,716.6704162854192,676.3375913052263,638.2400910110081,602.2654833370699,568.3516528579504,536.3829707909364,506.18177477687334,477.62551128758116,450.63270648637194,425.1937385778397,401.32510474397566,378.9016184328095,357.6816070656537,337.53461146674243,318.3467754581775,300.1425823065711,283.14205988202525,267.5275292747165,252.92047931494528,238.87632657186083,225.29244233962098,212.0978128824061,199.53203754975607,188.1381219372727,178.26554946474064,169.13574761580568,160.0668131183384,150.93529921635917,141.56380736143714,132.37664091388686,124.17518870207589,117.9751443227425,113.00988198285252,107.56371133932693,101.54529075521845,95.33151308634378,88.66831115728846,82.38886305941581,77.35360364798628,74.68839207931696,71.7292939664898,67.27537309781613,63.29981495589823,59.94097315371899,56.28067660715122,52.391736440790844,48.836791626155666,47.646979420888414,45.18672432988625,41.54334698102062,39.49390136388041,37.691332331502025,35.50938934140044,33.42663381316867,30.73403837646487,30.08200848156707,28.185505815890654,26.31724726078301,24.919453862896813,23.8675508472466,22.222957615428562,20.992818589715462,19.58609356791708,18.903842584248903,17.35979466083608,16.79748276316487,15.766102682114969,15.208375563195586,14.010655268006381,12.887545994002851,12.369415332997855,11.705894832161807,11.042076611986143,10.475691281445107,9.948176890936113,9.421366830995003,8.82541055265825,8.414005899327387,7.810138123908706,7.380855233327209,7.073960399049269,6.555689915257905,6.131932408602306,5.973605708019213,5.473958848372229,5.357738580347104,4.95899812105517,4.784509904967406,4.463371150794842,4.2964099448871975,4.0407164137391485,3.7721193824632104,3.6139787089588133,3.439932329397281,3.2781215839798543,3.120204478590189,2.8803043418766188,2.667569412367864,2.6146553487709667,2.5265114246415328,2.352719306025312,2.275473581389356,2.147853933827123,2.0688612566407767,1.9562693563403897,1.8720958495421485,1.79514074811357,1.69804818938718,1.6455643950290628,1.5988017830810102
8.907354638610458e+57,212941.80605237943,206002.0146837377,198738.2193652449,191173.6717248069,183333.41782630704,175245.27883664082,166940.4738739961,158454.2108031017,149826.23528058463,141101.2520128831,132329.2190609712,123565.5026791799,114870.85804547672,106311.18936137765,97957.0233259019,89882.59789160492,82164.44557456684,74879.2817256519,68100.90869153032,61895.95242341248,56318.17766015569,51401.643323002194,47153.554723364316,43548.65205424916,40527.60878468048,38001.44091375287,35862.022263050705,33996.36771534908,32300.937855318884,30692.710136646252,29115.414886317118,27540.917585026935,25966.513122325352,24409.02414033894,22896.58032740064,21459.17851190628,20119.740077737242,18887.95172748282,17758.944101875943,16717.29074680317,15744.387882874573,14825.582751894368,13953.73758574031,13128.152479031987,12350.510627846072,11621.011091704213,10937.10265727793,10294.813291881717,9690.67617160842,9122.412311262467,8588.317966300758,8086.559738602744,7615.128785043434,7172.121930500802,6755.823468993892,6364.609622582167,5996.912523761078,5651.247496331786,5326.217949602145,5020.507524887232,4732.880956900075,4462.184388041115,4207.343307429555,3967.3600430460315,3741.3103999908085,3528.3388424246273,3327.653176885637,3138.520466809652,2960.25747656124,2792.228339466024,2633.8417578008107,2484.53660704304,2343.790078914994,2211.1120678929055,2086.0299821661233,1968.1018323049625,1856.9178403570916,1752.077774739104,1653.1968525975747,1559.9274077098848,1471.9461949135261,1388.9251741004084,1310.5563073083442,1236.5776847057264,1166.764860888046,1100.8802771782453,1038.6865356404717,979.989900039783,924.6492559543822,872.5295489741865,823.4190379668157,777.078589203907,733.3064184190192,691.9733466464438,653.0080062887905,616.2775455073888,581.5778388930169,548.7680783906872,517.7546545084817,488.5265122684145,461.10260615130403,435.3391028906176,410.95833236719926,387.81040324970695,365.7645002154732,344.8487533096608,325.3159640408847,307.37561078615556,290.59280235649504,274.4567334219067,258.84948825624423,243.68947514184967,229.2519823137991,216.1608981569926,204.81776373014395,194.32803542525363,183.90823718175892,173.41653353624756,162.64910030584815,152.09344224940898,142.67032059369726,135.54672680496427,129.84184266876275,123.5844101311903,116.66947911415025,109.53008237275425,101.87430306025408,94.65943024520087,88.87407691707021,85.81182862682576,82.41190907499225,77.29447061439679,72.72664632190298,68.86740420350893,64.6617833593657,60.193436446731255,56.1088260644844,54.741733840311035,51.91489547110695,47.728619715583015,45.37376958188291,43.3025727509281,40.79544765624891,38.40227039090474,35.30832156018873,34.559093499622165,32.37985855217457,30.23304365430377,28.62681281079652,27.418033016688156,25.528134502822265,24.11447463116295,22.4978396892101,21.713763780515386,19.93921011254093,19.292928875363803,18.107494678367786,17.46643729499805,16.08969606481059,14.798613159276206,14.202948235484147,13.440090653370618,12.67682997529307,12.025541209612777,11.418894937528622,10.812996185159824,10.127481106887636,9.654186142894929,8.95935768653726,8.465310709070607,8.11205463233986,7.515352945671591,7.027311530547003,6.844924136619911,6.269164571706918,6.135194721867403,5.6754000902281385,5.474107033183317,5.103467381298162,4.910671283013112,4.615256759281301,4.304693195062431,4.12170645635764,3.9201762010238492,3.7326632555731942,3.5495000895545,3.2708796096317165,3.0233508009185304,2.961702231397459,2.8589273157980815,2.6559494722250054,2.5655652954825845,2.4159740819652056,2.3231924196062526,2.190653504629839,2.091307808494175,2.0002556879361535,1.885019398877823,1.8225371858198367,1.7667383885688837
1.0234114021054527e+58,244659.7010450557,236686.22081094616,228340.47591458843,219649.18133712074,210641.11377869226,201348.2383968336,191806.42442861115,182056.12398541914,172143.00287919154,162118.42462710294,152039.788593276,141970.707891,131980.98724276607,122146.34734682132,112547.81992454232,103270.70074576802,94402.92192139405,86032.62563052446,78244.60715318145,71115.41644264688,64706.82654940731,59057.969505092566,54177.12385946136,50035.267332010335,46564.2366456418,43661.79354351789,41203.70634480142,39060.16068604716,37112.19485244805,35264.420006371576,33452.18505072089,31643.16480139513,29834.2512190324,28044.772695127853,26307.048863227334,24655.54460932194,23116.595480352535,21701.331022951766,20404.15658192106,19207.34791737543,18089.530198372595,17033.86812372227,16032.160747597083,15083.60391300861,14190.131529772983,13351.972307527007,12566.19502716395,11828.23601775424,11134.112068499217,10481.204737076685,9867.556504487973,9291.060886126676,8749.409819672564,8240.41665016292,7762.110115492163,7312.624574368544,6890.1586238514055,6493.006443733757,6119.563419739391,5768.317120236764,5437.84828593473,5126.831190985711,4834.031275033709,4558.302261809106,4298.582296652064,4053.888410798636,3823.3104127724405,3606.0061943686346,3401.190751313829,3208.1335039494816,3026.1550801577746,2854.6107753494443,2692.899908422704,2540.459372137228,2396.746181650157,2261.2525127543545,2133.507550651418,2013.0514488520087,1899.4421106994469,1792.280084726804,1691.1939780679627,1595.8068886971062,1505.7648960725642,1420.7670786148155,1340.5555595360966,1264.857395538339,1193.3998280046694,1125.9602634747102,1062.3765683776166,1002.4935718005032,946.0679935328432,892.8250806037393,842.5329927426056,795.0433096202804,750.2740333494083,708.072523648244,668.2042503680166,630.5074319041919,594.8745154975697,561.2927995144522,529.7840617480932,500.1830447774106,472.1707190949223,445.5748667916645,420.2451873384844,396.21400075410077,373.7717638172384,353.1591572477612,333.87651202925923,315.33693721202263,297.40495308084826,279.98681438904225,263.39881411056376,248.3577707893865,235.3250369357506,223.27282409096836,211.30095437647267,199.24646475926016,186.87516954921986,174.74718868707325,163.9204358228441,155.73573505675006,149.18106703311017,141.99154072518505,134.04657101329897,125.84369247334227,117.04750163285419,108.75788392006226,102.11072071070797,98.59230326497564,94.68590936156153,88.80613487004288,83.55783911181283,79.12367418009033,74.29151791869694,69.1574798608612,64.46432951447302,62.893558528839314,59.645550234261144,54.83553849140587,52.12981134556201,49.749991603133005,46.869271446954045,44.119459829382606,40.564412968983234,39.703519028273405,37.199470411122974,34.732643799743954,32.886958895230364,31.497960547953927,29.326262412199085,27.701783592630907,25.844021087408485,24.942979520316296,22.9036528861128,22.160922370234534,20.798542804254062,20.06177601558239,18.479428148150653,16.995439786215304,16.310737733500915,15.433811416910892,14.556368646924225,13.807598941618716,13.110105183828415,12.413416291392133,11.625102922591012,11.0807764392822,10.281566655290181,9.71321232156498,9.306770829178925,8.620109647251232,8.058353749104946,7.848380844354836,7.1853790818773335,7.031069352833375,6.501327918819101,6.2693353758990575,5.842020289629655,5.619655125722875,5.278794016549373,4.920238029357435,4.708850428941943,4.475916439596154,4.25904831873192,4.047063981008039,3.7242672063964752,3.437072019447033,3.365470413645114,3.2460275421892435,3.009815734491009,2.904476748315996,2.729883246299336,2.6214136344529955,2.466181874446878,2.349573320489895,2.242476700390891,2.1065767470079266,2.032697405672547,1.9665897017633067
1.1758495540521534e+58,281102.008220794,271940.87013082503,262352.0181848297,252366.14658710657,242016.31835607399,231339.2598914473,220376.18318902972,209173.56574266677,197783.87533265384,186266.12612342119,174686.2671717869,163117.3868278888,151639.68729744997,140340.1679524551,129311.93027022545,118652.974910828,108464.33156102359,98847.27126565139,89899.21964650354,81708.12884896772,74344.97308118652,67854.71313004324,62246.860643567445,57488.070443552046,53500.02626460405,50165.26135927486,47341.039613611516,44878.21068489201,42640.09339189967,40517.09063422371,38434.92146918531,36356.44584417523,34278.0927742562,32222.06963416689,30225.510099196134,28328.012634577608,26559.835493313534,24933.76597914277,23443.376107380587,22068.30159488182,20783.983808252204,19571.079811345706,18420.16711924781,17330.321794981006,16303.765806163092,15340.761928960294,14437.942336247066,13590.063593741905,12792.549187411083,12042.390655327545,11337.338904078304,10674.973686066161,10052.643150777572,9467.834938803682,8918.284166574269,8401.847303658677,7916.45462634376,7460.1462307936135,7031.078493827528,6627.5137056063395,6247.821206744312,5890.477803198997,5554.065045610402,5237.265918707612,4938.860403512432,4657.719117075384,4392.796293984056,4143.124393168702,3907.801483178432,3685.988163777729,3476.903869685932,3279.807866913559,3094.010002300786,2918.8632932131427,2753.7438766642204,2598.0682875147577,2451.2955826223333,2312.897420893273,2182.3658549209295,2059.241934531779,1943.098947509214,1833.5038518801898,1730.05001026964,1632.3916785134036,1540.2325688045314,1453.2590826516478,1371.1578337507797,1293.6730731060463,1220.618517176198,1151.8158821740633,1086.9856510369352,1025.812146034056,968.0289940234617,913.4656672957452,862.0279542832033,813.5404787563637,767.7337770177589,724.4219698884681,683.4814844835654,644.8977272433615,608.6957198057028,574.6855894516254,542.5007867820361,511.94344175904763,482.84086632331093,455.2301945710681,429.44514731115015,405.76225518378806,383.6074226683091,362.30634025103365,341.7033480959277,321.6907371937627,302.6319129178281,285.350465834986,270.3764686868803,256.52904142886456,242.77392180678862,228.92387237965772,214.70982379249187,200.77532716029333,188.33587701317904,178.93202158160116,171.40099813690418,163.14054732484158,154.01212046898274,144.58736142645276,134.4809034121198,124.95646715150158,117.31913643112289,113.27660870806407,108.78830745256623,102.03265768001172,96.00254514591919,90.9078330677727,85.355831787784,79.45696360274333,74.06464791049622,72.25986635800788,68.52796864658485,63.001338917318186,59.892486787088494,57.15808947650342,53.848147140386466,50.68860190971373,46.60380853922732,45.6146247268204,42.73740887757092,39.90293574015945,37.782156295509665,36.18611760005175,33.69068396171786,31.824017196289745,29.68925334725153,28.653846806612666,26.310367300869103,25.45684517288118,23.89121226699589,23.04450885045348,21.225998569101137,19.52044817955597,18.733486980641125,17.72555785433094,16.716988814005223,15.856278642931532,15.054467917823319,14.253534761285378,13.347199271866028,12.721329045695455,11.802302820068292,11.148664036777971,10.681186861797556,9.89130274098077,9.244980498754082,9.003365551376374,8.240311269108823,8.062679700934675,7.452752767627312,7.185575807757481,6.693322074595632,6.4370863758637595,6.044182389935525,5.6306907038926335,5.386805880408023,5.1179509447149165,4.867518021844956,4.6225929191458315,4.249334476150823,3.9168628808985564,3.833906031790899,3.6954521420488473,3.4213544918855945,3.2989762240955263,3.0959075044935047,2.9695780639248572,2.7885203259005484,2.6522705511343267,2.526920812617477,2.367511100912974,2.2806614698367316,2.202817945307953
1.3509935211980196e+58,322972.4334995501,312446.73472821293,301429.61369419884,289956.3365342362,278064.8910364058,265797.4740343937,253201.43609199714,240330.17757225593,227243.9813838175,214010.65190992865,200705.96138538132,187413.88474316764,174226.57038776946,161243.9763346433,148573.07161927535,136326.45419806728,124620.20223067056,113570.6711853423,103289.79832768388,93878.63636310729,85418.73117904668,77961.74051656334,71518.59279317792,66050.97603304226,61468.908684706024,57637.42721120172,54392.534811640144,51562.865050570006,48991.37794812117,46552.15180615368,44159.841461276425,41771.77481289239,39383.84897428294,37021.57913086413,34727.63005600027,32547.49844592994,30515.9495507075,28647.675355756564,26935.290421645648,25355.39718488548,23879.778979070743,22486.211718365532,21163.86942929989,19911.690553558197,18732.22802305757,17625.783754737236,16588.48828025189,15614.31715053726,14698.012175214602,13836.116778942043,13026.046863591837,12265.021683264928,11549.994391659493,10878.07841091783,10246.671500794551,9653.310849855243,9095.618446967184,8571.342458655286,8078.364652219362,7614.68848419872,7178.440406857986,6767.8703448752085,6381.348569435873,6017.36189452333,5674.508578108232,5351.491014516837,5047.107670528011,4760.246888857139,4489.87239445655,4235.0197575807615,3994.792146964282,3768.3384955430856,3554.8658511477006,3353.630862426637,3163.9167413706127,2985.053115116853,2816.4184664930904,2657.4057574627636,2507.431381335583,2365.9680268410093,2232.5254225408644,2106.606024415338,1987.742626032816,1875.5379842775487,1769.651678965456,1669.7234007822317,1575.393084204547,1486.3668861530402,1402.4307759554774,1323.3799142661649,1248.8931496576263,1178.6077838592241,1112.2177671559286,1049.5271715447702,990.4277525394798,934.7180114239582,882.088347571305,832.3251948759254,785.2865741179123,740.9557180079579,699.3613751997391,660.2853912083206,623.3066186241267,588.1977143829381,554.7602682652396,523.0369455092572,493.4111751482441,466.20067758716243,440.7458449383016,416.27192811536867,392.6000813488406,369.60655199129906,347.7088752226657,327.8533172788234,310.6489069097333,294.7388695301256,278.9348867651212,263.02183118521134,246.69055400460132,230.68046457233626,216.38810966373347,205.58350983590128,196.93070588038768,187.43982013242305,176.95166496494173,166.12303203709607,154.51114976580592,143.56797679340636,134.79300066324436,130.14830090054465,124.99142258271735,117.22944500896581,110.30107340154667,104.44743458969697,98.06837838606948,91.29077212022679,85.09516472521126,83.02152202571935,78.73367143825905,72.38370373811874,68.8116942569964,65.66991778481822,61.8668378181448,58.23654770961669,53.54312988521546,52.40655491879443,49.100612379291796,45.84375861728208,43.40693205798845,41.573033258172195,38.70567689173525,36.56077653102813,34.10778866926271,32.91802326106329,30.22513782326798,29.2443423846329,27.44522339837087,26.472233292948232,24.382444636537713,22.422397443247025,21.51798055391723,20.359585033111475,19.20041369460054,18.211142176879147,17.289530893006877,16.368886704730183,15.327026712268335,14.60752630635633,13.55093561812871,12.799389144051657,12.26184802779796,11.35348559582586,10.610113598182698,10.332189710577934,9.45434312624636,9.249958152445387,8.548061737577399,8.240537718187587,7.673832032737929,7.3787727880116565,6.926229365100062,6.449804288438691,6.168703068660356,5.858722585294074,5.569874166565498,5.2872610217022595,4.856297724244193,4.4720856142613625,4.37615814804765,4.215994425840415,3.898655228175643,3.756839399697164,3.5213029342429225,3.3746195950692055,3.164143096191667,3.005530132842257,2.859404905728285,2.6732446705868513,2.5716391360014605,2.480444315940708
1.5522253574270607e+58,371079.5005019015,358985.9883708917,346327.85613966355,333145.6228712836,319482.93467286206,305388.27363866696,290916.0432463324,276127.5978963828,261092.1996970025,245887.75256213953,230601.31507674395,215329.37032406704,200177.7923056032,185261.427883187,170703.17923712844,156632.41590205336,143182.5059955922,130487.13624937543,118674.91709667355,107861.9531444415,98141.93662160897,89574.2197414379,82171.35872017231,75889.33497484602,70624.76411192518,66222.57964062413,62494.35727253365,59243.205370241194,56288.69269180172,53486.14137618734,50737.494012554016,47993.722448236644,45250.11266743335,42535.98036794657,39900.345283806506,37395.48088966383,35061.33075434335,32914.775249195,30947.32886619822,29132.10895137874,27436.69593764494,25835.555439343636,24316.248943425737,22877.556771401723,21522.412116951393,20251.16186784425,19059.36019455392,17940.08530030058,16887.2957819874,15897.02020391656,14966.289563958413,14091.908921329614,13270.377598922583,12498.379060218793,11772.92345868378,11091.181144654787,10450.419899860355,9848.052477974792,9281.645133416208,8748.903935575954,8247.676269906813,7775.951385614269,7331.856804143688,6913.6539489044035,6519.732286986213,6148.6009330486495,5798.879384291542,5469.290400961682,5158.643353802163,4865.830160287668,4589.820405233868,4329.636254281155,4084.366644235911,3853.1575008136815,3635.1852697081285,3429.6797253415884,3235.9267749306146,3053.228961508514,2880.915749576598,2718.3812843147844,2565.0622678550144,2420.3870464878537,2283.8188229052507,2154.901184221144,2033.2430043141555,1918.4303054250659,1810.0493898968457,1707.7626464167286,1611.324164220035,1520.4985929268573,1434.9169452671008,1354.1624986771926,1277.8836170073148,1205.855188564486,1137.952845728084,1073.9450763277027,1013.4761643766939,956.300732852173,902.2556545611582,851.3216647060807,803.5317940968696,758.6353938897714,716.1485862508323,675.8101650639344,637.3921666210074,600.9436111738274,566.9050400469773,535.6414986344867,506.39512956336625,478.275783664226,451.07797569786044,424.659519698166,399.50014331294454,376.6870609771261,356.92001787718567,338.64014538500777,320.4821224151473,302.19877740958185,283.4349124464891,265.04007320428957,248.61882621214204,236.20484369212525,226.26317240153273,215.358581419669,203.3081702340192,190.86656104222962,177.52502748355965,164.95180363651693,154.86973611029296,149.5331745217412,143.6081391174839,134.6899488960212,126.72953041342743,120.0039303027359,112.67463872824814,104.88741787746919,97.76888075242833,95.38633458116797,90.45973213455055,83.16380771432313,79.05966488694357,75.44984111550436,71.08018551715207,66.9090491235532,61.516376289401116,60.21046274610748,56.41195529683702,52.669830596420496,49.86990144677868,47.762729686063025,44.46808150843376,42.00352919468598,39.184949732140616,37.81785088947263,34.72355943456407,33.59655134553689,31.52920494331092,30.411139509712292,28.009718189792938,25.757325172904398,24.71798803700375,23.386757124451385,22.054599452361884,20.917663322780953,19.858454699013542,18.80032129180807,17.602817729290393,16.775792965381925,15.561233912573135,14.697266364792192,14.079280513482395,13.034897444233442,12.180119193479108,11.860518768538517,10.850925159873674,10.615839097885017,9.808415357805645,9.454603673088366,8.80249766310307,8.462913860364097,7.941985961307826,7.393418890199383,7.069666654964083,6.712566148858984,6.379714578874544,6.053944137786338,5.556930012688597,5.113528290209491,5.002768659757051,4.817785083207232,4.451033386237696,4.287017310205235,4.014415551527989,3.8445078275739935,3.600480664415081,3.416377541151966,3.2465828173151485,3.029960825422533,2.9115589157027193,2.8051700698316693
1.7834308769319203e+58,426352.1632503689,412457.31039165787,397913.7367040739,382767.99660565384,367070.23733481596,350876.16244226054,334248.27885802864,317257.0797819685,299982.1439825531,282512.9792396312,264949.61160145554,247402.8954030283,229994.47468425953,212856.3028619218,196129.58851900665,179962.97091171533,164509.68347219162,149923.32570445337,136351.66469444093,123928.09894644162,112760.27624059496,102916.38936169344,94410.86478695198,87193.12732144802,81144.39336283001,76086.49911141601,71802.9542925786,68067.54006258212,64672.94976552547,61452.955628271586,58294.89449055136,55142.43540731937,51990.16220540265,48871.75718511139,45843.54161888892,42965.57516772029,40283.751034960485,37817.46394015793,35556.96445038623,33471.365713472784,31523.41923537922,29683.78725816684,27938.17853982463,26285.191729531245,24728.19692309903,23267.59267757789,21898.270952686093,20612.278943088764,19402.67537265352,18264.897256361834,17195.533356246237,16190.912841896989,15247.013606848546,14360.025113149213,13526.512173631241,12743.22365948278,12007.02038578629,11314.929733286204,10664.15544755993,10052.061914738064,9476.175886181167,8934.187107750171,8423.944193334153,7943.44960361743,7490.8529151988805,7064.441173872119,6662.628249560659,6283.94665636893,5927.028419617515,5590.600406776625,5273.478721285403,4974.53987937386,4692.737114069751,4427.089135864787,4176.649721209636,3940.533918650832,3717.921270564747,3508.0104330654367,3310.0309937139186,3123.2868550013914,2947.130815271285,2780.9060724134774,2623.9958726142736,2475.8758198222467,2336.0965292799915,2204.182360816406,2079.6579960825998,1962.1355362119248,1851.3324417768638,1746.9783067153712,1648.6491827202426,1555.8662759654537,1468.2255737244043,1385.468433676619,1307.451963511412,1233.910167072497,1164.4343440892787,1098.742568357817,1036.6474147037186,978.1267488152865,923.2185214881449,871.6347494563767,822.8194807147054,776.4726021694019,732.3321946135568,690.4545799002418,651.3459185584084,615.4256300474807,581.8229731799953,549.515209801644,518.2662472555538,487.91272062654417,459.00581363657994,432.7946831786036,410.083303050557,389.0806086157377,368.2179115418277,347.211223225803,325.6524376895093,304.5176417836134,285.65040618955965,271.38732528229406,259.96481162846766,247.43594627399003,233.5905839870432,219.29574936127563,203.96693768285166,189.52087229395937,177.9370272726272,171.80555412601845,164.99794839340848,154.75133405431302,145.60515192935117,137.87771826367145,129.45666169730126,120.50945396322972,112.33052718327784,109.59307024784954,103.9325825747266,95.54981613441709,90.83428839975304,86.6867111361503,81.66610125518942,76.87357335730472,70.67751225404471,69.17704276181904,64.81262069395636,60.51296410139384,57.29586533287776,54.87473082363498,51.089170702462624,48.257375568522804,45.01877731323897,43.4479461481987,39.892497420275525,38.597513970589205,36.2220193437798,34.93728854137954,32.17786266307229,29.58962964709391,28.395302428636267,26.86552972751114,25.33466139151763,24.028106062097308,22.810846409931894,21.59479080446319,20.21851931283954,19.267999881550878,17.87201850775832,16.878945948133076,16.168581440592913,14.968009414096484,13.985317779033306,13.617868726733246,12.457030460361473,12.186703115935282,11.25815784929836,10.851224836870305,10.101122785620602,9.710454768856954,9.11107896832452,8.479771150921138,8.107111850576256,7.695989840945563,7.312701048363896,6.937474623668511,6.364796120017584,5.853622462907906,5.725885681329703,5.512498518672938,5.089223019398668,4.8998230179703235,4.584858241730212,4.388419066233584,4.106082373717797,3.8928894906743583,3.696096007562673,3.4447473280932477,3.307207092197534,3.1835115836205614
2.0490746898158545e+58,489857.7443982748,473893.23930879467,457183.38577413745,439781.6725394698,421745.7163245288,403139.5177796052,384034.89430448826,364512.83913164964,344664.78436671983,324593.57006288023,304414.12124831515,284253.8041220999,264252.3817255554,244561.46206886,225343.28689467616,206768.63542508264,189013.56536520243,172254.55501880462,156661.38152707464,142387.31323493712,129556.03216705211,118245.8884917141,108473.45752435082,100180.63084417411,93230.93191245891,87419.65925336495,82498.07614932823,78206.26823357574,74306.05031646146,70606.43483177715,66977.97732884377,63355.956312006856,59734.14886367993,56151.254296492036,52671.98299274916,49365.34056001258,46284.05604018114,43450.41301568046,40853.209865799276,38456.959110840246,36218.864056320046,34105.21705590887,32099.598172802154,30200.397323571317,28411.486583170845,26733.323874122,25160.040308433465,23682.49850246005,22292.723270045335,20985.471964987282,19756.825242010396,18602.565496842853,17518.07152623693,16498.965208800415,15541.299682799721,14641.339560533295,13795.478072348791,13000.299824377651,12252.592057302461,11549.32657992992,10887.661750759933,10264.943200986498,9678.699093383282,9126.634353153064,8606.62293447565,8116.696736899474,7655.033374683711,7219.946778437714,6809.865212281989,6423.3259093195575,6058.968630409029,5715.50254774527,5391.7249773644635,5086.508465700289,4798.765848254686,4527.480359165165,4271.709332819347,4030.5320643523487,3803.0633876156603,3588.503520673965,3386.108860529955,3195.1247737345284,3014.8426403681196,2844.6599550546885,2684.060396719871,2532.4974781041296,2389.425081704596,2254.3975307207384,2127.0902011873372,2007.192409782285,1894.2170606616558,1787.6140431629167,1686.9191664418531,1591.8352631320247,1502.1981569626819,1417.7022313696152,1337.8779097403365,1262.4012726564154,1191.0569777563774,1123.8195937978198,1060.7327243970994,1001.4654908700086,945.3791315309303,892.128831083767,841.4136571271767,793.2983206981875,748.3643755589411,707.0937142812,668.485897731983,631.3658495588675,595.4623107059203,560.5875827100989,527.3749488003473,497.25962971752915,471.16535271470264,447.0342714442554,423.0640387414284,398.9283650995505,374.1583559020533,349.8754875420092,328.1979344543563,311.8103331228665,298.68640680976864,284.2913329844377,268.3836637626617,251.95956849719414,234.34747725535786,217.7496148320847,204.4403066886148,197.39552240130763,189.57389054521644,177.80098856804182,167.2924287762643,158.41394375728137,148.7385104476687,138.45854402778255,129.0612914000765,125.91606303318035,119.4123853432531,109.78090451689933,104.3629343891986,99.59751334855076,93.82900052000831,88.32253674626615,81.2034405815242,79.47944086759881,74.46482658800329,69.52461113801564,65.82822012496327,63.046370420734014,58.69679865625637,55.44307833488853,51.72192348778436,49.91702702133247,45.831764777162775,44.34379963978872,41.614285618604654,40.138081090986375,36.96736568402638,33.99331343147964,32.62093344689574,30.863078741162948,29.10393834351725,27.602533923145298,26.20371764384361,24.806257456398622,23.22464178009241,22.132272791499393,20.52791207306834,19.386557734009436,18.570096984391782,17.190152037145943,16.0605702838352,15.638176740916073,14.303676387009737,13.992887271652084,12.925288328408945,12.457375055109884,11.594790094399025,11.145492519974338,10.456091975712093,9.729848884465207,9.301083522017366,8.82799730862015,8.386865491271129,7.954932056717613,7.295519875237874,6.70668991554293,6.5595051986842865,6.313586058995034,5.82559349596415,5.607141062244046,5.243708357110792,5.016926677902042,4.690796607891852,4.444366608640583,4.216739441146661,3.925753687211312,3.7663804355035455,3.6229488794967524
2.3542864143224202e+58,562822.5453756708,544480.1112856097,525281.3083539733,505287.5925280198,484565.1625955181,463187.55216763256,441237.27591768146,418807.39110112144,396002.9487271655,372942.1069777755,349756.90907902987,326593.69255274587,303613.038285038,280989.13645083643,258908.39486264464,237567.03047848065,217167.32497473562,197912.0432750357,179996.25099555476,163596.045954491,148853.53273778348,135858.7318496605,124630.68751536314,115102.63600671009,107117.77246803333,100440.9049339277,94786.2471039646,89855.17010647575,85374.01082958498,81123.33391807084,76954.41404085394,72792.88937076573,68631.61008041931,64515.0397837655,60517.5275392776,56718.35740878309,53178.11247771263,49922.39549038365,46938.33633347695,44185.161631699266,41613.700080117094,39185.22324476339,36880.86542282167,34698.77670732561,32643.40592266713,30715.279199385157,28907.653472751528,27210.030336686796,25613.246693078534,24111.278998328264,22699.624116760835,21373.436227728856,20127.405795137678,18956.502572033576,17856.191807678966,16822.18172463681,15850.328321306219,14936.707477484424,14077.627890138743,13269.610315967182,12509.389848124218,11793.91674691337,11120.350992479061,10486.055656335302,9888.588016008178,9325.6868205129,8795.258237927192,8295.365057135527,7824.201430624219,7380.086710900883,6961.4580498403375,6566.832349541394,6194.827785057353,5844.148967481789,5513.546798073231,5201.853062672746,4907.984684677703,4630.883819307817,4369.533454026043,4123.014678572338,3890.473129533401,3671.0417700463627,3463.906430538531,3268.374861848296,3083.853836353997,2909.715466964175,2745.3322914185455,2590.192248902915,2443.9223623813327,2306.1656719343255,2176.3625282940884,2053.8808812496873,1938.1873982508066,1828.9406485426794,1725.9520016283218,1628.8703190380788,1537.1560802291629,1450.4371176405216,1368.4660134332396,1291.2135483534512,1218.7298208300222,1150.6346674479516,1086.1941822660463,1025.0121893554622,966.7429320747265,911.4607602237711,859.8338506803618,812.4158745398591,768.0573761077103,725.4082499488077,684.1568325588051,644.0874674438863,605.9277661254645,571.3267275005021,541.3456695763689,513.6202270010107,486.079590207749,458.3488680914051,429.8893229780203,401.9894766651185,377.08300957825634,358.2544410065566,343.1756772277645,326.6364240933754,308.3592686752121,289.4887612511438,269.2532985626706,250.18313211850534,234.8913562978649,226.797225124656,217.81053036736867,204.28400440948639,192.2101452281842,182.0091640992613,170.89252010944847,159.08128744976057,148.28424674379485,144.67051215642138,137.19805754575583,126.13187712342226,119.9068428593387,114.43155711003257,107.80375056230622,101.4770203435598,93.29741839471325,91.31659778804938,85.55495840604645,79.87878785798772,75.63172677950041,72.43544397729643,67.43786973405717,63.699394430964304,59.42382696797356,57.35001239332459,52.65604963327729,50.94636998531802,47.8101292524093,46.11394526944929,42.47071333404907,39.053412421156146,37.4764787848376,35.45659759673072,33.43521581637632,31.70996989550254,30.102585557742415,28.496735520023194,26.679234269487928,25.42392177758003,23.580201004408316,22.268524913154728,21.330201721656724,19.744236430459967,18.445951636359112,17.96045688004321,16.42652407312073,16.06927152180664,14.8420022202594,14.30407255420674,13.312346530665607,12.795742413191352,12.003002841119772,11.167798043380976,10.67464517870871,10.130456825030086,9.622960712042476,9.125976010441224,8.367089611641457,7.689223919492518,7.519746320699957,7.236541210946777,6.674395125556916,6.4226644036284215,6.003730401372333,5.742215016315372,5.365972343528121,5.081525841338682,4.8186457209692035,4.482364977250552,4.2980544962018525,4.132089011332437
2.7049597304631313e+58,646655.5264371468,625580.9684434948,603522.4846127848,580550.6848170864,556741.628219818,532179.8013370737,506960.009485293,481189.1708912069,454987.9840169214,428492.20682378125,401853.5505084573,375240.14971300587,348836.50400713866,322842.7493665641,297473.0592339003,272952.8772793151,249514.61523721725,227391.2400694094,206806.87261069636,187963.84062542795,171025.4153197506,156095.025842036,143194.55307392468,132247.28876314848,123073.07181395534,115401.67818245818,108904.75341293971,103239.18756461053,98090.55513136392,93206.7356423391,88416.85097963647,83635.46304755268,78854.35704475873,74124.61948497461,69531.67379329652,65166.61347186125,61099.04551727056,57358.38622821711,53929.84847513086,50766.585647686836,47812.10232589932,45021.901436824,42374.30721233907,39867.194199984704,37505.67388099578,35290.350753581355,33213.477366777195,31262.991566416888,29428.365401758183,27702.678116358064,26080.7558279779,24557.03092613736,23125.403014028998,21780.092584383114,20515.88943080313,19327.862511309075,18211.250571115652,17161.544988389753,16174.50463681861,15246.132036329034,14372.675968933758,13550.632433156501,12776.738385341834,12047.964123866419,11361.503080298624,10714.757188055632,10105.320736853831,9530.967966042062,8989.624045310755,8479.357993039912,7998.374173310187,7544.968579301667,7117.5535618566555,6714.640782592232,6334.79508825652,5976.674258019463,5639.033889931323,5320.658572169483,5020.379807157614,4737.141812028549,4469.962965078999,4217.8470834323,3979.85872613718,3755.2025328207756,3543.196914007874,3343.120458189756,3154.252241966928,2976.0039325474017,2807.9469975870825,2649.6713076244146,2500.533853064059,2359.808439170932,2226.882292964359,2101.363127226823,1983.0342147544916,1871.4921146405432,1766.1169441966529,1666.4811011128022,1572.3003144004351,1483.5410125664457,1400.260756259701,1322.0227563270325,1247.9837907478895,1177.6886727494818,1110.7401448423204,1047.223631294014,987.9068346845581,933.4258960972484,882.460147129786,833.4583825443591,786.0625161234483,740.0247689861654,696.1811312240709,656.4262222837448,621.9794451222858,590.1242591659023,558.4814048309363,526.6201502153485,493.921511489854,461.86593738800957,433.24960902680726,411.61649098873175,394.2917167598646,375.28890908345124,354.2893331058786,332.6080214520375,309.3584377734719,287.44771979427634,269.8781900203891,260.57841318469906,250.25312122510863,234.71177222587067,220.83946578786535,209.1190062123375,196.346487630862,182.7759122178318,170.3705911048371,166.2185685891343,157.6330429397381,144.91847346739263,137.7661688055915,131.47528983226172,123.86020571570637,116.59103902692823,107.19298206181347,104.91709064543744,98.29716811557185,91.7754348378241,86.89569236117283,83.223255800403,77.4811752307137,73.1857544706583,68.2732125901834,65.89043425860665,60.4971299028846,58.53272158852133,54.92919288831793,52.98027589323639,48.79417608906681,44.86763792358299,43.05569980497489,40.73478791132374,38.41213153762575,36.42972932590049,34.582738054146866,32.73748890278625,30.64900576546795,29.206509414628094,27.087825898518197,25.58049923607171,24.502194301153526,22.67958313107147,21.18752487990938,20.629553777833078,18.86656741757284,18.455952646570534,17.045313455475327,16.426979463156318,15.28696100635206,14.69307399601445,13.781686251690958,12.821390119936666,12.254325629521098,11.628525074812213,11.044862885535572,10.473227707520918,9.600208103625809,8.820210977281455,8.625166001016709,8.299202681796226,7.65203909853135,7.362164107335762,6.879628787556723,6.578321725984461,6.144686603534487,5.816716862104173,5.513491456432964,5.125395642784827,4.912570674215302,4.720847167421856
3.1078661877820014e+58,742975.5138764388,718761.8793911211,693417.7623312051,667024.2899798275,639668.8505888716,611448.5150255061,582472.2099528766,552862.7791745241,522758.899309206,492316.5496023927,461710.0387852383,431132.5453228993,400796.0501805297,370930.4997875927,341781.9689351975,313609.4813536689,286680.06673771044,261261.39271109563,237610.96313113606,215961.24268504715,196499.8219884332,179345.53606476536,164523.5249748912,151945.65469564643,141404.9289558736,132590.8735700749,125126.22535793808,118616.76780981776,112701.24142598627,107089.97213927812,101586.6293652201,96093.0489182977,90599.79239430625,85165.55569427974,79888.48614792209,74873.24572562505,70199.80945575576,65901.97522412034,61962.75334340992,58328.31935383558,54933.76278609708,51727.95868372776,48686.002651262854,45805.452647972306,43092.18151533345,40546.88379216829,38160.65803694217,35919.64542556023,33811.749858486255,31829.019725682214,29965.510489974575,28214.82523973264,26569.954917942112,25024.259153943978,23571.751675886808,22206.766958154796,20923.8345522992,19717.77427275428,18583.71327319988,17517.058644906392,16513.50042221404,15569.012679120538,14679.846338352725,13842.520421198524,13053.81031804953,12310.73097770498,11610.518356926357,10950.615165785248,10328.63752592005,9742.36683406481,9189.739992531597,8668.799180977769,8177.720268312944,7714.793226660621,7278.369135253557,6866.905848123352,6478.973608401855,6113.175967456117,5768.170378823022,5442.743799717168,5135.76839489636,4846.099599042975,4572.66263633486,4314.543676670659,4070.9596071359174,3841.0815612500655,3624.0812333452736,3419.2826578653294,3226.1934721400075,3044.3424575098543,2872.9908274490404,2711.304219778997,2558.5785883588856,2414.3632143887908,2278.4090889261743,2150.252678128136,2029.1817671415884,1914.7050618486448,1806.4959487995604,1704.5158559918823,1608.8309177984554,1518.9392848698465,1433.872136373968,1353.1064849754434,1276.1859012404848,1203.2085334586313,1135.0564343535939,1072.46049896765,1013.9033439038524,957.6027101370571,903.1471740428917,850.2520497094245,799.8778488810067,754.2013969136538,714.6237285515441,678.0236712303056,641.6675715223619,605.0605392370591,567.491391727652,530.6610923306125,497.78231749295816,472.9269115297977,453.0215830984844,431.18827407302,407.0607728608729,382.1499878932264,355.43733059390337,330.26296212818147,310.0764083856501,299.39140592881984,287.5281339713902,269.67185636261297,253.73322653910458,240.26696484444776,225.5919325958709,209.99996476772964,195.74681480525385,190.97632824018388,181.1119438807929,166.50346528757652,158.2857782492636,151.05782832055846,142.308418321619,133.95644656171956,123.15845681683388,120.54354681654915,112.93750952994797,105.44427796082498,99.83762559068185,95.61812001809304,89.02065275822244,84.08534137579781,78.44096321713488,75.70320934986445,69.506417943565,67.2493479646738,63.10894665386789,60.86966278532944,56.05986093140526,51.548263495876704,49.46633210503935,46.79957235302232,44.13079053987101,41.8529515431074,39.730687641326725,37.61040731072802,35.21061331623303,33.55307823911505,31.118519788000942,29.386435755618518,28.14732676113687,26.052874624859058,24.3382308307782,23.69700877763747,21.670924928654077,21.19901878639945,19.577769546263095,18.86709082432029,17.556765357622623,16.874126982925265,15.826491227725205,14.722559181790203,14.070632129251795,13.351133947265353,12.680033785432423,12.022708208380394,11.0186940945264,10.121499681561454,9.897119745926927,9.522101485776227,8.777417687328173,8.44379754890083,7.888336178452514,7.541413760653153,7.042002887420899,6.664167343453842,6.314730509920404,5.867307598426393,5.62184615390751,5.400649350469612
3.5707859649004407e+58,853642.4597828641,825822.1802227835,796703.0315779231,766378.2251213857,734948.1656725764,702524.3829014184,669232.0282064793,635212.2430987041,600624.3602179169,565647.5920742091,530482.210858581,495350.1691617889,460495.0227257667,426180.96873063524,392690.7350537598,360321.92726916913,329381.34941167204,300176.53846532054,273003.35374452453,248128.88578416867,225768.66700967762,206059.23304012688,189029.46857357328,174578.1119359534,162467.33455448732,152340.41680321586,143763.90177378533,136284.85401314736,129488.20405776108,123041.13059842623,116718.05941374297,110406.20466458012,104094.72208698523,97851.05039515765,91787.95606172665,86025.69056225635,80656.14128558051,75718.14034640146,71192.16742649328,67016.38085894639,63116.20169513421,59432.8898651882,55937.83143902885,52628.22063151641,49510.805049740295,46586.382684774835,43844.726216465264,41269.91253500561,38848.04381473449,36569.98404534493,34428.90324490524,32417.451675398617,30527.5762737574,28751.64757947051,27082.78765950606,25514.487102540374,24040.46063135588,22654.756466564704,21351.775946512505,20126.24204411952,18973.20282002898,17888.03268253257,16866.42412554616,15904.377675095406,14998.188412743968,14144.426660927464,13339.916669400722,12581.720237340895,11867.098405318173,11193.502106889111,10558.560943899569,9960.025476706434,9395.799868066591,8863.919379738521,8362.489482554796,7889.738326359772,7444.023190566835,7023.739624119214,6627.3451069117655,6253.445912219288,5900.746212608389,5567.930958608153,5253.765285457896,4957.199247143922,4677.333085295389,4413.214472935136,4163.891727431618,3928.5881974773565,3706.738182485703,3497.8002753027477,3300.925646403636,3115.1556545188896,2939.681385120543,2773.984984384804,2617.780353233802,2470.534913986853,2331.430366660196,2199.9022383716756,2075.5752662601176,1958.4051329830943,1848.4678237011847,1745.186738089333,1647.4487484415633,1554.6529679031637,1466.2749813814537,1382.4275564447548,1304.1241285188437,1232.2044602878932,1164.9251524800386,1100.2384766180428,1037.6717270244012,976.8978134323668,919.0203168518168,866.5403033426061,821.0674936079143,779.015812825043,737.2444265021153,695.1847297628094,652.0196081090506,609.7033853141551,571.9272703753614,543.3696152092687,520.4993579696754,495.41394342119486,467.6926116365952,439.07132270114784,408.3797667266721,379.45562728711525,356.2622444709501,343.9856875387442,330.35535418452963,309.83934081102814,291.52661048699326,276.05451132381666,259.1935885345021,241.27914526648905,224.9029361852316,219.42186682470938,208.08814114817176,191.3036617201992,181.86190764786477,173.55731406476792,163.5046258828108,153.9085713375885,141.50213815734523,138.4977153041047,129.7586896422793,121.14926445664224,114.70743696949279,109.85938315550743,102.27913120984715,96.60862766616121,90.1234195127639,86.97782370651697,79.85788435450183,77.26456837827635,72.50734273461958,69.93445111025386,64.40806926182643,59.22429297479742,56.83216592096841,53.76806279790998,50.70162098164357,48.08435979372382,45.64584202842535,43.20958758143459,40.452142330235745,38.54756125488277,35.75011613100797,33.759827873747234,32.33598738954684,29.929249987488458,27.958910488238427,27.222055327973035,24.89374975209677,24.351439584539996,22.488273405216287,21.671526459320695,20.16559098014365,19.381019115315556,18.176904819981395,16.908019033819414,16.15864006084083,15.331549894512461,14.560051864215495,13.804341802463481,12.649943424059858,11.618224124285083,11.360175601386853,10.9288591962213,10.072271316363894,9.688461550665552,9.049343494031762,8.65010300200904,8.075266180078605,7.640262478711295,7.237859300944778,6.722457521209531,6.439611430559244,6.184661189149213
4.102658105827157e+58,980793.357969745,948829.2199436955,915372.7449835754,880531.0282748449,844419.4300351829,807166.0923903979,768914.8081650492,729827.742039305,690087.9594090532,649901.3666670092,609498.0667473326,569133.0723011664,529086.2169418067,489661.0502836,451182.41280402546,413992.23872502416,378443.0308492509,344888.13410212664,313667.47633885714,285087.9314966387,259397.1357712363,236751.96189874868,217185.59698189952,200581.6963189945,186667.0065334662,175031.67425428325,165177.67873305443,156584.61932797878,148775.60156377227,141368.23006434395,134103.3311023981,126851.31927525651,119599.73505500364,112426.0622197697,105459.86392106985,98839.30321202826,92669.95419995132,86996.43308186666,81796.31196862507,76998.53781517698,72517.42306390377,68285.47825277745,64269.82737821286,60467.246730566934,56885.48897975405,53525.47097841726,50375.44203683521,47417.10728206951,44634.49879342533,42017.119742722185,39557.122815387935,37246.06352257655,35074.68928942122,33034.234239636186,31116.79596518456,29314.89547141463,27621.31128278006,26029.20509639939,24532.144324364268,23124.0659211324,21799.28035102592,20552.47303582399,19378.69486210173,18273.350630234825,17232.183570478872,16251.253151364532,15326.910591469754,14455.780042018796,13634.714572833638,12860.785431472781,12131.269146604354,11443.581222298586,10795.313644256727,10184.20902450893,9608.090641871066,9064.922727332181,8552.817875428698,8069.932650511384,7614.494772559534,7184.902917855066,6779.668244168985,6397.279824092513,6036.318858519548,5695.579010923379,5374.026503019977,5070.567157771817,4784.107538462279,4513.755310789981,4258.860512496403,4018.8010932872216,3792.6017896247045,3579.1611696548553,3377.5498302127635,3187.1727826228175,3007.701313059617,2838.5235158570695,2678.6992044164913,2527.579827043148,2384.7342250874212,2250.1114800929868,2123.798895291967,2005.133985152795,1892.8378204478456,1786.2200115959854,1684.678031318703,1588.341444020223,1498.3746374046252,1415.7424577299,1338.4418245716377,1264.1199980844333,1192.2338625265713,1122.4076071188438,1055.9091924364122,995.6122211695721,943.3661839067449,895.0508559731693,847.0575718704207,798.7330321988265,749.1384120166218,700.5191337924738,657.1162168228236,624.3048602390987,598.0280464058831,569.2061235594008,537.3556585061583,504.4711846114347,469.2080718315453,435.97563234213504,409.3275530680204,395.2223796723133,379.5617813259024,355.98986517229474,334.94941302841255,317.172708052386,297.8003080044033,277.21745895446423,258.4019639241975,252.10447157152262,239.08254878963174,219.7979579404332,208.94981527540452,199.4082152033064,187.85813005853757,176.83269160588114,162.57824507316576,159.1262935517756,149.08552773675893,139.19365975921886,131.7922645868084,126.22204595019332,117.51263361800447,110.99743971440107,103.54617130951482,99.93199167853489,91.7514173757819,88.77177811465731,83.30586545681739,80.34968318490489,74.00000614501344,68.04395156653538,65.2954365424153,61.77482178720117,58.25150654311425,55.24428347748965,52.442423719565404,49.64315072764465,46.47480754281637,44.28640272021849,41.0720518226617,38.78512655270508,37.149059981020415,34.38356279128947,32.11947995903751,31.272762871328304,28.597275483810744,27.97408915348854,25.8330278134546,24.894441022421862,23.163815421358574,22.262159688052336,20.87831488469103,19.4199725067368,18.558670634373108,17.608016764651893,16.72122256488649,15.852534466761268,14.525458840569936,13.339290256206619,13.042589650089203,12.546645293791155,11.561609903564602,11.120197611823324,10.385078356298852,9.92580800922874,9.264440731710694,8.763864695254707,8.300719880989215,7.707378754426593,7.3816806822606065,7.0880479814045145
4.713753134116671e+58,1126883.5096162928,1090158.2812611344,1051718.4308929585,1011687.005632215,970196.548716388,927394.2891690908,883445.4378999207,838536.314180352,792877.2511800893,746704.825254988,700283.4134013966,653906.0126599061,607894.1381403989,562596.5534758843,518386.484457863,475656.79675263254,434812.4988078714,396259.56662905286,360388.5606654071,327552.0640340071,298034.59858965996,272016.40341940924,249535.6088781237,230458.54060442632,214471.24385800658,201102.81719828845,189781.05918829385,179908.05499012666,170935.87621942427,162425.16932635836,154078.15639772877,145745.95015551732,137414.23521266266,129172.03663354537,121168.21613068637,113561.51628216237,106473.23656415784,99954.63880087319,93979.95444663866,88467.5470342778,83318.96575875998,78456.66853518483,73842.88244635006,69473.90360783665,65358.63945749691,61498.143414092156,57878.914510913855,54479.932835400585,51282.852029098416,48275.61175077007,45449.19582048872,42793.901934348214,40299.09933720045,37954.716466718804,35751.67384328481,33681.37846851236,31735.533220848974,29906.281225358693,28186.231753729626,26568.41866372094,25046.304957624034,23613.78444547553,22265.17083845483,20995.1844773564,19798.934542323677,18671.893555782444,17609.86924666706,16608.98293014877,15665.618937650572,14776.412276123974,13938.233810456652,13148.114081463405,12403.286398705446,11701.157134015137,11039.225341408828,10415.152022043087,9826.76863952057,9271.957176605853,8748.681370393851,8255.10137839429,7789.506593836144,7350.161035158519,6935.434571705719,6543.941181915229,6174.493105190215,5825.833185725026,5496.705118305892,5186.083654540514,4893.222019638668,4617.405508289632,4357.513590470919,4112.280774944747,3880.639223007433,3661.905321819106,3455.701395298051,3261.3243938109304,3077.694089012734,2904.065326774502,2739.942726925869,2585.267786654277,2440.1408131007083,2303.8006428411513,2174.7778488285794,2052.2792072385014,1935.6124437226829,1824.9264214275588,1721.5589648208284,1626.6186350470823,1537.8039907732798,1452.4118490586704,1369.8181964583089,1289.5912447231435,1213.187818485195,1143.909546724923,1083.8814038314067,1028.3694531776168,973.2275144358163,917.7049783825054,860.723180794608,804.8620022501432,754.9941670055725,717.2955172352135,687.1047379507779,653.9897515466587,617.3951164022233,579.6124538739679,539.0968487732365,500.914386296631,470.29703252066514,454.09086984012555,436.097598212323,409.0146023639389,384.8401344006893,364.41555301506605,342.15759202225655,318.50887956894644,296.8907688152751,289.6552480344891,274.6936730428403,252.53658269368017,240.07257232191603,229.1097161623606,215.83920033564164,203.17147525550067,186.79376006374,182.8276222195081,171.2912276938401,159.92590360429,151.42201879595555,145.02207365467785,135.01532099496498,127.52962744750357,118.96841378028074,114.81586002191146,105.41668275974752,101.99318297171017,95.71303577738979,92.31647857280265,85.02089320550881,78.17754810100178,75.01957090163845,70.97446095540622,66.92623657577938,63.47098173438826,60.25167567765095,57.03532978250518,53.394907503303195,50.88042051899541,47.187094257954136,44.559371103422905,42.679485746746316,39.501826579213116,36.90028059753002,35.92735132915569,32.85301798062957,32.136921638782354,29.67662080081321,28.59806984238462,26.60933531171981,25.57318449024538,23.982886711537148,22.306926625394986,21.317069753462942,20.22449459738708,19.205279735367697,18.20683866096609,16.68145885457421,15.31793474592612,14.976852367560168,14.406702626833463,13.274196836475614,12.76665730651752,11.921339572875807,11.393169210370324,10.632497510220338,10.05668015786882,9.52384710321749,8.841103803458138,8.46626078195724,8.128271597403451
5.415871378079487e+58,1294733.935468145,1252538.4476173746,1208372.9430898041,1162378.7969975446,1114708.2950258714,1065530.5961087213,1015035.5194859187,963437.1368707771,910977.1107690017,857927.2558212727,804591.3282419713,751305.9672739363,698440.578024242,646395.8728178632,595600.6698012406,546506.3523746049,499578.2553990007,455282.8254119685,414068.79723228444,376341.27158495906,342427.1501396483,312533.51877568435,286704.18740243214,264785.57072868914,246416.95014156296,231057.28295991482,218049.13777042,206705.5397220503,196396.94594956018,186618.56075243722,177028.25189947497,167454.95520367823,157882.22298676387,148412.3406854934,139216.34311335743,130476.61771421012,122332.53164253673,114842.98222252453,107978.3626578532,101644.87664790815,95729.40904177933,90142.8677834627,84841.85364195795,79822.11103555694,75093.87417388927,70658.35338349442,66500.0367151689,62594.77331935084,58921.48412914427,55466.31240342157,52218.8989932376,49168.09642681485,46301.69048739272,43608.109443362046,41076.921417533486,38698.2534758162,36462.57263210317,34360.85172207774,32384.599161053186,30525.8111929337,28776.97712766298,27131.08125217442,25581.590299239335,24122.438199131917,22748.005639485196,21453.090770410872,20232.87687787388,19082.907543059613,17999.02853993891,16977.373656381755,16014.34766946973,15106.538816100507,14250.768304525682,13444.056183066306,12683.52898733129,11966.499322258182,11290.475645782371,10653.024459880682,10051.806198249327,9484.706972016516,8949.761377819232,8444.97485790384,7968.47447201985,7518.667749303602,7094.190011026402,6693.596846764466,6315.444823381922,5958.555980709312,5622.072311101708,5305.172653174989,5006.569572834417,4724.8090826500875,4458.664288268597,4207.349752028673,3970.4315426156536,3747.1018904446914,3536.1196660678315,3336.6287238940677,3148.059896373658,2970.345966640526,2803.6021826890806,2646.9540050333735,2498.7131339703637,2357.968194172008,2223.923796308301,2096.7509768355417,1977.9868305579125,1868.9050399734444,1766.8613616945547,1668.7499708540215,1573.8539065189711,1481.6770650805515,1393.8932667099043,1314.295921583397,1245.3265214359287,1181.5460047265296,1118.1906129907481,1054.397932814817,988.9286315411396,924.7468657027796,867.4511574859372,824.1372484621963,789.4495156624686,751.402010798483,709.3565581690472,665.9461186426972,619.3956593628843,575.5258653430029,540.3480117895089,521.7279166132816,501.05451917580984,469.93746729040265,442.16217123553287,418.69531198911585,393.121985790098,365.95075007170294,341.11257492856134,332.7993068268904,315.6091695725093,290.15172328777015,275.83116346957587,263.2353569753587,247.98815499662913,233.43352779039904,214.616288025952,210.05937719625462,196.80458460838804,183.74633844860068,173.97575282877602,166.62249736912813,155.12517262279303,146.5244296675757,136.68795253353412,131.91683826774192,121.11755864942832,117.18409008573768,109.9684378539824,106.06591773242945,97.68354528528278,89.82076372208456,86.1923433738398,81.54462660678982,76.89332132033901,72.9233132540815,69.2243956515789,65.52886876545936,61.346070326918934,58.456946081900945,54.21332580017162,51.19406304685157,49.03405804355347,45.38287582533333,42.39363044160177,41.27570157541487,37.74315638853865,36.92032209358503,34.09327291354905,32.853930766668746,30.568684445169634,29.378030239702,27.55057046329155,25.624629435837956,24.487103132356932,23.231508698697603,22.06019174823938,20.912717364208984,19.159577476959477,17.592367239100568,17.20031650331447,16.54495125914006,15.24310508816507,14.659637013436361,13.687796259377283,13.080525788132633,12.205859085542974,11.543679455485048,10.930866947811035,10.145534068376485,9.71430537122871,9.325430465611618
6.222570836730232e+58,1487585.8501324872,1439105.3021629502,1388361.301562218,1335516.2814067518,1280745.2104869627,1224242.4441291888,1166226.0753388796,1106942.0620251596,1046668.0625656658,985716.3786636738,924436.0113255092,863213.7425459339,802474.0006921955,742677.1845908605,684315.9852801799,627909.020169317,573990.9362122909,523097.657624942,475744.7587261221,432397.68039900874,393432.01664391614,359085.69898902846,329409.0628735292,304225.6463234782,283121.0013278075,265473.496356879,250527.7749307988,237494.536607374,225650.46748191887,214415.5820294383,203396.78708069018,192397.53826692913,181398.93801174025,170518.50726999497,159952.7566617203,149911.24042295464,140554.08458523784,131948.95928810386,124061.84777330841,116784.98268744623,109988.40026474197,103569.73809834014,97479.1325983749,91711.69430998602,86279.1818385636,81182.98578999582,76405.28369473021,71918.3274100069,67697.89812083218,63728.075110627775,59996.95622485178,56491.73356465555,53198.37359347503,50103.58095870354,47195.36994461011,44462.397033695794,41893.70929203766,39478.93495016468,37208.31759335724,35072.66129804321,33063.33664936959,31172.282936790743,29391.99375638899,27715.499491284823,26136.343826912955,24648.55009264045,23246.584120058113,21925.3257023106,20680.00183724561,19506.170436568256,18399.70076530933,17356.672874838718,16373.434489196348,15446.561789918778,14572.753307218323,13748.921355848459,12972.203276060376,12239.803097864527,11549.03277421414,10897.463550373592,10282.837274180974,9702.862296507776,9155.386700777106,8638.580815994686,8150.876693167651,7690.6147754918775,7256.136629018741,6846.0888352301645,6459.4855853819045,6095.383405278168,5752.3030962240655,5428.574097902077,5122.786768811836,4834.03867956235,4561.8312643331665,4305.236435447111,4062.828195974438,3833.6228765740075,3616.966531613718,3412.781932207126,3221.2014926565525,3041.2204099374076,2870.898910393195,2709.1898684104794,2555.1794206010836,2409.0640794684605,2272.6098916635056,2147.2802560203745,2030.0370663966246,1917.31188209694,1808.2809500871588,1702.3742715703045,1601.5149839523453,1510.0615298732403,1430.8190639519723,1357.538370713736,1284.7461247319459,1211.4514550819686,1136.2304289891042,1062.4887172082342,996.6587480819929,946.8931823163819,907.038671151816,863.3239453217991,815.015771784782,765.1392937546793,711.6550845805871,661.2508273138692,620.8331848347144,599.4396005863522,575.6868712161581,539.9348887794314,508.0224198793308,481.0601345206734,451.67761869994916,420.45917945028634,391.921311369269,382.36976560625016,362.61912219506587,333.36973321611623,316.91609198891507,302.44410841928556,284.925794739465,268.2032135713169,246.58308576859253,241.3474073839557,226.1182648816308,211.11494013758687,199.8889823655211,191.4404242217436,178.23051247980453,168.34863859716486,157.04695428088024,151.56514864017996,139.15723110240137,134.63783794810274,126.34734544896797,121.86350421379505,112.23247992915,103.19843051953751,99.02950172857904,93.68943009283129,88.3452265559867,83.78380386320863,79.53384810640705,75.28777909470922,70.48183407919922,67.16228318215337,62.28642397799498,58.81731923607812,56.33548458246493,52.14027446001087,48.705606908632575,47.421091072404366,43.36212006442178,42.416658758383385,39.16827046553449,37.744205228093655,35.118318614398724,33.75016927566771,31.650258901561493,29.437146606855322,28.129984977671022,26.687125424150977,25.34108793136868,24.02242215278317,22.00766841250177,20.20650849441111,19.755918690828903,19.002682453757362,17.5063563220291,16.835692425293946,15.718561385935725,15.020463634504887,14.014910734694707,13.253580822467349,12.548953954649656,11.645864262673125,11.149921174662117,10.702649580628943
7.149428986597562e+58,1709163.250374131,1653461.4762949005,1595159.1060511812,1534442.7672886366,1471513.4905740118,1406594.5806538935,1339936.615705028,1271822.1893131067,1202570.3173488264,1132539.8191665257,1062131.6798214884,991790.292873451,922003.3057194698,853299.6940518135,786245.5357316637,721436.6967499929,659487.4602593681,601013.5769236037,546607.4163720151,496803.7473728575,452034.1090284565,412571.8730060956,378474.87225897034,349540.36062562803,325292.1576492272,305016.03916204255,287844.13758100214,272869.58537359955,259261.33030559594,246352.997427953,233692.94195070222,221055.34402479144,208418.49126089716,195917.40947766148,183777.879748512,172240.669622539,161489.75606383686,151602.88874690665,142540.98408334056,134180.2226646558,126371.28249217602,118996.55417616219,111998.74689516438,105372.24290513039,99130.552267484,93275.27272025133,87785.92711921413,82630.63420799465,77781.56775488211,73220.43563663987,68933.56286090237,64906.233779476825,61122.32454649147,57566.55945327062,54225.167499736825,51085.11554011361,48133.819190014794,45359.36179453244,42750.53371121569,40296.76927447813,37988.153709492784,35815.42565481539,33769.96062015622,31843.750857229916,30029.378376958386,28319.97627763931,26709.186070942877,25191.124890080562,23760.308789454622,22411.634027274726,21140.35459146543,19941.966653126372,18812.27392613909,17747.34261085432,16743.379480256077,15796.836935290701,14904.425920175137,14062.934002391785,13269.272747595935,12520.65163560306,11814.476160226253,11148.113328905007,10519.090694933564,9925.306055990668,9364.957915510462,8836.139524040344,8336.945422233282,7865.820598526478,7421.632406975119,7003.29684195639,6609.114376646788,6237.16561909368,5885.83096028019,5554.073553051025,5241.320569705979,4946.505682975974,4667.990492254343,4404.644809660727,4155.717283701353,3921.1191821690845,3701.0026426123845,3494.2131955846253,3298.522136182088,3112.7263683675915,2935.7759078681656,2767.896537917653,2611.1173596152635,2467.1197465622818,2332.413063617589,2202.8973471814447,2077.6261453350016,1955.9445573386774,1840.062173878769,1734.9866321804163,1643.9409176648214,1559.7449877205331,1476.110259298634,1391.8982701109792,1305.4729909297523,1220.7473706982448,1145.1119549837917,1087.933752616545,1042.1428670429536,991.9167829312421,936.4130510695056,879.1074129449335,817.6566665055897,759.7446329123007,713.3067313208313,688.7265449717806,661.4358152263704,620.3585265831815,583.6926507125609,552.7142938354452,518.9552080066042,483.086732907539,450.29810176522915,439.3238366899449,416.6312995049296,383.02515814277257,364.12071345119244,347.4930968303134,327.36539042378405,308.1519399713688,283.3114365147165,277.29588891166816,259.7983196766993,242.56020010185853,229.66209540224114,219.95509176452458,204.7775078298432,193.42368268745048,180.43855412335628,174.14020269310407,159.88404865553574,154.6914608121915,145.16603750417445,140.01429156912747,128.94863905309916,118.56887306882965,113.7789332503632,107.6433892323082,101.50309014329943,96.26217112685814,91.379109987155,86.50050667401915,80.97861162179164,77.16453308687868,71.56228144405499,67.57634581851065,64.72475694075308,59.904508816754316,55.95809517945897,54.482188188423116,49.81841204044587,48.732066726339525,44.99961245656883,43.363325210746936,40.34609202137367,38.77402836334365,36.361117768261856,33.8180986123938,32.316060118193086,30.65807353603278,29.11132322527497,27.596002305398862,25.28072927734683,23.210838700242107,22.693008774500118,21.82735625378891,20.107655402203633,19.336844788599993,18.052850924732304,17.250445070306064,16.094587775379328,15.219405385736808,14.409356780935108,13.371069936424174,12.800834648646191,12.28652833733159
8.214343584919388e+58,1963744.8260006811,1899746.2169601398,1832759.6503553253,1762999.5522063859,1690696.8967840506,1616108.2503002577,1539521.5148018042,1461261.3764716173,1381694.368913409,1301232.7579832338,1220337.2558614195,1139518.4489729023,1059336.6202822682,980399.5369402247,903357.5946715595,828895.4143025782,757718.7770758205,690535.1503323418,628025.1377502249,570803.162440625,519365.04168677947,474024.866139237,434849.08302741614,401604.74694633216,373744.74988382804,350448.4832680385,330718.8097713626,313513.7830352893,297878.5647640814,283047.5227935406,268501.73939050233,253981.7586135352,239462.63399120892,225099.50357290325,211151.7787487563,197896.0896351084,185543.81674886774,174184.29065631708,163772.60622946464,154166.50103509123,145194.41141346705,136721.20993861931,128681.07226394105,121067.5438767845,113896.14717573515,107168.71788349615,100861.72876473688,94938.54981805447,89367.21006669305,84126.69275736398,79201.28599391112,74574.08221762472,70226.55591966321,66141.15605926473,62302.0604321164,58694.294592342405,55303.39969891506,52115.68409925863,49118.26846346699,46299.0133594965,43646.52719689257,41150.16912516013,38800.030027554116,36586.90939367216,34502.28431754296,32538.26506558672,30687.546046276468,28943.368133930777,27299.430543769304,25749.869326556483,24289.231546970415,22912.34252629037,21614.380937382462,20390.827037204053,19237.32259378003,18149.791589628203,17124.455060815686,16157.622079786937,15245.74418681105,14385.615210929393,13574.254191661856,12808.63594957062,12085.919764538097,11403.690309102618,10759.877751981043,10152.291331480401,9578.741768175481,9037.442429973478,8527.0919621814,8046.4448954530435,7593.548556741619,7166.197658739103,6762.531350041173,6381.358344068315,6022.020489859578,5683.292629629036,5363.292321354014,5060.7210345328795,4774.715503110406,4505.173778127746,4252.27065817631,4014.6797144250204,3789.840274127394,3576.370038873998,3373.0626281676127,3180.177455877492,3000.045859770031,2834.5996557671115,2679.8282750884678,2531.02106037385,2387.090584704137,2247.2843991745735,2114.1412152491844,1993.4145628958274,1888.8074946258166,1792.07049308933,1695.978284219085,1599.2228305014273,1499.924414307986,1402.5788223480317,1315.6774298561027,1249.98247200407,1197.3709837780875,1139.6636688528679,1075.8925940370125,1010.0512161329707,939.4473101366891,872.9092109526521,819.5543280379815,791.3128928386784,759.9571750059592,712.7613721122931,670.634066209208,635.0414415188663,596.2538931319655,555.0427570391558,517.3702098979048,504.7613109555558,478.68868400983615,440.076851092999,418.3565555326567,399.25222431660086,376.126456428468,354.05112234399843,325.5105697248999,318.5989918590547,298.49511544384507,278.68933059888445,263.8700148113393,252.7171221158873,235.27878477316125,222.23376445931677,207.3144470441101,200.0779277992625,183.69824898313755,177.73219687124518,166.78790553091707,160.86877397916462,148.1548139717744,136.22889671492348,130.7254514770472,123.67595688369843,116.62099222808325,110.59937402522864,104.98891492396086,99.38357081141193,93.03909717203805,88.65684061916382,82.2200162879057,77.64028081211379,74.36387313473219,68.82550734894537,64.291141827444,62.59534371055283,57.23670424601713,55.988497440951065,51.69990296488359,49.81979676509355,46.35295377954216,44.54661901504978,41.77411452180324,38.852082396310465,37.1261624227821,35.22103280296259,33.44370164349202,31.702464442481332,29.04196371373116,26.66337238711805,26.068302904213294,25.073518102066327,23.097234544226566,22.211392568434196,20.735741396056245,19.813532568234,18.485050564875742,17.479115270530713,16.54800216082304,15.354467674600658,14.698928150964232,14.107655033772888
9.437878277775314e+58,2256246.5819460745,2182715.316078346,2105751.033378629,2025600.0988372376,1942527.890573545,1856829.1905933707,1768834.7842413385,1678917.7200320691,1587499.1271161512,1495052.678761239,1402107.7106877207,1309250.8616792073,1217125.8694082492,1126431.0285505308,1037913.6119245659,952360.2153134862,870581.7467818215,793391.0516386768,721570.1101607166,655824.8643960408,596724.9841081353,544631.3440640982,499620.2888746296,461424.17568368424,429414.40419348434,402648.13536462316,379979.7072672296,360211.9745905507,342247.87491968105,325207.73441378894,308495.3420243391,291812.59558791877,275130.8328312266,258628.29977126422,242603.04738419096,227372.91011885827,213180.75383158852,200129.21496585992,188166.69972995302,177129.7555589313,166821.26421435192,157085.97090499007,147848.2466819745,139100.67562654274,130861.09221407487,123131.60560000682,115885.18414377363,109079.74176862638,102678.54538884407,96657.44778471482,90998.39675743495,85681.96635051395,80686.87166203905,75992.9474061723,71582.01464544293,67436.86847528437,63540.89639583599,59878.367369176274,56434.48367632748,53195.29770470092,50147.72107504962,47279.52797155395,44579.33330461816,42036.566138612674,39641.434072196666,37384.872188081805,35258.48671957555,33254.511762465154,31365.708023774543,29585.33811316371,27907.136875139804,26325.158857410144,24833.86459134114,23428.06111364242,22102.741029326116,20853.22119402823,19675.159763357282,18564.316042405502,17516.613024814596,16528.366977253485,15596.152922195584,14716.495076698387,13886.129592539699,13102.281376814859,12362.572294799184,11664.485268652354,11005.504923586806,10383.578506870432,9797.210825725517,9244.970896899593,8724.615194739838,8233.609952184244,7769.81714214674,7331.868034717317,6919.006446689495,6529.824731796622,6162.160056387912,5814.520472539436,5485.914129849295,5176.223893958636,4885.650599886445,4612.6702458956315,4354.3407444570985,4109.0739024184195,3875.4836476862492,3653.8680340824408,3446.9056544906825,3256.8160707822844,3078.991335907901,2908.0191353109167,2742.650068709871,2582.019609143901,2429.044611719246,2290.3356005945734,2170.1472018201616,2059.001124003088,1948.5958810304016,1837.4286017802183,1723.3395826199348,1611.494262279095,1511.6488152728964,1436.1685233433782,1375.7204974545293,1309.4176155970204,1236.147769678068,1160.4992460106891,1079.3788094068368,1002.9297848652778,941.6276305641378,909.1796005505621,873.1534114442734,818.9277369117688,770.5255169557627,729.6313260168674,685.0663222244135,637.7167324813394,594.432807319715,579.9457949526729,549.9896122652776,505.626488035928,480.67091973827536,458.72096668663085,432.1505755860662,406.78708015866664,373.9953564148681,366.05428477531734,342.955892585329,320.199990064549,303.1733001807143,290.3591545489467,270.3233271264364,255.3352105202009,238.1936102002981,229.87918496748583,211.05968754128153,204.20496588096822,191.6304707499904,184.82965434397642,170.2218785432897,156.5195189246203,150.19629598883645,142.09672411750648,133.99086156469383,127.07226590563629,120.62607011112257,114.18574523824567,106.89618035804143,101.86112381334465,94.46543083378927,89.20346018719916,85.43896582764042,79.07553577388573,73.86565914324517,71.9172238038179,65.76024494871976,64.32607360464927,59.3985255594297,57.2382952882173,53.25489727187089,51.17941081478201,47.99377495417748,44.63630497953828,42.65317574621013,40.464114735088074,38.42188217282714,36.42110510601071,33.36400192923941,30.630778784316522,29.946978826174128,28.803852226903373,26.532823441041227,25.514844250100357,23.819040488085008,22.759220507951127,21.23246026338504,20.076346962536036,19.006189017843543,17.63435889630905,16.880856106507476,16.20119811389712
1.0843659686896176e+59,2592316.766996126,2507832.945532358,2419404.755945816,2327315.2595385336,2231869.362766192,2133405.7557092146,2032304.494520154,1928994.1936630032,1823958.7098965372,1717742.2705953908,1610953.0565649383,1504265.087022358,1398417.9850103843,1294214.0568950714,1192511.8825286627,1094215.22192293,1000255.7687096754,911567.4423197922,829048.6997742808,753510.6338953796,685607.7673276231,625754.7274956104,574039.2306161654,530153.7681621423,493376.1091926915,462622.9778504717,436578.06471528055,413865.9084849587,393226.03820063226,373647.75172303803,354446.0317716383,335278.3735676213,316111.84556340927,297151.2436985156,278739.0139401053,261240.33249608063,244934.24033497498,229938.6617011787,216194.31785609238,203513.40981174886,191669.4583709336,180484.0833859844,169870.3909004522,159819.8603870574,150352.9827841257,141472.18140790486,133146.3982279309,125327.27840422901,117972.61742121972,111054.6713066631,104552.69896868797,98444.3809351547,92705.26189672151,87312.17292805559,82244.22732076727,77481.65748254638,73005.37646506217,68797.31007656039,64840.45646302075,61118.790501008865,57617.2742840977,54321.860948972775,51219.469585555365,48297.95470678048,45546.06532333282,42953.38628942681,40510.27357842515,38207.80454691462,36037.661601989115,33992.10381227814,32063.932821111175,30246.317595129236,28532.893556304472,26917.69424426967,25394.966407544314,23959.32934272643,22605.7944833588,21329.489478784595,20125.73004846951,18990.283763317184,17919.215491971565,16908.53173014296,15954.482476150422,15053.879284223973,14203.989794091613,13401.922006649414,12644.785879517383,11930.22290038898,11256.51516602539,10622.018546786176,10024.155341626245,9460.014376342217,8927.13916257173,8423.957096713117,7949.5993613135615,7502.448639784358,7080.019942233946,6680.599093598279,6303.0465063623,5947.227598886716,5613.373120769682,5299.732068686773,5002.924128214985,4721.124543232595,4452.740784809038,4198.1153021786995,3960.325667336337,3741.9220481450275,3537.610139200595,3341.171456218076,3151.1704994639013,2966.6139697876165,2790.853190807449,2631.483330995635,2493.392747350501,2365.691347336998,2238.8411299678755,2111.1153698667604,1980.0326732252267,1851.5278761191933,1736.810345404522,1650.087184669689,1580.6353614968273,1504.4565950188999,1420.273127282849,1333.3566745465089,1240.1532606446406,1152.3170696589177,1081.8838910140696,1044.6026903028278,1003.2103592996643,940.9077079601916,885.2959204849523,838.3104908951245,787.1074753980713,732.7051049713384,682.9739832933085,666.3291113176622,631.9109149167851,580.9398413977494,552.2671049366049,527.0476734633625,496.5195812756928,467.37815195067634,429.7020444259457,420.5781358366613,394.03919476951296,367.8937549927228,348.33090330952706,333.6080618422064,310.58784978066217,293.367214306836,273.67232444287487,264.1194405371962,242.4967174395463,234.62096062087153,220.17344648360853,212.35962053113872,195.5759507943377,179.83255438078015,172.5674514496965,163.2613984626344,153.9481127007879,145.99894055922132,138.59253115081378,131.19286196501884,122.81744335051943,117.03235918410269,108.53498571357842,102.48917052288533,98.16389657944977,90.85252355069656,84.86653237727049,82.6278352607254,75.55362490382133,73.90579497362009,68.24414172227449,65.76207303172072,61.185200010035345,58.800483923636534,55.1402016134759,51.28246055982759,49.00382755073053,46.48856405472626,44.14199426941824,41.84304202130799,38.33030324116783,35.18966927005027,34.40393453640951,33.09039215309742,30.480764120654705,29.310990316007956,27.362287593674527,26.14439106042385,24.38987038574638,23.06125413909834,21.831386193496126,20.254769760797608,19.388753150868887,18.607585660568386
1.2458833642950133e+59,2978444.9422424813,2881377.171072038,2779777.5142018264,2673971.1951979315,2564308.536637573,2451178.6768274065,2335018.2816640353,2216319.808164557,2095639.1840359152,1973601.6998645249,1850906.1255950157,1728326.8762811106,1606713.7425575203,1486988.5351259788,1370137.7201664625,1257199.6736484256,1149244.8659019945,1047346.3245913893,952536.332809513,865746.7964657217,787729.730007098,718961.520027841,659542.9481630033,609120.702182755,566864.9741252415,531531.1331106916,501606.80411420803,475511.6494969555,451797.4498900284,429302.95805962826,407241.12271613505,385218.4226513635,363197.0211307861,341412.21865394094,320257.4688573126,300152.3413102149,281417.44041253807,264188.2553428211,248396.67773506048,233826.93575419704,220218.81590006902,207367.368123606,195172.75552663516,183625.18844081633,172748.20995023378,162544.6043265141,152978.68741449172,143994.90187241344,135544.75677989158,127596.37567227175,120125.92805130332,113107.76993714776,106513.80337767673,100317.40841295553,94494.58723848902,89022.62785932096,83879.60030707589,79044.73822105995,74498.50730409115,70222.49547457114,66199.42491486952,62413.15646733122,58848.66080723757,55491.98336507703,52330.197305422276,49351.33613610539,46544.31934307512,43898.89524625702,41405.50733896191,39055.2616703487,36839.88768132048,34751.5368492665,32782.89658589522,30927.111720599445,29177.572049335533,27528.095407547265,25972.950176813298,24506.538264972263,23123.4776632181,21818.905517906274,20588.30055592829,19427.074436534975,18330.918591542915,17296.16965299429,16319.688272820415,15398.15168575678,14528.239374718578,13707.241524630654,12933.184348847335,12204.178822972708,11517.263294810804,10869.092967846085,10256.845457314734,9678.713918733469,9133.700123419667,8619.94585385875,8134.595978424776,7675.680993959399,7241.891570244119,6833.073079569394,6449.4906419187555,6089.132440267525,5748.1146589664195,5424.340742634934,5115.980953554514,4823.428749113483,4550.220108752466,4299.285050415428,4064.5406765841985,3838.8422534661254,3620.540462179964,3408.494050643651,3206.553525503377,3023.4453632836344,2864.7860467708997,2718.0633931164325,2572.318706359249,2425.5680635660538,2274.9604646998564,2127.314745676705,1995.5099200953532,1895.8692544979428,1816.0725098668293,1728.5468364019005,1631.8241526095455,1531.96140225208,1424.8752404227864,1323.9557541697452,1243.031476898991,1200.1972004215854,1152.6394359666174,1081.0567351287261,1017.1615089362257,963.1775456442863,904.3477812325767,841.8421129322476,784.7034799980689,765.5793336666736,726.0345034873744,667.4712222998033,634.5276432249711,605.5517426700599,570.4764477730527,536.9943595771131,493.70633749851066,483.2234080407078,452.73144752614917,422.6915984866536,400.21482367093336,383.29898629203495,356.8498661579903,337.0641789977084,314.43568858118465,303.45987851195366,278.616392011697,269.5675180966551,252.96800148520379,243.99027994170032,224.7066213175941,206.61818097754545,198.270907922792,187.5786726676383,176.8781228784204,167.744874655956,159.23523285755465,150.73333073720138,141.11032791190507,134.46350535877184,124.70036595512906,117.75396070294359,112.78438554452369,104.38388592740284,97.50618990182458,94.93400145995456,86.80595562810188,84.91264728921863,78.40756152738805,75.55572532815654,70.29699724869373,67.55700233346604,63.3513930105103,58.91888735441305,56.30074984222509,53.41071376249869,50.71449415118948,48.07297361567859,44.03676771714487,40.42807678613305,39.52523461247724,38.015911725388314,35.017292078876125,33.673135115038626,31.433903605732894,30.03441268382811,28.018251386926117,26.491476279267562,25.078149236731026,23.26630151801762,22.27104798286831,21.37328632368026
1.4314589375234814e+59,3422087.2953922856,3310561.1826200504,3193828.1552403322,3072261.879194669,2946264.857958544,2816284.192378602,2682821.5901734913,2546442.8603255567,2407786.736529723,2267571.647030658,2126600.4442551457,1985762.893153721,1846035.3615260841,1708476.9646999768,1574221.103979532,1444460.822473426,1320426.0381381274,1203349.6071816706,1094417.5722961233,994700.6477081199,905062.8611687922,826051.5575320207,757782.5299582004,699849.8400074899,651300.0789921535,610703.2270180141,576321.6392875579,546339.5852900113,519093.13193297875,493248.0630457226,467900.09526183445,442597.0919955747,417295.5806929637,392265.91009829025,367960.1391607205,344860.3327565663,323334.849631746,303539.360213457,285395.6113264585,268655.6917050468,253020.62878794858,238254.94501129547,224243.93267107595,210976.3439180589,198479.22860225054,186755.78571532093,175765.01591150183,165443.0865274178,155734.2838715893,146601.983448069,138018.8051820568,129955.28539726825,122379.14092350205,115259.7867311662,108569.65051878347,102282.6373170324,96373.55066681371,90818.53103723771,85595.13447801897,80682.20640958921,76059.89546610064,71709.65854622297,67614.2276922882,63757.569787698514,60124.832531960026,56702.267011927266,53477.14225989802,50437.67959779673,47572.89906770403,44872.58195590498,42327.22579525254,39927.813017842534,37665.94181804284,35533.73594072727,33523.60058534776,31628.432747753424,29841.64707922563,28156.81164617564,26567.742784201815,25068.853312744603,23654.948510542916,22320.75659890269,21061.327244099004,19872.451415851472,18750.522157055533,17691.721773235815,16692.235152965077,15748.948851501018,14859.595084701874,14022.003456097626,13232.771172433744,12488.055226405817,11784.612836213968,11120.368026080007,10494.173880159542,9903.895397578577,9346.252171995839,8818.98134078417,8320.578547676609,7850.866133011209,7410.148706659905,6996.114789436734,6604.302067456447,6232.3017013095205,5878.011412004608,5541.883262799782,5227.979920826617,4939.667833155921,4669.958048575147,4410.641618000329,4159.82355483009,3916.1926163174608,3684.172845944893,3473.7905377405564,3291.498755327411,3122.9216135863585,2955.46810766961,2786.8588072646285,2613.8180529064493,2444.180353002443,2292.743063402714,2178.2608181054484,2086.5782659981005,1986.015552858678,1874.8859247992211,1760.1485134963561,1637.1117553550323,1521.1602047961844,1428.1821700725468,1378.9676821103515,1324.3261372881257,1242.081115239348,1168.668624800599,1106.6436901154302,1039.051166017667,967.2352068670963,901.5857078847627,879.6129973246511,834.1779173047854,766.8915635046648,729.0409968128131,695.7490985860572,655.4492922532211,616.9800014984735,567.2441672579307,555.1997901345736,520.1660062578986,485.6516743752072,459.8269468408524,440.39146642432877,410.0027021019806,387.2698989386295,361.2708487344522,348.6601681127917,320.1161870984231,309.71946109797005,290.6474030833233,280.3324249217095,258.17640733297696,237.39363281705963,227.80300265773394,215.51811661369288,203.2236737214482,192.72998514933994,182.95278861721022,173.18448067269838,162.12807213930654,154.49116014907736,143.2737272580886,135.29259591076297,129.58275636248337,119.93091536186932,112.02870523376707,109.07335615597567,99.73452117161112,97.55917438061653,90.0850420099639,86.808368953255,80.76623905299081,77.61805562909865,72.78590839550422,67.69304583672742,64.68484722039997,61.3642315544904,58.26629773538932,55.23120077446997,50.5935880382096,46.44715579152575,45.40977215940705,43.67552351325918,40.2300084362161,38.68551242344536,36.112512187936595,34.5044024591862,32.187668085839114,30.43325177983149,28.80917398479735,26.727107757837775,25.58339867983619,24.551706806173673
1.6446761779946627e+59,3931810.620769208,3803672.5819525444,3669552.053389724,3529878.358938012,3385113.9553681435,3235772.5396450553,3082430.5493538906,2925738.0712908297,2766428.9791735085,2605328.711852203,2443359.7074256674,2281544.262223751,2121004.17500647,1962956.3173889467,1808702.9119331785,1659614.7067121454,1517104.8171920802,1382589.7347462908,1257432.1643120933,1142862.3040710948,1039872.8795721472,949092.763232564,870654.9957197963,804093.1736573743,748311.8771799371,701668.0834997825,662165.3238888365,627717.412960675,596412.5731245452,566717.8553766112,537594.2824385852,508522.3715280599,479452.17481065955,450694.3097465338,422768.169917471,396227.6242452648,371495.89887946635,348751.85151310376,327905.5730822164,308672.2256901163,290708.3045134995,273743.25736983743,257645.29072787665,242401.481359993,228042.908218406,214573.24678779466,201945.39082883138,190085.99973908623,178931.06121700938,168438.49551135075,158576.84425778335,149312.25513597095,140607.6363652213,132427.84724519376,124741.20855252845,117517.7384461234,110728.4874290952,104346.04206956386,98344.61536840057,92699.90175025158,87389.09296847072,82390.88390823771,77685.4345323184,73254.32357536131,69080.48647185854,65148.12639429978,61442.61608460984,57950.42241883251,54658.92996333393,51556.39791677025,48631.90841000816,45875.10069938441,43276.321521914106,40826.52144639172,38516.97441913078,36339.51943640715,34286.590255223375,32350.7968990488,30525.034640483587,28802.884082834815,27178.37674591304,25645.455614313974,24198.432997152056,22832.472924875798,21543.431180511292,20326.921420171504,19178.560267764973,18094.770527839795,17072.946627537152,16110.594887661191,15203.80566549715,14348.163533956747,13539.9426956454,12776.75795611469,12057.291565257146,11379.090511681392,10738.385769237137,10132.577419642577,9559.93703125767,9020.260481835778,8513.89775319539,8038.193069011043,7588.019449272026,7160.609255522386,6753.547072204043,6367.352297847968,6006.692737932882,5675.436275208342,5365.552947166662,5067.61107350658,4779.43340745696,4499.513395329709,4232.934046326347,3991.215081083346,3781.770753598491,3588.08387618073,3395.688001075252,3201.9641744801766,3003.148824071705,2808.2434161740007,2634.249387847396,2502.7148950855535,2397.376132921162,2281.834500406222,2154.1519998108856,2022.3243325075434,1880.9611214801623,1747.738466365865,1640.911255662593,1584.3662177433596,1521.585756873758,1427.0902510253884,1342.7428911412646,1271.479275117874,1193.8187704784448,1111.3057445153447,1035.8776787091256,1010.6321078837127,958.429420433665,881.1206853555676,837.6322314434841,799.3814644512419,753.0789519279754,708.8796113651945,651.7355592227354,637.8971558694877,597.6450414876624,557.9897503075606,528.3183910450283,505.9879658142667,471.072746121439,444.953853426606,415.0821982306815,400.5931330944705,367.797469400951,355.852129118533,333.9392456601366,322.0878272457536,296.6316149719418,272.7531880706131,261.7340044306716,247.61924477317532,233.49350140924597,221.43673793024936,210.20318766608474,198.97984653887787,186.27653154071044,177.50206030122195,164.61372376358202,155.4437495859044,148.8833878669496,137.79382711575855,128.7145101285945,125.31893222054266,114.58897390399505,112.08958241693348,103.50207691882898,99.73729399922146,92.795087921502,89.17792413487689,83.62592956320168,77.77436622367931,74.31801777204102,70.50270097097503,66.94323141077017,63.45594987756356,58.127377347503156,53.36313558551941,52.171178467005255,50.178515467804516,46.21957155327602,44.44491203957045,41.4884580440373,39.64067665228104,36.9786326768129,34.962697087197576,33.096507298374384,30.704017451286294,29.389767562336836,28.204223267399133
1.8896523396912039e+59,4517457.745279827,4370233.417419381,4216135.501981477,4055657.2710413253,3889330.0647682045,3717744.095803773,3541561.6626880253,3361529.6832956425,3178491.3425685125,2993395.0292992527,2807300.57966404,2621382.5620535403,2436929.8682750845,2255340.624187966,2078111.0197072579,1906815.9772024162,1743079.0971017485,1588527.858585374,1444727.9428539816,1313092.7873387577,1194762.985051967,1090461.0795864728,1000339.9281502084,923863.6561172887,859773.6797377823,806182.2463364286,760795.5111712642,721216.5494559805,685248.8224155465,651131.0467587685,617669.4885025851,584267.287384569,550867.055790457,517825.67796176346,485739.91167377494,455246.12517815933,426830.5845827489,400698.7886128398,376747.43615946866,354649.2624363444,334009.59723316255,314517.58934920374,296021.81447491585,278507.42445499444,262010.12748267688,246534.14650976128,232025.3587754571,218399.49952124796,205583.02174924375,193527.57788715788,182197.02381583262,171552.46487795867,161551.28443501107,152153.1075441858,143321.5363301183,135022.12312648687,127221.60637989217,119888.489400357,112993.14418944022,106507.64483202886,100405.78577032604,94663.08847134963,89256.75770447547,84165.62833845295,79370.09402367375,74852.00497936978,70594.55520274522,66582.1957974946,62800.43224852612,59235.77495039239,55875.67980643238,52708.24282985109,49722.372894486514,46907.67264730347,44254.11628019068,41752.32719975626,39393.61216354004,37169.48045061517,35071.76907732888,33093.10247142953,31226.623141633154,29465.371874032,27802.813790493434,26233.392598963503,24752.346797204184,23354.636691018302,22035.225996060246,20790.00469003662,19615.979097404434,18510.284102956735,17468.42771878469,16485.336835517093,15556.730694509002,14679.868824211786,13853.237194320658,13074.017414942466,12337.879059709083,11641.834949907585,10983.899202274217,10363.837290349247,9782.05132609435,9235.48995264164,8718.262521171939,8227.189150706954,7759.49464711815,7315.775773865827,6901.395610736039,6520.7981655003205,6164.757404685052,5822.43678973918,5491.334770789818,5169.720391450645,4863.433780242917,4585.710531787455,4345.069260712393,4122.532527608525,3901.479092735582,3678.8999064473624,3450.4708084665563,3226.5340425760605,3026.6234271139747,2875.4967378994593,2754.4676598191827,2621.715983252398,2475.0150436269873,2323.551510094706,2161.1321033034583,2008.0657960004337,1885.3265613144706,1820.3590810468643,1748.2274048712686,1639.656694122251,1542.7457057738227,1460.8672982710136,1371.639178157421,1276.8357476009608,1190.172588736588,1161.166662231359,1101.1883263393702,1012.3643677689842,962.3982586625892,918.4499953792873,865.2506688360702,814.4677831730295,748.8120536909922,732.9124026524294,686.6646839489254,641.1026843922755,607.0117354089243,581.3551618082703,541.2392690924767,511.2299274872619,476.908841565148,460.26160609120814,422.58097098133663,408.8563502674967,383.67950059820095,370.0627894256565,340.81481953706174,313.3796445712377,300.71912551220424,284.5019343077956,268.2721204418239,254.41946430922505,241.5126389256986,228.61754036825104,214.02201616043646,203.94054943548443,189.13243371495417,178.59654325484286,171.05897788555745,158.31755645281007,147.8858097566645,143.98443394552953,131.65615533691295,128.7844555628563,118.91775103299916,114.59215977774286,106.615822573755,102.45983049658768,96.08077881104637,89.35752019982645,85.38627934925077,81.00258712032793,76.912847970656,72.90604197621192,66.78361417590315,61.30956472243325,59.940017257411114,57.650461300290196,53.10164077445522,51.06254882720617,47.6655515099482,45.54241751949209,42.48365946424348,40.16727655561233,38.022938342524945,35.27382548495389,33.763656381225374,32.40136657965882
2.171117945694492e+59,5190337.594743125,5021184.055995962,4844133.101926802,4659751.477979823,4468649.66797396,4271505.797314167,4069080.8145703943,3862232.8917818135,3651930.8071307503,3439264.2128690504,3225450.808831364,3011840.116544936,2799913.009540933,2591275.8659237777,2387647.734592864,2190838.1241797935,2002712.472020577,1825140.6719469954,1659921.614940555,1508679.2713515193,1372724.1266621365,1252886.3480561066,1149341.5609753698,1061474.071732541,987837.8292693176,926263.8982613522,874116.763498092,828642.4758489338,787317.3198913551,748117.6674263254,709671.9766000485,671294.4842170362,632919.2547204822,594956.3306166253,558091.3573482507,523055.4908545998,490407.42706662393,460383.27395028947,432864.3435931325,407474.6247916178,383760.6608128717,361365.29885891796,340114.5598178438,319991.38388676115,301036.7980300049,283255.6542122675,266585.7680334055,250930.32341484076,236204.81845978677,222353.70417670792,209335.452743747,197105.37610548653,185614.50983246838,174816.46509377536,164669.4225141025,155133.80341277522,146171.39189474744,137745.99980656704,129823.58602979142,122372.06505632018,115361.32798431191,108763.25017881351,102551.64103679958,96702.18285955043,91192.34891207328,86001.2859856012,81109.68480641248,76499.68045454484,72154.61944238604,68059.0028742648,64198.418197775674,60559.18831538394,57128.570066592154,53894.61740223086,50845.811160042496,47971.37809367062,45261.33009349525,42705.91173721468,40295.74415659593,38022.35318052295,35877.85988752561,33854.26848182335,31944.07070864878,30140.8826606884,28439.23360518269,26833.333180442307,25317.394942530143,23886.696677220483,22537.798798003274,21267.409427895218,20070.367492894453,18940.84423891326,17873.921284023272,16866.449960696424,15916.690722299012,15021.405376943017,14175.618476918924,13375.897900254467,12619.96196438563,11907.541209901661,11239.097643744222,10611.125406385881,10016.856430967187,9452.637190052292,8915.279121565207,8405.467877479354,7929.365373689969,7492.077557386505,7083.004168165193,6689.694554188362,6309.274557212281,5939.755393148584,5587.8470835162325,5268.756678057003,4992.27164763925,4736.587844193311,4482.608277588003,4226.8756971738985,3964.4218545956783,3707.1294812324413,3477.4419773953223,3303.8048147554205,3164.7483327609307,3012.2231591689874,2843.670965368741,2669.6467841251065,2483.0348406812695,2307.1691499270746,2166.1477799028794,2091.5033263855375,2008.6275624028654,1883.8851315265586,1772.5391503163773,1678.46486812231,1575.94612537017,1467.0216230511994,1367.449893715708,1334.123503135299,1265.2113289580975,1163.1569441455383,1105.748327465815,1055.2539209357283,994.1304941240339,935.7834389150496,860.3482110059012,842.080287852775,788.9439150742,736.5953987178216,697.4265591409572,667.9484052362644,621.8571961399148,587.3779211465586,547.9446596498847,528.8177934515871,485.52456872413467,469.7556432817142,440.82865900186084,425.18371452194276,391.57920473240256,360.0575047330074,345.51117390571744,326.8783949811737,308.23111069460026,292.315065229756,277.48573216892356,262.6698700698716,245.90029508984,234.3171583823061,217.30331674507923,205.19806052099074,196.5377400861569,181.89841938623547,169.9128045294852,165.4302947161408,151.26563507347376,147.96617409790255,136.62974312508808,131.65981577645525,122.49532328536394,117.72025014275427,110.39096098318556,102.66618005650952,98.10336160224296,93.06664424750066,88.36766208393132,83.76395965354241,76.72945165794805,70.4398898597181,68.86630589619581,66.23564533643045,61.00910983690606,58.6662103024224,54.76307316102286,52.32358854849786,48.809051348354174,46.14749142169787,43.68359728731383,40.52477561895975,38.7895256900526,37.22418433824345
2.494508135230296e+59,5963443.57078987,5769094.4432610925,5565671.572499214,5353826.121249172,5134259.505505331,4907750.858129963,4675174.471743606,4437516.343968998,4195889.553467682,3951546.0572842713,3705884.9328617165,3460456.714308521,3216962.8527494664,2977248.9979143096,2743290.2527553802,2517165.654024805,2301018.4978155796,2096997.2005159725,1907168.5997184129,1733398.5577811114,1577192.7583096279,1439505.022719997,1320537.1360393951,1219581.6963898917,1134977.2619617283,1064231.8323446547,1004317.3297014978,952069.6014241853,904589.0221538219,859550.5422471238,815378.327319373,771284.4690612216,727193.2107487284,683575.6711295561,641219.6232209667,600965.1293706443,563454.1038272564,528957.8230744525,497339.920516497,468168.37770500634,440922.1950732036,415191.0215566339,390774.9636806533,367654.4205676703,345876.5301893925,325446.86721550574,306293.9848172694,288306.64606436674,271387.7624179669,255473.5108086858,240516.1778040647,226464.41901813532,213261.97672069797,200855.5524180727,189197.09769717557,178241.13859325933,167943.7669154875,158263.40424875636,149160.93901598357,140599.50654054544,132544.51316955665,124963.64507555768,117826.81053900685,111106.0697156377,104775.54049074904,98811.26354927082,93191.05348184734,87894.38437081937,82902.12217493798,78196.45942251956,73760.8367970623,69579.53998367372,65637.9277153544,61922.27456696245,58419.34558550032,55116.76283879113,52003.05047829661,49067.000001805485,46297.83554928035,43685.82071334114,41221.9029992838,38896.895629548315,36702.17198730935,34630.39727587328,32675.28589136364,30830.184991925267,29088.44623700821,27444.644033853958,25894.82646610094,24435.211328396155,23059.86879960211,21762.10192687846,20536.259730387832,19378.724545423476,18287.497718140115,17258.85872472803,16287.091019562704,15368.251262669337,14499.717912582253,13681.181373641726,12913.172469186442,12191.663138403967,11508.877204100796,10860.616942270624,10243.218851321617,9657.470711773403,9110.452263066418,8608.029988344393,8138.024707799817,7686.131232523944,7249.047295514662,6824.48788128967,6420.162475795984,6053.543234100121,5735.875480707493,5442.10731781608,5150.2972394207445,4856.473033887445,4554.926427229766,4259.310095585975,3995.410406360093,3795.909813011263,3636.1407274768644,3460.896774963057,3267.2385611459904,3067.293301525458,2852.8853193592377,2650.8242546886154,2488.797607444755,2403.034786103545,2307.8145920123548,2164.4916476616754,2036.5605675121258,1928.4738234119375,1810.6848071217287,1685.5358860501558,1571.132842574882,1532.8424507736045,1453.6657348326298,1336.4102396934964,1270.4505472255069,1212.434943574341,1142.207114789121,1075.1692004433114,988.497809571598,967.5088582172474,906.4577607608518,846.3118706169194,801.3087848141911,767.4398234346265,714.4832704261773,674.8682625437884,629.5613638168733,607.5855245002434,557.8437120832813,539.7259818121066,506.49027891144254,488.5149951132608,449.90503775719606,413.6881243996461,396.975090172604,375.5669220265233,354.14208571741403,335.855309912399,318.81711273100365,301.7943907731794,282.5269422416247,269.21846360236174,249.67035644658586,235.76198031022915,225.81167284134273,208.9917655952465,195.2208387204775,190.070637029093,173.79607484269224,170.0051396240916,156.9800741796525,151.26984076239768,140.7402253834553,135.25386386116233,126.83280765305454,117.95733783585177,112.71483312981415,106.92783094822676,101.52886778198857,96.23937079098634,88.15694528538721,80.93041883865592,79.12241225330622,76.09984867218934,70.09467307413713,67.40272423626817,62.91807714648262,60.115135120514815,56.07695256316674,53.01882051415306,50.187792304536366,46.5582645112437,44.564425818653106,42.765805934102964
2.866067616948221e+59,6851704.455219565,6628406.830759846,6394683.919937012,6151283.876838144,5899012.594071513,5638765.25711851,5371546.385359954,5098488.841750675,4820871.499132137,4540132.794802942,4257880.200190509,3975895.203009623,3696132.687231876,3420713.2139602653,3151906.079707343,2892099.9958288916,2643757.504514656,2409347.0309227556,2191243.2701722374,1991590.0066857792,1812117.197147954,1653920.7356287153,1517232.4632368607,1401239.6098772078,1304033.2603206814,1222750.2282034578,1153911.400465871,1093881.3208041324,1039328.4617619696,987581.4552262464,936829.7447045117,886168.0621566834,835509.3668190187,785394.9510478517,736729.9274392858,690479.4864679126,647381.1561517733,607746.6198780843,571419.1991102833,537902.5258200006,506597.99703389016,477034.13948601886,448981.2853687632,422416.91423421004,397395.1853020993,373922.5035947425,351916.7802067978,331250.20935592003,311811.24106831255,293526.54576457123,276341.30304875044,260196.52073723768,245027.56145465173,230773.18784337043,217378.19463112345,204790.3344606319,192959.1589721177,181836.89660396095,171378.610070554,161541.94366481833,152287.15097467107,143577.10499573252,135377.23181673777,127655.42992567157,120381.96204096092,113529.300083592,107071.95410529581,100986.34083244782,95250.4761892172,89843.90026320195,84747.58721114472,79943.48205523222,75414.76269710115,71145.65929580646,67120.96553886383,63326.45978871804,59748.95685771267,56375.578726021085,53193.94445847499,50192.86740007636,47361.946677980304,44690.627134920214,42168.99721086577,39788.62958381905,37542.30240291888,35422.371878861,33421.19939412022,31532.55120846934,29751.886763651546,28074.86049104312,26494.659316716326,25003.5887700058,23595.15615197409,22265.204943137054,21011.438788159594,19829.582987488284,18713.06951030823,17657.367652209563,16659.46539050184,15719.00701494196,14836.602415536672,14007.623547785082,13223.135965117855,12478.316688335372,11768.956533614743,11095.960622171033,10467.463227723705,9890.20465196008,9350.191614046369,8830.988152854607,8328.800125398275,7841.002160840645,7376.452080781504,6955.224535308521,6590.239851313512,6252.714625700067,5917.439143116723,5579.849526996616,5233.387250173311,4893.738568581831,4590.530754989251,4361.314347274849,4177.747495376623,3976.4007793258806,3753.896978980634,3524.169670760228,3277.8254025045057,3045.667137210504,2859.506456098664,2760.9691751609403,2651.5658360314083,2486.8947926108917,2339.908246922697,2215.721871151717,2080.3880593600124,1936.5980768076636,1805.1545808258663,1761.1607951176848,1670.190624233493,1535.469799170523,1459.6853402600404,1393.028250271686,1312.339910564527,1235.3166258162032,1135.735435607774,1111.6201565399997,1041.4754293904457,972.3707401202366,920.6643923692573,881.7506092530253,820.906114074002,775.3904020994202,723.3349837508846,698.0858148626185,640.9348935767682,620.1185026351998,581.9322951594801,561.2795668622058,516.9185983991209,475.3071181487808,456.10464955245436,431.5076975392002,406.89159269740884,385.88096641823813,366.3048952057358,346.74660230725925,324.6092231660962,309.3184140580731,286.8585647693037,270.87849608112816,259.4460597842526,240.12077128962568,224.2986139211113,218.3812692547316,199.68254050942284,195.32692757172185,180.36171186547,173.80090699342463,161.70284041724554,155.39924812572994,145.72381312456068,135.52626788315797,129.50284344364482,122.85380863264596,116.65060974724328,110.57317728554735,101.2867615273727,92.98372521599377,90.9063831535382,87.43355043317202,80.53377396930627,77.44079392455332,72.28803773048966,69.06751309121725,64.42770730786506,60.91395017697848,57.66112033673502,53.490799717526855,51.19987094725092,49.1332409165807
3.2929712550971617e+59,7872272.686812453,7615714.657850005,7347178.485693416,7067523.762729333,6777676.420076073,6478664.981987831,6171643.592011909,5857913.8541733315,5538945.1307024155,5216390.115572092,4892095.714686666,4568108.770137866,4246675.347820099,3930231.868533613,3621385.6427762266,3322881.1828493252,3037547.829064818,2768221.6809770158,2517631.146918087,2288239.3301446517,2082033.8661197328,1900273.8834311021,1743225.7561525973,1609955.6512704361,1498270.3187229007,1404880.0976735523,1325787.657692724,1256816.0376240395,1194137.475664463,1134682.7007485384,1076371.4721833675,1018163.6813488606,959959.3226724584,902380.3145483641,846466.5869991533,793327.0965859792,743809.2268628366,698271.0867692097,656532.6603438075,618023.6450439733,582056.2753847663,548088.8516857305,515857.496889586,485336.3361051784,456587.59562219726,429618.6344974336,404335.13660099055,380590.2593514127,358255.83729473565,337247.6183373596,317502.616530532,298953.0527458881,281524.661806334,265147.0849885807,249756.89413983782,235294.0596067022,221700.61869574906,208921.68422347464,196905.62545063414,185603.77774521595,174970.47442730347,164963.0583880806,155541.8058976189,146669.83389158084,138312.97569056004,130439.60288064017,123020.42876026267,116028.35730360876,109438.12988476414,103226.23906691068,97370.8250884081,91851.14366443928,86647.8670282642,81742.87640535594,77118.70048777624,72758.99931083138,68648.62373997558,64772.77756144821,61117.235687404034,57669.14519939395,54416.55600415954,51347.34074320175,48450.11151970978,45715.18575364472,43134.26589223593,40698.56959611648,38399.320468040096,36229.35624593722,34183.46005085683,32256.639037381898,30441.065317408043,28727.89832116731,27109.67825572048,25581.629483848097,24141.11360579065,22783.219201219847,21500.399924559915,20287.45021844606,19140.90941639428,18060.3688247648,17046.529177291617,16094.073077615094,15192.735284408733,14336.9744308937,13521.954371102576,12748.71504495993,12026.602334398762,11363.360515794508,10742.911995126411,10146.372658397106,9569.383221217315,9008.927261127095,8475.18198112173,7991.212170540129,7571.8626519343015,7184.062705475443,6798.84760342534,6410.9736752055815,6012.905494415967,5622.665800528974,5274.294878351132,5010.936456187779,4800.02713698883,4568.689624863439,4313.043659270102,4049.0982368080213,3766.060741057225,3499.3222673855234,3285.4327642730605,3172.2182554097535,3046.5191778476915,2857.3202150583224,2688.439873594708,2545.7558103057445,2390.263888655997,2225.056240456057,2074.0341001398674,2023.487394524827,1918.9671222951495,1764.1794898090989,1677.1068562224234,1600.5211224014533,1507.8141689318966,1419.3181836515334,1304.9042677469756,1277.1969916392018,1196.6041305519889,1117.206221184247,1057.7981548605142,1013.0881195502952,943.1807667035005,890.8854360330697,831.0763008375778,802.0662374840729,736.4026152475751,712.4855962885064,668.6115033652148,644.8825235697137,593.9139276505773,546.1043571506511,524.0416518984456,495.7809455211724,467.4982318061173,443.3580369948073,420.8660751471284,398.3945380055891,372.95975244541927,355.39134526001897,329.58605108630246,311.22571254118617,298.09038551269293,275.88654181379127,257.70762593541775,250.90887356169839,229.42490325574067,224.42050511918103,207.2261587950897,199.68809243145645,185.78795934249118,178.54541305483144,167.42876529092584,155.7122286354591,148.79157131461628,141.15211010453842,134.02489088266574,127.0421668995263,116.37243893168906,106.83255998904279,104.44576868997143,100.45560595503464,92.52799299603,88.97425587512353,83.05389014612219,79.35359411894085,74.02256981871868,69.98533646832539,66.2478924000717,61.456249479100734,58.823992473027886,56.4494453765921
3.7834626171319327e+59,9044855.577260366,8750082.973277876,8441548.069692092,8120238.496035405,7787218.101792308,7443668.6109333765,7090916.077841644,6730455.981763508,6363976.547903129,5993376.640653712,5620778.264401257,5248533.140414282,4879221.888348653,4515643.836319692,4160794.6563316663,3817827.658538278,3489993.6163207674,3180551.0690986887,2892634.8243542067,2629074.867037581,2392154.892902058,2183321.5789979235,2002880.9760837364,1849760.1557843054,1721439.181247557,1614138.3933651901,1523265.055341958,1444020.0434794992,1372005.4470257375,1303694.8239201698,1236698.0795380608,1169820.180040055,1102946.2239235353,1036790.764949557,972548.6317576825,911493.9610980137,854600.3551524552,802279.2635452031,754323.8567574829,710078.8851124997,668754.1397684361,629727.2343356312,592694.9870051966,557627.6687950604,524596.7746629997,493610.7598046748,464561.2596083068,437279.5591430626,411618.40258242004,387480.98839916976,364794.9488244948,343482.4089610684,323458.0417593894,304641.0084939633,286958.433325201,270341.34512278414,254723.14759212884,240040.7780488507,226234.915303454,213249.64607831516,201032.50159586853,189534.47092827476,178709.9134563012,168516.45234628717,158914.83175775548,149868.71219290246,141344.44466668006,133310.8971731225,125739.04878872204,118601.8906204344,111874.306873259,105532.46338040677,99554.15348495018,93918.55960277413,88605.6080571481,83596.52502929399,78873.90490592315,74420.74756243601,70220.7090699247,66259.02205488147,62521.95644570437,58995.57850171583,55666.80408748462,52524.50839299018,49559.157936677155,46760.66224094543,44118.937655400296,41625.75509187278,39275.120612073886,37061.29768126755,34975.29243958622,33006.947505551856,31147.69194260478,29392.03877758443,27736.956618447817,26176.802483895623,24702.9059926293,23309.286214306718,21991.967012708687,20750.47881886886,19585.62674151243,18491.30135277235,17455.70839335542,16472.48110435562,15536.062991023009,14647.648893373402,13817.976771807633,13055.944420421893,12343.079471475958,11657.685003287192,10994.752411687678,10350.815975065305,9737.568800988218,9181.511202273256,8699.699152679974,8254.136015538561,7811.542737882498,7365.894599128057,6908.533763530138,6460.167475655029,6059.906354889239,5757.320431239778,5514.995957031881,5249.200489933112,4955.475800642378,4652.215441845667,4327.019225968703,4020.5497876266945,3774.801227047708,3644.7233026574754,3500.3012203378735,3282.9208804135956,3088.885640756461,2924.9486412344568,2746.2960395204923,2556.4805434625014,2382.9635006926883,2324.8878113940364,2204.799137112261,2026.9557269167262,1926.9135342281807,1838.920275613134,1732.4045244704043,1630.726969117065,1499.2709792015467,1467.4366747746378,1374.8394206144778,1283.615106694532,1215.3581439378863,1163.988499556259,1083.6683685273433,1023.5835891960883,954.8658145988844,921.5346685016715,846.0903718168292,818.6108839434112,768.2016908565824,740.9382497278887,682.3778158166443,627.4469457426055,602.097969988154,569.627791153755,537.1323255076325,509.3964117111829,483.5542363785654,457.73552654805536,428.51218539199755,408.32693179123027,378.6778889838173,357.5827399412181,342.49087722531544,316.9797190730136,296.0930073406,288.2815624242313,263.5974921617434,257.8476732159602,238.09217110201348,229.4312821574405,213.46066909028372,205.13931425000496,192.36678973898742,178.905013748622,170.9534847095769,162.17607806228477,153.98721092834066,145.9643580707627,133.70528398974093,122.74434605054589,120.00201624876452,115.4174729115119,106.30894016693566,102.22582281964311,95.42352448233206,91.17200384334394,85.04681821452269,80.40814911267778,76.11392025551807,70.60842774407378,67.58401325314576,64.85569625486471
4.347013158125017e+59,10392095.862043018,10053416.58386952,9698925.097801939,9329756.141779331,8947132.026730953,8552410.495594744,8147115.119880391,7732964.131963803,7311897.219881842,6886096.085778301,6457998.808714875,6030307.401195191,5605986.8687539585,5188253.50222913,4780549.18196624,4386496.906820287,4009831.6561190276,3654297.331987709,3323495.67461836,3020678.1980500957,2748468.7568027317,2508529.511920142,2301212.1007274822,2125283.781094945,1977849.2690559342,1854565.921497598,1750156.9088854427,1659108.2732462117,1576367.0306225726,1497881.4718820087,1420905.4954148869,1344066.0658962214,1267231.1671296586,1191221.7863736495,1117410.7231886722,1047261.8982681315,981893.9328127115,921779.5622796592,866681.1496865102,815845.8452617386,768365.7377661816,723525.7357349347,680977.4981254372,640686.8677940031,602735.9889438784,567134.5761805743,533758.1238750018,502412.78683863423,472929.3753423052,445196.6691745079,419131.52131487854,394644.45732224424,371637.4405977375,350017.59140684735,329701.17898078833,310608.9588703973,292664.41519640293,275795.0920245075,259932.83221470728,245013.39415075295,230976.4937781817,217765.81994243225,205328.9338083881,193617.14647062978,182585.3548919778,172191.80677008413,162397.84106992243,153167.68864210031,144468.005867527,136267.76085152527,128538.09677630839,121251.62935210532,114382.84421822814,107907.82299058615,101803.50199822214,96048.31104327344,90622.25192894296,85505.79234506843,80680.1539181839,76128.36965972716,71834.66439019822,67783.02892430886,63958.430231568396,60348.086450376424,56941.04407756427,53725.709648800475,50690.497543878,47825.95294371405,45125.189106916034,42581.61503616104,40184.89722715814,37923.36534629801,35787.17180744704,33770.01234730376,31868.404044948056,30075.863391371367,28382.428543307415,26781.227704856396,25267.692490331454,23841.283387998927,22502.925428334416,21245.599178078453,20055.753611216194,18926.07363373193,17850.175105422055,16829.4308389172,15876.178224565365,15000.640391800569,14181.59349522362,13394.108834950848,12632.431770206362,11892.580356669057,11187.98940198126,10549.106467091176,9995.528030144553,9483.597817396167,8975.079827601287,8463.051951995008,7937.5667614987215,7422.415865488244,6962.535449322587,6614.8790487480455,6336.460100896738,6031.074132117471,5693.5988553339375,5345.167561328979,4971.533042061369,4619.414672411906,4337.061616157283,4187.608453785869,4021.6745566092327,3771.915195549379,3548.9782107669907,3360.622629200691,3155.3595413266626,2937.2708343030886,2737.908251327177,2671.1821288667597,2533.2061238601173,2328.8727554577945,2213.9291752872277,2112.8292300576145,1990.4478475652322,1873.6253146827503,1722.5888176688413,1686.0127601641573,1579.6230473288933,1474.8107749178064,1396.3868644715462,1337.3656561819785,1245.0817542902598,1176.0472810175845,1097.0939174224993,1058.7980596062102,972.1162488182748,940.5436593732308,882.6259577317743,851.3015945047061,784.0185126386344,720.9056204002966,691.7808819658006,654.474227094125,617.1385176449993,585.2713005865887,555.5798958401297,525.9154505137875,492.3392470599019,469.1473670447392,435.08204854474644,410.84473880058505,393.5049144706303,364.1938179228428,340.1959850851421,331.22100755976976,302.86018457850264,296.25391503570063,273.5557756925028,263.6048212205743,245.2553334592876,235.6944835697658,221.01944312167433,205.55247906629594,196.41653319891398,186.3316881949537,176.92304500766318,167.70514089258097,153.61999630533433,141.02634216211825,137.87551909481252,132.60806699748625,122.14272745599482,117.45138432839471,109.63580007185456,104.75095737582237,97.71333224508048,92.38365405536462,87.44971826039612,81.12406434047462,77.64909050365587,74.51431942510828
4.994505115855119e+59,11940008.934736684,11550883.039336527,11143589.691861296,10719432.650601016,10279816.2909204,9826300.592925986,9360636.065627689,8884796.873832364,8401011.624050014,7911786.985140858,7419924.190481372,6928527.720040114,6441004.219891747,5961049.050611434,5492616.764064698,5039870.00840967,4607100.091880652,4198608.574569054,3818533.6794709186,3470611.236893611,3157855.927112021,2882177.491719979,2643979.944773925,2441846.925970846,2272451.895901493,2130805.3704179,2010844.530948591,1906234.1099652033,1811168.4764960294,1720992.415280795,1632550.7901284967,1544266.0507291998,1455986.516942062,1368655.462898822,1283850.1680275477,1203252.6054731216,1128148.0161829004,1059079.5500333125,995774.1737756735,937366.8999119981,882814.5829159686,831295.6177337578,782409.7775761089,736117.8175586206,692514.1173457716,651609.8385432806,613261.9302840773,577247.6739449217,543372.6788172668,511509.1583278609,481561.58062449435,453427.1439584903,426993.209081525,402153.06172973465,378810.49935257697,356874.4739609264,336257.0725587641,316875.0468279089,298650.0875541837,281508.38426834496,265380.6735457223,250202.25662896084,235912.88386600453,222456.61409027365,209781.6261220892,197839.94861190818,186587.16192486865,175982.16906100026,165986.6598357987,156564.98012283666,147683.97485245575,139312.18081753392,131420.28326783952,123980.80115204846,116967.23544234627,110354.80303832421,104120.52699177012,98241.96563538686,92697.54353819856,87467.76646172625,82534.509497705,77879.37887668547,73485.10238324912,69336.99428472559,65422.46954269337,61728.207834712804,58240.897850858804,54949.67646728919,51846.63115559261,48924.189182802416,46170.47785882759,43572.08854219448,41117.706838964696,38800.08945951201,36615.2346983614,34555.69332135213,32610.0196586986,30770.318353627616,29031.340554834216,27392.466389772282,25854.75867313244,24410.15242004954,23043.078165627267,21745.13122527747,20508.976534725145,19336.191388414827,18240.950843331306,17235.000774269596,16293.956022823299,15389.174734314285,14514.04510846074,13663.992086344842,12854.451603650323,12120.40641600976,11484.37191661978,10896.189186061823,10311.926932415967,9723.631991872155,9119.875255806559,8527.992117625225,7999.612052525368,7600.17188253263,7280.2821531964255,6929.408638044485,6541.666080163492,6141.335595159383,5712.047838994299,5307.481084313104,4983.07125637173,4811.35689507792,4620.706976867034,4333.745707358391,4077.602033880304,3861.1906983100475,3625.353466064396,3374.780225409311,3145.7223835697732,3069.0573374257187,2910.5296662264586,2675.76063441554,2543.6960905589303,2427.537204988822,2286.9269899658925,2152.7036205172103,1979.170081055886,1937.1459818163844,1814.9094104464382,1694.4852402742833,1604.3800057357025,1536.5675259594166,1430.537838477763,1351.2206061728991,1260.5070533647379,1216.5069855938418,1116.9138231186585,1080.6384610953285,1014.0938521842871,978.1036891342948,900.7987138294619,828.2850808731473,794.8221770886872,751.9586495879224,709.061738696128,672.4478580697062,638.3338788357389,604.2508735299734,565.6734467119077,539.027101917357,499.88770178019604,472.0402055788711,452.1175852629893,418.44054904917334,390.86819368226764,380.5563755082398,347.9711484497252,340.38086034433167,314.30177960646876,302.86860531959,281.7859117536489,270.8009454999259,253.9400120827753,236.1691907774975,225.67241172131696,214.08538862845975,203.27528720482294,192.68433284665886,176.50113169011658,162.03157616342008,158.4114170072842,152.3593409311636,140.33510745794206,134.94494807380488,125.96515789876429,120.35266616588773,112.26670402999969,106.14309993753936,100.47418222911064,93.20621765648136,89.21358225200188,85.61182423283928
5.738441648302357e+59,13718485.207811078,13271398.621092286,12803438.522140982,12316102.865348496,11811005.209194746,11289937.89438342,10754912.169992292,10208196.254650734,9652350.708037436,9090255.569846489,8525129.319967546,7960538.853765548,7400398.240655267,6848953.26886558,6310747.524717679,5790563.686976275,5293332.258529282,4823995.521146088,4387308.090276998,3987562.251890187,3628221.725902735,3311480.711828973,3037803.4020231385,2805562.4678984573,2610935.878673512,2448190.961546078,2310361.8350545033,2190169.587235622,2080943.832577772,1977335.9568515732,1875720.863174646,1774286.0235405443,1672857.164899739,1572518.0630093417,1475080.9346458062,1382478.2845362339,1296186.7915525713,1216830.5082885928,1144095.7329201382,1076988.6371962472,1014310.698021117,955117.9314463933,898950.4965022575,845763.3027395245,795664.787768095,748667.7757260225,704607.9081765092,663229.292334623,624308.582801352,587698.9590655478,553290.6597100643,520965.5705629383,490594.2746471478,462054.1625024923,435234.70211230556,410031.2837984167,386342.8998361202,364073.90198697796,343134.31680103723,323439.33966583636,304909.39030032384,287470.1330025256,271052.343874451,255591.7492568066,241028.80915336905,227308.40683410064,214379.5063150986,202194.88915714223,190710.53883542778,179885.49050573565,169681.65061762047,160062.86948779013,150995.46590464553,142447.86548678155,134389.6221496866,126792.2613253581,119629.38362616625,112875.20467602399,106504.93536193186,100496.17775909133,94828.1072360229,89479.5902529202,84430.7818806024,79664.80893182909,75167.2118141182,70922.68612967954,66915.9378356605,63134.485735057126,59569.238720436886,56211.49609268338,53047.61671264117,50062.19470827733,47242.23039535922,44579.40158902562,42069.11052576831,39702.79840054716,37467.314699613176,35353.58804490411,33355.58776346258,31472.601652106634,29705.850832838492,28046.06903323004,26475.36770101366,24984.090265423507,23563.809097022004,22216.336429838342,20957.958709777053,19802.17137143781,18720.957062673624,17681.407695893155,16675.926636543798,15699.257366099571,14769.135018308132,13925.753065267096,13194.980590536252,12519.18745345127,11847.898752180661,11171.976691191734,10478.289784669732,9798.245060224384,9191.162255096118,8732.225071544617,8364.687446437607,7961.550969498777,7516.053768864442,7056.093656616366,6562.863058454959,6098.035679552195,5725.304681917842,5528.013293974235,5308.965878816033,4979.2614396212875,4684.96490819108,4436.318886222388,4165.353460497387,3877.4570827716298,3614.2808439137557,3526.1964615928305,3344.0559332570933,3074.3178160258813,2922.582124136229,2789.121254308649,2627.5670043328696,2473.350926754479,2273.9693885399033,2225.6857564798784,2085.241921716872,1946.8804466394965,1843.353943645083,1765.4407241523281,1643.6178033598233,1552.4861854531825,1448.2607523597117,1397.7068273267664,1283.2791556188215,1241.6005388309027,1165.144037179788,1123.7930993516266,1034.9734609954548,951.6588391825663,913.2115968138687,863.9634961241363,814.6770385919614,772.6094753708423,733.4141760593947,694.2544632950087,649.9308777414086,619.315523616625,574.3462546895252,542.3508330827594,519.4607082664679,480.7674242259136,449.0881203885302,437.2403389510191,399.80148263815494,391.0806064720066,361.1169937348337,347.9808234787274,323.7578144209407,311.13661060694346,291.7641972975681,271.3463617600048,259.2860552802279,245.97310710264188,233.5528029101545,221.38428553607218,202.79052798903632,186.16566198826894,182.00626097623876,175.05269450679748,161.23737751317623,155.04431715937034,144.72692009213924,138.27840134097548,128.98796116706208,121.9521835403802,115.43881634283292,107.08819572766582,102.50080041940427,98.36250501895964
6.593188271333595e+59,15761867.30056955,15248186.719588656,14710523.495850796,14150598.705552122,13570266.248321999,12971585.4358046,12356867.094639467,11728717.296889454,11090078.000158433,10444258.22893351,9794955.858902987,9146269.078063974,8502694.960385373,7869111.708499339,7250739.6804540455,6653073.939799775,6081779.392761029,5542534.47891995,5040802.018453673,4581513.637618424,4168648.9808772993,3804729.0759569,3490287.2571269064,3223453.803579913,2999837.3892268613,2812851.4539178894,2654492.541180447,2516397.537834178,2390902.497773823,2271862.1253309203,2155111.3618166833,2038567.7013652378,1922030.9127820218,1806746.2013071477,1694795.7152184786,1588399.8077550833,1489255.1105838416,1398078.629556539,1314509.9366485467,1237407.17189691,1165393.2909919575,1097383.702632067,1032850.0720750386,971740.5926041817,914179.8537198498,860182.5897282861,809559.9608391427,762017.9587812307,717299.9706349683,675237.3068272234,635703.8568679842,598563.913361237,563668.7825417912,530877.592147717,500063.34630791296,471105.8536280152,443889.0611816968,418303.0738297381,394244.51648682525,371615.9528086502,350325.9489517034,330289.0968368521,311425.861597263,293662.3959478051,276930.29135026643,261166.22138254292,246311.54819988387,232312.0201293193,219117.0643406511,206679.61423514047,194955.90218990238,183904.39399016186,173486.39157416445,163665.61752481424,154407.0907828598,145678.09546491448,137448.29996815656,129688.07930789134,122368.95200794422,115465.18395021559,108952.84865353834,102807.6647162142,97006.83128701194,91530.96190057512,86363.44319365885,81486.6911631146,76883.13370310962,72538.43052986235,68442.13640639519,64584.25465575577,60949.1122774674,57519.008679448554,54279.00786149744,51219.548040993635,48335.34661295546,45616.56992977124,43048.10869551522,40619.54034128894,38323.93591936559,36160.47714318684,34130.567022098876,32223.559063126686,30418.90019624821,28705.495494821887,27073.66202557414,25525.481956604992,24079.667616229563,22751.72459753422,21509.462335741646,20315.07105068935,19159.82258150504,18037.677445965175,16969.012443731946,16000.007904794025,15160.386138604783,14383.932937380838,13612.655112143228,12836.053783559088,12039.041517841351,11257.70345078848,10560.19505389763,10032.898717203401,9610.615994676213,9147.431935618855,8635.577480549691,8107.10584858109,7540.408058327855,7006.344175144275,6578.094521436028,6351.416383243546,6099.741635687309,5720.927389135078,5382.795093607667,5097.11299665696,4785.786998139557,4455.00816503865,4152.631560109739,4051.4269201802667,3842.1563762736077,3532.2404938033933,3357.9036169832966,3204.5636153063733,3018.945695785077,2841.7589765937605,2612.6793549401586,2557.2038265417427,2395.8407387888738,2236.870179858904,2117.9232975214627,2028.4048234214686,1888.436252108778,1783.730484634077,1663.9805639325982,1605.8965784529053,1474.424783570924,1426.5380922459515,1338.693312384118,1291.183107530709,1189.1336867972384,1093.4092594217966,1049.235256976983,992.65159555968,936.0238631726637,887.6902869757273,842.6568010133667,797.6642013980016,746.7385626289257,711.5630125117827,659.8955120808253,623.1343291152572,596.8346883675983,552.3779839101783,515.9799999261678,502.3674729503265,459.3520379634082,449.3321724287556,414.9054262451482,399.8125987812075,371.9815246241348,357.4803660834468,335.22238893960207,311.7632679817202,297.90654791588094,282.6105998091046,268.34025508033875,254.3591989606723,232.99583702957437,213.89463212526684,209.11567065659153,201.12633947703267,185.2531633077038,178.13761314409703,166.2833788399226,158.87431129363083,148.1999934142398,140.11618042709134,132.63258973062753,123.0380614483447,117.76732300607327,113.01257917447037
7.5752502587719515e+59,18109613.199808978,17519419.382514186,16901670.68383664,16258344.535993306,15591570.978817599,14903716.060482785,14197434.807567623,13475721.46917529,12741956.210437266,11999940.938347653,11253924.330877094,10508615.005223824,9769179.879022332,9041223.768065946,8330744.607955451,7644055.95745304,6987666.516231316,6368100.533127689,5791634.52084852,5263934.67631345,4789573.416008742,4371447.277262378,4010169.0350169386,3703590.471680684,3446666.1687514433,3231828.4913572394,3049881.860178978,2891217.467963411,2747029.816167517,2610258.2611865723,2476117.354674255,2342214.399433074,2208319.3396317684,2075862.8550764034,1947237.2321133674,1824993.547817459,1711081.1488392884,1606323.8397694055,1510307.506468417,1421720.2077898122,1338979.787296692,1260840.1027282628,1186694.1233540408,1116482.3257950672,1050347.8572823869,988307.646811894,930144.7267175936,875521.2959022404,824142.518695219,775814.5790427584,730392.5821712256,687720.6069322375,647627.811475557,609952.3404749411,574548.2818972678,541277.5417197692,510006.7808166669,480609.73505783896,452967.6315356197,426968.52066476125,402507.34943931253,379485.98816132994,357813.05516601546,337403.70354125655,318179.3352286532,300067.1912721906,282999.89966149355,266915.12788264116,251754.77023179497,237464.74949325857,223994.77881294233,211297.1374132383,199327.36311738827,188043.77495073577,177406.18139026593,167376.99348903963,157921.36172165736,149005.2484323235,140595.92980050028,132663.838585458,125181.48443272857,118120.96920154463,111456.09583107868,105164.59022256914,99227.3644356991,93624.21531246352,88334.95336429017,83343.10230778497,78636.66107747513,74204.14398137754,70027.54350991816,66086.5225501206,62363.92036961372,58848.75094869183,55534.94483307745,52411.203643511246,49460.16753932646,46669.861499562016,44032.32450279642,41546.61637786996,39214.349113774515,37023.290411757356,34949.82580145773,32981.20775581228,31106.311058949774,29327.52801999096,27666.35818727247,26140.616727483834,24713.31825902282,23341.021197146034,22013.697312685086,20724.407536493745,19496.563812928296,18383.225078336574,17418.540809913306,16526.43412737639,15640.273698213654,14747.996824500768,13832.268784074971,12934.549629815428,12133.14665892266,11527.309004934761,11042.126848043143,10509.951059538284,9921.855370722813,9314.667359770763,8663.559365834706,8049.946131974005,7557.908262992994,7297.466188798791,7008.304235156928,6573.06522650034,6184.567786149551,5856.33305397601,5498.634735189953,5118.5860623497165,4771.170157883832,4654.890984950958,4414.44938273947,4058.3712170871204,3858.0666864768223,3681.886536612442,3468.620640213303,3265.0417797045807,3001.840515886066,2938.1018511325838,2752.7035671657763,2570.0541812168954,2433.39003902177,2330.5376963750923,2169.720662347439,2049.4188626595947,1911.83206705516,1845.0964114501787,1694.0417551106755,1639.022290710493,1538.0929379624179,1483.5060375506998,1366.2562462125748,1256.2735615312904,1205.5197930006518,1140.5079326394289,1075.4454361647877,1019.9125190460711,968.1712436791843,916.4769439801615,857.9658709679853,817.5508801900291,758.1874417777533,715.950633998444,685.7336276709907,634.6550377725762,592.8355236088421,577.1953913428848,527.772743767741,516.260403895035,476.7057391025528,459.3648098747361,427.38824878198596,410.7271161661292,385.1537706145509,358.2003654122566,342.27965660665745,324.7053417272841,308.3093941598771,292.2458231947269,267.7003274478622,245.753936768851,240.26313244593914,231.08376148178758,212.8462129404182,204.67077072300697,191.0507923008221,182.53810585457214,170.27378773545252,160.98583985625336,152.38751650344648,141.36380890351387,135.30794864839953,129.8449416330221
8.703591361485184e+59,20807058.19892576,20128954.422240544,19419191.43703057,18680041.21601933,17913951.07060385,17123639.474199306,16312156.922248887,15482943.660254497,14639883.332324745,13787344.143303126,12930207.615993489,12073883.720835237,11224308.993012402,10387923.091236603,9571617.34961541,8782645.737803392,8028486.432799304,7316635.476830359,6654304.275448217,6048003.01127096,5502985.166793754,5022578.72147666,4607487.723702848,4255243.97672167,3960050.5418986897,3713212.5775786988,3504164.813705723,3321867.201575534,3156202.654829981,2999058.839937449,2844937.5112340874,2691089.576881694,2537250.7140028416,2385064.7035916573,2237280.1654385584,2096828.1621001896,1965948.397360481,1845587.3823277042,1735269.3201472112,1633486.854726532,1538422.1658450384,1448643.4971058161,1363453.3999439306,1282783.4849135936,1206798.221169087,1135517.0592971772,1068690.7140810094,1005931.0686120398,946899.3711516239,891372.9365509293,839185.287814868,790157.2791840555,744092.6217437874,700805.3516550913,660127.8231415725,621901.3729376517,585972.8009214018,552197.0357942312,520437.6133050823,490565.90886601404,462461.2217207662,436010.80565473816,411109.66761276155,387660.32265030174,365572.4654495472,344762.4995352122,325153.01776859123,306672.40314547083,289253.89505930897,272835.3614390439,257359.02515337293,242770.05736713373,229017.37321786926,216053.08330805908,203831.00954713608,192307.9640769185,181443.9065003424,171199.72921873722,161537.83416576596,152424.25003061938,143827.39174303564,135715.20570627658,128057.59278110226,120828.96111946207,114007.37961323722,107569.63582383069,101492.53301815382,95757.14075392147,90349.67039495514,85256.92544396283,80458.21615480832,75930.17618119602,71653.08868250375,67614.33126040224,63806.93040932864,60217.904845132114,56827.30896151481,53621.38404616568,50590.98327555951,47735.026439101945,45055.36563315776,42537.94654583988,40155.63730780671,37893.79163508755,35739.62719977829,33695.892647835666,31787.289906827362,30034.287730343687,28394.391727196344,26817.68964513698,25292.65954022865,23811.328762031193,22400.596487432387,21121.424834433947,20013.049879032376,18988.0630135166,17969.908101726192,16944.725694803863,15892.599046362848,14861.163725636598,13940.390980114036,13244.313201136589,12686.862676283248,12075.418771300236,11399.725640808922,10702.096367600461,9954.005185849335,9248.993646108194,8683.666243522008,8384.43106136581,8052.1981448903625,7552.12984953359,7105.765325820129,6728.639700995331,6317.661858637766,5881.004554371407,5481.840701888078,5348.2416292694525,5071.9860086336275,4662.869641874185,4432.729549678918,4230.307188913533,3985.2751221013013,3751.372984723659,3448.9676264521345,3375.7350230373327,3162.7214767167598,2952.8662792046393,2795.845873933824,2677.673569981496,2492.902674386683,2354.681798332278,2196.601308043756,2119.9253077052936,1946.3709039001906,1883.1562330661063,1767.1933478699373,1704.4756714108096,1569.7614000119424,1443.3966773890388,1385.0830805826909,1310.387633390526,1235.6340071509837,1171.829400909797,1112.381205056858,1052.9869812992022,985.7606172469017,939.3257668261957,871.1200743434914,822.5920432338272,787.8741768147313,729.1873669405323,681.1387820770643,663.1690314346201,606.3848132084778,593.1576941452263,547.7113047739847,527.7874180746996,491.04789829198967,471.9050628586228,442.52252411010943,411.55436073417945,393.2622321311824,373.0701880628304,354.2320296738405,335.77575411775643,307.57414768567503,282.3587834356826,276.05010807840756,265.50344242475904,244.5493519623067,235.1561487871089,219.5074226063626,209.72673612403608,195.63559210977482,184.96415779824324,175.085066992366,162.41931077722876,155.4613892215064,149.18462761143374
1e+60,23906290.32861124,23127182.316157967,22311699.42440504,21462452.038685504,20582251.999876752,19674222.70072813,18741869.01103014,17789143.604293108,16820508.59729998,15840982.843374718,14856174.973025234,13872300.77719887,12896181.043932967,11935214.625545098,10997319.327250788,10090829.604739977,9224337.516954964,8406455.649110153,7645469.552826881,6948859.108935592,6322660.3114035735,5770696.845560068,5293777.628499098,4889066.823095347,4549904.030906756,4266299.304917102,4026113.6675283248,3816662.6437395844,3626322.197060703,3445771.6537666772,3268693.799002752,3091930.0609518164,2915176.7455794783,2740322.47670303,2570525.2837798046,2409152.8140658718,2258778.3774639005,2120489.4688584283,1993739.4209774218,1876796.3555307987,1767571.686157907,1664420.3949144885,1566541.1475742816,1473855.368015146,1386552.0232363937,1304653.4610091434,1227873.2648341593,1155765.5074011793,1087940.9795612732,1024143.826989963,964182.7757772339,907851.9962236618,854925.9619843714,805191.0097205769,758454.5226498122,714534.2044543969,673254.035701014,634447.3365760483,597957.3163417572,563636.1916491773,531345.2832436798,500955.0512492321,472344.8637900856,445402.71544171404,420024.8498188956,396115.2186677384,373584.88497880526,352351.5643234745,332338.5520360865,313474.46141145116,295692.90935677016,278930.9002270445,263129.74001845974,248234.40615983625,234191.84228783022,220952.42766958755,208470.15785085366,196700.10011702104,185599.05613216644,175127.99452475784,165250.62559672684,155930.12133604122,147131.89930656643,138826.55572888785,130988.89283439708,123592.240668551,116609.94732166622,110020.26264314493,103807.34416565853,97956.02976044429,92442.54792298508,87240.05186633351,82325.88790673584,77685.55352700663,73311.03651095445,69187.4219991702,65291.79346734804,61608.34282921641,58126.56083273709,54845.20636886717,51766.4074055777,48874.01622716859,46136.85964522136,43538.1097971177,41063.08041442607,38714.92955666738,36522.03852822947,34507.924924025865,32623.76477079484,30812.211336387347,29060.026471789628,27358.049992300606,25737.187734112595,24267.482183691114,22994.013669811222,21816.353985201044,20646.543880625304,19468.65952844677,18259.81756296659,17074.748919108824,16016.826151706116,15217.066890926724,14576.58355247627,13874.064465848172,13097.72616721005,12296.18431536766,11436.664203090217,10626.640488517907,9977.10700310823,9633.300440826126,9251.581098604704,8677.027129587184,8164.176162702672,7730.877297995514,7258.683893899514,6756.986046129613,6298.366337217055,6144.867548606072,5827.463375847894,5357.408715162017,5092.989024825151,4860.415649774963,4578.885809932846,4310.1437135242795,3962.694772102838,3878.5540984705503,3633.811969175384,3392.698627625284,3212.289873845492,3076.515685287076,2864.2229769402747,2705.413960558242,2523.7872197661263,2435.690250673961,2236.284740204099,2163.654179023882,2030.4185022565855,1958.3589628669556,1803.5788604602528,1658.3919798738418,1591.392511287221,1505.5710979951668,1419.6828392764403,1346.3744682674112,1278.07139916158,1209.830340786968,1132.5905354393294,1079.2391620835144,1000.8741543096576,945.1178169727983,905.2286837282148,837.8004035784396,782.5949232907734,761.9485559370127,696.7062560641889,681.5089403379466,629.2932504132,606.4016732739351,564.1897496653285,542.1955606523659,508.43644787776606,472.8555268713069,451.83875497368996,428.63907059246606,406.99493397504625,385.789560630741,353.38726664825276,324.4160167057311,317.16764893280737,305.0500310379294,280.97477231058804,270.18242414355615,252.20277116800025,240.96521825999588,224.77514643824205,212.51415884262406,201.16353399299467,186.61115168276604,178.61681041217975,171.40508908454512
