,1.0,1.0711042125417003,1.147264234124576,1.228839554069261,1.3162152229014499,1.409803669861256,1.51004664964514,1.6174173275693904,1.7324225129975133,1.855605051573715,1.9875463875542654,2.1288693083314123,2.280240884104512,2.4423756165741533,2.6160388115217086,2.802050191193485,3.0012877635406188,3.214691966578215,3.4432701074258896,3.688101116982783,3.95034064268001,4.231226503349245,4.532084531955466,4.85433483377258,5.1994984895417256,5.569204735252351,5.965198652435976,6.389349405272249,6.843659063387913,7.3302720519939815,7.851485273967446,8.409758951655657,9.007728239578649,9.648215662843526,10.334244439982513,11.069052753100914,11.856109032692695,12.69912832927085,13.602089849089653,14.56925573673063,15.605191193209512,16.714786024565353,17.903277722645083,19.176276187029128,20.539790204789995,22.000255813073316,23.56456667837786,25.24010663593031,27.03478454274668,28.95707160889322,31.0160413831572,33.22141258186737,35.583594963023984,38.11373846227262,40.82378582265284,43.7265289665436,46.835669375891534,50.16588276572773,53.73288835624406,57.553523070405895,61.64582100732766,66.0290985665403,70.72404562495247,75.75282319687801,81.13916803810267,86.90850468774067,93.08806547673915,99.70701906949293,106.79660814530946,114.39029686960625,122.52392885093093,131.2358963293917,140.56732139509734,150.56225009199184,161.26786032328948,172.7346845398619,185.0168482627078,198.1723255653749,212.26321272225837,227.356021314446,243.5219921766237,260.8374316669287,279.3840718470052,299.2494562723801,320.52735321415963,343.3181982625279,367.7295684012204,393.8766897906885,421.88298165678697,451.88063885223744,484.0112558406663,518.4264950485364,555.2888027397163,594.7721757917474,637.0629829931333,682.3608447383268,730.879575272735,782.8481919353152,838.5119961625697,898.1337313564786,961.99482308172,1030.396707446137,1103.6622539346554,1182.1372894126773,1266.1922304925458,1356.2238319681376,1452.6570595705193,1555.947095884423,1666.5814888938305,1785.082453298201,1912.0093354619762,2047.96125363238,2193.5799258878237,2349.552699165359,2516.6157936647387,2695.557777943276,2887.2232911045885,3092.5170296506367,3312.4080178157437,3547.934181539343,3800.2072476674803,4070.417991508139,4359.841857509895,4669.844979594481,5001.890629560359,5357.546123994958,5738.490222297459,6146.521050732167,6583.564589915462,7051.6837657988235,7553.088187059042,8090.144574857894,8665.387934201673,9281.533519631435,9941.489651724227,10648.37144490154,11405.51551134278,12216.495710408972,13085.140017916649,14015.548594888518,15012.113141067985,16079.537624550552,17222.860485378846,18447.478417907296,19759.171844192588,21164.13219865006,22668.991152763494,24280.85191779549,26007.322773252003,27856.552979361888,29837.271243085605,31958.826919218296,34231.23414106584,36665.21908899686,39272.27061998894,42064.69449714777,45055.671475174706,48259.31951595451,51690.760427934816,55366.191243844754,59302.96067367159,63519.650993764364,68036.16575859969,72873.82374922144,78055.45960181257,83605.53159137988,89550.2370793151,95917.63616976248,102737.78415847466,110042.8733993423,117867.38525822843,126248.25287136412,135225.03547654778,144840.10514003137,155138.84676047025,166169.87229400116,177985.25021162085,190640.75127195587,204196.11176950624,218715.31550095425,234266.8957804589,250924.2589295173,268766.03076831007,287876.4277440489,308345.6544481075,330270.3293982951,353753.94109604927,378907.3365112065,405849.24430010933,434706.83522671234,465616.3224320029,498723.60438509245,534184.9535508535,572167.7540247111,612851.2916163922,656427.600111939,703102.3677085374,753095.9079006573,806644.1994003112,863999.9999999998
1.0,,2.9233522707573516,2.923343253225815,2.9233266190524287,2.92330080204928,2.9232639758043706,2.9232140141675558,2.923148446178859,2.923064404759602,2.922958568435624,2.9228270953183797,2.922665548539217,2.9224688123217186,2.9222309978957024,2.9219453385157523,2.9216040729608856,2.9211983170765703,2.9207179231941462,2.9201513276450246,2.919485387095598,2.9187052050761824,2.9177939508647674,2.9167326737948005,2.915500117034178,2.9140725358298756,2.912423525962779,2.9105238684596215,2.908341396119841,2.905840885708496,2.902983976285359,2.8997291087173305,2.8960314738982995,2.8918429481730707,2.8871119856320644,2.881783431578821,2.875798224603531,2.8690929725541454,2.8615994256686266,2.853243928535889,2.8439470002916023,2.8336232407042528,2.822181741656428,2.809527049534327,2.795560462972244,2.7801811494364363,2.763286445115166,2.7447710436633432,2.7245256411710717,2.702436463982445,2.6783868759104044,2.652260330559436,2.623941849661246,2.5933163720678984,2.5602671000897606,2.5246783278106744,2.4864397852626694,2.4454456070034998,2.401592960202113,2.3547878944038985,2.30494743193077,2.251998389375461,2.195884773052918,2.136568469423637,2.0740340693839383,2.008293741559632,1.9393916579896249,1.8674099094574739,1.792474943508763,1.7147632209076997,1.634508901609203,1.5520104215824337,1.4676372001115763,1.3818361093078322,1.2951368910701064,1.208155995475145,1.1215980414281137,1.0362536991055828,0.952992252159025,0.8727464592300975,0.7964865426003861,0.7251783745404817,0.6597219444551018,0.6008663405852827,0.549105185275233,0.5045678447064758,0.4669381735519985,0.43544115487018653,0.40892527314666743,0.38603334640373643,0.3654160803230522,0.34592925626590226,0.32677046076521493,0.30753823073652387,0.28821560975069865,0.269087159126515,0.2506022760628562,0.2332078390947685,0.21719251702146333,0.2025999210088783,0.1892525282704791,0.17687379283200233,0.1652343666326248,0.1542337248861161,0.14387908391805102,0.13420139501240438,0.1251893347513327,0.11678895104377983,0.1089434188757759,0.101616384309995,0.09478231019775082,0.08841233712284693,0.08247513480908243,0.07694204010662546,0.07178658571588598,0.06698310079478795,0.06250716165261914,0.05833579745075916,0.05444740850267214,0.050821834862605886,0.04744037201291825,0.04428575080071115,0.041342087980936304,0.038594801909188486,0.036030508019219615,0.03363688412186221,0.031402553730152,0.029316974666715935,0.027370339381605515,0.02555348496921573,0.02385781225918451,0.022275227006271027,0.020798112302448348,0.019419322965050508,0.018132170641401185,0.016930377498553615,0.015808004757949926,0.01475949234089595,0.013779743898180987,0.012864261281089997,0.012009198469210345,0.011211036944654943,0.010466280668994974,0.00977142593943356,0.00912302123616324,0.008517949731104034,0.007953542978173583,0.007426726789796409,0.006934220435286633,0.006473414066253247,0.006042440450830085,0.005640738680710328,0.005267832537256659,0.004920718609323484,0.004595740743768916,0.00429029539266034,0.004001967129172684,0.00373393259786684,0.0034898698364875073,0.003265205341077189,0.0030516241201971384,0.0028454172408378217,0.00264637759679193,0.0024688886617913394,0.0023163261682265126,0.0021752972367184253,0.0020344960634979554,0.0018874122951944166,0.0017421630414581441,0.0016320235663730897,0.0015464040193030376,0.0014586554014938363,0.001362579196933249,0.0012500128364380113,0.0011469435249700007,0.0010906264905649718,0.0010401486636458816,0.0009721776894300636,0.0009132513239860096,0.0008338084922363733,0.0007775344850632291,0.0007428972186008891,0.0006976317069129552,0.0006474679403151843,0.0006213420431807541,0.0005630327690356874,0.0005407078603366396,0.0005060512587476538,0.00047751920924551705,0.0004517166921758798,0.00043196552020377353,0.0003966290388681451,0.00038494245953439897,0.00036234336934061934,0.0003409236352124129,0.00032894879126949445,0.0003144750615957918,0.00029772523165236226,0.00028827628367770287,0.0002780949513669638,0.00026210780769643955
1.0353218432956621,2.923354335677867,2.9233543179221346,2.923348217485542,2.923334707144135,2.9233122348246265,2.9232789890370805,2.923232859365049,2.9231713913854667,2.9230917353350114,2.9229905877876967,2.922864125564067,2.9227079310609,2.9225169081787867,2.9222851880425775,2.9220060237678354,2.921671673639258,2.9212732722510197,2.9208006894328173,2.9202423771687056,2.9195852052267885,2.918814286869803,2.9179127968115575,2.9168617845040004,2.915639986833748,2.9142236452759334,2.912586333330987,2.910698800405142,2.9085288378417267,2.9060411711360477,2.903197379005309,2.899955834553813,2.8962716561939237,2.892096646825985,2.887379190725791,2.882064071896793,2.876092180375793,2.8694000904593984,2.8619195326128097,2.8535768395224843,2.844292515558255,2.833981129135655,2.82255171188311,2.809908716553195,2.795953324056151,2.7805845839660948,2.7636997441715083,2.74519345693649,2.724956411203822,2.702874819880723,2.678831991797678,2.652711296628633,2.6243977009781276,2.5937761481061328,2.56072985118419,2.5251430614533343,2.4869054623962743,2.4459112044250975,2.402057457652109,2.355250227361121,2.305406544066735,2.2524532199111436,2.196334229554948,2.1370114699959437,2.0744694986355237,2.0087204870995827,1.9398085796720583,1.8678158654410673,1.7928687758161934,1.7151437652207837,1.6348749966802802,1.5523609123678275,1.4679709490465127,1.3821520109000867,1.2954338883549945,1.2084330999068695,1.1218543571813542,1.0364884530023522,0.9532048309579069,0.8729364540708816,0.7966538056890167,0.7253230909633229,0.6598447129694636,0.6009682588932056,0.5491879154470073,0.5046336198463592,0.4669897048593876,0.43548142137305407,0.40895722558526704,0.3860596049328962,0.3654387119621744,0.3459496787143861,0.32678946826043587,0.3075561070644659,0.28823228951582247,0.26910240492302934,0.2506158454489851,0.23321961302056862,0.21720256094665547,0.20260846219695863,0.18925986660397429,0.17688019711519828,0.16524001334905167,0.15423870290091127,0.14388344223230853,0.1342051875677403,0.12519263182042717,0.11679182373958316,0.10894592461287644,0.10161856771651377,0.09478421053670648,0.08841399074970568,0.08247657373396033,0.07694329191718047,0.07178767461492566,0.06698404803601016,0.06250798576032386,0.058336514570171645,0.05444803267632206,0.05082237828926812,0.04744084527484233,0.044286163052552285,0.04134244716234973,0.038595114935101524,0.03603078083765103,0.033637121806500296,0.03140276075932713,0.029317155071806367,0.027370496729417364,0.02555362225585493,0.02385793188478002,0.02227533098170281,0.020798202606155385,0.019419401681666094,0.01813223976131655,0.0169304382253534,0.015808057572416823,0.01475953766181871,0.013779782607493973,0.012864295333189264,0.012009229669064527,0.011211065099113172,0.010466304455860156,0.009771444704287086,0.00912303583482777,0.008517963943123432,0.00795355888853751,0.0074267419933524694,0.006934231346833474,0.006473419403425106,0.006042442359280325,0.005640745153899812,0.005267844458894061,0.00492072957669444,0.004595745123464252,0.004290291566140969,0.004001961145640003,0.0037339386276005735,0.0034898836030233748,0.0032652148615580517,0.0030516237040418954,0.002845404472780827,0.002646367568494804,0.0024688995851099797,0.002316344417218567,0.0021753045748874327,0.002034490475115045,0.0018873907891562036,0.001742155597371504,0.001632040904493874,0.0015464230473391397,0.001458658243923362,0.0013625712346062475,0.0012499895742002077,0.0011469460872332157,0.0010906396211854139,0.0010401550751311362,0.000972179835919739,0.0009132487876082095,0.00083379414065159,0.000777542437697701,0.0007428974364063037,0.000697625756368646,0.0006474744868917815,0.0006213426827311537,0.0005630281537888075,0.0005407112409475698,0.0005060527550097729,0.0004775143262901985,0.00045171975022747195,0.0004319657342053218,0.00039663048866304723,0.00038494370194005513,0.0003623496626143423,0.00034092162548357184,0.0003289484652564247,0.00031447297983649904,0.0002977268592139851,0.00028827532579145046,0.00027809441295449346,0.000262109341850958
1.0718913192051278,2.9233522097279168,2.9233550118560174,2.9233519317191816,2.9233416559215337,2.923322647045643,2.923293109100329,2.923250948016114,2.9231937265574603,2.923118612964641,2.9230223225853336,2.9229010517106886,2.9227504027981035,2.92256530025028,2.92233989593654,2.9220674636994146,2.921740282201282,2.9213495056491907,2.920885022209766,2.92033530031033,2.919687223535819,2.9189259154876974,2.91803455677369,2.916994197228657,2.9157835674776957,2.9143788949441953,2.9127537302121156,2.9108787900213344,2.9087218227584333,2.906247500665563,2.903417339650319,2.900189642141529,2.896519450799076,2.8923584915957847,2.887655075502643,2.882353921977359,2.8763958697688596,2.869717457625643,2.862250395091081,2.8539210025571715,2.844649769640974,2.834351233219972,2.822934363562862,2.8103035171963775,2.796359753175347,2.7810019982283825,2.7641274075344993,2.7456305894311974,2.725402225318041,2.703328515051073,2.6792927115440466,2.653178097620921,2.6248695818719985,2.5942521115895802,2.561208911992346,2.5256241907954338,2.487387582749179,2.4463932542939886,2.402538379524276,2.355728917937426,2.305881908089883,2.252924158310833,2.196799610181602,2.137470171848883,2.074920366156207,2.0091623678458372,1.9402402925578879,1.8682362277468825,1.793276588018903,1.715537821406486,1.6352540941012736,1.5527238546797557,1.4683165580355535,1.3824791415789492,1.2957414459822354,1.2087200605762654,1.122119792977284,1.0367315629722773,0.9534249797200277,0.8731332178446571,0.7968270309162508,0.7254729687114884,0.6599718625333068,0.6010738161564617,0.549273600687695,0.5047017447688799,0.46704307651582255,0.4355231245423281,0.4089903161749871,0.38608679681470237,0.3654621463611441,0.3459708244429974,0.32680914838929487,0.3075746159107906,0.28824955962680865,0.26911819056141234,0.25062989553195486,0.23323180415319703,0.21721296077536614,0.20261730595127553,0.1892674647778115,0.17688682807630413,0.16524585988682564,0.15424385706374663,0.143887954763361,0.13420911431100818,0.12519604553123073,0.11679479805090492,0.10894851897675639,0.10162082834324156,0.09478617807938136,0.08841570285085866,0.08247806353729453,0.07694458798709308,0.07178880201090163,0.06698502876394412,0.06250883900006211,0.058337257038258004,0.054448678912098356,0.05082294092306813,0.04744133526324449,0.04428658987410138,0.041342819037503094,0.038595439023275516,0.03603106329551799,0.03363736788798711,0.031402975103317216,0.029317341853354006,0.027370659639962977,0.025553764394178394,0.02385805573422995,0.022275438626568157,0.02079829609940588,0.019419483183723482,0.018132311329242933,0.016930501097695352,0.01580811224708929,0.01475958457649717,0.013779822682995022,0.012864330598235727,0.012009261980340276,0.011211094246375978,0.010466329072357146,0.009771464120919202,0.009123050949903356,0.008517978675287198,0.007953575371577502,0.007426757727399309,0.00693424262919081,0.006473424914689336,0.006042444341527307,0.005640751880673242,0.005267856809863478,0.004920740917725675,0.00459574964100422,0.004290287589086337,0.004001954967677159,0.0037339448967772925,0.0034898978597317112,0.0032652246999076728,0.0030516232548167903,0.0028453912408389344,0.0026463572143957674,0.002468910915950882,0.002316363310527389,0.002175312155983242,0.0020344846703911853,0.0018873685148208255,0.001742147922407125,0.0016320588642302909,0.001546442738786187,0.0014586611805291424,0.0013625629756603256,0.001249965488012547,0.0011469487603063728,0.0010906532125861668,0.0010401617007894364,0.0009721820658682402,0.0009132461538880666,0.0008337792882849248,0.0007775506719727589,0.0007428976618002275,0.0006976195913183121,0.0006474812679272092,0.0006213433408673383,0.000563023381914469,0.0005407147418090662,0.0005060543122584963,0.0004775092718634975,0.00045172291510141294,0.0004319659524320334,0.0003966319914261175,0.0003849449860527323,0.0003623561765113828,0.0003409195447934388,0.00032894812654321267,0.00031447082366683045,0.00029772854462429134,0.0002882743330676536,0.0002780938537894885,0.0002621109313417773
1.109752496412072,2.9233484807251457,2.923354202256581,2.923354249192249,2.923347322491649,2.923331899956245,2.9233062016938702,2.923268150620721,2.9232153273668104,2.923144918893737,2.9230536600799994,2.9229377674827774,2.922792864451472,2.922613896754457,2.9223950378956385,2.9221295833532177,2.921809833083753,2.9214269618172155,2.9209708769424036,2.920430064167187,2.919791421654008,2.9190400839924138,2.918159238180885,2.9171299347338295,2.915930898057626,2.914538341254735,2.9129257913514977,2.911063931350788,2.9089204651335097,2.9064600096299467,2.903644015366128,2.900430711047025,2.896775060144548,2.8926287080323982,2.887939888683327,2.8826532535595946,2.8767095872007573,2.8700453906601444,2.8625923513140665,2.8542767768352957,2.845019142126304,2.8347339523992607,2.823330115504243,2.810711889133757,2.7967802062394576,2.781433865538252,2.764569924840835,2.746082945834543,2.7258636019279257,2.703798080374972,2.679769577292937,2.653661285662922,2.625358053010451,2.594744830211381,2.5617048558026463,2.526122293344373,2.4878867265706752,2.446892338084306,2.4030363071004004,2.356224545773771,2.3063741005028,2.2534117765201,2.1972814808413172,2.1379451334000144,2.0753872214021496,2.0096199228179077,1.9406873237383737,1.8686715100512794,1.7936988788645112,1.7159458717810168,1.6356466582548692,1.553099693471838,1.4686744511337795,1.3828179030736274,1.2960599419887142,1.209017230546814,1.1223946757401921,1.0369833287859804,0.9536529702454416,0.8733369938193581,0.7970064327754599,0.7256281936747409,0.6601035511141421,0.6011831437263699,0.5493623477520749,0.5047723043880262,0.46709835498592567,0.4355663161658325,0.4090245858089145,0.38611495544179225,0.3654864121195058,0.345992719138666,0.32682952500100493,0.307593779695839,0.2882674410208775,0.2691345352055502,0.25064444339158004,0.23324442732488912,0.21722372916042745,0.20262646302216247,0.18927533201595245,0.17689369375563485,0.16525191333056197,0.15424919361919054,0.14389262697808136,0.13421317999837953,0.12519958001692996,0.11679787757754327,0.10895120510647956,0.10162316892481053,0.09478821520530918,0.08841747549641267,0.08247960602001767,0.07694592988278637,0.07178996926611567,0.06698604416344528,0.06250972240248744,0.05833802575172407,0.05444934799036772,0.05082352344332399,0.0474418425696518,0.04428703178057787,0.04134320405525068,0.03859577456483112,0.036031355733487876,0.0336376226630236,0.03140319702069756,0.02931753523692782,0.027370828310068752,0.025553911555679223,0.023858183956576684,0.022275550070269434,0.02079839289491275,0.01941956757002066,0.01813238543208127,0.01693056619133345,0.015808168847260388,0.0147596331407361,0.013779864172950174,0.012864367119854146,0.01200929544290835,0.011211124421311338,0.010466354547011697,0.00977148421158035,0.00912306659979165,0.008517993947296866,0.007953592448220219,0.007426774010128048,0.006934254294402101,0.00647343060519301,0.006042446400750252,0.005640758871763724,0.005267869605860252,0.0049207526445829335,0.004595754300037767,0.004290283455117395,0.004001948589727065,0.0037339514157161994,0.0034899126241720235,0.0032652348660300212,0.0030516227700141964,0.002845377527734296,0.0026463465250785344,0.002468922670232646,0.002316382870857162,0.0021753199874285944,0.002034478640310854,0.001887345444458917,0.001742140010721762,0.0016320774681661953,0.0015464631164092324,0.0014586642142043911,0.0013625544085032117,0.0012499405486458151,0.0011469515495437118,0.001090667280828782,0.0010401685472986007,0.0009721843827619551,0.0009132434188452417,0.0008337639179106303,0.0007775591978787115,0.0007428978950554534,0.0006976132038858532,0.0006474882919279903,0.0006213440179506609,0.0005630184483479384,0.0005407183672330681,0.0005060559332356616,0.00047750403998023577,0.0004517261904835916,0.0004319661747914224,0.0003966335491571302,0.00038494631318525724,0.0003623629186992347,0.0003409173906393653,0.00032894777459497264,0.000314468590396739,0.00029773028994955564,0.0002882733042032517,0.00027809327301417126,0.0002621125782025544
1.1489510001873091,2.923342982318996,2.923351726189708,2.9233550106491863,2.9233515515606,2.923339842530078,2.9233181203893017,2.9232843257053927,2.9232360576805845,2.9231705227463904,2.9230844761024626,2.9229741554030055,2.922835205758825,2.9226625952080036,2.9224505198220028,2.9221922976685044,2.92188025096184,2.921505575913627,2.921058200069731,2.9205266273056534,2.9198977711708567,2.919156777938719,2.918286841537414,2.9172690134929895,2.916082012061905,2.9147020357697384,2.91310258744074,2.9112543152461705,2.909124876963554,2.9066788320751646,2.903877563044462,2.9006792216622577,2.8970386886035757,2.8929075247715255,2.8882338832305443,2.8829623437789227,2.87703363362344,2.870384213811444,2.862945748200616,2.8546445312817506,2.8454010233066476,2.8351296977586316,2.823739399065659,2.8111342834688124,2.7972151534537146,2.781880674338956,2.765027801643973,2.746551047478946,2.72634107675387,2.7042840646370676,2.6802631496334084,2.654161431817495,2.6258636944271965,2.595254891390883,2.5622182759240206,2.526637966865781,2.4884034945462914,2.4474090578182226,2.403551842263005,2.3567377111082575,2.3068837183394604,2.2539166668943076,2.197780427673418,2.1384369330613477,2.0758706335322517,2.0100937103892256,1.9411502192541932,1.8691222445195281,1.7941361650722785,1.7163684160594814,1.6360531702940573,1.5534888897838903,1.4690450677440363,1.3831687116699043,1.296389768126095,1.2093249757073958,1.1226793442868768,1.0372440611354659,0.953889084253059,0.8735480341569068,0.7971922336178159,0.7257889585675545,0.660239942492,0.6012963777976379,0.5494542673378581,0.504845386756056,0.4671556091880594,0.43561104993647454,0.40906007687495205,0.38614411541729404,0.3655115388648429,0.34601538940578047,0.3268506227937339,0.307613621637534,0.28828595538089485,0.2691514587031008,0.25065950671820514,0.233257497898675,0.2172348792074824,0.20263594454423334,0.18928347787148278,0.17690080247992998,0.1652581810170309,0.15425471903401491,0.14389746453785746,0.13421738955520474,0.12520323955765336,0.1168010660472076,0.1089539862526068,0.10162559229295444,0.09479032437848889,0.08841931082993197,0.08248120304694909,0.0769473192262355,0.07179117779116988,0.06698709546136741,0.0625106370347771,0.05833882163904553,0.054450040719139475,0.050824126553412424,0.04744236780653657,0.04428748930544209,0.04134360268033604,0.038596121964728974,0.03603165850427185,0.03363788643880053,0.03140342677919689,0.029317735456092186,0.027371002943535398,0.025554063917910548,0.02385831670611231,0.022275665446767713,0.02079849310938099,0.019419654942879602,0.018132462159827823,0.016930633584687774,0.0158082274404967,0.014759683412278802,0.013779907127341062,0.012864404943270907,0.012009330098084723,0.011211155659995831,0.010466380909299534,0.009771504999254194,0.009123082803567792,0.008518009779647137,0.007953610140173938,0.007426790860324765,0.006934266354859828,0.0064734364801971285,0.006042448540294359,0.0056407661384088705,0.005267882863165626,0.0049207647697828705,0.004595759104253961,0.004290279157558395,0.004001942006140588,0.0037339581952303405,0.0034899279145377536,0.003265245370083851,0.0030516222469396137,0.002845363315518451,0.002646335490949777,0.0024689348645417354,0.0023164031217060865,0.002175328076826483,0.0020344723754400864,0.001887321549322604,0.001742131856432663,0.0016320967397245516,0.0015464842037248086,0.0014586673479149712,0.0013625455210519483,0.0012499147258335246,0.0011469544605899355,0.0010906818425271238,0.0010401756215082283,0.0009721867902478746,0.0009132405783215244,0.0008337480117300064,0.0007775680257606193,0.0007428981364560788,0.000697606585896714,0.0006474955677165128,0.0006213447143332296,0.0005630133478801429,0.0005407221216888363,0.0005060576208224691,0.0004774986244489165,0.0004517295801836615,0.00043196640117013774,0.00039663516393599054,0.0003849476846848725,0.00036236989710662567,0.0003409151604307923,0.00032894740885158085,0.0003144662772368357,0.0002977320973303747,0.00028827223784387237,0.0002780926697314665,0.000262114284544077
1.1895340673703196,2.9233355344634946,2.923347407129295,2.923354043354802,2.9233541744770237,2.923346310516203,2.923328705678336,2.9232993188744403,2.9232557686155802,2.923195281584063,2.923114634125783,2.923010085860287,2.9228773045691367,2.922711281506746,2.9225062362902907,2.922255510578393,2.921951449856601,2.9215852728285463,2.9211469281849025,2.9206249389090724,2.9200062347994153,2.9192759745589285,2.918417359630147,2.917411442921857,2.916236936638685,2.9148700244894115,2.9132841844505104,2.911450028744144,2.90933516739769,2.906904100229787,2.904118138847097,2.900935354787387,2.897310542137126,2.8931951732455,2.888537316127551,2.8832814750143636,2.877368316438399,2.8707342589516824,2.8633109414240114,2.855024644657408,2.8457958143429556,2.8355388922415385,2.824162658420444,2.8115711650517374,2.797665079679185,2.7823429286085837,2.765501559865373,2.74703543283514,2.7268352033531333,2.7047870350894194,2.680774008194773,2.654679126706354,2.6263871061699993,2.5957829029432617,2.56274978637348,2.527171830086258,2.4889385085131805,2.4479440367906835,2.4040856082264583,2.357269035511315,2.3074113799016027,2.2544394429336556,2.1982970577795053,2.1389461699645067,2.076371192124926,2.0105843089930757,1.9416295447883973,1.8695889824834975,1.7945889819933007,1.7168059719964432,1.636474128760869,1.5538919213366793,1.4694288631856154,1.3835319987507073,1.2967313303713193,1.209643675250866,1.122974149771591,1.0375140820439162,0.9541336137539967,0.873766600249143,0.7973846639502078,0.7259554631889111,0.6603812064816179,0.6014136595942374,0.5495494742374822,0.5049210831844716,0.46721491058874653,0.435657381525091,0.409096833312317,0.3861743125998626,0.36553755729040244,0.34603886279933915,0.3268724673450674,0.3076341657799586,0.2883051251621467,0.26916898161013775,0.25067510383478947,0.2332710317876248,0.2172464244914043,0.2026457620502858,0.1892919122384773,0.17690816287264624,0.16526467054420205,0.15426044000516143,0.1439024733055643,0.13422174808207382,0.12520702858573013,0.11680436732009127,0.10895686578117894,0.10162810137997501,0.09479250815039812,0.08842121107105706,0.08248285654907107,0.07694875769694608,0.07179242904668573,0.06698818392805649,0.06251158400193085,0.058339645661597134,0.05445075793504769,0.05082475098162327,0.0474429116080598,0.04428796300104258,0.041344015393955734,0.03859648164226003,0.0360319719730509,0.03363815953337016,0.0314036646560226,0.02931794275269161,0.027371183751385433,0.02555422166469905,0.023858454142562685,0.022275784894743356,0.02079859686365028,0.019419745408273587,0.018132541605684657,0.01693070335893718,0.015808288096715983,0.014759735450873631,0.013779951597927472,0.012864444115375285,0.012009365988683492,0.011211187999754794,0.010466408189675619,0.009771526507680102,0.009123099581007202,0.00851802619366089,0.007953628469958403,0.007426808297387205,0.006934278823312292,0.006473442545076352,0.006042450763681983,0.005640773692377378,0.005267896598668969,0.004920777306199376,0.004595764057376955,0.0042902746894218895,0.004001935211181933,0.003733965246652786,0.003489943749679256,0.00326525622248494,0.0030516216826977915,0.0028453485855447105,0.002646324102244512,0.0024689475161631842,0.002316424087393355,0.0021753364319607,0.0020344658659043817,0.0018872967996071946,0.001742123453628217,0.0016321167031996353,0.0015465060250231567,0.0014586705846999317,0.0013625363007096231,0.0012498879882354623,0.0011469574993974697,0.0010906969148657478,0.0010401829304411366,0.0009721892921417583,0.0009132376279720361,0.0008337315513540075,0.0007775771663308382,0.0007428983862982235,0.0006975997288660436,0.0006475031044432793,0.0006213454303559264,0.0005630080751551248,0.000540726009808938,0.0005060593780475071,0.00047749301886479135,0.00045173308813896976,0.0004319666314319478,0.00039663683792630523,0.00038494910193353745,0.0003623771199319181,0.00034091285148620963,0.00032894702872634043,0.0003144638812946829,0.0002977339689843372,0.0002882711325816751,0.0002780920430030057,0.00026211605255732547
1.2315506032928256,2.92332594238718,2.9233410539284908,2.9233511600670434,2.9233550082066104,2.923351125415675,2.923337783951744,2.923312961791641,2.923274297523164,2.9232190388940835,2.923143984258047,2.9230454161074158,2.922919025845835,2.922759828935507,2.922562069565125,2.922319114036046,2.922023332171265,2.921665966231623,2.9212369870965946,2.9207249378545628,2.9201167654708478,2.919397641877809,2.9185507766667245,2.9175572245431005,2.916395691790735,2.915042347080916,2.9134706428978694,2.911651154375662,2.9095514420956214,2.9071359439157147,2.9043658976741136,2.9011992911612006,2.8975908278906655,2.8934918873498434,2.8888504481169597,2.883610934700778,2.877713949382136,2.871095865533611,2.8636882954375196,2.8554175056492648,2.8462039274151296,2.8359619708563955,2.8246003508165374,2.812023012790222,2.7981304847936492,2.7828211482702114,2.765991738252296,2.747536658014547,2.727346553662467,2.7053075780299536,2.6813027522574027,2.6552149811507038,2.6269289089683636,2.5963294937704084,2.5633000225862017,2.5277245234197157,2.4894924122000393,2.4484979203194572,2.4046382502939974,2.357819162647261,2.3079577255218067,2.254980740045107,2.1988319999818238,2.139473464712805,2.076889507921641,2.011092317855045,1.9421258863855138,1.87007229514503,1.795057884295834,1.717259076050972,1.6369100502288585,1.5543092831495882,1.4698263092849249,1.3839082113576695,1.297085049457012,1.2099737221713753,1.123279456148502,1.0377937252916976,0.9543868614397782,0.8739929630671958,0.7975839627451565,0.7261279146926319,0.6605275191637016,0.6015351355629243,0.5496480874961831,0.5049994883700141,0.4672763333009965,0.4357053686562762,0.4091349006703088,0.38620558415047546,0.36556449919414663,0.3460631678593266,0.3268950851435824,0.3076554370229732,0.2883249736200907,0.2691871252167006,0.2506912537198099,0.23328504547480922,0.21725837907332693,0.20265592748571992,0.18930064536430183,0.17691578386462578,0.16527138978061848,0.15426636346799794,0.14390765935279037,0.13422626086109782,0.12521095169113966,0.11680778539360995,0.10895984717784366,0.10163069922233359,0.09479476916311522,0.08842317851821795,0.08248456852588716,0.07695024703400341,0.0717937245450849,0.06698931087889844,0.06251256444811597,0.05834049881482217,0.054451500504368276,0.050825397482044406,0.047443474630841226,0.04428845343928654,0.04134444269434313,0.03859685403155334,0.03603229651791699,0.03363844227603107,0.03140391093819795,0.02931815737714563,0.027371370952119584,0.025554384986365947,0.02385859643127791,0.022275908557762385,0.020798704282842778,0.019419839075959223,0.018132623866174043,0.01693077559811508,0.015808350888267382,0.014759789318342759,0.0137799976383123,0.012864484684783252,0.0120094031590716,0.01121122147920357,0.010466436419604144,0.009771548761376257,0.00912311695261371,0.008518043211526017,0.007953647460935747,0.007426826341341732,0.006934291712870196,0.00647344880531836,0.006042453074624614,0.0056407815459970515,0.005267910829890899,0.004920790267069602,0.004595769163160205,0.004290270043392901,0.004001928199034833,0.00373397258186438,0.003489960149127474,0.0032652674339078494,0.003051621074177841,0.0028453333184394088,0.002646312349032717,0.0024689606431128885,0.0023164457930869927,0.0021753450607961177,0.0020344591013652692,0.001887271164411287,0.001742114796379921,0.0016321373837905391,0.00154652860539096,0.001458673927672082,0.0013625267343408526,0.0012498603033999694,0.0011469606722448547,0.0010907125156190073,0.0010401904812945139,0.0009721918924368313,0.0009132345632560132,0.0008337145177853896,0.0007775866306819569,0.0007428986448907586,0.000697592623986372,0.0006475109115995485,0.0006213461663462106,0.0005630026246676535,0.0005407300363954427,0.0005060612080952638,0.00047748721660267445,0.0004517367184185089,0.00043196686541551225,0.00039663857337910813,0.00038495056634820407,0.0003623845956518928,0.00034091046102999005,0.000328946633604525,0.00031446139957075846,0.00029773590720879385,0.00028826998695301884,0.0002780913918469583,0.00026211788451669505
1.2750512407130132,2.9233139954903264,2.923332459718009,2.923346157936583,2.9233538542332025,2.9233540933844178,2.923345166404322,2.9233250710876635,2.923291466899579,2.923241623503335,2.9231723621600003,2.9230799891833192,2.9229602205944625,2.922808097102065,2.9226178885423915,2.922382986964527,2.9220957876510454,2.9217475575434055,2.9213282908137823,2.920826551713328,2.920229305352664,2.919521737751487,2.9186870673382237,2.917706351076224,2.916558289496402,2.9152190360346304,2.913662017042436,2.911857769406983,2.9097738025186883,2.90737448989459,2.904620992571001,2.901471210934004,2.897879753737472,2.8937979030608676,2.889173543395438,2.883951015102126,2.8780708523778955,2.871469380519115,2.8640781834765257,2.8558235129419165,2.8466257858580932,2.836399380872774,2.825052946829293,2.81249031995665,2.7986118840520766,2.7833158696048335,2.766498892841559,2.748055297280656,2.7278757185525357,2.7058462993951236,2.6818500013798734,2.65576962683018,2.627489744921376,2.596895314573614,2.56386964214877,2.5282967097180093,2.490065871992376,2.449071376521362,2.4052104366415494,2.3583887590631885,2.308523418354261,2.255541216332214,2.199385905609626,2.140019460161278,2.0774262135982817,2.0116183577530107,1.942639851197844,1.8705727743060363,1.7955434466767703,1.7177282840771777,1.6373614699703032,1.5547414881821462,1.4702378949890786,1.384297812774565,1.2974513614226408,1.2103155237812389,1.1235956406524128,1.0380833368592808,0.9546491410860324,0.8742274035248885,0.7977903777632644,0.7263065278687207,0.6606790631256761,0.6016609575747552,0.5497502305766333,0.5050807005259053,0.46733995418671775,0.4357550711873318,0.409174326169448,0.3862379685810644,0.3655923975192894,0.34608833414636375,0.3269185036215749,0.3076774611529104,0.288345524839122,0.2692059115732861,0.2507079760310126,0.23329955603400476,0.21727075751830954,0.20266645322349147,0.18930968786236865,0.17692367470515546,0.16527834687511242,0.15427249660487516,0.14391302896732694,0.1342309333624183,0.12521501362715876,0.1168113244073114,0.10896293405213132,0.10163338896437243,0.09479711015255378,0.088425215551445,0.0824863410478651,0.07695178903819551,0.07179506585243392,0.06699047767592207,0.06251357955806068,0.058341382129443786,0.05445226932407261,0.05082606683547827,0.04744405755475683,0.04428896121233411,0.04134488509737299,0.03859723958210178,0.03603263253032987,0.03363873500772677,0.031404165922911204,0.029318379588754252,0.02737156477198204,0.025554554079955598,0.023858743743429334,0.022276036584448645,0.02079881549651638,0.01941993605961345,0.01813270904125685,0.01693085038920846,0.01580841589001424,0.01475984507865332,0.013780045304009152,0.012864526701903902,0.01200944165522555,0.011211256138289898,0.01046646563158929,0.009771571785663303,0.009123134939649101,0.00851806085633394,0.007953667137342513,0.007426845012860379,0.00693430503701301,0.006473455266522988,0.006042455477035985,0.005640789712184462,0.0052679255750071536,0.004920803665999719,0.004595774425379982,0.004290265211812257,0.004001920963809783,0.0037339802133230728,0.0034899771331185414,0.0032652790152872856,0.0030516204180371953,0.0028453174940717947,0.002646300221226987,0.0024689742641714877,0.0023164682648324575,0.0021753539714784503,0.0020344520709955458,0.001887244611695397,0.0017421058787555949,0.001632158807636018,0.001546551970734382,0.0014586773800183575,0.001362516808245867,0.0012498316377248537,0.0011469639857562823,0.0010907286631707252,0.0010401982814407548,0.0009721945953129174,0.0009132313794270153,0.0008336968914004637,0.0007775964303002621,0.0007428989125561026,0.0006975852621147045,0.0006475189990305133,0.000621346922615717,0.0005629969907609875,0.0005407342064263396,0.0005060631143151314,0.00047748121080963204,0.00045174047522705466,0.0004319671029320405,0.00039664037263672874,0.000384952079380949,0.00036239233303068274,0.00034090798618914456,0.0003289462228418392,0.00031445882895437757,0.0002977379143837631,0.0002882687994360493,0.0002780907152357712,0.00026211978278329153
1.3200884008314178,2.923299466164776,2.923321400726768,2.923338817328458,2.923350497381644,2.9233550040575467,2.9233506478609828,2.9233354471882764,2.9233070832166983,2.923262848412038,2.9231995878824435,2.9231136327547294,2.9230007247094014,2.9228559307898605,2.922673547608996,2.9224469941248366,2.9221686922608967,2.9218299348244856,2.921420740448188,2.920929695668609,2.920343784784728,2.919648208824375,2.91882619580027,2.9178588054465364,2.9167247327505366,2.9154001157415625,2.913858354005231,2.9120699450052583,2.910002345147812,2.9076198611439263,2.9048835740687644,2.901751293077335,2.898177527763087,2.8941134579992176,2.889506869259551,2.884302013041384,2.878439351349737,2.871855158275732,2.864480987534161,2.856243075267699,2.847061824281261,2.8368515820052487,2.82552093060575,2.8129735944903045,2.7991098084455226,2.783827645666128,2.767023597428543,2.7485919435689383,2.7284233083938725,2.7064038253667224,2.682416396042543,2.656343716960344,2.6280702782060947,2.597481038588578,2.564459325556197,2.528889075046594,2.4906595777239,2.449665097115547,2.4058028591292957,2.3589785150061515,2.3091091451942427,2.256121553413879,2.199959449314609,2.1405848222257564,2.0779819645654225,2.0121630718057792,1.9431720682600393,1.8710910331263866,1.7960462646003257,1.718214172041273,1.6378289426491481,1.5551890680004097,1.4706641270033511,1.3847012831335408,1.2978307181872997,1.2106695022481795,1.1239230942985312,1.0383832753878015,0.9549207779723676,0.8744702128567962,0.7980041658887533,0.7264915254362097,0.660836027712354,0.6017912831349641,0.5498560315304526,0.5051648215185817,0.4674058529634062,0.4358065511904779,0.40921515876509157,0.38627150580505976,0.36562128639637653,0.3461143922786809,0.3269427511889824,0.30770026487438773,0.2883668037623901,0.2692253635183146,0.250725291130047,0.23331458115117035,0.21728357491366113,0.20267735207962134,0.18931905072536206,0.17693184497343095,0.16528555026687586,0.15427884685399584,0.1439185886609302,0.13423577125095415,0.1252192193162141,0.1168149886479634,0.10896613014188611,0.10163617386217047,0.09479953395181408,0.08842732463528129,0.08248817625896776,0.07695338557421232,0.07179645459035508,0.06699168572945972,0.06251463055849742,0.05834229667271975,0.05445306532291868,0.05082675985039123,0.047444661083764765,0.044289486933317475,0.04134534313718766,0.03859763875930649,0.03603298041559001,0.03363903808145857,0.03140442991787746,0.029318609656014506,0.027371765445235244,0.025554729149472093,0.02385889625621349,0.02227616912866227,0.02079893063882364,0.019420036476975554,0.01813279723445507,0.01693092782226008,0.015808483179419602,0.014759902797990937,0.013780094652512677,0.012864570219008623,0.012009481524790195,0.01121129201833753,0.010466495859206651,0.009771595606688737,0.00912315356416413,0.008518079152120207,0.007953687524322952,0.007426864333278102,0.0069343188095951054,0.0064734619344010685,0.006042457975046145,0.0056407982044763254,0.005267940852873419,0.004920817516970337,0.004595779847828094,0.004290260186659086,0.004001913499552415,0.0037339881540949223,0.003489994722619144,0.0032652909778189357,0.003051619710684428,0.002845301091522703,0.002646287708591683,0.0024689883989199492,0.0023164915295821806,0.0021753631723336452,0.0020344447634528967,0.0018872171082389402,0.0017420966948341627,0.00163218100185069,0.0015465761478026248,0.001458680945000103,0.0013625065081332465,0.0012498019564171992,0.0011469674469223414,0.001090745376534362,0.001040206338427937,0.0009721974051460744,0.0009132280715226965,0.0008336786519305315,0.000777606577079538,0.0007428991896311055,0.0006975776337591787,0.0006475273769490764,0.0006213476994576172,0.0005629911676246847,0.0005407385250623097,0.0005060651002311169,0.00047747499439732536,0.00045174436290934707,0.0004319673437627282,0.0003966422381369467,0.0003849536425191305,0.00036240034112896527,0.00034090542398994983,0.0003289457957628074,0.0003144561662194031,0.00029773999297488986,0.00028826756844819036,0.00027809001209370987,0.00026212174980842507
1.3667163564620066,2.9232821085314753,2.9233076350199214,2.9233289005607537,2.9233447045573264,2.9233536292900095,2.923354005518785,2.9233438730581223,2.9233209356679306,2.9232825095422745,2.9232254646179405,2.9231461578717473,2.9230403577340893,2.9229031587237757,2.9227288854152937,2.922510984896269,2.922241906975266,2.9219129715763654,2.9215142230282645,2.921034271345086,2.9204601211267045,2.919776989397711,2.918968114566109,2.9180145597066494,2.916895014518777,2.915585601485262,2.914059692803523,2.912287745322044,2.9102371606217603,2.9078721760564186,2.905153789450676,2.902039714724321,2.89848435768499,2.894438790933734,2.8898506956975014,2.8846642295822793,2.878819777994553,2.872253560437281,2.8648970983070194,2.8566766114325466,2.847512488668872,2.8373190465827176,2.826004800098533,2.813473359293011,2.7996248050571317,2.7843570466959835,2.767566444040619,2.7491472090147435,2.7289899536340494,2.7069808029927374,2.6830025983076466,2.6569379269889586,2.6286711958068683,2.5980873623432523,2.56506977699336,2.5295023294859345,2.4912742434948782,2.450279798254723,2.406416234141927,2.359589145269668,2.3097156173273494,2.256722457273141,2.200553329916521,2.1411702407220927,2.0785574397986353,2.012727126291493,1.9437231892930857,1.871627706910716,1.796566955065042,1.7187173367662505,1.6383130430407487,1.5556525734692264,1.471105530453503,1.3851191200451027,1.2982235881450475,1.211036095153826,1.1242622224021106,1.0386939126580392,0.9552021093191317,0.874721693011605,0.7982255934786818,0.7266831383480333,0.6609986092869772,0.6019262756015897,0.5499656231769122,0.5052519570101823,0.467474112315311,0.43585987303847934,0.4092574492136365,0.38630623718993173,0.36565120118697525,0.34614137397046546,0.3269678572685485,0.30772387584327987,0.2883888362227079,0.2692455047066103,0.250743220108015,0.2333301391467272,0.21729684688794973,0.2026886373292823,0.189328745338953,0.1769403045904417,0.16529300869589905,0.15428542191860725,0.14392434517736707,0.13424078039339415,0.12522357385594768,0.1168187825548261,0.10896943931785703,0.1016390572875386,0.0948020434946554,0.08842950832179969,0.0824900763792753,0.07695503857292403,0.07179789243800601,0.06699293649986728,0.0625157187196577,0.058343243549741984,0.054453889462581305,0.05082747736389668,0.047445285946760896,0.0442900312370856,0.04134581736684544,0.03859805204504069,0.03603334059332849,0.03363935186271333,0.031404703241713565,0.02931884785694827,0.027371973214444314,0.025554910406124003,0.023859054153063084,0.022276306349684437,0.020799049848676608,0.019420140449994534,0.018132888552978635,0.016931007990474093,0.01580855283663447,0.014759962544835852,0.013780145743371747,0.012864615290303158,0.012009522817139424,0.011211329162090911,0.010466527137135442,0.009771620251451821,0.009123172849031193,0.00851809812390697,0.00795370864796346,0.00742688432461007,0.006934333044851611,0.006473468814772933,0.006042460573016888,0.005640807037062665,0.005267956683050982,0.004920831834341475,0.0045957854343037785,0.0042902549595323775,0.004001905800253021,0.003733996417886887,0.003490012939352809,0.0032653033329597607,0.003051618948260718,0.0028452840890517976,0.002646274800753375,0.0024690030677770335,0.0023165156152259,0.00217537267186669,0.002034437166852028,0.0018871886195956178,0.001742087238721987,0.0016322039945627256,0.0015466011642117508,0.0014586846259532474,0.0013624958190911211,0.0012497712234516437,0.0011469710631221153,0.0010907626753740112,0.001040214659979918,0.0009722003265188016,0.0009132246343539658,0.0008336597784428694,0.0007776170833354976,0.0007428994764679933,0.0006975697290650434,0.0006475360559500806,0.0006213484971437174,0.0005629851492927246,0.0005407429976536635,0.0005060671695520153,0.0004774685600341981,0.00045174838595441223,0.0004319675876559495,0.0003966441724172904,0.00038495525728536335,0.00036240862931336795,0.0003409027713545034,0.0003289453516590247,0.0003144534080197967,0.00029774214553653593,0.0002882662923434554,0.00027808928129439113,0.0002621237881371837
1.414991297434576,2.9232616570905465,2.923290901149047,2.923316150555073,2.923336223397111,2.9233497218081923,2.923354997599491,2.9233501128545347,2.9233327948237062,2.923300384395605,2.923249777361119,2.923177357631496,2.9230789215288,2.9229495922429862,2.922783723554103,2.9225747919628726,2.922315276473529,2.921996525447635,2.9216086102181684,2.921140165543046,2.920578217510201,2.9199080002028395,2.919112763304669,2.9181735738634464,2.9170691165980647,2.915775498341048,2.9142660632944613,2.91251122648752,2.910478332788534,2.908131547555381,2.905431781938703,2.902336650433926,2.898800450200995,2.8947741412194854,2.890205294920995,2.885037969657525,2.879212469507203,2.872664955724285,2.8653269151071834,2.8571245503142957,2.8479782364583732,2.8378022597008075,2.8265050672873198,2.813990152516455,2.800157437413743,2.784904660539545,2.768128043414039,2.749721725488491,2.72957630538567,2.7075779008220726,2.6836092924959103,2.6575529553112216,2.6292932082659273,2.59871500643904,2.5657017251415017,2.5301372079594033,2.491910608518282,2.450916221385266,2.4070513034585868,2.3602213900705773,2.3103435714095917,2.2573446591371074,2.20116827128011,2.1417764302367246,2.0791533427000295,2.0133112114970038,1.9442938895388868,1.8721834539253226,1.7971061574002756,1.7192383967053184,1.6388143667795305,1.55613257547147,1.4715626495740255,1.3855518392528678,1.2986304567837552,1.2114157560743741,1.1246134451188192,1.0390156340886074,0.9554934847418042,0.8749821570614554,0.798454936726455,0.7268816061084749,0.6611670115031112,0.60206610441326,0.5500791432891683,0.5053422166070571,0.4675448180092871,0.4359151034938442,0.409301250141428,0.3863422056118143,0.3656821785290364,0.34616931207163737,0.3269938523322755,0.307748322700894,0.2884116489745933,0.26926635963893447,0.2507617848119729,0.23334624899867334,0.21731058963072447,0.2027003227234855,0.18933878349602118,0.1769490638312924,0.16530073121379077,0.15429222977652995,0.14393030550075425,0.1342459668654447,0.12522808252550277,0.11682271072511596,0.10897286558845583,0.1016420427321595,0.09480464181909394,0.08843176925372914,0.08249204370770173,0.07695675003374154,0.07179938113413044,0.06699423149930621,0.06251684535682095,0.0583442239047829,0.05445474273882302,0.05082822024277359,0.04744593289846481,0.04429059478097565,0.04134630835899234,0.03859847993823331,0.036033713498014056,0.03363967672990632,0.03140498622432646,0.02931909447944189,0.0273721883307715,0.025555098068577583,0.023859217623865184,0.02227644841240875,0.02079917326991772,0.01942024810498192,0.018132983107856618,0.016931090990325123,0.015808624944588862,0.014760024390041582,0.013780198638265628,0.012864661972002606,0.012009565583439174,0.011211367613761106,0.010466559501191379,0.009771645747829311,0.009123192817978661,0.008518117797747644,0.00795373053532828,0.007426905009569013,0.006934347757403865,0.006473475913566583,0.006042463275558408,0.005640816224821905,0.005267973085833346,0.004920846632857111,0.004595791188604628,0.004290249521631604,0.00400189785985754,0.003734005019081496,0.0034900318058270225,0.0032653160924276314,0.0030516181266200116,0.002845266464063384,0.0026462614872129267,0.0024690182920385066,0.002316540550621824,0.002175382478759906,0.002034429268735043,0.001887159110047057,0.0017420775045709632,0.0016322278149529525,0.0015466270484688288,0.001458688426288275,0.0013624847255567349,0.0012497394015274475,0.001146974842146626,0.0010907805800258873,0.0010402232539959806,0.0009722033642307764,0.0009132210624935678,0.000833640249321428,0.0007776279618205309,0.0007428997734354444,0.0006975615378001441,0.0006475450470252423,0.0006213493159212884,0.0005629789296417015,0.0005407476297476651,0.0005060693261823472,0.00047746190013736426,0.0004517525489999806,0.00043196783432428333,0.0003966461781195654,0.0003849569252374718,0.0003624172072661939,0.00034090002509710494,0.0003289448897873298,0.00031445055088498615,0.0002977443747149631,0.00028826496940968343,0.0002780885216579984,0.0002621259004122333
1.4649713983072858,2.923237825278507,2.923270916709075,2.9233002893932833,2.9233247808260647,2.9233430137668384,2.9233533619069125,2.9233539104856288,2.923342411190669,2.9233162306138123,2.9232722914715112,2.9232070057437047,2.923116198839757,2.922995023874525,2.9228378651398303,2.9226382298994493,2.9223886277344,2.922080436838616,2.9217037569347775,2.9212472488702548,2.9206979614883757,2.9200411470719017,2.9192600675361615,2.91833579460295,2.9172470083757154,2.9159697999748078,2.914477485019708,2.912740435507606,2.9107259376621037,2.9083980821185667,2.9057176897920547,2.9026422713717133,2.899126010259267,2.895119748163179,2.8905709408308633,2.8854235416376692,2.8796177682534387,2.873089719719414,2.8657708457363467,2.8575873308297823,2.8484595365937344,2.8383017193546802,2.8270222583855817,2.814524527839206,2.8007082858314316,2.7854710930584106,2.7687090254732185,2.7503161451373845,2.730183036024677,2.7081958095529055,2.684237185879658,2.6581895240041216,2.629937050455586,2.5993647163558395,2.5663559240104203,2.53079447108843,2.4925694379945833,2.451575134137155,2.4077088351535205,2.3608760159573348,2.3109937703794685,2.2579889163892024,2.201805023224594,2.1424041310297883,2.0797704019922367,2.0139160425994365,1.9448848686266706,1.872758956246382,1.7976645340933652,1.7197779927452814,1.6393335311357327,1.556629665655379,1.4720360484233979,1.3859999753141377,1.2990518273284772,1.2118089551843776,1.1249771980067513,1.0393488392542156,0.9557952667238024,0.8752519296279878,0.7986924820402747,0.7270871771037627,0.6613414455878913,0.6022109453265613,0.550196734788384,0.5054357140145851,0.46761805901555825,0.43597231180176343,0.4093466161164971,0.3863794555123026,0.36571425638400107,0.3461982406091093,0.3270207679392152,0.307773635109394,0.28843526972748695,0.2692879536926112,0.2507810078724219,0.23336293036656486,0.21732481991297756,0.2027124225063909,0.18934917741140425,0.1769581333379778,0.16530872719499498,0.15429927869003465,0.14393647686420286,0.13425133695934216,0.12523275079203894,0.1168267779196681,0.10897641310468707,0.1016451338118775,0.09480733207113085,0.08843411016769354,0.08249408062480948,0.07695852202706184,0.07180092247918266,0.06699557229358938,0.06251801183191855,0.058345238922689814,0.05445562618270654,0.05082898938452131,0.047446602720337516,0.044291178245611754,0.04134681670655751,0.03859892295547363,0.03603409957947848,0.03364001307484029,0.03140527920731578,0.02931934982159811,0.02737241105428099,0.02555529236321869,0.023859386865187144,0.022276595487539554,0.020799301051497167,0.019420359572770354,0.018133081014072985,0.016931176921670857,0.01580869958908584,0.014760088406916403,0.013780253401083385,0.01286471032240963,0.012009609876712502,0.011211407419072837,0.010466592988360337,0.009771672124601713,0.009123213495627105,0.008518138200773798,0.007953753214496508,0.007426926411582595,0.006934362962264537,0.0064734832368155285,0.006042466087547462,0.005640825783357953,0.005267990082273774,0.004920861927649208,0.0045957971145164775,0.004290243863736302,0.00400188967227993,0.0037340139727735314,0.003490051345361266,0.0032653292682003248,0.003051617241307649,0.0028452481930707763,0.002646247757359303,0.0024690340939185025,0.0023165663656287325,0.0021753926018706115,0.0020344210560399923,0.0018871285425546853,0.0017420674865984429,0.001632252493295647,0.0015466538299965574,0.0014586923494900885,0.0013624732112843619,0.0012497064520241431,0.0011469787922237832,0.0010907991115205228,0.0010402321285499882,0.0009722065233101917,0.0009132173502641148,0.0008336200422471538,0.0007776392257390426,0.0007429000809197274,0.0006975530493397728,0.0006475543615786197,0.0006213501560095947,0.0005629725023893104,0.0005407524270961171,0.0005060715742339731,0.00047745500686428665,0.0004517568568370175,0.00043196808344125984,0.00039664825799469965,0.00038495864796827894,0.00036242608499536866,0.000340897181920568,0.0003289444093678477,0.00031444759121501274,0.00029774668325165755,0.00028826359786559164,0.0002780877319484458,0.0002621280893777247
1.516716888470923,2.923210303927003,2.923247376796231,2.923281016774783,2.9233100815141753,2.9233332152053872,2.9233488142830937,2.923354988066594,2.9233495136684295,2.9233297844365373,2.9232927511325926,2.9232348549917746,2.9231519517629985,2.9230392258008684,2.9228910932808865,2.922701093650121,2.9224617685222225,2.9221645273972405,2.9217994998553443,2.9213553742639693,2.9208192235753248,2.920176319498085,2.919409937217213,2.918501153904967,2.9174286454788105,2.9161684873330267,2.914693965942648,2.9129754090555235,2.9109800422760386,2.908671878702008,2.9060116453095635,2.9029567443990407,2.8994612402421396,2.8954758503085207,2.890947908409452,2.885821256834078,2.880036021384678,2.8735282345926527,2.8662293063173885,2.858065401866702,2.848956869550214,2.8388179365492663,2.8275569140300503,2.8150770547312627,2.801277947753105,2.7860569685403878,2.7693100398111303,2.7509311409327166,2.730810839798383,2.7088352426943465,2.68488700939232,2.6588483795800064,2.6306034823723445,2.6000372632814166,2.567033153796994,2.5314749060756414,2.493251524016069,2.4522573312447,2.408389624528473,2.361553816750862,2.3116670044032057,2.2586560135149454,2.2024643624669142,2.1430541099720433,2.0804093726461432,2.0145423605812396,1.945496851472517,1.8733549206407525,1.7982427716487646,1.720336789041113,1.6398711758224458,1.5571444572111788,1.4725263116275098,1.3864640823073977,1.2994882214104044,1.212216179884668,1.1253539326110205,1.0396939424248763,0.956107831108527,0.875531347325841,0.7989385264372154,0.727300108946424,0.6615221306371551,0.602360980663448,0.5503185459461134,0.5055325671986052,0.46769392763362583,0.4360315697869673,0.40939360372325617,0.3864180329575196,0.36574747408572145,0.34622819482958916,0.32704863677464685,0.3077998437885202,0.28845972718019003,0.26931031315328824,0.2508009127318261,0.2333802036163991,0.21733955510837585,0.2027249514332654,0.18935993973719492,0.17696752413262812,0.16531700634841917,0.15430657721608146,0.14394286675877926,0.1342568971916402,0.12523758431748502,0.11683098906880487,0.10898008616525776,0.10164833427114393,0.09481011750861519,0.08843653389756795,0.08249618959572558,0.07696035669680144,0.07180251833752856,0.06699696050409344,0.0625192195551957,0.05834628983032936,0.05445654086185103,0.050829785718452175,0.04744729622153193,0.04429178233573252,0.041347343023473655,0.03859938163163709,0.03603449930346036,0.033640361303180814,0.031405582544390846,0.029319614192100513,0.027372641654254445,0.025555493524423805,0.023859562080510238,0.02227674775179738,0.020799433347656836,0.01942047498887801,0.018133182390706964,0.016931265887868332,0.015808776858898515,0.014760154671307578,0.013780310098006569,0.012864760401995867,0.012009655751906908,0.011211448625312714,0.010466627636832697,0.00977169941148039,0.009123234907527486,0.008518159361244346,0.007953776714600305,0.007426948554810695,0.006934378674842223,0.006473490790656211,0.006042469014147095,0.005640835729039461,0.005268007694213744,0.0049208777342411025,0.004595803215802218,0.004290237976184721,0.004001881231416242,0.0037340232948087815,0.003490071582116004,0.0032653428725137245,0.0030516162875374037,0.002845229251659066,0.0026462336004852718,0.00246905049659287,0.002316593091138873,0.0021754030502280767,0.002034412515067554,0.001887096878709734,0.0017420571791092311,0.0016322780610007858,0.0015466815391579044,0.001458696399117695,0.001362461259311395,0.0012496723349556447,0.0011469829220448987,0.0010908182916057098,0.0010402412918890586,0.000972209809025748,0.0009132134917253356,0.0008335991341779014,0.0007776508887633352,0.0007429003993259726,0.0006975442526508334,0.0006475640114426944,0.0006213510175960783,0.0005629658610931308,0.0005407573956632321,0.0005060739180384272,0.0004774478721041802,0.00045176131441432196,0.00043196833463784583,0.00039665041490769877,0.00038496042710533103,0.00036243527284455184,0.0003408942384124283,0.0003289439095819088,0.00031444452527555497,0.00029774907398669685,0.00028826217585772396,0.0002780869108703474,0.00026213035788334027
1.5702901247293772,2.9231787596171896,2.9232199523610944,2.923258008368294,2.92329180622698,2.92332001239757,2.9233410469570646,2.9233530442678513,2.923353807897428,2.923340759049242,2.923310877700333,2.9232606355825417,2.9231859200960795,2.9230819482144947,2.9229431694381947,2.9227631568921146,2.92253448575763,2.92224859839848,2.9218956558079587,2.9214643753950944,2.9209418556670483,2.9203133890770547,2.919562265207012,2.918669567538805,2.9176139683050533,2.9163715272150603,2.914915501069096,2.9132161721486596,2.91124070342488,2.9089530275547424,2.9063137737269047,2.9032802310618786,2.8998063390552153,2.8958426846333407,2.8913364730320517,2.886231428928879,2.8804675803881103,2.8739808887703324,2.86670272107822,2.8585592221757308,2.8494707273267106,2.839351435383624,2.828109589450067,2.8156483187036545,2.8018670380760455,2.7866629301040455,2.769931756169411,2.751567407221715,2.7314604334425048,2.709496937240989,2.685559518354166,2.659530293759419,2.6312932899531525,2.60073344496557,2.567734221770659,2.532179327616773,2.4939576865015582,2.452963635499065,2.409094495077929,2.3622556145190954,2.312364091854368,2.2593467630825135,2.203147093600059,2.143727161516942,2.0810710368436904,2.015190933180065,1.946130589213343,1.8739720794807126,1.798841581480441,1.7209154738830212,1.6404279638342267,1.5576775856782357,1.4730340451524513,1.3869447345679053,1.2999401797625108,1.2126379354554655,1.125744117071938,1.0400513731270031,0.9564315676115084,0.8758207592243995,0.7991933779536378,0.7275206688340332,0.6617092939230145,0.6025163995691658,0.5504447305953448,0.5056328985537752,0.467772519623569,0.4360929519546849,0.40944227164028957,0.3864579856995509,0.3657818723912737,0.34625921124398634,0.3270774926906979,0.3078269805536534,0.2884850510565694,0.269333465247877,0.2508215236741986,0.2333980898464354,0.21735481321529332,0.20273792478911468,0.18937108357860657,0.1769772476312428,0.16532557872948941,0.1543141342169342,0.14394948294279458,0.13426265431128193,0.12524258896553844,0.1168353492784181,0.10898388922187226,0.10165164798762398,0.09481300150524699,0.08843904337795612,0.08249837317316315,0.07696225626302142,0.07180417063972581,0.06699839780973986,0.06252046998693292,0.058347377898083926,0.054457487881733206,0.050830610206823265,0.04744801423987745,0.04429240778104798,0.04134788794542314,0.038599856520533486,0.03603491315216845,0.0336407218349489,0.03140589660180292,0.02931988791059115,0.02737288040951757,0.02555570179484022,0.023859743480471464,0.022276905388131835,0.020799570318121192,0.019420594493679257,0.018133287361078294,0.016931357995893886,0.015808856845870096,0.014760223261688616,0.01378036879759546,0.012864812273486787,0.012009703265963978,0.011211491281378584,0.010466663486038376,0.009771727639135324,0.009123257080201536,0.008518181308597269,0.007953801065864567,0.00742697146416258,0.006934394910945577,0.00647349858132509,0.006042472060828155,0.00564084607904132,0.005268025944312447,0.00492089406855027,0.004595809496189378,0.004290231848851251,0.004001872531160483,0.0037340330018250712,0.003490092541122541,0.003265356917859174,0.003051615260166827,0.0028452096144462773,0.002646219005805193,0.0024690675242447853,0.0023166207591117788,0.002175413833029817,0.002034403631445558,0.0018870640786814038,0.0017420465765197591,0.0016323045506581148,0.0015467102072812106,0.0014587005788036917,0.0013624488519224979,0.0012496370089230863,0.001146987240792858,0.0010908381427700794,0.0010402507524315614,0.0009722132268992506,0.0009132094806607762,0.0008335775013281987,0.000777662965049891,0.0007429007290795822,0.0006975351362754661,0.0006475740088951948,0.0006213519008322441,0.000562958999149598,0.0005407625416339177,0.0005060763621600716,0.00047744048746916083,0.0004517659268433027,0.0004319685874986746,0.00039665265184302145,0.00038496226431041733,0.00036244478150365857,0.00034089119104095016,0.00032894338956982464,0.0003144413491926425,0.0002977515498623298,0.00028826070145718697,0.00027808605706578784,0.00026213270888860764
1.6257556664437942,2.9231428329236846,2.923188288450593,2.9232309140519335,2.9232696100637723,2.923303066087861,2.9233297267796683,2.923347752548456,2.923354974491195,2.9233488428146774,2.9233263679343215,2.923284053377616,2.923217819570358,2.9231229175519937,2.922993831662215,2.9228241702770297,2.92260654376465,2.922332428999222,2.921992020036497,2.921574064945946,2.9210656893352844,2.920452207820662,2.9197169256053206,2.918840933430743,2.917802900425587,2.916578870718002,2.915142070941718,2.913462736700851,2.911507966283324,2.90924160891453,2.9066241919988354,2.9036128864696105,2.9001615011123674,2.896220485649515,2.891736909688881,2.8866543733239594,2.880912800564884,2.874448076541505,2.8671915220821487,2.859069260217914,2.8500016134014166,2.839902753105734,2.8286808546136575,2.816238921540388,2.8024761894670482,2.7872896400960676,2.770574864916531,2.752225660282674,2.732132556806347,2.7101816543598383,2.686255493214032,2.660236064263188,2.6320072859140473,2.601454086599516,2.5684599631864726,2.5329085788420946,2.494688774162417,2.453694898733608,2.4098242994882937,2.3629822605864326,2.3130858803291074,2.260062006759398,2.203854050107812,2.14442410870921,2.0817562049771485,2.0158625558748713,1.9467868601767553,1.874611191694025,1.7994617008389417,1.7215147605973702,1.6410045823186195,1.5582297097840436,1.4735598771079286,1.3874425274525788,1.3004082629430525,1.2130747457357827,1.1261482367578186,1.0404215767273681,0.9567668803535635,0.8761205273286178,0.7994573560726959,0.7277491339230251,0.6619031712144602,0.6026773982811937,0.5505754483506216,0.5057368350792001,0.46785393434300054,0.4361565355959049,0.4094926807213839,0.386499363240356,0.36581749353374077,0.346291327673485,0.3271073707484599,0.30785507835527426,0.2885112721425776,0.26935743817871743,0.2508428658557981,0.2334166109139899,0.21737061287967518,0.20275135840801536,0.18938262251043042,0.17698731565793221,0.16533445475264866,0.15432195887116457,0.14395633345143496,0.13426861530796821,0.12524777080892052,0.11683986383627294,0.10898782688472018,0.10165507897697061,0.09481598755472523,0.08844164164779379,0.08250063400055205,0.07696422302464692,0.07180588138488635,0.06699988594904727,0.0625217646392295,0.05834850444140155,0.05445846838703509,0.05083146384600875,0.04744875764289964,0.04429305533712723,0.04134845213061069,0.038600348195578164,0.03603534162486503,0.03364109510503135,0.031406221758793165,0.029320171308061745,0.02737312760877812,0.02555591742567592,0.023859931283113693,0.022277068585942233,0.020799712128295393,0.0194207182325816,0.018133396052897308,0.016931453356466997,0.01580893964501716,0.014760294259249558,0.013780429570879016,0.01286486600195006,0.012009752477891315,0.011211535437830027,0.010466700576682648,0.00977175683922371,0.009123280041184383,0.008518204073503862,0.007953826299647826,0.007426995165313903,0.006934411686786792,0.006473506615155271,0.006042475233392668,0.00564085685138854,0.005268044856077234,0.004920910946890288,0.004595815959356403,0.004290225471122832,0.004001863565422426,0.0037340431112956062,0.003490114248313877,0.0032653714169800056,0.0030516141536707227,0.002845189255042851,0.002646203962474975,0.0024690852021126194,0.0023166494026088274,0.0021754249596369975,0.0020343943900913816,0.0018870301011630526,0.0017420356733846604,0.0016323319960828806,0.0015467398666852898,0.001458704892253555,0.0013624359706117452,0.0012496004310661168,0.001146991758172102,0.001090858688267375,0.0010402605187645312,0.0009722167827189877,0.0009132053105637325,0.0008335551191485785,0.0007776754692563027,0.0007429010706277505,0.0006975256883138623,0.0006475843666765309,0.000621352805829068,0.0005629519097933865,0.0005407678714223203,0.0005060789114101605,0.0004774328442851019,0.0004517706994027598,0.00043196884155791946,0.00039665497191012755,0.00038496416127901657,0.0003624546220195234,0.0003408880361510934,0.00032894284842855027,0.00031443805894724953,0.0002977541139265997,0.0002882591726562815,0.0002780851691109168,0.00026213514546728723
1.6831803533309566,2.9231021365417966,2.923152002332579,2.923199356035122,2.923243120576856,2.923282009608119,2.9233144933377,2.923338759267888,2.923352667145998,2.923353697380697,2.923338892104158,2.923304787998886,2.9232473399562764,2.923161834599979,2.923042792700552,2.9228838595414413,2.9226776823859124,2.922415774360028,2.922088364331284,2.921684232752634,2.9211905339849604,2.9205926063334315,2.919873771952654,2.9190151298933076,2.917995346849613,2.9167904515437626,2.9153736399976187,2.913715099939411,2.9117818628924725,2.9095376915737887,2.906943007455764,2.9039548580532895,2.9005269152063993,2.896609484395796,2.892149492108253,2.8870904064002803,2.8813720404283596,2.874930197594463,2.8676961488984,2.8595959939617708,2.8505500426459762,2.8404724401336443,2.8292712943468157,2.8168494815096885,2.8031060526625295,2.7879377804791563,2.771240077522209,2.752906638881977,2.7328279734851417,2.7108901800889873,2.686975740306699,2.660966515623694,2.632746310611334,2.602200041720908,2.5692112422263587,2.5336635322881302,2.4954456655007724,2.4544520028430754,2.4105799206721654,2.3637346365792933,2.3138332476983434,2.2608026163665076,2.2045860954173224,2.1451458042313662,2.08246571668631,2.016558052909729,1.9474664708882365,1.8752730437507852,1.8001038937745644,1.7221353884828847,1.6416017434819814,1.5588015123163983,1.4741044585826333,1.3879580781354628,1.3008930520881503,1.2135271538302888,1.126566794923514,1.040805015040955,0.9571141884159203,0.876431027079804,0.7997307921697339,0.727985791718286,0.6621040071116134,0.6028441804097334,0.5507108648376801,0.50584450856168,0.46793827488995204,0.4362224008971426,0.40954489407994893,0.3865422168982629,0.3658543812770491,0.34632458329735116,0.3271383072616599,0.30788417131987184,0.28853842232463844,0.26938226115901487,0.2508649653369792,0.2334357894632448,0.21738697341876775,0.20276526869317535,0.1893945705941067,0.17699774045968578,0.16534364520431544,0.15433006068506078,0.1439634266067459,0.1342747874208329,0.12525313613689718,0.11684453821854186,0.10899190392816388,0.10165863139777236,0.09481907927504665,0.08844433185408272,0.0825029748152829,0.0769662593622852,0.071807652643124,0.06700142672225785,0.062523105077851,0.05834967082240181,0.05445948356304034,0.05083234766771424,0.04744952732887657,0.04429372578631782,0.04134903626056371,0.03860085725048698,0.036035785238470106,0.033641481563709594,0.03140655840805683,0.02932046472725888,0.02737338355097569,0.025556140676999375,0.023860125714144545,0.022277237541306276,0.020799858949470888,0.01942084635620934,0.0181335085984201,0.016931552084178052,0.01580902535463616,0.014760367747990482,0.013780492491448772,0.012864921654887687,0.012009803448836884,0.011211581146939964,0.01046673895078254,0.009771787044419316,0.009123303819069693,0.00851822768792572,0.00795385244848458,0.007427019684723375,0.006934429018984427,0.0064735148985727705,0.0060424785379994,0.00564086806500266,0.005268064453895049,0.004920928385971982,0.004595822608917472,0.004290218831874143,0.004001854328147649,0.0037340536415748217,0.0034901367305564777,0.0032653863828669256,0.003051612962112668,0.0028451681460093933,0.0026461884596146183,0.002469103556540271,0.0023166790558287564,0.0021754364395689682,0.002034384775171934,0.0018869949033162984,0.0017420244644258953,0.0016323604323633836,0.0015467705507047564,0.0014587093432447361,0.0013624225960425576,0.001249562557012519,0.0011469964844404723,0.0010908799521416215,0.00104027059964038,0.0009722204825537518,0.0009132009746223576,0.0008335319623046493,0.0007776884165587448,0.0007429014244411811,0.0006975158964064186,0.0006475950980079893,0.00062135373265209,0.0005629445860971619,0.0005407733916808103,0.0005060815708616887,0.0004774249335822656,0.0004517756375438932,0.00043196909629490443,0.0003966573783493833,0.0003849661197395387,0.00036246480580684237,0.00034088476996031313,0.00032894228520915565,0.0003144346503695728,0.00029775676933712004,0.0002882575873649122,0.00027808424551230434,0.0002621376708120028
1.7426333860096501,2.923056253291565,2.9231106814964187,2.923162926855656,2.9232119357650688,2.923256446867564,2.9232949569403663,2.9233256816690885,2.9233465106206333,2.9233549556570395,2.9233480919635744,2.9233224908004485,2.9232741430337277,2.923198372464694,2.923089737967817,2.9229419234783105,2.922747614957195,2.9224983636247712,2.922184435016201,2.921794643802526,2.921316174865466,2.9207343918417554,2.920032635282255,2.919192013705719,2.918191192139908,2.917006184157239,2.915610154777746,2.9139732426753926,2.912062410501508,2.9098413313040847,2.907270316323012,2.9043062841918625,2.90090276325413,2.8970099073127416,2.8925744917706324,2.8875398446778577,2.881845661013561,2.875427656475377,2.868217048205679,2.8601399106239302,2.851116541192852,2.841061060038415,2.8298815084220865,2.8174806335511624,2.803757296750658,2.7886080532079753,2.771928127025966,2.7536111048313705,2.733547471458376,2.7116233260472717,2.687721092625493,2.6617225000151485,2.6335112329254082,2.6029721931448484,2.5699889529691267,2.534445090900422,2.496229269840855,2.455235860837713,2.4113622728388697,2.364513655509064,2.3146071031982403,2.261569494971125,2.2053441239909524,2.1458931314896827,2.08320044193512,2.0172782783568386,1.9481702571171944,1.8759584506885802,1.8007689521381447,1.7227781237836268,1.6422201855310765,1.559393701030196,1.4746684645129426,1.388492026435112,1.301395149694727,1.2139957228448535,1.1270003133958242,1.0412021669637863,0.9574739264183086,0.8767526478772778,0.8000140299764058,0.7282309404792645,0.662312055394283,0.6030169572303093,0.5508511519330745,0.5059560557669591,0.4680256482519824,0.4362906310549347,0.4095989771769904,0.3865865998771654,0.3658925809729461,0.34635901870254276,0.327170339841944,0.3079142947923547,0.2885665346294511,0.26940796444959914,0.25088784911524226,0.23345564895411158,0.21740391484574886,0.20277967263775099,0.18940694239543415,0.1770085347216877,0.16535316125632038,0.15433844950445663,0.14397077102798406,0.13428117814743698,0.12525869146307567,0.11684937809657753,0.1089961252966335,0.10166230955668101,0.0948222804129606,0.08844711725576002,0.0825053984520684,0.0769683677411452,0.07180948655809045,0.06700302199354023,0.06252449292414332,0.058350878451539134,0.054460534637080504,0.050833262740234635,0.04745032422793283,0.044294419938697975,0.04134964104096116,0.03860138429999603,0.036036244528187183,0.033641881677207726,0.03140690695622446,0.02932076852310376,0.027373648545643656,0.025556371818049487,0.02386032700720424,0.02227741245721717,0.020800010959038856,0.019420979020593993,0.018133625134608918,0.0169316542976201,0.015809114076413226,0.014760443814818414,0.013780557635556873,0.01286497930233193,0.012009856242165756,0.011211628462747312,0.010466778651703994,0.009771818288442688,0.009123328443557522,0.00851825218517455,0.007953879546128964,0.007427045049649171,0.006934446924565476,0.006473523438092289,0.006042481981191664,0.00564087973975083,0.00526808476306491,0.004920946402903641,0.004595829448405814,0.004290211919441571,0.0040018448133399085,0.003734064611946869,0.003490160015683063,0.0032654018287524107,0.003051611679114384,0.0028451462588125493,0.0026461724863333716,0.002469122615030063,0.0023167097541439527,0.0021754482824969247,0.002034374770061196,0.0018869584407130813,0.0017420129445646672,0.0016323898959104478,0.0015468022937154084,0.0014587139356255312,0.0013624087080053454,0.001249523340826654,0.001147001430443023,0.0010909019592528224,0.001040281003972764,0.0009722243327676985,0.0009131964657040573,0.0008335080046560533,0.0007777018226699106,0.0007429017910159432,0.0006975057477151992,0.0006476062166106706,0.0006213546813159799,0.0005629370209716633,0.000540779109309284,0.0005060843458653652,0.0004774167460855619,0.00045178074689529923,0.0004319693511293049,0.00039665987453827535,0.0003849681414523732,0.00036247534465927726,0.00034088138855422955,0.0003289416989141619,0.00031443111913320064,0.0002977595193649652,0.00028825594340683866,0.0002780832847031192,0.0002621402882390412
1.8041864093920723,2.9230047339919483,2.9230638815228502,2.923121187245111,2.9231756219346305,2.9232259502089972,2.9232706964708597,2.9233081057254156,2.9233360985788477,2.923352219653403,2.9233535785844316,2.923336782698937,2.923297860419272,2.9232321743968663,2.923134323369086,2.922998031760283,2.9228160261321308,2.9225798977486974,2.922279950782505,2.9219050360767516,2.92144237092539,2.9208773460651223,2.9201933220128766,2.9193714180341965,2.918390298367621,2.917225961783648,2.9158515419759423,2.9142371274146694,2.912349609752236,2.910152569126502,2.907606202090113,2.9046672926938237,2.901289218903616,2.8974219749878185,2.8930121768022103,2.8880030038657507,2.8823340250879923,2.8759408619601783,2.8687546733209035,2.8607015063464334,2.8517016462499605,2.8416691894837887,2.8305121116121033,2.8181330294351077,2.804430609432242,2.7893011805903,2.7726397684974775,2.7543398435436397,2.7342918637327456,2.712381930154005,2.6884924106095545,2.662504898102639,2.6343029511672653,2.603771453921225,2.570794020389838,2.5352541890680955,2.4970405283943697,2.45604741793338,2.4121723026024577,2.365320262893727,2.3154083885603556,2.2623635780201723,2.2061290624589143,2.146667005741128,2.0839612821293225,2.018024117220364,1.9488990849634746,1.8766682571775546,1.801457696621051,1.7234437607003101,1.6428606736519697,1.5600070095903449,1.4752525945864128,1.3890450356752853,1.3019151804351523,1.2144810366520482,1.127449333287005,1.0416135291318613,0.9578465451210806,0.8770857936218787,0.8003074260643995,0.728484889643388,0.662527579385515,0.6031959479890638,0.5509964880142769,0.5060716186393674,0.4681161654618173,0.4363613123952924,0.40965499791280285,0.38663256733854534,0.36593213962020876,0.34639467593519496,0.32720350744583937,0.3079454853800233,0.2885956432652655,0.2694345793970576,0.25091154515953124,0.23347621369219126,0.2174214578952948,0.20279458784645216,0.18941975300294345,0.17701971158320132,0.16536301447983873,0.15434713552699614,0.14397837564235053,0.13428779525309378,0.12526444353348687,0.11685438934393325,0.10900049611073724,0.10166611791372625,0.09482559484858585,0.088450001227708,0.08250790784642667,0.07697055071406299,0.07181138534960285,0.06700467369327184,0.06252592985701574,0.058352128789326135,0.05446162288003333,0.05083421016975721,0.04745114930317288,0.04429513863306297,0.041350267202492096,0.038601929980606936,0.03603672004815161,0.03364229592826045,0.03140726782436059,0.029321083063127053,0.027373922913283708,0.025556611127556163,0.023860535404142815,0.02227759354382944,0.020800168340711862,0.01942111638737191,0.018133745803297782,0.016931760119524734,0.01580920591553746,0.014760522549647699,0.013780625082218534,0.012865039016945313,0.012009910923539296,0.011211677441110738,0.010466819724199702,0.009771850606092322,0.009123353945505026,0.008518277599975015,0.007953907627599838,0.007427071288164788,0.00693446542096657,0.0064735322403126185,0.0060424855699277155,0.005640891896497667,0.005268105809831411,0.00492096501519012,0.0045958364812552855,0.004290204721595947,0.004001835015086178,0.0037340760426768666,0.0034901841325262945,0.003265417768103841,0.003051610297822814,0.0028451235637790753,0.0026461560317578344,0.0024691424062982877,0.002316741534137491,0.002175460498236399,0.002034364357295,0.0018869206672755413,0.0017420011089563283,0.0016324204245087774,0.0015468351311595267,0.0014587186733136476,0.0013623942853726945,0.001249482734956028,0.0011470066076480466,0.0010909247353036616,0.0010402917408316784,0.0009722283400359867,0.0009131917763389821,0.0008334832192350459,0.0007777157038576694,0.0007429021708755567,0.000697495228904523,0.0006476177367251865,0.0006213556517786558,0.0005629292071663985,0.000540785031464941,0.0005060872420665231,0.000477408272204635,0.00045178603326815426,0.000431969605416006,0.0003966624639979245,0.000384970228208763,0.0003624862507609844,0.0003408778878821582,0.0003289410884946744,0.0003144274607488765,0.00029776236739871196,0.0002882542385157381,0.0002780822850390446,0.00026214300119334664
1.8679135990207825,2.922947095198416,2.92301112381624,2.9230736638555825,2.923133711420191,2.923190058124027,2.92324125709566,2.9232855838439655,2.923320991286691,2.923345058170919,2.9233549300425223,2.923347251853966,2.9233180912416974,2.923262851463045,2.9231761729679295,2.9230518226055895,2.922882569547491,2.922660047165015,2.9223746003591273,2.9220151182271756,2.9215688524998003,2.9210212229180885,2.9203556116707046,2.91955315018008,2.918592502893934,2.917449654232254,2.916097706314538,2.914506696296477,2.9126434426928953,2.9104714294141782,2.907950733716385,2.9050379991206032,2.9016864459900495,2.8978459007576314,2.8934628107355076,2.888480197790277,2.882837496252935,2.876470226329806,2.869309483644327,2.8612812858030283,2.852305905856003,2.8422974181169547,2.8311637337032374,2.8188073378897966,2.8051266972567217,2.79001790563022,2.7733757794860523,2.7550936645845665,2.7350619889881798,2.7131668573577095,2.689290582945109,2.663314619909582,2.6351223940076443,2.6045987683186334,2.571627401389047,2.5360917936909653,2.497880415360839,2.456887652678762,2.4130109901284102,2.3661554379195113,2.3162380791829213,2.2631858345153004,2.206941870794279,2.14746837526291,2.0847491712767634,2.0187964865827484,1.949653851986014,1.877403338627044,1.8021709778360346,1.724133122441584,1.6435240010278263,1.560642198552365,1.475857574181582,1.389617793580435,1.302453792005009,1.214983700687961,1.1279144157376404,1.0420396166074035,0.9582325120524694,0.877430883282345,0.8006113503496951,0.7287479602676178,0.6627508523308614,0.603381380221379,0.5511470582207744,0.5061913445102769,0.46820994175984526,0.4364345344983571,0.4097130267225613,0.38668017647644704,0.3659731059261816,0.3464315985540567,0.32723785042345516,0.307977780998163,0.28862578366468766,0.2694621384732951,0.25093608244582855,0.23349750885987572,0.21743962405012185,0.20281003255796617,0.18943301804696,0.1770312846540436,0.1653732168598384,0.15435612931485126,0.14398624969612012,0.13429464678053754,0.12527039933496487,0.11685957804364051,0.10900502167359466,0.10167006108782402,0.09482902660019561,0.08845298726490967,0.08251050603829055,0.07697281092463669,0.07181335131636635,0.06700638382040379,0.06252741761499542,0.05835342334811894,0.05446274960787499,0.050835191101711516,0.047452003551854985,0.04429588273794675,0.04135091550174487,0.03860249495135855,0.03603721237210198,0.03364272481670177,0.0314076414484807,0.029321408727919235,0.027374206985753255,0.02555685889407168,0.023860751155306992,0.022277781018713867,0.020800331284753972,0.019421258623989163,0.01813387075136359,0.016931869676902224,0.015809300980817738,0.014760604045504075,0.013780694913319147,0.012865100874124763,0.01200996756099685,0.011211728139763386,0.010466862214447488,0.009771884033276692,0.009123380356980395,0.008518303968530592,0.007953936729227241,0.00742709842917441,0.006934484526034189,0.0064735413119115385,0.0060424893116138865,0.005640904557160112,0.0052681276214192095,0.0049209842407308595,0.004595843710780137,0.004290197225513956,0.004001824927584495,0.003734087955065079,0.003490209110953513,0.003265434214615342,0.0030516088108747414,0.0028451000300478294,0.0026461390850632395,0.0024691629603335197,0.002316774433640959,0.0021754730967386573,0.0020343535185230015,0.0018868815352137485,0.0017419889530285574,0.0016324520573703693,0.001546869099571143,0.0014587235602945784,0.0013623793060519049,0.0012494406901764892,0.001147012028185272,0.001090948306866865,0.001040302819437562,0.00097223251136129,0.0009131868987026352,0.0008334575782250422,0.0007777300769642101,0.0007429025645732682,0.000697484326120888,0.0006476296731321612,0.0006213566439348344,0.0005629211372707141,0.0005407911655723618,0.000506090265423189,0.00047739950202356875,0.00045179150266143385,0.00043196985843951265,0.00039666515040005573,0.0003849723818294414,0.0003624975366982721,0.0003408742637525129,0.00032894045284737663,0.0003144236705581137,0.0002977653169485782,0.0002882524703310006,0.000278081244793932,0.00026214581325376433
1.9338917504552309,2.9228828167970597,2.922951893192262,2.923019846840657,2.923085700158859,2.9231482728199216,2.923206147824013,2.9232576324175468,2.9233007131569044,2.923333004338948,2.9233516889468576,2.923353451190139,2.9233343996571324,2.923289980054396,2.923214876489681,2.9231029002768945,2.922946865319074,2.922738449279705,2.922468040008782,2.922124567076789,2.921695318818593,2.921165746031094,2.920519254428094,2.919736989143004,2.918797615965393,2.9176771055328974,2.9163485282324944,2.914781868845054,2.912943870606599,2.910797917812144,2.908303963657822,2.9054185049368026,2.9020945968256258,2.898281889152929,2.893926651123209,2.8889717371884545,2.8833564379231635,2.877016164537861,2.8698819440112957,2.8618797617259437,2.852929878569131,2.8429463484041237,2.8318370194639852,2.8195042446920673,2.805846285829197,2.7907589923498524,2.774136960456253,2.755873402218763,2.7358587122251214,2.7139790003725937,2.690116527379903,2.66415260570312,2.635970521428682,2.605455112835095,2.5724900858524333,2.53695890527991,2.498749939063826,2.457757578120807,2.4138793503203013,2.367020194643954,2.317097185344739,2.2640372682313705,2.2077835435319773,2.148298222566309,2.085565077192075,2.0195963367952365,1.9504354883753774,1.8781646023355305,1.80290967744068,1.7248470623170047,1.6442109898973005,1.561300056382314,1.4764841553456842,1.3902110132075265,1.3030116560054557,1.2155043427817291,1.1283961426902214,1.0424809635936703,0.9586323121621546,0.8777883514856376,0.8009261866183304,0.7290204854890139,0.66298215779414,0.6035734900844781,0.5513030547267154,0.5063153863158187,0.46830709676381715,0.43651039032851974,0.40977313667600085,0.38672948659554285,0.36601553037074164,0.3464698316859572,0.327273410568994,0.30801122091731886,0.28865699252907273,0.26949067531657817,0.2509614909940996,0.23351956054863687,0.21745843556854244,0.2028260256682339,0.18944675371938383,0.17704326803167414,0.1653837808100629,0.15436544180790993,0.1439944027661822,0.13430174105994905,0.12527656610383478,0.11686495049575353,0.10900970747740185,0.10167414386248605,0.09483257982917673,0.08845607898675531,0.08251319617574839,0.07697515111047494,0.07181538683879517,0.06700815444491093,0.06252895799835582,0.058354763693966714,0.054463916183288025,0.05083620672216761,0.047452888006607234,0.0442966531526802,0.04135158672212807,0.038603079894626226,0.03603772209407589,0.0336431688600751,0.03140802828008705,0.029321745911597044,0.027374501106666265,0.02555711541631333,0.02386097451983705,0.022277975107121966,0.020800499988219777,0.01942140590391415,0.018134000130902776,0.01693198310118589,0.015809399384803118,0.01476068839863266,0.013780767213726359,0.012865164952110132,0.012010026225039924,0.01121178061836855,0.010466906170089418,0.009771918607047361,0.009123407711320104,0.008518331328592827,0.007953966888700247,0.007427126502427579,0.006934504258023865,0.006473550659640311,0.006042493214140863,0.005640917744765355,0.005268150226068562,0.004921004097816548,0.0045958511401527555,0.004290189417748223,0.004001814545175022,0.0037341003715041753,0.0034902349819023073,0.0032654511821981706,0.003051607210358804,0.002845075625519889,0.0026461216355082493,0.002469184308457963,0.002316808491773026,0.002175486088080932,0.0020343422344575603,0.0018868409949610102,0.0017419764725230308,0.0016324848351900356,0.001546904236601105,0.001458728600619685,0.0013623637469348017,0.0012493971555357201,0.001147017704886537,0.0010909727014134687,0.001040314249154416,0.0009722368540911946,0.0009131818245975415,0.0008334310529389444,0.0007777449594258383,0.0007429029726945981,0.000697473024971941,0.0006476420411736157,0.0006213576576090554,0.000562912803715512,0.0005407975193341843,0.000506093422225342,0.00047739042529030634,0.00045179716126730066,0.0004319701094079521,0.0003966679375742431,0.0003849746041630012,0.00036250921547139795,0.0003408705118280975,0.00032893979081123734,0.00031441974372654316,0.00029776837165070436,0.0002882506363933979,0.000278080162155223,0.0002621487281384209
2.0022003718155843,2.9228113394483204,2.9228856353139494,2.9229591872834497,2.923031045109873,2.9231000576306023,2.923164838909965,2.9232237292174874,2.9232747501323137,2.9233155529889396,2.923343359803982,2.923354895751913,2.923346312194713,2.923313099223624,2.923249986650329,2.9231508324031514,2.923008497357887,2.9228147057838214,2.9225598908387327,2.922233024931913,2.921821435323867,2.9213106060776055,2.920683968446096,2.919922682985601,2.9190054181088825,2.9179081313707647,2.9166038613710894,2.9150625395189533,2.913250831638611,2.9111320189584085,2.9086659256990877,2.9058088954710057,2.902513810307276,2.8987301341706386,2.8944039479900865,2.889477928352281,2.8838912121717097,2.877579093258485,2.870472523939756,2.8624974543436172,2.8535741330807642,2.843616595403911,2.8325326285620958,2.820224452716043,2.8065901199839676,2.7915252260856187,2.774924135206287,2.7566799159466497,2.7366829254109932,2.714819280421296,2.6909711915498287,2.665019826896864,2.6368483256978363,2.6063414972357157,2.573383097741273,2.5378565590912228,2.499650143123966,2.458658243009507,2.414778434047722,2.3679155832417775,2.3179867534632357,2.2649189189799475,2.2086551110335013,2.1491575656565396,2.086410002747525,2.020424652714433,1.9512449581720033,1.8789529886857355,1.8036747093052605,1.7255864648734889,1.6449224926552763,1.5619814005177706,1.4771331178119584,1.3908254339158213,1.3035894688617615,1.2160436140192918,1.1288951176948452,1.0429381241796587,0.9590464485023744,0.8781586491323495,0.8012523330747139,0.7293028110052356,0.6632217900704922,0.6037725227047077,0.551464677025684,0.506443902824326,0.46840775464611295,0.4365889763702747,0.4098354035813813,0.3867805591924303,0.36605946527279803,0.34650942208338525,0.32731023117314223,0.3080458458123183,0.2886893078745675,0.2695202247741213,0.25098780190664033,0.2335423957925514,0.2174779155130768,0.20284258675461264,0.1894609767942157,0.17705567631892083,0.16539471918857043,0.15437508433745215,0.14400284477200856,0.13430908671935193,0.12528295133492048,0.1168705132251708,0.10901455921023705,0.1016783711917383,0.09483625884517001,0.08845928014150592,0.08251598151892038,0.07697757410656324,0.07181749438193583,0.06700998771033076,0.06253055287132239,0.058356151448528015,0.0544651240173273,0.050837258259284805,0.047453803736687346,0.04429745080848734,0.041352281674824486,0.03860368551694945,0.036038249829130675,0.03364362859426594,0.03140842878672418,0.029322095022286537,0.027374805631807674,0.025557381003517617,0.023861205765974173,0.022278176042260404,0.020800674655202765,0.01942155840685798,0.01813413409941353,0.016932100528380928,0.015809501243906985,0.014760775708609987,0.013780842071407375,0.01286523133209718,0.012010086988718844,0.011211834938576254,0.01046695164027145,0.00977195436563321,0.009123436043189931,0.008518359719533816,0.007953998145116138,0.007427155538533029,0.006934524635598096,0.006473560290317764,0.006042497285923203,0.005640931483512082,0.005268173653071877,0.004921024605124463,0.004595858772379315,0.004290181284196014,0.004001803862374508,0.003734113315539762,0.003490261777417184,0.0032654686849695855,0.003051605487774561,0.00284505031680644,0.0026461036724734995,0.002469206483391775,0.0023168437489786437,0.0021754994824551843,0.0020343304848193873,0.001886798995106955,0.0017419636635408534,0.0016325188002030392,0.0015469405810418552,0.0014587337984039363,0.0013623475838444908,0.001249352078295376,0.0011470236513289032,0.0010909979473418374,0.0010403260394817827,0.0009722413759365194,0.0009131765454339256,0.0008334036137975117,0.0007777603692933386,0.0007429033958601231,0.0006974613105047282,0.0006476548567751623,0.0006213586925480178,0.0005629041987756178,0.0005408041007420916,0.0005060967191154246,0.0004773810314058043,0.00045180301547650427,0.0004319703574465556,0.0003966708295156317,0.0003849768970840388,0.0003625213005067863,0.0003408666276211695,0.000328939101164112,0.00031441567523689745,0.0002977715352715968,0.0002882487341404339,0.00027807903521905687,0.0002621517497104124
2.0729217795953714,2.922732061873432,2.92281175396911,2.922891094464529,2.9229691615126066,2.9230448342642883,2.923116759089238,2.923183310619386,2.9232425469001244,2.923292157857023,2.923329406208693,2.923351059882414,2.9233533149236175,2.92333170784054,2.923281016301171,2.9231951471142104,2.9230670104959455,2.92288837977221,2.922649735914683,2.9223400966941973,2.921946830783759,2.921455457894468,2.920849437007105,2.92010994598547,2.9192156573113786,2.9181425163040036,2.916863529841154,2.9153485750415116,2.9135642382054816,2.9114736939889365,2.909036632573002,2.9062092376694983,2.902944209824691,2.8991908173556875,2.8948949421062866,2.8899990716079826,2.884442178424854,2.8781594298009185,2.871081696761422,2.8631348907187766,2.8542392477454133,2.8443087864707377,2.8332512354237807,2.820968681934232,2.807358963919542,2.7923174137546622,2.7757381512653767,2.757514091029485,2.737535548123481,2.7156886479821893,2.691855553816561,2.66591728697022,2.6377568323637255,2.607258965617319,2.5743074962141788,2.538785826295611,2.5005821076697132,2.4595907330431745,2.4157093294167833,2.3688426912950504,2.3189078673982713,2.265831863919498,2.209557640799065,2.1500474593404837,2.087284987171896,2.0212824549867787,1.9520832605320746,1.87976947238676,1.8044670207269105,1.7263522470771255,1.645659392997811,1.5626870784716822,1.4778052700583055,1.3914618223763169,1.304187952779634,1.2166021896429116,1.1294119667485096,1.0434116731160894,0.9594754429378737,0.8785422440383881,0.8015902029135635,0.7295952955759489,0.6634700546175989,0.603978732540235,0.5516321322282202,0.5065770588740058,0.4685120443189644,0.4366703927701017,0.40989990609395044,0.3868334580403148,0.36610496485943683,0.34655041818426835,0.3273483570774131,0.30808169781310796,0.2887227690798668,0.2695508229462767,0.2510150474078858,0.23356604260311262,0.2174980877801639,0.20285973610096186,0.18947570464885816,0.17706852464236902,0.1654060453138502,0.15438506864033372,0.144011585988065,0.13431669269539304,0.1252895627908847,0.11687627298974385,0.1090195827631157,0.10168274820625553,0.09484006811139804,0.08846259461091922,0.082518865443976,0.07698008284875243,0.07181967649849619,0.06701188583639392,0.06253220416435747,0.05835758829105614,0.05446637457114589,0.050838346984812266,0.04745475184928751,0.044298276669620724,0.041353001199779096,0.03860431254988895,0.0360387962140903,0.03364410457415761,0.03140884345255475,0.02932245648262343,0.027375120929562163,0.025557655975806375,0.023861445171378635,0.02227838406557577,0.020800855497093276,0.019421716319003104,0.01813427281998394,0.016932222099217673,0.015809606678535055,0.01476086607846033,0.013780919577551879,0.012865300098355285,0.01201014992772198,0.011211891164080678,0.010466998675683695,0.009771991348475754,0.009123465388649983,0.008518389182422379,0.007954030539030993,0.007427185568971637,0.006934545677823007,0.006473570210823914,0.006042501535942682,0.005640945798835131,0.005268197932811235,0.004921045781712119,0.004595866610272972,0.004290172810066509,0.004001792873914527,0.0037341268119343244,0.0034902895306870656,0.003265486737239939,0.0030516036339886215,0.002845024069174596,0.002646085185504247,0.002469229519320663,0.002316880247068797,0.0021755132901555177,0.0020343182482796566,0.0018867554823281884,0.0017419505225921062,0.0016325539962449942,0.0015469781728517892,0.0014587391578233914,0.0013623307914790712,0.0012493054038713325,0.0011470298818805783,0.0010910240740076868,0.001040338200045587,0.0009722460849906737,0.0009131710522093201,0.0008333752303075306,0.0007777763252530232,0.0007429038347286114,0.0006974491671829201,0.0006476681364691939,0.0006213597484122991,0.000562895314572818,0.000540810918088374,0.0005061001631102587,0.00047737130941280395,0.00045180907188396683,0.00043197060159067604,0.00039667383039308107,0.000384979262490945,0.0003625338056693024,0.0003408626064884526,0.0003289383826189699,0.00031441145988179395,0.00029777481171266496,0.00028824676090150313,0.00027807786198507,0.00026215488198364607
2.146141197858404,2.9226443379767724,2.922729608182124,2.9228149329626163,2.922899419975598,2.9229819798803165,2.9230612926432977,2.923135768653909,2.9232035039289856,2.9232622286069345,2.923309247852517,2.9233413742172574,2.9233548504321734,2.9233452615566007,2.923307435379179,2.923235329977718,2.9231219074108106,2.922958992657233,2.922737117165856,2.922445346759918,2.9220710941896675,2.9215999173817746,2.921015305423264,2.920298455559388,2.9194280459687967,2.918380010747762,2.917127325254807,2.9156398114947932,2.9138839741677995,2.9118228778078104,2.909416073348479,2.906619577623659,2.9033859009494316,2.899664105673657,2.895399863063616,2.890535459612667,2.885009691990922,2.8787575908756886,2.8717099386230887,2.8637926039750248,2.854925810016302,2.8450235608795245,2.833993529027565,2.82173766936458,2.808153601289516,2.7931363840864925,2.776579880265875,2.7583768389989327,2.7384175281879135,2.7165880835392753,2.69277062411483,2.6668460224034027,2.6386971012733933,2.608208597500023,2.5752643767804386,2.539747815182497,2.5015469505866945,2.4605561721553597,2.4166731630845426,2.3698026451291145,2.319861649803341,2.266777218914033,2.2104922388290618,2.1509689965841767,2.088191107399343,2.0221708013829334,1.9529514310430036,1.8806150637652772,1.8052875936921027,1.7271453595423243,1.6464226071132202,1.5634179689809806,1.478501450409153,1.3921209736226487,1.304807856741079,1.2171807699881247,1.1299473391695714,1.043902206624146,0.9599198368860645,0.8789396216041993,0.8019402249166265,0.7298983115461725,0.6637272685059602,0.604192383759941,0.5518056353727355,0.5067150256213618,0.46862009962804185,0.43675474348468,0.40996672582912574,0.3868882492772348,0.3661520853378267,0.34659287017404106,0.3273878347305198,0.3081188205574743,0.28875741693575,0.2695825072323905,0.25104326088573775,0.23359053000538105,0.21751897713101676,0.20287749472368913,0.1894909552862235,0.1770818286714391,0.16541777298153887,0.15439540687369654,0.1440206370566839,0.1343245682445235,0.12529640851191448,0.11688223678868506,0.1090247842373047,0.10168728021972122,0.09484401225018792,0.08846602641504456,0.08252185144729783,0.07698268037737407,0.0718219358319845,0.06701385112175011,0.06253391387652799,0.0583590759604561,0.05446766935778313,0.05083947421564388,0.0474557334908863,0.0442991317345377,0.04135374616672249,0.038604961750914504,0.036039361908319335,0.03364459737431136,0.03140927277895647,0.029322830730271036,0.027375447381357273,0.025557940664565182,0.023861693023459155,0.022278599427050252,0.02080104273284668,0.01942187983324023,0.01813441646148579,0.01693234795930953,0.015809715813217235,0.014760959614776631,0.013780999826700845,0.012865371338349954,0.012010215120467406,0.011211949360678247,0.010467047328601172,0.00977202959626586,0.009123495785224029,0.008518419760103828,0.007954064112511516,0.007427216626108262,0.006934567404163454,0.00647358042809319,0.00604250597379558,0.005640960717473809,0.005268223096796883,0.004921067647009374,0.004595874656424574,0.004290163979846677,0.00400178157478388,0.003734140886734795,0.0034903182760837015,0.0032655053534980127,0.003051601639187393,0.002844996846490928,0.00264606616435751,0.00246925345196682,0.0023169180292608765,0.0021755275215639617,0.002034305502398409,0.0018867104013164672,0.0017419370466497507,0.0016325904688141363,0.0015470170531791487,0.0014587446831123157,0.0013623133433518504,0.001249257075772575,0.0011470364117496246,0.0010910511117549005,0.0010403507405875815,0.0009722509897499977,0.0009131653354870555,0.0008333458710401819,0.0007777928466483898,0.0007429042900004469,0.000697436578863293,0.0006476818974189412,0.0006213608247672793,0.0005628861430796954,0.0005408179799779503,0.0005061037616243435,0.00047736124798432615,0.00045181533729439554,0.0004319708407782057,0.00039667694455772776,0.0003849817023033741,0.00036254674527481896,0.0003408584436259558,0.00032893763382002214,0.0003144070922561622,0.0002977782050149186,0.0002882447138927467,0.00027807664035090255,0.00026215812912896795
2.2219468609395236,2.9225474737974575,2.9226385091533333,2.922730019581083,2.9228211433894717,2.922910823987782,2.92299777628303,2.923080447874833,2.923156974320771,2.923225127664949,2.923282257341287,2.923325222484378,2.923350314609696,2.9233531695687,2.9233286676529313,2.923270820727698,2.92317264533771,2.9230260208658447,2.922821532069024,2.922548295693708,2.9221937714233386,2.921743558168016,2.921181177705668,2.9204878489440307,2.9196422575873897,2.9186203277073566,2.917395003503581,2.9159360511581505,2.914209891747006,2.9121794761024242,2.9098042105663002,2.907039937850123,2.9038389688841644,2.9001501491535415,2.895918927134586,2.891087375449014,2.8855941024046654,2.879373991195667,2.872357727343047,2.864471132398708,2.855634415775383,2.845761569361971,2.834760212624507,2.822532168956366,2.808974835243073,2.793982987814351,2.777450218285346,2.7592690981472274,2.739329842305654,2.7175185983323886,2.693717444807712,2.6678071036270135,2.639670227610357,2.6091915089455915,2.576254872485247,2.540743672400219,2.5025458288065447,2.461555723844558,2.4176711016187262,2.3707966111958214,2.320849263525866,2.267756139942001,2.211460051036708,2.15192330992204,2.089129479470256,2.023090788184121,1.9538505430906226,1.8814908101078571,1.8061374461895192,1.7279667878103644,1.6472130849213427,1.5641749832019556,1.4792225281824662,1.3928037121453252,1.305449957541595,1.2177800814598472,1.1305019085090051,1.044410343238511,0.960380192088838,0.8793512855128592,0.8023028440753887,0.7302122453926476,0.6639937608891945,0.6044137506393326,0.5519854097505189,0.5068579808009295,0.46873205955484065,0.4368421364357618,0.41003594748063155,0.38694500149799976,0.3662008849700092,0.34663683005009793,0.3274287122468584,0.30815725924572274,0.2887932936964672,0.2696153163783932,0.25107247693447304,0.23361588807553066,0.21754060922366936,0.20289588439879633,0.18950674735768083,0.17709560463818028,0.1654299164817604,0.15440611163022647,0.1440300090014155,0.1343327229545939,0.12530349682576444,0.11688841187128503,0.1090301699519055,0.10169197273542031,0.09484809604869615,0.08846957971719266,0.0825249431497968,0.07698536984098715,0.07182427511996232,0.06701588594679272,0.0625356840779589,0.05836061625741602,0.054469009944017294,0.05084064131542886,0.047456749848649143,0.044300017037118715,0.04135451747623086,0.03860563390432416,0.036039947594525064,0.03364510758967157,0.03140971728514095,0.0293232182184566,0.02737578538212161,0.025558235412834533,0.023861949619714044,0.022278822385508636,0.02080123658926205,0.019422049149414023,0.018134565198774516,0.01693247825931547,0.015809828776743667,0.014761056427846203,0.013781082916881729,0.012865445142870354,0.012010282648197075,0.011212009596326523,0.010467097652925115,0.009772069150981798,0.009123527271973624,0.008518451497283582,0.007954098909188146,0.00742724874320229,0.006934589834476533,0.006473590949107368,0.006042510609744458,0.005640976267543927,0.005268249177706691,0.004921090220808486,0.0045958829131706,0.0042901547772656295,0.0040017699602754265,0.003734155567343863,0.0034903480492009327,0.0032655245483942615,0.003051599492826328,0.002844968611162749,0.0026460465990540767,0.002469278318663365,0.002316957140219356,0.002175542187134544,0.0020342922235589657,0.0018866636947043921,0.0017419232332083277,0.0016326282651358726,0.001547057264385131,0.0014587503785599345,0.0013622952117280935,0.0012492070355385268,0.0011470432570357214,0.00109107909194728,0.0010403636709534218,0.000972256099135205,0.0009131593853736283,0.0008333155036094553,0.0007778099535024059,0.0007429047624214899,0.0006974235287711297,0.0006476961574435183,0.0006213619210733047,0.0005628766761243719,0.000540825295340933,0.0005061075224947499,0.00047735083541187675,0.00045182181872799,0.00043197107384138327,0.0003966801765521006,0.00038498421845937326,0.0003625601341028952,0.0003408541340636411,0.0003289368533384514,0.0003144025667493465,0.0002977817193638154,0.0002882425902116475,0.0002780753681063328,0.00026216149548052197
2.3004301197729182,2.9224407242837973,2.922537717019458,2.922635620093514,2.922733603656803,2.9228306451588577,2.9229254958446584,2.923016642036719,2.923102260469169,2.9231801668586113,2.9232477568133017,2.9233019381009964,2.9233390532217807,2.9233547911724913,2.9233440872539216,2.923301009774107,2.9232186325580245,2.9230888923081753,2.922902430098998,2.9226484166635425,2.9223143616798697,2.9218859080257826,2.9213466129787977,2.9206777196167604,2.919857923220363,2.918863139242281,2.9176662812637497,2.916237059071317,2.914541808165357,2.9125433620820482,2.910200977100459,2.907470314301058,2.904303475649201,2.9006490782779024,2.8964523348919804,2.891655090496586,2.886195751567034,2.8800090418933784,2.8730255411058017,2.8651710184012633,2.8563656685449788,2.846523473543543,2.83555200337555,2.8233529514069877,2.8098234884081816,2.794858097820186,2.778350086153285,2.760191833993449,2.740273496669974,2.7184812351050973,2.6946970915480613,2.6688016359848756,2.6406773429526167,2.6102088537022627,2.577280155127022,2.5417745842326886,2.5035799396360767,2.462590592547865,2.4187043529041414,2.3718257975056334,2.321871913058322,2.268769824557312,2.212462264713869,2.1529115729199138,2.090101259986243,2.024043551622609,1.9547817092802577,1.8823977970566197,1.807017633575501,1.728817553679512,1.648031811363117,1.564959065954485,1.4799694048839531,1.3935108930312876,1.306115060870616,1.2184008775494592,1.1310763735002016,1.0449367246863344,0.9608570914175493,0.87977775845844,0.8026785222410555,0.730537498294383,0.6642698734953723,0.6046431179743488,0.552171687245557,0.5070061089969151,0.4688480684283283,0.43693268367205,0.4101076589438411,0.38700378585001743,0.366251424150702,0.34668235168873046,0.32747103946718364,0.308197060697389,0.2888304431330476,0.269649290526192,0.25110273139929906,0.23364214797984684,0.2175630106462651,0.20291492768996666,0.18952310018687604,0.1771098693578084,0.16544249061711339,0.1544171959539799,0.1440397132408769,0.13434116675688157,0.12531083635817278,0.11689480574595185,0.10903574645171629,0.10169683145307447,0.09485232446484318,0.08847325882908737,0.08252814430138536,0.07698815450026127,0.07182669719741562,0.06701799277658592,0.06253751691237536,0.05836221104661549,0.05447039795228496,0.05084184969624063,0.04745780215187918,0.04430093364792956,0.041355316060823974,0.038606329822196576,0.03604055397958908,0.033645635836297136,0.03141017750879526,0.029323619416526437,0.027376135340758383,0.025558540575714012,0.023862215268084512,0.022279053208937253,0.020801437301271885,0.019422224474577594,0.018134719212894983,0.016932613155107353,0.015809945702304817,0.014761156631781614,0.0137811689497503,0.012865521606161938,0.012010352595073362,0.01121207194120347,0.010467149704224724,0.009772110055928904,0.009123559889577384,0.00851848444061472,0.007954134974309333,0.007427281954416798,0.006934612989003235,0.006473601780888128,0.006042515454774819,0.005640992478613897,0.005268276209426461,0.004921113523252301,0.004595891382558058,0.004290145185257545,0.0040017580260379845,0.003734170882595358,0.0034903788868948012,0.003265544336721964,0.0030515971835754032,0.0028449393240770676,0.0026460264799357293,0.0024693041584324636,0.0023169976260968756,0.0021755572973755407,0.002034278386898085,0.0018866153029885723,0.0017419090803477047,0.0016326674342299495,0.0015470988500662895,0.0014587562485069076,0.0013622763675578626,0.001249155222674634,0.0011470504347851481,0.0010911080470012897,0.0010403770010792139,0.0009722614225139522,0.000913153191494767,0.0008332840946506972,0.0007778276665405124,0.0007429052527872632,0.0006974099994747576,0.0006477109350440717,0.0006213630366749815,0.0005628669053961418,0.0005408328734457543,0.0005061114540077044,0.0004773400595932046,0.00045182852342626927,0.0004319712994979962,0.0003966835311197173,0.0003849868129120678,0.000362573987409758,0.00034084967265993123,0.00032893603966793305,0.0003143978775368896,0.0002977853590942249,0.00028824038683134115,0.0002780740429270273,0.0002621649855423507
2.381685551976158,2.9223232898845826,2.922426437428852,2.9225309458019475,2.9226360182323488,2.9227406675499874,2.9228436827908473,2.922943590574866,2.9230386105174575,2.9231266038513124,2.9232050143497426,2.923270800559008,2.9233203582699185,2.923349432095658,2.9233530149831504,2.923325234482729,2.923259224652862,2.923146982605692,2.9229792089329356,2.9227451316235533,2.9224323136323975,2.922026445022892,2.9215111216240928,2.9208676134393867,2.9200746276215663,2.9191080726418766,2.917940832208594,2.9165425593007184,2.914879501986712,2.9129143729165454,2.910606272721089,2.907910673079983,2.904779456981454,2.9011610010955455,2.897000268564481,2.8922388620561095,2.8868149716579428,2.8806631487338064,2.8737138569763454,2.8658928073255194,2.857120178566768,2.847309945269016,2.836369631895685,2.8242008039008093,2.810700402809765,2.795762609226409,2.7792804297165046,2.761146039720888,2.741249527565423,2.7194770688473024,2.6957106741439105,2.669830760708562,2.6417196163496177,2.6112618243756294,2.578341436506892,2.54284177791299,2.5046505221275868,2.4636620250597168,2.4197741675971898,2.372891455110196,2.3229308460419995,2.2698195134044172,2.213500110052091,2.1539350016940317,2.0911076476214365,2.025030269378568,1.9557460829139808,1.8833371500605087,1.8079292499943767,1.7296987165889806,1.6488798077427127,1.5657711970173236,1.4807430154506052,1.394243403150866,1.306804002437203,1.2190439398947894,1.1316714590491208,1.0454820168038415,0.9613511397127803,0.880219582906127,0.8030677388031532,0.7308744867285849,0.6645559611404553,0.604880781513983,0.5523647086899509,0.507159601927366,0.4689682761463406,0.4370265015384458,0.4101819514445872,0.3870646761331999,0.36630376548825067,0.3467294909146514,0.3275148680215653,0.30823827341006327,0.28886891058860525,0.26968447126493844,0.2511340614226214,0.23366934201523812,0.2175862089516386,0.20293464797773605,0.1895400337944607,0.17712464025001842,0.16545551072133236,0.1544286733568014,0.14404976160311767,0.1343499099385655,0.12531843604366363,0.1169014261895847,0.10904152051538421,0.10170186227592855,0.09485670263346592,0.08847706821620582,0.08253145878561344,0.07699103773200149,0.07182920500024857,0.06702017416389804,0.06253941459973708,0.058363862259013875,0.05447183506266989,0.05084310082030575,0.04745889167352042,0.04430188267552874,0.041356142886102454,0.038607050345377286,0.03604118179542924,0.03364618275212028,0.03141065400674698,0.029324034810520545,0.02737649768063473,0.0255588565207801,0.023862490287320706,0.0222792921748154,0.02080164511224338,0.019422406023256275,0.018134878691293512,0.016932752807942132,0.015810066727635966,0.01476126034465699,0.013781258030739733,0.012865600826064465,0.012010425048278041,0.011212136467767295,0.010467203539779387,0.00977215235578094,0.009123593680415818,0.008518518638789652,0.007954172354796934,0.007427316294826062,0.006934636888358097,0.006473612930489395,0.0060425205206571094,0.00564100938178491,0.005268304227091092,0.0049211375748200795,0.0045959000663061324,0.004290135185923029,0.00400174576813349,0.003734186862833727,0.0034904108273243546,0.003265564733395949,0.003051594699260442,0.002844908944537077,0.002646005797728247,0.002469331012067189,0.0023170395345754203,0.0021755728628297375,0.0020342639662315307,0.0018865651644501835,0.0017418945868023779,0.0016327080269800422,0.0015471418550758492,0.0014587622973412455,0.001362256780404843,0.001249101574586719,0.0011470579630491274,0.0010911380104197282,0.0010403907409763352,0.0009722669697245842,0.0009131467429702408,0.000833251609799501,0.0007778460072141943,0.0007429057619477274,0.0006973959728590477,0.0006477262494308865,0.0006213641707895319,0.0005628568224522253,0.000540840723912836,0.0005061155649268522,0.0004773289080198496,0.000451835458857933,0.0004319715163418566,0.0003966870132152299,0.0003849894876258978,0.0003625883209412475,0.00034084505409609885,0.0003289351912197806,0.000314393018571979,0.0002977891286955617,0.0002882381005945686,0.000278072662367931,0.0002621686039952787
2.465811075822603,2.9221943129516763,2.922303817925872,2.9224151499018975,2.9225275464675216,2.922640057224575,2.922751510510355,2.922860474880653,2.9229652146082397,2.9230636383651465,2.9231532401694156,2.9232310315904413,2.923293464126615,2.9233363406018,2.9233547143831085,2.923342775214903,2.923293720510572,2.923199611067072,2.923051210395803,2.9228378072311543,2.922547021323999,2.922164593393457,2.9216741611361394,2.9210570245072542,2.9202919050974345,2.919354706292592,2.9182182829062917,2.9168522308864415,2.9152227091343956,2.913292305850373,2.911019960333153,2.9083609468365523,2.905266918918777,2.901686000029584,2.8975628891014895,2.892838930700652,2.887452082797212,2.8813367100996157,2.874423149213053,2.8666370460774173,2.8578985617321027,2.8481216658029553,2.8372138416934085,2.8250765297602176,2.811606439714259,2.7966974394268362,2.7802422200564925,2.7621327365798147,2.7422590019461217,2.7205072075290984,2.6967593374253194,2.6708956559017913,2.642798255416916,2.6123516536249345,2.57943996971035,2.543946522974356,2.505758858491065,2.4647713119968455,2.4208818406299075,2.3739948796370123,2.3240273548252453,2.270906491789462,2.2145748617209815,2.1549948564881842,2.0921498846924274,2.026052162135674,1.956744859526409,1.884310035884582,1.8088734298560674,1.7306113750591179,1.6497581331245739,1.5666123924767568,1.4815443295458404,1.395002162394334,1.307517649143105,1.2197100793850257,1.132287917266727,1.046046910492407,0.9618629646605769,0.8806773218856602,0.8034709913981831,0.7312236430932617,0.6648523922649777,0.6051270484127035,0.5525647242357467,0.5073186587415373,0.46909283840724547,0.437123710853054,0.4102589196737226,0.38712774890414486,0.36635797388887265,0.3467783055732154,0.3275602513947156,0.30828094762040986,0.28890874303572134,0.2697209016842464,0.25116650549209585,0.23369750365132405,0.21761023269324486,0.202955069489794,0.1895575689237659,0.17713993536110137,0.16546899267864815,0.15444055783535543,0.14406016634052293,0.13435896315566678,0.12532630513675114,0.11690828125729454,0.10904749916385825,0.10170707131809814,0.09486123587269601,0.08848101250331428,0.08253489062447443,0.07699402303331969,0.07183180156890447,0.0670224327523451,0.06254137943896824,0.05836557189422134,0.05447332301496366,0.050844396201795226,0.047460019731715,0.04430286526782195,0.04135699895192583,0.038607796344500414,0.03604183179989357,0.033646748997733504,0.0314111473556536,0.029324464903767195,0.027376872840087284,0.025559183628517893,0.023862775007361076,0.02227953957045989,0.02080186027429165,0.019422594017720635,0.018135043828035914,0.0169328973846389,0.015810191995166104,0.014761367688650199,0.013781350269217235,0.012865682904155353,0.012010500098113415,0.01121220325081654,0.010467259218621208,0.009772196096623397,0.009123628688662285,0.008518554142635956,0.00795421109930254,0.0074273518004212375,0.00693466155351664,0.006473624404989507,0.0060425258200145614,0.005641027009775476,0.005268333267126495,0.004921162396310993,0.004595908965764308,0.004290124760489072,0.004001733183100153,0.003734203539997969,0.00349044390999313,0.0032655857534288073,0.0030515920268001273,0.0028448774301963083,0.002645984543610592,0.0024693589222174804,0.0023170829149076256,0.0021755888940525187,0.0020342489339747923,0.00188651321507292,0.0017418797520366367,0.0016327500962061436,0.0015471863255439157,0.0014587685294940283,0.0013622364183708089,0.0012490460265136873,0.0011470658609458195,0.0010911690168264067,0.0010404049007144917,0.0009722727511010984,0.0009131400283872409,0.0008332180136709303,0.0007778649977253271,0.0007429062908124938,0.0006973814300979471,0.0006477421205516604,0.0006213653224940964,0.0005628464187256246,0.0005408488567289198,0.0005061198645235119,0.0004773173677642532,0.000451842632724844,0.0004319717228324881,0.00039669062801518803,0.00038499224457241453,0.0003626031509460633,0.00034084027287046415,0.00032893430631782513,0.0003143879835764764,0.000297793032817008,0.00028823572820733424,0.0002780712238562319,0.0002621723557040274
2.552908068239517,2.9220528739490312,2.922168944139319,2.922287323648868,2.922407285753591,2.9225279182714345,2.9226480904102288,2.922766414365933,2.922881200918478,2.9229904081850178,2.923091582600378,2.923181791105101,2.9232575434376367,2.9233147033560214,2.923348387565651,2.9233528511169133,2.923321358077299,2.9232460364000734,2.923117716134409,2.9229257504849486,2.9226578197722626,2.9222997191132576,2.9218351316746127,2.9212453906855105,2.9205092350376844,2.919602565215941,2.9184982083810986,2.9171657034460923,2.9155711185609405,2.913676913965337,2.91144186186317,2.9088210308116262,2.9057658340403103,2.9022241283512007,2.8981403329176554,2.893455517324881,2.8881073904261476,2.882030114723098,2.8751538873557916,2.8674042815624077,2.8587014383456975,2.848959324889865,2.838085388492573,2.825980947997897,2.8125424793910065,2.797663528048354,2.781236453651278,2.7631529742492686,2.7433030179878544,2.721572792821987,2.69784426210979,2.6719975375325595,2.6439145074470622,2.6134796153839814,2.5805770504209087,2.5450901326388395,2.506906275549021,2.4659197893105587,2.4220287127649756,2.3751374128778826,2.3251627780780892,2.2720320913095713,2.2156878405061393,2.15609244331138,2.0932292587892163,2.0271104951979173,1.9577792784815657,1.8853176641798366,1.8098513493734931,1.7315566681903265,1.6506678857878412,1.567483706131057,1.4823743529086155,1.3957881249603603,1.3082569003054054,1.2204001373126752,1.1329265285457313,1.0466321227159936,0.9623932177069404,0.8811515598197434,0.8038887966498367,0.731585416357858,0.6651595494951671,0.6053822377037066,0.5527719937440522,0.5074834863311651,0.469221916952426,0.4372244370923596,0.4103386619277251,0.38719308358480464,0.36641411664434315,0.34682885560545007,0.327607244993783,0.30832513536746664,0.2889499891359844,0.2697586264294392,0.25120010349053823,0.23372666757416602,0.2176351114624927,0.20297621733246077,0.1895757270674614,0.1771557733868986,0.16548295294387635,0.1544528638887966,0.14407094014527483,0.13436833744647336,0.1253344532235608,0.11691537929248524,0.10905368966915512,0.10171246491218823,0.09486592969057307,0.08848509648020735,0.08253844398338678,0.0769971140259587,0.0718344900521186,0.06702477127964886,0.06254341381078647,0.05836734202295605,0.05447486361080079,0.05084573740868061,0.04746118769141665,0.04430388261346528,0.04135788529363276,0.03860856872104706,0.036042504777687265,0.033647335257206416,0.031411658152717195,0.029324910217498074,0.027377261272944327,0.025559522292767273,0.023863069769725603,0.022279795693383314,0.0208020830486056,0.019422788688269216,0.01813521482403182,0.01693304705776104,0.015810321652171447,0.014761478790191265,0.013781445778648885,0.012865767945898639,0.012010577838105718,0.01121227236755035,0.010467316801577968,0.009772241325998963,0.009123664960380596,0.00851859100521657,0.007954251258264714,0.007427388508113997,0.0069346870058003334,0.006473636211483325,0.006042531366397492,0.005641045397010477,0.005268363367292146,0.004921188008824899,0.004595918081866629,0.004290113889267468,0.004001720268021976,0.0037342209477100735,0.0034904781757911824,0.00326560741190432,0.0030515891521382356,0.0028448447369902245,0.0026459627092907724,0.002469387933480005,0.0023171278179578048,0.00217560540158761,0.0020342332610586117,0.0018864593884583803,0.0017418645763262043,0.0016327936967394758,0.0015472323088961434,0.0014587749494345199,0.001362215248015455,0.0012489885114588101,0.0011470741487261044,0.0010912011020019425,0.0010404194904028452,0.0009722787774994093,0.0009131330357723379,0.0008331832698391469,0.0007778846610511354,0.0007429068403566529,0.0006973663516259337,0.000647758569120843,0.0006213664907119869,0.0005628356855343293,0.0005408572822619448,0.0005061243626088618,0.000477305425466571,0.0004518500529680448,0.000431971917284045,0.00039669438092940733,0.00038499508572545214,0.00036261849418900877,0.0003408353232924516,0.000328933383192847,0.000314382766031649,0.00029779707627294335,0.0002882332662321935,0.0002780697246838411,0.00026217624572463897
2.643081486974105,2.921897987464059,2.9220208357706587,2.922146492321889,2.922274267458918,2.9224032887140177,2.922532467795262,2.9226604623109043,2.9227856314739054,2.9229059849376817,2.9230191238217036,2.9231221728931756,2.9232117027836444,2.9232836410438883,2.9233331707867802,2.923354615649372,2.9233413098401133,2.9232854521480967,2.923177943007753,2.9230082040701064,2.922763980272068,2.9224311251637016,2.9219933712949335,2.921432088814082,2.920726037104763,2.9198511162555523,2.9187801273145575,2.9174825524105774,2.9159243675430933,2.9140679015638984,2.9118717537643057,2.9092907785017,2.9062761373309987,2.9027754062867723,2.898732708284765,2.8940888198606842,2.88878118237927,2.8827437391362123,2.875906534063107,2.8681950589032694,2.859529431702528,2.849823619656871,2.8389850394222003,2.8269148927580727,2.813509420779857,2.7986618368338934,2.7822641524734517,2.7642078311506837,2.7443827056080963,2.7226750008029597,2.6989666656629225,2.673137660430533,2.6450696605349173,2.614647026105608,2.5817540182654497,2.5462739652439277,2.508094146234562,2.467108839847412,2.423216172203143,2.3763204444328,2.326338502465193,2.2731976915424146,2.216840415008907,2.157229115638437,2.094347104469686,2.0282065801701914,1.9588506246334099,1.8863612891162043,1.8108642281624265,1.7325357772233398,1.6516102047407517,1.5683862309532934,1.4832341287590143,1.3966022806987899,1.3090226889311058,1.2211149865748303,1.1335881026837786,1.0472383975419772,0.9629425750124732,0.8816429033891775,0.8043216909423682,0.731960272743359,0.6654778302297822,0.605646680794108,0.5529867871923674,0.5076542996563944,0.46935567982016824,0.43732881058501255,0.4104212802556659,0.38726076257586406,0.36647226352328266,0.3468812031260179,0.3276559062187115,0.3083708905583157,0.28899269930177374,0.2697976917589082,0.2512348967477684,0.2337568697317098,0.21766087592754252,0.2029981175233907,0.18959453049523828,0.17717217369662755,0.16549740856326225,0.15446560653710337,0.1440820961653943,0.13437804424546712,0.12534289023388429,0.11692272893730941,0.10906009956344909,0.10171804961719298,0.09487078979190132,0.08848932510765772,0.08254212317635831,0.0770003144607743,0.07183727371080811,0.0670271925810133,0.06254552018063476,0.05836917478959027,0.054476458715871395,0.05084712606465703,0.047462396966062456,0.04430493594331878,0.041358802983305125,0.03860936840844185,0.036043201541334224,0.03364794223893302,0.03141218701642507,0.029325371291484558,0.02737766344906502,0.025559872921184005,0.023863374927923564,0.02228006085166687,0.020802313705786776,0.019422990273521047,0.018135391887265106,0.016933202005803467,0.015810455850933717,0.014761593780117559,0.013781544676773071,0.012865856060799557,0.012010658365110446,0.011212343897628797,0.010467376351316329,0.00977228809295544,0.00912370254362981,0.008518629281934396,0.007954292883966848,0.007427426455737907,0.006934713266858904,0.006473648357074399,0.006042537174364626,0.005641064579714868,0.0052683945667242145,0.004921214433740332,0.00459592741508181,0.004290102551611765,0.004001707020605364,0.003734239121368409,0.00349051366703756,0.003265629723947944,0.003051586060170825,0.0028448108190653656,0.002645940287089101,0.0024694180924924583,0.0023171742962426927,0.0021756223959403654,0.002034216916838875,0.001886403615738807,0.0017418490608466111,0.0016328388855003828,0.0015472798538708483,0.001458781561664987,0.0013621932342713348,0.0012489289601198014,0.0011470828478433814,0.0010912343029205003,0.0010404345201689656,0.0009722850603249134,0.0009131257525618415,0.0008331473408176891,0.000777905020969881,0.0007429074116272521,0.0006973507171084634,0.0006477756166502482,0.0006213676741976895,0.0005628246140918583,0.0005408660112766553,0.000506129069568363,0.0004772930673211122,0.00045185772777385356,0.0004319720978532949,0.0003966982776129914,0.0003849980130557595,0.00036263436796440057,0.00034083019947647166,0.0003289324199766821,0.00031437735916838504,0.00029780126404847047,0.00028823071108115516,0.00027806816199941553,0.00026218027931216843
2.7364399970746707,2.9217285980182766,2.9218584423787646,2.921991610980588,2.9221274526564747,2.9222651362064256,2.9224036175304393,2.9225416014908414,2.9226774977378227,2.9228093696403423,2.922934875369559,2.9230512000864772,2.9231549780943236,2.923242203736263,2.9233081297601506,2.923347151847624,2.923352678032908,2.9233169818406712,2.923231038181887,2.923084341398282,2.922864705382395,2.922558046468823,2.9221481508405875,2.9216164295627003,2.920941666061668,2.920099762891105,2.919063496862621,2.917802293865762,2.9162820365740596,2.9144649191430947,2.912309362108147,2.9097699969094615,2.9067977216358405,2.9033398167231455,2.8993400913355623,2.894739009624155,2.8894737256123895,2.8834779448068755,2.8766815426692363,2.8690099194132492,2.860383166455281,2.8507152533396884,2.8399135720580553,2.8278792126330123,2.814508181053125,2.799693349436231,2.7833263640150148,2.76529841470527,2.745499226947366,2.7238150426363594,2.7001278031505205,2.6743173192868466,2.646265044715302,2.615855246028431,2.5829722581907784,2.5474994257072123,2.509323891133293,2.4683398949593154,2.424445656244508,2.3775454134110077,2.3275559643791266,2.274404721798266,2.2180340034103256,2.158406276176015,2.095504805020197,2.0293417767053534,1.9599602300527625,1.887442211081473,1.8119133309065627,1.7335499271636146,1.6525862712977448,1.569321100615181,1.4841247392629335,1.3974456565103097,1.3098159830461098,1.2218555329261016,1.1342734800553318,1.0478665072274898,0.9635117384491595,0.8821519824365571,0.804770231228816,0.7323486964333864,0.6658076472540142,0.6059207219832339,0.5532093851011055,0.5078313220871608,0.46949430161157524,0.43743696671468596,0.4105068806128717,0.38733087137506317,0.3665324868662125,0.34693541250423304,0.3277062945352683,0.30841826903621755,0.2890369257603761,0.2698381456036683,0.2512709280944706,0.2337881473810137,0.21768755787363026,0.20302079702555328,0.18961400228256026,0.1771891563576131,0.16551237719611203,0.1544788013401018,0.1440936480213864,0.13438809539777405,0.1253516264536851,0.11693033914351324,0.10906673664849961,0.10172383222668807,0.09487582208535919,0.08849370352358518,0.08254593267134003,0.07700362822238119,0.07184015592210394,0.06702969959262434,0.06254770110171998,0.058371072414789026,0.054478110262213705,0.05084856385113587,0.04746364901930492,0.044306026531952473,0.04135975313107731,0.03861019637318905,0.03604392293217473,0.03364857067651128,0.03141273458731746,0.0293258486846956,0.027378079854896088,0.025560235935716363,0.023863690847876637,0.022280335364348324,0.02080255252620197,0.01942319902071805,0.01813557523303059,0.016933362413385042,0.01581059474890338,0.014761712793836214,0.013781647085783222,0.012865947362564875,0.012010741779419533,0.011212417923232978,0.010467437932385266,0.009772336448096415,0.009123741488576906,0.00851866903064137,0.007954336030595506,0.007427465682047204,0.00693474035864962,0.006473660848867392,0.006042543259572121,0.005641084596012314,0.005268426905979086,0.004921241692689386,0.004595936965358814,0.004290090725872865,0.004001693439263308,0.003734258098245923,0.003490550427523056,0.0032656527046940388,0.0030515827346680124,0.002844775628706014,0.0026459172700292275,0.0024694494480321863,0.0023172224039715882,0.002175639887548351,0.0020341998690005846,0.0018863458254871688,0.0017418332077690272,0.0016328857215790432,0.0015473290105342376,0.0014587883707149719,0.001362170340353499,0.0012488673008175816,0.0011470919810276088,0.001091268657787717,0.0010404500001355618,0.0009722916115614248,0.0009131181655705699,0.0008331101880404421,0.000777926102087176,0.0007429080057504999,0.0006973345054113188,0.0006477932854808079,0.0006213688715206071,0.000562813195519391,0.0005408750549508857,0.0005061339963984381,0.0004772802790624352,0.00045186566558001767,0.00043197226252668564,0.0003967023239791062,0.00038500102852494114,0.00036265079010949737,0.0003408248953356099,0.000328931414695856,0.00031437175595707805,0.00029780560130509756,0.0002882280590081482,0.0002780665327998796,0.00026218446192868497
2.833096101839324,2.9215435756753445,2.921680638959103,2.921821560013493,2.921965727639129,2.9221123535134037,2.9222604394832583,2.9224087395782457,2.9225557159704776,2.9226994880145574,2.9228377734028883,2.9229678203730973,2.923086329809202,2.9231893659935406,2.9232722547021064,2.923329467305179,2.923354489556163,2.9233396738479676,2.923276073918264,2.923153261329788,2.9229591235834924,2.9226796444901426,2.922298668480288,2.9217976519173456,2.921155406217579,2.920347839656525,2.9193477070638933,2.918124378972943,2.9166436438236683,2.9148675579275163,2.912754357229452,2.910258441344887,2.907330432666677,2.9039173004727745,2.899962521640748,2.895406227255449,2.890185262549621,2.8842330749260254,2.8774793544282495,2.8698493982952384,2.861263266746849,2.851634933810188,2.840871773297799,2.8288747698394707,2.815539695058715,2.8007590711109502,2.784424161228639,2.766425861526084,2.7466537768044157,2.7249941652277094,2.701328968077787,2.6755378496530167,2.647502033110509,2.6171056804642445,2.5842332018706786,2.5487679670291015,2.5105969800694874,2.469614436164044,2.425718653005103,2.378813810190962,2.328816651736009,2.275654662936832,2.219270075301728,2.159625378696717,2.096703794285017,2.0305174943205726,1.9611094758235004,1.8885617784490365,1.8129999690907257,1.7346003884727348,1.6535973107221453,1.5702894910748058,1.4850473070586436,1.3983193178056912,1.3106377870812147,1.2226227162857202,1.1349835328346365,1.0485172533535223,0.9641014366413986,0.8826794509104893,0.8052349958758593,0.7327511903178998,0.666149429381881,0.6062047190052552,0.5534400789803532,0.5080147857608732,0.4696379637691691,0.43754904613250306,0.41059557302164,0.38740349870071467,0.36659486168455624,0.3469915504482664,0.32775847155085003,0.30846732865130694,0.2890827226205277,0.2698800376292004,0.2513082419181532,0.23382053913733694,0.21771519024498337,0.20304428378254624,0.1896341663405256,0.17720674216096224,0.16552787713724243,0.1544924644172067,0.1441056098235131,0.13439850317415777,0.12536067253807218,0.11693821918368555,0.10907360900542869,0.10172981977732631,0.09488103269087166,0.08849823704945263,0.08254987709577659,0.07700705933396967,0.07184314018353001,0.06703229535527709,0.06254995921816191,0.05837303719824464,0.05447982025058988,0.05085005250930945,0.04746494536680675,0.04430715569920655,0.04136073688649263,0.03861105361605004,0.03604466982140075,0.03364922132965592,0.031413301528782855,0.029326342975977804,0.027378510994046416,0.02556061177309772,0.02386401790835804,0.022280619561826094,0.02080279980034997,0.019423415186037647,0.01813576508417691,0.01693352847144631,0.01581073850886809,0.014761835971494375,0.013781753132520343,0.012866041969268981,0.012010828184870176,0.011212494529124891,0.010467501611259698,0.009772386443635088,0.00912378184761798,0.008518710311752177,0.007954380754299033,0.007427506226712859,0.006934768303413427,0.0064736736939608455,0.006042549638870989,0.00564110548602875,0.005268460427077119,0.004921269807529228,0.004595946732067578,0.0042900783893532225,0.004001679523208011,0.0037342779175937577,0.0034905885025530515,0.0032656763692496113,0.0030515791581898063,0.002844739116258282,0.002645893651937747,0.0024694820511193065,0.002317272197085566,0.002175657886748983,0.002034182083455463,0.0018862859436248119,0.0017418170203639769,0.0016329342663191173,0.0015473798302933328,0.001458795381135138,0.001362146527663591,0.0012488034594238002,0.0011471015723639017,0.0010913042060797962,0.001040465940394798,0.0009722984438015517,0.0009131102609588144,0.000833071771843344,0.0007779479298630918,0.0007429086239397996,0.0006973176945689017,0.0006478115988156201,0.0006213700810473532,0.0005628014208595609,0.0005408844248924908,0.0005061391547456049,0.000477267045951047,0.00045187387508192157,0.0004319724091063563,0.0003967065262124689,0.0003850041340786824,0.00036266777901781955,0.0003408194045752679,0.0003289303652647968,0.0003143659490970656,0.00029781009338650835,0.000288225306101138,0.0002780648339213848,0.00026218879925147783
2.9331662783900443,2.9213417114460785,2.9214862213167376,2.921635140476732,2.921787899221597,2.9219437537729536,2.922101753744265,2.9222607043184126,2.9224191223566383,2.9225751855626663,2.922726673725413,2.922870900961641,2.9230046377807266,2.9231240217041816,2.923224455102371,2.923300488873431,2.9233456906028614,2.923352495930532,2.9233120420455636,2.9232139825666765,2.9230462835915763,2.922795001464897,2.922444043873646,2.9219749172797966,2.921366465470801,2.920594606139611,2.919632074813688,2.91844818794027,2.917008639135926,2.915275343928172,2.9132063478881687,2.9107558097388,2.907874063521498,2.904507751057216,2.9005999973168057,2.8960905782091646,2.8909160070079265,2.8850094508059936,2.8783003954087323,2.870714022034087,2.8621703540791734,2.8525833718811526,2.841860438049282,2.8299024392379066,2.8166049146296936,2.8018600282955637,2.7855586423737337,2.767591337534596,2.7478475830167852,2.726213651842911,2.7025714932106544,2.6768006289351916,2.6487820430847977,2.618399781104158,2.5855383291425302,2.5500810918333863,2.511914933736897,2.4709339968570636,2.4270367031901987,2.380127178240934,2.3301221058355823,2.276949049251201,2.2205501535845107,2.1608879299439785,2.0979455585674214,2.0317351942859023,1.9622997939109992,1.889721389417495,1.8141255028052594,1.7356884788298688,1.6546445939374284,1.5712926222311845,1.4860029968481367,1.399224370027454,1.3114891433178566,1.2234175121014457,1.135719166272278,1.0491914680091707,0.964712426053513,0.8832259878523975,0.8057165855472049,0.7331682767712131,0.6665036221286342,0.6064990435974779,0.5536791717979741,0.5082049319573024,0.46978685486888644,0.4376651949795596,0.4106874717393817,0.3874787366206807,0.3666594657637732,0.3470496860926773,0.3278125010931781,0.30851812933395045,0.2891301459414785,0.2699234192996746,0.2513468842212967,0.23385408502516922,0.21774380718839675,0.20306860675529728,0.18965504744688708,0.17722495264822063,0.16554392734028148,0.15450661246790867,0.14411799618971854,0.13440928028657795,0.1253700395247606,0.11694637866292744,0.10908072500486225,0.10173601955764866,0.09488642794725538,0.08850293119689831,0.0825539612423612,0.07701061196229875,0.07184623011733578,0.06703498301813586,0.06255229726825746,0.058375071521510814,0.05448159075294804,0.050851593842290606,0.04746628757810059,0.044308324811807874,0.04136175543990844,0.03861194117326338,0.03604544311113046,0.03364989498514587,0.031413888527882156,0.029326854764758128,0.027378957387879942,0.02556100088535592,0.02386435650144856,0.02228091378628013,0.02080305582924315,0.019423639034915445,0.018135961671355547,0.016933700377452555,0.015810887299126435,0.014761963458158034,0.013781862948676022,0.012866140003525765,0.012010917688954955,0.011212573802706719,0.010467567456384231,0.009772438133451694,0.009123823675508774,0.00851875318836246,0.007954427113246109,0.007427548130315575,0.006934797123647443,0.0064736868994406845,0.00604255633041377,0.0056411272920011855,0.005268495173546412,0.004921298800310011,0.004595956713934378,0.004290065518259788,0.004001665272552545,0.0037342986207501874,0.0034906279389902805,0.0032657007326543554,0.003051575311995738,0.002844701230051863,0.0026458694275531,0.002469515955124604,0.0023173237332954955,0.002175676403744087,0.002034163524232692,0.0018862238933264797,0.001741800503113561,0.001632984583404501,0.0015474323659064675,0.0014588025974906743,0.0013621217556879133,0.0012487373592875908,0.0011471116473758141,0.0010913409885837078,0.0010404823509798996,0.0009723055702785253,0.0009131020241974984,0.0008330320514472585,0.00077797053063984,0.0007429092675046338,0.000697300261751431,0.0006478305807543269,0.0006213713009225545,0.000562789281092077,0.000540894133157143,0.0005061445569482988,0.0004772533527587441,0.00045188236523889796,0.0004319725351949755,0.00039671089078365413,0.0003850073316391762,0.00036268535365260483,0.0003408137206865074,0.00032892926947852933,0.0003143599310055534,0.00029781474582456067,0.00028822244827370074,0.00027806306202965214,0.0002621932971817135
3.036771118035458,2.9211217124916478,2.9212739012341946,2.9214310692239738,2.9215926898296813,2.921758065541927,2.9219262956258594,2.922096238478141,2.9222664679007018,2.922435222405629,2.9226003465623824,2.9227592232929176,2.922908695916846,2.923044978654089,2.9231635542161363,2.923259057072508,2.9233251409843874,2.9233543294769353,2.9233378481063905,2.923265437706666,2.923125148319352,2.922903114274118,2.9225833119498468,2.9221473031625504,2.921573968928896,2.9208392405403543,2.919915837378364,2.9187730235166,2.9173763975324105,2.915687731492598,2.9136648749110696,2.9112617364284374,2.9084283486733007,2.905111008964055,2.901252469618517,2.8967921277487645,2.891666139653409,2.8858073678462635,2.8791450729980896,2.87160430544508,2.863105044886061,2.853561279360681,2.84288036770892,2.8309631071752306,2.8177048077438904,2.80299726806036,2.786730930754343,2.768796037990322,2.7490819067771417,2.7274748226852843,2.7038567513735843,2.678107077379414,2.650106537402536,2.619739047341123,2.586889169472261,2.55144035394532,2.5132793253743975,2.4723001640754942,2.428401401925736,2.381487116002012,2.3314739232878563,2.2782894704213486,2.221875816441698,2.1621954916105848,2.099231638605394,2.0329963915881515,1.9635326691059645,1.8909224939253004,1.8152913426248103,1.7368155649664703,1.6557294393102497,1.572331759648807,1.4869930170563288,1.400161960236933,1.3123711333964974,1.2242409327730597,1.1364813200279793,1.049890015028523,0.9653454921260883,0.8837922984280986,0.8062156241275041,0.7336004984661344,0.6668706884147837,0.6068040820956843,0.5539269784702345,0.5084020114916304,0.4699411709262144,0.43778556512009986,0.41078269543459583,0.3875566806870907,0.3667263797708215,0.3471098910894157,0.3278684492920045,0.3085707331708745,0.2891792538046813,0.26996834394465175,0.25138690268178343,0.2338888265312852,0.217773444098542,0.2030937959602146,0.18967667127827895,0.1772438101390503,0.1655605474418543,0.15452126279303735,0.14413082226423315,0.13442043990433647,0.12537973884803807,0.11695482753095798,0.10908809331744952,0.10174243911722264,0.09489201442014705,0.08850779167461299,0.08255819007500229,0.07701429042287275,0.07184942947498708,0.06703776584263137,0.06255471808786352,0.05837717785093979,0.05448342391497356,0.05085318971732959,0.04746767727851609,0.04430953528504476,0.041362810023951715,0.03861286011780974,0.03604624373552408,0.03365059245780787,0.031414496296202174,0.02932738467176973,0.02737941957612729,0.02556140374033986,0.023864707033010406,0.02228121839211071,0.020803320924804417,0.019423870842378278,0.01813616523327601,0.016933878335602382,0.015811041293667498,0.014762095404000022,0.013781976671006583,0.012866241592666293,0.012011010402933061,0.011212655834079427,0.010467635538216984,0.009772491573155035,0.00912386702950523,0.008518797726371728,0.007954475167683855,0.007427591434335384,0.006934826842073617,0.006473700472374589,0.006042563353771187,0.00564115005839176,0.005268531190466441,0.004921328693238924,0.004595966908971491,0.0042900520876558565,0.00400165068842244,0.0037343202512552217,0.0034906687852971916,0.003265725809836603,0.003051571175947683,0.0028446619163192653,0.002645844592644333,0.0024695512158820973,0.002317377072118516,0.002175695448561089,0.0020341441533623804,0.001886159594923023,0.0017417836618328257,0.001633036738949178,0.001547486671490886,0.0014588100243541446,0.0013620959818892314,0.001248668921161165,0.00114712223311367,0.0010913790474387439,0.00104049924183405,0.0009723130048995308,0.0009130934400312964,0.0008329909849418137,0.0007779939316702651,0.000742909937860525,0.0006972821832310282,0.0006478502563287336,0.0006213725290479644,0.0005627767671514448,0.0005409041922667462,0.0005061502160814225,0.0004772391837536449,0.0004518911452804504,0.00043197263817945826,0.000396715424464247,0.00038501062309662104,0.0003627035335601364,0.00034080783693928024,0.0003289281250048363,0.0003143536938060887,0.00029781956434529565,0.00028821948125614435,0.0002780612136097581,0.00026219796185323506
3.1440354715914998,2.920882197128178,2.921042301437229,2.921207973830437,2.921378732379409,2.9215539276269475,2.921732710441447,2.921913994569326,2.922096413090718,2.9222782678832404,2.922457471092532,2.9226314774990114,2.922797206562389,2.9229509528253836,2.923088283275298,2.9232039202100633,2.923291608152159,2.9233439634238603,2.9233523051720067,2.9233064669495277,2.92319458847225,2.9230028879285053,2.922715416285053,2.9223137964624293,2.921776952086608,2.921080832765636,2.920198145424464,2.919098103978984,2.9177462121891664,2.916104096310304,2.914129404273511,2.911775785372128,2.9089929573825555,2.9057268553288003,2.9019198369659245,2.8975108953940287,2.892435802938792,2.8866270910177914,2.8800137719706806,2.87252074833702,2.8640679477734707,2.854569366825103,2.843932368404201,2.8320576701294438,2.818840357515163,2.8041718574148518,2.7879421743344373,2.7700411874207065,2.750358042874583,2.72877903542191,2.7051861562173705,2.679458659042956,2.6514770253861215,2.621125027606108,2.588287303446094,2.5528473600066164,2.51469178248655,2.473714580314929,2.4298144006492435,2.3828952788352553,2.33287375800845,2.2796775735396757,2.2232486993840057,2.1635496823937572,2.100563631625015,2.034302656973274,1.964809641046924,1.8921665956437692,1.8164989515648768,1.7379830645775856,1.6568532145085666,1.5734082163554488,1.4880186215613582,1.4011332787699116,1.3132848798907164,1.2250940291383858,1.1372709695624512,1.0506137912828535,0.9660014504636346,0.8843791150064706,0.8067327596889294,0.7340484192261572,0.6672511093034525,0.6071202360580122,0.5541838263762042,0.5086062851266862,0.47010111571726765,0.43791031438594596,0.4108813673711026,0.38763743007709744,0.3667956873661591,0.3471722397024512,0.32792638466394897,0.3086252044841712,0.2892301063882088,0.27001486682836506,0.2514283467157039,0.2339248066599105,0.21780413766508339,0.2031198825088475,0.1896990644437006,0.1772633377599717,0.1655777577866902,0.15453643331683142,0.14414410373688352,0.1344319956708345,0.12538978235325757,0.11696357609467431,0.10909572292477508,0.10174908627612099,0.09489779891022608,0.08851282439547171,0.08256256873501047,0.07701809918530865,0.07185274214182238,0.06704064720650103,0.06255722461390387,0.05837935874072677,0.054485321958733304,0.05085484206811163,0.04746911615117697,0.04431078858450224,0.04136390191502706,0.038613811560723146,0.03604707266194231,0.033651314591537515,0.031415125570739486,0.029327933339801396,0.027379898117516677,0.02556182082226428,0.023865069923180014,0.022281533746395965,0.02080359541028016,0.019424110893387372,0.018136376016967028,0.01693406255704179,0.015811200672356307,0.014762231964498235,0.013782094441559084,0.012866346868922064,0.012011106441942162,0.011212740716100433,0.010467705929273385,0.009772546820148723,0.009123911969515099,0.008518843994610788,0.00795452497999519,0.007427636181137686,0.006934857481603172,0.006473714419807623,0.006042570730059794,0.005641173832007241,0.00526856852451108,0.004921359508639993,0.0045959773144006455,0.004290038071411806,0.004001635773078073,0.003734342854971047,0.0034907110915776574,0.003265751615564959,0.0030515667284054505,0.0028446211191128,0.002645819144140753,0.002469587891806618,0.002317432274912532,0.0021757150310106324,0.002034123930751192,0.0018860929658016958,0.0017417665038008845,0.0016330908015903662,0.0015475428025271138,0.0014588176662979023,0.001362069161591672,0.0012485980631250287,0.0011471333582481601,0.0010914184261792655,0.0010405166227761707,0.0009723207622805936,0.0009130844924397238,0.0008329485292707234,0.0007780181611469485,0.0007429106365400932,0.0006972634343467545,0.0006478706515399645,0.0006213737630597643,0.000562763869946807,0.0005409146152287945,0.000506156146003919,0.0004772245226847356,0.00045190022471267304,0.00043197271521325817,0.0003967201343428997,0.00038501401029982863,0.0003627223388828236,0.00034080174637551234,0.0003289269293758154,0.00031434722931655715,0.000297824554875154,0.0002882164005861106,0.00027805928495517647,0.00026220279964176834
3.2550885998350583,2.9206216896381823,2.9207899503637655,2.9209643873160887,2.9211445649509793,2.921329883705356,2.9215195480693654,2.9217125293515607,2.9219075223350917,2.9221028949200814,2.922296629738148,2.922486256612068,2.9226687746209556,2.9228405624255935,2.9229972754189966,2.923133728207218,2.9232437609130977,2.9233200878554926,2.923354127320518,2.923335811449712,2.9232533757722634,2.9230931286618516,2.9228392020659597,2.9224732862976164,2.921974353543401,2.9213183770388578,2.9204780555376884,2.9194225555849824,2.9181172868543097,2.9165237278365734,2.914599319580182,2.9122974427478785,2.909567486484349,2.9063550049896287,2.9026019383512556,2.8982468487657664,2.893225095466311,2.8874688498116106,2.8809068500685813,2.8734638317431624,2.8650596603860374,2.855608341075205,2.845017248970926,2.833187033131841,2.8200125609958047,2.8053848824518934,2.7891935452144745,2.7713280394368778,2.751677319848669,2.730127685649551,2.706561162949588,2.6808568827460912,2.65289506406924,2.6225593207146436,2.5897343642871684,2.554303771126562,2.5161539886089392,2.475178945399695,2.431277409061562,2.384353381034747,2.334323323284824,2.281115065211156,2.224670497373185,2.1649521801298794,2.101943193474719,2.0356556190706243,1.9661323063248064,1.8934552540519696,1.8177498471196474,1.739192448313286,1.6580173384383594,1.5745233547167294,1.4890811114993923,1.402139560964143,1.3142315479502251,1.2259778920249356,1.1380891275912508,1.0513637280309192,0.9666811480762101,0.8849871982876588,0.8072686655026565,0.7345126249177327,0.6676453847728723,0.6074479229189456,0.5544500558972641,0.5088180240054516,0.4702669011156553,0.4380396068328132,0.4109836156009888,0.3877210877399895,0.36686747532050323,0.347236808906186,0.3279863782005995,0.3086816099133,0.28928276604401143,0.2700630452216901,0.25147126754264376,0.23396206999009256,0.21783592592168216,0.20314689864912414,0.18972225451931143,0.17728355947421334,0.16559557945368858,0.15455214260984895,0.1441578568631369,0.13444396172096512,0.12540018231187725,0.11697263503118335,0.1091036231306794,0.10175596913475393,0.09490378846174302,0.08851803548392984,0.08256710254751419,0.07702204287890102,0.07185617214187963,0.067043630607977,0.06255981988800402,0.058381616836065374,0.05448728718541593,0.05085655289713767,0.0474706059390706,0.044312086227860106,0.041365032434879066,0.03861479665245067,0.03604793089215,0.03365206226035914,0.031415777114815295,0.02932850143447085,0.027380393590424407,0.025562252632273474,0.02386544560688077,0.022281860229369174,0.020803879620669694,0.019424359483191662,0.01813659427804376,0.016934253260083916,0.01581136562112564,0.014762373300644716,0.0137822164079098,0.012866455969613935,0.012011205925110565,0.01121282854444015,0.010467778704169938,0.009772603933702873,0.009123958558261326,0.008518892064973733,0.007954576614754958,0.007427682413955313,0.006934889065296409,0.006473728748759547,0.006042578482081503,0.005641198662124009,0.005268607223990886,0.004921391268909483,0.004595987926569702,0.004290023442155108,0.004001620530048741,0.003734366480208485,0.0034907549096177023,0.0032657781643952357,0.003051561946114501,0.0028445787802193184,0.0026457930802731323,0.002469626044016292,0.0023174894049081776,0.0021757351606402765,0.0020341028140496327,0.0018860239203044645,0.0017417490379025699,0.001633146842584858,0.0015476008158596198,0.0014588255278859667,0.0013620412478585345,0.0012485247005125954,0.0011471450531694947,0.0010914591697788064,0.0010405345034635186,0.0009723288577830308,0.0009130751645958795,0.000832904640218579,0.0007780432482320347,0.000742911365205373,0.0006972439894685307,0.0006478917933969175,0.0006213750003039538,0.0005627505803842177,0.0005409254155564726,0.0005061623614095806,0.0004772093527661248,0.00045190961332459734,0.0004319727631972956,0.0003967250278423636,0.00038501749504565733,0.0003627417903722527,0.00034079544180200326,0.0003289256799788717,0.00031434052903659353,0.0002978297235472561,0.00028821320159860093,0.00027805727215614746,0.00026220781717441893
3.370064329271928,2.920338614896804,2.920515276743893,2.9206987426757562,2.9208886252650936,2.9210843767435506,2.9212852573087056,2.921490298120599,2.921698258178503,2.9219075741633556,2.9221163022189423,2.9223220505279914,2.922521901421898,2.9227123216511104,2.922889059346526,2.923047026133739,2.9231801628398983,2.9232812872818763,2.9233419227766766,2.923352106311659,2.9233001758038886,2.923172536624286,2.9229534086291693,2.9226245563949136,2.922165007244147,2.9215507640044662,2.920754522207689,2.919745404461532,2.9184887276734655,2.9169458210969976,2.915073913902315,2.9128261088885647,2.9101514524983383,2.906995098859141,2.9032985460668383,2.8989998967668282,2.8940340657145676,2.8883328325915,2.8818246330377204,2.87443401366742,2.866080765853242,2.8566789022358767,2.846135818631958,2.8343521079393215,2.821222427767072,2.8066374473094693,2.790486238951288,2.7726578764191796,2.753041100042381,2.7315222072891,2.707983269019298,2.6823033029978602,2.654362259340352,2.624043577219915,2.5912320393946953,2.5558113045681408,2.517667685117976,2.4766950184069945,2.4327921971406075,2.3858631979082743,2.335824393915575,2.282603713730714,2.2261429670255364,2.166404724012028,2.1033720408437415,2.0370569666026,1.9675023206731923,1.8947900865971514,1.8190456033848508,1.7404452418539353,1.659223283262651,1.5756785883910744,1.490181837147531,1.403182088962273,1.3152123470162111,1.2268936538704625,1.138936845603785,1.0521407923303299,0.9673854646777915,0.885617338483424,0.8078240410976396,0.7349937243847946,0.668054034525947,0.607787576675093,0.5547260209831391,0.5090375101050006,0.4704387474460455,0.4381736130091901,0.4110895731667534,0.3878077605509968,0.36694183363658406,0.34730367848782573,0.32804850346001074,0.30874001850020455,0.28933729737812913,0.27011293847691314,0.25151571825355556,0.23400066273537207,0.2178688482969703,0.20317487780823357,0.18974627008459158,0.17730450011271573,0.16561403428298255,0.15456840991275106,0.14417209848491014,0.13445635269916748,0.12541095143706904,0.11698201540132418,0.10911180357300325,0.10176309608406864,0.09490999037136558,0.0885234312836938,0.08257179702811264,0.07702612629839233,0.07185972364290102,0.0670467196701283,0.06256250706025944,0.05838395487641841,0.054489321978171974,0.05085832427819164,0.047472148447192726,0.0443134297867559,0.04136620295221091,0.03861581658426277,0.03604881946356643,0.03365283636952612,0.03141645171902205,0.029329089645022444,0.0273809065935456,0.025562699689024776,0.023865834534356967,0.022282198234917096,0.020804173903171824,0.019424616917691144,0.018136820280980903,0.016934450670434528,0.015811536332174674,0.014762519579167044,0.013782342723416073,0.012866569037346278,0.012011308975669117,0.011212919417637137,0.010467853939667832,0.009772662975032034,0.009124006861458436,0.008518942012554275,0.007954630138784183,0.007427730176866384,0.006934921616317544,0.006473743466224262,0.006042586634476109,0.005641224600618602,0.005268647338894054,0.004921423996466335,0.004595998740862114,0.004290008171219713,0.004001604964279517,0.0037343911778596355,0.0034908002929247253,0.0032658054706123495,0.0030515568040853543,0.002844534839072967,0.0026457664007275474,0.0024696657364601513,0.0023175485272378398,0.0021757558466841452,0.00203408075851036,0.0018859523696242544,0.0017417312747812952,0.0016332049359088167,0.001547660769693382,0.001458833613665459,0.0013620121913623584,0.001248448745834544,0.0011471573500924704,0.0010915013246957216,0.001040552893350858,0.0009723373075515438,0.0009130654388228183,0.0008328592723993904,0.000778069223087779,0.0007429121256614786,0.0006972238219600059,0.0006479137099562978,0.0006213762378095643,0.0005627368893915732,0.0005409366072896283,0.0005061688778811929,0.00047719365666084505,0.00045191932119464375,0.000431972778759309,0.0003967301127375633,0.0003850210790673582,0.0003627619094018125,0.000340788915783164,0.00032892437404694963,0.0003143335841344829,0.0002978350767078197,0.0002882098794154406,0.00027805517108727996,0.0002622130213394104
3.489101213406773,2.9200312928237118,2.9202166040016566,2.920409367226811,2.92060924497219,2.9208157432230877,2.9210281800372337,2.921245648792659,2.9214669753067333,2.921690667901978,2.921914859378709,2.922137239733542,2.922354978340325,2.922564634192164,2.9227620526990186,2.922942247457931,2.9230992653804866,2.923226033599303,2.923314186714851,2.923353873227549,2.9233335404798404,2.9232396981706095,2.923056661568953,2.9227662770166742,2.922347634228908,2.9217767723093426,2.9210263892562955,2.9200655679031593,2.918859534390672,2.917369467834863,2.9155523809278407,2.9133610895044977,2.9107442830069026,2.9076466955535882,2.9040093576904162,2.8997698820330564,2.894862705061817,2.889219180283893,2.8827674090554094,2.8754317242866887,2.867131828762536,2.8577817404539343,2.8472888843397643,2.8355538109258136,2.8224709782920265,2.807930672927831,2.791821473701277,2.7740320090544373,2.7544507795384026,2.732964072896001,2.709454014746441,2.683799520888543,2.6558802670705695,2.625579500767933,2.592782071902799,2.557371735467719,2.5192346730845756,2.4782646196451803,2.4343605972183515,2.3874265679273456,2.3373788084250067,2.2841453513405323,2.227667928898536,2.1679091168936258,2.1048519535682426,2.0385084506833304,1.9689214012479963,1.8961727709445682,1.820387853269512,1.7417430280731925,1.660472576506708,1.5768753843689385,1.4913221998886084,1.4042621935938644,1.316228532612604,1.2278424904158838,1.1398152154507695,1.0529459885131336,0.9681153140443507,0.8862703565523823,0.8083996133692092,0.7354923504278259,0.6684775988389331,0.6081396486045381,0.5550120897459652,0.5092650367131015,0.4706168838553948,0.43831251023850665,0.411199378313168,0.3878975594721472,0.36701885567613673,0.34737293115388257,0.3281128366617425,0.30880050177767066,0.2893937673339788,0.2701646081054162,0.25156175388132807,0.23404063280585696,0.2179029456675828,0.20320385463722548,0.18977114075992801,0.17732618540633707,0.16563314490404143,0.1545852551609957,0.1441868460521741,0.13446918377816855,0.12542210289991948,0.11699172866370064,0.1091202742357736,0.1017704758161307,0.09491641219735476,0.08852901836567707,0.08257665788977545,0.07703035440995645,0.07186340096152204,0.06704991814536233,0.06256528939314174,0.0583863756989084,0.054491428805057564,0.05086015835889748,0.04747374554477045,0.044314820888715495,0.04136741488436151,0.03861687258971617,0.036049739450564854,0.033653637856662824,0.031417150202202385,0.029329698685149386,0.02738143774658562,0.025563162529293085,0.023866237171730406,0.02228254817110026,0.020804478617649013,0.01942488351380985,0.018137054299391546,0.016934655021423408,0.015811713004174797,0.01476267097276285,0.013782473547482096,0.012866686220206204,0.012011415721062353,0.01121301343715166,0.010467931714716468,0.00977272400738032,0.009124056948002696,0.008518993915786395,0.007954685621201928,0.007427779514767615,0.006934955157884131,0.006473758579171879,0.006042595213887817,0.005641251702103804,0.005268688920925697,0.0049214577136975374,0.004596009751598452,0.004289992228595107,0.004001589082291961,0.003734417001536855,0.003490847296764828,0.003265833548166848,0.003051551275463921,0.002844489232666056,0.002645739106812649,0.002469707036050846,0.002317609708961036,0.002175777098008076,0.0020340577168369177,0.0018858782216995555,0.0017417132270039553,0.001633265158361066,0.0015477227235858114,0.0014588419281574996,0.001361981940246793,0.0012483701087034377,0.0011471702831676546,0.001091544938920142,0.0010405718016458783,0.0009723461285538888,0.0009130552965472986,0.0008328123792471426,0.0007780961169077574,0.0007429129198719168,0.0006972029041403701,0.0006479364303639855,0.000621377472259583,0.000562722787946378,0.0005409482050166264,0.0005061757119483397,0.0004771774164643861,0.00045192935869700597,0.00043197275823147655,0.0003967353971746844,0.00038502476402150733,0.00036278271797913624,0.00034078216063355716,0.00032892300864806285,0.00031432638543343666,0.0002978406209226493,0.0002882064289340669,0.00027805297739429244,0.0002622184192962219
3.6123426997094312,2.9196979326746493,2.9198921444926396,2.920094476788367,2.9203046437684685,2.9205222071883505,2.9207465451850805,2.920976815798056,2.9212119143536945,2.92145042377994,2.9216905567974414,2.921930088809095,2.9221662801818646,2.9223957864904495,2.9226145551803127,2.922817707020728,2.922999400675022,2.923152678739809,2.9232692937306917,2.923339512761224,2.9233519001281407,2.9232930777428496,2.9231474644096247,2.9228969964202998,2.9225208338808697,2.9219950596458295,2.921292380689085,2.920381845054115,2.9192285908934736,2.9177936469638857,2.9160338053804242,2.913901586142711,2.911345307244311,2.908309262216398,2.904733987259589,2.900556572582091,2.8957109400315697,2.8901279793310755,2.8837354224778187,2.8764573605427386,2.8682133905998133,2.858917532142745,2.848477247739908,2.8367930606576923,2.823759242001638,2.809265695577077,2.793200489164599,2.775451775704792,2.7559077879611436,2.73445479387234,2.710974983885022,2.685347184940492,2.6574507942192382,2.62716884944957,2.594386262255657,2.5589868985865185,2.520856815170882,2.4798896326862065,2.4359845061220593,2.389045394948199,2.3389884713551568,2.2857418765700435,2.2292472698636323,2.1694672276816185,2.10638477702867,2.0400118872102544,1.9703913290004913,1.8976050473207353,1.821778290800701,1.7430874492928314,1.6617668032535162,1.5781152651003514,1.4925036542618868,1.4053812563404369,1.3172814082170632,1.2288256224742382,1.140725371003652,1.0537803597289408,0.9688716454347661,0.8869471054930594,0.808996137740179,0.736009160829912,0.6689166394514104,0.6085046080216578,0.5553086450839995,0.5095009089288016,0.47080154870287305,0.4384564829153591,0.41131317470940437,0.3879905997205566,0.36709863829239775,0.34744465264100266,0.32817945678558713,0.30886313386105707,0.2894522452788414,0.27021811785840005,0.25160943147417036,0.23408202987280466,0.2179382604133391,0.2032338650574026,0.18979689724568674,0.1773486420193121,0.16565293476485457,0.15460269901047763,0.1442021176453858,0.13448247067844124,0.1254336503462458,0.11700178668924446,0.10912904546184767,0.10177811733510216,0.09492306176908386,0.08853480353625252,0.08258169104999825,0.07703473235740393,0.07186720856865209,0.06705322992009215,0.06256817026554844,0.05838888224183221,0.054493610222085376,0.05086205736336907,0.04747539916756609,0.04431626121915373,0.04136866969904333,0.038617965946172055,0.036050691965823084,0.0336544676929497,0.031417873412461106,0.02933032929384092,0.027381987690972776,0.02556364170859735,0.023866654001581063,0.02228291046069654,0.020804794137109665,0.019425159599878294,0.01813729661631172,0.016934866554241694,0.01581189584248337,0.014762827660349058,0.01378260904583948,0.012866807671967436,0.01201152629305817,0.011213110707417482,0.01046801211049667,0.00977278709611492,0.009124108890177403,0.008519047856588906,0.007954743133473987,0.007427830473342831,0.006934989713210626,0.006473774094554208,0.006042604249147066,0.0056412800240702825,0.0052687320235448,0.004921492442897864,0.004596020951929504,0.004289975582875359,0.004001572892359803,0.0037344440077181833,0.0034908959781976816,0.0032658624106055314,0.003051545331392187,0.0028444418954584496,0.002645711201641577,0.002469750012802523,0.0023176730190854577,0.0021757989230501203,0.0020340336390221895,0.0018858013811076774,0.001741694909238684,0.0016333275896698491,0.0015477867384334643,0.0014588504758476283,0.0013619504399798126,0.0012482886957586807,0.0011471838885990546,0.0010915900620225973,0.0010405912372607484,0.0009723553386222702,0.0009130447182507135,0.0008327639130086053,0.000778123961948753,0.000742913749975578,0.0006971812072451919,0.0006479599848982108,0.000621378699959385,0.0005627082671065844,0.0005409602238971249,0.0005061828811491052,0.00047716061368766234,0.00045193973650819585,0.0004319726976262605,0.00039674088969150626,0.00038502855147362896,0.00036280423875797367,0.00034077516841035465,0.00032892158067401097,0.0003143189233973209,0.00029784636298370976,0.00028820284481569764,0.0002780506864799232,0.000262224018485938
3.739937302478797,2.9193366271901207,2.91953999359486,2.9197521697095477,2.919972923356271,2.920201874133317,2.9204384625416897,2.9206819138015887,2.9209311955279533,2.921184968321059,2.9214415282057815,2.9216987397236167,2.9219539583483254,2.9222039407649865,2.9224447414319035,2.9226715937480523,2.9228787740935234,2.923059447021598,2.9232054899917856,2.923307296286747,2.923353555206886,2.9233310093507536,2.9232241898432303,2.9230151318474844,2.9226830746655676,2.9222041532448304,2.9215510909534634,2.920692906951648,2.919594655072897,2.9182172142898937,2.916517152663507,2.914446685831328,2.911953745837607,2.9089821644694394,2.905471955562401,2.9013596525820446,2.8965786236794377,2.8910592538259055,2.88472886682771,2.877511280048856,2.8693259645897333,2.860086935715232,2.84970170170672,2.8380707751133545,2.8250882550814405,2.810643665127297,2.7946245453055205,2.776918541585506,2.7574135881246526,2.735995920564382,2.7125478041076647,2.686947991907875,2.6590755999096336,2.6288134371434584,2.596046469794855,2.5606586900915893,2.522536037568861,2.481572006452036,2.437665887380707,2.3907216505054154,2.340655355637473,2.287395256661417,2.230882945568328,2.1710809938227404,2.1079724246421385,2.041569159352577,1.9719139511477919,1.8990887209543628,1.8232186735255902,1.7444802096337035,1.663107608433844,1.5793998107150762,1.4937277101038675,1.4065407113876462,1.3183723272156924,1.2298443177795444,1.1416684898897032,1.0546449895591044,0.969655445077883,0.8876484716978551,0.8096143993773077,0.7365448394323676,0.6693717404998613,0.6088829430694288,0.5556160853366865,0.5097454441884004,0.47099298996958927,0.4386057228166186,0.4114311116820187,0.38808700094455895,0.3671812819683827,0.3475189318313144,0.3282484456741419,0.3089279915435372,0.2895128030936816,0.270273533810773,0.2516588101719314,0.234124905435825,0.2179748364746712,0.20326494630858516,0.1898235713628353,0.17737189758401625,0.16567342816224165,0.1546207628641545,0.14421793199878308,0.13449622968840752,0.12544560791405276,0.11701220177633041,0.10913812796603402,0.10178602996863219,0.09492994719691401,0.08854079384581286,0.0825869026382247,0.07703926546861682,0.07187115109505388,0.0670566590195758,0.06257115317700142,0.05839147754830475,0.05449586887638714,0.050864023594956835,0.047477111320265226,0.04431775252344754,0.0413699689161431,0.03861909797637176,0.03605167816172762,0.033655326884352785,0.031418622228210326,0.029330982236254462,0.027382557090593014,0.02556413780185055,0.023867085523553464,0.022283285541769223,0.020805120848208788,0.019425445516024722,0.01813754752449055,0.016935085518185344,0.01581208505936597,0.0147629898273272,0.013782749390843313,0.012866933552298357,0.012011640827855349,0.011213211335891593,0.010468095210463766,0.009772852308829126,0.009124162763874236,0.008519103920513778,0.007954802749457514,0.007427883099026328,0.0069350253054457365,0.006473790019314278,0.006042613771468801,0.0056413096270336695,0.00526877670199817,0.004921528206203683,0.00459603233372015,0.004289958201208702,0.004001556404700956,0.00373447225589933,0.003490946396108137,0.0032658920709959685,0.0030515389408584067,0.0028443927592856437,0.0026456826903295677,0.0024697947399738578,0.002317738528582949,0.0021758213297559128,0.0020340084721758747,0.001885721748956982,0.0017416763384463397,0.001633392312603345,0.0015478528764530017,0.0014588592611757573,0.001361917633197623,0.0012482044105923443,0.0011471982047686743,0.0010916367452042995,0.0010406112087594664,0.0009723649564963181,0.0009130336834170147,0.0008327138247386838,0.0007781527915633607,0.0007429146183056607,0.0006971587013862632,0.0006479844050140628,0.0006213799168024058,0.000562693318044837,0.0005409726796857449,0.0005061904040958622,0.00047714322923975947,0.000451950465613488,0.00043197259261018356,0.0003967465992389321,0.0003850324428820816,0.00036282649504967076,0.00034076793090552705,0.0003289200868282048,0.00031431118811567734,0.00029785230991580676,0.0002881991214727112,0.0002780482934888944,0.00026222982664195123
3.872038781812555,2.9189453466224586,2.9191581236743396,2.9193804207682983,2.919612061270392,2.919852724749106,2.920101916417767,2.920358931271453,2.920622812080495,2.9208923002868055,2.9211657787233665,2.921441204943203,2.921716033805309,2.9219871278268585,2.9222506536820636,2.922501963120807,2.922735456512537,2.9229444272176446,2.9231208850831347,2.9232553575956457,2.9233366676585764,2.9233516876595043,2.9232850705387294,2.923118960045697,2.92283268435955,2.922402439812149,2.921800974590645,2.92099728591131,2.9199563479719153,2.9186388914671024,2.9170012576864095,2.914995349857144,2.9125686996382982,2.9096646554223717,2.9062226794665333,2.9021787121560205,2.8974655260327875,2.8920129567378754,2.8857478769336313,2.8785937942271116,2.870470029859498,2.8612905867387672,2.8509630263955223,2.8393878685016176,2.82645905792177,2.812065743030095,2.796094920821199,2.778433697726513,2.758969675504039,2.737589042227079,2.7141741473973355,2.6886036875145467,2.660756496466095,2.630515134842768,2.5977646143541677,2.562389069363565,2.5242743319792424,2.483313757354496,2.4394067734973297,2.3924573761796726,2.342381505046263,2.2891075300833967,2.232576982990755,2.172752423886521,2.109616880453697,2.0431822201408,1.9734911837450815,1.900625664619416,1.8247108250153181,1.7459230774673553,1.664496699215441,1.580730661339896,1.4949959347836759,1.4077420477689697,1.3195026949457345,1.2308998929196693,1.1426457953067113,1.055541003705693,0.9704677377292412,0.8883753763712052,0.8102552144661428,0.737100097262697,0.6698435094973137,0.6092751615513683,0.5559348249729064,0.509998972818306,0.4711914656892925,0.4387604294282983,0.4115533444594201,0.3881868874081087,0.3672668909612402,0.34759586087250804,0.32831988813938995,0.3089951543949936,0.2895755152664359,0.2703309244483397,0.25170995128548673,0.2341693128928205,0.2180127194123991,0.20329713699933197,0.1898511960951838,0.177395980737091,0.16569465027333607,0.15463946889969898,0.14423430852457655,0.1345104776854171,0.12545799025165644,0.11702298666646561,0.10914753284870926,0.10179422337967685,0.09493707688244034,0.08854699659765106,0.0825922990035446,0.07704395926222284,0.07187523333712949,0.06706020961293446,0.0625742417520002,0.05839416477003645,0.05449820750949175,0.050866059439094224,0.04747888407895204,0.04431929660908469,0.041371314109588136,0.03862027005007269,0.03605269923183347,0.03365621647289874,0.031419397559248344,0.029331658304613126,0.027383146632547373,0.02556465140403461,0.02386753225499066,0.02228367386826093,0.020805459151767604,0.019425741614574697,0.018137807326685806,0.0169353121709049,0.015812280874228046,0.014763157665866498,0.013782894761784325,0.012867064026973584,0.012011759466188066,0.011213315433101724,0.010468181100390325,0.009772919715456537,0.009124218648831993,0.008519162196897809,0.007954864545440712,0.007427937438960818,0.0069350619576030005,0.006473806360400928,0.006042623814668459,0.005641340574686872,0.005268823013350734,0.004921565025520419,0.004596043887423377,0.004289940049247912,0.004001539631687173,0.0037345018087521858,0.003490998611234011,0.0032659225418441755,0.003051532070536187,0.00284434175326617,0.0026456535802083757,0.002469841294216156,0.0023178063103994344,0.0021758443255087507,0.002033982160340167,0.0018856392227785917,0.0017416575340866336,0.0016334594130837754,0.001547921201155637,0.001458868288525661,0.001361883459538781,0.001248117153676207,0.0011472132723681482,0.001091685041349177,0.0010406317243008313,0.0009723750018677604,0.0009130221704772607,0.0008326620642985611,0.0007781826402332829,0.000742915527410758,0.0006971353555105366,0.0006480097233898078,0.0006213811182329048,0.0005626779320863791,0.0005409855887566727,0.0005061983005454751,0.00047712524341017126,0.0004519615573135059,0.00043197243847545996,0.00039675253520378125,0.00038503643958030234,0.00036284951083392604,0.00034076043963798857,0.00032891852361254784,0.00031430316928812057,0.00029785846898327395,0.00028819525305533996,0.0002780457932918372,0.0002622358518009032
4.008806328898465,2.918521932666498,2.9187443779508246,2.918977074966443,2.9192199045962384,2.9194726085584164,2.9197347591885268,2.920005723923124,2.9202846236403306,2.920570283893887,2.920861177947774,2.9211553603798537,2.921450389878301,2.9217432397091163,2.9220301941950297,2.922306729427836,2.922567376355418,2.9228055643660387,2.9230134435696704,2.923181684193399,2.9232992519224696,2.923353158700548,2.923328189535394,2.9232066073308434,2.9229678397729097,2.922588154907145,2.9220403352744375,2.9212933642400714,2.920312142200158,2.9190572541577926,2.9174848128316175,2.9155464016252295,2.913189137583095,2.910355863667933,2.9069854602052767,2.9030132361324084,2.8983713234870803,2.8929889601313117,2.8867925201218196,2.8797051605818145,2.871646024839551,2.8625290924362115,2.852261984747866,2.840745247627262,2.827872692189745,2.8135330999764863,2.7976129113280135,2.77999865968949,2.760577577505202,2.739235786834532,2.7158557303300697,2.6903160671178186,2.662495350402772,2.6322758719578783,2.5995426778560757,2.564180060827842,2.5260737576288617,2.485116971487728,2.441209268287847,2.3942546860410827,2.344169036736023,2.2908808091363997,2.234331483090018,2.1744836002488346,2.1113202018305377,2.0448530951616872,1.9751250143640762,1.9022178212849798,1.8262566374754128,1.7474178879730766,1.665935847496151,1.5821095195178037,1.4963099555377175,1.4089868116054955,1.3206739708307143,1.2319937153575307,1.1436585579214336,1.056469571759203,0.9713095883011942,0.8891287770154294,0.8109194315474578,0.7376756737178111,0.6703325783616785,0.6096817918054053,0.5562652953143533,0.5102618386163776,0.47139724440130815,0.43892081028912355,0.4116800344284973,0.38829038818391914,0.3673555734529997,0.3476755353028686,0.32839387207346066,0.3090647048647182,0.28964045898891333,0.27039036075842954,0.25176291837932385,0.23421530761278822,0.2180519564699614,0.20333047715920438,0.18987980563331416,0.1774209211569885,0.16571662718829058,0.15465884009822053,0.144251267338077,0.1345252321575345,0.1254708125365014,0.11703415456057635,0.10915727160995076,0.10180270757876453,0.09494445952912334,0.08855341935717362,0.08259788672267963,0.07704881945451757,0.0718794602629207,0.06706388601835571,0.06257743974453542,0.058396947171249665,0.05450062896072321,0.05086816736624829,0.04748071959367521,0.04432089534789075,0.04137270690928038,0.0386214835857474,0.03605375641238191,0.03365713753799657,0.031420200347872324,0.029332358319128494,0.027383757027933046,0.025565183130902048,0.023867994731597675,0.02228407591061454,0.02080580946331207,0.01942604826045822,0.01813807633596487,0.016935546778661777,0.01581248351385694,0.01476333137520664,0.013783045345217829,0.012867199268088313,0.012011882353426427,0.011213423112691493,0.010468269868408759,0.009772989388398053,0.009124276628893879,0.008519222779017137,0.007954928600176357,0.007427993540949773,0.006935099692484209,0.006473823124789426,0.006042634415397167,0.005641372934057398,0.0052688710165110135,0.004921602922443175,0.004596055601943632,0.004289921091102302,0.004001522588072786,0.0037345327322899635,0.0034910526861889257,0.0032659538350052427,0.0030515246846114295,0.002844288803708582,0.002645623881058883,0.00246988975572659,0.002317876439457907,0.002175867917053895,0.002033954644292834,0.0018855536964181103,0.0017416385183398851,0.0016335289803054926,0.0015479917773145006,0.0014588775622139945,0.0013618478554677964,0.0012480268222907712,0.0011472291345379373,0.001091735005077736,0.001040652791576709,0.0009723854954267407,0.0009130101567506477,0.0008326085803571135,0.0007782135436033168,0.0007429164800783368,0.0006971111373582395,0.0006480359739747313,0.0006213822992054354,0.0005626621007508772,0.0005409989681292705,0.0005062065914741617,0.0004771066358507117,0.00045197302323075715,0.0004319722301092345,0.0003967587074330441,0.00038504054275708305,0.00036287331076888816,0.0003407526858454781,0.0003289168873132735,0.0003142948562079986,0.00029786484769674733,0.0002881912334374776,0.0002780431804681658,0.00026224210231390376
4.150404757850476,2.9180640923233097,2.918296464293426,2.9185398412511274,2.918794163610337,2.91905923746771,2.91933470474944,2.9196200080697636,2.919914349449782,2.9202166419236977,2.9205254529264053,2.9208389382129676,2.9211547649098026,2.9214700221443617,2.9217811175526127,2.9220836578338627,2.9223723114276865,2.9226406513527117,2.9228809763053407,2.9230841083131867,2.9232391656310273,2.923333310229093,2.9233514702408967,2.923276039207726,2.9230865559776475,2.922759371770111,2.9222673142366222,2.9215793622693633,2.920660349598156,2.919470719368772,2.9179663550256856,2.916098513551228,2.9138138835220837,2.9110547801892284,2.907759470534638,2.9038625916449927,2.899295587054918,2.8939870442669005,2.8878627863511928,2.8808455740031618,2.87285433980326,2.863803025446745,2.8535993173770637,2.842143807744603,2.829330197475441,2.8150469131918396,2.799179827230964,2.781614866008948,2.7622388525044537,2.74093782071254,2.7175943142301793,2.6920869762841657,2.6642940833528197,2.6340976375857283,2.6013827059033567,2.5660337558051753,2.527936443323996,2.4869838068719696,2.443075549286664,2.3961157691694495,2.3460201438646617,2.2927172826518,2.2361486235556556,2.176276681879901,2.1130845222633443,2.0465838853632046,1.9768175048824193,1.9038672068768303,1.8278580744677577,1.748966545805388,1.6674268925059954,1.5835381527341204,1.4976714619085798,1.410276608446693,1.3218876706127838,1.2331272055452291,1.1447080978562152,1.057431909049205,0.9721821035703743,0.8899096689879674,0.8116079329186975,0.7382723378056235,0.6708396044955591,0.6101033836221175,0.5566079452961232,0.5105343994634644,0.47161060562705615,0.43908708135180746,0.41181134940412056,0.38839763735582933,0.3674474417080423,0.3477580541814958,0.32847048856374994,0.3091367283880728,0.28970771425745856,0.27045191632411053,0.25181777735747085,0.2342629470116117,0.2180925966382127,0.20336500829316695,0.18990943542027308,0.17744674960299614,0.1657393859442557,0.15467890027410003,0.14426882928379575,0.13454051122616642,0.12548409049470052,0.11704571913591666,0.10916735616420535,0.10181149293672527,0.0949521041533207,0.08856006996145953,0.08260367260826725,0.07705385196664467,0.0718838370183324,0.06706769270848988,0.0625807510427689,0.058399828132739424,0.05450313617072329,0.05087034993497779,0.04748262009110793,0.04432255067833733,0.0413741490031013,0.0386227400523486,0.03605485098387855,0.03365809119780693,0.0314210315700246,0.029333083128949024,0.027384389012649217,0.025565733619706304,0.023868473508136683,0.022284492156422628,0.020806172213630476,0.019426365831623556,0.018138354876010992,0.016935789616591156,0.015812693212675418,0.01476351116198217,0.013783201335309912,0.012867339454274554,0.012012009639672047,0.011213534491462965,0.010468361605053657,0.00977306140266357,0.009124336792284467,0.008519285764244143,0.00795499499490796,0.007428051453403788,0.00693513853259525,0.006473840319509391,0.006042645613397356,0.00564140677566941,0.005268920772250979,0.004921641918170023,0.004596067464488724,0.004289901289291876,0.004001505291244084,0.003734565096038797,0.0034911086854793063,0.003265985961586223,0.0030515167445964203,0.0028442338340189115,0.0026455936053631467,0.0024699402084062743,0.002317948992653324,0.0021758921104168185,0.002033925861336722,0.0018854650599279862,0.0017416193163454126,0.00163360110685688,0.0015480646709239386,0.0014588870864789374,0.0013618107540876888,0.0012479333104565232,0.00114724583701433,0.00109178669280296,0.0010406744177453527,0.0009723964589097112,0.0009129976183815484,0.0008325533203957947,0.0007782455385160034,0.0007429174793608741,0.0006970860134201814,0.0006480631920387751,0.0006213834541409062,0.0005626458157985107,0.0005410128354945852,0.0005062152991573576,0.0004770873855569422,0.0004519848753162649,0.0004319719619601892,0.0003967651262595314,0.00038504475343467047,0.00036289792020036886,0.000340744660476368,0.00032891517398561107,0.0003142862377453283,0.00029787145381991156,0.00028818705620164595,0.0002780404492878293,0.0002622485868580364
4.297004704320841,2.9175693917306833,2.917811948980412,2.9180662861973587,2.918332405378435,2.9186101792729238,2.9188993219208017,2.919199353915992,2.9195095615368194,2.919828948761506,2.920156181049644,2.920489519622315,2.9208267448166083,2.9211650669293627,2.921501022807678,2.9218303563018084,2.9221478805866052,2.92244732030517,2.9227211315265462,2.922960297683439,2.923154100025263,2.923289861760816,2.923352666063615,2.923325049574065,2.923186675062916,2.92291398961364,2.9224798780872696,2.921853325708169,2.920999108141685,2.919877531944248,2.9184442518811253,2.9166501929403537,2.9144416019541652,2.9117602441043764,2.9085437406728616,2.904726014481379,2.9002377693558645,2.895006885467659,2.888958577170058,2.882015156982375,2.874095308434732,2.8651129167479925,2.8549757367506676,2.843584427831375,2.8308326074581194,2.816608363323528,2.800796991237638,2.7832837763221585,2.7639550886260946,2.742696847966054,2.7193917051767946,2.693918311260995,2.6661546729253764,2.635982481735333,2.603286809357938,2.5679523143768943,2.529864589536726,2.488916495746953,2.4450078702190523,2.39804289225264,2.3479370983045333,2.2946192187883394,2.2380306616596357,2.178133907240776,2.1149120542791433,2.048376769974206,1.9785707943889104,1.9055759131558678,1.8295171737493197,1.7505710278772428,1.6689717435235478,1.5850183960548612,1.4990822082934177,1.4116131057172951,1.3231453686872776,1.234301839135967,1.1457957867684458,1.0584292785823672,0.9730864339666945,0.8907190871339397,0.8123216361040553,0.7388908894483371,0.6713652719205138,0.6105405092099392,0.5569632422667262,0.5108170279669642,0.47183184037158954,0.4392594673631088,0.4119474639122897,0.38850877423092567,0.36754261223765483,0.3478435202239597,0.3285498320125896,0.3092113134972769,0.2897773639775343,0.2705156674221438,0.25187459655291516,0.23431229063098014,0.21813469072290656,0.20340077343822058,0.18994012219910608,0.17747349795580533,0.1657629545606858,0.15469967410598556,0.14428701596256063,0.1345563336695657,0.12549784042132678,0.11705769456362417,0.10917779885551668,0.10182059019790267,0.09496002009573588,0.08856695652917886,0.08260966371745519,0.07705906293204391,0.07188836893358728,0.0670716343160463,0.06258417967388698,0.0584028111560839,0.05450573218510323,0.050872609795103295,0.047484587877305605,0.044324264607934906,0.04137564213899017,0.03862404097114334,0.036055984272733564,0.03365907861065942,0.031421892236472716,0.029333833613134047,0.02738504334822889,0.02556630352996308,0.023868969159156195,0.022284923111106508,0.020806547849350043,0.019426694719456534,0.01813864328143484,0.016936040968971958,0.015812910213008197,0.014763697240570934,0.013783362934201331,0.012867484770918172,0.012012141479847471,0.011213649689416603,0.010468456403304132,0.00977313583603084,0.009124399231907634,0.008519351254205968,0.007955063813387037,0.007428111225280838,0.006935178500053968,0.006473857951681509,0.006042657451780366,0.005641442173709939,0.005268972343218764,0.00492168203340762,0.004596079460409421,0.0042898806047046,0.004001487761490976,0.003734598973215607,0.00349116667551427,0.003266018931840789,0.0030515082091298875,0.0028441767646090613,0.002645562768577278,0.0024699927400231633,0.002318024048838088,0.0021759169108150145,0.002033895745074828,0.0018853731994613577,0.001741599956457531,0.0016336758888463015,0.0015481399491501099,0.0014588968654683527,0.0013617720849407697,0.0012478365088684532,0.0011472634282848025,0.00109184016278838,0.0010406966093595498,0.0009724079151489199,0.0009129845302722339,0.0008324962307174956,0.0007782786630470872,0.000742918528604933,0.0006970599488944908,0.0006480914142237681,0.0006213845768787311,0.0005626290692807382,0.000541027209242783,0.0005062244472548177,0.00047706747084931783,0.0004519971258562154,0.00043197162800235017,0.000396771802529142,0.0003850490724445451,0.0003629233651700481,0.0003407363541812863,0.0003289133794372475,0.00031427730232896076,0.00029787829537630464,0.0002881827146230301,0.00027803759369177887,0.0002622553144480122
4.448782831127584,2.917035249998378,2.9172882504617927,2.9175538276910236,2.917832047351274,2.9181228511595396,2.9184260278427123,2.9187411788373914,2.9190676778676,2.9194046234093145,2.919750782909969,2.920104527477889,2.9204637555932806,2.9208258042233504,2.921187345556633,2.921544267416956,2.9218915352925414,2.9222230338446775,2.9225313857768906,2.9228077460952826,2.923041570133724,2.923220354330491,2.923329349719158,2.9233512495444653,2.9232658544488843,2.9230497214039044,2.922675806048728,2.9221131123262203,2.92132636808598,2.920275750202926,2.918916686883534,2.9171997668122414,2.91507078261268,2.912470927174546,2.9093371429316184,2.905602594073337,2.901197190227343,2.896048042620028,2.8900796933605433,2.88321394860557,2.8753691982994343,2.8664592476270565,2.8563919205742354,2.845067965205075,2.832380945530633,2.818218630871218,2.8024657354737,2.7850068691486647,2.7657279022219807,2.7445146096706576,2.7212497538375264,2.695812019326348,2.6680791534759734,2.637932516497403,2.6052571658978976,2.5699379672590195,2.531860470520765,2.4909173469126653,2.4470085635399506,2.4000384022640895,2.3499222534430784,2.2965889679286233,2.2399799372143523,2.180057597292469,2.116805092470181,2.050234009543791,1.980387102209708,1.9073461107188205,1.8312360502331433,1.7522333862644972,1.6705723827122159,1.5865521548829513,1.5005440166073691,1.412998035275747,1.3244487005447871,1.2355191492989004,1.1469230500278051,1.059462993072572,0.9740237754483443,0.8915581074982121,0.8130614953970465,0.7395321608509549,0.671910292468929,0.6109937642101131,0.5573316728298943,0.5111101121383584,0.4720612516516975,0.43943820226382385,0.412088559487752,0.38862394356198343,0.3676412059720425,0.3479320399436543,0.32863200026166217,0.3092885519364931,0.2898494940723872,0.27058169312483643,0.25193344682066965,0.23436340022057736,0.21817829141498857,0.20343781722237128,0.1899719040623146,0.17750119925969146,0.16578736207602782,0.15472118716899713,0.1443058497596887,0.13457271894724812,0.12551207920148835,0.11707009552694977,0.10918861247333299,0.10183001049386753,0.09496821703329994,0.08857408747088516,0.08261586736081829,0.07706445870417791,0.07189306152992125,0.06707571563959748,0.06258772980913313,0.058405899868010536,0.05450842015822961,0.05087494969099317,0.04748662534056485,0.04432603921571329,0.04137718812709878,0.03862538791761935,0.03605715765296621,0.03366010097651838,0.03142278339402235,0.029334610681653484,0.02738572082269827,0.025566893544245302,0.02386948227975674,0.02228536929862623,0.020806936833531988,0.01942703532920446,0.018138941898091312,0.016936301129504033,0.015813134765363127,0.014763889833468843,0.013783530352389268,0.012867635410375331,0.012012278033778087,0.011213768829788437,0.010468554358626266,0.009773212769223797,0.009124464045666565,0.008519419354944022,0.007955135141879899,0.007428172906020191,0.006935219616489604,0.006473876028564611,0.006042669977327361,0.005641479206198721,0.005269025793942918,0.004921723288268284,0.004596091573025849,0.004289858996557704,0.004001470022302652,0.003734634440912167,0.0034912267246070064,0.003266052755055128,0.0030514990337621476,0.0028441175128072695,0.002645531389426773,0.002470047442379448,0.0023181016887968567,0.0021759423225629604,0.0020338642251697936,0.0018852779971681654,0.0017415804705203574,0.0016337534260322246,0.0015482176802717612,0.0014589069032276169,0.0013617317737969568,0.001247736304834396,0.0011472819597518407,0.0010918954752083098,0.001040719372289319,0.0009724198881233975,0.0009129708660108809,0.0008324372564598435,0.00077831295654163,0.0007429196314835473,0.0006970329076426728,0.0006481206785966068,0.0006213856606249275,0.0005626118535958794,0.000541042108491686,0.0005062340609014211,0.000477046869353757,0.00045200978747876646,0.0004319712216957359,0.00039677874762974384,0.000385053500400588,0.0003629496724225272,0.0003407277573046575,0.0003289114992103999,0.0003142680379279077,0.0002978853806560422,0.0002881782016525063,0.0002780346072711431,0.0002622622944480805
4.605922041145106,2.916458933090227,2.916722633167687,2.9169997286562364,2.917290351002873,2.9175945132428214,2.91791208140731,2.9182427406936546,2.9185859555282043,2.918940922522478,2.91930651517824,2.9196812190389525,2.920063055815226,2.9204494948343886,2.920837349986228,2.9212226601690343,2.9216005510988285,2.9219650762539366,2.9223090347203566,2.922623763826615,2.9228989047709315,2.923122140026851,2.923278902263083,2.923352055943014,2.9233215548034956,2.923164081170352,2.9228526766345038,2.9223563779895043,2.9216398773611134,2.9206632307177154,2.9193816436073723,2.917745365638231,2.9156997238492957,2.913185317003882,2.9101383749475254,2.906491257018732,2.902173020829558,2.8971099421701583,2.8912258211233905,2.88444189217825,2.8766762000760595,2.867842440572236,2.8578485042664554,2.846595249392127,2.833976219811053,2.8198788921030142,2.804187398151714,2.786785639275565,2.767558936012724,2.746392882792961,2.7231703551014923,2.6977700989958455,2.6700696167741187,2.6399499171443694,2.607296021541988,2.5719930176785057,2.53392643645247,2.4929887481146036,2.449080043038397,2.4021047292202695,2.3519780470747076,2.298628965678609,2.2419988756401517,2.182050158621941,2.1187660166435287,2.0521579491054966,1.9822687310608573,1.9091800521268947,1.8330168990773683,1.753955751237491,1.6722308680823543,1.5881414078382183,1.50205877906785,1.4144331960899554,1.3257993653263704,1.2367807291423718,1.1480913689965495,1.0605344170681337,0.974995371467499,0.8924278491214084,0.8138285034796745,0.7401970179387728,0.6724754070368806,0.6114637687643472,0.5577137437307124,0.5114140561068081,0.47229915505222214,0.43962352960994655,0.4122348249869733,0.38874329578082745,0.367743348440204,0.3480237237991272,0.3287170947213722,0.30936853878139264,0.28992419359596977,0.2706500754059646,0.2519944016346486,0.23441633982369173,0.21822345336383092,0.20347618592604116,0.19000482050332315,0.1775298877663749,0.1658126385858522,0.15474346596819216,0.14432535387426107,0.13458968722536,0.1255268243322194,0.11708293724018883,0.10919981026891974,0.10183976535765354,0.09497670499150385,0.08858147149969672,0.08262229111161058,0.07707004586454819,0.0718979205265287,0.06707994164959924,0.06259140576902739,0.05840909802492363,0.05451120335714953,0.050877372464970184,0.047488734954387865,0.044327876654793395,0.04137878884202582,0.03862678252346718,0.036058372547975295,0.03366115953849705,0.031423706126763026,0.029335415276413906,0.027386422251465745,0.025567504369014758,0.023870013486395888,0.022285831262222684,0.02080733964628464,0.019427388080402754,0.018139251083401708,0.01693657040159314,0.01581336712872892,0.014764089171693888,0.01378370380912688,0.012867791572186989,0.01201241946626525,0.011213892039084575,0.0104686555690159,0.009773292286113486,0.009124531336806825,0.008519490177073477,0.007955209069162025,0.007428236545469845,0.006935261902933621,0.006473894557615168,0.006042683240815122,0.005641517955160963,0.0052690811908264225,0.004921765702158292,0.004596103783439799,0.0042898364223643145,0.004001452100689106,0.0037346715802847362,0.0034912889029660357,0.00326608743942443,0.003051489170724075,0.002844055992771534,0.0026454994902257068,0.00247010441148332,0.0023181819952090344,0.002175968348969927,0.0020338312270867173,0.0018851793310947214,0.00174156089416242,0.0016338338219576065,0.0015482979336103515,0.0014589172036870328,0.0013616897424289303,0.001247632582218209,0.0011473014859058812,0.001091952692210747,0.0010407427116388712,0.0009724324030113659,0.0009129565977942447,0.0008323763416132451,0.000778348459650956,0.000742920792032234,0.0006970048521453057,0.0006481510247039533,0.0006213866978956276,0.0005625941615501755,0.0005410575531160054,0.0005062441668038394,0.0004770255579819351,0.00045202287316082213,0.00043197073594362196,0.00039678597352183344,0.0003850580376693415,0.00036297686941116143,0.0003407188598760111,0.0003289095285623449,0.00031425843203182366,0.00029789271822254596,0.00028817350989861874,0.0002780314832450083,0.0002622695365840957
4.768611697714469,2.915837547798958,2.9161122014093923,2.91640109087513,2.916704415560609,2.9170222621988087,2.9173545767801796,2.9177011312286876,2.9180614839903267,2.9184349335263486,2.9188204635549284,2.9192166787215985,2.919621729202224,2.9200332225562087,2.9204481209585254,2.9208626217574536,2.9212720191465316,2.92167054462768,2.9220511839109737,2.922405467991164,2.922723236423409,2.922992371370886,2.9231985019152793,2.9233246795272207,2.9233510276208157,2.923254370897042,2.9230078538190387,2.9225805620848977,2.921937166243951,2.9210376122496613,2.919836888955765,2.91828490596773,2.9163265147719515,2.9139016988646054,2.9109459414239947,2.9073907490222384,2.9031642661108594,2.898191861464983,2.8923965166417496,2.8856988213156796,2.8780164153900074,2.869262848939165,2.859346072399192,2.8481670751463506,2.835619417459875,2.8215903143928824,2.8059633197392273,2.7886215946997313,2.769449856845183,2.748333478800008,2.7251554474799127,2.6997946000631865,2.6721282125496275,2.642036923145169,2.6094056921293634,2.5741198432436105,2.536064915591961,2.4951331684699687,2.451224806506292,2.4042443890186864,2.354107004385369,2.3007417359729647,2.244089991145953,2.1841140866893327,2.1207972950962763,2.0541510214716707,1.9842180703327594,1.9110800751683361,1.8348619989083266,1.755740334425896,1.673949336585466,1.58978820976741,1.5036284611059152,1.415920457036426,1.3271991284978368,1.238088234251304,1.1493022834184081,1.0616449691814291,0.9760025150317653,0.8933294759245928,0.814623693122558,0.7408863618678625,0.673061386901576,0.611951168638334,0.5581099827887749,0.5117292808710466,0.47254587931236036,0.4398157030163189,0.41238645691740844,0.3888669872432591,0.36784916995809996,0.348118686347681,0.3288052205053915,0.30945137256338956,0.29000155485029766,0.27072089925093923,0.2520575371885284,0.23447117586640512,0.21827023325354722,0.20351592754603573,0.19003891247004653,0.17755959898063806,0.165838815282487,0.15476653797334503,0.14434555234954674,0.13460725940303717,0.125542093945221,0.11709623546834298,0.10921140597240127,0.10184986673853672,0.0949854943572001,0.08858911764238216,0.08262894281536616,0.0770758312310122,0.07190295184776747,0.06708431749463524,0.06259521202877927,0.058412409517599635,0.054514085165660246,0.05087988106084295,0.04749091928055601,0.04432977915505375,0.04138044622513411,0.03862822647864107,0.036059630432376776,0.0336622555844195,0.03142466155734526,0.029336248372310792,0.027387148478242633,0.025568136735493664,0.023870563417735354,0.02228630956519265,0.02080775678539354,0.0194277534073033,0.018139571206681495,0.016936849098644124,0.01581360757089207,0.014764295495222205,0.013783883532840546,0.01286795346328961,0.012012565947149015,0.011214019447113002,0.010468760135042325,0.009773374473944864,0.009124601214283424,0.008519563835941827,0.007955285686497993,0.00742830219380727,0.006935305379701619,0.006473913546561486,0.006042697297367975,0.005641558506802041,0.005269138602128436,0.004921809293656439,0.004596116070331917,0.004289812837906748,0.004001434027530372,0.0037347104767490097,0.0034913532826745027,0.0032661229919193624,0.003051478568678757,0.0028439921154073404,0.0026454670972215206,0.0024701637477245924,0.0023182650525972424,0.0021759949922301827,0.0020337966718181172,0.001885077075087846,0.0017415412671122643,0.0016339171840886791,0.0015483807794482792,0.0014589277706488423,0.0013616459083733992,0.0012475252213887487,0.0011473220645076127,0.0010920118779827875,0.0010407666316576629,0.0009724454862439895,0.0009129416963445413,0.0008323134290444031,0.0007783852143704248,0.0007429220146890278,0.000696975743457451,0.0006481824936288916,0.0006213876804557236,0.0005625759864244579,0.0005410735637776621,0.0005062547933435947,0.0004770035129110882,0.00045203639623505687,0.0004319701630460125,0.00039679349277105193,0.0003850626843370948,0.0003630049843022409,0.0003407096516013284,0.00032890746244438793,0.0003142484716305774,0.00029790031691914607,0.00028816863160845477,0.000278028214436684,0.00026227705095565115
4.937047852839003,2.9151680358627323,2.915453893423521,2.9157548489518437,2.9160711718803958,2.916403025040941,2.9167504370675004,2.9171132696159976,2.9174911785211206,2.9178835678750623,2.9182895358604366,2.9187078110010334,2.9191366773107306,2.9195738866259475,2.9200165562065807,2.9204610494942815,2.9209028377406643,2.9213363400844603,2.921754739598784,2.9221497728934347,2.922511491104791,2.9228279906190235,2.9230851127565227,2.923266113021814,2.923351302536155,2.9233176670658403,2.9231384727617162,2.922782872388122,2.9222155313491958,2.9213962988641167,2.920279955434809,2.9188160719336436,2.91694901610349,2.9146181360882637,2.911758134297279,2.908299615141474,2.9041697454947135,2.8992929102776497,2.893591188848224,2.8869844443164934,2.879389843068827,2.8707207452246686,2.8608851489569145,2.8497841944969724,2.8373114982085292,2.823354050905582,2.807794838565303,2.790516253072443,2.771402353015426,2.7503382419123907,2.727207012237756,2.7018876234470657,2.674257148896794,2.644195839077055,2.6115885647401984,2.576320897798921,2.538278416458343,2.4973531609304334,2.453445438469575,2.406459986356696,2.356311741030998,2.302929894289087,2.2462558900265654,2.1862519692008373,2.1229014880213666,2.0562157506635907,1.9862375995124297,1.9130486062611571,1.8367737151840648,1.7575894321233156,1.6757300073470893,1.5914946948908428,1.5052551044112215,1.417461759829221,1.3286498246494038,1.2394433853448699,1.150557393922003,1.0627961244265922,0.977046550866697,0.8942641986876504,0.8154481389706708,0.741601130612813,0.6736690351072151,0.6124566364045099,0.5585209398812607,0.5120562250919638,0.4728017669438481,0.4400149866241922,0.4125436597840887,0.3889951804862373,0.36795880582557106,0.34821704640555956,0.328896486570608,0.30953715539874116,0.2900816735074317,0.27079425277140284,0.2521229325007703,0.23452797725052751,0.21831868988253256,0.20355709186218557,0.19007422242065233,0.17759036970777461,0.1658659244962201,0.15479043165509765,0.14436647010462378,0.13462545713979754,0.12555790683048773,0.11711000654754306,0.10922341381045786,0.1018603270173801,0.09499459589189213,0.0885970352508664,0.08263583059986229,0.07708182186641323,0.07190816163063408,0.06708884850789464,0.06259915322390229,0.0584158383760569,0.05451706908852901,0.05088247852756737,0.04749318097231698,0.044331749025895796,0.04138216228695429,0.038629721533502324,0.03606093283390939,0.033663390448429385,0.0314256508482887,0.0293371109783083,0.027387900375998635,0.025568791400580295,0.02387113273553325,0.022286804791697708,0.02080818876696713,0.019428131759302362,0.01813990264947381,0.016937137544363,0.01581385636877557,0.01476450905345934,0.01378406976156381,0.012868121298220016,0.01201271765135883,0.011214151187012888,0.010468868159893223,0.00977345942359315,0.009124673793152573,0.008519640451785363,0.00795536508760447,0.007428369901453379,0.006935350066266308,0.006473933003495145,0.006042712206837321,0.00564160095168317,0.0052691980979314955,0.004921854080382343,0.004596128409742893,0.004289788197218208,0.0040014158379555595,0.0037347512201795557,0.0034914199376553574,0.003266159418141826,0.003051467172454444,0.0028439257882910507,0.0026454342409671736,0.0024702255560539576,0.002318350947259932,0.002176022253305242,0.002033760475589705,0.0018849710987050739,0.0017415216335362475,0.001634003623958353,0.0015484662889341146,0.0014589386077738919,0.0013616001846777246,0.0012474140991759759,0.0011473437567800528,0.0010920730988189505,0.0010407911356452176,0.0009724591655603216,0.000912926130819808,0.000832248460525794,0.0007784232640780729,0.0007429233043390111,0.0006969455411638847,0.0006482151280493743,0.0006213885992521086,0.0005625573220468672,0.0005410901619568821,0.0005062659706868199,0.0004769807095633092,0.0004520503703970354,0.0004319694946491,0.00039680131858267344,0.00038506744017346523,0.0003630340459776155,0.00034070012185421063,0.00032890529547893954,0.000314238143192911,0.000297908185875591,0.000288163558647243,0.00027802479324837446,0.0002622848480483137
5.111433483440167,2.9144471682746826,2.914744475612079,2.915057764475328,2.9153873765233813,2.915733553100708,2.9160964081893983,2.9164758962120545,2.916871773802189,2.9172835545199276,2.917710455334513,2.9181513335212705,2.9186046124304066,2.9190681943810777,2.919539358722007,2.9200146428890066,2.920489704094717,2.920959159129206,2.921416399664124,2.921853380483729,2.922260378275878,2.9226257190880607,2.922935473394258,2.923173119058469,2.9233191744716605,2.9233508069410505,2.923241425168444,2.9229602694495957,2.922472019002407,2.921736442277051,2.920708122491764,2.919336295643964,2.9175648397422176,2.915332448975319,2.912573011247613,2.909216178227346,2.9051880716460925,2.90041201034786,2.894809080205014,2.8882983266179862,2.880796363617974,2.8722163077585363,2.8624661862479446,2.8514473076873603,2.8390533869899595,2.825171234544504,2.8096832857969147,2.792471137585643,2.773418131100247,2.7524090469496745,2.7293270722145295,2.7040513208133317,2.676458692512696,2.6464290354142923,2.6138470990406826,2.578598713253908,2.5405695300119686,2.4996513647762217,2.4557446129791844,2.408754217731059,2.358594966310785,2.305196150972437,2.248499274080314,2.1884664896117196,2.125081251049293,2.0583547554830894,1.9883298917496794,1.91508816400259,1.838754503704959,1.7595054287384637,1.677575185045347,1.5932630800926626,1.5069408301174978,1.4190591220855302,1.3301533604273863,1.2408479710609308,1.1518583646450626,1.0639894166712673,0.9781288776850481,0.895233277126707,0.8163029594196389,0.7423423006362815,0.6742991879233559,0.6129808726876518,0.5589471879790127,0.5123953459284362,0.4730671748830607,0.4402216555942204,0.4127066464546172,0.3891280444980544,0.36807239653249696,0.348318927215052,0.32899100586272373,0.309625993122726,0.2901646487362819,0.27087022732444904,0.2521906695239991,0.23458681545045323,0.21836888424638398,0.2035997305067896,0.19011079438162048,0.17762223810295358,0.1658939997381372,0.15481517652253965,0.14438813296725025,0.13464430288401114,0.12557428246085753,0.11712426740626483,0.10923584852470515,0.10187115902256749,0.09500402074553156,0.08860523401417464,0.08264296288545987,0.0770880250875353,0.07191355623251937,0.06709354021389197,0.0626032341560371,0.058419388774606125,0.05452015875586882,0.050885168023042826,0.04749552277768957,0.04433378865911157,0.04138393910967855,0.03863126950104802,0.03606228133540847,0.033664565512643775,0.031426675203319696,0.029338004138547064,0.02738867884795549,0.025569469147812718,0.023871722125584548,0.022287317547607422,0.020808636126096357,0.019428523601366522,0.01814024580588912,0.016937436073068763,0.015814113808802984,0.014764730105750041,0.01378426274338719,0.012868295299312145,0.012012874758950496,0.011214287395281566,0.010468979749421849,0.009773547229854075,0.009124749194988508,0.008519720149882148,0.007955447368593804,0.007428439718979629,0.0069353959811215135,0.00647395293698288,0.0060427280342099515,0.005641645384896533,0.005269259750091384,0.004921900078853658,0.004596140774837564,0.0042897624525749765,0.004001397571753615,0.0037347939051130467,0.0034914889436199964,0.0032661967221693454,0.0030514549227574363,0.002843856915600859,0.00264540095672238,0.0024702899461654004,0.0023184397671859834,0.0021760501317978453,0.0020337225495455553,0.0018848612671325147,0.0017415020423995691,0.0016340932573143765,0.0015485545339736272,0.0014589497185677875,0.0013615524796311478,0.00124729908883534,0.001147366627610855,0.0010921364231926591,0.0010408162258495669,0.0009724734700632873,0.0009129098687170527,0.0008321813767716419,0.0007784626535742831,0.0007429246663637572,0.0006969142033343793,0.0006482489722983571,0.0006213894443411258,0.0005625381628721679,0.0005411073699840119,0.0005062777309010565,0.0004769571225845263,0.00045206480971255234,0.0004319687216900621,0.00039680946483819737,0.0003850723045910575,0.00036306408403544523,0.00034069025966698734,0.0003289030219346346,0.0003142274326440234,0.00029791633451442236,0.0002881582824767515,0.0002780212116340967,0.0002622929387458884
5.291978735958442,2.9136715398377397,2.9139805370327077,2.9143064204372187,2.9146496060926506,2.915010416273139,2.9153890530228357,2.9157855665835997,2.9161998178265627,2.9166314336592567,2.9170797542198037,2.917543770490616,2.918022050766768,2.918512654201063,2.9190130294237155,2.919519896008221,2.9200291063404946,2.9205354852673513,2.9210326447847272,2.9215127710211433,2.921966380940551,2.922382046615178,2.9227460857124696,2.92304221813679,2.923251190726678,2.9233503747068914,2.9233133443969916,2.9231094505963875,2.9227034080818886,2.9220549235032993,2.9211183969695913,2.9198427364881927,2.918171327024715,2.9160421921909188,2.9133883724874705,2.91013851545297,2.906217627174409,2.9015478727602875,2.896049245293016,2.8896398711117515,2.8822357216913006,2.8737496055974883,2.864089552274626,2.853157052843289,2.8408459655442417,2.827042971064906,2.8116299797075435,2.7944877722318737,2.7754989122335596,2.7545477967098337,2.7315176902860463,2.7062878939365027,2.6787351687426666,2.6487389491709554,2.6161838285333054,2.580955901371896,2.542940931835457,2.502030508135231,2.45812509645829,2.411129874517742,2.3609594864358336,2.3075433146756867,2.2508229441506122,2.190760430764,2.127339338931071,2.0605707532316577,1.9904976175736118,1.9172013628721558,1.8408069142784025,1.7614908004001255,1.679487263442517,1.5950956683620756,1.5086878421358227,1.4207146405350641,1.3317117176049742,1.2423038508741175,1.153206925986089,1.065226441208804,0.97925095056879,0.896238022076279,0.8171893185878736,0.7431108886452119,0.6749527163801566,0.6135246074771644,0.5593893242389313,0.5127471199191529,0.47334247517921646,0.4404359966265236,0.41287563854374304,0.38926575500229704,0.36819008797471725,0.3484244566188679,0.329088895467754,0.30971799542911527,0.2902505833344418,0.2709489176366689,0.25226083325893456,0.2346477646141223,0.21842087962436266,0.20364389703699076,0.19014867400820423,0.177655243722583,0.16592307574466586,0.15484080316228008,0.14441056770803729,0.13466381990249407,0.125591241017524,0.11713903558737089,0.10924872539078424,0.10188237604655029,0.09501378047084444,0.08861372397083123,0.08265034839583578,0.07709444847439668,0.07191914223925622,0.06709839833543879,0.06260745979899204,0.05842306503708894,0.0545233579276761,0.050887952818048525,0.04749794754289084,0.04433590053185828,0.041385778849748416,0.03863287225922839,0.036063677576847315,0.033665782208849776,0.03142773586873737,0.029338928933481903,0.02738948482862296,0.02557017078838589,0.023872332298713005,0.022287848461376766,0.02080909941752572,0.01942892941445463,0.0181406010829516,0.016937745030016008,0.01581438018729182,0.014764958921930037,0.013784462736922003,0.012868475696883092,0.012013037455127652,0.011214428211799538,0.010469095012197411,0.009773637991772617,0.0091248275483254,0.008519803060700215,0.007955532627895183,0.007428511697007964,0.006935443141637591,0.006473973356202427,0.006042744850046289,0.00564169190623862,0.005269323632166706,0.004921947304331212,0.004596153135651069,0.004289735554501308,0.0040013792738180535,0.0037348386309541933,0.0034915603779976014,0.003266234906387366,0.0030514417558633496,0.0028437853980571286,0.0026453672848858857,0.0024703570326812365,0.0023185316019490435,0.002176078625817226,0.0020336827994112336,0.001884747441112284,0.0017414825478518528,0.0016341862042725417,0.0015486455871050403,0.001458961106366609,0.001361502696479919,0.001247180060022005,0.0011473907457651823,0.0010922019218311339,0.0010408419033591774,0.000972488430276607,0.0009128928757672041,0.0008321121174811745,0.0007785034291225632,0.0007429261066962764,0.0006968816864791772,0.000648284072425896,0.000621390204809594,0.0005625185040678419,0.0005411252110721233,0.000506290108079565,0.00047693272582284584,0.00045207972862524795,0.0004319678343370158,0.00039681794613416797,0.00038507727660086146,0.0003630951287887144,0.0003406800537218775,0.00032890063569920137,0.0003142163253422093,0.00029792477255709146,0.0002881527941322563,0.0002780174610708619,0.00026230133434248105
5.478901179593942,2.9128375640164457,2.9131584841929894,2.913497215961099,2.9138542518887847,2.9142299975887767,2.914624745878639,2.9150386458767166,2.9154716661448696,2.915923550844494,2.9163937677082603,2.9168814464457897,2.917385305997137,2.9179035688255195,2.918433860204385,2.918973090211727,2.919517315909839,2.9200615809822463,2.9205997299524493,2.9211241940662935,2.9216257460439072,2.922093221283491,2.9225132038394457,2.922869676742557,2.9231436381496336,2.923312687593375,2.9233505904380137,2.923226833675447,2.9229061924442257,2.9223483339067875,2.9215074927582125,2.9203322594139047,2.9187655257156013,2.916744630635542,2.9142017357750407,2.9110644328356154,2.9072565391330585,2.9026989729793247,2.89731052699291,2.891008296078267,2.8837075063049267,2.875320581376694,2.8657555163404513,2.854913994183351,2.8426900628510765,2.828970331239646,2.8136362191496724,2.7965676763619824,2.7776464277565283,2.756756418816753,2.733780967411841,2.7085995937592435,2.681088961402253,2.651128084372025,2.6186013616904718,2.583395155504045,2.5453953843037667,2.504493410519744,2.4605897506013115,2.413589846130962,2.3634082078934413,2.3099742959139298,2.2532298037950977,2.193136678663359,2.1296786093680793,2.062866563583184,1.992743548766127,1.9193909170955514,1.8429335945448955,1.7635481187234885,1.6814687290774029,1.5969948523933413,1.5104984306434257,1.4224304943808699,1.333326956299573,1.243812958154848,1.154604877490553,1.0665088574576735,0.9804142834703088,0.8972797977822051,0.8181084283901604,0.7439079534388963,0.6756305278851489,0.6140886015101745,0.5598479711562226,0.5131120439133761,0.4736280557210262,0.44065830850958,0.4130508668187782,0.3894084947564457,0.36831203168027477,0.3485337672421616,0.32919027676970053,0.30981327601516984,0.2903395838652689,0.2710304219332385,0.2523335118730867,0.2347109016682821,0.21847474166956918,0.2036896470102255,0.19018790864740498,0.1776894275777632,0.16595318852389998,0.1548673432790759,0.14443380207598205,0.1346840323112754,0.12560880341655278,0.11715432927101323,0.10926206023819252,0.10189399186303266,0.09502388703820777,0.08862251552173254,0.08265799616912338,0.07710109987989494,0.07192492647347061,0.06710342880087711,0.0626118353050092,0.05842687164231174,0.05452667049853682,0.05089083630032541,0.047500458215890086,0.044338087209743915,0.041387683740540554,0.038634531753355524,0.03606512325744456,0.03366704202024095,0.03142883413480711,0.02933988648105149,0.027390319284882284,0.025570897162227157,0.02387296399181745,0.02228839818495746,0.02080957921633284,0.01942934969593375,0.018140968900952813,0.016938064771729752,0.01581465581088094,0.014765195782923247,0.013784670011775923,0.012868662729405357,0.012013205930245819,0.011214573779853939,0.010469214059560139,0.009773731813015572,0.009124908989123987,0.00851988932003926,0.007955620966150247,0.007428585886103674,0.006935491563908658,0.00647399427110644,0.006042762730949542,0.005641740620379711,0.005269389819324461,0.0049219957706513,0.0045961654588159455,0.004289707451790156,0.004001360994627678,0.003734885502183169,0.0034916343198419628,0.003266273971308649,0.0030514276032851378,0.0028437111328745725,0.002645333271460754,0.002470426935339283,0.002318626542579112,0.002176107731835393,0.0020336411251331713,0.0018846294768816512,0.0017414632096383338,0.0016342825894751728,0.0015487395213572947,0.001458972774321843,0.0013614507331255843,0.0012470568787769324,0.001147416184109621,0.0010922696677937915,0.001040868167987996,0.0009725040782023111,0.0009128751158210919,0.0008320406213899742,0.0007785456384915714,0.0007429276318819483,0.0006968479455049313,0.0006483204762629274,0.0006213908686889432,0.0005624983416075366,0.0005411437093501515,0.0005063031384735447,0.0004769074923064722,0.0004520951419645853,0.0004319668219234125,0.00039682677782336195,0.0003850823547628718,0.0003631272112615533,0.0003406694923421041,0.00032889813024993155,0.0003142048060543137,0.00029793351002993155,0.0002881470841980909,0.0002780135325278282,0.00026231004655456936
5.672426068491977,2.9119414681347555,2.912274536200376,2.912626361397425,2.912997514941555,2.9133884881725898,2.913799667376592,2.9142313035953005,2.9146834765323555,2.9151560515186046,2.9156486283310024,2.9161604804702193,2.9166904832907234,2.917237029145275,2.9177979274569736,2.918370287373579,2.918950380403207,2.919533480197468,2.920113676467972,2.920683659938866,2.921234475314292,2.9217552395609894,2.9222328234867745,2.922651495781077,2.922992530552326,2.923233782152543,2.9233492349321764,2.923308540693762,2.9230765630802376,2.92261295578573,2.921871809756046,2.920801412261235,2.9193441657794494,2.917436713806363,2.9150103096232525,2.911991437671781,2.9083026511833436,2.903863523357077,2.898591530030388,2.8924026104791256,2.885211128515874,2.8769290318422165,2.8674642326390454,2.8567186085535137,2.8445864442158006,2.830954341946017,2.8157032761302676,2.7987123584555023,2.7798624141620363,2.759036861961211,2.73611904020463,2.7109887191019455,2.6835225123406024,2.6535990123236677,2.6211023829462157,2.585919252250223,2.54793573873197,2.507042985372018,2.4631415353190147,2.4161371232598534,2.3659441409067363,2.3124921107379026,2.255722863085926,2.1955982263997704,2.1321020269945596,2.0652451126166795,1.9950705623994291,1.921659644676914,1.8451372939732134,1.765680054745854,1.683522165126715,1.59896311835274,1.512374975736159,1.4242089488196363,1.335001218344627,1.2453773033770192,1.1560540908791217,1.067838391795326,0.9816204518396024,0.8983600243118073,0.819061550718701,0.7447345978544104,0.6763335679265202,0.6146736477298294,0.560323777780289,0.5134906360537844,0.4739243210043084,0.4408889026998354,0.41323257162720844,0.3895564538660203,0.36843838504657583,0.34864699668260435,0.329295275614681,0.309911952732404,0.29043176080044136,0.27111484207227143,0.25240879682443584,0.23477630642825384,0.21853053850301304,0.20373703806289364,0.19022854740357878,0.1777248321899244,0.16598437540378327,0.15489482973808535,0.14445786483541842,0.13470496510758767,0.12562699133644484,0.1171701672984335,0.10927586947088612,0.10190602074482226,0.0950343528510995,0.08863161944351297,0.08266591556947753,0.07710798743981799,0.07193091600324844,0.06710863775158464,0.06261636601126486,0.058430813229682126,0.0545301005025075,0.05089382197880943,0.0475030578500944,0.04434035135002849,0.04138965609515492,0.03863624999860562,0.036066620137834855,0.03366834648318988,0.03142997133718042,0.029340877937883106,0.02739118321712307,0.025571649139136503,0.02387361796897553,0.02228896739474205,0.020810076118613005,0.019429784959987283,0.018141349693813542,0.016938395666354175,0.015814940996997547,0.014765440981387979,0.01378488484903704,0.012868856643662056,0.01201338037979729,0.011214724246160929,0.010469337005682942,0.009773828802293655,0.00912499366126174,0.008519979069163946,0.007955712486079661,0.007428662336660584,0.006935541262592556,0.006474015692619304,0.006042781760066319,0.005641791637027684,0.005269458388217645,0.004922045490043883,0.004596177707269409,0.004289678091542868,0.0040013427907654615,0.0037349346285629886,0.003491710849712281,0.003266313915379076,0.003051412391416193,0.002843634013729073,0.0026452989685546483,0.002470499779181576,0.002318724681408562,0.0021761374445341303,0.002033597420492662,0.00188450722612635,0.0017414440935377912,0.0016343825422551613,0.0015488364100894791,0.0014589847253845573,0.0013613964818057797,0.0012469294075262514,0.001147443019847479,0.001092339736554796,0.0010408950181537643,0.0009725204473787918,0.0009128565507251216,0.000831966826330005,0.0007785893309987125,0.0007429292491460979,0.0006968129336711082,0.0006483582334868963,0.0006213914228616952,0.000562477672372109,0.0005411628898964422,0.0005063168606326107,0.00047688139422103604,0.00045211106495418764,0.00043196567287645397,0.00039683597605850215,0.0003850875371314792,0.0003631603631828368,0.0003406585634831772,0.00032889549862139895,0.00031419285893010524,0.0002979425572697261,0.0002881411427816067,0.0002780094164334517,0.00026231908753262195
5.872786613189481,2.9109792889635324,2.91132472031429,2.9116898738337857,2.9120754014707613,2.9124818826464987,2.9129097997792015,2.913359508853825,2.913831204146282,2.9143248760612703,2.9148402608715847,2.9153767809522932,2.915933473884871,2.9165089085651,2.9171010861871927,2.9177073237015794,2.918324117066618,2.9189469813539177,2.9195702645520507,2.9201869317873808,2.9207883167054427,2.9213638370177106,2.9219006718325664,2.9223833995059016,2.9227935965527987,2.9231094008752434,2.923305046414939,2.923350381544857,2.9232103901842343,2.922844742663754,2.922207412294367,2.921246402281977,2.9199036340275755,2.918115048699655,2.9158109647042414,2.9129167088282415,2.9093534933044594,2.9050394429350637,2.899890591650032,2.893821586326895,2.886745796258522,2.878574585752782,2.869215721532304,2.858571270032088,2.8465357988055606,2.8329959760200154,2.81783238737327,2.8009233090081618,2.7821486072449844,2.761391091451221,2.7385340779487723,2.7134576149669276,2.6860383207051957,2.6561543716498006,2.6236896535170984,2.588531053025528,2.5505649374874544,2.5096822426085597,2.4657835117226186,2.4187748011804024,2.3685704029889383,2.315099884526763,2.258305242544766,2.198148178216344,2.134612667518741,2.0677094370155102,1.997481645044853,1.9240104716073598,1.8474208680327049,1.7678893830401754,1.685650255444145,1.6010030498211927,1.5143199512532661,1.4260523587300105,1.3367367308243117,1.246998977482571,1.1575565132258983,1.069216840534162,0.9828710953847442,0.8994801800881442,0.8200499997380045,0.7455919708153207,0.6770628218682221,0.615280572823513,0.560817420998327,0.513883436814789,0.4742316929432773,0.44112810393407176,0.4134210033479623,0.3897098301152556,0.3685693115891092,0.34876428770893325,0.3294040224818174,0.31001414774337005,0.2905272286682283,0.2712022836846717,0.25248678299032734,0.23484406171241792,0.2185883408117661,0.20378612999240558,0.19027064120679835,0.17776150164874724,0.16601667508223183,0.1549232966088174,0.14448278580444765,0.13472664420313502,0.12564582724679244,0.11718656919669851,0.109290170088687,0.10191847748237386,0.09504519076214556,0.08864104690242411,0.08267411629908147,0.07711511958323594,0.07193711815113044,0.06711403154976288,0.06262105744661334,0.058434894605056215,0.054533652118178115,0.05089691348802228,0.047505749608170625,0.044342695704945596,0.04139169830930966,0.03863802908261636,0.036068170042298744,0.03366969718905231,0.03143114885834091,0.02934190450053676,0.027392077660440918,0.02557242761999768,0.023874295022607392,0.022289556792538752,0.02081059074216402,0.019430235738013384,0.018141743909454874,0.016938738094017785,0.015815236074370253,0.014765694822415364,0.01378510754176255,0.012869057694881345,0.012013561004375173,0.011214879760887654,0.010469463967642196,0.00977392907383953,0.009125081717044964,0.008520072454926924,0.007955807292316949,0.00742874109877847,0.006935592250744666,0.0064740376328724135,0.0060428020276193555,0.005641845071083616,0.005269529416830266,0.004922096472935548,0.00459618983993989,0.004289647419232096,0.004001324725477598,0.003734986125345188,0.003491790049523905,0.003266354734768979,0.0030513960411465714,0.00284355393074214,0.00264526443491725,0.0024705756947440826,0.0023188261118898333,0.0021761677566424407,0.0020335515726925433,0.0018843805359508702,0.0017414252718283812,0.0016344861968060893,0.0015489363268099735,0.0014589969622883017,0.001361339828756888,0.001246797505096722,0.0011474713347658992,0.0010924122060898015,0.0010409224507492857,0.0009725375729390126,0.0009128371401855881,0.0008318906692995204,0.0007786345575553627,0.0007429309664689321,0.0006967766025473814,0.0006483973956890639,0.0006213918529597414,0.0005624564942588251,0.0005411827787725766,0.0005063313155540264,0.0004768544028863461,0.00045212751322071465,0.00043196437463880155,0.0003968455578386416,0.0003850928211950754,0.0003631946169770788,0.0003406472547242947,0.00032889273337016967,0.0003141804674753534,0.00029795192492898244,0.00028813495948550575,0.0002780051026404479,0.00026232846987245067
6.080224261649422,2.909946868733049,2.910304867938855,2.910683573062361,2.9110837188218133,2.9115059750251704,2.911950922838245,2.9124190261633345,2.9129105972378975,2.9134257554108025,2.913964377878798,2.9145260409664497,2.915109950307656,2.9157148580361665,2.916338964818511,2.9169798042708956,2.9176341070023644,2.9182976412373662,2.9189650267197416,2.9196295184288057,2.9202827566078535,2.9209144798017848,2.921512198140808,2.9220608251454454,2.9225422680588364,2.922934979368146,2.9232134760137565,2.9233478380479196,2.9233032053596957,2.923039299500933,2.9225100072220758,2.921663072015991,2.9204399477778398,2.9187758713475427,2.9166002034874956,2.913837064863139,2.9104062489529707,2.9062243243701773,2.901205749179284,2.8952637278361197,2.888310486003345,2.8802566788015223,2.871009848182695,2.860472232309931,2.8485387253965833,2.8350961406974178,2.820024744734959,2.803201992428795,2.7845067353597965,2.763821083977015,2.7410282789838725,2.716008670372877,2.6886389418618357,2.6587968680577974,2.6263660120192367,2.5912335055075193,2.55328601605099,2.5124142911512832,2.4685188451382136,2.421506083139407,2.371290222590903,2.3178008559014858,2.260980177215982,2.200789753730726,2.1372137220287493,2.070262688439822,1.9999798971606533,1.9264464362580436,1.849787282551146,1.770178986015345,1.6878557887862904,1.6031173319216911,1.5163359287835378,1.427963172537953,1.3385358097799902,1.2486801554116305,1.1591141702951446,1.0706460730477971,0.9841679209733545,0.9006418045556664,0.8210751443004567,0.746481269489963,0.6778193168425808,0.6159102388460176,0.5613296068909879,0.5142910100999445,0.4745506117284123,0.44137625087672355,0.41361642286790506,0.3898688293153569,0.36870498120240636,0.3488857884684308,0.3295166526612006,0.310119987684732,0.2906261062077257,0.27129285631973676,0.252567568801826,0.23491425346164685,0.21864822195140163,0.2038369848427713,0.1903142428841025,0.17779948167247062,0.1660501276792832,0.15495277921085265,0.14450859589491405,0.13474909645869565,0.12566533443807573,0.11720355520441102,0.10930497970952859,0.10193137740305525,0.09505641408978911,0.08865080946874847,0.08268260841061359,0.07712250504328896,0.07194354050344885,0.06711961678651919,0.06262591533858425,0.058439120746804456,0.05453732967392434,0.05090011459262582,0.04750853676600889,0.044345123125149113,0.04139381286434722,0.03863987116818018,0.03606977486104648,0.033671095785998154,0.03143236812907654,0.029342967406794276,0.027393003685904093,0.025573233538067407,0.02387499597470144,0.02229016710657421,0.02081112372716645,0.019430702579012082,0.018142152010179647,0.016939092447217707,0.01581554138359563,0.014765957624282967,0.013785338395466687,0.012869266146845908,0.012013748009614888,0.011215040477674448,0.010469595065500955,0.009774032747948512,0.009125173317739951,0.008520169629879148,0.00795590549120564,0.00742882222213185,0.006935644539647305,0.00647406010548423,0.006042823631472214,0.005641901042786782,0.0052696029842845835,0.004922148727735872,0.004596201811412169,0.004289615378792584,0.004001306869274736,0.0037350401134716433,0.0034918720023643904,0.0032663964231492474,0.0030513784674506225,0.0028434707704868695,0.0026452297365168963,0.0024706548182467257,0.0023189309283814055,0.002176198658764181,0.002033503461914647,0.0018842492488689005,0.0017414068237823653,0.0016345936923586556,0.0015490393449732658,0.0014590094875304158,0.0013612806538580732,0.0012466610267494833,0.001147501215495155,0.0010924871569673409,0.001040950461006725,0.0009725554916685743,0.0009128168416200534,0.0008318120865436595,0.0007786813707142914,0.0007429327926683905,0.0006967389019719123,0.0006484380164436627,0.0006213921432535357,0.0005624348062988067,0.0005412034030572773,0.0005063465468410172,0.0004768264887324347,0.00045214450280345114,0.0004319629135829687,0.00039685554105844224,0.00038509820380929345,0.0003632300057520082,0.00034063555326013594,0.0003288898265361677,0.0003141676145237414,0.0002979616239807365,0.0002881285233784013,0.00027800058038846844,0.00026233820662591883
6.294988990221888,2.9088398515937643,2.9092106110828966,2.909603078034922,2.910018071910458,2.9104563551439226,2.9109186101977924,2.9114054117996977,2.911917193473855,2.912454207324053,2.9130164758472965,2.9136037343530417,2.9142153623311478,2.914850301851671,2.9155069607929813,2.9161830983858037,2.916875690238992,2.9175807696943146,2.9182932420686223,2.9190066681229014,2.919713013008693,2.920402357068489,2.9210625653259163,2.9216789134511973,2.9222336696295117,2.922705634340666,2.923069643857153,2.923296048565218,2.923350184228379,2.923191863086739,2.9227749218998946,2.9220468747511865,2.920948727719783,2.9194150171350612,2.917374128198531,2.9147489299928386,2.9114577196067972,2.9074153978341197,2.9025347042475222,2.8967272370464565,2.889903910874599,2.8819745251683324,2.872846298157533,2.862421608502739,2.850595716051071,2.8372556644284197,2.8222814843159787,2.8055498378236043,2.786938511675302,2.7663288214842883,2.7436038663573736,2.7186443156445934,2.691326985916773,2.661529273791422,2.629134374843771,2.5940296449349316,2.5561021050084323,2.515242341431906,2.4713508081409366,2.4243342838061115,2.374106942839962,2.3205983807592845,2.2637510208813514,2.2035262923132612,2.1399085014696393,2.0729081380789656,2.0025685376667695,1.9289706939663491,1.8522396182669905,1.772551858412651,1.6901416632351043,1.6053087556412047,1.5184255818624963,1.429943936268686,1.3404008640978597,1.2504230998074677,1.1607291700454885,1.0721280350563172,0.9855127056833265,0.9018465009850627,0.82213841048986,0.7474037415660206,0.6786041237464856,0.6165635449330711,0.5618610721647693,0.5147139444023562,0.47488153673403777,0.4416336968045101,0.41381910208525324,0.39003366567146786,0.3688455704339771,0.34901165270382123,0.3296333064392705,0.31022960383691,0.2907285165293218,0.27138667359677093,0.2526512563837847,0.2349869708639229,0.21871025805293112,0.20388966699390665,0.19035940723377193,0.17783881967069673,0.16608477479136016,0.15498331416141406,0.14453532715399275,0.13477234972011748,0.12568553705264984,0.11722114629843768,0.10932031659257639,0.10194473639116641,0.09506803663560803,0.08866091913176942,0.08269140232019288,0.07713015286838756,0.07195019092001924,0.0671254002902544,0.06263094562064236,0.058443496812104895,0.054541137653356477,0.05090342919214711,0.04751142271683256,0.044347636563290195,0.04139600233035647,0.03864177849603291,0.03607143655254878,0.03367254398086404,0.0314336306299796,0.02934406793700069,0.02739396240189916,0.025574067860349645,0.023875721678103385,0.022290799092520002,0.020811675736852747,0.019431186049959984,0.018142574473065897,0.016939459131227276,0.01581585727776692,0.01476622971926608,0.01378557772860178,0.012869482271973025,0.012013941606112051,0.011215206553658088,0.01046973042240882,0.009774139951589477,0.009125268634119665,0.008520270752364981,0.007956007190555652,0.007428905755829427,0.006935698138636869,0.0064740831258925935,0.006042846677725673,0.005641959677845934,0.00526967917060473,0.004922202260605632,0.004596213571570595,0.004289581912745654,0.0040012893005771065,0.003735096719770245,0.003491956792270044,0.0032664389714513217,0.003051359578943861,0.002843384416019603,0.0026451949471587065,0.002470737291783324,0.002319039225898847,0.0021762301391957803,0.0020334529608459313,0.0018841132028174134,0.001741388836190694,0.001634705173364177,0.0015491455377527985,0.001459022303351052,0.0013612188302562355,0.00124651982423502,0.001147532753780488,0.0010925646724452458,0.0010409790423549447,0.0009725742420634318,0.000912795609994361,0.0008317310136469506,0.0007787298247195145,0.0007429347374918625,0.0006966997800109657,0.0006484801513785165,0.0006213922765314407,0.0005624126087833245,0.0005412247908799442,0.000506362600870603,0.0004767976212749182,0.00045216205016453424,0.000431961274917666,0.0003968659445604827,0.0003851036811232062,0.00036326656328289315,0.0003406234458930201,0.00032888676960028706,0.00031415428220734454,0.0002979716657228277,0.0002881218229635036,0.00027799583826435253,0.00026234831131097394
6.517339604882424,2.907653680532439,2.90803737929782,2.90844380381988,2.9088738601954414,2.909328405642277,2.9098082263824647,2.9103140107886465,2.9108463169079615,2.9114055333222164,2.911991832121668,2.9126051125611294,2.91324493372883,2.9139104342893805,2.9146002370629613,2.9153123358769255,2.9160439617813623,2.9167914253715224,2.9175499316320184,2.918313363449044,2.9190740297857323,2.91982237456635,2.920546642685618,2.9212325004098965,2.921862608976036,2.9224161526807175,2.9228683264901343,2.923189793504477,2.9233461297568537,2.923297282929555,2.9229970824105638,2.9223928498548193,2.9214251702410268,2.9200278901069936,2.9181284072453595,2.9156482979741805,2.912504286672334,2.908609491765105,2.903874783437655,2.898209975602322,2.8915244848382424,2.883727085272057,2.8747245495711176,2.8644193479973112,2.852707137391953,2.8394752818129536,2.8246036740868186,2.807968228528705,2.789445625304603,2.7689162840365444,2.7462630826361067,2.721367019070772,2.6941051157794416,2.6643544267235817,2.6319977362479343,2.5969225952236767,2.5590164319516187,2.5181697078539083,2.47428278359619,2.427262832785872,2.3770240253673274,2.3234959364287358,2.2666212504195387,2.2063612576259057,2.142700441298047,2.075649181390869,2.005250908714932,1.9315865218241561,1.8547810755852758,1.7750111120083534,1.6925108908270818,1.6075802223572544,1.5205916903707588,1.4319972977953557,1.3423343995877808,1.2522301649060623,1.1624037063111752,1.0736647520797942,0.9869073000116019,0.9030959394255953,0.8232412843007377,0.748360687648589,0.6794183593476444,0.6172414291110068,0.562412585666156,0.5151528540322693,0.4752249474789792,0.4419008103309351,0.4140293244417325,0.39020456216956984,0.36899126277200567,0.3491420399801004,0.3297541292919674,0.31034313230059124,0.2908345872816654,0.2714838533629835,0.25273795170089525,0.23506230648439339,0.21877452813446202,0.20394424325484134,0.19040619110277798,0.17787956480980743,0.16612065954774508,0.15501493942486996,0.1445630128074613,0.13479643285577028,0.12570646011697564,0.11723936422169763,0.10933619966226091,0.10195857090874384,0.09508007270230781,0.0886713883153209,0.08270050882082323,0.07713807243384196,0.07195707754420218,0.06713138913536836,0.06263615443972127,0.0584480281434723,0.05454508070097353,0.05090686132588094,0.04751441097546001,0.044350239077729524,0.041398269369415326,0.03864375338773615,0.03607315714590601,0.033674043541021915,0.03143493789297738,0.029345207415467568,0.027394954955566674,0.025574931589062353,0.02387647301786889,0.02229145353453721,0.02081224745815843,0.019431686736171794,0.01814301179037394,0.01693983856453176,0.015816184123174624,0.0147665114545081,0.013785825873024453,0.012869706351360248,0.012014142009315712,0.011215378149496845,0.010469870164723978,0.009774250819093513,0.00912536784702078,0.008520375986599075,0.007956112499354712,0.007428991748262659,0.006935753054931611,0.006474106711747634,0.0060428712813450115,0.005642021107553876,0.005269758056430482,0.004922257075205267,0.004596225065220024,0.004289546962364021,0.004001272106405098,0.0037351560771417738,0.003492044503957156,0.0032664823676102515,0.0030513392774071816,0.002843294746942192,0.0026451601491462983,0.002470823263510779,0.002319151099827186,0.002176262183733812,0.0020333999341711406,0.0018839722311986213,0.0017413714039183773,0.0016348207896854888,0.001549254977787524,0.00145903541170906,0.0013611542239716449,0.001246373745872577,0.0011475660467668912,0.0010926448385725049,0.0010410081862699263,0.0009725938643867993,0.0009127733976433952,0.0008316473856388718,0.0007787799755591976,0.000742936811717487,0.0006966591829198884,0.0006485238582473759,0.0006213922339683304,0.000562389903398975,0.000541246971453768,0.0005063795269713158,0.000476767769089492,0.00045218017220025167,0.00043195944258510495,0.00039687678819091325,0.0003851092484978005,0.000363304323993105,0.00034061091902579343,0.000328883553437782,0.00031414045192579705,0.00029798206178153846,0.0002881148461453105,0.0002779908641598548,0.00026235879792073645
6.747544053110693,2.9063835947298897,2.9067803970832453,2.907200959055238,2.9076462751773877,2.908117299506319,2.9086149243795543,2.9091399545222787,2.909693075624673,2.9102748163514325,2.91088550256119,2.911525202300668,2.9121936598939375,2.9128902171692683,2.913613719554461,2.9143624044286267,2.915133768750733,2.9159244126058996,2.9167298549422123,2.9175443174503153,2.9183604723213827,2.919169149588999,2.9199590000346363,2.9207161103766683,2.921423568883606,2.9220609819251715,2.92260394562438,2.9230234820542345,2.923285456663372,2.9233500030137867,2.9231709923550357,2.9226955983331346,2.921864019544415,2.920609431549243,2.9188582403338543,2.9165306940400746,2.913541870791577,2.909802990394002,2.9052228951718493,2.899709422375484,2.893170282550475,2.885513029250269,2.8766438412742823,2.8664652098709866,2.8548732090844244,2.8417556163557713,2.826992299810305,2.810458490231315,2.7920297311733813,2.7715854415334267,2.749008183751099,2.724179282828072,2.6969760446942193,2.667275229035227,2.6349591681131352,2.599915569860137,2.5620323232631854,2.5211998111940654,2.4773182676927274,2.430295278188572,2.380045054220509,2.326497125944324,2.2695944703133235,2.209298242325589,2.145593106321104,2.0784893430353617,2.0080304806628804,1.9342973236774894,1.8574149795468935,1.7775599805329056,1.6949666023999421,1.6099347485799007,1.522837145144339,1.4341260112951246,1.3443390232638963,1.2541038006206848,1.1641400626705258,1.0752583330699301,0.9883536312503831,0.9043918598137672,0.8243853144617297,0.7493534637894,0.6802631885078547,0.6179448702087758,0.5629849499828924,0.5156083804163399,0.475581344643916,0.44217797617340965,0.41424738548544626,0.3903817509846212,0.36914224894765285,0.34927711592185257,0.3298792720860387,0.3104607141804204,0.2909444508254294,0.27158451785796284,0.252827764710003,0.23514035640112865,0.21884111421781338,0.20400078296102628,0.19045465346756202,0.17792176808111373,0.1661578266693632,0.15504769436425586,0.14459168730472893,0.1348213757955196,0.12572812957514945,0.11725823151205747,0.10935264853326279,0.10197289801718375,0.095092537112419,0.08868222989394026,0.08270993909635684,0.07714627345393811,0.0719642088133496,0.06713759065129564,0.0626415481640411,0.05845272027553235,0.054549163628030486,0.050910415177977286,0.04751750518272342,0.0443529338363901,0.04140061673895838,0.0386457982486499,0.036074938743246195,0.033675596296259276,0.0314362915028987,0.02934638721195012,0.02739598253433969,0.02557582576320396,0.02387725091267854,0.02229213124633203,0.02081283960234718,0.019432205241648806,0.018143464469969187,0.016940231179298618,0.015816522300089866,0.014766803192950338,0.013786083174437892,0.012869938674791324,0.012014349439396835,0.011215555429398201,0.010470014422164347,0.009774365492928604,0.00912547114790483,0.008520485502721728,0.007956221527430647,0.007429080246941814,0.006935809293463501,0.006474130883375092,0.006042897566816772,0.005642085468881785,0.00526983972267403,0.004922313172421537,0.004596236231684583,0.004289510467884962,0.004001255383116412,0.0037352183247350277,0.0034921352225019894,0.003266526596290008,0.0030513174572763054,0.0028432016395005867,0.002645125433989276,0.002470912887837205,0.002319266645590876,0.002176294775472484,0.002033344238029674,0.0018838261629540525,0.0017413546304913526,0.0016349406967961985,0.001549367736900355,0.0014590488142535816,0.0013610866934842063,0.0012462226366577117,0.001147601197297078,0.0010927277442968559,0.001041037882118407,0.0009726144007249289,0.0009127501540738096,0.000831561137113975,0.0007788318810221222,0.0007429390272659034,0.0006966170551058855,0.0006485691970036062,0.0006213919949824094,0.0005623666933721258,0.0005412699751077135,0.000506397377611035,0.00047673689978547753,0.0004521988862534053,0.0004319573991485634,0.0003968880928585388,0.000385114900415953,0.0003633433229306304,0.000340597958655601,0.0003288801682670103,0.0003141261043139563,0.0002979928241144986,0.00028810758019418416,0.0002779856452267769,0.0002623696809314081
6.985879746785248,2.9050246273210742,2.9054346817245666,2.9058695438654922,2.9063302983962886,2.906817998147187,2.907333643797785,2.907878158995967,2.9084523600501955,2.9090569191618108,2.9096923199776015,2.9103588040262314,2.9110563063518105,2.9117843783716055,2.912542095661234,2.913327948011003,2.9141397087063723,2.914974279575196,2.9158275079349636,2.9166939711991016,2.917566724616054,2.918437007499016,2.9192939034742484,2.920123950894569,2.920910700851108,2.9216342224535143,2.9222705585825275,2.922791140540018,2.9231621773172503,2.923344044854492,2.923290712672869,2.9229492590531287,2.922259539968981,2.9211540882174605,2.9195583225818282,2.9173911351112873,2.914565888661687,2.910991788027446,2.9065754826724386,2.9012226266310153,2.8948389944437736,2.887330695654838,2.8786031365410523,2.8685587323529287,2.8570939790635514,2.8440971606821432,2.8294482490035446,2.813021877494743,2.794692438473866,2.774338244136768,2.7518414317325255,2.727083638052759,2.6999425331575493,2.6702946454194243,2.6380218193151483,2.6030118725251303,2.5651532057554505,2.5243361809229645,2.480460872949654,2.433435290242542,2.3831737398562365,2.329605682438009,2.2726744173072917,2.2123409729353813,2.1485901957263702,2.081432282008546,2.010910857261849,1.9371066353471706,1.8601447850214063,1.7802018248179297,1.6975120526681549,1.6123754709204727,1.5251649528082436,1.4363329419240618,1.3464174478382895,1.2560465568325363,1.1659406165123953,1.0769109742303393,0.9898537070407981,0.9057360752477489,0.8255721154119923,0.7503834841554121,0.6811398265307247,0.6186748898789606,0.5635790031381734,0.5160811934734304,0.4759512511493291,0.44246559596597573,0.4144735934665757,0.3905654739113519,0.3692987272528676,0.34941705246164234,0.3300088912889057,0.31058249577619756,0.29105824441417033,0.2716887938850311,0.25292080951898144,0.2352212203468632,0.21891010145033787,0.20405935807594802,0.1905048555183088,0.17796548237186519,0.16619632252998034,0.15508161979490534,0.1446213863657019,0.13484720957129198,0.12575057232379072,0.11727777153238031,0.10936968353649157,0.10198773539972003,0.09510544522772837,0.0886934572096502,0.08271970473599853,0.07715476599447922,0.07197159346965187,0.06714401243188556,0.06264713339122203,0.05845757894205047,0.05455339141862794,0.050914095082721704,0.047520709110050095,0.04435572412075578,0.041403047295274026,0.03864791557099039,0.03607678352214099,0.03367720414066721,0.03143769309908416,0.02934760874321291,0.027397046367599202,0.02557675146022602,0.023878056316311968,0.022292833072213,0.020813452905601056,0.01943274218941544,0.01814393303576327,0.016940637421890545,0.015816872203642876,0.01476710531431987,0.01378634999279905,0.012870179540696813,0.012014564121092508,0.011215738561150015,0.010470163327996617,0.009774484124568378,0.009125578739415347,0.008520599476828622,0.007956334385060656,0.007429171298316782,0.006935866856718732,0.006474155664321097,0.006042925668832922,0.005642152904549757,0.005269924250112377,0.0049223705500704455,0.004596247004384594,0.004289472368781328,0.004001239237190484,0.0037352836081069292,0.0034922290329628077,0.0032665716385900843,0.0030512940050946374,0.0028431049667262845,0.0026450909031587007,0.002471006325608743,0.0023193859582772715,0.0021763278945907943,0.00203328571943441,0.0018836748226762042,0.00174133862871564,0.0016350650559888245,0.0015494838857860343,0.0014590625122898834,0.00136101608930049,0.001246066338401854,0.0011476383142230199,0.0010928134815787337,0.0010410681169950458,0.0009726358950413454,0.0009127258257464577,0.0008314722023679162,0.0007788856007586657,0.0007429413973234093,0.0006965733390925248,0.0006486162298752328,0.0006213915370792999,0.000562342983622608,0.0005412938333171293,0.000506416208595372,0.00047670497997831334,0.0004522182101270622,0.0004319551256690228,0.00039689988059780587,0.0003851206303831123,0.0003633835957404196,0.00034058455036885466,0.00032887660359283546,0.00031411121920801925,0.00029800396501267315,0.0002881000117086863,0.00027798016782937333,0.0002623809753087749
7.232633896483535,2.9035716034876913,2.9039950414957763,2.9044443481794286,2.904920699868624,2.9054252499612936,2.905959109553613,2.9065233236225514,2.907118841894874,2.9077464833763025,2.9084068933261333,2.9091004912424987,2.9098274081678546,2.9105874113299923,2.9113798137986913,2.9122033664620184,2.913056129212821,2.9139353177944654,2.9148371223036227,2.915756492918466,2.916686888063811,2.917619980018214,2.9185453130263883,2.9194499094659108,2.9203178207528144,2.921129621748961,2.921861850821187,2.9224864028250988,2.9229698895902816,2.923272992338802,2.9233498429964953,2.9231474861432427,2.9226054890210302,2.921655780686518,2.9202228080464017,2.9182240886107658,2.915571207575356,2.9121712401514595,2.9079284728977957,2.9027461564671038,2.8965278766248552,2.8891780448167026,2.880601081640272,2.870699197717508,2.859369294966086,2.846500253784641,2.8319722926307853,2.8156595584711215,2.7974352975328225,2.7771766112396383,2.754765086172361,2.7300826389215214,2.7030073851221608,2.6734157007410775,2.6411889146444985,2.606214897394265,2.5683826081279557,2.52758245742094,2.483714331176208,2.4366866649423486,2.3864139232083494,2.332825473644105,2.2758649652183136,2.2154933148863956,2.1516955483095903,2.084481796985312,2.0138957810669025,1.9400181300804138,1.8629740821341094,1.782940138182701,1.700150625539242,1.6149056512989615,1.5275782408453744,1.4386210707228668,1.348572496439628,1.2580610878991763,1.1678078433120958,1.078624963036666,0.9914096191147174,0.9071304754376142,0.8268033704401284,0.7514522238455261,0.6820495416418062,0.6194325547349346,0.5641956203839817,0.5165719930721384,0.476335213298241,0.4427640891208518,0.41470826996819954,0.3907559828192354,0.36946090387468417,0.349562028100112,0.330143149187524,0.3107086287819279,0.29117611038260127,0.27179681298980096,0.25301720455247595,0.23530500185701572,0.21898157823221312,0.2041200432972731,0.1905568607468924,0.1780107625392532,0.16623619521992405,0.15511675804028516,0.14465214702956636,0.13487396635930446,0.12577381624834838,0.11729800850177889,0.10938732574610159,0.10200310138479358,0.09511881296947601,0.08870508408939541,0.08272981774937409,0.07716356048581134,0.07197924057140162,0.06715066234513935,0.06265291695670516,0.058462610083225015,0.05455776923603326,0.05091790553001656,0.04752402666421163,0.04435861333002063,0.041405563997135,0.03865010793696604,0.03607869373802849,0.03367886903453493,0.03143914437705181,0.029348873474702348,0.027398147728461594,0.02557770979781775,0.02387889021917564,0.022293559888138758,0.02081408812956618,0.019433298221846078,0.018144418028176356,0.01694105775343172,0.0158172342448095,0.014767418216171762,0.01378662670267826,0.012870429256063212,0.012014786283527458,0.01121592771615588,0.010470317019274278,0.009774606875463138,0.009125690835921327,0.008520718090970452,0.007956451182524018,0.007429264947579283,0.006935925744592119,0.006474181081990908,0.0060429557329999255,0.0056422235630697775,0.005270011718907437,0.004922429202574002,0.004596257310392675,0.004289432604101239,0.0040012237860602325,0.0037353520793642794,0.0034923260199367567,0.0032666174717325934,0.0030512687989276564,0.0028430045986281957,0.0026450566688923987,0.0024711037442950337,0.0023195091322094664,0.0021763615181294355,0.0020332242156501906,0.0018835180307630159,0.0017413235213292193,0.0016351940345928663,0.0015496034936663891,0.0014590765067373208,0.0013609422535020342,0.0012459046899086772,0.0011476775127311524,0.0010929021455117626,0.0010410988755531834,0.0009726583932291562,0.0009127003558363619,0.0008313805155513052,0.0007789411963469756,0.0007429439364775225,0.000696527975486526,0.0006486650214410931,0.0006213908356821335,0.0005623187809268662,0.0005413185787322093,0.0005064360792765936,0.0004766719752607228,0.00045223816209995655,0.00043195260156988217,0.00039691217463580644,0.0003851264308177329,0.0003634251786320666,0.00034057067933789984,0.00032887284814412033,0.0003140957756100509,0.0002980154971013064,0.000288092126575528,0.00027797441749396947,0.0002623926965129437
7.488103857590023,2.9020191387784338,2.9024560741252587,2.9029199503494887,2.9034120368682763,2.903933589280523,2.9044858309979755,2.90506993054219,2.9056869736515654,2.9063379291814453,2.907023607590283,2.9077446105817972,2.908501270212701,2.9092935754739395,2.9101210840071925,2.910982816226521,2.9118771286791656,2.9128015630070365,2.913752666376987,2.9147257787621017,2.9157147820253404,2.9167118054552783,2.917706882342864,2.91868755252927,2.919638406822669,2.9205405710770673,2.921371130933878,2.9221025032083445,2.9227017671620588,2.9231299789004117,2.9233415051213445,2.9232834281773328,2.9228950917233503,2.9221078724079934,2.9208452732008463,2.9190234303309337,2.9165520980095265,2.913336111524797,2.909277221435733,2.904276042310457,2.8982336951724057,2.8910526063070408,2.882635958618646,2.872885591914411,2.861698771130921,2.848965054786815,2.8345650641553566,2.8183725975466554,2.80025978489949,2.780102418795838,2.7577813942311686,2.7331788555802228,2.7061734433725197,2.6766414770725704,2.6444637532074218,2.609528129051734,2.5717241622015785,2.530942394062426,2.4870824963597213,2.4400533277158516,2.389769579823888,2.3361605065121904,2.279170129900587,2.2187592777328726,2.1549131479070605,2.087641831877118,2.0169891390801147,1.9430356242435847,1.8659066019385742,1.7857785520725542,1.7028858396834046,1.6175286824026434,1.5300802629134456,1.4409934997662228,1.3508071075694983,1.2601501573932128,1.169744321128978,1.0804026824684567,0.9930235472361597,0.9085770303421098,0.8280808349958568,0.7525612218648001,0.682993657609676,0.6202189786118438,0.5648357161002643,0.5170815105756763,0.4767338019882677,0.44307389374228695,0.41495175057470507,0.3909535401332843,0.36962899324705306,0.3497122281784553,0.330282214116702,0.3108392704930876,0.2912981963426088,0.2719087116462757,0.2531170727248424,0.23539180842430132,0.21905563634948033,0.2041829161677579,0.1906107350386795,0.17805766548754895,0.16627749461244612,0.1551531529901331,0.14468400770557457,0.13490167952403473,0.12579789026089108,0.11731896752812547,0.10940559700759092,0.10201901497035248,0.09513265683935031,0.08871712486316213,0.08274029058218563,0.07717266773635391,0.07198715950469153,0.06715754854331954,0.06265890594249358,0.05846781985325506,0.05456230242924316,0.050921851171071904,0.0475274618922468,0.044361604985394126,0.04140816990956571,0.038652378021982764,0.03608067172663228,0.03368059300625269,0.03144064709023426,0.02935018292234722,0.027399287935714396,0.02557870193580619,0.02387975364987568,0.022294312602742422,0.020814746061843928,0.019433874000986156,0.018144920004624476,0.01694149265044022,0.01581760885152003,0.014767742314979246,0.01378691369355654,0.012870688136284643,0.012015016160015693,0.011216123069475503,0.010470475637138292,0.00977473391812078,0.009125807664035273,0.00852084153311667,0.007956572029595344,0.007429361238442083,0.006935985954261826,0.0064742071683959535,0.006042987916569136,0.005642297598757358,0.005270102208045705,0.004922489120608317,0.004596267069970537,0.004289391112889532,0.004001209158990418,0.0037354238972834262,0.0034924262670441085,0.0032666640687288723,0.003051241707737315,0.0028429004024436793,0.002645022855052174,0.0024712053181734947,0.002319636260464225,0.0021763956197573564,0.0020331595535296805,0.0018833556036219445,0.0017413094416871132,0.0016353278062037062,0.0015497266279105673,0.0014590907980770195,0.0013608650192756928,0.0012457375271919422,0.0011477189146816623,0.0010929938344505896,0.001041130139829789,0.0009726819431609272,0.0009126736839677296,0.0008312860108429703,0.0007789987313656519,0.0007429466608659114,0.0006964809029467443,0.0006487156387079127,0.0006213898639465504,0.0005622940940904085,0.00054134424520371,0.0005064570527733176,0.00047663785017244966,0.00045225876094382925,0.0004319498044885205,0.00039692499946372337,0.00038513229293061363,0.00036346810834249604,0.0003405563303198579,0.00032886888980449827,0.00031407975165084864,0.0002980274333395409,0.00028808390992701217,0.0002779683788558266,0.0002624048605009274
7.75259748862946,2.9003616375131225,2.9008121653824595,2.9012907159326904,2.901798652913735,2.902337335577949,2.90290810135277,2.9035122443015977,2.904150988529076,2.904825455525435,2.9055366242533927,2.906285282555737,2.9070719681972332,2.907896897546176,2.9087598795445997,2.9096602122091886,2.910596558447393,2.911566797470283,2.912567847548019,2.9135954553108294,2.9146439462913967,2.9157059310038473,2.9167719606676403,2.917830126870078,2.918865600243933,2.919860104923974,2.9207913285390417,2.9216322722894783,2.922350552814562,2.9229076776243574,2.923258329243499,2.9233497098353114,2.9231210169985458,2.922503140187937,2.92141868103555,2.919782401950335,2.917502184735373,2.9144805215657326,2.9106164534491428,2.905807715327318,2.8999526644575973,2.892951419909618,2.884705631564185,2.875116558148773,2.864081750425676,2.851491512608202,2.837227035500238,2.8211619356146125,2.803167286432086,2.783117484807776,2.760892578982521,2.736374865733179,2.709443583934315,2.6799751100133333,2.647849706229284,2.612955141944783,2.5751816038790563,2.5344198591377247,2.4905693474532336,2.443539337092399,2.3932448240592463,2.339614931920976,2.282594074366314,2.2221430205423363,2.1582471290392813,2.0909164816121257,2.0201949686369907,1.946163083266606,1.8689462223465159,1.7887208419623044,1.7057213543696343,1.6202480934091492,1.532674404423368,1.4434534575693496,1.353124340309925,1.2623166430845096,1.1717527353386192,1.0822466154654795,0.9946977633545122,0.9100777940033932,0.8294063401853347,0.753712084266167,0.6839735565171121,0.6210353249596646,0.5655002458071662,0.5176105104801493,0.4771476139978541,0.4433954675964949,0.41520438558045447,0.391158419342447,0.3698032184213368,0.34986784516398467,0.3304262606973724,0.3109745840224841,0.29142465538736,0.2720246314508477,0.2532205416206236,0.23548175166026722,0.21913237111312187,0.20424805719117667,0.19066654676839095,0.1781062502485254,0.16632027243284864,0.155190850161003,0.14471700822592468,0.13493038366401286,0.12582282433944886,0.1173406746418726,0.10942451996703094,0.10203549584912357,0.09514699394131565,0.08872959438280896,0.08275113613247974,0.077182098946656,0.07199535999556435,0.06716467947344666,0.06266510768622668,0.05847321462819369,0.05456699653979783,0.05092593682431498,0.04753101898656385,0.044364702734566996,0.041410868207749356,0.03865472859790798,0.0360827199063679,0.03368237815423001,0.03144220305180857,0.029351538654512455,0.027400468355916446,0.025579729078173203,0.02388064767682365,0.02229509215831651,0.020815427516417306,0.01943447020887306,0.018145439540036352,0.016941942605543027,0.015817996469904557,0.014768078047261584,0.013787211370044305,0.01287095650495069,0.01201525398784661,0.011216324799870591,0.01047063932719734,0.00977486543730448,0.009125929463092358,0.008520969997076668,0.00795669703497648,0.007429460212889443,0.00693604748009202,0.006474233961024978,0.006043022389184472,0.005642375171707984,0.005270195794689394,0.004922550290720284,0.0045962761960888845,0.00428934783470583,0.004001195498000956,0.0037354992274042627,0.0034925298563318907,0.0032667113980246773,0.0030512125907154034,0.002842792242958547,0.0026449895980342657,0.0024713112285130235,0.0023197674343305497,0.0021764301695275765,0.0020330915488046123,0.0018831873539305278,0.0017412965344799777,0.0016354665509231575,0.0015498533536179057,0.0014591053862858863,0.0013607842104273002,0.001245564683740654,0.0011477626489617178,0.0010930886501463208,0.0010411618890648633,0.0009727065947357957,0.0009126457459213968,0.000831188622644915,0.000779058271474182,0.0007429495883398377,0.0006964320581558144,0.000648768151187872,0.0006213885925591976,0.0005622689341294446,0.0005413708678049307,0.0005064791962007615,0.0004766025681682987,0.00045228002594309365,0.00043194671011345095,0.0003969383809130889,0.00038513820659206386,0.0003635124220937333,0.0003405414876582613,0.00032886471553557524,0.0003140631245509646,0.00029803978701858506,0.0002880753460958494,0.0002779620356031247,0.000262417483726767
8.026433522257173,2.8985932910856644,2.89905748760076,2.899550796449133,2.9000746767787393,2.9006305927478366,2.901219997278003,2.901844311726525,2.9025049006482844,2.903203040655935,2.9039398821954254,2.904716402826816,2.905533350332507,2.9063911736608827,2.907289939347807,2.9082292306373985,2.9092080260452775,2.910224553574774,2.911276116219288,2.912358883783526,2.9134676454719317,2.914595517189399,2.915733597180035,2.9168705636487373,2.9179922085910874,2.919080903510764,2.920114995445133,2.921068136273985,2.921908555271061,2.92259829491924,2.923092443678947,2.9233384168202825,2.9232753569133965,2.922833746931364,2.9219353466120213,2.9204935689644964,2.918414397096298,2.9155978875035626,2.9119402009158786,2.9073359407224757,2.9016803791747603,2.894870969527107,2.8868074855707326,2.8773903435301955,2.8665172600366766,2.8540793307948458,2.839958489369511,2.8240283676081943,2.806159078127579,2.786223552749149,2.7641008258640625,2.739673244675745,2.712820709355076,2.683419784186307,2.651350214172871,2.6164995992951177,2.578758773772049,2.538018837576395,2.4941789910300107,2.447148888349686,2.3968439133265917,2.3431930494840283,2.286141114062092,2.225648857462107,2.161701782772289,2.094309998144758,2.0235174635469204,1.9494046278497044,1.8720969743274747,1.791770933538497,1.7086609755821018,1.6230675559879006,1.5353641883933542,1.4460043047662,1.3555273797964562,1.2645635421800288,1.1738358836133929,1.0841593496220028,0.99643463598264,0.9116349085919542,0.830781796461836,0.7549064874703679,0.68499068169219,0.6218828093772156,0.5661902082980941,0.5181597921527665,0.47757727335194416,0.4437292891417599,0.41546654074158895,0.3913709055375317,0.3699838114566914,0.3500290789495575,0.3305754700853524,0.3111147385251106,0.2915556463038572,0.2721447193245742,0.2533277436829212,0.23557494746410337,0.2192118815044881,0.20431554995353476,0.19072436690023253,0.1781565780653191,0.1663645823305044,0.15522989675932528,0.14475118990082841,0.134960114659519,0.1258486495689776,0.11736315683124289,0.10944411810147683,0.10205256443489877,0.09516184200430843,0.08874250804163962,0.08276236776755404,0.07719186572400039,0.0720038521226332,0.06717206388819909,0.06267152979060135,0.05847880101409775,0.05457185730885724,0.05093016748152733,0.047534702290228326,0.04436791035634206,0.0414136621810765,0.03865716253638229,0.03608484078073211,0.03368422664884293,0.03144381413664705,0.029352942294134803,0.02740169040567849,0.025580792475187134,0.023881573409858515,0.022295899531739667,0.020816133334002954,0.019435087547864903,0.01814597722740601,0.01694240812829369,0.015818397565689212,0.014768425870735206,0.013787520152003492,0.012871234693564451,0.012015500008061663,0.011216533089857143,0.010470808240008204,0.009775001631352542,0.009126056485575042,0.008521103682370114,0.007956826305666624,0.007429561910891938,0.006936110313572327,0.006474261503857038,0.006043059333642399,0.005642456447734883,0.005270292553431343,0.0049226126949097814,0.004596284593933839,0.004289302710256528,0.0040011829588323874,0.0037355782420950803,0.0034926368675889607,0.0032667594231228243,0.003051181296575311,0.002842679982907748,0.002644957047734532,0.0024714216637579532,0.0023199027427044713,0.002176465133622093,0.0020330200053306244,0.0018830130909614782,0.001741284956486349,0.0016356104556130126,0.0015499837331613465,0.0014591202707530469,0.0013606996408803158,0.0012453859908375458,0.001147808851852917,0.001093186697890216,0.0010411940995157462,0.0009727323999232179,0.0009126164733121278,0.0008310882858012158,0.0007791198845025493,0.0007429527386431574,0.0006963813757948769,0.0006488226309765523,0.0006213869895184268,0.0005622433144613834,0.0005413984828490769,0.0005065025809114605,0.00047656609158403445,0.00045230197691726546,0.0004319432920056946,0.00039695234623715283,0.0003851441601858928,0.00036355815754499386,0.0003405261352883229,0.0003288603112915338,0.0003140458705798739,0.00029805257175810515,0.0002880664185671427,0.0002779553704182094,0.0002624305831386068
8.309941949353393,2.8967080759391806,2.8971859979085615,2.8976941278889963,2.898234021296473,2.8988072482296032,2.8994153783393606,2.900059961757926,2.9007425052728326,2.9014644427719154,2.9022270987928303,2.903031643782831,2.903879039404119,2.9047699719011755,2.905704771172802,2.906683312757739,2.907704899445118,2.908768118659794,2.909870671154555,2.911009165883758,2.9121788752702646,2.913373444469369,2.9145845477761014,2.9158014851649017,2.9170107123128814,2.918195298652233,2.9193343104494143,2.920402120170487,2.9213676501343273,2.9221935684169114,2.9228354688275844,2.9232410848900066,2.923349609719767,2.9230912176392323,2.9223869050663827,2.921148779986166,2.919280919304633,2.9166808659705636,2.9132417365934766,2.9088547460529246,2.9034117398718307,2.896807109481354,2.8889383575920977,2.879704737816419,2.8690039602270523,2.856727926638102,2.842759487262908,2.82697251684476,2.8092363043962187,2.7894222726744755,2.7674082669782822,2.743076553519514,2.7163077406620584,2.6869787277857586,2.654968783073396,2.6201652513713705,2.582459617423162,2.5417434324307,2.497915663767598,2.4508863171116473,2.4005712523787843,2.346899312435949,2.289815722299795,2.2292812634628265,2.1652815628026065,2.09782679670172,2.026960980498776,1.9527645404433864,1.8753630483915038,1.7949329091750055,1.7117086624312252,1.6259908905945681,1.53815328159387,1.4486495400746602,1.358019542972134,1.2668939768363379,1.175996681166062,1.086143582133401,0.998236634813874,0.9132506086747614,0.832209197524302,0.7561461817755399,0.6860465408098444,0.6227627022966863,0.5669066479019961,0.5187301916770395,0.4780234327727504,0.44407585862314297,0.41573859807408337,0.39159129598074505,0.3701710138316566,0.3501961371676802,0.3307300302311606,0.3112599094324103,0.2916913337943156,0.27226912772412526,0.2534388164100436,0.23567151619910234,0.21929427032739982,0.20438548124985503,0.19078426909252108,0.1782087124798995,0.16641047995391056,0.15527034174709592,0.14478659557586676,0.1349909097222756,0.12587539818402077,0.11738644207884799,0.10946441575061111,0.10207024188988052,0.09517721940583854,0.08875588179474932,0.08277399934152972,0.07720198009757866,0.07201264633019205,0.06717971085723261,0.06267818013315496,0.05848458585548619,0.05457689068455065,0.05093454831421925,0.04753851630244281,0.04437123176543409,0.041416555237336235,0.03865968281216674,0.03608703694067579,0.033686140734432435,0.03144548228342328,0.02935439552107178,0.027402955554137957,0.025581893425641513,0.02388253200186348,0.02229673573532364,0.020816864382320117,0.019435726740987532,0.01814653367838909,0.01694288974611718,0.015818812625756365,0.014768786265468103,0.013787840474553418,0.012871523041185296,0.012015754465229721,0.011216748125764904,0.010470982531681192,0.009775142713623843,0.009126188997466006,0.008521242794036116,0.007956959946271831,0.007429666370077138,0.0069361744433042985,0.006474289848535809,0.006043098946658324,0.005642541598264786,0.005270392555446768,0.0049226763101741745,0.004596292160404444,0.0042892556821604545,0.0040011717119494365,0.0037356611205848276,0.0034927473775643596,0.003266808102182045,0.0030511476628025474,0.0028425634834697245,0.0026449253685688723,0.002471536819713643,0.0023200422714157094,0.0021765004740848257,0.002032944714284413,0.0018828326209813446,0.0017412748773586555,0.0016357597141623342,0.0015501178256891424,0.0014591354501734717,0.0013606111141615193,0.0012452012779373594,0.0011478576674127086,0.0010932880866664555,0.0010412267442670522,0.0009727594128030003,0.0009125857932327904,0.0008309849358430472,0.0007791836405521075,0.0007429561336081605,0.0006963287885215135,0.0006488791528306288,0.0006213850198958021,0.0005622172511038419,0.0005414271279006395,0.0005065272827457798,0.0004765283815999856,0.00045232463424668814,0.00043193952140292545,0.0003969669241979341,0.00038515014044912993,0.00036360535273901836,0.0003405102567469164,0.00032885566192404424,0.0003140279650131787,0.00029806580150040047,0.00028805710992757993,0.0002779483649161919,0.0002624441761722542
8.603464416684503,2.8946997509478316,2.8951914358995965,2.8957144286956034,2.8962703816815574,2.8968609716969302,2.897487886094647,2.8981528049679506,2.8988573787888687,2.899603200503111,2.900391770935187,2.901224456129248,2.9021024349792026,2.9030266351790623,2.9039976551440043,2.905015669107415,2.9060803120837724,2.9071905407991836,2.9083444660341327,2.9095391511095507,2.9107703705066266,2.9120323218959605,2.9133172842520723,2.9146152143865582,2.9159132743613267,2.9171952831530517,2.918441088063863,2.919625855286271,2.92071928545245,2.921684769757983,2.9224785161731766,2.9230486939225875,2.92333466772699,2.9232664197819704,2.922764283235109,2.9217391285797953,2.920093141841759,2.9177212939545365,2.91451350537509,2.9103573448875553,2.9051408719207097,2.8987549827444603,2.891094458367717,2.882057003192066,2.8715400849253205,2.8594363835405296,2.845629832368645,2.829994805629731,2.8123999534263735,2.792715179739206,2.7708169629590005,2.7465873253223383,2.719907607766547,2.6906552060277598,2.6587089799799526,2.6239559330134936,2.586288185037442,2.545597866070434,2.501783734719095,2.454756102863553,2.404431397618585,2.3507383325851303,2.2936225358389732,2.2330448802589746,2.1689910917710433,2.1014714622715087,2.0305300457430167,1.956247272012692,1.8787488013688616,1.7982110147171988,1.7148685338744551,1.6290220730739953,1.5410455009995043,1.4513928065651562,1.3606042846387032,1.2693111999608342,1.1782381662719894,1.0882021250103864,1.0001063355928497,0.9149272257205882,0.8336906244371777,0.757432995068711,0.6871427091752392,0.6236763318289723,0.567650656883901,0.5193225838125931,0.4784867752217356,0.44443569923659315,0.4160209567014171,0.39181990070911366,0.370365076878389,0.35036923552016447,0.3308901361515089,0.3114102786963842,0.2918318887067496,0.2723980148618197,0.25355390256082755,0.23577158287716543,0.21937964436727334,0.20445794121684172,0.19084632980704624,0.1782627194243214,0.16645802302892354,0.15531223591031432,0.14482326969173884,0.13502280744722756,0.12590310361314674,0.1174105593998001,0.10948543814967508,0.1020885501531336,0.09519314519653585,0.08876973218017803,0.08278604521361879,0.07721245453426166,0.07202175344183662,0.06718762977893758,0.06268506687642564,0.05849057624411936,0.054582102829610804,0.050939084680251295,0.04754246568422566,0.04437467101744246,0.04141955090704944,0.038662292506515934,0.03608931106697146,0.03368812273138811,0.03144720949691645,0.029355900074697946,0.027404265325638655,0.025583033279187636,0.023883524650350294,0.022297601817557258,0.02081762155627036,0.019436388532313126,0.01814710952395348,0.01694338800541134,0.015819242159879454,0.014769159735011165,0.013788172787939883,0.012871821893991527,0.01201601760723128,0.011216970097805496,0.01047116236464016,0.009775288914069324,0.009126327278510434,0.008521387542368714,0.007957098058257488,0.007429773625346338,0.006936239855046825,0.0064743190557261816,0.0060431414396328485,0.005642630800188696,0.005270495867536584,0.004922741108011585,0.0045962987836073626,0.004289206695870534,0.004001161943576992,0.0037357480489602717,0.0034928614590814585,0.0032668573875904773,0.003051111514865298,0.002842442604869588,0.0026448947405490536,0.002471656899735492,0.002320186102481878,0.0021765361485414055,0.0020328654533127676,0.0018826457477325183,0.0017412664804429979,0.0016359145277695844,0.00155025568658302,0.001459150922412903,0.0013605184228766111,0.001245010373112294,0.0011479092478697515,0.001093392929314557,0.0010412597930366358,0.000972787689600989,0.0009125536278628521,0.000830878509262894,0.0007792496121095656,0.0007429597973694653,0.0006962742269518657,0.0006489377942446816,0.0006213826455768235,0.0005621907628815112,0.0005414568417792607,0.0005065533822914772,0.00047648939820181925,0.0004523480189020236,0.00043193536700488123,0.00039698214515921016,0.00038515613229632027,0.00036365404604247125,0.00034049383518836154,0.00032885075107620535,0.0003140093820875982,0.0002980794905022326,0.00028804740181154805,0.0002779409995809349,0.000262458280740615
8.907354638610439,2.8925618539079054,2.8930673204388344,2.8936051969145877,2.894177233053509,2.8947852129892886,2.8954309424700435,2.8961162324206353,2.896842878092948,2.897612632871009,2.8984271756081315,2.8992880701456305,2.9001967153901744,2.901154284001815,2.902161647358957,2.9032192840117124,2.9043271683038134,2.9054846352305437,2.9066902169057194,2.9079414452432597,2.9092346146411976,2.910564497634191,2.9119240057356746,2.913303787155353,2.9146917529575984,2.916072523827054,2.9174267913648686,2.9187305913450277,2.9199544923793863,2.9210627128867253,2.922012193108292,2.9227516679728587,2.9232208111214053,2.923349549302416,2.9230576762536695,2.922254919019312,2.920841615308713,2.9187101303179923,2.9157470539914585,2.911836056408472,2.9068610380782367,2.900708930767404,2.893271284633178,2.8844437939547367,2.87412337285939,2.862203395400574,2.8485690263411003,2.833095421436691,2.815650829211751,2.79610366981976,2.7743288820915226,2.7502080487949643,2.723623238039804,2.694452513325635,2.662574427379068,2.627875560285618,2.5902486306213097,2.5495864810315694,2.5057877073240475,2.4587628723432333,2.4084290614148496,2.354714885316502,2.2975663606154924,2.23694452240574,2.17283516780953,2.1052487563444973,2.034229362061787,1.959857449096899,1.882258763501528,1.801609666590585,1.7181448757624236,1.6321652415879,1.544044820564867,1.4542378982501485,1.363285203822529,1.2718186013188046,1.1805635060865725,1.0903379105771143,1.002046425256207,0.9166671928574356,0.8352282499858842,0.7587688367523062,0.6882808332011511,0.6246250867809234,0.5684233779934912,0.5199378840778474,0.47896801553941654,0.44480935836766816,0.4163140337555073,0.39205704317425766,0.37056626224109823,0.35054859812427325,0.33105599021312604,0.3115660350439968,0.29197748827517056,0.27253154493518317,0.2536731503690556,0.23587527735178077,0.21946811455763496,0.2045330234717477,0.1909106284234235,0.17831866731594853,0.16650727144033237,0.1553556319302931,0.14486125834651567,0.13505584786650612,0.12593180052524264,0.1174355388813831,0.10950721146374513,0.1021075119701922,0.09520963912568187,0.08878407634090611,0.08279852026711615,0.07722330195499068,0.07203118467461678,0.06719583039265194,0.0626921984785061,0.058496779528112684,0.05458750012930395,0.05094378213071222,0.04754655526429648,0.044378232313999275,0.041422652847942866,0.03866499481057057,0.03609166593259843,0.03369017503836391,0.03144899785056371,0.029357457756782928,0.027405621302620416,0.025584213438739217,0.023884552598977555,0.02229849886372215,0.02081840577802519,0.019437073687387212,0.01814770541509928,0.01694390347283961,0.015819686702639328,0.014769546807473088,0.013788517557246346,0.01287213160475983,0.012016289685063844,0.011217199200151573,0.010471347908571967,0.009775440480926068,0.00912647162236797,0.008521538142563082,0.007957240739150082,0.007429883708426345,0.006936306531833863,0.006474349196675451,0.006043187039410179,0.005642724235665317,0.0052706025510588245,0.0049228070538790995,0.0045963043423564885,0.004289155700776549,0.004001153856761222,0.003735839220125782,0.0034929791800409203,0.0032669072255117563,0.00305107266538806,0.002842317207108435,0.0026448653604129796,0.00247178211492343,0.0023203343132860996,0.002176572109903476,0.0020327819856338,0.0018824522730103248,0.0017412599636326416,0.0016360751052403642,0.001550397366871117,0.001459166684336473,0.0013604213481786804,0.0012448131035721812,0.0011479637540328632,0.0010935013427026848,0.0010412932119783132,0.0009728172887200288,0.0009125198940382367,0.0008307689438205014,0.0007793178741766707,0.0007429637565971892,0.0006962176196476125,0.0006489986355268536,0.0006213798249795501,0.0005621638716402364,0.0005414876645545314,0.0005065809651512511,0.0004764491001379004,0.00045237215247837523,0.0004319307947385241,0.0003969980411861161,0.0003851621186273374,0.0003637042760798123,0.0003404768534075821,0.00032884556106399434,0.00031399009495371237,0.0002980936533236254,0.0002880372748442282,0.0002779332536988221,0.00026247291521833697
9.221978823334327,2.890287696820835,2.8908069452773075,2.8913597061727696,2.891947826815187,2.8925731989290098,2.893237747058722,2.8939434134990742,2.8946921389991407,2.8954858383318256,2.8963263696328014,2.8972154961868104,2.898154839067359,2.899145818709783,2.90018958310825,2.9012869198648397,2.9024381487740567,2.903642990991292,2.904900410105007,2.9062084196134967,2.9075638504146717,2.9089620709894883,2.910396652068045,2.9118589668336545,2.91333771733956,2.914818378082216,2.9162825490276587,2.917707213427862,2.9190639012933963,2.9203177684012878,2.9214266143299454,2.9223398822753435,2.9229977088988957,2.9233301236086486,2.9232565306479357,2.9226856375887524,2.9215160083598337,2.9196373994165796,2.916932960358621,2.9132822218819325,2.908564545071895,2.902662394771045,2.8954635209138684,2.886861064942802,2.876750987806229,2.865027201578905,2.8515762187553637,2.8362742778126737,2.8189895197156787,2.7995889718794333,2.777945876345348,2.7539411492130297,2.7274575427343963,2.698373963976156,2.6665687964591003,2.631928126118679,2.5943452104075537,2.5537137404499397,2.5099322211057142,2.4629114027588725,2.4125691164044447,2.3588339146248987,2.301652177608123,2.2409851835709627,2.17681877132375,2.109163623910779,2.03806381603841,1.9635998811760158,1.885897645862317,1.8051334592504469,1.7215421482267252,1.6354247038845822,1.547155378342777,1.4571887670132275,1.3660660504739155,1.2744197139646642,1.1829760027756153,1.0925539972704508,1.0040597073602784,0.918473049898053,0.8368243432832809,0.7601557018997127,0.6894626340925081,0.6256104198564609,0.5692260071722499,0.5205770509645099,0.4794679021901322,0.4451974089105067,0.41661826533485413,0.39230306092121053,0.3707748423603907,0.35073445787636287,0.33122780242962235,0.3117273742423452,0.2921283163698095,0.2726698883664835,0.2537967137674171,0.2359827345199268,0.21955979615441645,0.20461082525779276,0.19097724735870897,0.17837662715684932,0.1665582873169394,0.15540058445797222,0.14490060936051757,0.135090072505679,0.1259615248777506,0.11746141172435462,0.10952976282341298,0.1021271509238735,0.09522672166776959,0.08879893204772912,0.08281143992914797,0.0772345357518159,0.07204095165374304,0.06720432279134983,0.06269958370400847,0.05850320332139898,0.05459308919966779,0.05094864641706298,0.047550790045176754,0.04438192000809622,0.04142586484956156,0.038667793028768875,0.03609410440518613,0.03369230013468906,0.031450849489318256,0.02935907043468406,0.027407025128715796,0.02558543536291794,0.02388561713896329,0.02229942799635433,0.020819217997024193,0.019437782993724534,0.018148322023667722,0.01694443673685493,0.015820146815522525,0.014769948036497123,0.013788875261926462,0.012872452532260392,0.012016570952682883,0.011217435631031216,0.01047153934160564,0.009775597682525509,0.009126622336633956,0.008521694814253493,0.0079573880816977,0.007429996647344259,0.006936374454179964,0.006474380355002379,0.00604323598902005,0.005642822091875201,0.005270712660748201,0.004922874106601673,0.004596308705687463,0.004289102651516537,0.004001147672446864,0.003735934833725131,0.0034931006023067564,0.0032669575554010026,0.0030510309132926734,0.0028421871508383535,0.0026448374428072767,0.002471912684324638,0.002320486975674265,0.002176608306054203,0.0020326940590923727,0.0018822519973476428,0.0017412555402552005,0.0016362416633013085,0.0015505429125946494,0.0014591827315924046,0.001360319659233317,0.0012446092962675127,0.001148021355713091,0.001093613447913084,0.0010413269634820775,0.0009728482707653714,0.0009124845027799915,0.0008306561788836086,0.0007793885044183182,0.0007429680407509785,0.0006961588931090454,0.0006490617598721149,0.0006213765127495232,0.0005621366024674445,0.0005415196375293941,0.0005066101222163297,0.0004764074448728276,0.0004523970572346178,0.00043192576750130285,0.0003970146461515958,0.00038516808011749377,0.00036375608166051626,0.000340459293872299,0.000328840072743648,0.0003139700756261452,0.00029810830481338634,0.00028802670858156515,0.0002779251052904109,0.000262488098420981
9.547716114208056,2.8878703596491873,2.8884033731440413,2.888971000141369,2.889575185526569,2.8902179286493115,2.890901272951605,2.8916272922926756,2.89239807324227,2.8932156924613666,2.89408218810451,2.894999523954411,2.8959695447293887,2.896993920678645,2.898074079189155,2.8992111206601963,2.900405715345906,2.9016579772124143,2.902967310096481,2.904332220585886,2.9057500910780596,2.9072169054422394,2.9087269186725693,2.910272260984495,2.911842466155892,2.91342391383219,2.9149991764272034,2.916546263767823,2.918037763581371,2.9194398843742864,2.920711420455068,2.9218026780982624,2.922654428081198,2.9231969829888405,2.9233495355845127,2.923019931269957,2.9221050716519223,2.9204921387122753,2.918060764273887,2.9146861193349958,2.91024264501417,2.9046078086486915,2.8976649303580464,2.8893039675490173,2.8794194263974577,2.867905510782884,2.8546501477767836,2.839530968946071,2.8224163605175545,2.8031721166689962,2.7816696539477923,2.757788966118386,2.731413400865019,2.7024228810963127,2.670695799053299,2.6361176947880414,2.598582280422596,2.557984227996882,2.514222052995387,2.46720662477417,2.4168565997534306,2.363100538156783,2.305885148830927,2.2451720429803217,2.1809470720124384,2.113221200723191,2.042038485637363,1.9674795683555628,1.8896703481183164,1.8087871729895273,1.725064993426229,1.6388049449289461,1.5503814839642593,1.460249529897839,1.3689507325198562,1.277118221016997,1.1854790999775666,1.0948535757587676,1.0061491078140703,0.9203474486507087,0.8384812746435365,0.7615956756549571,0.6906899117522582,0.6266338510544667,0.5700597964305784,0.5212410882935732,0.4799872191195198,0.44560045067316206,0.4169341075241877,0.3925583063092323,0.37099110098538307,0.35092705683410447,0.3314057907721532,0.3118944993750828,0.29228456375779494,0.27281322205271163,0.25392475262148956,0.23609409453338925,0.2196548089184491,0.20469144759650051,0.19104627219256407,0.17843667263758034,0.1666111351203289,0.15544715019137545,0.14494137234394158,0.13512552444239037,0.12599231396693375,0.11748821028595346,0.10955312036193185,0.1021474914663505,0.0952444140501355,0.0888143177230512,0.08282482019120947,0.07724616980561017,0.07205106642786994,0.06721311743482665,0.06270723163545883,0.058509855513555,0.05459887689606867,0.0509536834985562,0.04755517520951612,0.04438573860959239,0.04142919083801668,0.03867069058228712,0.03609662944957675,0.033694500583054024,0.03145276663287577,0.02936074004488172,0.027408478512039664,0.02558670056849723,0.02388671961034525,0.02230039037552675,0.020820059189893273,0.019438517261398475,0.018148960043266188,0.01694498840949971,0.015820623089193082,0.01477036400208931,0.01378924639513865,0.012872785040569459,0.012016861666894191,0.0112176795928446,0.010471736851766875,0.009775760809200623,0.009126779742710407,0.008521857780919864,0.00795754017300249,0.007430112465813319,0.006936443600391176,0.006474412628737161,0.0060432885483933715,0.005642924560724154,0.00527082624342745,0.0049229422177270755,0.004596311732399126,0.004289047509526843,0.004001143630559606,0.003736035096025577,0.0034932257804715385,0.003267008309486948,0.0030509860429136547,0.0028420522984056867,0.0026448112215186736,0.00247204883514727,0.002320644154968573,0.0021766446795098517,0.002032601405173215,0.0018820447208218636,0.0017412534399934706,0.0016364144269304548,0.0015506923641274706,0.001459199058340586,0.0013602131126840564,0.0012443987785838082,0.0011480822321583936,0.001093729370441444,0.0010413610059725117,0.0009728806985639925,0.0009124473587790828,0.0008305401558067502,0.0007794615833321875,0.0007429726823563113,0.0006960979717759999,0.000649127253432527,0.0006213726594296733,0.0005621089839180262,0.0005415528032097842,0.0005066409499441211,0.00047636438853634086,0.0004524227561389141,0.0004319202448810856,0.00039703199585033286,0.00038517399498894084,0.0003638095016989355,0.0003404411387664722,0.00032883426536318066,0.0003139492949310529,0.00029812346009063905,0.00028801568144718386,0.0002779165310405271,0.00026250384957781297
9.884959046625584,2.885302682250542,2.885849428003401,2.8864318851541317,2.88705209592562,2.8877121670650383,2.888414260710902,2.8891605821328614,2.889953363642264,2.890794843822369,2.8916872410459584,2.892632720028038,2.89363334989431,2.89469105192261,2.8958075347235184,2.89698421415573,2.898222114708335,2.8995217484129214,2.900882966562091,2.9023047786011333,2.903785131529287,2.905320642016641,2.9069062722614865,2.9085349394759263,2.910197047960001,2.9118799322744398,2.9135672004621034,2.9152379682046274,2.9168659790830977,2.9184186138644885,2.9198558043421348,2.9211288862354223,2.9221794523290616,2.9229383018972497,2.9233246240509527,2.9232455958630283,2.9225966100414014,2.9212623526668726,2.9191189016205703,2.9160368782630335,2.911885432918624,2.9065364840194543,2.8998682343200675,2.891766732244416,2.8821244118233627,2.8708354119699924,2.8577890702885727,2.842864716570183,2.8259313931142946,2.806853901273208,2.7855017480935302,2.7617537273485797,2.7354936400952035,2.7066025834929386,2.6749591780727657,2.640448395054557,2.6029642930267887,2.562402647215524,2.5186621182177453,2.4716536251908057,2.4212967173442665,2.3675200522351996,2.3102706234343784,2.249510472033368,2.1852254361217245,2.1174268208332516,2.0461586481051617,1.9715017093814122,1.8935819666563893,1.8125757821212158,1.728718243669479,1.6423106349122996,1.55372762650127,1.463424476777096,1.3719433232916773,1.2799179627984867,1.188076389617885,1.0972399753998061,1.0083176809370749,0.9222931585336578,0.8402015207409445,0.7630909378926719,0.6919645489238544,0.6276969712773505,0.5709260569071791,0.5219310477233308,0.4805267877330947,0.4460191118759111,0.41726203748028146,0.39282314727784445,0.37121533371563115,0.35112664661845594,0.3315901814946886,0.3120676211306026,0.29244642837473117,0.27296172962649784,0.25405743297424876,0.23620950302001287,0.21975327730660413,0.2047749954473464,0.19111779179827304,0.17849888024558913,0.16666588173751654,0.15549538795635592,0.1449835987673752,0.13516224836750138,0.12602420648026458,0.11751596812469389,0.10957731325389257,0.10216855895253987,0.09526273828171074,0.08883025246563855,0.0828386776305266,0.07725821850448751,0.07206154148498115,0.06722222516340229,0.06271515168514061,0.058516744280008665,0.05460487032208943,0.05095889954993927,0.04755971612665566,0.044389692790905946,0.04143263488086578,0.038673691012533096,0.03609924413059346,0.0336967790325693,0.031454751579334715,0.02936246859687619,0.027409983228642704,0.02558801063278839,0.023887861403037166,0.022301387198930624,0.020820930360302685,0.019439277323753744,0.018149620190345803,0.016945559128530328,0.015821116145917476,0.014770795311238845,0.013789631462866343,0.012873129498305396,0.012017162087314391,0.011217931292314683,0.010471940638758618,0.009775930175269149,0.009126944175508493,0.008522027269135302,0.007957697093642014,0.007430231182518374,0.0069365139470014,0.006474446132634523,0.006043344995040119,0.005643031838494369,0.005270943336619414,0.004923011330821313,0.0045963132706370435,0.004288990244862596,0.00400114199108108,0.0037361402197663386,0.0034933547604992657,0.0032670594122149684,0.003050937823097007,0.002841912515087826,0.002644786950748579,0.0024721908029880606,0.002320805908894507,0.0021766811670502636,0.002032503737977704,0.001881830244000634,0.0017412539098400023,0.0016365936297038526,0.001550845755449032,0.0014592156569143938,0.0013601014521221386,0.0012441813791361537,0.0011481465725000123,0.0010938492404124747,0.0010413952937062263,0.00097291463717683,0.0009124083598350879,0.0008304208183512096,0.0007795371944433254,0.0007429777173048884,0.000696034778038966,0.000649195205383439,0.0006213682111038322,0.0005620810482445795,0.0005415872052576854,0.0005066735506368489,0.0004763198858668,0.0004524492729213807,0.000431914182851184,0.0003970501281203737,0.0003851798387622584,0.00036386457512647594,0.00034042237004720306,0.00032882811639600414,0.0003139277224504848,0.0002981391345220284,0.0002880041706662598,0.0002779075062270526,0.0002625201882975289
10.234114021054532,2.8825772542511454,2.8831376852193653,2.88373492070003,2.8843710997924163,2.885048436157122,2.8857692101305044,2.886535757892553,2.8873504570144024,2.8882157075666894,2.8891339077931604,2.89010742313845,2.8911385471563174,2.89222945250488,2.893382129846823,2.8945983120017322,2.8958793801298617,2.897226248046084,2.898639219954647,2.9001178159479664,2.901660558521958,2.9032647121370587,2.904925966534723,2.9066380531829994,2.9083922830180224,2.9101769928181267,2.9119768874870924,2.913772266827469,2.9155381289111744,2.91724314907335,2.9188485453634305,2.9203068597225905,2.9215607109254482,2.9225416115008374,2.9231689857766487,2.9233495757405237,2.9229774655415524,2.9219349756026594,2.9200946447467904,2.9173223967638995,2.913481742170281,2.9084384884881214,2.9020649807826033,2.894242536716708,2.884860771736651,2.8738132701404924,2.86099067938602,2.8462743075491552,2.8295343168215936,2.8106348489067092,2.789443481346104,2.765837518889392,2.7397010141010103,2.710916370075923,2.6793626962058372,2.6449244117798307,2.607495792230075,2.5669738201331707,2.523257470663569,2.4762576492463078,2.42589484784686,2.3720979368400528,2.3148141438921037,2.254006041087465,2.189659433929902,2.121786024408218,2.05042978820149,1.97567170999687,1.89763780308946,1.816504463555971,1.732506929931477,1.645946637662761,1.5571984827346113,1.4667180784276805,1.3750480693505955,1.2828229443633563,1.1907716190972568,1.0997166710583914,1.0105686158627518,0.9243130725131417,0.8419876700724003,0.7646437681557364,0.6932885155868563,0.6288014461652773,0.5718261621239806,0.5226480314208239,0.4810874690050642,0.4464540507496948,0.41760255458902007,0.39309796816163844,0.3714478485751272,0.351333488836659,0.33178120947474843,0.3122469581025057,0.2926141156076399,0.2731156017284605,0.25419492730165555,0.23632911131544965,0.21985533067206092,0.2048615778751285,0.19119189847993168,0.17856332937848773,0.166722596577686,0.15554535879078715,0.14502734203534137,0.13520029064884306,0.1260572425510305,0.11754472004703168,0.10960237175549603,0.1021903796748614,0.09528171718293962,0.08884675607637664,0.08285302943227761,0.0772706967629567,0.07207238976890147,0.06723165721216627,0.06272335360740786,0.058523878092645504,0.05461107683875895,0.05096430096944942,0.04756441835944227,0.04439378739289354,0.041436201192123684,0.038676797984735216,0.03610195161612844,0.03369913822231081,0.031456806709353656,0.029364258177450007,0.027411541126081043,0.025589367195898667,0.023889043957624576,0.022302419701739174,0.0208218325387969,0.019440064038277537,0.018150303205479373,0.01694614955991634,0.015821626642105978,0.014771242598262423,0.013790030982811964,0.012873486277799098,0.012017472476416146,0.011218190940690303,0.010472150916122278,0.009776106121059835,0.0091271159829673,0.00852220350762218,0.007957858916800349,0.007430352810292425,0.006936585469357713,0.006474481000779385,0.006043405624676236,0.005643144125441483,0.005271063967074773,0.004923081380698136,0.004596313157536839,0.004288930838321563,0.004001143035102121,0.0037362504239755756,0.003493487578247437,0.0032671107796438514,0.003050886006294739,0.002841767670552042,0.002644764906423008,0.002472338832076613,0.0023209722864191208,0.002176717699308038,0.0020324007531730354,0.0018816083690454683,0.0017412572150854397,0.0016367795141576274,0.0015510031133714527,0.0014592325174028308,0.0013599844075639503,0.001243956928672635,0.0011482145762098227,0.0010939731928149296,0.0010414297765694255,0.0009729501539027709,0.0009123673962464168,0.0008302981131494076,0.0007796154245275221,0.0007429831851809851,0.0006959692322635285,0.0006492657079842799,0.000621363109012777,0.0005620528316311593,0.0005416228884240707,0.0005067080327172803,0.0004762738901484501,0.0004524766321348154,0.0004319075334392069,0.00039706908297288995,0.0003851855839873412,0.00036392134079521764,0.00034040296951793036,0.0003288216013545489,0.0003139053264633647,0.00029815534369393104,0.0002879921521966212,0.0002778980046489964,0.00026253713452590433
10.59560179277616,2.879686402718849,2.880260459462485,2.8808724076005503,2.881524482438701,2.882219003822815,2.8829583695027683,2.883745045733893,2.884581554472116,2.8854704563784312,2.88641432867672,2.8874157366989928,2.888477197695213,2.889601135170592,2.8907898216293315,2.8920453071356853,2.893369330534556,2.8947632094865665,2.8962277046481684,2.8977628523490413,2.8993677589754716,2.901040348960313,2.9027770568306255,2.9045724522350493,2.906418785389039,2.908305439159464,2.910218273428271,2.9121388480015518,2.914043513017414,2.9159023617541,2.9176780515403826,2.919324516066007,2.9207856188588854,2.9219938347144607,2.9228690936519044,2.923317977515921,2.9232335137827237,2.922495846605794,2.920974052218649,2.918529264141101,2.9150190404997964,2.910302518829943,2.9042454022388893,2.896723359042182,2.887622298705512,2.8768346046863877,2.864252006778572,2.8497580200970716,2.83322443292065,2.814515163211515,2.7934959252378384,2.770042250004207,2.7440381758015557,2.715367501337896,2.683910122614406,2.6495499758075747,2.612181407554494,2.571702684995823,2.5280133026668823,2.4810241024328006,2.4306565466196304,2.3768398605130634,2.3195214522427317,2.2586645264059655,2.1942548474542924,2.126304565837969,2.054857606768359,1.979995191654801,1.9018433731631674,1.820578605788763,1.736436290783977,1.6497180194786425,1.5607989258511592,1.4701349950324771,1.3782693987358623,1.2858373434366723,1.193568698877049,1.1022872903061578,1.012905243309857,0.9264102133863178,0.8438424287435011,0.7662565508893334,0.6946638736234638,0.6299490201721863,0.572761551450909,0.5233931949090919,0.48167016572731436,0.4469059572424215,0.41795618169928395,0.39338317055775773,0.37168896662084727,0.3515478555276538,0.3319791185705106,0.31243273710290814,0.2927878385897518,0.27327503629150107,0.2543374147799084,0.2364530767060051,0.21996110347422484,0.20495130822549687,0.1912686881161417,0.17863010246246872,0.16678135167323352,0.15559712603236842,0.1450726575630335,0.13523969939770136,0.12609146381525624,0.11757450215599545,0.10962832724649231,0.10221298089942941,0.09530137441691743,0.08886384908507823,0.08286789341271251,0.07728362004184262,0.0720836246964633,0.06724142522578938,0.0627318475114894,0.05853126573083369,0.05461750407413402,0.050969894387107646,0.047569287671310106,0.044398027430922526,0.04143989413740534,0.03868001529169362,0.03610475518069313,0.033701580985477646,0.03145893449085957,0.02936611095527792,0.027413154127031117,0.025590771962776256,0.02389026876584223,0.02230348915624689,0.020822766782644296,0.01944087828767091,0.018151009854902152,0.01694676040076215,0.01582215527091356,0.014771706524796606,0.013790445483059492,0.012873855754216413,0.01201779309967284,0.011218458754030035,0.010472367913836262,0.009776289014937496,0.009127295525377643,0.008522386726079498,0.007958025707433225,0.007430477355179645,0.006936658142381871,0.0064745173894999305,0.006043470751783571,0.005643261625334374,0.005271188149237401,0.004923152292574494,0.004596311218948682,0.004288869283904306,0.0040011470658388665,0.003736365933761579,0.003493624257873983,0.0032671623187861152,0.0030508303276704962,0.0028416176405682146,0.0026447453875273674,0.0024724931755384146,0.002321143326499754,0.002176754200302753,0.002032292126925758,0.0018813789009947837,0.0017412636403407583,0.001636972332164308,0.0015511644567233506,0.0014592496271388707,0.001359861694938783,0.0012437252610957115,0.0011482864535672854,0.0010941013677600298,0.001041464399876682,0.0009729873182728757,0.0009123243501501189,0.0008301719902171361,0.0007796963638673527,0.0007429891296161057,0.0006959012528323031,0.0006493388566327226,0.0006213572891417594,0.0005620243744294573,0.0005416598984580333,0.0005067445109969129,0.00047622635314143943,0.0004525048592246301,0.00043190024436848046,0.0003970889027301812,0.00038519119995274317,0.0003639798373719554,0.00034038291892095487,0.0003288146935815971,0.00031388207388260547,0.0002981721033792051,0.00028797960065726335,0.00027788799855432835,0.00026255470849445735
10.969857978923836,2.876622177639386,2.8772097903372966,2.877836373820618,2.8785042587405467,2.8792158701751482,2.8799737222377595,2.8807804101095447,2.881638598883348,2.8825510084708044,2.8835203936589613,2.884549518199214,2.885641121561494,2.8867978766796223,2.8880223366367486,2.889316867777439,2.890683566167405,2.8921241536328104,2.893639848776659,2.8952312073681754,2.8968979253137106,2.898638596035132,2.9004504125130057,2.902328802540218,2.9042669839778443,2.9062554252020956,2.9082811948141014,2.9103271845958716,2.912371191468531,2.9143848490542266,2.9163324090245344,2.9181693888589715,2.9198411283702255,2.9212813346621562,2.9224107452236177,2.92313609987451,2.9233496768633356,2.922929699889525,2.9217419316862716,2.919642692725111,2.9164833298247466,2.912115771644389,2.9063982643744057,2.899199815801849,2.8904015917461465,2.8798939478208663,2.867569307255878,2.853313536110436,2.8370005793080963,2.818494676095692,2.7976598545057603,2.774369613056716,2.7485076457616415,2.7199591773170857,2.688605217296144,2.6543293518817253,2.6170258461824054,2.5765942929340917,2.5329349440917794,2.4859585517291665,2.4355875493717063,2.3817516851540117,2.324398496347678,2.2634919172658687,2.199017678367687,2.13098842214094,2.0594480296429287,1.9844780005985336,1.906204416083142,1.8248038183152284,1.7405117817594562,1.6536300584089487,1.5645340345963288,1.4736800851382756,1.3816119296618896,1.288965518791659,1.1964717104871727,1.1049556210269353,1.0153310427451838,0.928587740432195,0.8457686265995259,0.7679317809916513,0.6960927817751991,0.6311415209009452,0.573733733795924,0.5241677501036514,0.48227582490942283,0.4473755548414884,0.41832346643975105,0.3936791742503596,0.3719390225885927,0.35177002963144727,0.33218416199524375,0.3126251934891677,0.29296781850766285,0.27344023883756535,0.25448508156499955,0.236581562683226,0.2200707354988602,0.20504430430909554,0.1913482603105583,0.17869928507615854,0.1668422217853532,0.1556507554102254,0.1451196028564091,0.13528052453815498,0.12612691347104546,0.11760535190188244,0.10965521227385831,0.10223639090373729,0.0953217345218014,0.08888155277839131,0.08288328804320946,0.07729700436900892,0.07209526017535556,0.06725154127392782,0.06274064387480685,0.05853891629288917,0.054624159933243384,0.05097568667331788,0.0475743300336483,0.044402418101144245,0.041443718239206236,0.03868334685778617,0.03610765820959952,0.03370411025429214,0.03146113748434247,0.029368029185836753,0.02741482423285205,0.025592226704942513,0.023891537370677274,0.022304596871292007,0.020823734175773666,0.01944172098117029,0.018151740932394262,0.016947392382691762,0.01582270276481861,0.01477218777935683,0.013790875500509104,0.01287423830465759,0.012018124225814147,0.011218734953608315,0.010472591881407395,0.009776479255268937,0.00912748317450491,0.008522577153740338,0.007958197521493937,0.00743060481538778,0.006936731941540911,0.006474555480595738,0.006043540710083138,0.005643384544931511,0.005271315883676993,0.004923223981141779,0.004596307269267574,0.004288805591642313,0.004001154409595709,0.003736486980086034,0.0034937648101393748,0.0032672139268783962,0.003050770504235041,0.0028414623090104673,0.002644728717452294,0.0024726540956775474,0.002321319056742968,0.002176790586901904,0.0020321775148356915,0.0018811416492512324,0.0017412734905935129,0.0016371723453212314,0.0015513297954938172,0.0014592669700792711,0.0013597330155875717,0.0012434862146097885,0.0011483624261351979,0.001094233910768885,0.0010414991041725952,0.000973026202032858,0.0009122790948092283,0.0008300424035165954,0.0007797801065451987,0.0007429955986746154,0.000695830756209664,0.000649414749910849,0.0006213506817789385,0.0005619957213967331,0.0005416982819875742,0.0005067831069304493,0.00047617722500346317,0.00045253398060896694,0.00043189225867128417,0.0003971096321720021,0.0003851966523729758,0.0003640401032214311,0.0003403622000526643,0.0003288073640170701,0.00031385793018787916,0.00029818942949813663,0.00028796648925479023,0.0002778774585681242,0.00026257293065923883
11.357333583431052,2.8733763353953106,2.8739774259020656,2.874618558054805,2.8753021568224235,2.876030751363094,2.8768069708658723,2.877633538003728,2.8785132594173057,2.8794490125192462,2.880443727749736,2.8815003652179727,2.882621884422661,2.883811205446606,2.885071159652693,2.8864044274550325,2.8878134601805754,2.889300382350966,2.8908668698766595,2.8925139986389268,2.894242056714608,2.896050312053808,2.8979367257467956,2.899897599136719,2.9019271410239846,2.9040169392265054,2.906155319103593,2.908326570821567,2.910510027934031,2.9126789834701143,2.914799437877749,2.9168286881287373,2.9187137918173134,2.92038997705564,2.921779120505856,2.9227884816283014,2.923309955492375,2.923220174282954,2.922381820102012,2.9206464634003337,2.917859054240967,2.9138638150203238,2.9085107078232215,2.901660985769084,2.8931898778316487,2.882984680576263,2.870937921997157,2.8569378365500975,2.8408610534117202,2.822572787855455,2.8019356952995538,2.7788210374098234,2.7531117749880845,2.724694511334375,2.693451712699214,2.6592668243465516,2.6220338830962118,2.5816538033244507,2.53802786061826,2.491066726126458,2.440693775498238,2.3868394706718634,2.329451436115723,2.268494423218367,2.2039541561071454,2.1358438016785923,2.0642072169169623,1.9891262173265474,1.9107269042834356,1.8291859414939409,1.744739085170215,1.6576882540071205,1.5684091029095668,1.4773584150966164,1.3850804796925311,1.2922120190931352,1.1994849149835627,1.1077256194531468,1.0178496499627125,0.9308489564555129,0.8477692237239498,0.769672069703121,0.6975775009104624,0.6323808637162616,0.5747442915368838,0.5249729685527388,0.4829054403415617,0.4478636025215391,0.41870498262532824,0.3939864181967934,0.3721983655791537,0.3520003054841375,0.3323966027100594,0.31282457150465304,0.2931542849214076,0.2736114227874003,0.25463812108526473,0.23671473921091604,0.22018437208905378,0.20514068859479062,0.19143071854965105,0.17877096608022866,0.16690528451440936,0.15570631514050542,0.14516823759582645,0.13532281787939732,0.12616363634045152,0.1176373081351268,0.10968306059729173,0.10226063901590005,0.09534282294455299,0.08889988922885941,0.08289923247530946,0.07731086636091758,0.07210731062268569,0.0672620178672478,0.06274975355682869,0.05854683920800389,0.054631052608403556,0.050981684947776974,0.0475795516334762,0.04440696478698084,0.04144767818233403,0.038686796743351785,0.0361106642039593,0.03370672906576321,0.03146341834874055,0.02937001521652883,0.027416553526967896,0.02559373326179974,0.023892851366050228,0.022305744191489705,0.02082473582888722,0.019442593056178275,0.01815249726160181,0.01694804627572185,0.01582326989806825,0.014772687076379435,0.013791321579098945,0.012874634307267832,0.012018466127198162,0.011219019766503812,0.010472823091505786,0.00977667727225721,0.009127679312510894,0.008522775017615237,0.007958374405247678,0.0074307351801429986,0.0069368068440665166,0.006474595484878084,0.0060436158528973105,0.005643513093382909,0.005271447155526288,0.0049232963495395915,0.0045963011113975575,0.004288739790822423,0.004001165416659215,0.003736613799528303,0.0034939092306198074,0.003267265490563182,0.0030507062340338897,0.0028413015701859567,0.0026447152453335228,0.0024728218642784826,0.002321499491975789,0.002176826768185105,0.002032056550890159,0.0018808964293012135,0.001741287092297831,0.0016373798253487353,0.0015514991299420142,0.0014592845260608862,0.0013595980557706661,0.0012432396330036124,0.0011484427272426651,0.0010943709730954626,0.0010415338250383901,0.0009730668791109586,0.0009122314938455266,0.000829909311573853,0.0007798667507772375,0.0007430026452735779,0.0006957576570359766,0.0006494934896216807,0.0006213432110442499,0.0005619669219350546,0.0005417380863672312,0.0005068239488493863,0.0004761264542019766,0.00045256402376987276,0.0004318835142732922,0.0003971313186901156,0.0003852019030533148,0.000364102176277025,0.0003403407949049755,0.0003287995809378755,0.00031383285935351527,0.0002982073380731816,0.0002879527897082821,0.0002778663536213854,0.0002625918216287818
11.758495540521563,2.8699403206922227,2.870554804499101,2.871210391477537,2.871909599748395,2.8726550612312813,2.8734495187014053,2.8742958206444342,2.8751969133614836,2.8761558296530803,2.8771756732588907,2.8782595980423684,2.8794107806773646,2.880632385306305,2.881927518283272,2.8832991706736575,2.8847501456348645,2.8862829671259207,2.887899765560048,2.889602134992213,2.8913909551912815,2.893266170453897,2.895226515255045,2.897269174801501,2.899389366305963,2.901579824455564,2.9038301723595916,2.906126157677721,2.908448733399116,2.910772965031199,2.9130667524855167,2.9152893680992826,2.9173898350497773,2.9193052063552796,2.9209588568066027,2.9222589696690853,2.923097483149676,2.9233498456075933,2.9228759859373286,2.9215228900491574,2.9191290214446712,2.915530465924132,2.910568086453635,2.9040942207883282,2.895976812892392,2.886098843991707,2.874352117177073,2.8606270762017556,2.8448035205146405,2.826748397911962,2.806323466542843,2.7833976367503905,2.7578527012640808,2.7295764986508475,2.6984532920665605,2.6643666803408355,2.6272103488831418,2.5868864775551814,2.543297651094216,2.496354516314483,2.4459813309770744,2.392109479450446,2.334686649634355,2.273678481492535,2.2090707461531522,2.1408771531877093,2.069141572542651,1.9939461664576454,1.915417053656391,1.8337310568718055,1.7491241204057333,1.6618983375863807,1.572429650072553,1.481175269017522,1.3886800754224347,1.2955815922371716,1.2026127618846831,1.110601418660457,1.0204648651056372,0.9331973152504951,0.8498473173286092,0.7714801508579157,0.6991203996252653,0.6336690566553007,0.575794884713029,0.5258101848970328,0.4835600553332846,0.44837089682719866,0.4191013317606176,0.39430536158071583,0.3724673597881381,0.35223898934049946,0.33261671383601155,0.31303112463423644,0.2933474760980554,0.27378880978384623,0.2547967343476739,0.23685278300530418,0.22030216438768166,0.20524058841247567,0.19151617036805177,0.17884523775311018,0.16697062041535263,0.15576387602618402,0.14521862372342131,0.13536663319117714,0.1262016789339907,0.11767041116145664,0.10971190723660215,0.10228575565552285,0.09536466607607329,0.08891888132519003,0.08291574656677188,0.07732522324506275,0.07211979098428692,0.06727286797409912,0.06275918781348398,0.05855504424866107,0.054638190589916105,0.05098789658870137,0.0475849588814505,0.044411673065843635,0.0414517788195149,0.03869036914960032,0.03611377678669163,0.03370944056840717,0.031465779847874485,0.029372071491884373,0.02741834417791048,0.02559529354139555,0.023894212396041187,0.022306932496331002,0.02082577287986496,0.01944349548027485,0.018153279698911666,0.016948722892623082,0.015823857488846113,0.014773205154665951,0.013791784267842238,0.012875044140402003,0.012018819080298802,0.011219313426452894,0.010473061844182164,0.009776883529555315,0.009127884330680298,0.00852298054037767,0.007958556394700248,0.0074308684284742615,0.0069368828304723915,0.006474637646005468,0.006043696553369712,0.005643647481539323,0.0052715819329676485,0.004923369288214812,0.004596292536881488,0.004288671933630684,0.004001180462108365,0.003736746634050162,0.0034940574978536898,0.0032673168849575726,0.00305063719541229,0.0028411353315314298,0.002644705347365216,0.002472996762923712,0.0023216846327326363,0.0021768626446815893,0.002031928846463018,0.0018806430646982576,0.0017413047944974422,0.0016375950544950466,0.0015516724496793747,0.001459302269919427,0.0013594564861785633,0.0012429853670745978,0.0011485276024745458,0.0010945127120938365,0.0010415684929064787,0.0009731094255677544,0.0009121814004153251,0.0008297726781538201,0.0007799563992924585,0.0007430103276406373,0.000695681868259223,0.0006495751808145281,0.0006213347943885269,0.0005619380303319258,0.0005417793594868612,0.0005068671721658826,0.00047607398741579044,0.00045259501735599487,0.00043187394354916517,0.0003971540124508077,0.0003852069095322423,0.0003641660938964124,0.0003403186858369582,0.00032879130966886427,0.000313806823770994,0.00029822584517762,0.0002879384721734045,0.0002778546508809594,0.0002626114020802917
12.173827277396613,2.8663052476650597,2.866933035605902,2.8676029783418775,2.8683176858756942,2.8690798914410323,2.8698924497506546,2.8707583332268007,2.871680625699231,2.872662512939358,2.873707269254607,2.874818239188491,2.8759988131503422,2.877252395523325,2.878582363456701,2.8799920141214534,2.8814844976765532,2.8830627325309894,2.8847292986641917,2.886486303749699,2.888335215575566,2.8902766527308605,2.8923101236969972,2.89443370232815,2.896643625244711,2.8989337939825512,2.9012951620389913,2.903714984622752,2.9061759076299847,2.908654873239844,2.9111218242487196,2.9135382002876953,2.915855239669348,2.9180121347576367,2.9199341405063404,2.9215308078574767,2.922694604566673,2.9233002855768095,2.9232054582839604,2.922252808766809,2.920274343893112,2.9170976793416203,2.9125538070757333,2.9064849467829155,2.898750262768444,2.889226923495593,2.877804894108878,2.8643764335008095,2.8488249038732687,2.8310198239349407,2.81082271339177,2.7881001491486277,2.762732298101732,2.7346079790310767,2.703613563843263,2.669633190151877,2.632560114848942,2.592297670842221,2.5487500437892825,2.501827973387009,2.4514565106862114,2.3975681805827107,2.3401107391364806,2.2790507645271725,2.214374158452486,2.146095175138543,2.0742577542810166,1.9989444270153485,1.920281334263178,1.8384454979892242,1.7536730547335266,1.666266283007394,1.5766014314015717,1.4851361592674193,1.3924159626970605,1.299079195219092,1.2058598986188627,1.1135873375501013,1.023180661159261,0.9356364295135509,0.8520061490612456,0.7733588875234735,0.7007239602010908,0.6350082056573532,0.5768872554951491,0.5266808005658167,0.48424076564245383,0.4488982741013209,0.4195131446486113,0.3946364849378755,0.3727463852831404,0.3524863999262702,0.33284477908660887,0.313245115975259,0.29354763935949657,0.2739726300292158,0.25496113025866696,0.23699587782912698,0.22042426959210928,0.20534413616595978,0.19160472752187394,0.1789221959331831,0.16703831311844364,0.1558235115613222,0.14527082553443477,0.13541202628250637,0.12624108951792254,0.11770470279946477,0.10974178852108811,0.10231177237626757,0.09538729128779894,0.088938552803789,0.08293285090869602,0.07734009288331807,0.0721327167548051,0.06728410503786768,0.06276895831215844,0.05856354154356304,0.05464558267715613,0.050994329242376485,0.04759055842022947,0.044416548716108575,0.04145602517721164,0.038694068424218915,0.03611699970971106,0.03371224802996778,0.03146822485732635,0.029374200558653335,0.02742019844183403,0.02559690952052533,0.023895622153654067,0.02230816319923729,0.020826846494602924,0.019444429253693912,0.01815408913700995,0.016949423093731392,0.015824466400983013,0.014773742775159079,0.013792264118724149,0.012875468181895977,0.012019183366298395,0.011219616175080112,0.010473308471687535,0.00977709852555365,0.009128098627961916,0.008523193937851541,0.007958743515162039,0.007431004527972358,0.006936959886430943,0.006474682244578956,0.006043783204503193,0.005643787921138793,0.005271720165819204,0.004923442673643501,0.004596281326230886,0.004288602099231311,0.004001199946528885,0.0037368857307694876,0.003494209571450336,0.0032673679725772568,0.0030505630463851714,0.0028409635167199548,0.0026446994280628603,0.002473179083321198,0.002321874463664254,0.0021768981074446153,0.002031793989386677,0.001880381389344966,0.0017413269699803695,0.0016378183259452908,0.0015518497327337256,0.0014593201704582186,0.0013593079614337283,0.0012427232762021023,0.0011486173101665513,0.001094659291640057,0.0010416030328869153,0.0009731539195231557,0.0009121286563251041,0.0008296324729965646,0.0007800491597601189,0.0007430187098146684,0.0006956033013134836,0.0006496599317976628,0.000621325342063206,0.0005619091060030633,0.0005418221495357422,0.000506912919536513,0.00047601976942492915,0.0004526269912969978,0.0004318634728498316,0.00039717776656497374,0.0003852116247018039,0.00036423189269969765,0.0003402958557802095,0.000328782512262917,0.0003137797841654285,0.0002982449668781566,0.0002879235051666109,0.0002778423156805845,0.0002626316926634455
12.603829296797274,2.8624618812121594,2.863102880739895,2.8637870764417155,2.8645171688640625,2.865295991020583,2.8661265078020923,2.8670118135493845,2.867955127307352,2.8689597851686917,2.870029228979163,2.871166990507401,2.872376669972151,2.8736619075579175,2.875026346222918,2.8764735836939495,2.87800711103015,2.8796302344954365,2.8813459766756444,2.88315695177305,2.8850652087640856,2.8870720345679413,2.8891777074970766,2.891381189007979,2.8936797391305764,2.896068437971342,2.8985395925034543,2.901082004795726,2.903680075488077,2.9063127157185713,2.908952043481477,2.911561849002456,2.914095831595599,2.9164956420357333,2.9186888147079713,2.920586746956928,2.9220829800923895,2.923052150419595,2.9233500877032292,2.9228155981690747,2.9212744069904737,2.9185454566269478,2.9144491771555328,2.908816459517389,2.9014960659296865,2.8923576052241766,2.881287767156512,2.8681799304767037,2.8529212521172136,2.8353847063796405,2.8154324313741568,2.792928869096249,2.7677521153485185,2.7397915920264837,2.7089360312956625,2.675070584327374,2.6380880750583495,2.59789282166742,2.5543908913417797,2.5074933064141756,2.457125799967763,2.4032222538185883,2.345730536720064,2.28461818760742,2.2198713559543517,2.151504825424054,2.0795626839855115,2.004127843152513,1.9253264815422264,1.84333586168152,1.758392314631413,1.6707983180313815,1.580930449517098,1.4892468375438543,1.3962936174044516,1.3027100045639008,1.2092311805168028,1.1166878903508242,1.0260011929443942,0.9381700792362332,0.8542491127579233,0.7753112790560243,0.7023907849455274,0.6364005201353314,0.5780232329548255,0.5275862877278222,0.48494872260992833,0.4494466128701595,0.4199410831136873,0.39498029136084445,0.3730358388322721,0.3527428690225443,0.3330810932218365,0.3134668186248254,0.2937550314451757,0.2741631226373386,0.255131525960394,0.23714421480041178,0.22055085122191873,0.20545146955646257,0.19169650617040349,0.17900194016783563,0.16710844945555312,0.15588529804003723,0.14532490977271517,0.13545905508379427,0.12628191818443074,0.11774022644072675,0.1097727421409958,0.10233872191019493,0.09541072696983073,0.0889589282816224,0.08295056685375549,0.07735549379623856,0.072146103998602,0.06729574299503721,0.06277907714729458,0.05857234159109637,0.054653237990063504,0.05100099083303765,0.047596357133220184,0.04442159772438279,0.04146042246170578,0.038697899067850865,0.0361203368624147,0.033715154846094546,0.03147075637157842,0.029376405070535613,0.0274221186642883,0.02559858324406685,0.02389708237914973,0.022309437746703787,0.020827957868455794,0.01944539541236651,0.018154926509261926,0.016950147792116864,0.01582509754499575,0.014774300717998165,0.013792761684519435,0.01287590680850476,0.012019559271767245,0.01121992826365186,0.010473563343886487,0.009777322794219478,0.009128322609335965,0.008523415416070655,0.007958935780958562,0.007431143433590498,0.006937038005086741,0.006474729602439295,0.006043876218965657,0.005643934623825866,0.00527186178427369,0.004923516366887129,0.004596267249492861,0.004288530398286226,0.0040012242966228715,0.003737031341748152,0.0034943653901965766,0.0032674186020751816,0.003050483424141076,0.0028407860692205977,0.0026446979214496146,0.0024733691276316422,0.002322068951877808,0.0021769330369189165,0.002031651543128245,0.0018801112501113904,0.0017413540164622286,0.0016380499442322505,0.0015520309446061958,0.0014593381892577429,0.0013591521195647329,0.0012424532300753075,0.0011487121219061044,0.0010948108826208394,0.001041637364611513,0.000973200441054661,0.0009120730910827174,0.0008294886726196974,0.0007801451452681633,0.0007430278621946417,0.0006955218663544569,0.0006497478541368837,0.0006213147565604708,0.000561880213739009,0.000541866504715623,0.0005069613409740628,0.00047596374298775437,0.00045265997692892025,0.00043185202200246234,0.00039720263726550554,0.00038521599640695955,0.0003642996083859762,0.00034027228848196376,0.00032877314714907833,0.00031375169950580546,0.0002982647191723288,0.00028790785549064,0.00027782931145287884,0.00026265271389089366
13.049019780144022,2.858400619919372,2.8590547357758687,2.859753078790878,2.860498438685872,2.8612937466774127,2.8621420760151848,2.8630466408582933,2.8640107930409253,2.865038016175097,2.8661319164102133,2.8672962090102305,2.868534699711237,2.8698512595748924,2.871249791743261,2.8727341881113158,2.8743082734435688,2.875975733844131,2.877740025711835,2.8796042603332017,2.881571058037616,2.883642364305588,2.8858192183227915,2.8881014621529477,2.8904873759214467,2.8929732211606645,2.8955526708538146,2.8982161009670624,2.900949714879802,2.9037344700237977,2.9065447767571877,2.909346945433483,2.9120973723017944,2.9147404830635613,2.9172065004071093,2.9194091744685453,2.921243716395949,2.922585301601081,2.9232886432942617,2.9231892372902273,2.922106872405482,2.9198517819545105,2.9162332690312467,2.9110697218206836,2.904197781627312,2.8954775042266876,2.884790505962917,2.8720302173350443,2.8570875783988443,2.8398398944929997,2.8201509792547963,2.797883570650604,2.7729133104637125,2.7451297236231262,2.7144240562593436,2.6806830270424373,2.6437991248980026,2.60367743833268,2.560226164127772,2.513356878723004,2.4629958752263166,2.409078593157035,2.3515531097286413,2.290387916569965,2.225569563226907,2.157113331380198,2.0850635582102734,2.009503535339352,1.93055950802958,1.8484090198934693,1.763288597682345,1.6755009362740734,1.5854229662247792,1.4935133065605903,1.400318756873088,1.306479427355007,1.2127316813862223,1.1199077966752333,1.0289308066426492,0.9408022206120688,0.8565797626698326,0.7773404686025124,0.7041236029430373,0.6378483189134002,0.5792047381545736,0.528528193516335,0.4856851365171424,0.4500168363978838,0.4203858418489654,0.39533730778953263,0.3733361347884275,0.35300874208499927,0.3333259625248313,0.3136965160844036,0.293969918890626,0.2743605360008853,0.25530814718326655,0.23729799271676408,0.2206820794005155,0.2055627318172572,0.19179162706657954,0.17908457386980667,0.16718111959230567,0.1559493146704735,0.1453809457306264,0.1355077797325861,0.1263242169248546,0.1177770271126063,0.10980480720116569,0.10236663821396674,0.09543500257067494,0.08898003329046886,0.08296891654559489,0.0773714451883605,0.0721599693715139,0.06730779629399113,0.06278955685661726,0.05858145527335896,0.0546611659810515,0.051007889573094954,0.04760236215373218,0.04442682629310562,0.041464976065512825,0.038701865741605654,0.03612379228149193,0.03371816454981957,0.03147337751113027,0.029378687792238286,0.0274241072810246,0.025600316823470127,0.02389859485803105,0.022310757617716948,0.02082910822848044,0.019446395031649962,0.01815579279504514,0.016950897958946564,0.01582575187820841,0.014774879778832066,0.013793277516609564,0.012876360395572285,0.012019947089407138,0.011220249955537812,0.010473826874214252,0.009777556905352125,0.009128556684014466,0.008523645167897687,0.00795913319528406,0.007431285086578371,0.006937117189903844,0.006474780087080581,0.0060439760286011435,0.005644087799938197,0.00527200669784123,0.004923590211947369,0.004596250067092675,0.004288456977908804,0.004001253965709511,0.0037371837237934248,0.003494524870203559,0.003267468606745176,0.003050397944708427,0.002840602956352009,0.002644701292138927,0.0024735672087818177,0.002322268045221168,0.0021769673015505195,0.0020315010461019176,0.0018798325098290528,0.0017413863577937136,0.001638290225648632,0.001552216037334529,0.0014593562793211556,0.0013589885814240831,0.0012421751105806385,0.0011488123230403036,0.0010949676635031073,0.0010416714021031603,0.0009732490720594963,0.0009120145208784242,0.0008293412611927128,0.000780244474853845,0.0007430378621432364,0.0006954374725630066,0.0006498390626385605,0.0006213029320241547,0.0005618514239584363,0.0005419124728959039,0.0005070125938936607,0.0004759058487047891,0.0004526940071285983,0.0004318395037849342,0.0003972286840917157,0.00038521996702522244,0.0003643692755243187,0.0003402479687892548,0.000328763168748142,0.00031372252690870417,0.0002982851179215545,0.0002878914881624412,0.00027781559966152806,0.00026267448601520417
13.509935211980265,2.8541114822110143,2.8547786163260946,2.8554909981809753,2.8562515053087556,2.8570631655518604,2.8579291586911895,2.858852816582604,2.8598376213835968,2.8608872013564355,2.862005323614479,2.863195883029707,2.8644628863340955,2.8658104302154332,2.8672426719167134,2.868763790481069,2.870377936320278,2.872089166197446,2.873901359969659,2.875818114491868,2.8778426088870774,2.8799774338782136,2.8822243759832937,2.8845841450232133,2.8870560305128867,2.8896374690617526,2.8923235009248143,2.8951060894769096,2.8979732730204937,2.900908114760281,2.9038874153769862,2.906880155697058,2.909845648000006,2.91273139853572,2.9154707273314036,2.917980261636291,2.9201575224206646,2.9218789597008503,2.9229989495656277,2.9233504073047203,2.9227477251374223,2.92099259710398,2.917882811177729,2.913223171443984,2.9068364295533566,2.898570866324757,2.888300839338796,2.8759183158757797,2.8613176646636633,2.8443813086177983,2.824975977890181,2.8029634205971776,2.7782165694846173,2.7506244427454756,2.720080815651862,2.6864745850698344,2.649698135736867,2.609657082042501,2.566261941696355,2.5194252027186796,2.469073603309275,2.4151443099900356,2.357585765693721,2.2963673755220877,2.2314762751210524,2.162928200128588,2.0907678591304784,2.015078912039529,1.9359877156007577,1.8536721320250371,1.7683688850666635,1.6803809097977112,1.5900855150425652,1.4979418323771787,1.4044973519110624,1.3103931128986437,1.2163667047081672,1.1232519921686237,1.031974049887077,0.9435369954931491,0.8590018221963166,0.77944975108184,0.7059252772449438,0.6393540365566528,0.5804337895822235,0.5295081445495041,0.4864512801852831,0.4506099154240166,0.4208481503991446,0.39570808639488714,0.373647706033997,0.35328437890100045,0.33357970530242004,0.31393450268286943,0.2941925784227832,0.27456512817465206,0.2554912286157572,0.23745741839596393,0.22081813115152082,0.20567807196003182,0.19189021575671067,0.17917020448123638,0.16725641716633025,0.1560156436940855,0.14543900535360002,0.13555826266310703,0.12636803970613786,0.11781515154389408,0.10983802427698594,0.10239555651700238,0.09546014863868386,0.08900189431262778,0.08298792294944157,0.07738796697454514,0.07217433014350813,0.06732027991458447,0.06280041043800363,0.05859089387077099,0.05466937644735191,0.05101503397372117,0.047608580874555974,0.04443224084853564,0.04146969157421449,0.03870597327570798,0.0361273701619332,0.03372128082151755,0.03147609152920522,0.029381051602495902,0.027426166817616077,0.025602112434377013,0.023900161418832135,0.022312124323689463,0.020830298836697975,0.019447429230879422,0.018156689026140215,0.016951674628788126,0.015826430403689026,0.01477548076440855,0.013793812162894055,0.012876829316997717,0.012020347118837335,0.01122058152960473,0.010474099526074265,0.009777801464107406,0.009128801263468905,0.008523883369217928,0.007959335750173862,0.007431429413668643,0.006937197458168073,0.006474834116064742,0.006044083083569837,0.005644247656970852,0.005272154794539899,0.004923664033876886,0.004596229530991107,0.00428838202703185,0.004001289434117565,0.00373734313826247,0.0034946879031415323,0.00326751780273038,0.0030503062028100075,0.0028404141738669164,0.0026447100362876554,0.0024737736507460966,0.002322471670528857,0.002177000756082799,0.0020313420111474196,0.0018795450507000924,0.0017414244451852878,0.001638539498662897,0.0015524049485775885,0.0014593743835568053,0.0013588169500107668,0.0012418888138526153,0.0011489182131943923,0.0010951298209994147,0.00104170505368044,0.0009732998960716917,0.0009119527474877138,0.0008291902314922754,0.0007803472740857821,0.0007430487946523528,0.0006953500285271548,0.0006499336753162735,0.0006212897536305692,0.0005618228129724864,0.0005419601012042881,0.0005070668430785398,0.00047584602486906876,0.0004527291164538557,0.00043182582337712787,0.0003972559700812902,0.000385223473028968,0.00036444092731380474,0.000340222882977476,0.0003287525270563986,0.0003136922215359451,0.0002983061787815031,0.00028787436634505523,0.0002778011397325789,0.0002626970288918471
13.98713102647238,2.8495840975465874,2.850264148035835,2.850990456504686,2.851765986971278,2.8525938623656204,2.8534773672112066,2.8544199489757047,2.8554252177040818,2.856496943457663,2.8576390509713403,2.8588556108027934,2.8601508260749715,2.8615290136967486,2.8629945786746136,2.864551979784609,2.8662056844382477,2.867960110022335,2.8698195482867406,2.871788068452963,2.8738693935656014,2.8760667431418416,2.878382633311236,2.880818623289346,2.8833749941009916,2.8860503418821164,2.888841063809198,2.8917407098009567,2.8947391678780314,2.8978216460761814,2.90096741029488,2.904148237535275,2.907326551044331,2.910453223036841,2.9134650689318327,2.9162821230004616,2.9188048875269463,2.920911890644995,2.9224580651911793,2.923274642435955,2.923171372957384,2.9219418258510235,2.919372119116617,2.9152525515229994,2.909390230107212,2.9016192479592315,2.891804119627196,2.879833316018991,2.865603823333169,2.849003772126908,2.8299041912303204,2.808166880161183,2.7836620167178348,2.756277425993303,2.7259092490588674,2.692449191484694,2.655789925233669,2.615837345851061,2.5725044018025844,2.5257049330667174,2.475366039377099,2.421426735671511,2.363836056737085,2.3025642544939946,2.237599265450712,2.16895722921984,2.0966833657620874,2.0208616818990417,1.941618708238159,1.8591326578289853,1.7736404546906113,1.685445302379297,1.5949249144085147,1.5025389574071732,1.4088356395223671,1.3144569650625448,1.2201417954969043,1.1267256397919627,1.0351356824539772,0.9463787414345588,0.8615191931587124,0.781642581680987,0.7077988125294536,0.640920230120528,0.5817125089545828,0.5305278517682325,0.4872484928364417,0.4512268710987469,0.4213287752910858,0.3960932060637315,0.3739710049910599,0.3535701542879879,0.33384265241083794,0.31418108401931855,0.29442329737318257,0.27477716727558155,0.2556810142923943,0.23762270703366653,0.22095919071089518,0.20579764503357892,0.1919924027899158,0.17925894364585193,0.1673344394318728,0.15608437051056132,0.14549916334956517,0.13561056869983884,0.12641344255068582,0.11785464823342705,0.1098724354727858,0.10242551337169378,0.0954861968652901,0.0890245388181493,0.08300760988398811,0.07740507980741398,0.07218920422228096,0.06733320938851563,0.0628116513670153,0.058600669077287976,0.05467787954382292,0.051022432855830496,0.04761502095797559,0.04443784804918141,0.04147457477380225,0.03871022667929861,0.03613107486891109,0.03372450749884637,0.0314789018175485,0.02938349949565806,0.027428299887709912,0.02560397231342401,0.02390178393094993,0.022313539409219468,0.020831530994603022,0.019448499178892263,0.018157616294224358,0.016952478904495014,0.015827134167729545,0.014776104487514265,0.01379436616590341,0.012877313945556043,0.012020759667416853,0.011220923284804405,0.010474381819505016,0.00977805710964044,0.009129056759255922,0.008524130174761658,0.007959543426544823,0.007431576326661128,0.0069372788452930585,0.006474892161288381,0.006044197851027427,0.0056444143975989776,0.005272305940362372,0.004923737636597599,0.00459620538619574,0.004288305782155671,0.004001331209474845,0.003737509850845587,0.0034948543546139002,0.003267565986867028,0.003050207771926221,0.002840219751097283,0.0026447246823991686,0.0024739887887747234,0.002322679731852178,0.0021770332394787217,0.00203117392519749,0.0018792487781581024,0.001741468758439719,0.0016387981043451138,0.0015525976007376922,0.0014593924331055008,0.0013586368096462687,0.0012415942524910519,0.0011490301068071843,0.0010952975508451686,0.0010417382219107434,0.0009733529980236145,0.0009118875570855123,0.0008290355859512033,0.0007804536756941826,0.0007430607530786025,0.000695259442711122,0.000650031813340208,0.0006212750969374827,0.0005617944632662251,0.00054200943554627,0.0005071242605495474,0.0004757842073036446,0.0004527653412841569,0.00043181087779193395,0.0003972845619710033,0.0003852264445330435,0.00036451459530702213,0.0003401970191258689,0.00032874116719939296,0.00031366073648710617,0.00029832791713167034,0.0002878564512848465,0.00027778588898282985,0.0002627203618282784
14.481182276745338,2.844807704509131,2.8455005636978195,2.846240680808104,2.8470311050773622,2.8478750530546786,2.8487759122961145,2.849737243882851,2.8507627834044844,2.8518564399663804,2.8530222926767634,2.854264583941016,2.8555877087306754,2.8569961987941372,2.8584947005237598,2.860087944874907,2.8617807073271373,2.86357775536065,2.8654837802590842,2.86750330919979,2.8696405924993993,2.8718994594761518,2.8742831345844886,2.8767940031692647,2.8794333132607757,2.882200796171126,2.8850941841646778,2.8881085981416907,2.8912357722373656,2.894463075949167,2.89777228885241,2.9011380800114743,2.9045261470314254,2.907890983361485,2.911173274294544,2.914296981760433,2.917166276369916,2.9196626210318066,2.9216425035007623,2.9229365337614643,2.9233508061336484,2.9226714597423853,2.9206730804083216,2.9171307786074423,2.9118343579917627,2.904601181796718,2.8952829487276692,2.883762020414743,2.8699366077879405,2.853700804576773,2.834931384112058,2.813491593152778,2.789249112185062,2.762089868937204,2.7319119953418767,2.6986106029287957,2.6620792227973946,2.622223828746635,2.5789598064255617,2.532202858032564,2.481880422936362,2.4279334233332586,2.3703117833328378,2.3089865169100934,2.243946595664024,2.175208517537718,2.1028181654709353,2.0268598664699606,1.9474604053217734,1.8647983708852827,1.779110894993682,1.6907014834930256,1.599948281602695,1.5073115141387536,1.4133401363363414,1.318677155328195,1.2240627528673327,1.1303341417846093,1.0384206875946949,0.9493320023667255,0.8641359656528813,0.7839225849041533,0.7097473632642918,0.64254958634969,0.5830431274173739,0.5315891156155382,0.4880781842387951,0.45186877813270854,0.42182852232557716,0.39649327399323764,0.37430650470237725,0.353866458836882,0.33411514780812157,0.31443657742716974,0.2946623741102726,0.2749969319004303,0.25587775800087575,0.23779408257897733,0.2211054498557582,0.2059216123954853,0.19209832393783866,0.17935090738970486,0.1674152874110171,0.15615558380872877,0.14556149730348483,0.13566476515539103,0.1264604836198484,0.11789556752183335,0.1099080844828183,0.10245654670579786,0.09551318013013615,0.08904799530365239,0.08302800205460653,0.0774228051059266,0.0722046101778435,0.06734660082052524,0.0628232936151094,0.05861079301622903,0.05468668579625561,0.05103009536148763,0.047621690346211346,0.0444436547947333,0.04147963165862586,0.03871463115125461,0.036134910949954635,0.03372784858595905,0.03148181191072689,0.029386034581452652,0.027430509189805274,0.025605898754392953,0.023903464302858855,0.022315004454042917,0.02083280604914453,0.019449606100678068,0.01815857575941099,0.016953311961198304,0.01582786425561728,0.014776751761405003,0.013794940061227706,0.012877814653615222,0.012021185051132035,0.011221275546243779,0.010474674337864072,0.009778324512721136,0.00912932358057397,0.008524385713660503,0.007959756194222208,0.007431725722573556,0.006937361410107488,0.006474954752921107,0.006044320813243663,0.005644588217108275,0.005272459979023186,0.004923810800375476,0.004596177372664933,0.004288228533428822,0.00400137982690223,0.003737684131284987,0.0034950240627227664,0.0032676129340869055,0.00305010220457953,0.002840019756678839,0.0026447457919652182,0.0024742129695457687,0.0023228921087022646,0.002177064572409919,0.0020309962491445264,0.0018789436252106219,0.0017415198071806467,0.0016390663968151179,0.001552793900137997,0.0014594103455275425,0.0013584477249402628,0.0012412913579477344,0.0011491483336942272,0.0010954710587019625,0.0010417708036280036,0.0009734084639399905,0.0009118187189587068,0.0008288773378201224,0.000780563820242545,0.0007430738399569072,0.000695165624016928,0.0006501336009689709,0.0006212588271971312,0.0005617664638051014,0.0005420605200470157,0.0005071850253225447,0.0004757203291882311,0.0004528027199540357,0.00043179455528924644,0.0003973145304091381,0.0003852288048314341,0.0003645903090907852,0.00034017036754227216,0.0003287290289592102,0.0003136280226888716,0.00029835034800657567,0.0002878377022556051,0.0002777698025428053,0.0002627445034194886
14.992684327860456,2.839771157435357,2.8404767089186618,2.8412305078928375,2.842035687622861,2.8428955568976204,2.843813604701544,2.8447935038546697,2.845839113290557,2.846954478564164,2.8481438300863022,2.8494115784627825,2.8507623061686433,2.852200754602934,2.8537318053368015,2.8553604540732564,2.8570917754626963,2.858930876439807,2.860882835133008,2.8629526216050656,2.8651449956579222,2.867464375604977,2.8699146701894724,2.872499063595859,2.875219740628277,2.878077535467657,2.881071482820197,2.884198244631322,2.8874513788747183,2.8908204095018735,2.8942896491942793,2.8978367206565343,2.9014307206921846,2.9050299790229412,2.908579388158192,2.9120073320146767,2.9152223323493294,2.9181096762661682,2.9205284915307352,2.922309987019778,2.923257823652337,2.923151716699182,2.9217552094854518,2.918827866180245,2.9141407259949723,2.907491840264708,2.898716770467817,2.887688533755851,2.8743044625553993,2.8584643657650357,2.8400521494920037,2.818934257389455,2.794976535762305,2.7680623823318515,2.7380913158490854,2.7049623488426837,2.668570629623069,2.628822104105356,2.5856344839835126,2.538925888730082,2.4886241716835737,2.4346721486992515,2.3770209973354506,2.3156424067228016,2.250526623487005,2.1816904764004312,2.109180665767166,2.033081813484419,1.953521055434843,1.870677372683548,1.784788119480182,1.6961571430428517,1.6051630474146255,1.5122666396009732,1.4180176527864863,1.3230601365963666,1.2281356433553041,1.134083152356342,1.0418342840499049,0.9524015399375234,0.8668564285221922,0.7862935642155549,0.7117742424064031,0.6442449293584739,0.584427992170734,0.5326938315829601,0.48894183915952266,0.452536768179768,0.4223482390448871,0.3969089274040416,0.37465469998876216,0.3541736997045413,0.3343975491349332,0.3147013124612878,0.29491011849217796,0.27522471156217193,0.25608172370916704,0.2379717781286489,0.22125710825086192,0.20605014199758742,0.1922081204252745,0.17944621631085467,0.1674990660517588,0.15622937570378415,0.14562608779720654,0.13572092193296173,0.12650922330127426,0.1179379616665402,0.10994501665499827,0.10248869587713945,0.0955411325482077,0.08907229333279716,0.08304912508795932,0.07744116508515463,0.07222056726814409,0.06736047091044986,0.06283535166854565,0.05862127825672734,0.05469580611522541,0.05103803096580006,0.047628597272272484,0.04444966823554641,0.04148486844002508,0.03871919209169991,0.03613888314655373,0.033731308261081575,0.03148482548828666,0.02938866008259342,0.027432797502579025,0.02560789410402133,0.023905204481163143,0.022316521076601772,0.020834125400375946,0.01945075128529001,0.018159568659624162,0.016954175048813316,0.015828621785500117,0.014777423393941001,0.013795534376372858,0.012878331814268194,0.012021623595642824,0.011221638673031456,0.010474977734185724,0.009778604372193352,0.009129602131433058,0.008524650084904939,0.00795997401183902,0.007431877484543868,0.006937445241328973,0.006475022482805407,0.006044452465055502,0.005644769300051517,0.0052726167319585545,0.004923883278905021,0.004596145227644136,0.004288150631003435,0.0040014358491182525,0.003737866252962107,0.0034951968368748063,0.003267658394298517,0.0030499890328416516,0.0028398143048595217,0.0026447739599511047,0.0024744465512174536,0.002323108654340177,0.0021770945542586837,0.0020308084178955314,0.0018786295572825553,0.0017415781320639983,0.0016393447437316499,0.0015529937362719372,0.0014594280228708682,0.0013582492394711928,0.0012409800830847461,0.0011492732396559521,0.0010956505611998278,0.001041802690035037,0.000973466380551312,0.0009117459841010582,0.0008287155124687194,0.0007806778568303462,0.0007430881679000038,0.0006950684824378856,0.0006502391654637136,0.0006212407986259807,0.0005617389103766021,0.0005421133964099213,0.0005072493230382077,0.0004756543208785486,0.0004528412928688998,0.0004317767347760116,0.0003973459501846717,0.00038523046992703746,0.00036466809591790075,0.00034014292123906104,0.0003287160462805233,0.00031359402878441625,0.0002983734860308749,0.0002878180765110076,0.0002777528332709808,0.0002627694713708072
15.522253574270472,2.834462942757067,2.835181057612593,2.835948398856928,2.836768182665165,2.8376438087805647,2.838578866128288,2.8395771375350582,2.8406426032493104,2.8417794428847647,2.8429920353220552,2.8442849559936296,2.8456629708410506,2.847131026063777,2.8486942325647626,2.8503578437281716,2.852127224821204,2.8540078118729824,2.856005057318588,2.858124358965593,2.860370967890321,2.862749869631188,2.865265631424547,2.8679222061064,2.8707226805339863,2.8736689527893513,2.876761317819672,2.8799979353637375,2.8833741468995107,2.8868816000014115,2.8905071293888174,2.8942313352815323,2.8980267938997026,2.9018558364571314,2.905667849015947,2.909396086909407,2.9129540786322115,2.9162318317353426,2.9190922606422784,2.921368531847241,2.9228633292150525,2.923351282362562,2.9225857884978272,2.920310924160848,2.916277820240689,2.9102627145374735,2.902081438874326,2.891593796360177,2.878693304397103,2.8632845384916683,2.8452596952448124,2.8244904746416615,2.800842056665605,2.7741948717354994,2.7444490014810206,2.7115076705303234,2.675268572566333,2.635637681735901,2.59253480675514,2.5458810459488093,2.495604872798105,2.441650909556221,2.3839720041888186,2.3225404550038555,2.257348011528326,2.1884118407667392,2.1157796063906398,2.0395362106819643,1.9598092506715143,1.876778107352901,1.790680382021148,1.7018203068770983,1.6105769715851757,1.5174117906085116,1.422875308075309,1.327612657785872,1.232366815037007,1.1379785911620552,1.0453819387935088,0.9555923455674797,0.8696850804972815,0.7887595123187108,0.7138829306752894,0.6460092288279484,0.5858695735524035,0.5338439961515467,0.48984102215075837,0.4532320334736884,0.42288881739182443,0.39734083538154724,0.3750161086886591,0.35449230145952976,0.3346902283259654,0.31497563141001894,0.2951668523412989,0.2754608071464402,0.25629318601335627,0.23815603634063273,0.22141437381363718,0.20618340868608864,0.19232193917246604,0.17954499577836372,0.16758588439318584,0.15630584188116692,0.14569301853481706,0.13577911163371917,0.1265597243004115,0.11798188492017135,0.10998327905757645,0.1025220017307733,0.09557008951908187,0.0890974635784771,0.08307100556807973,0.077460182787308,0.07223709546577507,0.06737483697615557,0.06284784054800925,0.05863213783080337,0.054705251810547445,0.05104624948935934,0.04763575027117969,0.04445589578270365,0.04149029155568418,0.03872391511364243,0.036142996404054495,0.03373489088140322,0.031487946374145474,0.02939137933003906,0.027435167678970397,0.02560996075796562,0.02390700645106045,0.0223180909396856,0.020835490510916016,0.019451936095102075,0.01816059632038203,0.01695506949237068,0.015829407900245552,0.01477812018171904,0.013796149630142987,0.012878865802867739,0.012022075637683073,0.011222013068166017,0.010475292736772336,0.009778897410179704,0.009129892807255352,0.008524923352940207,0.00796019682646401,0.007432031483675339,0.006937530465449926,0.006475096007086613,0.006044593310556782,0.005644957815924717,0.005272775998510545,0.004923954795971057,0.004596108688478646,0.004288072491599919,0.004001499866451827,0.0037380564922578035,0.0034953724568677854,0.0032677020886713996,0.003049867769052227,0.0028396035623785773,0.0026448098151502027,0.0024746899033612872,0.002323329194154843,0.0021771229595916176,0.0020306098405753637,0.0018783065775635052,0.0017416443059591338,0.0016396335268494648,0.0015531969811402725,0.0014594453496459161,0.001358040874098929,0.0012406604049084633,0.0011494051871555513,0.0010958362871257234,0.0010418337669129347,0.000973526834812482,0.0009116690836729315,0.0008285501488645983,0.000780795943811015,0.0007431038605902484,0.000694967929795838,0.000650348636984574,0.0006212208536192108,0.0005617119059794182,0.0005421681031867945,0.0005073173454512442,0.0004755861097242143,0.0004528811025897548,0.0004317572851950047,0.00039737890048143463,0.00038523134805924255,0.0003647479802844271,0.0003401146764621746,0.000328702146762205,0.00031355870102754257,0.0002983973453606754,0.00028779752924690374,0.0002777349316553929,0.00026279528230926453
16.070528182616385,2.828871205415957,2.8296017378069838,2.830382464192031,2.831216682597739,2.8321078825173474,2.833059751436637,2.834076180595765,2.8351612697047077,2.836319330263581,2.837554887057321,2.8388726772931796,2.8402776467241404,2.84177494194513,2.8433698978530866,2.8450680190150917,2.8468749533755116,2.848796456332904,2.850838342702571,2.8530064234136976,2.8553064229203775,2.857743872165507,2.860323970434492,2.8630514074520765,2.865930134455166,2.868963069523262,2.872151717935178,2.8754956824949365,2.878992031404055,2.882634482243899,2.8864123501621313,2.8903091972397505,2.8943011101862277,2.898354528798458,2.902423554763988,2.9064467001695244,2.910343103081961,2.9140083635516283,2.917310357226536,2.9200856750885373,2.922137695924117,2.92323764099582,2.9231301093501956,2.9215442565718943,2.9182106125342826,2.9128813326656777,2.9053487782827823,2.8954550662519467,2.8830860270311987,2.868149136272731,2.8505455776320883,2.8301545720111307,2.80684238628327,2.7804863992315987,2.7509862606328115,2.718249447248708,2.6821772508381465,2.642675962758378,2.5996671623002157,2.553075444092528,2.502830271332004,2.448877923422433,2.391173364237026,2.3296894857365102,2.2644197358366065,2.1953816804228006,2.1226240717052374,2.046232100174199,1.9663339414322631,1.8831093770880192,1.7967962929702415,1.70769935311087,1.6161981590493857,1.5227547598184574,1.4279205459632294,1.3323417792659717,1.236762912493632,1.1420266576157072,1.0490693805589437,0.9589096532627941,0.8726266420540829,0.7913246221169397,0.7160770864391391,0.647845608758263,0.5873704726141731,0.5350417131573635,0.4907773826953562,0.45395583074222434,0.4234511965770359,0.3977897008555567,0.3753912729860494,0.35482270698555674,0.33499357225459864,0.3152598898341288,0.29543290994209764,0.27570553138955184,0.25651243060692047,0.23834710986774324,0.22157746309866722,0.20632159451740983,0.19243993304997653,0.1796473761409389,0.16767585573805469,0.15638508174736757,0.14576237647366563,0.1358394096694619,0.12661205173645104,0.11802739361244406,0.11002292054893961,0.102556506658767,0.09560008777840208,0.08912353786679669,0.0830936710739993,0.07747988211407375,0.07225421548581304,0.06738971697737878,0.0628607758289756,0.058643385251057445,0.05471503460640449,0.051054761111308536,0.047643158191500626,0.04446234511865407,0.04149590767968418,0.03872880605393015,0.036147255878500865,0.0337386009841896,0.03149117853272294,0.02939419575594892,0.027437622639492724,0.02561210115762136,0.02390887223889978,0.022319715758604582,0.020836902917267464,0.019453161976394365,0.018161660164289814,0.01695599668942343,0.015830223757340514,0.014778842904563723,0.013796786332621354,0.012879416998922718,0.012022541527155402,0.0112223991906526,0.01047562015348648,0.009779204365980503,0.009130195990655508,0.00852520554370803,0.007960424572795714,0.007432187582008381,0.006937617256266042,0.0064751760478324065,0.006044743858949264,0.005645153913645348,0.005272937556183253,0.004924025041685436,0.0045960674959586775,0.004287994605214326,0.004001572496742856,0.0037382551275575255,0.003495550672282857,0.0032677437052626205,0.003049737906724605,0.0028393877558828924,0.002644854020461863,0.0024749434067634474,0.002323553524173784,0.0021771495340852575,0.002030399900799843,0.0018779747328414543,0.0017417189350907834,0.001639933142678047,0.0015534034886882566,0.0014594621907323962,0.001357822124825386,0.0012403323274841613,0.00114954455610247,0.001096028478759282,0.0010418639149627476,0.0009735899133122498,0.0009115877273071837,0.0008283813012797669,0.0007809182495048753,0.0007431210538675216,0.0006948638805429909,0.0006504621484694653,0.0006211988218917119,0.0005616855612745821,0.0005422246749552807,0.000507389289769319,0.000475515619894192,0.00045292219387071947,0.0004317360649035675,0.0003974134651690487,0.00038523133923402334,0.0003648299834481709,0.0003400856332757776,0.00032868725114291005,0.00031352198318803775,0.00029842193963230615,0.0002877760135749407,0.00027771604569846103,0.0002628219515855041
16.638168860761283,2.8229837845779895,2.823726567112509,2.8245204989293273,2.8253689588759054,2.826275525040796,2.8272439821671718,2.828278328425633,2.829382781285264,2.830561782160069,2.831819999432001,2.8331623293582457,2.834593894254792,2.836120037204591,2.837746312359237,2.8394784696776547,2.8413224326602573,2.843284267273863,2.845370139796386,2.8475862607068003,2.849938810958409,2.8524338459381515,2.8550771710444582,2.8578741809931434,2.860829652527866,2.863947476963912,2.8672303146735856,2.870679147922173,2.8742927010570734,2.8780666876589147,2.8819928327984594,2.886057605400682,2.890240582257277,2.8945123545553546,2.8988318858827222,2.903143247813443,2.9073717113528983,2.911419281837988,2.9151599571347293,2.9184352850442266,2.9210511926444513,2.9227774977400394,2.923351829176472,2.9224895796982877,2.919900579096185,2.91531104718484,2.9084861591656286,2.8992453607552937,2.887461925618947,2.8730432215388912,2.855899365183218,2.8359193843988075,2.81297301108625,2.7869350261621455,2.75770358498129,2.725190105737202,2.6893005740336253,2.6499421866031616,2.6070379174656217,2.5605162715466014,2.5103082553723137,2.4563616228228486,2.3986338930503304,2.3370986205043103,2.2717510943934602,2.202609410994956,2.1297235034323845,2.053178893303996,1.9731044516972385,1.8896803583292356,1.803144836130018,1.713803029274232,1.622035077005394,1.5283036926353069,1.4331611514227436,1.3372548891643083,1.241330892667085,1.1462338461022454,1.0529026142073903,0.962358953232373,0.8756860680472213,0.7939932984012994,0.7183605562562585,0.6497573568194739,0.5889334292314379,0.5362892006145207,0.4917526607406819,0.4547094854252252,0.42403636617216606,0.39825626272913894,0.3757807608332195,0.3551653784469342,0.33530798341415446,0.3155544571345993,0.2957086385632739,0.27595920937987184,0.2567397547719396,0.23854526181227845,0.22174660170236216,0.20646488909106248,0.19256226114722372,0.1797534929455398,0.16776909783311914,0.15646719858790328,0.1458342519612057,0.13590189438092942,0.1266662732430213,0.11807454623566416,0.11006399185072875,0.10259225466277573,0.09563116545168626,0.0891505492229033,0.08311715021900895,0.07750028786032995,0.07227194881483931,0.06740512954050425,0.06287417366285392,0.05865503452897759,0.05472516665722317,0.05106357638311584,0.04765083020712934,0.04446902420837191,0.04150172373313545,0.038733870982516995,0.03615166693902884,0.03374244328317337,0.03149452606159445,0.029397112884734684,0.02744016536556203,0.025614317788727303,0.023910803917597975,0.022321397312300557,0.020838364242901322,0.019454430471076076,0.01816276171922355,0.01695695810379673,0.015831070517078192,0.014779592320791632,0.013797444985783981,0.012879985788297577,0.012023021630450327,0.011222797569885916,0.01047596087413466,0.00977952598867599,0.009130512046086805,0.008525496641500558,0.00796065717176043,0.007432345636782691,0.006937705846256635,0.006475263393407794,0.006044904619524358,0.005645357714627384,0.005273101160815654,0.004924093668347333,0.0045960213982763716,0.004287917541904049,0.004001654385079792,0.003738462437738136,0.003495731202184955,0.0032677828939532147,0.003049598921603529,0.0028391671798276225,0.002644907273178816,0.0024752074530923138,0.002323781409754772,0.002177173989913463,0.0020301779568954025,0.0018776341197814734,0.001741802660141602,0.0016402440032805682,0.0015536130943510336,0.0014594783892368946,0.0013575924601268968,0.0012399958850396872,0.0011496917447891477,0.0010962273933475617,0.0010418930103052802,0.0009736557015586874,0.0009115016012437154,0.0008282090412887523,0.0007810449528805965,0.0007431398969126992,0.0006947562525974821,0.0006505798354944226,0.0006211745195200358,0.0005616599951151609,0.000542283141399935,0.0005074653578375122,0.00047544277222258185,0.00045296461363045643,0.00043171292104149937,0.0003974497331467418,0.000385230334760778,0.000364914122886292,0.00034005579620668725,0.00032867127278985955,0.00031348381647637423,0.00029844728191837945,0.00028775348050924857,0.0002776961207809125,0.0002628494930689692
17.225859653987865,2.816788256469912,2.817543095793351,2.818350025896481,2.8192125053990162,2.820134199830926,2.8211189899145883,2.822170979324291,2.8232945016815902,2.824494126487286,2.825774663619978,2.8271411659442633,2.8285989294644387,2.8301534903270116,2.8318106178104356,2.8335763022343428,2.835456736461056,2.8374582893331026,2.8395874689696723,2.841850873302092,2.8442551245213745,2.8468067831814645,2.8495122364690144,2.852377553502476,2.8554082983065197,2.8586092881152734,2.8619842806169276,2.8655355683180286,2.8692634509693278,2.8731655475258475,2.8772358970702876,2.881463783491875,2.8858322022253273,2.890315871276966,2.894878678058082,2.899470457529284,2.9040230314615743,2.908445526690828,2.9126191626819184,2.916391987065297,2.9195744576313145,2.9219372868463784,2.9232134460562316,2.9231063809027726,2.9213058571446284,2.9175109290250507,2.911456122851265,2.9029328778406542,2.8917960430929845,2.8779485206877933,2.861308213377568,2.8417759834299576,2.8192280001362637,2.7935376358430544,2.7646005902857564,2.732331508781596,2.69664208928711,2.6574413694441446,2.6146533734007495,2.568210766477771,2.518046837688076,2.464110647439276,2.4063626606444863,2.34477728173798,2.279351715497164,2.21010480461005,2.1370877137618147,2.060386385923381,1.9801304947797194,1.8965006187605435,1.8097353865919596,1.7201404702959506,1.6280965728361747,1.5340671050061516,1.4386052682049646,1.3423597205956042,1.2460780416521207,1.15060696214691,1.0568879360048222,0.9659460063571798,0.8788685611815044,0.796770170313497,0.720737386118791,0.6517479343495293,0.59056133079081,0.5375887980326599,0.49276869265012385,0.45549439622655363,0.42464536944731757,0.3987412981687409,0.3761851674755984,0.35552079832025824,0.33563388063985605,0.31585971715104255,0.2959943990052352,0.2762221790844398,0.25697546789272274,0.23875076620263314,0.2219220246885425,0.20661348990107703,0.19268908905594145,0.17986348716629647,0.167865733057686,0.15655229973263082,0.14590873887781058,0.13596664716212534,0.1267224590739342,0.11812340353390924,0.11010654562445495,0.10262929141957923,0.09566336211056418,0.08917853191874721,0.08314147269164535,0.0775214257493016,0.07229031774118572,0.06742109398431831,0.06288805079896267,0.058667100193865424,0.054735660564370986,0.051072706243127305,0.047658775829242536,0.04447594131092095,0.041507746895159625,0.038739116208947745,0.03615623516463657,0.033746422659685436,0.03149799318091993,0.029400134323082413,0.027442798894002834,0.025616613182891247,0.023912803615704643,0.022323137457678225,0.020839876212825244,0.019455743229095112,0.018163902623853364,0.016957955255068664,0.015831949329521946,0.0147803691636789,0.01379812608473503,0.012880572565673374,0.012023516335740525,0.01122320882210495,0.010476315870288829,0.009779863028511353,0.009130841313004208,0.008525796587024338,0.007960894528384357,0.007432505506123161,0.00693779653996568,0.0064753588973970955,0.006045076095814126,0.005645569304295648,0.005273266546482206,0.004924160286052037,0.004595970155717581,0.004287841958592388,0.004001746203278663,0.0037386786999372805,0.003495913735102234,0.0032678192607082266,0.0030494502728345666,0.0028389422047906698,0.002644970305402649,0.0024754824444434415,0.0023240125845059552,0.00217719600064519,0.002029943341893734,0.001877284891584143,0.0017418961573316012,0.0016405665372518506,0.0015538256147096287,0.0014594937643046676,0.0013573513177036498,0.001239651145272233,0.0011498471710427382,0.001096433304699206,0.0010419209251633858,0.0009737242831257667,0.0009114103662787828,0.0008280334601351097,0.0007811762441734009,0.0007431605535203634,0.0006946449681685548,0.0006507018361136356,0.0006211477478513097,0.000561635335172649,0.0005423435262934874,0.0005075457551710716,0.0004753674840924623,0.0004530084108373669,0.00043168768888431313,0.00039748779876014827,0.0003852282167989111,0.00036500041169366536,0.0003400251749551194,0.00032865411720014846,0.0003134441394972548,0.0002984733846887425,0.00028772987896836594,0.00027767509950130933,0.00026287791894056385
17.834308769319094,2.8102719806340324,2.8110386538090224,2.8118583435461018,2.8127345871138782,2.813671136267327,2.814671966385018,2.815741285197869,2.8168835408860984,2.8181034292668503,2.819405899728689,2.820796159487913,2.822279675641822,2.823862174370998,2.8255496364904,2.8273482883595684,2.8292645869251714,2.8313051973702654,2.8334769614648265,2.835786854224868,2.83824192585591,2.840849225129046,2.8436156992414956,2.8465480637456797,2.8496526341470765,2.852935108070803,2.856400283205238,2.8600516911830094,2.8638911206902824,2.8679179938548147,2.872128547785151,2.876514757610374,2.881062918622825,2.885751784494989,2.890550139754999,2.895413675674197,2.900281053936703,2.9050691055272915,2.9096672570891324,2.9139315443775766,2.917678996482595,2.9206837511528683,2.92267689338232,2.923352432934313,2.9223815703953253,2.919435809900159,2.9142160984074836,2.9064804292529427,2.8960584496460298,2.8828427257168543,2.8667563278250365,2.847713332898026,2.825599778161594,2.8002897348500158,2.7716758298758353,2.739674817662793,2.7042048943058403,2.665178233326771,2.6225197099317006,2.5761661866447865,2.5260541335958857,2.472133832279347,2.41436898938745,2.352735194173493,2.2872315659318745,2.217878000016554,2.1447268988730643,2.0678647739777105,1.9874221895829605,1.9035801351883797,1.8165777294545666,1.7267212173263027,1.6343918929169823,1.540053902158246,1.4442614173753616,1.347664369862817,1.2510119924708984,1.1551531396001973,1.0610319498824672,0.9696768595636422,0.8821795863893664,0.7996601046327482,0.7232118334516723,0.6538209870545149,0.5922572215066347,0.5389429742708565,0.4938274176037988,0.45631204003285347,0.4252793069721115,0.3992456250691651,0.3766051170869663,0.3558894704963286,0.33597169987640674,0.31617606879208415,0.29629056617334,0.2764947919027959,0.2572198919923435,0.23896390849326307,0.22210397703562962,0.2067676027077659,0.19282058917000033,0.17997750544416305,0.16796588862103867,0.15664049672850983,0.14598593478575828,0.1360337525909722,0.12678068221424815,0.11817402859600189,0.11015063655176721,0.1026676643497402,0.09569671883152467,0.08920752152285713,0.08316666929850022,0.07754332246922865,0.0723093453864482,0.06743763034678775,0.06290242460741077,0.05867959731240047,0.05474652939373222,0.05108216203194671,0.047667004918388656,0.0444831049912452,0.04151398461387173,0.03874454828510167,0.03616096633474406,0.03375054414872762,0.031501584220569936,0.02940326375039717,0.027445526314277074,0.02561898992333162,0.023914873530841964,0.02232493814721812,0.02084144066911126,0.01945710202072439,0.018165084628866943,0.016958989703435384,0.015832861321007887,0.0147811741395296,0.013798830119510684,0.012881177737305379,0.012024026061226857,0.011223633668394985,0.010476686191897934,0.00978021622721466,0.009131184097215313,0.008526105277055053,0.007961136528886645,0.007432667056253892,0.00693788972941777,0.006475463475908534,0.006045258779044039,0.0056457887219773075,0.00527343342491661,0.004924224458277842,0.004595913546279978,0.0042877686058331345,0.00400184864894872,0.0037389041863698327,0.003496097929216285,0.0032678523612377727,0.0030492914042112985,0.002838713286120604,0.0026450438847317893,0.0024757687927846727,0.0023242467494767674,0.0021772151957438436,0.002029695363088063,0.0018769272649412562,0.0017420001395155181,0.0016409011909054513,0.001554040847253222,0.00145950810886451,0.0013570981006295565,0.0012392982128803698,0.001150011273667522,0.001096646504867112,0.0010419475287473897,0.0009737957386457011,0.0009113136555212255,0.0008278546715509746,0.0007813123254031458,0.0007431832034467533,0.0006945299545162882,0.0006508282906747642,0.0006211182922369345,0.0005616117186797106,0.0005424058463746778,0.0005076306898474714,0.00047528966938093826,0.0004530536362883066,0.00043166019117448206,0.00039752776231464766,0.0003852248579153985,0.0003650888579271061,0.00033999378518230104,0.0003286356815230537,0.0003134028882419893,0.0002985002597705205,0.0002877051557958133,0.00027765292148932303,0.0002629072394880449
18.464249428955434,2.8034221444899794,2.8042003967280418,2.8050325732776584,2.805922288795551,2.8068733799111496,2.8078899152097705,2.808976204919088,2.8101368100927338,2.811376551033806,2.812700514638687,2.814114060265235,2.8156228236358123,2.8172327181706365,2.8189499330051815,2.8207809267699493,2.8227324159927347,2.8248113567104007,2.827024917532706,2.8293804419622837,2.83188539721092,2.834547306018275,2.837373657011689,2.84037178785367,2.843548733676495,2.846911030914262,2.8504644633477003,2.8542137326095487,2.8581620290655225,2.8623104702564284,2.8666573622165537,2.8711972232255314,2.8759194894372317,2.8808067977576814,2.8858327156663384,2.8909587665145176,2.8961305947860856,2.901273151328783,2.906284888988594,2.9110311923387346,2.915337672533581,2.9189845668635916,2.9217042397146815,2.923184469272783,2.9230803503400424,2.921036518209567,2.9167182648437358,2.909844931542239,2.9002134798733175,2.887698679234831,2.872224292643363,2.853717844751952,2.832078849874859,2.8071852301777938,2.7789265792787234,2.7472203228483165,2.7119915316443013,2.6731571249992503,2.630642917700249,2.584389771267136,2.534338334741528,2.4804401909275584,2.422662450230705,2.360982384203436,2.2954009587144775,2.225939511995731,2.152651652874448,2.0756246692505225,1.9949900774129434,1.9109293123512394,1.8236820793999746,1.7335552374014327,1.6409307023542383,1.5462733983463877,1.4501385168895438,1.3531773156930744,1.2561407438790884,1.1598798588940455,1.0653415847620211,0.97355786215855,0.8856248861858989,0.8026682199378401,0.7257883799274649,0.6559803564733343,0.594024312423664,0.5403543359760848,0.4949308844824157,0.4571639772351033,0.4259393405008076,0.39977010470940866,0.3770412645250388,0.35627192145622755,0.3363218949967739,0.31650392669848176,0.2965975296768646,0.27677741324974475,0.25747336229279555,0.23918498608982774,0.22229271410624948,0.20692744193178966,0.19295694100311392,0.18009570033791272,0.16806969676958478,0.15673190551989857,0.1460659410846759,0.13610329856654146,0.126841018496852,0.11822648695240988,0.11019632141848411,0.10270742268951605,0.09573127825723583,0.08923755495223691,0.08319277200895173,0.07756600571162015,0.07232905573831044,0.06745475941293258,0.06291731310298085,0.058692541508892006,0.05475778669418901,0.05109195550864512,0.0476755276967173,0.0444905241319569,0.04152044461691956,0.03875017400367728,0.0361658664140066,0.03375481292128831,0.031505303606731136,0.029406504911752736,0.027448350770320495,0.025621450656173533,0.02391701594805227,0.022326801449598623,0.020843059586565644,0.019458508747464714,0.01816630959209519,0.016960063030045415,0.015833807581212184,0.014782007927646714,0.013799557577377275,0.012881801724279706,0.0120245512674912,0.011224072953288568,0.010477072960115918,0.00978058630745355,0.009131540660199229,0.008526422565975538,0.007961383037072106,0.007432830170332492,0.006937985911421705,0.006475578103153265,0.006045453141128991,0.005646015949261988,0.005273601484265601,0.004924285697811437,0.004595851372510637,0.004287698334463575,0.004001962443920352,0.003739139159921552,0.0034962834126485614,0.003267881694216577,0.0030491217454887355,0.0028384809728378407,0.002645128815375368,0.002476066919330171,0.0023244835726510256,0.002177231154801089,0.0020294333009123968,0.0018765615272018637,0.0017421153573738525,0.001641248429680683,0.0015542585702379727,0.0014595211872513272,0.0013568321729411268,0.0012389372333570208,0.0011501845142650221,0.0010968673058770625,0.0010419726883570861,0.000973870144629995,0.0009112110719563505,0.0008276728151137511,0.0007814534107510545,0.0007432080438102466,0.0006944111445839423,0.0006509593416015636,0.0006210859205432036,0.000561589293309542,0.0005424701101179239,0.0005077203712769348,0.0004752092384953106,0.00045310034226216117,0.00043163023741980556,0.000397569730709792,0.0003852201206514118,0.00036517946390581186,0.00033996164939075195,0.0003286158541096492,0.00031335999612887484,0.00029852791829774615,0.00028767925580406076,0.0002776295231929144,0.00026293746291183726
19.116440753857017,2.7962258001383544,2.7970153443707524,2.7978597000364602,2.7987625577214583,2.7997278373734393,2.8007596991245824,2.8018625539283315,2.80304107382057,2.804300201567399,2.8056451594027805,2.807081456487247,2.808614894630572,2.8102515717130676,2.811997882107157,2.8138605132369516,2.815846437210806,2.817962896209776,2.8202173799995855,2.822617593536054,2.825171412127529,2.827886820965357,2.830771834981174,2.8338343938601924,2.837082225518932,2.8405226692777408,2.844162447080438,2.848007367086327,2.8520619382914223,2.8563288668557827,2.8608083936582327,2.865497417254305,2.8703883258936402,2.8754674360568258,2.880712904017533,2.8860919452865184,2.891557174475201,2.8970418851448647,2.9024541602208282,2.9076698907422305,2.912525149632531,2.916808975448945,2.9202584664187077,2.92255901222986,2.923353070835743,2.9222603520900683,2.918909619827158,2.9129770166680276,2.90421896950693,2.8924834517672826,2.8776882429251383,2.8597728036052015,2.8386534538514256,2.814216176726255,2.7863485913044377,2.7549672372775658,2.720003857875946,2.681381922839194,2.6390287166854978,2.5928886923999404,2.5429076783348643,2.4890388929398126,2.4312528566504743,2.3695291768772435,2.303870560057546,2.234300239939233,2.16087298210603,2.083677115103308,2.002845139432661,1.918559002680532,1.8310591010846604,1.7406529439600857,1.6477231057222514,1.5527353376975541,1.4562459022979388,1.3589074395862109,1.2614726802600476,1.1647949664212718,1.0698241130315027,0.97759568319179,0.8892104970747681,0.8057999016997235,0.7284717451670997,0.6582300922761238,0.5958659921694668,0.541825636661607,0.4960812592719746,0.4580518574911305,0.4266266971638084,0.4003156446186554,0.3774942972198917,0.35666870152571173,0.336684938678139,0.31684372193905713,0.2969156944531449,0.2770704231683168,0.25773622779994737,0.23941430890194004,0.2224885021403501,0.20709323107257435,0.1930983315259402,0.18021823058736658,0.16817729500482248,0.15682664663650303,0.14614886317389308,0.13617537645299113,0.126903546724684,0.11828084667628615,0.11024365920244891,0.10274861756611571,0.09576708466048746,0.0892686705265183,0.08321981400191542,0.0775895042111726,0.07234947368472093,0.06747250274388428,0.06293273497013273,0.058705948986309923,0.05476944651698529,0.05110209886773875,0.04768435476044105,0.04449820794487857,0.041527134921111875,0.03875600039272395,0.03617094153336817,0.03375923426562342,0.031509155850746554,0.02940986161601605,0.02745127546907382,0.0256239981085,0.023919233263221745,0.02232872957259109,0.020844735087390265,0.019459965449799454,0.01816757946582226,0.016961176813490252,0.01583478915201902,0.014782871182345687,0.013800308945576243,0.012882444966760363,0.012025092475163786,0.011224527662518986,0.010477477355929226,0.009780973961657728,0.009131911206404457,0.008526748269309908,0.007961633890296749,0.007432994759027311,0.006938085706357192,0.006475703805249704,0.006045659627559365,0.005646250897139084,0.005273770387022993,0.004924343463519955,0.004595783469992333,0.004287632102035277,0.004002088331738252,0.003739383868215305,0.0034964697836799034,0.0032679066943078813,0.0030489407137963887,0.002838245916723519,0.002645225939824863,0.0024763772538620014,0.0023247226887562135,0.002177243401668801,0.0020291564069139056,0.0018761880436814985,0.0017422426008154362,0.0016416087397464003,0.0015544785426287928,0.0014595327326108983,0.0013565528547759761,0.001238568397099952,0.001150367379523782,0.0010970960414514743,0.0010419962707037525,0.0009739475720992409,0.0009111021858283627,0.0008274880602078167,0.0007815997267504894,0.0007432352905119756,0.0006942884774430719,0.00065109513313049,0.0006210503813889728,0.000561568218213076,0.0005425363163882292,0.000507815008877463,0.00047512609853650803,0.0004531485820336792,0.0004315976231451949,0.0003976138182173186,0.00038521385709316757,0.00036527222548255015,0.0003399287979189862,0.0003285945140932725,0.0003133153940971201,0.0002985563706363369,0.0002876521218489379,0.00027760483764281116,0.00026296859515124
19.791668678535565,2.7886698872349776,2.789470405825855,2.7903265996449047,2.7912422335007196,2.7922213088362695,2.7932680753855568,2.794387042754886,2.795582991755559,2.796860985269255,2.7982263783716084,2.7996848273712165,2.8012422973376645,2.8029050675896445,2.80467973448846,2.806573210727609,2.8085927201186935,2.8107457866384737,2.8130402162095693,2.815484069322039,2.818085622142999,2.8208533131758315,2.8237956717755255,2.8269212238381654,2.830238368665777,2.8337552192209117,2.837479395516496,2.8414177574196495,2.845576058219246,2.849958493250338,2.8545671077654973,2.8594010139018065,2.864455346621823,2.8697198616125497,2.875177043841849,2.880799555670434,2.886546815047235,2.892360473761258,2.8981585947183195,2.9038284587798375,2.9092182414615153,2.9141283726735825,2.9183042787559663,2.9214333271070156,2.9231497979382497,2.9230518255904787,2.920732320021778,2.915820839190437,2.9080255551264207,2.8971573386971183,2.8831188675584456,2.865857623047515,2.8453091148411054,2.8213724843071253,2.7939358214120458,2.762913447311449,2.728242879451334,2.6898559290788224,2.647682460068725,2.6016699926789375,2.551770411004082,2.4979392345502576,2.4401502553251495,2.3783861904181474,2.3126513949840817,2.2429714755485706,2.169402319649902,2.0920336020500985,2.010998814871077,1.9264805269833203,1.838719930280639,1.748025218245298,1.654779668892168,1.5594499162628082,1.4625933486883247,1.3648640473736735,1.2670165926770458,1.1699066950878096,1.0744871702583454,0.9817973299260948,0.8929427670772059,0.8090608183670647,0.7312669014071278,0.6605744654719269,0.5977858385256105,0.543359786488409,0.49728083303255194,0.45897742596848046,0.42734267399096265,0.4008832016760237,0.37796493721097185,0.3570803862129569,0.3370613233408069,0.3171959027389174,0.2972454814160457,0.2773742169733964,0.25800885191524103,0.2396521999266053,0.2226916187734706,0.20726520315300906,0.19324495552389964,0.18034526139015086,0.16828882631343386,0.15692484538923707,0.14623481062237834,0.13625008123022037,0.1269683487986015,0.11833717848897496,0.11029271116521737,0.10279130207634343,0.09580418401080266,0.08930090802453833,0.08324782971470489,0.07761384778743452,0.07237062504947503,0.06749088270724342,0.0629487095892559,0.058719836548235274,0.0547815234358887,0.05111260475679484,0.04769349709273363,0.04450616598214667,0.041534063840758924,0.03876203470772984,0.03617619797121611,0.03376381357180162,0.03151314554388245,0.02941333774221087,0.027454303697742276,0.025626635113954778,0.02392152801117424,0.022330724886904296,0.020846469453329325,0.019461474309553795,0.018168896275002344,0.016962332603876466,0.015835807019515948,0.014783764536935922,0.013801084714577846,0.012883107930140532,0.012025650288934969,0.01122499893795753,0.010477900604409672,0.009781379840397838,0.00913229586891473,0.008527082169086096,0.007961888895534865,0.007433160773058919,0.0069381898777093574,0.006475841652246638,0.0060458786505901444,0.005646493392496684,0.005273939767067369,0.004924397158623559,0.004595709718075021,0.00428757097883205,0.0040022270738629745,0.0037396385358100344,0.003496656610695933,0.0032679267253207358,0.00304874771525654,0.0028380088815597162,0.0026453361411482926,0.0024767002339825743,0.0023249636993794543,0.002177251398659285,0.002028863900649242,0.0018758072650997687,0.0017423827007545954,0.001641982629729354,0.00155470050411243,0.0014595424439516089,0.001356259417252847,0.0012381919439259576,0.0011505603840641602,0.00109733306867331,0.001042018143443737,0.0009740280849968146,0.0009109865318617515,0.0008273006106203141,0.0007817515122447282,0.000743265179635668,0.0006941618985062021,0.0006512358109805901,0.0006210114020676926,0.0005615486652357373,0.0005426044529719086,0.0005079148106824267,0.00047504015363290407,0.0004531984092382387,0.00043156212908508135,0.0003976601474176514,0.00038520590843925,0.00036536713130318345,0.0003398952700789847,0.0003285715310014532,0.0003132690107540503,0.0002985856262656491,0.0002876236949439668,0.0002775787942011467,0.00026300063974396385
20.49074689815847,2.7807412368867728,2.7815523855000963,2.782420047217059,2.783348059084667,2.7843405019113563,2.785401712749942,2.786536297416245,2.787749142886749,2.789045429375729,2.7904306418396154,2.791910580591657,2.793491370630564,2.7951794691893928,2.796981670891341,2.7989051097522273,2.8009572570887777,2.8031459141693484,2.8054791981688383,2.807965519648794,2.8106135493587083,2.8134321716204003,2.816430420878827,2.819617397128581,2.8230021547797017,2.826593557994208,2.8304000934298204,2.834429628399124,2.8386890982782305,2.843184100958396,2.847918367320617,2.852893063857838,2.858105865014686,2.863549706642277,2.869211096482271,2.875067812527959,2.8810857690545255,2.8872147848742835,2.8933829756899554,2.899489562411514,2.905396120235539,2.9109167955248556,2.915808889113833,2.9197664534659356,2.9224209344311585,2.923353707978331,2.922124355047457,2.9183141694993795,2.9115761244180915,2.901672829760331,2.8884802435795653,2.871946895891253,2.8520280523929036,2.8286415647637706,2.8016801224914696,2.7710552180223913,2.7367085453221125,2.698581742553521,2.6566090227584658,2.610740505866626,2.5609347457589466,2.5071506020844727,2.449364912121459,2.3875643282478616,2.3217548507956898,2.251964909710652,2.1782515397419298,2.1007060830508446,2.0194630201065236,1.934705695948631,1.8466761956998459,1.7556834316611099,1.6621114420793328,1.5664278054068757,1.4691910939933677,1.3710568921077593,1.2727817011741231,1.175223686088689,1.0793387762219113,0.9861701675097199,0.8968283744523705,0.8124569385184686,0.7341790892246476,0.6630179826052455,0.599787630890132,0.5449598628202115,0.4985320304823678,0.45994253010714836,0.42808864279696457,0.40147378547280815,0.3784539433523676,0.3575075776365878,0.3374515621549872,0.31756093523923085,0.2975873281280736,0.27768920592546104,0.2582916130771119,0.23989899586599914,0.22290235358259838,0.20744360119198818,0.1933970159766522,0.1804769646937522,0.16840443941093572,0.15702663207452847,0.1463238973472041,0.13632751165115084,0.1270355098508357,0.11839555587046621,0.11034354094755913,0.10283553136862633,0.09584262404378652,0.08933430874354743,0.08327685489408125,0.07763906738830421,0.07239253662926849,0.06750992250887138,0.0629652570642942,0.058734221621919935,0.05479403256800168,0.05112348629445195,0.04770296607739209,0.04451440814682417,0.04154123999460742,0.038768284424229464,0.03618164214041518,0.03376855632523138,0.03151727736236708,0.029416937257185943,0.02745743885136362,0.025629364645943085,0.023923902897222942,0.022332789948964968,0.02084826513344878,0.019463037644281377,0.018170262086009387,0.01696353189669369,0.01583686211034932,0.014784688609365174,0.0138018853821378,0.012883791114548382,0.01202622542841492,0.011225488087302098,0.010478343954736059,0.009781804540399227,0.009132694694393356,0.008527424020486356,0.00796214782637946,0.007433328218118529,0.006938299351229056,0.006475992748365754,0.006046110583125083,0.005646743164881223,0.005274109225815614,0.00492444613123611,0.004595630053628373,0.004287516153152662,0.004002379444196525,0.0037399033541542863,0.0034968434316227513,0.003267941073884724,0.003048542147016238,0.0028377707525246605,0.0026454603458433332,0.0024770363042065395,0.0023252061733519836,0.002177254540952668,0.0020285549654658406,0.0018754197352224096,0.0017425365314640614,0.0016423706324334253,0.0015549241751787967,0.0014595499826785135,0.0013559510773640947,0.001237808168117482,0.0011507640738985167,0.0010975787695380905,0.0010420381769025119,0.0009741117383560134,0.000910863606348463,0.0008271107097332482,0.0007819090180621172,0.0007432979687782559,0.0006940313594924035,0.0006513815219269325,0.0006209686861286095,0.0005615308203372159,0.0005426744949714486,0.000508019981904449,0.0004749513054920424,0.0004532498770843757,0.00043152352030885813,0.00039770885029688605,0.0003851961045558772,0.00036546416207148706,0.0003398611154705382,0.0003285467643987179,0.0003132207725652728,0.000298615693593191,0.00028759391442594485,0.00027755131830504385,0.0002630335977349773
21.2145178491063,2.772426554124604,2.77324796738114,2.774126703432383,2.7750666692997235,2.7760720227107267,2.777147185396604,2.778296856536737,2.7795260262105472,2.7808399886767723,2.782244355250645,2.7837450664883767,2.7853484033131495,2.787060996624249,2.788889834817071,2.7908422685016223,2.792926011534659,2.7951491372683566,2.7975200686567607,2.800047560538376,2.802740672013426,2.805608726337053,2.8086612551267196,2.811907922893343,2.815358426892405,2.8190223659642863,2.822909070253816,2.827027381249356,2.8313853681167833,2.835989961282316,2.840846476806853,2.8459579940495687,2.8513245326724452,2.8569419508668936,2.8628004521289845,2.8688825407821845,2.875160206995994,2.8815910569376793,2.888113052914288,2.8946375354521785,2.9010403429125464,2.9071512439336047,2.912742696489946,2.917520240450612,2.921118509517291,2.9231083503331408,2.923020603633605,2.920388868231968,2.91480552880466,2.905973636636998,2.893728528145782,2.8780092060564013,2.858788392642608,2.836007887068715,2.8095709050021895,2.7793868518982556,2.745399485377763,2.7075611042816674,2.6658126740064065,2.6201067565284086,2.570408809496722,2.5166824277775635,2.458907291464901,2.3970747685840466,2.3311926773721354,2.2612926386905903,2.187432971594622,2.1097069884975723,2.0282501687096954,1.9432468322991248,1.8549400414575794,1.763639469205712,1.6697299842631719,1.5736801766765425,1.4760498638002941,1.3774961984209986,1.278777678443302,1.180755011967778,1.084387357337696,0.9907219399672698,0.9008743476718252,0.8159945491712443,0.7372138344197134,0.6655654010218264,0.6018753637043948,0.5466291216282935,0.49983741925884084,0.4609491269409648,0.4288660554662564,0.40208846197140746,0.3789621137101614,0.3579509060541045,0.3378561901186948,0.31793930428838046,0.2979416894963557,0.27801581793281804,0.25858490543627227,0.2401550477834969,0.22312100866305679,0.20762867870573312,0.19355472445962474,0.18061351950509955,0.16852428900025432,0.15713214218801896,0.1464162418017475,0.13640777040552024,0.1271051183839504,0.11845605517544648,0.11039621466877442,0.10288136272840234,0.0958824543333335,0.08936891556128489,0.08330692664955695,0.07766519513545252,0.07241523623231147,0.06752964622625555,0.06298239825183206,0.05874912228267415,0.0548069895950271,0.051134757088597174,0.047712773513692845,0.044522944703212254,0.04154867231169782,0.0387747572352886,0.036187280588414826,0.03377346811564878,0.031521556087076345,0.029420664247018686,0.027460684471265474,0.025632189857319444,0.023926360829937793,0.022334927519888168,0.020850124745403084,0.019464657891100065,0.018171678966956196,0.016964776109384235,0.0158379552933391,0.014785644009045773,0.013802711458840483,0.01288449506972705,0.012026818765359541,0.011225996585797534,0.010478808656485051,0.009782248592075847,0.00913310762883649,0.008527773558824092,0.007962410422127931,0.007433497172862553,0.006938415232192644,0.006476158220417358,0.006046355753518751,0.005646999834730146,0.00527427832758043,0.004924489677981317,0.004595544488748524,0.004287468935349376,0.004002546221579294,0.003740178468876299,0.003497029752621131,0.0032679489440255484,0.0030483234000346017,0.0028375325457874133,0.002645599526987372,0.0024773859146752933,0.002325449647332658,0.0021772521512684368,0.002028228743339274,0.0018750260989119645,0.001742705013720099,0.0016427733063487165,0.0015551492572859814,0.001459554968438498,0.001355626993208843,0.001237417424184938,0.0011509790305167969,0.0010978335523507564,0.001042056245957051,0.0009741985761853623,0.0009107328641287703,0.0008269186461747144,0.0007820725063547236,0.0007433339382581795,0.0006938968181800862,0.0006515324132371596,0.0006209219106250977,0.0005615148852402726,0.0005427464030505141,0.0005081307234633416,0.00047485945422020306,0.0004533030374154692,0.0004314815452863929,0.00039776006948576506,0.0003851842635152612,0.00036556328983105375,0.00033982639551063525,0.00032852006356169487,0.0003131706040641263,0.00029864657967522705,0.00028756271818308933,0.00027752233121917317,0.0002630674676529513
21.963853724165457,2.7637123805707757,2.7645436787275406,2.7654330794398363,2.766384557188644,2.767402343884072,2.7684909429594575,2.7696551437235426,2.7709000358483467,2.772231023832983,2.773653841237398,2.775174564422709,2.7767996254639806,2.7785358238137112,2.78039033618616,2.7823707239990374,2.7844849375442418,2.786741315855863,2.789148580992725,2.7917158251431156,2.794452488577171,2.797368325999878,2.8004733582715864,2.8037778057317153,2.8072919984402533,2.8110262574741447,2.8149907398784975,2.819195237810848,2.8236489195616135,2.828359996046239,2.833335290333045,2.8385796786691944,2.844095357576171,2.8498808704230005,2.8559297951673672,2.862228948978869,2.8687559024545,2.875475517527021,2.8823351410528666,2.8892580342034737,2.896134666872416,2.9028117787563823,2.9090797779389947,2.9146602905462187,2.9191975306039306,2.922259257342088,2.9233542936656387,2.921971831138208,2.917640690093893,2.909993902064247,2.898810571070013,2.884005686192268,2.8655631219809496,2.8434523912138596,2.8175947509056725,2.787900302623488,2.7543126840743515,2.716794704369977,2.6752969329800527,2.6297748355786115,2.580200577043704,2.5265441379619573,2.468788026734476,2.406928951603029,2.3409769831346616,2.270967169802497,2.1969594119518145,2.1190492409973687,2.0373731924342597,1.9521167933377335,1.8635241501904836,1.77190575415883,1.6776473891455075,1.5812187282803818,1.4831808977935896,1.3841926885058495,1.285014675006101,1.1865102010418118,1.0896417705317492,0.995460792642632,0.905088086706385,0.8196802753570626,0.7403769661592671,0.6682217452806931,0.6040532609146168,0.5483710098248556,0.5011997199308917,0.46199929101587145,0.4296764496841995,0.40272835749995645,0.37949028817922664,0.3584110315053346,0.3382757652078079,0.3183315142660433,0.29830903849455204,0.27835449828000053,0.25888913956999277,0.24042072180156682,0.22334789924089407,0.20782070023802152,0.19371830156737274,0.1807551122201984,0.16864853604625857,0.1572415166491261,0.14651196717500334,0.1364909642901962,0.1271772664153238,0.11851875575573831,0.11045080102992859,0.10292885566687693,0.0959237263669089,0.08940477300116811,0.08333808350901055,0.07769226437176802,0.07243875271862357,0.06755007884357243,0.0630001547916664,0.0587645572797913,0.05482041078479464,0.05114643125446683,0.04772293163290169,0.04453178628737853,0.04155637003707469,0.0387814610590499,0.03619312001777393,0.0337785546675175,0.03152598664124714,0.029424522963077748,0.027464044293333573,0.025635114123880254,0.023928904951690394,0.022337140577214032,0.020852051067869647,0.019466337577935273,0.0181731489424617,0.016966066563912283,0.01583908738666658,0.01478663134436318,0.01380356347637576,0.012885220417749393,0.012027431365285423,0.011226526067299077,0.010479295933028522,0.009782712446219057,0.009133534506274821,0.00852813050549769,0.00796267639039733,0.0074336678110334216,0.006938538818875672,0.006476339204236531,0.006046614441145401,0.00564726290453843,0.005274446594241849,0.004924527051413663,0.004595453133429591,0.004287430759889188,0.004002728180023348,0.0037404639639617857,0.003497215045861951,0.003267949452937703,0.0030480908631266815,0.002837295418369715,0.0026457547071555825,0.0024777495190937845,0.0023256936264890466,0.00217724347472005,0.0020278843292229364,0.0018746271109388642,0.0017428891189259913,0.0016431912366890607,0.0015553754331520384,0.001459556974134218,0.001355286259907391,0.0012370201335909978,0.0011512058755261492,0.0010980978529389147,0.0010420722320372987,0.0009742886290374226,0.0009105937154866716,0.0008267247596640803,0.0007822422495382029,0.0007433733921460531,0.0006937582380444926,0.0006516886319208368,0.0006208707230852485,0.000561501079339828,0.0005428201215163505,0.000508247230458051,0.00047476449945638366,0.00045335793962318773,0.00043143593492590756,0.00039781395959764446,0.00038517019112249684,0.0003656644772618175,0.00033979118521752864,0.00032849126719629274,0.00031311842804171165,0.00029867828981253733,0.00028753004295347485,0.00027749174981361814,0.0002631022455730602
22.739657523579275,2.7545850439858266,2.755425839524954,2.756325486342657,2.757288023672939,2.758317754643421,2.759419261141133,2.7605974190457823,2.7618574137257506,2.763204755657731,2.76464529598814,2.766185241801281,2.7678311707931083,2.769590044967348,2.7714692228687414,2.773476469741656,2.7756199648452955,2.77790830496213,2.78035050289508,2.7829559794506107,2.7857345470359656,2.7886963825429376,2.7918519866274316,2.795212125797402,2.7987877528567435,2.8025899001701036,2.806629538839753,2.810917395103522,2.8154637128787168,2.8202779480624627,2.8253683753959336,2.83074158147113,2.8364018062733107,2.8423500781142614,2.8485830594035657,2.855091478752024,2.861857963234028,2.868853999877568,2.876035651457312,2.883337550137479,2.8906646503106614,2.8978813533694994,2.9047981098544695,2.9111567001565555,2.9166172800652013,2.9207528170479726,2.9230588453388404,2.9229864707910522,2.920001241733239,2.913657752808484,2.9036625601582795,2.8898883369856847,2.872318720868081,2.8509516914145347,2.8257349558941294,2.7965847469551224,2.763443081039462,2.72628193442819,2.6850644043063583,2.6397502494572964,2.590317786028162,2.53674509359475,2.4790178791057924,2.417138563813112,2.3511202255253774,2.2810014265930216,2.2068441355584656,2.128746270198026,2.0468455629691946,1.961328993603958,1.8724417669426623,1.7804952742444913,1.6858763127934024,1.5890557132749346,1.4905959779315374,1.3911576098568932,1.291503346083353,1.1924992633034266,1.0951113286107512,1.0003952962409974,0.9094773856846716,0.8235211010972359,0.7436746364840164,0.6709923247825061,0.6063257915328789,0.5501891786016934,0.5026218168498319,0.4630952229446992,0.43052145517216667,0.40339466312458,0.38003935134867245,0.3588886455909845,0.3387108695971717,0.318738089944863,0.2986898669155639,0.2787057103801093,0.25920474324090464,0.24069639984404992,0.22358335432598994,0.20801994191868048,0.19388797735811011,0.18090193697628226,0.16877734806664768,0.1573549020384462,0.14661120160334634,0.13657720438634716,0.12725204962744488,0.11858374008996884,0.11050737142130927,0.10297807201326811,0.09596649362424786,0.08944192730082193,0.08337036547667033,0.07772030971092933,0.07246311604216256,0.0675712462885265,0.06301854913879505,0.05878054606414858,0.054834313012933955,0.05115852343256271,0.04773345311680193,0.044540943918771,0.04156434273892503,0.03878840406112021,0.03619916733247326,0.0337838218953113,0.0315305741471986,0.029428517881120237,0.027467522302667205,0.025638141087074667,0.023931538662306812,0.022339432315512008,0.02085404702186439,0.019468079281391836,0.0181746739477679,0.016967404478495842,0.015840259170171445,0.014787651230634915,0.013804442000504994,0.012885967886081689,0.012028064529547359,0.011227078302479408,0.010479806953108642,0.009783196459235267,0.009133975042979331,0.008528494571349705,0.007962945414920824,0.007433840429080238,0.006938671610121955,0.006476536828842213,0.00604688687197309,0.005647531754520623,0.0052746134992650556,0.0049245574717385445,0.004595356224130703,0.004287403184486372,0.004002926076672494,0.0037407598423746767,0.0034973987463290893,0.0032679416280563677,0.0030478439289426335,0.002837060678324727,0.002645926960265218,0.0024781275712497876,0.0023259375851431997,0.0021772276735881235,0.002027520765696411,0.0018742236460365868,0.0017430898742983086,0.0016436250356592513,0.001555602367249317,0.00145955552003534,0.0013549279064803174,0.0012366167927431659,0.0011514452756589614,0.0010983721356698443,0.0010420860252052877,0.0009743819112368567,0.0009104455229667302,0.0008265294466414279,0.0007824185287546635,0.0007434166590594827,0.0006936155879478717,0.000651850323733596,0.0006208147383196444,0.0005614896419100863,0.0005428955762315975,0.0005083696905203461,0.00047466634185765546,0.00045341462940912814,0.0004313864016556526,0.0003978706885942851,0.000385153680457229,0.000365767676966539,0.00033975557528685566,0.00032846020322303674,0.00031306416566279847,0.00029871082698765944,0.0002874958246911576,0.00027745948638394644,0.00026313792528192707
23.542864143224165,2.745030606464663,2.7458805093002123,2.7467899806386478,2.7477631216495024,2.74880430357393,2.749918183330378,2.751109719594009,2.7523841892627123,2.7537472041914355,2.7552047280375125,2.7567630930109464,2.7584290162626597,2.760209615567646,2.762112423864939,2.7641454020977134,2.766316949648776,2.7686359114820185,2.7711115808701607,2.7737536963023746,2.776572430808885,2.7795783714971476,2.7827824865462554,2.786196076228883,2.7898307036938883,2.793698100209332,2.7978100382823943,2.8021781644601917,2.806813781544778,2.811727567203713,2.8169292121279588,2.822426955274515,2.8282269850941844,2.8343326618913256,2.840743494226614,2.8474537665268165,2.8544506590996477,2.861711618346582,2.8692006202911595,2.8768628332836137,2.884617064492845,2.892345365076736,2.899879454007692,2.906984482154106,2.913342411746357,2.9185400515265694,2.9220700186164303,2.923354756797388,2.921800835117346,2.916879391330632,2.9082088710829437,2.895598175657644,2.8790134301008226,2.858476978892571,2.8339709521518803,2.8054261152605844,2.7727830953015786,2.7360205658038415,2.6951165867727793,2.650037742197133,2.6007678252546365,2.547294522506917,2.4896076824559072,2.427715518532406,2.361635195123056,2.2914087532153236,2.2171009027199817,2.1388120279961824,2.056681314022098,1.970897427393592,1.881706724056745,1.789421609493296,1.6944300030466963,1.5972039694814832,1.4983074583998819,1.3984027648835937,1.2982548803382956,1.1987327179642175,1.1008058271687242,1.0055344726177347,0.9140504569952379,0.8275243919296956,0.7471133412690287,0.6738827526764207,0.60869768635682,0.5520874978443997,0.5041067699370312,0.4642392586438797,0.43140280049488283,0.40408863944080053,0.3806102356441294,0.3593844734116938,0.33916211095065746,0.3191595773987448,0.2990846861632358,0.27906993655040874,0.2595321622050861,0.24098248042339895,0.22382771741112517,0.2082266920493411,0.19406399181876632,0.18105419602834558,0.1689108994386999,0.15747245085029482,0.14671407839572032,0.13666660624436341,0.12732956752476907,0.11865109392119444,0.11056600003470653,0.10302907601086393,0.09601081165995684,0.08948042648410495,0.08340381409354894,0.07774936708921548,0.07248835729496535,0.06759317547096612,0.06303760459664733,0.05879710881747703,0.05484871378475931,0.05117104880652502,0.0477443511183314,0.04455042901404227,0.04157260031918826,0.038795594694303416,0.03620542971058767,0.03378927598224864,0.031535323999019864,0.02943265376822459,0.027471122788305224,0.025641274689329422,0.02393426563011586,0.02234180613187663,0.020856115639011834,0.0194698855725565,0.018176255788852524,0.01696879097081492,0.0158414714014968,0.014788704298969913,0.013805347651423903,0.01288673835284139,0.012028719831787937,0.011227655163020503,0.010480342801699433,0.009783700876217459,0.009134428839708804,0.008528865455968954,0.00796321717024267,0.007434015480788998,0.006938815304871044,0.006476752197896201,0.0060471732125632624,0.005647805644189347,0.0052747784608897464,0.0049245801429253595,0.004595254158842857,0.004287387885216731,0.004003140637818589,0.003741066002769562,0.003497580247796555,0.0032679244052318496,0.0030475820027436565,0.0028368297951965192,0.0026461174111943554,0.0024785205191993707,0.002326180967216718,0.0021772038215502514,0.0020271370390119153,0.0018738167107427745,0.0017433083689998095,0.0016440753416556678,0.0015558297066045196,0.0014595500670243466,0.0013545508938332244,0.0012362079825938275,0.001151697947819773,0.0010986568942684377,0.0010420975262735042,0.0009744784177700421,0.0009102875981013562,0.000826333165138012,0.0007826016317537789,0.0007434640926555489,0.0006934688421119493,0.0006520176318803718,0.0006207535352407197,0.0005614808346548384,0.0005429726723592929,0.0005084982819376194,0.00047456488495352535,0.0004534731473777892,0.0004313326386718233,0.0003979304390842967,0.00038513451148826535,0.0003658728306891465,0.0003397196744931589,0.0003284266886811428,0.0003130077364426968,0.0002987441911062896,0.00028745999897866693,0.00027742544852934396,0.00026317449855146755
24.374441501222204,2.7350348266656157,2.7358934467731317,2.736812321170598,2.737795610122968,2.738847749843552,2.7399734688024524,2.7411778046102797,2.7424661214072135,2.7438441276595857,2.7453178942310434,2.746893872551268,2.7485789126498563,2.750380280753458,2.7523056760570204,2.7543632461703837,2.756561600603853,2.7589098214834578,2.76141747046943,2.7640945905788525,2.7669517012716627,2.7699997847315303,2.7732502607394673,2.7767149468742383,2.7804059999514843,2.784335833598932,2.7885170056165807,2.7929620672331565,2.7976833644616454,2.8026927793407386,2.8080013956766092,2.81361906949919,2.819553877928333,2.825811409869336,2.832393845041751,2.839298739519933,2.846517388973237,2.8540325654454968,2.8618153097482097,2.8698203056501863,2.877979182072771,2.886190953655469,2.89430887814783,2.902123571629847,2.909343688423434,2.915578205004412,2.9203282164143394,2.922999766778328,2.9229492032422115,2.9195639360960506,2.912361356661268,2.9010633546070568,2.8855951388410075,2.8659925208183066,2.842277532640785,2.814406571179522,2.782322076588546,2.746006332072204,2.705453642039252,2.6606410910646168,2.6115575882515123,2.5582014411861156,2.5005682726813885,2.4386719301372093,2.3725349930632396,2.3022029170230125,2.2277439633247496,2.1492610044243707,2.0668950630272054,1.9808366910410795,1.8913334674190232,1.7986989619591596,1.7033223306522884,1.605676951059073,1.506328297306592,1.4059405424388427,1.3052810306609501,1.2052216228492687,1.1067355730858341,1.0108878224444628,0.9188159569336343,0.8316979191489641,0.7506999427116163,0.6768989661038995,0.6111739559062722,0.554070071683185,0.5056578275116104,0.4654338793104712,0.43232232051601477,0.4048116218211383,0.38120392477052295,0.3598992756964949,0.33963012377971163,0.31959654497160445,0.2994940280942108,0.2794476788137611,0.2598718610718771,0.24127937947089145,0.22408134722113643,0.20844125171596953,0.19424659535079078,0.1812121001506914,0.1690493717204619,0.15759432176256818,0.14682073627249398,0.13675929007814783,0.12740992359847145,0.11872090640287508,0.11062676398146395,0.10308193441750213,0.09605673819061286,0.08952032043668227,0.08343847250046336,0.07777947381967322,0.07251450875348567,0.06761589432318203,0.06305734535130524,0.05881426648308657,0.05486363125770627,0.05118402312145743,0.04775563928396595,0.04456025340420635,0.041581153029673704,0.03880304175370056,0.036211914696156075,0.03379492347379996,0.031540241942692254,0.02943693574808448,0.02747485038864828,0.02564451919364969,0.0239370897841585,0.02234426559289244,0.02085826001568312,0.019471758954828392,0.01817789611601222,0.01697022707339965,0.015842724834299972,0.01478979120765125,0.01380628113481675,0.012887532904351866,0.012029399140751854,0.011228258572211476,0.010480904451033123,0.009784225811331579,0.009134895393826056,0.008529242842088698,0.007963491344914296,0.007434193620150297,0.006938971791775202,0.006476986368033384,0.006047473560021668,0.0056480837208047205,0.00527494083399599,0.004924594272782659,0.004595147538610792,0.004287386646569583,0.004003372543734445,0.0037413822122103636,0.003497758898387005,0.0032678966274544323,0.00304730451501039,0.0028366044105521803,0.0026463272317972467,0.0024789287959268726,0.002326423186270334,0.0021771708967546956,0.0020267320778391005,0.0018734074574806574,0.0017435457607866674,0.0016445428171544551,0.0015560570820118498,0.001459540009138755,0.0013541541137642007,0.0012357943801556057,0.0011519646636825632,0.0010989526524306664,0.0010421066489286763,0.0009745781208827022,0.000910119198023736,0.0008261364382619687,0.000782791850048866,0.00074351607173043,0.0006933179806323824,0.0006521906953786461,0.0006206866539109865,0.0005614749446500344,0.0005430512919630524,0.0005086331713800576,0.00047446003735911787,0.0004535335274224174,0.00043127431953304845,0.00039799340944280835,0.00038511245086130403,0.0003659798683673261,0.0003396836124443567,0.00032839052983247945,0.0003129490580196352,0.0002987783780009748,0.0002874225014352636,0.00027738953910220435,0.00026321195551192643
25.23539170434766,2.7245831518462498,2.7254500985606525,2.7263779542496884,2.727370935487888,2.7284335403742714,2.7295705655036953,2.730787123609048,2.7320886618207343,2.7334809804651985,2.7349702522930586,2.736563041988052,2.7382663257583664,2.7400875107493725,2.7420344539378525,2.7441154800682215,2.746339398065412,2.7487155152000073,2.7512536480799246,2.7539641292881534,2.756857808163673,2.7599460438150856,2.7632406879423383,2.766754054395349,2.7704988715890617,2.774488212887449,2.778735398824477,2.7832538635025452,2.788056975642566,2.793157802475667,2.798568801828982,2.804301424101504,2.8103656008033076,2.8167690888286625,2.823516627477727,2.8306088444363136,2.838040810645099,2.845800081674048,2.8538639607698713,2.8621955622518853,2.870738041322156,2.879406123480471,2.8880739335606096,2.8965583565678714,2.904598212222491,2.9118319544030626,2.9177807223340477,2.9218486079582893,2.923355000137659,2.9216092042537873,2.9160193649212,2.906197484269379,2.891998952444436,2.8734536555004704,2.8506237599576747,2.823503908314494,2.79204569358993,2.7562323963746924,2.716074101431221,2.6715628766680966,2.6226932840112527,2.5694745610361713,2.5119104010476256,2.4500200781169172,2.383833002169381,2.3133981074930534,2.2387880571536334,2.1601082442281254,2.077502031551801,1.9911620051230654,1.9013370844477189,1.8083421872796832,1.7125678219300726,1.6144887615569365,1.514672090000719,1.413783951225804,1.3125941471071565,1.2119776058932696,1.1129114147182815,1.0164653548449853,0.9237830130446246,0.8360498859117936,0.7544416934024043,0.6800472478459737,0.6137599096453404,0.556141255234618,0.5072784402571526,0.4666817222196912,0.43328196457932755,0.40556502614792417,0.38182145747143026,0.3604338511491166,0.34011557087558747,0.3200495843240716,0.2999184459222377,0.27983945973335744,0.26022432421393044,0.2415875312053871,0.224344618513762,0.2086639354295345,0.1944360492788703,0.1813758690623951,0.1691929539843852,0.15772067992533112,0.14693131961718128,0.13685538097111447,0.12749322550101855,0.11879327025303531,0.11068974341753185,0.1031367166113846,0.09610433318697073,0.08956166098505741,0.08347438550385745,0.07781066864876662,0.07254160392728509,0.06763943184170831,0.06307779650646117,0.05883204079760429,0.054879084264980796,0.05119746270358273,0.047767331776919386,0.04457042935581649,0.04159001149492408,0.03881075443890786,0.036218630293413635,0.033800771368690946,0.031545334148924166,0.029441369350984084,0.027478710115684393,0.025647879178301983,0.023940015281754993,0.022346814381077405,0.020860483253415853,0.019473701800991297,0.018179596417624875,0.01697171375974952,0.015844020236908212,0.014790912659282068,0.013807243286983364,0.01288835290204664,0.01203010462046914,0.011228890444309145,0.010481492732156839,0.009784771225691371,0.009135374121528725,0.00852962638548339,0.00796376767450164,0.007434375752734411,0.00693914312761386,0.00647724032387383,0.0060477879247217035,0.005648365034810479,0.005275099899814781,0.004924599096036231,0.004595037214462572,0.004287401345726428,0.004003622413546631,0.003741708075358158,0.003497933996379455,0.0032678570432735613,0.0030470109390693728,0.0028363863481213588,0.002646557631903651,0.0024793528050755693,0.0023266636248799734,0.002177127773106041,0.002026304755982066,0.001872997201031007,0.0017438032823102836,0.0016450281451292537,0.0015562841097222526,0.0014595246656691691,0.001353736388640895,0.0012353767720947992,0.0011522462531975597,0.0010992599642015333,0.0010421133218281103,0.0009746809664881853,0.0009099395219417481,0.0008259398556956832,0.0007829894751560794,0.0007435729997822975,0.000693162990770289,0.0006523696470866408,0.0006206135930343831,0.0005614722877211644,0.0005431312915086999,0.0005087745110315286,0.00047435171530177183,0.000453595794842558,0.00043121109833278953,0.00039805981464038854,0.00038508725200478265,0.0003660887068823132,0.0003396475427130025,0.00032835152257400225,0.00031288804567423863,0.00029881337814970007,0.00028738326803164337,0.00027735165624115415,0.00026325028508876605
26.126752255633278,2.7136607511472515,2.7145356291476173,2.715472039983542,2.7164742538537845,2.71754682777187,2.7186946231610047,2.719922824208763,2.7212369569431973,2.7226429089703585,2.7241469497857707,2.7257557515376343,2.7274764100755666,2.729316466063065,2.7312839258615336,2.7333872818045664,2.735635531368134,2.7380381945986314,2.740605328977873,2.7433475406709276,2.7462759908050245,2.7494023950476043,2.752739014266275,2.756298633435041,2.7600945251658913,2.764140393253038,2.768450290373979,2.7730385025485167,2.777919391062997,2.7831071802679914,2.788615676884809,2.794457903090675,2.800645621431753,2.807188723924117,2.814094449167475,2.8213663770277826,2.8290031248600815,2.8369966224848358,2.84532975967208,2.8539730591228736,2.8628798109084146,2.8719788141036506,2.881163577270581,2.8902767413764328,2.899089043828636,2.907274025047947,2.914383591259063,2.9198354622816765,2.9229293216204435,2.922908567809291,2.9190708025563077,2.910898497326861,2.8981446048858612,2.8808042193630636,2.858971405614303,2.8326907923093323,2.801935270230021,2.766688692282255,2.726974478871279,2.682804225639309,2.634180199271256,2.581122169886707,2.5236446326345328,2.4617723552597037,2.3955428528517957,2.3250089285544897,2.2502484109482372,2.1713693635396427,2.088518063437882,2.0018892370705776,1.9117333341031497,1.8183668278086997,1.722181692621314,1.6236541882070263,1.5233531038526238,1.4219466549683544,1.3202072120139514,1.2190128989926854,1.1193447739549134,1.0222776190420886,0.9289612533731141,0.84058895532984,0.7583462620283884,0.6833342494682655,0.6164611765864524,0.5583056725921038,0.5089722764114931,0.46798559245295973,0.4342838054850574,0.40635035505172334,0.38246393161305847,0.3609890390343747,0.34061914483074907,0.3205193115759367,0.3003585151948687,0.28024582329362735,0.26059005672115254,0.24190738903508593,0.2246179229301117,0.20889507179949,0.194632626387695,0.1815457318738334,0.1693418431617238,0.1578516972680203,0.1470459787391446,0.13695500909663233,0.12757958523280072,0.11886828191578305,0.11075502167682408,0.10319349470334882,0.0961536589717457,0.08960450197886952,0.08351159964474385,0.07784299181563964,0.07256967761016571,0.06766381813041662,0.06309898411898758,0.05885045432312976,0.054895092341337805,0.051211384482369636,0.04777944329972654,0.04458096959589342,0.04159918674130233,0.038818742408464744,0.03622558503748665,0.033806827182441344,0.031550607258667505,0.029445960531942643,0.027482707345187055,0.025651359498175083,0.02394304644750579,0.02234945622134013,0.02086278838837123,0.019475716299467132,0.018181358037987386,0.016973251977629594,0.015845358411067146,0.014792069428729291,0.013808235136553257,0.01288920005149,0.012030838699541144,0.011229552616918097,0.01048210830669052,0.00978533690421861,0.009135864388022616,0.008530015702651052,0.00796404598530029,0.0074345630940012754,0.006939331504042286,0.0064775149501146104,0.006048116202514092,0.005648648561189852,0.005275254852503343,0.004924593899126654,0.0045949243374095675,0.004287433931043144,0.004003890791760751,0.0037420430015260592,0.0034981047870722265,0.003267804303979773,0.0030467008150340392,0.002836177622770236,0.0026468098441663757,0.0024797929002753575,0.0023269016330207805,0.002177073209335887,0.002025853899989291,0.0018725874369935108,0.0017440822457166002,0.0016455320239224737,0.0015565103935516107,0.0014595032730874001,0.001353296471157423,0.001234956070257026,0.0011525436062526863,0.001099579414033845,0.001042117490625483,0.0009747868705377756,0.0009097477074713503,0.0008257440727817003,0.0007831947936741782,0.0007436353037961948,0.0006930038691527217,0.0006525546114792889,0.000620533808027034,0.0005614732122720386,0.0005432124993381518,0.0005089224349219401,0.0004742398453806463,0.0004536599641179143,0.00043114261070485883,0.0003981298866844764,0.00038505865573165997,0.0003661992483424331,0.00033961164636721,0.0003283094532788012,0.00031282461158798177,0.0002988491750585344,0.0002873422351786727,0.0002773116935013171,0.00026328947543434363
27.049597304631344,2.7022525920138554,2.703134994986026,2.704079523723322,2.7050904994653417,2.706172535294652,2.70733055431942,2.7085698086982415,2.7098958994826523,2.7113147972339067,2.7128328633465815,2.714456871981035,2.716194032468052,2.718052012000001,2.720038958360701,2.7221635223673903,2.724434879598022,2.7268627508494934,2.72945742060938,2.732229752614853,2.7351912013040716,2.7383538176196636,2.7417302471779386,2.7453337182418296,2.749178016193297,2.7532774402469133,2.7576467369272057,2.7623010032882416,2.7672555509221572,2.7725257194243063,2.778126625104912,2.7840728273137425,2.7903778906976093,2.797053816818751,2.8041103121765847,2.8115538501174875,2.8193864675446303,2.8276042058867263,2.836195045062759,2.8451360661532945,2.8543893829256786,2.8638960791202197,2.873566993299375,2.8832688377764146,2.892804187340511,2.9018850356160124,2.910102883036235,2.916904404216448,2.921589666173216,2.923354893214961,2.921394536234746,2.915048484419793,2.9039340247425636,2.887973425843901,2.867272744124796,2.8419337184144684,2.811967068650085,2.777361141287258,2.7381487497235266,2.6943645160926826,2.6460224110646537,2.593151974676389,2.535781231748095,2.473941193123908,2.407678384884071,2.337050380603005,2.2621407333427768,2.1830605651463553,2.0999596399992524,2.0130349249553503,1.9225386788711039,1.8287891467451336,1.7321798824936259,1.633188737253909,1.5323863143709238,1.4304430092016607,1.328133877204342,1.2263403744155879,1.1260476804169162,1.0283357380091687,0.9343608378996467,0.8453242806198198,0.7624217607751752,0.6867670161103774,0.6192837274217958,0.5605682361459784,0.5107432382412027,0.4693484756990403,0.4353300493146009,0.4071692046722484,0.3831325085971933,0.3615657220147925,0.341141569678735,0.3210063685568237,0.30081483484540894,0.28066733584407905,0.26096958538808657,0.24223942648845626,0.2249016698888725,0.20913500424909215,0.19483661149528372,0.18172192755049876,0.16949624439767957,0.15798755282311455,0.14716487014478635,0.1370583099553492,0.1276691193428151,0.11894604172882223,0.11082268541385756,0.10325234365667431,0.09620478032309804,0.08964889937624917,0.08355016327116847,0.07787648511412672,0.07259876593373014,0.06768908444477606,0.0631209352352834,0.05886953047924774,0.05491167575193585,0.05122580601621101,0.047791989114611515,0.04459188733893845,0.041608690229223505,0.03882701580762879,0.03623278801136826,0.03381309895524786,0.03155606837928591,0.02945071564083095,0.027486847761991173,0.025654965207678623,0.023946187683590133,0.022352194791725177,0.020865178315879328,0.019477804421088603,0.018183182218430193,0.01697484268490143,0.015846740213065563,0.014793262408302253,0.013809257982976006,0.012890076461348057,0.01203160400436559,0.011230246781929224,0.010482751637834305,0.009785922434899867,0.009136365540609108,0.008530410360883837,0.007964326249233284,0.00743475723022324,0.006939539203138606,0.006477811002030385,0.006048458134117218,0.005648933224276196,0.005275404781950118,0.004924578045599221,0.004594810407801365,0.004287486395717265,0.004004178138221496,0.003742386172360837,0.0034982704613372526,0.003267736958987439,0.0030463737814102514,0.0028359804472492802,0.0026470851023074698,0.00248024935675252,0.0023271365250582144,0.0021770058359255945,0.0020253783018651652,0.0018721798610855267,0.0017443840437124795,0.0016460551604896676,0.0015567355271378115,0.001459474976959485,0.0013528330434907849,0.0012345333284792261,0.001152857671688678,0.0010999116163595958,0.0010421191198582548,0.0009748957155101578,0.0009095428268735451,0.0008255498071483892,0.0007834080809254695,0.0007437034318572669,0.000692840624828957,0.0006527457023734668,0.0006204467096264371,0.0005614781035242856,0.0005432947132001135,0.0005090770543120581,0.00047412436745628575,0.00045372603627370274,0.0004310684758859191,0.00039820387460461553,0.0003850263915127388,0.0003663113777446546,0.0003395761359232984,0.0003282641001612574,0.0003127586638977698,0.0002988857432637649,0.00028729933941877534,0.000277269540103825,0.0002633295142486709
28.00503894183631,2.690343548183644,2.691233052059477,2.6921852429757367,2.6932044906850403,2.6942954615738985,2.6954631374026836,2.6967128349646035,2.6980502266516475,2.6994813618990268,2.701012689458589,2.702651080424901,2.7044038519036797,2.706278791169114,2.708284180101974,2.710428819631085,2.712722053812678,2.71517379306998,2.717794535972066,2.7205953887471215,2.7235880814883613,2.726784979704262,2.7301990894664305,2.7338440538890585,2.737734137995375,2.7418841981397057,2.7463096309975206,2.7510262956365428,2.7560504002565716,2.761398342748275,2.767086491196268,2.7731308867906144,2.779546847302792,2.7863484443294886,2.7935478217940584,2.8011543161044337,2.8091733278983364,2.8176048763378843,2.826441728258221,2.8356669148931344,2.845250293907965,2.855143539650363,2.865272518189312,2.8755254702506092,2.8857350312434726,2.8956524908517856,2.9049149564647974,2.913011567123508,2.9192639321929192,2.922845391058626,2.9228643230626172,2.9185149826221948,2.9092495319370117,2.8948723653410586,2.8754675445604585,2.8511914829120775,2.8221114808726506,2.78823076761471,2.7495876536245714,2.7062410214231396,2.658222453513928,2.605570887212301,2.548330035011579,2.4865389581778565,2.4202536049522716,2.349537828427411,2.274481208976979,2.19519864982901,2.111843892271694,2.0246163032447333,1.9337703181183563,1.8396261624495909,1.742579090370528,1.6431086703084317,1.5417874426962714,1.4392880996107298,1.336388503114247,1.2339735838501564,1.1330328081730114,1.0346514441092958,0.9399924924706962,0.8502655373273045,0.7666767745528136,0.6903530131389276,0.622233898392252,0.5629341673633244,0.5125954798424722,0.47077355229586754,0.43642304613641514,0.4080232719680051,0.3838284181147087,0.3621648292325194,0.3416836026952533,0.32151142416564893,0.30128802831153245,0.28110458712220443,0.26136345972352737,0.24258413817620933,0.22519628751625181,0.20938409178559428,0.19504830207387167,0.18190470539130435,0.16965637142048665,0.1581284330622388,0.14728815681522475,0.13716542463050874,0.12776194914430744,0.11902665409555906,0.11089282475584555,0.10331334141506583,0.09625776458344923,0.08969491133219178,0.08359012661462623,0.07791119195764917,0.07262890642324814,0.06771526323737738,0.0631436779289806,0.05888929357468187,0.05492885552485437,0.05124074552216442,0.047804985060527716,0.04460319631292201,0.04161853388281004,0.03883558525257667,0.036240248784532136,0.03381959518146145,0.03156172501360464,0.029455641333678093,0.027491137255550437,0.025658701446447482,0.023949443357188255,0.02235503362759917,0.020867655720296575,0.019479967916929714,0.018185070155488512,0.016976486884352927,0.015848166583350306,0.0147944926767043,0.013810313487787143,0.01289098467581625,0.012032403256754901,0.011230974420584959,0.010483422959538786,0.009786527195995489,0.009136876937224989,0.008530809877608495,0.007964608650102368,0.00743496017434675,0.0069397685430142055,0.006478129076769055,0.0060488132518766915,0.005649217922186745,0.00527554865334484,0.004924551001871437,0.004594697319199527,0.004287560748741497,0.004004484823068444,0.0037427365145761976,0.0034984301558048836,0.0032676534498645776,0.0030460296156841794,0.002835797235485677,0.0026473846134423542,0.0024807223343669177,0.002327367574921387,0.0021769241407114544,0.002024876736129703,0.0018717763873536979,0.0017447101449663258,0.001646598261732156,0.0015569590957817904,0.0014594388237310558,0.0013523447153612202,0.0012341097593873097,0.001153189452909173,0.0011002572143852276,0.0010421181945921964,0.0009750073470923971,0.0009093238832934418,0.0008253578333894171,0.0007836295928780371,0.0007437778489933078,0.000692673282881503,0.0006529430209540314,0.0006203516627214157,0.0005614873880321178,0.0005433776979073848,0.0005092384521005104,0.0004740052375748147,0.00045379399582334086,0.0004309882999454554,0.0003982820439396868,0.00038499017953121177,0.0003664249599208126,0.00033954125973207787,0.0003282152351822292,0.00031269010568997735,0.00029892304593698966,0.00028725451653011867,0.00027722508134424295,0.0002633703888522085
28.994228538828768,2.6779185139106407,2.678814672071921,2.6797740455214885,2.6808010499703117,2.6819004023337905,2.68307714000443,2.684336641116056,2.685684645798939,2.687127278410867,2.6886710707107406,2.690322985917647,2.6920904435683544,2.693981345048012,2.6960040996205725,2.698167650724281,2.700481502220048,2.702955744182079,2.7056010776946757,2.708428837958662,2.7114510148045072,2.7146802694423386,2.7181299459316386,2.721814075398476,2.7257473704288415,2.729945206273766,2.734423584450327,2.7391990729287707,2.744288715256829,2.749709898568727,2.755480167334559,2.761616965820008,2.768137287495892,2.775057204104838,2.7823912408986353,2.7901515578023335,2.798346888485997,2.806981178230363,2.8160518402100867,2.8255475023019585,2.8354450110459353,2.845705243868272,2.856266890006222,2.8670367586688243,2.877874464972003,2.8885689865392714,2.8988056417397075,2.9081262255820586,2.9158939033073854,2.921286970101105,2.9233542635577403,2.9211541652823705,2.9139533027216067,2.9013905140613674,2.883479192079727,2.8604128992531628,2.8323320193534625,2.79927274240086,2.761277790083182,2.718428447026192,2.6707809457871483,2.6183847340877415,2.561300308209291,2.4995778143891023,2.433282636803022,2.362486952470773,2.2872864923586596,2.207801020512851,2.124188611289822,2.036651330869112,1.945446221552652,1.850895682148692,1.7533968095906598,1.6534310420643106,1.5515729948099768,1.4484977820535139,1.3449861996883732,1.241926800003349,1.1403135153852106,1.0412371167649699,0.9458675455081318,0.8554229576138762,0.7711203922685913,0.6941001549583944,0.6253184171671173,0.565409019230778,0.5145334263096625,0.4722642126842637,0.43756530161389506,0.4089143626302243,0.3845529632753247,0.36278733962058957,0.34224603640994866,0.32203517582281627,0.30177874469915666,0.28155819136375726,0.2617722529764771,0.24294204079578338,0.2255022236056334,0.20964270983989258,0.19526800892916588,0.18209432552235488,0.16982244693179815,0.15827453224004912,0.14741600849057487,0.13727650006003975,0.1278582009443798,0.11911022766124262,0.11096553346321178,0.10337656903858701,0.09631268177276224,0.08974259829029134,0.08363154187076798,0.0779471574471431,0.0726601380556541,0.06774238820518111,0.06316724134101859,0.05890976883905525,0.054946653487029005,0.05125622190913375,0.047818447567083804,0.04461491078035288,0.04162873010980945,0.0388444617652818,0.03624797726791154,0.03382632465544811,0.031567584917189605,0.029460744426397012,0.027495581772026382,0.025662573298832647,0.023952817678812452,0.022357976034059687,0.02087022302500969,0.019482208354378118,0.018187023066059196,0.01697818565821204,0.015849638594832405,0.014795761595928002,0.013811403768533506,0.012891927662120474,0.012033239143750232,0.011231736746583997,0.010484122243609548,0.009787150358349126,0.00913739796223734,0.008531213737424515,0.007964893661233787,0.007435174405908234,0.006940021815208156,0.0064784695884955714,0.006049180818205054,0.005649501546046822,0.005275685286245539,0.004924512364978711,0.004594587391507145,0.004287658986078097,0.004004811127470749,0.003743092683743314,0.003498582953230612,0.0032675521051414433,0.003045668285043199,0.0028356306012264367,0.0026477095266447914,0.0024812118320249044,0.002327594009162273,0.0021768264548698854,0.0020243479795562782,0.0018713791628928405,0.0017450620817687373,0.0016471620231201514,0.0015571806769941981,0.0014593937519205022,0.0013518300210418534,0.0012336867492071578,0.001153539999452872,0.001100616877654015,0.0010421147216865773,0.000975121570908868,0.0009090898071290093,0.0008251689769875954,0.0007838595561311685,0.0007438590304174961,0.0006925018880403422,0.0006531466546042508,0.0006202479847518975,0.0005615015382068644,0.0005434611831250806,0.0005094066763968117,0.0004738824308878869,0.00045386380737525323,0.0004309016800825808,0.00039836467569333045,0.00038494973347396374,0.0003665398358143232,0.00033950730677100315,0.0003281626263639811,0.0003126188341693915,0.00029896103214342826,0.00028720769986986604,0.0002771781992248356,0.0002634120858623328
30.01835813575589,2.6649624906268334,2.665864833195985,2.6668308844561897,2.667865103403151,2.6689722545892702,2.670157427908431,2.6714260594420094,2.6727839533761872,2.6742373049881683,2.675792724682642,2.677457263038989,2.6792384368029776,2.6811442557227467,2.6831832500857615,2.685364498758938,2.6876976574651446,2.6901929869420766,2.6928613805188744,2.695714390505183,2.6987642526076057,2.702023907357394,2.7055070172340234,2.7092279777785166,2.7132019204756452,2.717444704499949,2.721972893504167,2.7268037123944877,2.731954977371063,2.7374449902691933,2.7432923852426443,2.7495159118993158,2.7561341339699466,2.7631650163943857,2.7706253664621356,2.7785300867059597,2.7868911891071555,2.795716511775243,2.8050080681057588,2.8147599353149926,2.8249555307858016,2.8355639829014683,2.8465349987487283,2.857791069497684,2.869215003747962,2.880629869445905,2.8917682899615005,2.9022304511374295,2.911437595692344,2.9186014447071855,2.9227454733380656,2.9228162208035227,2.9178888384924373,2.90739291220358,2.8912100667324596,2.8695334617842314,2.8425838858247747,2.8104553768599274,2.773200502707192,2.7309182916700485,2.6836961834553117,2.631597876777961,2.5747005738500026,2.5130695526896787,2.4467796558434762,2.37591368346536,2.300573699868925,2.2208856761153197,2.1370122582693227,2.049158720868505,1.9575851610080985,1.8626163346435423,1.7646513644695392,1.664173740155565,1.5617603031591933,1.4580887247382002,1.3539428690643118,1.250215060505853,1.147903887233085,1.0481058223581776,0.9519979676738012,0.8608073666391675,0.7757622404923254,0.698016836317844,0.6285444310400701,0.5679987006433977,0.5165617943513193,0.4738240744152232,0.43875948954869876,0.4098443997073778,0.3853075261913611,0.3634342854309561,0.3428297008705871,0.3225783509839502,0.3022876599621622,0.28202878849298607,0.2621965631853228,0.24331367420082725,0.22581994660884458,0.20991125118679177,0.1954960569442507,0.1822910594136737,0.16999470302934308,0.158426052743125,0.14754860196472322,0.1373916893214431,0.1279580062843389,0.11919687549446083,0.1110409090962895,0.1034421108462062,0.09636960470519788,0.08979202307873126,0.08367446328451635,0.07798442844217662,0.0726925013195625,0.06777049433933865,0.06319165572329986,0.05893098245610941,0.054965092302189954,0.051272254812407325,0.04783239366759578,0.044627045551274794,0.04163929180596306,0.03885365667379678,0.03625598351308996,0.03383329625850091,0.03157365590192541,0.029466031710798743,0.027500187144733963,0.025666585650362627,0.023956314594376325,0.022361025026883072,0.02087288238145775,0.019484527193367338,0.01818904225018799,0.01697994021027172,0.015851157532509538,0.01479707093428622,0.013812531477801019,0.012892908737250144,0.01203411417455634,0.011232534657944415,0.010484849166777357,0.00978779090981815,0.009137928023633756,0.008531621435309632,0.007965182134460845,0.007435402882192592,0.006940301215619393,0.006478832749921189,0.006049559765258001,0.005649782988895693,0.0052758133389287434,0.004924461896467403,0.004594483388733013,0.004287783064989562,0.004005157249468536,0.00374345306591725,0.003498727879572147,0.003267431140128519,0.00304529000799982,0.0028354833510913563,0.002648060901504915,0.002481717634548613,0.0023278149980289916,0.002176710941605237,0.002023790831531604,0.0018709905768808201,0.0017454414284808332,0.0016477471129437884,0.0015573998386689339,0.0014593385819803377,0.0013512874162254294,0.0012332658682052064,0.0011539103940732707,0.0011009912976756,0.0010421087305440772,0.0009752381488088501,0.000908839452617171,0.0008249841093093419,0.0007840981558917533,0.0007439474511507338,0.0006923265075886374,0.0006533566771362727,0.000620134942738814,0.0005615210764443344,0.0005435448611536627,0.0005095817335947308,0.00047375594464429174,0.00045393541213112625,0.00043080820959309844,0.0003984520646978702,0.00038490476376622956,0.0003666558183492151,0.0003394746117193517,0.0003281060401823034,0.0003125447403144314,0.00029899963392160004,0.0002871588178486014,0.0002771287734045696,0.0002634545903469736
31.078661877820124,2.6514606150488444,2.6523686532141326,2.6533408567773353,2.6543817251591526,2.655496067456273,2.6566890227185196,2.6579660813550468,2.6593331076900664,2.660796363677796,2.662362533772152,2.6640387509282255,2.6658326236887815,2.6677522642785583,2.6698063175903477,2.6720039908976494,2.674355084066491,2.676870019960441,2.6795598746336142,2.682436406781066,2.68551208575694,2.6888001172683067,2.6923144655932196,2.6960698708363897,2.7000818592984657,2.7043667444572645,2.708941615286805,2.713824307594429,2.719033352626595,2.7245878952264215,2.7305075711160813,2.736812329169074,2.743522179544146,2.75065684201316,2.7582352606095317,2.7662749410512406,2.7747910569527146,2.783795260790589,2.7932941266923166,2.80328714190501,2.813764139902818,2.8247019959422164,2.8360602120974496,2.8477745820468123,2.859747310464047,2.871830765073169,2.8838009400765814,2.895317207715993,2.9058698862122356,2.914729750137297,2.9209333020034953,2.9233528859088946,2.9208851364389887,2.912718948758522,2.8985366277997304,2.8784707262575813,2.852811761277006,2.821739023089407,2.785330588148694,2.7436979506261254,2.696963676789245,2.6452127397149985,2.588538383648099,2.5270253931922473,2.460758794236361,2.3898341238747,2.3143603946954894,2.2344711935043353,2.1503339767435485,2.062157969293849,1.9702067388192477,1.8748076025118743,1.7763619489660512,1.6753555282602792,1.5723675716653498,1.4680784533804436,1.3632752504138501,1.2588542138435135,1.1558187822535835,1.0552713567968308,0.9583964144848174,0.866430221210591,0.7806125199581357,0.7021119664245,0.631919537714607,0.5707095030746785,0.5186856145227308,0.475457000789592,0.44000846544597283,0.4108154331088463,0.3860935741446784,0.36410675599457126,0.3434354661747475,0.32314170868046665,0.3028154780734574,0.28251704536536304,0.262637014275271,0.2436996025654216,0.2261499466745306,0.21019012694739914,0.1957327858852931,0.18249519043390933,0.1701733816734632,0.158583205446186,0.14768612139890258,0.13751115192363708,0.12806150218606135,0.11928671527789983,0.11111905318546882,0.10351005456273481,0.09642860910844733,0.08984325101196096,0.0837189472393834,0.07802305363544133,0.07272603827741707,0.06779961797866052,0.06321695248686714,0.05895296160046169,0.054984195508313204,0.05128886462627775,0.04784684101556059,0.04463961598792822,0.04165023234327678,0.038863181517332986,0.0362642775228543,0.033840518747997636,0.031579945633235705,0.029471509775381946,0.027504958942407242,0.02567074307679435,0.023959937722015136,0.022364183326326212,0.02087563571780156,0.01948692589933237,0.01819112914979072,0.016981751931818043,0.015852725014950546,0.01479842300358637,0.013813699842580747,0.012893931426340169,0.012035030543519924,0.011233368694679207,0.0104856030834319,0.009788447705761706,0.009138466532026558,0.008532032552466727,0.007965475399844754,0.007435649008447749,0.006940608770542066,0.006479218560229507,0.00604994865040255,0.005650061139884449,0.005275931306948225,0.0049243995693237595,0.004594388518558079,0.00428793488311279,0.004005523312086626,0.0037438158028643416,0.003498863892114844,0.0032672886677836866,0.003044895326992472,0.0028353584714468833,0.002648439681711806,0.0024822392544772637,0.002328029645538218,0.0021765755897537793,0.002023204133673534,0.0018706132629761046,0.0017458497705441093,0.0016483541494336459,0.0015576161339111755,0.0014592720041280525,0.0013507152766064783,0.0012328488746106158,0.0011543017350582792,0.0011013811805585362,0.0010421002732717449,0.0009753567938366925,0.0009085715945865392,0.000824804145872471,0.0007843455221033435,0.0007440435709559084,0.0006921472328925056,0.0006535731509547719,0.000620011747917216,0.0005615465783424163,0.0005436283843458285,0.0005097635814129723,0.00047362580148921786,0.00045400872464792814,0.0004307074827872405,0.0003985445172687925,0.0003848549806454451,0.00036677268841844526,0.00033944356001934056,0.0003280452434888519,0.0003124677093620148,0.00029903876351995327,0.0002871077905434979,0.0002770766825805028,0.00026349788439421277
32.176417502507356,2.6373981153160546,2.6383113497558295,2.6392891682074957,2.640336107459275,2.6414570178346928,2.6426570839395933,2.643941846604361,2.6453172260521507,2.646789546314873,2.648365560906483,2.6500524797470213,2.651857997309772,2.6537903219366963,2.6558582062323253,2.658070978401688,2.6604385743411703,2.662971570219452,2.6656812151950118,2.6685794638023848,2.6716790073951504,2.674993303851557,2.6785366045180043,2.682323977071843,2.686371322607709,2.69069538476185,2.695313748043857,2.700244821681517,2.7055078041074725,2.7111226215856243,2.7171098321869653,2.723490483093733,2.7302859046621712,2.7375174183621533,2.7452059272002036,2.7533713462806526,2.7620318180449446,2.7712026426477974,2.780894841145084,2.7911132599714374,2.801854117654478,2.8131018720528824,2.8248251967774656,2.836971585078697,2.8494594617562634,2.8621654900452076,2.8749030967346085,2.887387069920682,2.899181053700004,2.909634261237222,2.9178340608865865,2.9226266170576976,2.9227640079890875,2.917183879633868,2.905305086468217,2.8871184040735116,2.8629463414641547,2.8330747069228974,2.797634901671792,2.75674948634401,2.7105755826844957,2.659229259792858,2.6028199976010753,2.541455768680226,2.475233998451991,2.404264461900677,2.3286645553576495,2.2485766989300893,2.164173607357072,2.0756693794764747,1.9833314120133356,1.8874898554083313,1.7885486690904309,1.6869960934806987,1.583413925010537,1.4784854003452537,1.373000967756448,1.2678609672333263,1.1640738819103007,1.062748291421101,0.9650762716890724,0.8723036511073382,0.7856820453531216,0.7063950060513554,0.6354518188376943,0.5735481298438084,0.5209102553734377,0.4771671211345154,0.4413152812837372,0.4118296502055285,0.3869126665058825,0.36480590178363687,0.34406424524253193,0.3237260410712577,0.3033629321870062,0.28302365702012816,0.26309425724548047,0.24410041566935353,0.22649273676430975,0.21047976766086868,0.19597855125489352,0.1827070144628769,0.17035873520445258,0.15874621008545267,0.14782875866528253,0.13763505410072355,0.1281688314003366,0.11937986951452513,0.11120007140306458,0.10358049146799725,0.09648977374623495,0.08989634999967114,0.0837650523504973,0.07806308363083819,0.07276079263026487,0.06782979686762185,0.06324316425462946,0.058975734480010825,0.055003987551824,0.051306072531453396,0.04786180790972063,0.04465263800559091,0.04166156555033946,0.038873048012777064,0.036272869168938175,0.03384800063977491,0.03158646149555379,0.02947718489360031,0.02750990238931495,0.025675049810045807,0.023963690368884315,0.022367453428454698,0.020878484865031684,0.019489406086473517,0.018193285415774575,0.016983622512349552,0.015854343158533003,0.014799820784770521,0.013814912634865529,0.012894999258593283,0.012035990016104996,0.011234238997270371,0.010486383014014545,0.009789119542854042,0.009139012871650708,0.008532446867341146,0.007965775373702506,0.007435916558999716,0.00694094625948977,0.006479626794539045,0.006050345644564915,0.005650334861160416,0.00527603754659809,0.004924325636607495,0.004594306413337447,0.004288116260990498,0.004005909368120299,0.0037441788429316667,0.0034989898516593248,0.003267122727066961,0.0030444851909286015,0.00283525910870457,0.0026488466791309796,0.002482775872814734,0.002328236980811613,0.002176418213213105,0.002022586789461888,0.0018702500963922257,0.0017462886656356663,0.0016489836670279948,0.0015578290921632787,0.001459192564015361,0.0013501119006341712,0.0012324377111434805,0.0011547151136953918,0.0011017872350520188,0.0010420894243153797,0.0009754771627897859,0.0009082849251084137,0.0008246300499838366,0.0007846017141896158,0.0007441478137452178,0.0006919641792292298,0.0006537961313645223,0.0006198775472294929,0.000561578674495326,0.0005437113615067811,0.0005099521223610209,0.0004734920534554959,0.0004540836303214542,0.000430599098895204,0.0003986423479788698,0.00038480009618316075,0.00036689019174951056,0.0003394145923749289,0.00032798000427474697,0.00031238762243447697,0.00029907831130796496,0.00028705452560855805,0.0002770218064104137,0.0002635419451384321
33.31294787934674,2.6227602116884334,2.6236781422014874,2.6246610366698713,2.6257134660503425,2.626840318405258,2.628046820091721,2.629338558209719,2.63072150435033,2.632202039677822,2.6337869813693335,2.635483610422154,2.6372997008203987,2.6392435500289464,2.6413240107514118,2.6435505238487575,2.6459331522636966,2.64848261573031,2.6512103259648456,2.6541284219279415,2.657249804614946,2.660588170662689,2.6641580438489263,2.667974803293302,2.6720547068305276,2.676414907596266,2.6810734613132947,2.6860493210440692,2.6913623152155512,2.697033103413266,2.703083102612658,2.709534373903724,2.7164094559799215,2.723731126159894,2.7315220618007623,2.7398043639118,2.7485988900966656,2.757924325947462,2.7677959045807476,2.778223667191772,2.789210148318258,2.8007473675463586,2.812812991590438,2.825365417874349,2.8383371442857133,2.851624842530498,2.865072797008728,2.8784441159942102,2.891373258034323,2.9032984738567573,2.9133899721462315,2.9205203020311665,2.923350468991552,2.9205841780026587,2.9113290252107826,2.8953396141396412,2.8728991270802418,2.844402101970943,2.810070924645249,2.770048038784204,2.724519925782424,2.673644280631907,2.6175499265101108,2.556370092312649,2.490218822564905,2.4192208821292733,2.34350451593372,2.263221833669598,2.178551702715171,2.0897140772366716,1.9969805134800782,1.90068438684931,1.8012325901699402,1.6991160982879623,1.5949194624799223,1.4893289585338478,1.3831385818881776,1.2772529368424326,1.1726857429045436,1.0705520230178405,0.9720517031426327,0.8784405037370346,0.7909822886975253,0.7108760076254794,0.6391498762677637,0.5765217281773318,0.5232414499321418,0.4789588526826619,0.4426832017838733,0.41288938774677664,0.38776646257395486,0.36553293891486344,0.3447169967648195,0.3243321750356356,0.30393078583215255,0.2835493479027098,0.26356897149040637,0.244516730311499,0.2268488538857692,0.21078062439982764,0.1962337251712902,0.182926840579107,0.17055102690694984,0.15891529566586934,0.14797671373033228,0.13776356910748158,0.12828014265712084,0.11947646575561975,0.11128407373812642,0.10365351654770007,0.09655318054630599,0.0899513906641655,0.0838128395608105,0.07810457102541474,0.07279680978603546,0.06786107021904661,0.06327032491725347,0.05899933038493898,0.05502449381705052,0.0513239005159454,0.047877313331227335,0.04466612807905869,0.04167330570184019,0.03888326813356226,0.036281768307520265,0.03385575027795409,0.031593210611668816,0.029483063049951148,0.027515022415014044,0.025679509824706397,0.023967575659356748,0.02237083777274638,0.020881431768467205,0.019491969685866733,0.01819551301108733,0.01698555411087732,0.015856014766263297,0.014801268001952335,0.013816174046285323,0.012896115522224774,0.012036993845872682,0.011235145263012343,0.010487187662180762,0.00978980524417233,0.009139566384347361,0.008532864499417345,0.007966084668316659,0.007436209548314551,0.006941315137586043,0.006480056983736833,0.006050748568045081,0.005650602947489001,0.005276130332556157,0.004924240729920664,0.004594241094206737,0.0042883289229025566,0.004006315392929783,0.0037445400129081483,0.0034991044728303698,0.0032669313329659545,0.0030440610450891826,0.0028351885423995487,0.0026492825729386997,0.002483326284257355,0.0023284359542998585,0.002176236454499001,0.0020219377879719834,0.0018699041896567778,0.0017467596005866935,0.0016496360678585156,0.0015580382074934147,0.0014590986472020327,0.001349475518587805,0.001232034495730308,0.0011551515870067573,0.0011022101537233287,0.0010420762798078053,0.0009755988455266531,0.0009079780495884041,0.0008244628431207124,0.0007848667051880222,0.0007442605412462793,0.0006917774842496259,0.0006540256725722173,0.000619731411698749,0.0005616180505216989,0.0005437933523499526,0.0005101471978699597,0.0004733547870675345,0.00045415998400065514,0.00043048266397285406,0.0003987458754034228,0.000384739824241351,0.0003670080374686857,0.00033938820786421546,0.00032791009062751574,0.0003123043595304238,0.00029911814500023216,0.0002869989137903002,0.00027696402804510165,0.0002635867423934982
34.48962260405758,2.6075320101807,2.6084541425452556,2.6094415804334234,2.61049892573742,2.6116311007176076,2.612843369600605,2.6141413614965114,2.6155310946863612,2.617019002325486,2.618611959600513,2.6203173123666037,2.6221429072763756,2.62409712339158,2.626188905241699,2.6284277972583467,2.6308239794685164,2.6333883042704604,2.6361323340398837,2.639068379216691,2.64220953639844,2.6455697258090463,2.649163727311972,2.6530072138857252,2.6571167811631096,2.661509971237837,2.666205288440755,2.671222204152182,2.6765811469003298,2.6823034729253172,2.688411410943755,2.694927972830958,2.7018768190192963,2.709282063073326,2.7171679933695687,2.725558680025967,2.734477420971893,2.7439459613534174,2.753983395529066,2.7646046335713153,2.7758182913190477,2.7876238543433667,2.8000079745655255,2.8129397514310392,2.8263647042102065,2.840196574362139,2.8543046671157803,2.8684918606561385,2.882455499280595,2.8957237478331517,2.9075710648537645,2.9169458699630773,2.922485343518361,2.9227074291702877,2.9163906860494007,2.902960410445263,2.8825551897998185,2.85564619440664,2.8225852534897666,2.7835599320566073,2.7387794573702764,2.6884509024167387,2.632730306494639,2.5717764936737946,2.5057261503149384,2.434719468315399,2.358898867911567,2.2784267201458768,2.193489535009043,2.104314014182392,2.0111762735258325,1.9144134564780577,1.814435788601374,1.711737235905029,1.6069053154861264,1.5006295399602518,1.3937076474732615,1.2870487013977636,1.1816718516888753,1.0786988285052757,0.9793377011219028,0.884854392906745,0.7965254263232724,0.7155656580974932,0.6430228709180107,0.5796379240631996,0.5256853249933131,0.480836924079105,0.4441157225617507,0.4139971452393787,0.3886567304397293,0.3662891542821099,0.34539472825500245,0.32496097389946166,0.30451983422560086,0.28409487304862135,0.2640618662782983,0.24494919182519856,0.2272188604727926,0.21109316990214305,0.19649869725550675,0.1831549918260745,0.1707505316040378,0.1590907009202344,0.14813019507987127,0.13789687752490923,0.12839559092457808,0.11957663685388943,0.11137117467970604,0.10372922864869293,0.0966189147378942,0.09000844646587904,0.08386237224039432,0.07814757049542638,0.072834136932371,0.06789347878041409,0.0632984696895264,0.05902377974186547,0.05504574065242719,0.051342371392133386,0.047893376991582214,0.04468010326618484,0.04168546753801358,0.03889385431147749,0.036290985123924056,0.033863776143745784,0.03160020007951447,0.029489150157246576,0.027520323875616717,0.025684127073027398,0.023971596790094567,0.022374339009851814,0.02088447877430731,0.01949461913625388,0.018197814381594252,0.016987549582130338,0.01585774349616999,0.014802769095009324,0.013817488450994496,0.01289728301220848,0.0120380427173523,0.011236086705247618,0.010488015473070907,0.009790503734895673,0.009140126395064467,0.008533286079200546,0.007966406689343255,0.007436532059669884,0.006941716462627522,0.006480508368594509,0.006051154979051936,0.005650864071793681,0.005276207953048051,0.004924145991826289,0.004594196920117085,0.004288574467436545,0.004006741253826417,0.0037448970977491535,0.003499206251421004,0.003266712546777124,0.003043624923953825,0.0028351501496875074,0.0026497479258301613,0.0024838888537132035,0.002328625443095009,0.0021760277874909406,0.0020212562392763053,0.0018695788928485598,0.001747263949350431,0.0016503115558366133,0.0015582429265769866,0.001458988464625648,0.0013488043085568174,0.001231641511231986,0.0011556121463070835,0.0011026505843346134,0.0010420609570161296,0.0009757213511983995,0.0009076494818611876,0.0008243036221532656,0.0007851403663040903,0.0007443820217649724,0.0006915873062952146,0.0006542618339655735,0.0006195723228730731,0.0005616654453519253,0.0005438738589644339,0.0005103485829205986,0.00047321412977195865,0.0004542376099119253,0.0004303577901317731,0.00039885541686951204,0.0003846738775482241,0.00036712589891379273,0.000339364964661565,0.00032783526756141807,0.0003122178039870242,0.0002991581107810572,0.00028694082446425215,0.00027690323725642073,0.00026363223610776184
35.707859649004625,2.5916984543493533,2.5926243010950243,2.593615757386352,2.5946774528978507,2.5958143406273995,2.5970317188671475,2.59833525454877,2.599731008023624,2.6012254593346733,2.6028255360313106,2.604538642569682,2.6063726913291045,2.6083361352586003,2.6104380021452016,2.6126879304657975,2.615096206744844,2.6176738042885113,2.6204324230983422,2.62338453067997,2.626543403349269,2.629923167492772,2.633538840052653,2.6374063672686776,2.6415426604075307,2.645965626828546,2.6506941942555233,2.6557483255238763,2.661149020320431,2.666918299486044,2.6730791662388143,2.67965553707758,2.6866721329253007,2.6941543178841068,2.7021278681333527,2.710618645932612,2.719652141808686,2.7292528298069225,2.7394432543267015,2.750242732326954,2.7616655156409924,2.773718226065708,2.7863963685049096,2.7996797539604654,2.8135266781968116,2.827866507349621,2.8425894632362443,2.857530213278425,2.872438108047726,2.8869234971408977,2.9003731470882674,2.911849863761069,2.920038302540455,2.9233466393136562,2.9202476721274198,2.9097655092335457,2.8917642076078285,2.8667117971266496,2.8351117083780992,2.7972406239358607,2.75332999301779,2.7036377450784275,2.648360106423298,2.5876814753255872,2.521767856045421,2.4507760779641914,2.374866321648488,2.294211931424211,2.209009085233216,2.1194919603719007,2.0259418462994936,1.9287003375596306,1.8281814053969234,1.7248822864114708,1.6193937066363364,1.5124086377361377,1.404728775582495,1.297267860716969,1.1910506810699129,1.0872059242826728,0.9869501395154577,0.8915597523168607,0.8023243891234786,0.7204753243756135,0.6470805640330106,0.582904859712267,0.5282484335534863,0.4828064007356106,0.44561659050424446,0.41515559979282485,0.3895853568550278,0.3670759114925649,0.3460984991877715,0.3256133394327073,0.305130905803712,0.28466101927885384,0.264573682361583,0.24539847563621656,0.22760334591256765,0.21141789971048877,0.1967738755294896,0.18339180603860294,0.17095753625483584,0.15927267482928842,0.14828942017462513,0.13803516759292853,0.12851533769091783,0.11968052123798124,0.11146149341767579,0.10380773064499939,0.09668706500293722,0.09006759383499326,0.08391371628965957,0.07819213888676559,0.07287282311473446,0.0679270649016199,0.06332763516427818,0.05904911416891303,0.05506775539879115,0.05136150881737006,0.04791001938324414,0.04469458125545219,0.04169806632671657,0.03890481970146579,0.03630053062523331,0.03387208735953719,0.03160743742314327,0.029495452467736966,0.027525811946308043,0.025688905861258573,0.023975757396913863,0.022377960348023748,0.020887628955140146,0.019497357594657403,0.01820019270590213,0.01698961271271578,0.015859533936975822,0.014804329043080933,0.013818860063388358,0.012898503807948427,0.01203913669980481,0.01123706203323563,0.010488864737692678,0.009791214085828694,0.009140692306838687,0.008533712935820826,0.007966745696709588,0.007436888046161909,0.006942150834587642,0.006480979813181535,0.006051562304533027,0.005651116723003371,0.005276268835925806,0.004924043238619529,0.004594178520949978,0.004288854318534392,0.0040071866432744435,0.003745247907927085,0.0034992933766443022,0.003266464557095283,0.0030431795406641255,0.0028351473593040835,0.0026502432153012673,0.0024844614916138936,0.0023288042679667454,0.0021757895122852255,0.0020205414308129568,0.0018692778032088175,0.001747802937926973,0.001651010054102207,0.001558442640460705,0.0014588600417500014,0.0013480964172984588,0.001231261201847071,0.0011560976829919148,0.0011031090882532481,0.0010420435943043719,0.0009758440933368648,0.0009072976382579229,0.0008241535819799278,0.0007854224530407698,0.0007445123962189265,0.0006913938246730347,0.0006545046841871535,0.0006193991597810931,0.0005617216483007262,0.0005439523135113361,0.0005105559805458094,0.0004730702573765292,0.00045431630268484476,0.0004302240920856816,0.0003989712826090307,0.00038460196170040956,0.0003672434165182757,0.00033934547745090803,0.00032775529205019836,0.00031212784844677653,0.00029919803659465957,0.00028688010163606636,0.00027683933404128234,0.0002636783738155035
36.96912707195026,2.575244386003065,2.576173460413136,2.577168411584184,2.5782338939645872,2.5793748879936227,2.5805967224101187,2.581905097985283,2.583306112748726,2.584806288774701,2.5864126005918386,2.588132505273624,2.58997397425791,2.591945526930912,2.5940562659933573,2.596315914602226,2.5987348552489227,2.6013241702913334,2.6040956839997618,2.6070620059011107,2.6102365751064567,2.6136337051774614,2.6172686289180316,2.621157542258249,2.6253176461140137,2.62976718474143,2.6345254786398664,2.6396129494688236,2.645051133704953,2.6508626808460316,2.657071330829384,2.6637018639141736,2.670780014474516,2.6783323377536696,2.6863860152180914,2.6949685789154296,2.7041075267394987,2.7138297864143253,2.724160963111096,2.735124270529647,2.7467389967830416,2.7590183000448447,2.7719660827897212,2.785572688736572,2.799809224031289,2.8146203545504096,2.8299151557110998,2.845554253903174,2.8613281187201545,2.87691599658014,2.891811814915529,2.905214234247882,2.915918760900905,2.922317556530594,2.922646229522625,2.9154988289756663,2.9003310662792483,2.8774751564814176,2.847568333470904,2.811032656187732,2.7681381432400998,2.719187983499656,2.6644342119179347,2.6040894076671974,2.5383544302671717,2.4674061503786695,2.3914255380757017,2.3105984568119062,2.225133003133685,2.135271492956153,2.0413013436058574,1.9435693655616266,1.8424936967713994,1.7385751701514178,1.6324080076947047,1.5246888891674315,1.416223700618876,1.307931100526357,1.2008417497284898,1.0960915294867188,0.9949058310329811,0.8985718938470484,0.808392915612876,0.725617101407295,0.6513333610528842,0.5863312334380886,0.5309377904592569,0.4848727125472743,0.4471898265485071,0.41636762229361485,0.39055435796888,0.36789465767308027,0.34682942433158753,0.3262902142434332,0.30576486403712677,0.28524860651761264,0.2651051936362599,0.24586528879525218,0.22800292817247725,0.2117553333510932,0.19705968736294338,0.18363763669069427,0.17117234053525443,0.15946147719205764,0.14845461591286793,0.1381786355901646,0.12863955128524782,0.11978826319685268,0.11155515406992769,0.10388912962274609,0.09675772364300605,0.09012891230588572,0.0839669402484511,0.07823833530992419,0.07291291931964289,0.06796187260188269,0.06335785936273233,0.059075366526046356,0.05509056642754672,0.051381337327786374,0.04792726181970846,0.04470958043260344,0.04171111795921855,0.03891617837933038,0.036310417070770803,0.03388069421842686,0.03161493114836887,0.02950197709794243,0.027531492617617913,0.02569385130719193,0.023980061974877346,0.02238170592222314,0.020890886409855473,0.019500189149639323,0.018202652180757152,0.01699174837399358,0.01586139150483957,0.014805953012763202,0.013820292528336997,0.012899779110110522,0.012040275200022467,0.01123806948224607,0.010489733733758546,0.00979193551283733,0.009141263781910955,0.008534147293730155,0.007967106794102684,0.007437281121521028,0.006942618355678923,0.006481469674623041,0.0060519679848519544,0.0056513591457688,0.005276311688647458,0.004923935139785875,0.00459419070913067,0.004289169651968735,0.004007650964895902,0.00374559031314237,0.003499363647041489,0.0032661857543796907,0.0030427283655245062,0.0028351835939517335,0.002650768873298765,0.0024850416550893026,0.0023289712196644967,0.0021755187366025905,0.0020197929120231556,0.001869004784106229,0.0017483776212941938,0.0016517311118929268,0.0015586366847701342,0.001458711212802974,0.0013473499814803287,0.0012308961843987885,0.0011566089543205444,0.0011035860835929636,0.0010420243519686707,0.0009759663776507283,0.000906920831406479,0.0008240140408434783,0.0007857125939984698,0.0007446516448391269,0.0006911972445612419,0.0006547542997734274,0.0006192106896063119,0.0005617874959125589,0.0005440280622178656,0.000510769015347374,0.0004729234013986829,0.00045439582884417625,0.00043008118187584134,0.0003990937701558789,0.000384523766883802,0.00036736020144198956,0.00033933041110548016,0.00032766990747020954,0.00031203440238324596,0.00029923773726439845,0.00028681656079896023,0.00027677223249032826,0.00026372508808813176
38.274944785163115,2.55815471577032,2.559086522130012,2.5600844357033368,2.561153132826443,2.5622976182348913,2.5635232476798673,2.564835752013461,2.566241262819481,2.5677463396657134,2.5693579990515265,2.5710837451208897,2.57293160220456,2.574910149245748,2.577028556149951,2.579296622080697,2.5817248156969694,2.5843243172930133,2.5871070627542108,2.5900857891801072,2.593274081942478,2.5966864228361697,2.6003382388346328,2.604245950769505,2.6084270209996387,2.6128999988011725,2.6176845617735838,2.622801550989449,2.628272996886063,2.6341221319704706,2.6403733852502778,2.647052351875055,2.654185729735739,2.6618012126511688,2.6699273271069295,2.6785931959000333,2.687828206574157,2.69766155335705,2.70812160512518,2.719235023667446,2.7310255102304377,2.743511990628381,2.7567059671912677,2.7706076982383303,2.7852008662011865,2.800445504821534,2.8162690655179365,2.8325550838808295,2.8491267666285074,2.865717581032322,2.8819135878911317,2.897051471360349,2.9100817594338215,2.9194761432891827,2.923340921398629,2.919871623643861,2.908008658215676,2.887772526460841,2.859852077074648,2.8248635651953307,2.783158521764234,2.7350778962904965,2.6809424495589127,2.6210017668673453,2.555494592434628,2.4846244015788335,2.408594950915321,2.327607641358284,2.241884534491561,2.151676990329403,2.0572798726073884,1.9590459799213567,1.8573980770523706,1.7528409964340388,1.645972795012515,1.5374941378321683,1.428215349289972,1.3190602637776032,1.2110656865801463,1.1053749319337036,1.0032225900375267,0.9059070699765693,0.8147456076735996,0.7310038636137652,0.6557923587761167,0.5899263420872144,0.5337609109944436,0.487041684736248,0.448839750754068,0.4176362947536697,0.3915658907779715,0.368746931036923,0.34758867752628075,0.32699258459037517,0.30642260948290717,0.28585848936060804,0.2656572087391184,0.24635037145723376,0.22841825544486785,0.21210601562789666,0.1973565805376791,0.18389285372518782,0.17139525740807768,0.1596573792132891,0.14862601907562037,0.13832748627119448,0.12876840724583558,0.11990001315898881,0.11165228593823132,0.10397353708923869,0.09683098675905699,0.09019248465190795,0.08402211541350778,0.07828622123956666,0.07295447856173747,0.06799794763509032,0.0633891817839299,0.059102570957078486,0.05511420319463691,0.05140188239149985,0.04794512645361049,0.044725119946057504,0.041724639043081685,0.038927945326033275,0.036320658063942975,0.03388960847072503,0.0316226911818743,0.029508732492858555,0.02753737315038761,0.02569896975823426,0.023984516245207543,0.022385581092784258,0.020894256451107856,0.01950311898558523,0.018205198220809616,0.016993962463862335,0.01586332209193801,0.014807645848778986,0.013821788514158906,0.012901109151108675,0.01204145692433212,0.011239106924571548,0.01049062087498684,0.009792667347525296,0.009141841006011078,0.008534592468479343,0.007967495806142625,0.007437714356211056,0.006943118613259357,0.006481975650961589,0.006052369590853804,0.005651589295052025,0.005276335630842988,0.004923825390925468,0.004594238360733733,0.004289521302164003,0.004008133168471851,0.003745922230418068,0.003499414416229061,0.0032658747801107223,0.003042275685649487,0.0028352622042484743,0.002651325323573351,0.0024856263798527776,0.0023291250830900488,0.0021752123456592228,0.0020190106081170276,0.001868763984868037,0.0017489888752745405,0.0016524738127856613,0.0015588243517392218,0.0014585396180146176,0.001346563144557545,0.0012305492791088834,0.0011571465534410618,0.0011040817734120146,0.0010420034143959922,0.0009760873971370223,0.0009065172653506805,0.0008238864649286696,0.00078601028315831,0.0007447995584246071,0.0006909978091949268,0.000655010755230361,0.0006190055650037565,0.0005618638697613225,0.0005441003472530075,0.000510987225434705,0.0004727738545665358,0.00045447592784871857,0.0004299286633783654,0.0003992231600380047,0.0003844389591588236,0.00036747583738154483,0.00033932047109561813,0.000327578839534633,0.00031193740134337886,0.0002992770203953995,0.0002867499869367558,0.00027670186467774826,0.00026377229374544426
39.626886387014785,2.540414637557485,2.541348663432289,2.542348989335014,2.5434203106236506,2.5445676532265917,2.545796396542234,2.5471122978489067,2.548521518308216,2.5500306506455157,2.551646748590691,2.5533773581603496,2.5552305508584365,2.5572149588655506,2.5593398122771007,2.5616149784358524,2.5640510033840522,2.5666591554324656,2.569451470806013,2.5724408012751834,2.5756408636149475,2.5790662906429915,2.582732683469176,2.5866566644280518,2.5908559299521925,2.59534930235744,2.600156779127249,2.6052995777702375,2.610800173642826,2.616682327229928,2.622971096208646,2.6296928261313313,2.6368751117133695,2.6445467184726787,2.652737451825405,2.6614779576292635,2.6707994342940715,2.680733231050852,2.691310297572158,2.7025604323223567,2.7145112430436105,2.727186672409019,2.7406048475436218,2.754774892265183,2.7696922406763798,2.7853320011208065,2.8016401151344104,2.8185222570233046,2.835829730600428,2.8533381149246795,2.8707063422171317,2.8873946676854145,2.9025265507559435,2.9147321826327994,2.9221184379426646,2.922580158555973,2.9144967899751815,2.8973869874131575,2.871829698017746,2.838643180150473,2.798330720451792,2.7512746112706665,2.697868560128768,2.6384160570229875,2.5731948727618628,2.5024443753373196,2.426392593616701,2.34526106565727,2.259287425950489,2.1687336369161865,2.0739035655968516,1.9751567507197205,1.8729211528656187,1.767706109424307,1.6601139042076394,1.5508494945990794,1.4407279091989487,1.3306784267770784,1.2217443023500998,1.1150765559679399,1.0119193023137014,0.9135825392563515,0.8213979897368953,0.7366493210584112,0.6604693970905854,0.5937001267822906,0.5367258520134677,0.48931957256987824,0.4505710093558265,0.4189649289013581,0.3926222653285904,0.36963436896116625,0.34837749622309894,0.32772148346806357,0.307105081899079,0.28649155895124384,0.266230572516625,0.2468544983698689,0.22885000774047762,0.21247051812484735,0.19766502449798692,0.1841578443587464,0.17162661372834281,0.1598606640664403,0.14880387674865436,0.13848193334917047,0.12890208872583253,0.12001592795850508,0.11175302378325143,0.10406106920309252,0.09690695443595762,0.09025839702149785,0.08407931596591867,0.07833586061879032,0.07299755597278264,0.06803533755610956,0.06342164345990887,0.059130762925904655,0.05513869630874428,0.05142317047710796,0.04796363627323234,0.04474121974244509,0.0417386469402226,0.03894013613882878,0.0363312681161137,0.03389884311138508,0.031630728920325486,0.029515728593591077,0.027543462288131496,0.02570426900321617,0.02398912732742459,0.02238959255402228,0.020897745588580867,0.01950615339937273,0.018207837389678048,0.016996261521973144,0.015865331458743373,0.014809411485723985,0.01382334940039281,0.01290249318274283,0.012042679894114257,0.011240172072639342,0.01049152482872961,0.00979340903324683,0.009142425013025942,0.008535053041895014,0.007967919008387907,0.007438190090807814,0.006943650673226889,0.0064824946605081405,0.006052764871991313,0.005651804822727238,0.00527634030701934,0.0049237188511755655,0.004594326260205881,0.004289909667917867,0.0040086315449561725,0.0037462415743044833,0.0034994425914885627,0.0032655305407476706,0.0030418266388529216,0.002835386405366601,0.0026519130046712405,0.002486212343161369,0.002329264637434937,0.002174866975629222,0.002018194954958089,0.0018685598443741775,0.0017496374039473808,0.0016532367002226917,0.0015590049141432781,0.0014583426970884701,0.0013457340685676166,0.001230223556254973,0.001157710888498423,0.0011045960638416674,0.0010419809947154253,0.0009762062370193854,0.0009060850337652788,0.0008237724888924123,0.0007863148758784529,0.0007449557171265559,0.0006907958212304207,0.0006552741027346826,0.0006187823294889007,0.0005619516961754309,0.0005441682899835128,0.0005112100530635464,0.00047262197286015436,0.000454556311736768,0.00042976612840727173,0.00039935971338550476,0.0003843471737707725,0.0003675898773111799,0.00033931639206401996,0.0003274817963466194,0.00031183681810246133,0.00029931569157087406,0.00028668013384835816,0.00027662818437649,0.0002638198844524487
41.02658105827192,2.5220097770979475,2.5229454930762087,2.523947662825745,2.525020997757908,2.5261705417892864,2.5274016945042193,2.5287202358666305,2.5301323525704245,2.531644666119385,2.533264262728183,2.5349987251355346,2.536856166418215,2.5388452658901044,2.5409753071629604,2.543256218434383,2.545698615052321,2.5483138443831086,2.5511140329795094,2.5541121360042305,2.5573219888096594,2.5607583605017643,2.5644370092194126,2.568374738731504,2.5725894557819355,2.577100227380429,2.5819273369230347,2.587092337598364,2.592618100951107,2.5985288576762886,2.604850226633679,2.6116092266171895,2.618834263500996,2.6265550829409015,2.634802675809566,2.643609120031869,2.6530073385549375,2.663030748806827,2.673712773507347,2.6850861737005953,2.697182146425259,2.710029089971041,2.723650862068658,2.738064225340843,2.7532749987120213,2.7692722839555994,2.7860201663471615,2.8034466269256937,2.8214297353401316,2.839779977630135,2.85821174725609,2.8762848476304805,2.8932872779862837,2.908054815511588,2.9188209669605016,2.9233327137109835,2.91945162720637,2.9060369223517792,2.8833239393304186,2.8522588818016374,2.8135763872138853,2.767732840038472,2.715188959273718,2.656324451173854,2.591459063947279,2.5208778641398304,2.4448359130250057,2.3635803372009363,2.277365829235079,2.186467429515417,2.0911995848921636,1.991929387881083,1.8890907543024742,1.783198137887575,1.6748584896816352,1.5647814011331798,1.4537868967030305,1.3428099769413582,1.232900669680333,1.1252180330673967,1.02101600175203,0.9216166342395973,0.8283665732073837,0.7425680819242538,0.6653771166342017,0.5976632233671154,0.5398412556017559,0.4917131002626677,0.4523886036088378,0.4203570865409891,0.39372595809354416,0.37055871637864735,0.3491971869831087,0.32847799368832387,0.30781326219110816,0.2871487450631662,0.2668261674299088,0.247378480530511,0.22929889844485865,0.212849440963393,0.1979855118025561,0.18443301391789152,0.17186675095788279,0.1600716274136679,0.14898844675183479,0.1386421999869043,0.12904078690639595,0.12013617109893497,0.11185750809889401,0.10415184701202324,0.0969857309226035,0.09032673908178543,0.08413861910771042,0.07838731996833077,0.07304220889145849,0.06807409179376278,0.06345528702432049,0.05915997925730527,0.055164077601574144,0.051445229120406444,0.047982815096352785,0.044757900554074526,0.04175315971696456,0.038952766594021235,0.03634226177194192,0.033908411601833784,0.03163905669936788,0.029522976502397224,0.027549770034695834,0.025709758110940836,0.02399390357638591,0.022393748136398377,0.020901361238586526,0.019509299541392338,0.01821057689565562,0.016998651990301726,0.015867424463442296,0.014811252418585054,0.013824975149816343,0.01290392954697141,0.012043941581263769,0.011241262744140378,0.01049244457060459,0.009794160234403056,0.009143018036618692,0.008535534973048797,0.007968382700449295,0.007438709778951125,0.006944213051148471,0.00648302282882733,0.006053151711641943,0.005652003117781064,0.005276325991282536,0.004923621615956914,0.004594458916259182,0.004290334647186361,0.004009143515095007,0.0037465461993249636,0.003499444689891258,0.003265152198562794,0.0030413872169495685,0.0028355592364343613,0.0026525323691950252,0.002486795951943086,0.0023293886041227214,0.0021744790198504125,0.002017347040770351,0.0018683970585512352,0.0017503237621885339,0.0016540177352970156,0.0015591776571256223,0.001458117669265529,0.0013448609488274355,0.0012299223847546403,0.001158302173999408,0.001105128482425991,0.0010419573448539722,0.0009763218861137477,0.0009056221220469732,0.0008236739293986611,0.0007866255878022032,0.0007451194771457106,0.0006905916737884911,0.0006555443420386182,0.0006185394302674632,0.0005620519483742407,0.0005442308806863733,0.0005114368354286048,0.0004724681741754026,0.00045463666259867766,0.00042959315568270856,0.0003995036707766192,0.0003842480126020441,0.00036770183260012004,0.0003393189265003893,0.000327378475175816,0.0003117326756360642,0.0002993535575971938,0.000286606724844143,0.0002765511704937596,0.000263867728557632
42.47571552536898,2.502926186494988,2.5038630545722325,2.5048664899000705,2.5059412168116615,2.507092293824901,2.508325137046499,2.5096455451626807,2.511059726111804,2.5125743255368733,2.5141964571177846,2.5159337348839346,2.5177943076071085,2.5197868953719116,2.521920828415782,2.524206088322046,2.5266533516366234,2.529274035960559,2.532080348545114,2.535085337381564,2.5383029447317322,2.5417480629842157,2.5454365926408764,2.549385502132452,2.5536128890228302,2.5581380419766613,2.562981502617479,2.568165126067906,2.5737121385027684,2.579647189405573,2.585996395321527,2.5927873706402544,2.60004923918305,2.6078126179568777,2.6161095612236345,2.624973448940101,2.6344387987279094,2.6445409751318243,2.6553157644397665,2.6667987777260307,2.679024636925803,2.6920258813379796,2.7058314882478864,2.7204648034049086,2.7359404958045035,2.752259893426944,2.7694038333040645,2.787322227464652,2.805920120272943,2.8250405087428976,2.8444419439005966,2.8637591939813194,2.882417631448002,2.899467193197934,2.9133628969389087,2.921882327013051,2.9225089745978923,2.9133718796172072,2.8940957839672294,2.8655665504300583,2.828796327826968,2.784390733100683,2.7328708674071622,2.6747122882477194,2.610287358082457,2.5399342652654093,2.4639414989862654,2.3825867937650207,2.296144222124411,2.2049051571240437,2.1091960912302654,2.0093927418718387,1.905935974447457,1.7993460571125828,1.6902350957628811,1.5793177022389815,1.467419227592633,1.3554806896001024,1.2445592104106111,1.1358222782392868,1.0305339520666057,0.9300288329082375,0.8356689283437725,0.7487757220882719,0.670529022978502,0.6018270190077696,0.5431163961421744,0.49422950364518237,0.45429792083059234,0.4218166026611456,0.3948796273274492,0.3715218346343902,0.35004913180738306,0.3292632507403772,0.30854817408452573,0.28783101812582584,0.2674449151160331,0.2479231671888972,0.22976567597928732,0.2132434147534853,0.1983185597002781,0.18471878681658999,0.1721160260451692,0.16029057791946486,0.14917999813902158,0.1388085192536583,0.12918470138259858,0.12026091304694964,0.1119658853678303,0.10424599668079579,0.09706742480522638,0.09039760417907201,0.08420010520374369,0.07844066850133914,0.073088496955216,0.06811426173638935,0.0634901567971548,0.05919025819606614,0.055190380182026745,0.05146808696675259,0.048002687593325905,0.044775183852781064,0.04176819603156628,0.038965852369131325,0.03635365276025297,0.033918326806345,0.03164768675062337,0.029530487607078673,0.027556306919458297,0.02571544680560151,0.023998854005273077,0.022398056238323513,0.02090511114372213,0.019512564788444136,0.018213423631588514,0.017001139250543182,0.015869604332100627,0.014813169397013205,0.013826664418017266,0.012905415848918335,0.012045239207038958,0.011242377113528238,0.01049337938724986,0.009794921150426425,0.009143623855195931,0.008536045565635227,0.0079688926583673,0.007439273877671984,0.006944803615100549,0.006483555651085344,0.006053527996228925,0.005652181424096082,0.005276293727366384,0.004923540999757572,0.0045946403769562905,0.004290795632219659,0.0040096654707156105,0.0037468338741927258,0.00349941692791828,0.003264739179703573,0.003040964236319253,0.0028357835648321317,0.002653183856843844,0.002487373444301081,0.002329495520591922,0.002174044701456792,0.0020164687422483366,0.001868280500659332,0.0017510483939222898,0.0016548142942352996,0.0015593419115891218,0.0014578614930781998,0.0013439420497366615,0.0012296494618987824,0.0011589204330781303,0.001105678110627527,0.0010419327763457546,0.0009764332428598808,0.000905126412300675,0.0008235927890688069,0.0007869414942647994,0.0007452899620492726,0.0006903858898764156,0.0006558213837149645,0.0006182752366835647,0.0005621656511586905,0.0005442869799375206,0.0005116667977926979,0.00047231293715308773,0.00045471662710086074,0.0004294093128164901,0.0003996552498365171,0.0003841410463969657,0.0003678111545372562,0.00033932883487143193,0.000327268577965975,0.0003116250609541147,0.0002993904276177661,0.0002865294546717503,0.00027647083015333,0.0002639156648015632
43.97603609302719,2.4831501937657983,2.4840876793542677,2.4850918051709594,2.4861673052287085,2.4873192491239395,2.4885530656563666,2.4898745680703853,2.4912899810194316,2.492805969358298,2.4944296688715046,2.4961687190480375,2.4980312980137294,2.5000261597318656,2.502162673579605,2.504450866401863,2.506901467134415,2.509525954073065,2.512336604844227,2.5153465491024907,2.5185698239402656,2.5220214319407166,2.5257174017342026,2.5296748508258156,2.5339120503413883,2.5384484911834164,2.543304950885388,2.5485035601864214,2.5540678679924045,2.560022902905557,2.566395228829288,2.57321299119331,2.5805059489510054,2.588305485472751,2.596644588530733,2.6055577854492555,2.6150810139488017,2.6252514022505937,2.636106924115325,2.6476858867419146,2.660026203001811,2.673164393397089,2.687134249285804,2.7019650438888023,2.7176790566627553,2.734287926735402,2.7517869722269133,2.770146280071133,2.7892975156315556,2.809116360011366,2.8294011332222,2.8498438552508567,2.8699738426421613,2.8890305062315353,2.9057348064887445,2.9180579950718744,2.923321259406483,2.918982832934664,2.9038268652089667,2.8783748860721468,2.8438664196779695,2.8011654268256416,2.7508692075302843,2.6935565537112605,2.6296749722634263,2.559619940486806,2.4837246188195956,2.4023011620225363,2.315647332102767,2.224074317156578,2.127922182578727,2.0275768142346817,1.9234872264265237,1.8161802656638817,1.7062737415682983,1.5944877319766113,1.4816532973510308,1.3687178049535704,1.256745785843264,1.1469135762379197,1.04049573074051,0.9388398366501355,0.8433237647296459,0.7552888609091307,0.6759395564684051,0.6062037154724392,0.5465612326119299,0.4968765757037823,0.4563047688938574,0.42334761230228857,0.396086131221077,0.3725257114767533,0.35093479482962076,0.33007844553830634,0.30931088572916526,0.28853939092091535,0.2680877783727241,0.24848944824126787,0.2302511257855628,0.21365310256687242,0.1986647116820217,0.18501560777526585,0.17237481244898833,0.16051783785100998,0.14937881182674495,0.13898113453701386,0.12933404051389394,0.12039033159351181,0.11207830830053599,0.10434364970227736,0.09715214918516693,0.09047108952238136,0.08426385792427243,0.07849597824468711,0.07313648219829448,0.06815590083096691,0.0635262988779896,0.05922163949094277,0.05521763846345931,0.051491773778774556,0.04802327936230599,0.044793091823032864,0.04178377505396125,0.03897940924058178,0.036365453848350555,0.033928600264880975,0.03165663008542311,0.02953827242153265,0.027563082897341495,0.025721344456444195,0.024003987347526935,0.022402524934446572,0.020909002565555935,0.01951595579111135,0.018216382997968752,0.017003726742876504,0.015871872231860387,0.014815161472826237,0.013828414887566441,0.0129069492531715,0.01204657016479018,0.01124351386256178,0.010494328911732423,0.00979569307578756,0.009144248091977362,0.008536593184299812,0.007969453559132405,0.007439881804359199,0.0069454193896063025,0.006484088341340189,0.006053891435442232,0.005652337055427705,0.005276245565221429,0.004923485407828046,0.004594874085481982,0.004291291578760426,0.004010192743782064,0.003747102307274083,0.0034993552993341026,0.0032642912594494865,0.003040565276526271,0.002836062142030477,0.0026538678469857336,0.002487940990838053,0.0023295835423266177,0.002173560229292899,0.0020155628537256464,0.0018682151036654249,0.0017518116882348843,0.001655623200473504,0.0015594970846397234,0.0014575708088480038,0.00134297578469282,0.001229408806720784,0.0011595655037435354,0.001106243543050343,0.00104190769861451,0.000976539098148001,0.0009045956898013372,0.0008235312486641491,0.0007872615258498613,0.0007454660524352804,0.0006901791669737511,0.0006561050102543777,0.0006179880635509731,0.0005622938884548933,0.000544335334717853,0.0005118990505271563,0.00047215680783718804,0.0004547958067685098,0.0004292141603723965,0.0003998146379763918,0.00038402582023315014,0.00036791721231220796,0.00033934687686345107,0.0003271518367014206,0.0003115141375195241,0.0002994261132460051,0.00028644799223926553,0.0002763872012118419,0.0002639634996877022
45.52935074866948,2.462668237954319,2.4636058167843524,2.464610069097365,2.4656857353698034,2.466837892768962,2.4680719789578176,2.4693938175531644,2.470809645343994,2.4723261413818243,2.4739504580591025,2.475690254295495,2.4775537309547175,2.4795496686159537,2.4816874678234986,2.48397719193526,2.4864296126843244,2.4890562585568285,2.491869466072385,2.494882434028546,2.49810928073587,2.501565104222316,2.50526604532132,2.509229353472751,2.513473454954674,2.5180180231200753,2.522884050028366,2.5280939186261304,2.5336714743307196,2.5396420944817444,2.5460327536134826,2.5528720818043675,2.560190412373261,2.5680198137401984,2.57639409807171,2.5853487959756176,2.594921081463353,2.6051496241091474,2.616074335524721,2.627735965437368,2.640175490670589,2.6534332313033127,2.6675476240391487,2.682553575956788,2.698480280883982,2.715348235449427,2.7331648484409654,2.751917479528663,2.771562253271883,2.7920072914660707,2.8130905842712823,2.83455336510741,2.8560015488447172,2.8768216433861498,2.895991592604254,2.911784729144142,2.9216025816479925,2.9224324501518693,2.912110157152338,2.890422660084987,2.8586294346379684,2.8179489398118154,2.769121830169866,2.7128242095075925,2.649610205667989,2.579937542007839,2.5041984701133524,2.4227432323000535,2.335899999136873,2.2440029493579896,2.147407832308995,2.046512791509545,1.9417763128116434,1.833732666718891,1.723006011402095,1.6103224110675265,1.4965190763373857,1.3825501114859817,1.269487785669244,1.1585176795639172,1.050925314078601,0.9480716584593862,0.8513510189832582,0.7621252409206973,0.6816241657494329,0.610806397972956,0.5501864680173064,0.49966271456756906,0.45841541586007994,0.42495458149772436,0.39734854907929595,0.3735724731510864,0.3518557288874364,0.3309248276165308,0.3101025117508523,0.2892749199383758,0.268755763647768,0.24907825680955928,0.23075607276884763,0.21407920176362144,0.19902453890186597,0.18532394327105312,0.17264350118537944,0.16075374385911056,0.1495851813462677,0.13916029996280246,0.12948902178272445,0.12052461229249134,0.11219493609159208,0.10444494310899484,0.09724002188375144,0.09054729638552048,0.08432996438723164,0.07855332416765447,0.07318622916070693,0.0681990646882342,0.06356376123155821,0.05925416449230008,0.05524588817567555,0.05151632042880281,0.04804461704292123,0.04481164741622865,0.0417999165292259,0.0389934537836212,0.03637767782580499,0.03393924247954822,0.0316658960237826,0.02954633970876398,0.027570106305065133,0.02572745898666508,0.02400931099434418,0.022407160961310044,0.02091304140662101,0.01951947744775379,0.018219457992456976,0.017006415546130214,0.0158742273524019,0.014817226420959825,0.013830223739218224,0.012908526888153096,0.01204793242249538,0.011244672206865161,0.010495293348255783,0.009796479140529798,0.009144898396773375,0.008537186629256708,0.007970068512388306,0.007440531958038587,0.006946056292090704,0.0064846162837564935,0.0060542393879847245,0.005652467711184211,0.005276184935638313,0.00492346407829,0.004595162804313318,0.0042918211234403755,0.0040107197666535005,0.003747349191106218,0.0034992556075410476,0.003263808777866208,0.00304019859099637,0.002836397679428212,0.0026545845995246176,0.002488494787520909,0.0023296502137144857,0.0021730220115893143,0.0020146332201511317,0.001868205736405761,0.0017526140536831582,0.001656440774475986,0.0015596426876747051,0.001457241880178542,0.0013419608549011769,0.0012292047149762661,0.0011602370406511076,0.0011068228776796214,0.0010418826787425,0.0009766380799379134,0.0009040276535134465,0.0008234916470104488,0.0007875844547192975,0.0007456463679305142,0.0006899724218395105,0.0006563948388905837,0.0006176762018788037,0.000562437814252358,0.0005443746080377032,0.000512132589336487,0.00047200042385124325,0.000454873741823951,0.0004290072565981279,0.0003999819777861328,0.00038390185900256447,0.0003680192750991451,0.0003393738015133242,0.00032702804897642707,0.0003114001529317004,0.0002994604291804296,0.00028636198350050473,0.00027630035367638835,0.00026401100920694595
47.13753134116724,2.4414668675149556,2.4424040214859617,2.4434078435136297,2.444483077465435,2.4456348047294094,2.4468684681731716,2.448189897783579,2.4496053380989355,2.4511214775514594,2.452745479843339,2.454485017484875,2.456348307627828,2.4583441503307037,2.4604819693949533,2.462771855911324,2.4652246146530876,2.467851813446635,2.470665835638504,2.4736799357596944,2.4769082984606863,2.4803661007510827,2.4840695775224244,2.4880360902567813,2.4922841987213555,2.4968337353135333,2.5017058815432973,2.506923245911123,2.512509942148585,2.518491666423161,2.5248957716515092,2.5317513364909803,2.5390892258402897,2.546942138684309,2.555344637683647,2.564333152700813,2.57394594689808,2.5842230282684135,2.595205980368777,2.606937672651935,2.6194617932095445,2.632822127464522,2.6470614913621846,2.66222022396354,2.6783341486291112,2.6954318842253704,2.713531219649438,2.732633793604248,2.7527164994714446,2.7737173221862466,2.7955139128654682,2.817895751826785,2.8405308293101705,2.862911886425112,2.8842270020842418,2.903083939598008,2.9171702851599637,2.923305610873292,2.9184599107894713,2.901353092396837,2.8728786413703267,2.834604100845717,2.78754330970996,2.732469717856413,2.6700721321945364,2.6008850555236624,2.5253731809074114,2.443931554214027,2.356926885654074,2.2647194154650476,2.1676838578364013,2.06623309036298,1.9608364819225992,1.8520367322536875,1.7404651337264956,1.626854343299987,1.5120482172386052,1.397008044198021,1.28281421595016,1.170661915109509,1.0618481666078754,0.9577477225944923,0.8597719462140799,0.7693038097158494,0.6875993837652377,0.6156491074291784,0.5540036164320007,0.5025969751411035,0.46063663574224906,0.42664234146090146,0.3986702047828982,0.37466439917731414,0.35281358206111496,0.3318037095138795,0.31092421624059813,0.29003870681678295,0.269449923734936,0.24969057161764266,0.23128138406381044,0.2145224456925597,0.19939864154766682,0.18564428305056016,0.17292250174950827,0.16099864793974347,0.14979941361995439,0.13934628092425677,0.12964987224375804,0.12066394893377383,0.11231593474295702,0.10455001972434198,0.09733116569209242,0.09062633031117806,0.08439851530676708,0.07861278431807528,0.07323780500947076,0.06824381118088287,0.0636025937528135,0.059287876236029394,0.05527516639683604,0.051541758922356753,0.04806672841108563,0.04483087449832915,0.04181664100762266,0.03900800412260766,0.03639033924825533,0.033950264420100254,0.03167549298654566,0.029554696563102088,0.02757738347639623,0.02573379620478175,0.024014830219023245,0.02241196893020848,0.02091723150904882,0.0195231322293775,0.018222649069496874,0.01700920466970572,0.015876667508997053,0.014819361404166837,0.013832088128452514,0.012910146273834943,0.012049324735425835,0.01124585192182214,0.010496274049309041,0.009797285032331496,0.009145584361374299,0.00853783417628378,0.00797073882551957,0.007441221747412582,0.006946708932625608,0.006485135406867996,0.006054568748421125,0.005652571869692151,0.005276117137317407,0.004923486683076262,0.004595508585403824,0.004292382669067074,0.00401124043300384,0.0037475721771959417,0.00349911347465865,0.003263292999028033,0.003039872996626339,0.0028367928646733593,0.002655334181904146,0.0024890311418063263,0.002329692280496771,0.0021724268486094113,0.0020136848822889584,0.0018682571125555178,0.0017534560022422216,0.001657262881706138,0.0015597783646357612,0.0014568705576613477,0.0013408964388617027,0.0012290416937813628,0.001160934512344457,0.0011074137290435627,0.00104185851778549,0.0009767285605095483,0.0009034199428862223,0.0008234764526331253,0.0007879088687154913,0.0007458292407436931,0.0006897668295739364,0.0006566902883079831,0.0006173379621205839,0.0005625986661524176,0.0005444034166986504,0.0005123662947839018,0.000471844562331498,0.0004549498861711701,0.0004287881616150737,0.0004001573466035261,0.00038376866959891195,0.0003681165062654991,0.0003394103336797463,0.0003268971234970046,0.0003112834391101021,0.0002994931938065782,0.00028627105422482265,0.0002762103891621238,0.000264057947269743
48.80251583654431,2.4195329774394247,2.4204691823068503,2.421472011394846,2.4225462090279226,2.4236968576321845,2.4249294018221197,2.4262496741913786,2.427663922923682,2.429178841346629,2.43080159955777,2.4325398782587544,2.4344019049395174,2.4363964925599966,2.4385330808815215,2.440821780603305,2.443273420460725,2.4458995974406323,2.4487127302634586,2.4517261162711272,2.454953991841521,2.4584115964218984,2.4621152402315536,2.4660823756233055,2.470331672007809,2.4748830941260564,2.479757983293547,2.4849791410221,2.4905709141379573,2.4965592801422054,2.5029719310864595,2.5098383536491484,2.517189902381978,2.5250598622315614,2.5334834953764918,2.542498066018954,2.5521428347054935,2.5624590103383613,2.5734896420301356,2.5852794224401077,2.597874356968734,2.611321227914603,2.625666751883718,2.6409563019274067,2.657232059033713,2.6745304774193275,2.692878947698964,2.712291356692658,2.732761594711054,2.7542528460380136,2.7766794844837692,2.799879583749545,2.8235800329800997,2.847354249834074,2.870542848513348,2.892051284283427,2.909968322829915,2.921271419476678,2.9223503782383755,2.91069635274582,2.8863303115639987,2.8509577129673436,2.8060184618444275,2.7524306483963166,2.6910282773428458,2.6224541365479483,2.547254725432199,2.4658830217215986,2.3787519853193357,2.286252193100605,2.18878191220497,2.0867713679961484,1.9807024383723444,1.871127532821978,1.7586860358799,1.6441178961062424,1.5282741619278593,1.4121238001757679,1.2967557942006833,1.183375291934466,1.073291342008929,0.9678929720959611,0.8686092126956191,0.7768448057055894,0.6938829081028852,0.620746915271359,0.5580250757686016,0.5056891273420501,0.4629757595982683,0.4284161246491412,0.4000546913475397,0.37580393931099404,0.3538101051965336,0.33271647260591636,0.3117772166078513,0.29083190052725477,0.2701713601058689,0.25032741892160093,0.23182797171785724,0.21498360557706317,0.19978765046010685,0.18597714147794936,0.17321224288919118,0.16125291842994083,0.15002182962560093,0.13953935478875362,0.12981682911901674,0.12080854397247541,0.11244147747563427,0.10465902848494629,0.09742570865699587,0.09070830130043864,0.08446960515979472,0.07867443996499254,0.0732912796668397,0.06829020052785542,0.06364284831826558,0.05932281949096802,0.05530551163921305,0.05156812249087293,0.04808964239176711,0.04485079801124851,0.041833970099894105,0.039023080018191304,0.0364034556671202,0.03396167952797525,0.0316854305057147,0.029563349815154457,0.027584919522904143,0.02574036008998577,0.024020548166125498,0.02241695118410335,0.020921574442197093,0.019526920260665777,0.018225954934344136,0.017012091973246293,0.015879190031683046,0.014821563646806755,0.013834005565079082,0.012911805655280587,0.012050746655711287,0.01124705364448031,0.010497274479144345,0.00979811940023316,0.00914631695423027,0.008538542462780782,0.00797146404001807,0.0074419475087170285,0.006947370686273136,0.00648564227930727,0.006054875949960751,0.005652649210928638,0.005276049819330264,0.004923562800576999,0.004595912703120546,0.00429297431099996,0.004011748579032753,0.0037477686833331473,0.003498924422831416,0.003262746570305808,0.003039597748357985,0.0028372502189047606,0.002656116351024393,0.002489546557845029,0.0023297056133707154,0.002171771997947607,0.0020127242162237126,0.0018683737515142798,0.0017543382205228017,0.0016580849709625757,0.0015599039117922457,0.001456452280912961,0.0013397823966951057,0.0012289244018454896,0.0011616572124821406,0.0011080132476050727,0.001041836326019133,0.000976808550896922,0.000902770203412405,0.0008234882374656788,0.0007882331386656302,0.0007460126888511367,0.0006895638516469961,0.0006569905513166341,0.0006169717325886386,0.0005627777758496818,0.0005444203709933852,0.0005125989252326439,0.00047169020777561174,0.00045502357343957716,0.0004285564399656625,0.0004003407368129626,0.0003836257384361318,0.0003682079728814031,0.0003394571567674878,0.0003267591343411493,0.00031116440544040445,0.0002995242253535876,0.0002861748137012559,0.00027611743747608437,0.00026410406103489603
50.526310653356795,2.3968541520612283,2.3977888679954904,2.3987901250192696,2.3998626649869577,2.4010115682059348,2.4022422776304553,2.4035606247802406,2.4049728575035956,2.406485669712145,2.408106233221653,2.4098422318408415,2.411701897857409,2.413694051077476,2.415828140581155,2.418114289362503,2.4205633420263895,2.423186915717103,2.4259974544530745,2.429008287037783,2.4322336887072082,2.4356889466570024,2.439390429564984,2.4433556611825415,2.447603398006433,2.452153710952506,2.4570280708242698,2.462249437187783,2.467842350011143,2.473833023078937,2.48024943772232,2.4871214347861974,2.494480801962784,2.5023613526436335,2.510798991285295,2.5198317589609927,2.529499851257534,2.539845598778006,2.5509133975878506,2.562749571471663,2.575402136960429,2.5889204214638197,2.603354450372856,2.618753971307907,2.6351669358165126,2.65263724055543,2.6712015688889235,2.6908852221870627,2.7116966404574705,2.733619416385234,2.7565988055405484,2.7805183454695803,2.8051645104448135,2.8301832345745623,2.8550244910923066,2.8788182428404934,2.9000606883017004,2.9161384712106857,2.923284586840443,2.9178770140057266,2.898588186817199,2.8667850198377223,2.8243967352343304,2.7726205216988444,2.712432266768408,2.6446274303709094,2.5698439053993103,2.4886120948062547,2.4013980014928955,2.3086297250093266,2.210734424552727,2.1081624455681722,2.001410300344125,1.8910417428694597,1.7777053835000858,1.6621492638575954,1.5452322333931112,1.4279314615500125,1.3113450629281582,1.1966886049142003,1.0852836011815035,0.9785339775651809,0.8778869923706725,0.7847698535413203,0.7004936909369532,0.6261160035529865,0.562264203446505,0.5089497238118595,0.4654407297463211,0.43028160252021325,0.4015058964110201,0.37699373126685654,0.354847161853178,0.33366457363583085,0.3126627874362134,0.2916557005705003,0.2709212245451259,0.2509898742729331,0.23239679493782217,0.2154634930086302,0.20019222931043773,0.18632305867297738,0.17351317343924663,0.16151694083399723,0.15025276491542383,0.13973981172101205,0.129990140488499,0.12095860887296125,0.11257174518249569,0.10477212481780021,0.09752378436291792,0.09079332399109152,0.08454333237756054,0.078738375746797,0.0733467259365889,0.06833829537549149,0.06368457885358035,0.05935904078093327,0.055336963981545216,0.05159544573488377,0.048113388990656966,0.04487144401647022,0.041851926522438423,0.03903870197870858,0.036417046953427824,0.033973504698474044,0.031695721383665554,0.02957230834145568,0.027592720292956632,0.02574715428590658,0.024026466934537274,0.022422108620082072,0.020926070085976387,0.019530840287389783,0.018229373880161368,0.01701507528352418,0.01588179257680715,0.014823830929139543,0.01383597421656959,0.012913504232353946,0.012052198639252321,0.011248279729073657,0.010498301317459437,0.009798993634673825,0.00914710731554395,0.008539315564506473,0.007972242121777509,0.007442704215920836,0.006948034207792468,0.006486133826431505,0.006055157150742477,0.005652701024242738,0.005275993278221538,0.004923701322379744,0.004596375459875311,0.004293593479455628,0.004012238421211548,0.0037479355172926193,0.003498684143415013,0.003262174001779733,0.0030393823933829956,0.0028377717502986906,0.002656930323015927,0.002490037811046092,0.0023296852570103537,0.002171055046007759,0.0020117590136556314,0.0018685599731344512,0.0017552615991586716,0.001658902118425394,0.0015600192525804454,0.0014559821193254243,0.0013386194417569432,0.0012288576028775659,0.0011624043198142013,0.0011086181325507085,0.0010418175728838521,0.0009768756224196734,0.0009020762119621163,0.0008235296656053733,0.0007885553984454935,0.0007461944035581744,0.0006893652512806526,0.0006572945791373954,0.0006165760459108854,0.0005629765629888115,0.0005444241143863198,0.0005128290985103802,0.0004715386236356381,0.00045509397998863435,0.00042831165999381206,0.00040053204512445354,0.0003834725257791394,0.0003682926648456765,0.0003395148957139226,0.0003266143810097173,0.0003110435305990481,0.0002995533262480731,0.0002860728621390758,0.00027602164973572875,0.0002641491100570994
52.31099308056261,2.373418846260005,2.3743515210921586,2.3753506132906703,2.3764208591821876,2.3775673336604193,2.3787954744682738,2.3801111082238977,2.3815204783139023,2.3830302747849403,2.3846476663728766,2.386380334817034,2.3882365116152755,2.390225017383818,2.3923553039935226,2.394637499661604,2.3970824571839935,2.3997018054984323,2.402508004771163,2.405514405200062,2.408735309723074,2.412186040811489,2.415883011510927,2.419843800866094,2.424087233824566,2.428633465654259,2.433504070820597,2.4387221361403983,2.4443123578423953,2.4503011418936786,2.456716706562155,2.4635891856317333,2.470950729914731,2.4788356036587706,2.4872802710818647,2.4963234665892786,2.506006240298587,2.5163719684625496,2.527466316331258,2.539337138645548,2.5520342988724853,2.565609378742921,2.5801152275934736,2.595605257202337,2.612132317446468,2.6297469057382443,2.6484944182833696,2.6684112099368544,2.689519357673403,2.711819852122619,2.7352826901103438,2.7598296638069986,2.7853038520573357,2.811424222343632,2.8377316932738728,2.8635120946741446,2.88759373496228,2.9078809052710315,2.9208797367743378,2.922262579831962,2.909113793898733,2.881778790052625,2.842486142483569,2.792919471826006,2.7342204154337186,2.667375082219711,2.593135208740029,2.5121294714885125,2.4248857579529597,2.3318802417422297,2.233574385103561,2.130442143735772,2.0229975454742593,1.9118176628402783,1.797561637685258,1.6809865361571446,1.5629597141267102,1.4444671081278007,1.326616524433929,1.2106345398197278,1.0978555440312987,0.9896990446683018,0.8876310755254728,0.7931020750634477,0.7074520433920631,0.6317737562522103,0.5667353947831174,0.5123901769087008,0.4680401560005003,0.4322449274603659,0.4030280307309413,0.3782366183537909,0.35592674116843137,0.33464955059374735,0.31358226332455447,0.29251136051244303,0.27170072055079053,0.2516790648851358,0.23298886207859643,0.21596296313840763,0.2006130772946712,0.18668260174939205,0.17382576354368953,0.161791118441066,0.15049257016451348,0.13994795543452948,0.13017006592303576,0.12111436443834465,0.11270692682599351,0.10488947100119346,0.09762553217083521,0.09088151785666566,0.08461979955341148,0.07880467982569847,0.07340421962495572,0.06838816090115554,0.06372784144738647,0.05939658843228327,0.05536956518517564,0.05162376473256601,0.048137999245341886,0.044892839569017816,0.04187053383728515,0.0390548900768621,0.03643113266586028,0.033985758941098634,0.03170638226279704,0.029581584947793185,0.02760079472805409,0.02575418445064898,0.02403258966380856,0.022427442497628108,0.020930718165664428,0.01953489127553669,0.018232904973468182,0.01701815324409227,0.015884473664265403,0.014826161952816748,0.013837993332542195,0.01291524253245103,0.012053682763715216,0.011249535629782105,0.010499365135484573,0.00979992084151058,0.009147965029642475,0.008540154607761648,0.007973069549042738,0.007443485066797787,0.006948692332251976,0.006486606775643859,0.006055408683034424,0.005652730610399189,0.005275960399479653,0.004923909910440665,0.0045968958814231456,0.004294236268783124,0.004012704778477139,0.0037480684504110615,0.003498388971487519,0.0032615820977930296,0.0030392365738670293,0.002838358500496133,0.0026577743559512137,0.002490501967803233,0.002329625536107122,0.0021702736348603855,0.0020107984466731835,0.0018688198898248057,0.0017562272077258476,0.0016597091128823006,0.0015601243023966667,0.0014554548493585094,0.001337409253162274,0.0012288461027556003,0.0011631750325722073,0.0011092246416628327,0.001041804099552747,0.0009769268841389519,0.0009013360577666188,0.0008236035000034982,0.0007888735699067464,0.0007463717626411316,0.0006891731017027651,0.0006576010868249442,0.0006161496342128603,0.0005631964942777936,0.0005444133669989299,0.0005130552623278806,0.0004713914068895422,0.00045516009891312517,0.0004280533889898706,0.00040073107385830287,0.00038330846027078916,0.0003683695104988974,0.0003395841059736048,0.00032646344886150014,0.00031092136261963096,0.0002995802509088097,0.0002859648043280906,0.0002759231877698885,0.00026419288405203693
54.158713780794706,2.34921625928085,2.3501463420858317,2.351142677477992,2.352209993070282,2.353353354895059,2.354578191752086,2.3558903213178835,2.3572959781431853,2.3588018436737226,2.360415078438382,2.362143356557885,2.363994902736382,2.365978531907664,2.3681036917168217,2.370380508026936,2.372819833648355,2.375433300494967,2.378233375376944,2.3812334196420912,2.384447752877209,2.3878917208756834,2.3915817680663363,2.3955355145795627,2.3997718380974997,2.4043109605919346,2.4091745399921343,2.4143857667373885,2.4199694650444963,2.4259521985407972,2.4323623796500704,2.439230381727555,2.4465886523552514,2.454471825337108,2.4629168276587086,2.471962975874554,2.481652053975205,2.49202836180751,2.5031387198401536,2.515032412999982,2.5277610539280984,2.541378343732229,2.555939702327188,2.571501720751453,2.5881213372428897,2.6058545409624583,2.6247542722447945,2.6448670909611782,2.6662282580729197,2.6888551284974422,2.7127386401851594,2.73783090438051,2.7640229188813072,2.7911043847623405,2.8187057141193406,2.846230880169383,2.8727409605755656,2.8966196396152144,2.914940490619858,2.9232567206097895,2.917227742000739,2.895502646763744,2.860040039819089,2.813165063212615,2.7563052251248092,2.6906511560995234,2.617114837478988,2.5364403469082615,2.4492336947189015,2.35603134368608,2.2573349484828245,2.153647111775859,2.045503009383104,1.9334952931248441,1.8182951568859926,1.7006698021386035,1.5814959363801568,1.4617689130758287,1.3426067822724046,1.2252477961684924,1.1110397421207527,1.001418328492818,0.897868996939481,0.801866214814402,0.7147797528940683,0.6377388656638859,0.5714541692147037,0.5160228409177272,0.4707833767736819,0.4343127829921698,0.4046256631282426,0.3795356685374368,0.357050972168503,0.3356730275104144,0.31453704082437606,0.2934001905798389,0.27251110562532777,0.2523961731527216,0.23360523317470647,0.21648291802786387,0.20105093181437683,0.18705636663469982,0.17415050636065094,0.16207587301288645,0.15074161202857342,0.14016410373105542,0.13035687694640996,0.12127604128348102,0.1128472197344732,0.10501123644622673,0.09773109742874177,0.09097300746264254,0.08469911364509035,0.0788734440521587,0.0734638396661955,0.06843986495549145,0.06377269450277412,0.05943551269453034,0.05540335872575489,0.05165311703519293,0.04816350532240784,0.044915012561682496,0.041889816132932176,0.039071663824476036,0.03644572960234089,0.03399846011257432,0.03171743146297626,0.029591196174978338,0.02760915615890266,0.025761460378161145,0.024038922918819098,0.022432956781593433,0.020935520527152522,0.019539074186715945,0.018236548785454,0.017021325887916338,0.015887233181646598,0.014828556936386326,0.013840064091907581,0.012917023347233932,0.012055204294745499,0.011250831211165572,0.010500479954188065,0.009800914066374922,0.00914889641059824,0.008541057984400522,0.00797394106061558,0.007444281322720077,0.00694933896159943,0.006487057148483121,0.006055627802054553,0.005652743772846545,0.0052759661535354855,0.004924194623231033,0.004597471503979158,0.004294896630713739,0.004013143017749868,0.0037481619789847946,0.003498036396442932,0.003260980313864125,0.003039169721192225,0.002839010233357953,0.002658645136538166,0.0024909362867617897,0.0023295201100438662,0.0021694252257065233,0.002009852925646617,0.0018691573944693352,0.0017572362432524966,0.0016605006154760157,0.0015602186660578063,0.0014548650939109837,0.0013361545506547325,0.001228894622260444,0.001163968754952801,0.0011098286169044988,0.0010417981145008518,0.000976959007116533,0.0009005483315213018,0.0008237126043850296,0.000789185461607031,0.0007465418633967203,0.0006889898014570276,0.0006579085835434592,0.0006156914507375428,0.0005634389988391599,0.0005443869752578136,0.0005132756595702061,0.00047125051659483916,0.00045522074467516967,0.0004277811874027052,0.0004009375375498184,0.0003831329369868892,0.00036843737651566044,0.00033966526972226124,0.00032630726311107456,0.00031079853415285047,0.00029960466198212794,0.00028585026722398815,0.0002758222093013058,0.0002642352153532814
56.07169938205458,2.324236086184059,2.3251630366438896,2.326156034624603,2.3272197958607066,2.3283593740851014,2.329580185416012,2.3308880345198544,2.332289142679976,2.3337901779103336,2.3353982872627888,2.33712113148671,2.3389669222099356,2.340944461820777,2.3430631862414284,2.3453332107937053,2.3477653793681394,2.350371317116695,2.3531634868971674,2.356155249702961,2.3593609293144566,2.362795881406346,2.3664765673376698,2.370420632835937,2.3746469917614337,2.3791759151000003,2.384029125278981,2.3892298958277602,2.3948031563061654,2.400775602293036,2.407175810050506,2.414034355233515,2.4213839346565806,2.4292594895861725,2.437698328172594,2.446740243278836,2.456427619846194,2.466805522773693,2.4779217519035677,2.489826845281144,2.5025740062557014,2.5162189258199272,2.530819470242155,2.5464352034382722,2.56312670182104,2.580954568800733,2.599977929199353,2.620251973616919,2.6418239323929193,2.6647269316114572,2.6889716262075063,2.7145355066922088,2.7413471818550383,2.7692570325114314,2.7979839262408372,2.827041915476434,2.8556543726653256,2.882562115021625,2.905486069863273,2.9204169034061485,2.9221689125111245,2.907344337597055,2.876725320674781,2.8331448282126575,2.778564333879696,2.7143902284051307,2.6417570857470243,2.561542692717509,2.4744571506257524,2.381109174555215,2.282048986955458,2.177814743577271,2.0689669381339226,1.9561164291077107,1.839948318969146,1.7212412906867844,1.60088241284793,1.4798772427766593,1.359354667261453,1.240565239283708,1.1248708628110782,1.0137239695306048,0.9086301798261134,0.8110887704602581,0.7225002049891734,0.6440314501065403,0.5764372716850406,0.5198610957855527,0.4736805310899708,0.4364924440100109,0.40630376328923773,0.380894198523659,0.35822213722297447,0.3367367199151702,0.3155285812734091,0.2943235588665473,0.27335369507924384,0.2531424407689591,0.23424702370626618,0.2170243093879556,0.20150657059401125,0.18744498057232428,0.17448791985733922,0.16237164594338532,0.15100027437477084,0.14038858896097456,0.1305508574366199,0.12144388053196162,0.11299282989571646,0.10513759793689728,0.0978406317346695,0.09106792277406564,0.08478138616035512,0.07894476414310336,0.07352566827025411,0.06849347822320222,0.06381919887011331,0.059475865911543746,0.05543838975748016,0.05168354158895679,0.04818994075435271,0.04493799178704816,0.041909798086432776,0.03908904368431859,0.03646085251126865,0.03401162236677413,0.031728885041107935,0.029601159353183023,0.027617821159609413,0.025768996408852825,0.024045478125929873,0.022438660072108135,0.020940483396835113,0.019543393581090963,0.01824030822734564,0.017024595536644378,0.015890073433932728,0.014831018863807258,0.01384219101757006,0.01291885334762641,0.012056773448550048,0.011252180908292518,0.010501661314119455,0.009801984123559072,0.009149903553095117,0.008542021783360476,0.007974849107565804,0.007445082911280942,0.006949969339070377,0.006487480185990759,0.006055813639298878,0.005652749519756445,0.0052760266513080245,0.00492455972851776,0.004598098531717805,0.004295565847240943,0.004013548840204844,0.0037482094385728336,0.0034976253347074712,0.0032603810149784843,0.0030391906020160986,0.002839725528744259,0.0026595371140188027,0.0024913379901170215,0.002329361933284658,0.0021685071167156416,0.0020089339596845676,0.0018695762127064679,0.0017582900126873883,0.0016612713933733913,0.0015603011870589255,0.0014542075802577556,0.0013348591925735672,0.0012290075967241302,0.001164785251717619,0.0011104255379657912,0.0010418022201256236,0.0009769682518911693,0.0008997122473655352,0.0008238598920156226,0.0007894889397898176,0.0007467015494150876,0.0006888181166122933,0.0006582154079421829,0.0006152006508840779,0.0005637053571236313,0.0005443439552983759,0.0005134882985712618,0.0004711182906397832,0.0004552746056243994,0.0004274946137785346,0.00040115106389321844,0.0003829453214431656,0.00036849505146829066,0.00033975879144664575,0.0003261471310745768,0.0003106757885198836,0.0002996260909887159,0.00028572891037518026,0.00027571884771073623,0.0002642759862791794
58.05225516094899,2.298468531565297,2.2993918134753115,2.3003808984991543,2.3014404874774748,2.3025756185723294,2.303791691666557,2.305094494550103,2.306490231025875,2.3079855510773886,2.3095875832507913,2.3113039694147033,2.313142902072759,2.315113164415652,2.317224173311774,2.3194860254481147,2.3219095468455864,2.3245063459851667,2.327288870792613,2.3302704697393963,2.3334654573249627,2.3368891842092525,2.340558112262867,2.3444898947932713,2.3487034621861373,2.3532191131679805,2.358058611845581,2.3632452906046897,2.3688041588504043,2.374762017439406,2.3811475784852845,2.3879915900068,2.395326964625338,2.4031889111791913,2.411615067654048,2.420645633111964,2.4303234951010526,2.440694346941903,2.4518067857221912,2.4637123761169852,2.4764656569210106,2.4901240571303034,2.5047476792316945,2.520398903647476,2.537141772788083,2.5550411159640385,2.5741613384148923,2.5945646473413078,2.616308176921602,2.639439129437266,2.6639870897131006,2.6899533969334866,2.7172976520274177,2.745917542491677,2.775609502281676,2.8059979086422295,2.8364437274263863,2.865926656108924,2.892711342267562,2.913551302466794,2.9232201977147394,2.916505103277853,2.8920648204832147,2.8525855894640073,2.800826539802874,2.7385024403511724,2.6670191230921394,2.5874256804543214,2.5005668647323147,2.4071373211397713,2.3077487698841286,2.202983130828163,2.0934309748770756,1.9797246754708695,1.8625655859266443,1.7427454927946628,1.621162997676713,1.4988347958230561,1.3769013470572946,1.256626068571958,1.1393857958785165,1.0266502558001758,0.9199460806869567,0.8207981198392279,0.7306385033973392,0.6506731735440213,0.5817027903504494,0.5239194357541073,0.4767426447537415,0.4387918433659024,0.4080677492665834,0.38231580498332984,0.3594426847007355,0.337842443760954,0.3165584164288814,0.29528289268954894,0.2742298662729761,0.25391917196500413,0.23491540912251718,0.2175881407161272,0.20198081347685515,0.18784910467888996,0.1748385481195826,0.1626788999069241,0.15126895952187322,0.14062175877757932,0.13075230427030543,0.12161813458148088,0.11314397243294526,0.10526873997256662,0.09795429332086146,0.09116639945170132,0.08486673334894367,0.07901873987285961,0.07358979109724176,0.06854907435572902,0.06386741791240126,0.059517702644985154,0.055474705134990136,0.05171507874911846,0.04821734061325084,0.04496180727464275,0.041930505514085094,0.03910705279897465,0.0364765183810145,0.03402525745497111,0.03174075432216746,0.029611488416484737,0.027626805853191317,0.025776809132335845,0.024052270773311547,0.022444565914128526,0.020945618413342266,0.01954785878834928,0.018244190247788866,0.017027968569658086,0.01589300098802454,0.014833555308414674,0.013844383566301154,0.01292074458011077,0.012058405776295189,0.011253601835915318,0.010502923240249509,0.009803137631940205,0.00915098450754091,0.008543039812042855,0.007975783498157023,0.007445879912703628,0.006950579379646534,0.006487870942856557,0.006055968132197226,0.005652760934472521,0.005276157837108206,0.0049250075550185965,0.004598772383905452,0.0042962327714035665,0.00401391810935822,0.0037482033926611786,0.003497156063946703,0.0032597995331719717,0.0030393067837457682,0.0028405023116896046,0.0026604420859294335,0.0024917040297079635,0.0023291432148359057,0.002167516801734035,0.002008054151614916,0.0018700801021772082,0.0017593899813140065,0.0016620165757573137,0.0015603694909200956,0.0014534775272824264,0.001333528349151154,0.0012291889813231057,0.0011656246784851052,0.0011110105877234135,0.0010418194955560752,0.0009769504677239302,0.0008988276542334751,0.0008240481794889742,0.0007897821199447411,0.0007468474019859281,0.0006886612672650255,0.0006585197202576681,0.0006146765524206464,0.0005639966071642407,0.000544283499312827,0.0005136909377852268,0.0004709974757326458,0.0004553203492341264,0.00042719325561119803,0.0004013711876525229,0.00038274496236132645,0.0003685412277969317,0.000339864980563998,0.0003259847711188962,0.0003105539977575541,0.00029964391987323584,0.0002856004139218847,0.00027561318584249983,0.00026431513423838245
60.10276782070382,2.2719047200100935,2.2728237859963447,2.2738083711079153,2.2748631583668018,2.27599316721031,2.277203777881749,2.278500757616327,2.279890288756885,2.281378998944251,2.2829739935378157,2.2846828904334475,2.286513857458105,2.288475652533427,2.2905776668141318,2.2928299710212547,2.2952433652047857,2.2978294321851767,2.30060059493794,2.303570178199854,2.306752474588394,2.3101628155369727,2.3138176473560086,2.3177346127317606,2.321932637968527,2.326432026261328,2.3312545572505035,2.3364235930499775,2.341964190849061,2.34790322205391,2.3542694977492724,2.361093900015368,2.3684095183244223,2.3762517898684012,2.384658642240838,2.3936706364101714,2.403331107332553,2.4136862986835927,2.424785486599904,2.4366810841343107,2.449428711949046,2.4630872100028887,2.4777185490122218,2.49338758195372,2.5101615631248793,2.528109367042975,2.547300361560212,2.5678028828516752,2.5896821035548174,2.6129966487489678,2.6377927260684455,2.6640944870075165,2.6918904895244333,2.721116608994476,2.751629701073415,2.7831539310977953,2.815187182190049,2.8468883078533365,2.8768949831909234,2.902743579825076,2.919870532300983,2.9220692804388033,2.905368309417407,2.8711240650771876,2.822859467543042,2.7628632920380163,2.6928355106288926,2.6140672876025106,2.5275664651461542,2.434135828605387,2.334465686250688,2.2291908086472123,2.118937933490694,2.004365314159021,1.886193464979357,1.7652292063194697,1.6423840184929988,1.5186867829834927,1.3952904546091889,1.2734719704407467,1.1546238100615114,1.0402337930930803,0.9318503266489804,0.8310246526372468,0.7392215966129406,0.6576873646129695,0.5872702813559414,0.5282135734522976,0.4799817256256543,0.4412196393071409,0.40992353504649853,0.3838044000335998,0.36071524490508716,0.3389921281392617,0.3176281561070455,0.296279682413466,0.27514106121793036,0.2547277352275707,0.23561162856203824,0.21817547007343593,0.20247452503613805,0.1882694357738647,0.1752029622142048,0.16299812039133585,0.15154808902182615,0.1408639773651661,0.13096152835490132,0.12179906765520077,0.11330087230178353,0.10540485530318591,0.09807224750436386,0.09126857908257645,0.08495527644361969,0.07909547527003682,0.07365629743768695,0.06860673005985812,0.06391741754087017,0.059561079684686234,0.05551235359476236,0.051747770495175226,0.04824574142346276,0.04498649057938827,0.041951965842664134,0.03912571658847524,0.03649275010520469,0.03403937992569388,0.03175304811284183,0.029622191922396124,0.027636121686763427,0.02578491295803702,0.024059316942519407,0.022450690594720542,0.0209509413052989,0.019552483994947023,0.018248207690329914,0.017031457303354192,0.015896028377511674,0.014836179747942997,0.01384665675810645,0.012922714187929321,0.012060119755891642,0.01125511002813713,0.010504275231169683,0.009804375878625236,0.009152134011422987,0.008544102982820625,0.007976731954710518,0.007446664173805316,0.006951164483060603,0.006488225482697109,0.006056096775764097,0.005652795786449715,0.005276373992537788,0.00492553817764868,0.004599488094587713,0.004296885017839538,0.00401424676444199,0.00374813603584943,0.003496630132629199,0.003259253845303649,0.003039524254982089,0.002841338485261926,0.0026613493499041993,0.002492031079071325,0.0023288555207073213,0.002166452535390839,0.0020072273124283426,0.0018706731490715125,0.0017605378202163046,0.001662731851418853,0.001560419736049006,0.0014526709991856956,0.0013321687431736128,0.0012294421889274137,0.0011664874890375209,0.0011115786979696354,0.0010418535655376197,0.0009769010971416704,0.0008978949847109067,0.0008242799622624781,0.0007900634928092185,0.0007469756957045412,0.0006885230616717911,0.0006588194100860406,0.0006141186101103548,0.0005643135043797399,0.0005442049191373895,0.0005138810878276236,0.0004708912685103661,0.00045535676462257833,0.0004268767860322541,0.00040159735146565986,0.00038253121802770356,0.0003685745034507418,0.00033998401688295395,0.0003258223284425818,0.0003104341498319177,0.0002996573847231568,0.0002854644411776321,0.00027550522779039055,0.0002643526542831761
62.22570836730228,2.2445371268213323,2.245451414300783,2.2464308960477215,2.2474802342513045,2.2486044263832965,2.249808829562636,2.2510991867219525,2.2524816547125273,2.253962834494685,2.255549803571842,2.257250150838433,2.259072014024773,2.2610241199355174,2.263115827692785,2.2653571752102257,2.267758929140169,2.270332638552514,2.273090692620949,2.276046382609247,2.2792139684673747,2.2826087503634485,2.2862471454924047,2.2901467705143874,2.2943265299835227,2.2988067111282113,2.3036090853332127,2.308757016645465,2.31427557757075,2.320191672334265,2.3265341676274978,2.3333340306349286,2.3406244738024697,2.3484411053535026,2.356822083968242,2.365808275334633,2.3754434075083455,2.385774221266943,2.396850610942469,2.408725750349854,2.4214561965377146,2.4351019591620178,2.449726511926781,2.465396701046663,2.482182473911543,2.500156319294501,2.51939230311927,2.539964623535215,2.561945656877842,2.5854033387142765,2.610397142991237,2.636970964364517,2.6651409799501273,2.6948783652741994,2.726087564465918,2.758571167962486,2.7919556222279294,2.8255693038694063,2.858301033579521,2.888282133223682,2.911942603423893,2.9231727810215418,2.9157014789551017,2.8882408280470435,2.8443591682328093,2.787296132071782,2.719113205746748,2.6414293802083266,2.5554495917942086,2.4621203768514768,2.36222954139168,2.2564760993005737,2.1455314015827285,2.030085125047861,1.910880445857828,1.7887415316059936,1.6645943370395124,1.539481091778091,1.4145682710570358,1.291147247329146,1.1706267488882744,1.0545136601525669,0.9443788623126488,0.8418009287593825,0.7482784301559183,0.6650991489672002,0.593160891568387,0.5327605654471141,0.4834108595098766,0.4437852856778646,0.411877579862996,0.38536424567094296,0.36204265349338344,0.3401878279239067,0.31873949420003095,0.2973154875369251,0.27608878727886516,0.25556956521184815,0.2363369870703416,0.218787414675801,0.2029886187151003,0.1887067077529209,0.17558176155497618,0.16332981653483986,0.1518381041197945,0.14111562673298148,0.13117885571445356,0.12198695612206363,0.11346376495825129,0.10554614551968143,0.09819466704744696,0.09137460939434344,0.08504714195539295,0.07917507881670605,0.07372528037302682,0.06866652519944318,0.06396926633140025,0.05960605603712888,0.05555138599831074,0.05178166069269,0.04827518094257214,0.045012074632416216,0.04197420780934794,0.03914506015184795,0.036509574177599,0.03405401132876737,0.03176577895513965,0.02963327613003757,0.027645774193816974,0.02579331615668185,0.02406662846102537,0.022457048669010035,0.020956468038328804,0.019557286035285858,0.018252378511639383,0.017035079540284076,0.015899173524129447,0.014838910524465745,0.0138490293761978,0.01292478109238254,0.012061931946226456,0.011256716364035054,0.010505720463841723,0.009805694747431572,0.009153343647851293,0.008545198795594077,0.00797768185769554,0.007447429718441836,0.0069517189640873455,0.0064885423465303425,0.006056209389209226,0.005652876099190208,0.005276686383040125,0.004926148959851397,0.004600239705977648,0.004297510646027804,0.004014530558437961,0.003747999505594233,0.0034960508216100358,0.0032587637951689745,0.0030398474883978357,0.0028422321950586763,0.0026622464843258967,0.0024923158507112247,0.0023284900026845743,0.0021653138768123986,0.002006468466690847,0.0018713598881683838,0.0017617353038869492,0.0016634135563957815,0.001560446694545162,0.0014517848786185338,0.0013307888779099865,0.001229770203846194,0.001167374356278349,0.0011121245825646052,0.001041908478457705,0.0009768152760053705,0.0008969152617915225,0.0008245572049666948,0.0007903319215033106,0.0007470823590763226,0.0006884080527644656,0.000659111958611595,0.0006135264277669398,0.0005646565165674161,0.0005441075478535817,0.0005140560219845147,0.0004708033095808517,0.00045538290316677693,0.00042654501441403503,0.0004018289224276949,0.00038230350197888485,0.0003685934154101095,0.00034011590924587054,0.00032566237339996904,0.000310317299076594,0.00029966558547311824,0.00028532060081058286,0.0002753948801720488,0.0002643885932919763
64.4236350872137,2.2163595558826894,2.2172685006903556,2.2182422733429292,2.219285512040555,2.220403188883539,2.221600634190615,2.222883562624481,2.224258101262969,2.2257308197650367,2.2273087627924846,2.228999484860805,2.230811087805987,2.232752261068421,2.23483232501021,2.2370612774983116,2.2394498440028094,2.242009531477256,2.2447526863062808,2.24769255662431,2.250843359328061,2.2542203521240913,2.257839910970646,2.2617196132897113,2.2658783273397587,2.2703363081508465,2.2751153004297464,2.2802386488405446,2.2857314160508286,2.291620508896778,2.2979348129485064,2.3047053356277027,2.311965357809117,2.319750593477558,2.3280993564515007,2.337052732359298,2.3466547529247688,2.356952568219238,2.367996611034874,2.3798407462545064,2.3925423973755517,2.406162642014579,2.4207662664607605,2.436421761208425,2.453201216397309,2.471180030472416,2.4904362831122895,2.511049582079425,2.5330992359408198,2.556661729791703,2.581807440955421,2.608595801153637,2.637066608374375,2.6672246509044597,2.6990175976358155,2.7323082164388026,2.766826296830496,2.802065030427433,2.8371258694681196,2.870525859387905,2.8996091933126906,2.919226222530902,2.9219636457890554,2.903164450211522,2.864925833521787,2.811551912364098,2.745723868834581,2.6694499212051594,2.584197440198851,2.4911007590627485,2.391067053003166,2.2848762646588248,2.1732554416013983,2.0569323451136197,1.936677054446056,1.8133339381648588,1.6878453972860976,1.5612683828084282,1.4347839360772945,1.3096989671055213,1.1874392306229475,1.0695315590537995,0.957570135396547,0.853161870945899,0.7578401290723166,0.6729356122395026,0.5993974877490694,0.5375789493242222,0.48704430905375,0.4464991166583666,0.41393694922382224,0.3869999881345485,0.36342798010238025,0.3414317328923725,0.319894211390536,0.29839194128835284,0.277074619011935,0.2564461672991501,0.23709285817569545,0.2194251563801884,0.20352406135952916,0.18916169397801139,0.1759755765296076,0.16367452172968439,0.15213946674217121,0.14137710745995835,0.13140462813027984,0.12218208901518124,0.11363289673204403,0.10569282144637063,0.09832173238392534,0.09148464458152995,0.08514246196137225,0.07925766365964285,0.07379683692764642,0.06872854298281879,0.06402303575672226,0.05965269306848658,0.05559185540003274,0.05181679510678038,0.04830569822149977,0.04503859332591712,0.04199726067974051,0.039165106952769445,0.03652701354520811,0.03406917748436448,0.03177896758443971,0.029644751903672967,0.027655767157743528,0.025802020884143052,0.024074209719851483,0.02246364819509746,0.020962209802926436,0.019562279337968468,0.018256720072791624,0.017038853640415224,0.015902455158884027,0.014841766245814523,0.013851519127799606,0.012926960397671255,0.012063852168235242,0.01125842410501696,0.0105072555333111,0.009807085294988952,0.009154601146084334,0.008546312221868108,0.00797862237325637,0.007448171402142447,0.006952237068318537,0.006488823964939637,0.006056321293234066,0.00565302606775109,0.005277102433652586,0.004926834380727315,0.004601018402022284,0.004298099407512508,0.004014764301539128,0.003747786395186677,0.003495424437328785,0.0032583500987000504,0.0030402799414947375,0.0028431815851272494,0.0026631204492079093,0.0024925554135352495,0.0023280375183611186,0.002164102161678672,0.002005793531100315,0.0018721448992329091,0.001762983962346264,0.001664058675862533,0.001560444049402508,0.001450816203684481,0.0013293991293775508,0.0012301757419580519,0.0011682862537381912,0.0011126428412062113,0.0010419882337620453,0.0009766880932670777,0.0008958902388248694,0.0008248812491713564,0.0007905865286310911,0.0007471629856829772,0.0006883216467514315,0.0006593944073699198,0.0006128998050958142,0.0005650257862573365,0.0005439906756039495,0.0005142127741113795,0.0004707375469494241,0.0004553981601843291,0.0004261978886457287,0.0004020651957332922,0.0003820613495881592,0.0003685964986904443,0.0003402604589539406,0.0003255078706819922,0.0003102045037495081,0.0002996674894930283,0.0002851684500997825,0.000275281957875766,0.00026442303293920053
66.69919663030122,2.1873668118972653,2.1882698596959718,2.1892373280687463,2.190273828089069,2.1913843030868763,2.1925740528959174,2.1938487599111642,2.195214517096252,2.1966778580921646,2.198245789590569,2.199925826148281,2.201726027633477,2.203655039509402,2.205722136177515,2.207937267619284,2.2103111095940977,2.212855117669973,2.2155815853837537,2.218503706848064,2.221635644143144,2.2249925998523254,2.228590895119857,2.2324480536281643,2.236582891907736,2.2410156164054933,2.2457679277457268,2.250863132620166,2.256326263739077,2.2621842082614347,2.268465845095441,2.275202191413373,2.282426558640866,2.290174718028241,2.2984850756312096,2.3073988560210714,2.31696029316318,2.3272168254663947,2.338219289864898,2.3500221069736327,2.3626834462875186,2.376265358073637,2.390833858321538,2.4064589549489863,2.423214602919584,2.4411785598023235,2.4604320605912973,2.481059130509906,2.5031452480565366,2.5267750785610423,2.552029213555064,2.578979984283981,2.6076855576747526,2.6381792294006616,2.670449799442355,2.704413257355524,2.7398769330589365,2.7764717322544055,2.813508144421579,2.849783444198478,2.883273911203958,2.910082548955271,2.923111720966277,2.914808587658324,2.8839944591874245,2.8352937988546585,2.7724867719118755,2.6980346982938253,2.613775663117779,2.5210775938483665,2.420999971068365,2.3144269171570557,2.2021544909239807,2.084956719591314,1.963635984191141,1.8390604407197904,1.7121913727701368,1.5841021682371859,1.4559896069926341,1.3291771803980452,1.2051088118861701,1.0853320067432095,0.9714653176694753,0.865144964164618,0.7679401858525916,0.6812259864616863,0.6060048145999504,0.542688877411313,0.4908976326382244,0.44937245356783045,0.4161093939265554,0.3887167023429003,0.3648745546346733,0.34272617717190945,0.321094179139276,0.2995107513322084,0.27810020379064293,0.25735912395152605,0.23788068929865921,0.22008994560131312,0.20408187623692114,0.1896352113840756,0.1763850714990232,0.16403279524590492,0.1524526614363656,0.14164883907454778,0.13163920349152403,0.12238476909665794,0.11380852509971695,0.10584510336480227,0.09845363192420353,0.09159884576360004,0.08524137433331863,0.07934334784874646,0.07387106825963313,0.06879287020329335,0.06407880039271306,0.05970105479326927,0.05563381691523892,0.05185322118668947,0.048337334048495176,0.04506608154995906,0.04202115424436499,0.03918588149414319,0.036545085058641555,0.03408489994586386,0.031792639370871754,0.029656639275528147,0.027666110275612058,0.02581102882396883,0.02408205940747109,0.02247048898796633,0.020968169475062744,0.01956747012750357,0.01826124101779722,0.01704279064737684,0.01590588545179421,0.014844758892371966,0.013854136299543324,0.012929258353251016,0.012065881246070076,0.011260228668015935,0.010508870995152787,0.009808534297895676,0.009155890345181553,0.008547428390044146,0.007979545390500492,0.0074488832285613095,0.006952715346174651,0.006489078011507633,0.006056454662296044,0.005653268683176154,0.005277625477453709,0.004927586615457741,0.004601810568903023,0.004298642936730033,0.0040149407785236456,0.0037474908421700126,0.0034947620394104426,0.003258033552653124,0.0030408244172525356,0.002844184398029033,0.002663958580982322,0.002492746845242506,0.002327488536869445,0.002162821132998282,0.002005218799152683,0.0018730318200948816,0.0017642845380684885,0.0016646648260428307,0.001560404616683603,0.0014497611182795324,0.001328011583854339,0.0012306612743569305,0.0011692246518682616,0.0011131282338898575,0.00104209601812042,0.0009765149850658391,0.0008948226143479768,0.0008252528399531813,0.000790826574337508,0.000747212887398425,0.0006882700460117023,0.0006596635932660251,0.000612238808457413,0.0005654210346450006,0.0005438535839259472,0.0005143481054598552,0.0004706979490062074,0.0004554022553506706,0.0004258354641440336,0.00040230532795033295,0.0003818044946149106,0.0003685823473789278,0.000340417222646546,0.00032536210696275137,0.0003100967887282464,0.0002996619423984844,0.00028500755066249,0.00027516621922866953,0.0002644560731470469
69.05513520162327,2.1575547590840323,2.1584513557582152,2.1594119255841955,2.1604410495147115,2.1615436388744906,2.162724959513598,2.163990657770661,2.165346788387058,2.166799844524747,2.1683567900529552,2.1700250942825443,2.17181276934159,2.1737284104016323,2.1757812389812097,2.1779811495717762,2.180338759850895,2.1828654647687307,2.1855734948162495,2.1884759788070305,2.1915870115289535,2.1949217266468297,2.198496375261651,2.202328410555617,2.206436578973223,2.210841018405699,2.2155633638569037,2.220626861070851,2.22605648859172,2.231879088704032,2.238123507662073,2.244820745563545,2.252004116154212,2.2597094167688185,2.2679751085120037,2.2768425066307802,2.2863559807425875,2.2965631639754274,2.3075151688176816,2.3192668050829393,2.3318767913757728,2.3454079457069246,2.3599273345038494,2.3755063550771554,2.39222072860914,2.410150389302534,2.4293792569496255,2.449994837691088,2.4720874648927573,2.4957487863794348,2.521069011685072,2.5481327246079086,2.5770134885371725,2.607766538025841,2.6404154199794365,2.67492672597856,2.711173828842957,2.748889845060102,2.7875694388315577,2.8262724867300686,2.8633826875043136,2.89603450329747,2.9184672759325427,2.9218520417287084,2.900709870022772,2.8580777688161225,2.7991409509270366,2.727049942391453,2.6441274642148387,2.5520377671098893,2.452043633133689,2.3451615195023447,2.2322729988761565,2.114209260641831,1.9918120234719074,1.8659776989599677,1.7376893842068664,1.6080389893478615,1.4782405582883327,1.3496351657530177,1.2236861459185797,1.101962582416911,0.9861085144763384,0.8777904343223073,0.7786146327879675,0.6900018304527725,0.6130096848321367,0.5481122553378445,0.4949878324985793,0.4524177222800474,0.4184034373620224,0.39051995269289286,0.36638599083701806,0.34407365728425504,0.322341370661053,0.300673700937728,0.27916726822613275,0.25831009855281906,0.23870200871174108,0.22078310355204855,0.2046631451303502,0.19012812451674643,0.17681094646921972,0.16440522497192883,0.15277819723497707,0.14193126113971352,0.1318829567276971,0.1225953140358139,0.11399091939418016,0.1060032214807966,0.09859056264432631,0.09171738139190715,0.08534402297184993,0.07943225459759222,0.07394807990404086,0.06885959740423826,0.06413663795786682,0.059751208036494974,0.05567732773282261,0.051890988081117334,0.048370131220597204,0.045094575872667096,0.04204591994964648,0.03920741255581553,0.03656380760840233,0.034101192180529594,0.03180681451837218,0.02966896341796816,0.027676823651475724,0.025820349459634146,0.024090177761076526,0.02247756654481622,0.020974342234572833,0.0195728543928257,0.01826593782741647,0.01704688928249392,0.01590946455096999,0.014847888630425691,0.013856879456048037,0.012931670511664634,0.012068011412598941,0.011262118565816437,0.010510552028990722,0.009810024879663768,0.009157193683832133,0.008548535416063995,0.007980444484666144,0.007449558787621917,0.006953155118263989,0.006489319048472753,0.006056638491060198,0.005653622517623699,0.0052782545490476325,0.004928396526549609,0.004602597825613937,0.004299134209630454,0.004015050165369189,0.0037471099540739303,0.0034940808943920345,0.003257834479465709,0.0030414824707165502,0.002845237678172223,0.0026647493651428397,0.0024928859014473393,0.002326833292925719,0.002161477969469538,0.0020047606358370314,0.0018740222119302931,0.0017656362857389177,0.0016652302073603502,0.0015603202930835568,0.0014486141987978176,0.0013266396005066005,0.0012312289446735323,0.001170191606178896,0.0011135761115109455,0.0010422334902695746,0.0009762921916118389,0.0008937162290330118,0.0008256721554908621,0.0007910514376459743,0.000747227132971996,0.0006882599112173159,0.0006599166070030104,0.0006115438647039643,0.0005658415019433954,0.0005436956407834936,0.0005144584539375162,0.0004706881655776687,0.00045539515290624695,0.0004254579494344392,0.00040254819387908864,0.0003815329217313112,0.0003685496451991727,0.00034058546691500863,0.0003252285748747708,0.0003099951454282101,0.00029964770412743637,0.00028483752431608645,0.0002750474133504725,0.0002644878333439083
71.49428986597577,2.1269209336537935,2.1278105097473112,2.1287635706019503,2.129784664071692,2.1308786662764834,2.1320508056438365,2.133306688758241,2.1346523281602923,2.1360941722491904,2.1376391374550914,2.1392946428616937,2.1410686474745617,2.1429696903470608,2.145006933793601,2.147190209939092,2.1495300708743734,2.1520378427098246,2.15472568384353,2.157606647786252,2.1606947509130356,2.1640050455403563,2.1675536987580926,2.171358077476623,2.1754368401801876,2.179810035906748,2.1844992109996855,2.189527524194381,2.1949198706082385,2.20070301518967,2.2069057361421898,2.2135589787657537,2.220696020042103,2.228352644132786,2.2365673287666437,2.2453814422910097,2.2548394509804943,2.2649891360546963,2.275881819678472,2.2875725987078805,2.30012058339364,2.3135891344313007,2.3280460841812625,2.34356391604641,2.360219862669709,2.3780958770965923,2.397278442287604,2.4178582107406332,2.43992946079999,2.4635892183774755,2.48893556396564,2.5160643522513144,2.5450638800268206,2.5760078948356546,2.6089464301445555,2.643888886674053,2.68077119698369,2.719409425649577,2.7594362771913663,2.800156151389944,2.840286493780382,2.877623821675475,2.907935488165691,2.9230336482650063,2.913817452621997,2.87928703519232,2.8253182011960596,2.7563091661910017,2.6751618383588496,2.583950454132447,2.4842053497311274,2.377109897508775,2.2636542735293936,2.144741532364444,2.021261662984137,1.894144860804984,1.7643995794074785,1.6331386704624964,1.501595342670598,1.3711296048507378,1.243225217152534,1.1194741674663353,1.001546945590177,0.891141436935342,0.7899022287308621,0.6992972021996199,0.6204411705309089,0.5538729152993369,0.49933351315692576,0.45564856608493887,0.4208284584894569,0.3924158594978389,0.36796621972173943,0.3454768577901362,0.3236378751105117,0.30188265666522046,0.28027761976183524,0.2593008357863693,0.23955842960514287,0.22150602656421267,0.20526901278010892,0.19064134754404913,0.17725393793968958,0.16479242942650035,0.1531166082732982,0.14222483532931393,0.13213628154993917,0.1228140569502667,0.11418036193850374,0.10616741680884069,0.09873273074364852,0.09184042748210229,0.08545055816311349,0.0795245125398997,0.07402798200819756,0.06892881895216411,0.06419662932645095,0.05980322234256418,0.05572244748859,0.05193014709394044,0.04840413419685758,0.045124114884611245,0.042071591463621424,0.039229731161750436,0.036583210675604806,0.03411806843163872,0.03182150348184289,0.02968174377413658,0.027687932777371756,0.025830003803061566,0.024098575128197117,0.022484880828959084,0.020980721510434806,0.019578422511864556,0.01827079996030506,0.017051138635226646,0.015913181634181046,0.014851144307064813,0.013859736300079365,0.012934183407288954,0.012070227724720706,0.011264076641942657,0.010512279841197642,0.009811538441901529,0.009158496331059295,0.008549624905845024,0.007981313353970025,0.007450194482622017,0.006953564348467232,0.006489570465661225,0.006056905322915709,0.0056540999927913674,0.005278983832181762,0.004929253588933086,0.0046033598285817375,0.004299566997873155,0.004015080675852453,0.0037466446879149467,0.003493405265988758,0.0032577717532414146,0.00304225285419693,0.002846337015006019,0.0026654831495824087,0.0024929653946706284,0.0023260628927083494,0.0021600845837967033,0.0020044354139153683,0.001875114938830151,0.0017670359101659464,0.001665753393817974,0.0015601818245951791,0.0014473687233973037,0.0013252973505285934,0.0012318806889544665,0.001171189679019759,0.0011139828305864082,0.001042400493453309,0.0009760171987874634,0.0008925763031298717,0.0008261387581578216,0.0007912607478519644,0.0007472005717660524,0.0006882977459191766,0.0006601511778600211,0.0006108158766108665,0.0005662860352629057,0.000543516348136335,0.0005145399220185325,0.0004707112792956585,0.0004553770937325751,0.000425065933755596,0.00040279228236616367,0.000381246835862403,0.0003684971436137829,0.00034076415079826777,0.00032511082330324175,0.0003099005304534121,0.0002996234797568875,0.00028465804274575125,0.0002749253086238829,0.0002645184614054784
74.0195999691564,2.095464908919714,2.096346885741845,2.0972918167794434,2.0983042136609886,2.099388913938431,2.10055110499933,2.101796349783632,2.1031306144477395,2.1045602981305005,2.106092264988817,2.1077338786847615,2.109493039521522,2.1113782244422916,2.113398530124423,2.115563719420927,2.117884271422794,2.1203714354387486,2.123037289214014,2.1258948017365578,2.1289579010081443,2.1322415471884772,2.135761811553675,2.139535961745346,2.1435825538234132,2.1479215316741955,2.1525743343643,2.1575640120691038,2.162915351239103,2.1686550096932433,2.17481166233717,2.1814161581830405,2.1885016892769973,2.1961039719955227,2.2042614409247303,2.213015455166164,2.2224105164234023,2.2324944976731786,2.243318880745799,2.2549390009189003,2.2674142967600033,2.2808085635650075,2.295190207368659,2.310632490545432,2.3272137453328883,2.3450175066183387,2.364132488476285,2.3846523244576754,2.406675035019521,2.43030224550433,2.455638092800605,2.482787314445003,2.511851393493061,2.5429218265052533,2.5760710458096203,2.61134079877368,2.648720345548039,2.6881034283869107,2.7292289425377265,2.7715915621837133,2.8142276960557804,2.855387238438585,2.8919667761264134,2.9175743884203196,2.9217345870501235,2.8979800075208173,2.85052305023263,2.7855430576925895,2.7067413832673966,2.616762778099658,2.5174803211799492,2.410295344763534,2.296339003180287,2.1766049867495805,2.05204277793904,1.9236233630720232,1.792385023783147,1.65946444354119,1.5261160756586374,1.393720710305902,1.2637836377826186,1.1379211302284349,1.0178311653082288,0.905244313503751,0.8018447076887664,0.709148870698608,0.6283307811722633,0.5599968264656578,0.5039550311620835,0.4590799683670827,0.42339478289005494,0.3944111590477633,0.369619539875037,0.34693867219768026,0.3249859050373435,0.3031395785127537,0.2814331457362675,0.2603331647276843,0.24045165141962,0.22226019422497706,0.20590069416859466,0.19117584621148304,0.1777148217525308,0.1651950581669543,0.153468454256754,0.14253004700001698,0.13239959178030264,0.12304134667004177,0.11437714879146206,0.10633794192411229,0.09888035197501972,0.09196816790411266,0.08556113700812837,0.0796202559815458,0.07411088951647452,0.0690006332026145,0.06425885878301578,0.05985716998647813,0.05576923857264853,0.05197075197866447,0.04843938878461795,0.04515473852596796,0.0420982034590266,0.03925286580940935,0.0366033275156449,0.034135555303137895,0.031836716308743775,0.02969498814006141,0.02769945619989988,0.025840017810758887,0.024107274300730903,0.022492444425615567,0.020987308419528696,0.019584168211666787,0.01827581826055027,0.0170555260766799,0.01591702177918394,0.014854509489241214,0.013862689255414723,0.012936778526622398,0.012072510483034211,0.01126608266584303,0.010514035012345081,0.00981305842197166,0.009159788168071175,0.008550690099307428,0.007982146548189255,0.007450793402488306,0.00695395980455398,0.0064898652639012126,0.00605728519066449,0.005654706782227626,0.0052798025850645655,0.004930143539983835,0.004604078072428407,0.004299935179527649,0.004015020148797228,0.0037460998498326094,0.0034927662957778306,0.003257860913733875,0.0030431304148215363,0.0028474744412101405,0.002666152592176263,0.0024929745175897083,0.002325171077894122,0.0021586587198046733,0.0020042590441957313,0.0018763064381126103,0.0017684759837539971,0.0016662328863972116,0.0015599786597113524,0.0014460175359175854,0.0013239998667678972,0.0012326188008680114,0.001172221999492478,0.0011143459705607345,0.0010425952585260436,0.0009756889229631423,0.0008914098230984691,0.000826651558910968,0.000791454619461408,0.0007471279627175293,0.0006883892053142261,0.0006603657693475552,0.0006100563627978306,0.0005667532223267562,0.0005433153454306555,0.0005145883559086366,0.0004707696938299865,0.0004553489438310103,0.00042466071696584486,0.00040303578690524246,0.00038094649977520045,0.0003684236173000248,0.00034095201523066975,0.0003250122889597226,0.00030981380483860975,0.00029958787018131484,0.0002844687785876479,0.00027479969059856954,0.0002645481047577675
76.63410868007455,2.0631879671008573,2.0640617736451903,2.064997962025794,2.0660010044773434,2.06707569656019,2.068227180920588,2.069460972850328,2.0707829877890704,2.0721995709248877,2.073717529061883,2.075344164938296,2.077087314194395,2.0789553852067226,2.080957402024131,2.083103050661476,2.0854027290290786,2.0878676008001165,2.0905096535440717,2.0933417614823138,2.0963777532518306,2.099632485095036,2.1031219199274243,2.106863212770534,2.1108748030750855,2.1151765144982178,2.119789662739343,2.1247371720813164,2.1300437013273195,2.1357357798688077,2.1418419546648653,2.148392948954566,2.1554218335524475,2.162964211573917,2.1710584173665683,2.17974573022599,2.1890706030658924,2.199080905495694,2.20982817967152,2.221367905895754,2.233759773573768,2.24706795245483,2.2613613598315934,2.2767139213835046,2.29320482355798,2.310918745795035,2.3299460303188226,2.3503826931793492,2.3723301320036674,2.395894412228735,2.4211851476565016,2.4483140428138723,2.477392670404443,2.508527968999139,2.5418137974244837,2.577319152608632,2.615073295445079,2.655037104084942,2.69704634580835,2.740735549585401,2.785405764241718,2.8297160107037858,2.871263824695106,2.9054617201536153,2.922934446051672,2.9127183719286567,2.874077225477892,2.81435727042326,2.7386710075788594,2.650389505949696,2.551844739090056,2.4447318269955707,2.330364373863875,2.2098507414659707,2.084214656695718,1.9544770299917564,1.8217117134511913,1.687082910480653,1.551868663889182,1.4174724668997594,1.2854228738676274,1.1573615419708696,1.0350153707280112,0.9201488877574295,0.8144870598619021,0.7195965871326465,0.6367126742966817,0.5665123007937667,0.5088746630080191,0.46272841589199487,0.42611380791258224,0.39651327267754616,0.3713506692136989,0.34846221803503674,0.32638780042308496,0.3044465223245035,0.28263581911204533,0.2614090078666301,0.24138346522345036,0.22304717620338865,0.2065594799167177,0.19173264332141707,0.1781944180405412,0.16561379314981398,0.15383432287427592,0.1428474054097704,0.13267332158774364,0.12327754896855007,0.11458158989644336,0.10651506116686273,0.09903365186319871,0.09210079498731591,0.08567592373457374,0.07971962519369372,0.07419692238089387,0.06907514283754512,0.06432341438850124,0.0599131263780616,0.05581776592906626,0.052012858588854294,0.04847594270673212,0.04518648765036712,0.042125790766489424,0.039276844214020105,0.036624180887315776,0.03415368649290035,0.0318524763378482,0.029708701955948606,0.027711398665227253,0.02585040878046004,0.024116301850652926,0.022500282663884128,0.02099411904925847,0.01959009670303091,0.01828098978309757,0.017060043382674205,0.015920972835668283,0.014857969297852675,0.013865721703454605,0.012939437508513122,0.012074840282429685,0.011268118279511649,0.010515801988918638,0.009814573561814373,0.009161062048743094,0.008551725267394056,0.007982943653207774,0.00745136811562101,0.006954369953939052,0.006490243056319223,0.006057800160156355,0.0056554409372457206,0.005280696666156992,0.004931045211553018,0.004604738000333393,0.004300231076957842,0.0040148577280590516,0.0037454844654297966,0.0034922003514957648,0.0032581123525822152,0.0030441070158778033,0.0028486355239701455,0.0026667521145004444,0.002492899432043374,0.002324154906838185,0.0021572244174599214,0.00200424568149499,0.0018775917856089343,0.0017699435170078633,0.0016666667092648897,0.0015596990164771618,0.0014445536839835446,0.001322763852785044,0.001233446725890502,0.001173292650735629,0.001114664346001308,0.00104281481427967,0.0009753071003682151,0.0008902258247501994,0.0008272089254187284,0.0007916338541919076,0.0007470043029811163,0.0006885386092635507,0.0006605596639300619,0.0006092676849074724,0.0005672413010573762,0.0005430925505965848,0.0005145995010710511,0.0004708650932332819,0.0004553128412101803,0.00042424448644516746,0.0004032768814002941,0.00038063198496095864,0.0003683278968069919,0.00034114779766277674,0.00032493612774477386,0.00030973560662262084,0.0002995392360945881,0.0002842694446736439,0.000274670366908537,0.00026457682836655746
79.34096665797492,2.030092987832934,2.030958054788655,2.0318848901023294,2.0328779235770122,2.033941905504414,2.0350819302512417,2.036303461637069,2.037612360247264,2.039014912836876,2.040517863994982,2.04212845025382,2.0438544368432985,2.0457041573092365,2.047686556233141,2.04981123531259,2.052088503084505,2.054529428598931,2.0571458993784897,2.059950684028573,2.0629574998956635,2.066181086205809,2.069637283152316,2.07334311744066,2.077316894839246,2.081578300326155,2.086148506463595,2.0910502906723827,2.096308162117317,2.1019484989500956,2.1079996966895407,2.114492328550899,2.121459318570332,2.128936128411762,2.1369609587929195,2.145574966515063,2.1548224980846724,2.164751340772117,2.1754129914637024,2.186862942527308,2.1991609817999462,2.2123715006223703,2.2265638002149477,2.2418123844591893,2.258197229090649,2.275804024403694,2.2947243937230097,2.3150560715183635,2.3369029546448252,2.3603748247756418,2.3855864854002555,2.4126562261198363,2.4417038051637894,2.472847745344436,2.506200060516893,2.5418556885296293,2.579877219858396,2.6202756906626696,2.662972152733343,2.7077227593626607,2.754019512143612,2.8008862509196506,2.846454571020412,2.8873487616917264,2.9165253187521207,2.9216115025309777,2.894948591500613,2.842200691447761,2.770672763357345,2.6846950634573212,2.58724944601621,2.480421855167354,2.365762854872455,2.244528816294463,2.117837678557992,1.9867721336016786,1.8524488297454342,1.7160641593255936,1.5789228413761227,1.4424529757657039,1.3082084009404549,1.1778575143299943,1.053157703887114,0.9359087114409184,0.827877771061568,0.7306833498356468,0.6456239323059104,0.573450187396414,0.5141168284364358,0.46661208997588893,0.42899815112335704,0.3987304086150065,0.37316478703658185,0.35005086572632615,0.3278460453970274,0.30580563908346914,0.2838877089802767,0.26253038731327266,0.2423557640233171,0.22386863437280433,0.20724673834374283,0.1923128254526472,0.17869359411997346,0.1660493528049971,0.1542148328835747,0.1431774446919747,0.13295792635515036,0.1235230484386083,0.11479400982245883,0.10669905105949283,0.09919286644570145,0.09223851013848008,0.08579508993858016,0.07982276675779165,0.07428620587249285,0.06915245511978665,0.06439038804592893,0.05997117038600614,0.055868096902872644,0.052056524690235015,0.048513846232937065,0.0452194050324871,0.04215439003317281,0.03930169967495927,0.0366457885450781,0.03417248437308171,0.03186881717984847,0.02972290480857575,0.027723761127304344,0.025861178187393957,0.024125673285057724,0.02250842256147451,0.021001182154783367,0.019596228455449467,0.018286322191359065,0.017064690398553625,0.01592502921320432,0.014861514317107496,0.013868821659346638,0.012942146983335618,0.01207720385998485,0.011270171599641015,0.010517571498513914,0.009816077819389764,0.009162312857419898,0.008552729737684287,0.007983714982477984,0.007451943627798513,0.006954835696846503,0.006490742411278152,0.006058461983410458,0.00565629207898319,0.005281650011852334,0.004931930665997108,0.004605328752211226,0.004300443378997547,0.004014585720100572,0.0037448142169004828,0.0034917457644358645,0.003258531428887867,0.003045173938185087,0.0028497980796413297,0.0026672764107889555,0.0024927241607729956,0.0023230132226430794,0.0021558116373532952,0.002004406417644649,0.0018789661550167986,0.0017714200734104978,0.0016670525495673287,0.001559330073147233,0.0014429707562012624,0.0013216084369025683,0.0012343694906115615,0.001174406872487579,0.00111493797293196,0.0010430553397856904,0.0009748705540145086,0.0008890349952982252,0.0008278088301035554,0.0007917999460559791,0.0007468252368489611,0.0006887487551794862,0.0006607335392211039,0.0006084534449862582,0.000567747871667069,0.0005428485015276947,0.0005145691749706281,0.0004709984116708242,0.00045527277928866474,0.0004238202188448495,0.00040351394399962666,0.00038030301617062405,0.0003682090517465784,0.0003413504377696446,0.00032488506791432685,0.00030966623344616,0.0002994756227723252,0.00028405997175092585,0.00027453725045811507,0.0002646045633324977
82.14343584919426,1.9961851627008957,1.997040905447298,1.9979577611110102,1.9989401140303273,1.9999926659730154,2.001120459531776,2.002328903301783,2.0036237989837753,2.0050113705686727,2.006498295773395,2.008091739912538,2.0097993924070265,2.0116295061488527,2.0135909399608085,2.0156932044117437,2.0179465112717003,2.0203618269172923,2.022950930026308,2.025726473931779,2.028702054040029,2.031892280754589,2.035312858388575,2.0389806705921947,2.0429138728694127,2.0471319928080685,2.051656038700121,2.0565086172816924,2.0617140613738627,2.0672985682511267,2.073290349600442,2.079719793954131,2.0866196424795653,2.094025178985284,2.1019744349625653,2.110508410441486,2.11967131143523,2.1295108048166402,2.1400782916286514,2.1514291999731423,2.163623298393827,2.1767250293104032,2.1908038584551712,2.2059346295342785,2.222197904402075,2.239680262712991,2.2584745399457993,2.278680003256755,2.3004024808299097,2.3237544113365995,2.348854605132545,2.3758272959214533,2.4048001530845307,2.4359014798313012,2.469256767972596,2.5049824464148833,2.5431726355555,2.5838793834578415,2.6270876133169834,2.6726624996986885,2.7202508833599226,2.7691466000317377,2.8179715383490698,2.8641201425663723,2.902617277236913,2.9228090980001484,2.9115008928762753,2.868320816686908,2.8023327967041753,2.7194761708176505,2.623613378900981,2.5173513566537786,2.402558513511026,2.280685886974899,2.1529720384941715,2.020576776081352,1.8846686979682976,1.7464820844912996,1.607352286421049,1.4687346442087608,1.332209994848732,1.1994755293349428,1.0723204715294556,0.9525813018756671,0.8420690660329849,0.7424556345105264,0.6551048412986502,0.5808441223554753,0.5197083345091466,0.47075104339304896,0.43206178697060166,0.40107167802465976,0.37506759166969966,0.35170828514373703,0.3293632940049656,0.3072191867455986,0.2851909821178288,0.26369942306418487,0.24337054798112243,0.22472632776530507,0.20796392124185253,0.19291754560596283,0.17921326508712884,0.16650249514125973,0.15461063473747214,0.14352072693929932,0.13325388526687093,0.12377824917219733,0.11501474946106373,0.10689020158834599,0.09935824324552396,0.09238152408177516,0.0859188150483831,0.07992983389217463,0.07437887089170594,0.06923268194301364,0.06445987543918487,0.060031384141720955,0.05592030180027263,0.05210181066982616,0.04855315160966561,0.04525353604525029,0.04218404086308561,0.03932746876496522,0.03666818345160333,0.034191960441598376,0.03188576238200843,0.02973763076270749,0.027736559827959396,0.02587232256776563,0.024135386159135325,0.022516877011709072,0.021008524866545808,0.019602595053713694,0.01829184098540324,0.01706948205162187,0.01592919704494959,0.014865144424603688,0.013871984921447943,0.012944901396604896,0.012079596005854393,0.01127223797478992,0.010519340121434692,0.009817569532884174,0.009163542565549385,0.008553715119898645,0.007984486136899888,0.007452560315468894,0.006955404544723673,0.006491391945389536,0.006059271216756595,0.005657242976611638,0.005282642139325998,0.004932770870853938,0.0046058417185270515,0.004300556958034114,0.004014202258842492,0.003744115596179658,0.003491439624803734,0.003259120286978102,0.003046323275485044,0.0028509343109189987,0.002667719724009129,0.0024924311731121633,0.00232174483407548,0.002154455044671436,0.002004749076898501,0.0018804260372026185,0.0017728837422355671,0.0016673885187915723,0.0015588581084752316,0.0014412635375270313,0.0013205545432958409,0.0012353931935691605,0.001175570439256511,0.0011151681585232494,0.001043312411564213,0.0009743751615699282,0.0008878486088577006,0.0008284488024714956,0.0007919549191092829,0.0007465873804334319,0.0006890209198957958,0.0006608902998104584,0.0006076189072578843,0.0005682698944300742,0.000542584544915967,0.0005144934397546887,0.00047116978341347815,0.0004552347220746044,0.00042339149708579306,0.0004037454904716169,0.0003799590941481017,0.0003680666224289955,0.0003415590835110203,0.0003248612902997541,0.00030960563118858904,0.0002993949184558435,0.0002838406824509948,0.00027440055471250786,0.00026463118772095817
85.04489341802677,1.9614723970549646,1.9623182252603235,1.963224468007005,1.964195460987321,1.9652358540226396,1.9663506342497057,1.9675451510784008,1.9688251430643855,1.9701967668526663,1.971666628361985,1.9732418163950685,1.9749299388764336,1.9767391619376735,1.9786782520901782,1.9807566217471997,1.9829843783812477,1.9853723776292136,1.9879322806865503,1.990676616363534,1.9936188482113502,1.996773447163732,2.0001559701814724,2.0037831454326245,2.0076729645910194,2.011844782890186,2.0163194276292673,2.021119315892221,2.0262685823112303,2.0317932177786453,2.0377212200859893,2.044082757537619,2.0509103466399945,2.058239044988424,2.066106660438512,2.0745539775332578,2.083625001940688,2.0933672233533462,2.103831896985679,2.1150743436456123,2.127154268585097,2.140136100075176,2.1540893494882973,2.1690889939882734,2.185215877529605,2.2025571122449175,2.2212064413727863,2.241264509469657,2.262839000981892,2.2860446642375805,2.3110032657656414,2.3378433518106174,2.366699277178566,2.3977087812976587,2.4310091695637004,2.466732770828699,2.504999383787265,2.5458995662209167,2.5894690913212073,2.63565581566346,2.6842463533091645,2.7347372290067278,2.786139330920926,2.8364927349168507,2.8821184384358483,2.915294539517501,2.921483129067016,2.8915875990150934,2.8330455214332644,2.754442386582063,2.660806995618619,2.5554794228033115,2.4407621317462715,2.3183630786830434,2.1896766185371885,2.055960137463161,1.9184462646782123,1.778414374206984,1.6372349963185966,1.496394256419425,1.357502136550374,1.2222866365638083,1.0925704357111194,0.9702285074312345,0.8571172669622058,0.7549636951250134,0.6651991325923954,0.5887308426773512,0.5256785933276932,0.4751673914288363,0.4353201963505146,0.4035471960127242,0.37706539106124504,0.3534384821774203,0.3309423824337547,0.3086895466707796,0.28654789973044376,0.26491833667796383,0.2444299241587323,0.22562212470927623,0.2087125749367757,0.19354802572033486,0.17975439831539008,0.16697401768253864,0.15502241093447577,0.1438778441980587,0.13356170300487005,0.12404357490046916,0.11524416691287268,0.1070888171819061,0.09953004157629912,0.09253005720915516,0.08604728691566048,0.08004098675400015,0.07447505418531399,0.06931594005272092,0.06453197642242847,0.06009385304487394,0.05597445430341691,0.052148779915411995,0.048593912579549564,0.045288927429399946,0.042214783648103674,0.03935418383166647,0.03669140695060865,0.034212140495874885,0.03190331946477562,0.029752905879541,0.027749829185195852,0.02588385489166764,0.02414543248201769,0.022525638753344544,0.02101615566471212,0.019609223244012076,0.018297584601349923,0.017074453402239995,0.01593350241026633,0.01486887684036735,0.013875222084494,0.012947706881014565,0.012082020573776208,0.011274321065223249,0.010521112875913657,0.009819057127430645,0.009164769080294066,0.008554711239685365,0.007985299990614331,0.0074532706881969765,0.006956118743987037,0.006492204867838928,0.006060216181229373,0.005658272716598389,0.005283642925943288,0.00493354280946816,0.0046062682026273,0.004300555494950574,0.004013713624617655,0.003743428888216126,0.0034913157279678328,0.003259878147696,0.0030475471674257784,0.0028520152135815676,0.002668076860165132,0.002492002172855571,0.0023203495622825007,0.0021531924349548442,0.00200527892478884,0.0018819695806901887,0.001774311309919631,0.0016676739533283533,0.0015582684124452674,0.0014394288859538333,0.001319623155916951,0.0012365232598860157,0.0011767886317423548,0.001115357720185838,0.0010435810272522554,0.0009738131942939215,0.0008866778305820325,0.0008291258045061186,0.000792101377338366,0.0007462886653353666,0.000689355054587919,0.0006610349747637485,0.0006067710073227202,0.0005688041360742335,0.0005423024938689269,0.0005143687777462011,0.00047137843260371847,0.0004552061937622813,0.00042296240108062984,0.0004039698054285254,0.00037959986274684033,0.00036790069524153134,0.00034177285584247285,0.00032486631064696685,0.0003095534875768476,0.00029929520545015893,0.0002836123295315186,0.0002742610247045643,0.0002646566696506005
88.0488358164346,1.925964862414407,1.9268001945318665,1.9276952005720722,1.9286541644268145,1.92968168056619,1.9307826769935563,1.9319624399590367,1.9332266405747671,1.9345813634877818,1.9360331377804472,1.937588970283713,1.9392563815053365,1.9410434443938371,1.9429588261793533,1.9450118335550692,1.9472124614875699,1.9495714459716502,1.9521003210748993,1.9548114806500474,1.9577182451288166,1.960834933850005,1.9641769434170209,1.9677608326261147,1.9716044145563985,1.9757268564664408,1.9801487882000932,1.9848924198665792,1.9899816696274637,1.9954423024970591,2.0013020811447606,2.0075909297796914,2.014341112301111,2.0215874260104276,2.029367412292466,2.037721585759027,2.046693683354546,2.0563309347654,2.066684355037612,2.077809059497562,2.0897645999220793,2.102615319761551,2.116430725875913,2.1312858757319906,2.1472617825006797,2.164445842962646,2.1829322860988425,2.2028226123950403,2.2242259459579112,2.2472591907911528,2.2720469385015862,2.2987212135731405,2.3274211108413416,2.3582918119703193,2.3914817772074053,2.427137684217316,2.465398333428315,2.5063853106957055,2.5501816823479047,2.5967990183155516,2.646132675681373,2.697858565969473,2.751265079005632,2.8049473580308515,2.8561126342679035,2.8993537351297363,2.9226515085938454,2.9101537914762856,2.861970445369046,2.7891642213701653,2.698624821666231,2.594728556468962,2.4803678172963197,2.357594639936902,2.228008547102709,2.0929924122739614,1.9538589549145764,1.8119421794209114,1.6686534305514356,1.525513308743469,1.3841642161340248,1.2463667428260323,1.113979257275831,0.9889169099240205,0.8730831782644466,0.7682619586771092,0.675954296093663,0.5971504689165575,0.532059881184716,0.4798855790931543,0.438790581475886,0.40616820704798334,0.37916518897024953,0.355245828253672,0.332586339303805,0.31021922398746127,0.2879608285872862,0.2661894647957194,0.24553611548065143,0.22655801025444747,0.20949434612782605,0.19420556600968475,0.18031802089360097,0.16746476013182737,0.1554508801763467,0.14424941815042192,0.13388190958045504,0.12431947113526552,0.1154826374466427,0.10729521671113129,0.09970853281364751,0.09268434050746141,0.08618070213023121,0.0801563928330791,0.07457489863151257,0.06940235152946737,0.06460679548829266,0.06015866643854792,0.05603063098237199,0.05219749808996398,0.048636185508839275,0.045325627027977704,0.04224665897710158,0.03938187815494017,0.0367154826972198,0.03423306727132822,0.031921505184233735,0.029768734610421472,0.02776359806539007,0.02589581012776899,0.02415582247544945,0.0225346950799125,0.021024061169602464,0.019616115536998827,0.018303576650573472,0.01707964438364993,0.015937989026407334,0.014872751226929022,0.013878566447895528,0.012950590311628806,0.012084499851925622,0.011276442347344049,0.010522913742839785,0.009820570979385412,0.009166032067749784,0.008555767519574417,0.00798621290282549,0.007454125668915548,0.00695700393687184,0.006493177620513155,0.006061274792543181,0.00565935568619152,0.005284613855586425,0.004934231248550959,0.0046065960950354345,0.004300425368818809,0.004013134685448034,0.003742806976444996,0.0034914014479908635,0.00326079844721185,0.0030488358908954583,0.0028530149354039445,0.002668343271524829,0.002491418899360429,0.002318831793785321,0.0021520635923234508,0.002005999736912585,0.0018835961800116225,0.0017756795593176933,0.001667909617021256,0.001557544906461637,0.0014374663220753131,0.0013188346801190694,0.0012377618490726405,0.0011780656365978504,0.0011155110069998235,0.0010438551587915084,0.0009731744374289636,0.0008855340230461006,0.0008298365629670129,0.0007922430725786453,0.0007459287126743203,0.0006897503049139913,0.000661172978887135,0.0006059177565929863,0.000569347347131287,0.0005420041068285669,0.0005141922395448616,0.0004716226598877735,0.00045519548785066165,0.0004225372969335825,0.0004041844717254802,0.0003792254722914689,0.00036771179108916396,0.000341990543470541,0.0003249008570962525,0.00030950930834984205,0.0002991750359168874,0.0002833760971672173,0.0002741200455703803,0.00026468104732644627
91.15888299750819,1.8896752155541003,1.89049946323778,1.891382602085719,1.892328861140035,1.8933427762428676,1.8944292127411773,1.895593389935161,1.8968409074128605,1.8981777734262972,1.8996104354785284,1.9011458133064671,1.9027913344613345,1.9045549727073687,1.9064452894801165,1.908471478668439,1.9106434150095848,1.912971706414497,1.9154677505712485,1.9181437962084265,1.9210130094377147,1.9240895456361395,1.9273886273737857,1.9309266289424085,1.934721168094474,1.9387912056606478,1.9431571537764092,1.9478409935146483,1.9528664027899034,1.9582588954700424,1.9640459727015143,1.970257287524158,1.9769248239223984,1.9840830915364416,1.9917693373502827,2.000023775799094,2.008889838913358,2.018414448341164,2.0286483113114477,2.0396462426592317,2.0514675146051413,2.0641762345959855,2.077841748789545,2.0925390650150786,2.108349286141203,2.125360046439424,2.1436659527531066,2.1633690438955058,2.1845792732444997,2.207414958183875,2.2320030325536093,2.258478902970156,2.2869859100936183,2.317674644681072,2.35070185998407,2.3862273281151056,2.42440731517167,2.465386376561884,2.5092855444707025,2.5561748025938256,2.6060305431116517,2.658673484989454,2.7136234293025527,2.7698752425993654,2.8254029231415387,2.876208653361668,2.9138528774481656,2.92134994758149,2.887867202797344,2.822988424414313,2.736761228080944,2.634973935568457,2.521346056677543,2.3984037063245376,2.2680209894110663,2.1317440340427103,1.9909867921713302,1.8471502694355948,1.701694305099287,1.5561783981502961,1.4122806807108097,1.2717970991237262,1.1366238345208846,1.0087180990767382,0.8900323709779131,0.7824093559431784,0.6874219890499433,0.6061467848506003,0.5388876897755631,0.48493266745675273,0.44249209814528095,0.40894726949334914,0.38137475984197416,0.35713512485923854,0.33429842406474986,0.31181085147107074,0.28943225375364373,0.2675152616321497,0.24669147413028455,0.22753608698024835,0.21031098416217825,0.1948915530726347,0.18090522155633035,0.167975610856534,0.1558968007626951,0.14463610253852602,0.13421506242068929,0.12460640747333201,0.1157305551229759,0.10750973444463616,0.09989400170650257,0.0928446161947703,0.0863192663488594,0.08027622740711972,0.07467855366521316,0.06949204398266384,0.06468444163944442,0.06022591777472408,0.056088911383665806,0.05224803330533245,0.04868002976643103,0.0453636856831326,0.04227971080320801,0.03941059318284952,0.03674043213072476,0.034254767038448326,0.03194036039862738,0.029785124064994787,0.027777869701808313,0.02590822069851532,0.024166592263701565,0.022544054358141496,0.021032224642734017,0.019623250228094788,0.018309805949635407,0.01708506833641038,0.01594269246733807,0.014876815171368744,0.013882068871117544,0.012953602411435769,0.012087083458225002,0.011278650884216727,0.010524793873398502,0.009822166974369731,0.009167390608654477,0.008556945449474242,0.00798728005470166,0.00745515788178764,0.006958063668128595,0.006494291114001032,0.006062419229582874,0.005660455596000208,0.005285519163823362,0.004934824674475703,0.0046068079995557915,0.004300160266161659,0.004012490687829204,0.003742309538733493,0.0034917130532399923,0.003261866784876434,0.00305017425485146,0.0028539140119379393,0.0026685112540260187,0.0024906634238159586,0.0023172034452560815,0.0021511093821694875,0.0020069154496791452,0.0018853061172235787,0.0017769670992765028,0.0016680966124083638,0.0015566698456606159,0.0014353793814541806,0.0013182100590974474,0.0012391059527751224,0.0011794036349335147,0.0011156333037222782,0.001044127129656111,0.0009724473929391683,0.000884429222044331,0.0008305786749645534,0.0007923856243476461,0.0007455086445302744,0.0006902056048989783,0.0006613076727902713,0.0006050674474299641,0.0005698956854622025,0.0005416912306366675,0.0005139616483624852,0.0004719003288569031,0.0004552105224224229,0.0004221204224218201,0.000404386150687269,0.0003788367460180772,0.0003675006543193065,0.00034221052239262397,0.0003249648179595398,0.000309472386685739,0.0002990334001301187,0.00028313364538585,0.0002739795560696414,0.00026470418440664874
94.37878277775381,1.852619471699548,1.853432034632443,1.854302662637118,1.8552355267460539,1.856235100781152,1.8573061837916094,1.8584539242193905,1.859683845934217,1.8610018762927782,1.8624143763909495,1.863928173693319,1.8655505972413853,1.8672895156606348,1.8691533782074696,1.8711512591198856,1.8732929055611014,1.8755887894733176,1.878050163689686,1.8806891226867455,1.883518668397412,1.8865527815464878,1.889806499017031,1.8932959978073944,1.8970386861957445,1.9010533027921128,1.9053600242279756,1.9099805823104066,1.914938391551992,1.9202586880781052,1.9259686810077588,1.9320977174988765,1.9386774627367531,1.9457420962160727,1.9533285257114457,1.9614766203415221,1.9702294641131561,1.9796336313183838,1.9897394852244659,2.0006015017615715,2.012278620469603,2.0248346257247904,2.038338561657913,2.0528651828675026,2.068495438141781,2.08531697506517,2.1034246431170467,2.1229209724553586,2.1439166275138164,2.1665308691481227,2.1908920436178536,2.2171379658034875,2.2454158442820957,2.2758814798033717,2.3086980431108866,2.3440346614023735,2.3820629304356506,2.4229486827798916,2.466840998319702,2.5138569349474764,2.5640454581295766,2.6173325059629255,2.6734318374700754,2.7316432048057115,2.7905337627495617,2.847154215568737,2.8956180414259554,2.9224542913512996,2.908665058034275,2.854975324448877,2.774769112549408,2.676014939111239,2.5636283648565987,2.4407946098600304,2.3097590538283805,2.1722833143637628,2.0299113142324283,1.8841271581491692,1.7364488272705525,1.5884811669045256,1.441941519318224,1.2986645913472066,1.1605865485415112,1.0297090404559615,0.9080355661724959,0.7974696406161607,0.699658376776065,0.6157676447455199,0.546201053402011,0.4903385865776573,0.4464460625394342,0.4118984326275703,0.383702775445315,0.35911168137528593,0.3360821636743975,0.31346721742949446,0.29096477211353905,0.2688982945279644,0.2478984808487482,0.2285585870938256,0.21116435396642852,0.19560746107734842,0.18151715279973415,0.16850750836903222,0.156360969756154,0.1450385875737188,0.13456175006188906,0.12490487740226484,0.11598833497492762,0.1077327219644986,0.10008674730202932,0.09301113784280769,0.0864631950806375,0.08040067390035946,0.07478617559945347,0.06958515060142187,0.06476502851067381,0.06029570420176429,0.05614937902216081,0.052300457289058695,0.048725506404186325,0.04540315672729263,0.04231398557249809,0.03944036851301959,0.03676630282742178,0.0342772506833958,0.03195991835497825,0.029802111161368338,0.027792642060591954,0.02592108973431005,0.024177778194936737,0.022553754894824127,0.021040653749956003,0.019630607409159343,0.01831624450376443,0.01709070260861339,0.015947610959325644,0.0148810911889505,0.013885770409885428,0.01295679572165179,0.012089830973225546,0.01128100965040275,0.010526817798140693,0.009823909089643439,0.009168906409106677,0.008558297310867616,0.007988533639912586,0.0074563727876721,0.006959280155490229,0.006495514867101,0.006063614528784287,0.005661525742602467,0.005286334619343863,0.004935310737361186,0.00460688397478969,0.0042997661087428845,0.0040118245189096225,0.0037419954730440615,0.003492255215399445,0.0032630639792062812,0.0030515350922592772,0.002854700017855898,0.002668565108607555,0.0024897204054142386,0.0023154866191345915,0.00215037001700887,0.00200803054343166,0.0018871001034582032,0.0017781570996084923,0.001668232849375682,0.001555624605524727,0.0014331788439446423,0.0013177711339222313,0.0012405476295397817,0.001180800070495871,0.0011157299309288045,0.0010443876408798678,0.0009716194119506394,0.0008833764606632774,0.0008313521592332668,0.0007925368000409254,0.0007450302905828784,0.0006907198976148379,0.000661438605793726,0.000604227980547378,0.0005704442031921565,0.0005413666791494084,0.0005136759499326652,0.00047220964722332763,0.00045525756034598975,0.0004217155014297954,0.00040457089778345097,0.00037843515329411155,0.0003672678399654304,0.0003424311294657082,0.0003250574042232301,0.0003094417734650744,0.0002988694552941447,0.00028288695908236695,0.00027384188336142213,0.00026472556895148895
97.71241535346496,1.8148167756723217,1.8156170614173652,1.8164745431304028,1.8173933306342627,1.8183778322805635,1.8194327770995304,1.82056323865951,1.8217746607773155,1.8230728852333609,1.8244641816597014,1.8259552797847036,1.8275534042352695,1.8292663121165584,1.83110233361015,1.833070415854781,1.8351801703994672,1.837441924547146,1.8398667769383483,1.8424666577590205,1.8452543939948696,1.8482437801967964,1.8514496552685142,1.8548879858386973,1.8585759568364426,1.8625320699509738,1.8667762507250767,1.871329965107569,1.8762163463744346,1.881460333422647,1.8870888215471606,1.89313082693204,1.899617666222411,1.9065831526930237,1.9140638106835222,1.9220991101098628,1.9307317229482588,1.9400078035659054,1.9499772945783578,1.9606942595182004,1.9722172430926515,1.9846096595037368,1.9979402097794974,2.0122833308848485,2.0277196822111847,2.044336676142965,2.0622290527939064,2.0814994788235324,2.102259121851183,2.1246281450838747,2.148736121134441,2.1747224502175806,2.202736800246953,2.232939195343767,2.265499081268573,2.300593403547665,2.338404523727895,2.379116265184722,2.4229036560637813,2.4699183325849208,2.5202684042985934,2.573970575277747,2.6308787766685255,2.690552122878837,2.7519790923939205,2.8130802038401086,2.8695466287132354,2.9121671525885415,2.921212600657235,2.8837556992975637,2.8119568577870506,2.7175348464274482,2.6070928272547476,2.4847472433877718,2.3532573505118752,2.2146750672312305,2.0707142974070782,1.9229641821376018,1.7730129708536277,1.6225184303956934,1.4732425948410977,1.3270619335689247,1.1859557856862804,1.0519726358879868,0.9271691764418847,0.8135118962923977,0.7127244845718738,0.6260653911986731,0.5540428631465201,0.4961364794212492,0.45067623833856013,0.4150374089472877,0.3861589596759858,0.36118136509331217,0.33794136660202284,0.3151912778697707,0.2925610982351951,0.2703412592493609,0.24915974861964488,0.22962788712107432,0.21205644839911383,0.19635486108636815,0.18215504152058035,0.16906144197878661,0.1568442265549464,0.14545759978640155,0.13492259213913768,0.12521539989363636,0.11625641284885813,0.10796454835091221,0.100287082899891,0.09318417135728617,0.0866127142383074,0.08052992430337727,0.07489792790140358,0.06968181071982514,0.06484867513422565,0.06036812723037599,0.056212121048422735,0.05235484474264818,0.04877267896037355,0.04544409429534652,0.042349529208751034,0.03947124018791341,0.03679313399172109,0.03430055690776767,0.03198018455400135,0.02981973671475093,0.02780794474067449,0.025934406375286604,0.02418938400082827,0.022563837172588048,0.021049389706949664,0.01963819668235488,0.01832287473292754,0.017096514055850574,0.015952709640830204,0.01488555819883619,0.013889671227099616,0.012960188944292088,0.012092774150728292,0.01128355934627586,0.010529029679998154,0.009825839355590915,0.009170614219258319,0.008559841644545069,0.00798997115601975,0.007457749665789256,0.006960619964204243,0.006496809805271672,0.00606481182276231,0.005662522285606093,0.005287044420050357,0.0049356728433030605,0.004606808832970098,0.004299263158100778,0.00401120236667017,0.0037419163629623968,0.0034930252910540197,0.003264371242255526,0.0030528755484914016,0.002855364333009462,0.0026684806081362492,0.002488582486365139,0.002313718225146552,0.0021498828663888566,0.0020093455962388053,0.0018889775115449759,0.0017792384627042033,0.001668308128963297,0.0015543928213571083,0.0014308855122939742,0.001317538915360222,0.0012420755768875085,0.0011822439922975388,0.0011158058361380593,0.0010446262247589522,0.0009706769319172321,0.0008823912024093807,0.0008321605428408106,0.0007927063100869589,0.0007444964748234103,0.0006912922448308889,0.0006615609597888888,0.0006034062772028567,0.0005709872107731408,0.0005410349008529872,0.0005133351853719003,0.00047254916208094893,0.00045534032197544396,0.0004213254221598263,0.00040473461306409294,0.00037802274148723115,0.00036701319129680844,0.0003426512811833795,0.00032517760648845257,0.0003094164171452056,0.0002986824524365903,0.0002826378519520269,0.0002737095842455896,0.00026474441215793297
101.1637979766207,1.7762892750706745,1.77707668955691,1.7779203883594639,1.7788244170107947,1.779793115081039,1.7808311380206894,1.781943480693016,1.783135502736253,1.7844129559083772,1.785782013581445,1.7872493025680816,1.7888219374799408,1.7905075578370553,1.7923143681681077,1.7942511813650557,1.796327465581503,1.7985533949929908,1.8009399047693582,1.8034987506448172,1.8062425735108079,1.8091849695004678,1.8123405660820748,1.815725104732551,1.8193555308214218,1.82325009140083,1.8274284416685236,1.8319117609481625,1.836722879114774,1.8418864144823932,1.8474289242659379,1.853379068830705,1.8597677910529897,1.8666285122394843,1.873997346201108,1.8819133332627975,1.8904186962291758,1.8995591206191473,1.9093840617942246,1.9199470818206834,1.9313062187935641,1.9435243905847015,1.9566698333161072,1.9708165725918303,1.9860449240772313,2.002442022080469,2.020102382384771,2.039128514709132,2.059631594849226,2.081732164866756,2.105560759457028,2.1312583422291587,2.1589765833206562,2.188878178253355,2.2211370666129375,2.2559375438810982,2.293471592289727,2.3339357004423986,2.377526165485375,2.42442633792436,2.474787394965642,2.5287012623425573,2.5861364851137334,2.646843844389219,2.710157638399708,2.7746180043638833,2.8371505179890764,2.891352341662648,2.922208520549088,2.907021889630426,2.8472810160752138,2.7590630742477407,2.651544449736264,2.5302065275775933,2.3985349954274224,2.2589788797265253,2.1134775257256706,1.9637550516420825,1.8114868350749473,1.6583926890874172,1.5062856162725196,1.3570882529367576,1.2128264240595485,1.075598083396413,0.9475156808183458,0.8306110074975069,0.7266867370555827,0.6370972004483464,0.5624603316136562,0.5023631233819034,0.45520919287668016,0.4183818439690454,0.38875421043013203,0.36335069149979216,0.3398801750681524,0.31698615669698615,0.2942240872455285,0.27184698863554424,0.25047804193197176,0.23074650726061502,0.21298938927302669,0.19713543490181223,0.1828201940518665,0.16963846063676255,0.15734745901447403,0.14589390345659123,0.13529824070310195,0.12553852315571395,0.11653524669396101,0.10820560072885431,0.10049533746941644,0.09336399606926475,0.08676806038465469,0.08066417976779586,0.07501398169539655,0.06978217020850273,0.06493550591763239,0.06044329330885876,0.05627722785455196,0.05241127290613113,0.04882161474936203,0.04548655566248839,0.04238639093399748,0.039503254082338415,0.03682094312768791,0.03432473376912925,0.0320011812224183,0.02983800658323354,0.027823825363119135,0.025948190991139163,0.024201390724534297,0.022574305827514376,0.02105847806089991,0.019646062756827218,0.018329704525577754,0.01710248408368704,0.015957951924830908,0.014890171218623285,0.013893730450143393,0.012963754667596047,0.012095899107083087,0.011286295837668929,0.010531430398714832,0.009827958290448175,0.009172505742928291,0.008561559308716696,0.007991562647675105,0.00745924904888252,0.006962038197246657,0.006498123836331599,0.006065955169463243,0.005663416513807265,0.005287633835920449,0.004935888758902642,0.004606581268536718,0.004298688225722635,0.0040107064990588465,0.0037421095167146077,0.003494012337463294,0.003265771032451294,0.0030541444147833916,0.002855898945198384,0.0026682285116241145,0.002487251562481868,0.002311953226179435,0.0021496804606108816,0.0020108512265359898,0.0018909325968842524,0.001780205169151704,0.001668303053926132,0.0015529650023994822,0.0014285300833278877,0.001317531361042978,0.0012436766693248173,0.001183714447211824,0.0011158655261907196,0.0010448308924164884,0.0009696064392801838,0.0008814928545226078,0.0008330102128758814,0.0007929051349734355,0.0007439128099908542,0.0006919220006185977,0.0006616664239699402,0.0006026083051505996,0.000571519178487846,0.0005407019763050677,0.0005129395254481088,0.000472917092732884,0.0004554595791231891,0.00042095195439838696,0.0004048729513642203,0.00037760228882619646,0.00036673585539015414,0.0003428707188854121,0.00032532465601914926,0.0003093953696955455,0.0002984723007927587,0.00028238753976804216,0.0002735851215264758,0.00026475988777245087
104.73708979594497,1.7370631019004443,1.7378370406302555,1.738666308459533,1.7395548834619954,1.7405070330257773,1.741527335372221,1.7426207027433662,1.7437924063969916,1.745048103560826,1.7463938665116745,1.7478362139607664,1.7493821449438782,1.7510391754338126,1.7528153779139317,1.754719424174802,1.7567606316219433,1.7589490134114176,1.7612953327619694,1.7638111618279078,1.7665089455564484,1.7694020709972178,1.7725049425806643,1.7758330639368607,1.7794031268873511,1.7832331083110742,1.7873423756618962,1.7917518020007337,1.7964838915003079,1.801562916485571,1.8070150671871572,1.8128686155068898,1.8191540942194457,1.8259044931563742,1.833155474029901,1.8409456056478466,1.8493166213497039,1.8583137005804624,1.86798577667149,1.8783858732156116,1.8895714720137187,1.901604916434829,1.9145538548423748,1.9284917285741228,1.9434983063351043,1.9596602607198836,1.9770717748217121,1.9958351651315318,2.0160615219575306,2.0378713980549867,2.0613955791478595,2.086775878851066,2.1141657389329325,2.143730436617372,2.175647103397083,2.2101048609123106,2.2473040927678722,2.2874531007143264,2.3307633712572176,2.3774436784548563,2.4276840997649183,2.4816308554493824,2.5393491208271564,2.600736832022922,2.6653951772648337,2.732331562204446,2.799414738071484,2.862053341960472,2.910199827995174,2.921071915760062,2.879219408680534,2.799875560877255,2.696665303168301,2.5770590918465306,2.445584132525966,2.3052431648908858,2.158280306632481,2.00659576109251,1.8519745248586106,1.6962118408338394,1.5411786397632372,1.3888494480699525,1.2413000455244798,1.1006812659800922,0.9691640580436496,0.8488480322296698,0.7416174210541374,0.6489256033076248,0.5715054522601897,0.5090592816468057,0.46007459990417693,0.42195159850848407,0.3915007878805087,0.3656269557876839,0.34190313219085006,0.3188551864625874,0.29595672793002037,0.27341844241239527,0.2518562762100395,0.23191712358133634,0.21396544224730196,0.1979509765497457,0.18351399737979227,0.17023967623455574,0.15787160220010557,0.14634830692291323,0.13568938549846365,0.12587482444823825,0.11682531979428305,0.1084562869322055,0.1007118571167962,0.09355090476400685,0.08692948169893659,0.08080365104429095,0.07513451619009552,0.06988638145252656,0.06502565060169417,0.060521313172124856,0.05634479443292457,0.05246982322790675,0.04887238305407369,0.0455306013219727,0.04242462342871605,0.03953645562221813,0.03684978020854985,0.034349794245754496,0.032022962270280626,0.02985692570334997,0.02784029678281724,0.02596249594087446,0.024213807978246318,0.022585134418243027,0.021067924167697927,0.01965425677255661,0.018336784561900892,0.017108625567590068,0.01596332104920031,0.01489489322328351,0.01389789768411821,0.01296743857208795,0.012099156798698963,0.011289176181985177,0.010533981148824936,0.009830227552858412,0.009174541054450064,0.008563406646138432,0.007993259593173272,0.007460817209822842,0.006963475136335087,0.006499394064900826,0.00606700209997906,0.005664190950600885,0.005288083608369403,0.00493593928607516,0.004606220067062244,0.0042981047054843615,0.004010420467492068,0.0037425913721189415,0.003495192034252299,0.003267241431131011,0.0030552960576398203,0.0028562970520694397,0.002667778443331859,0.0024857330438386636,0.002310261723118348,0.00214978701859617,0.0020125291161774824,0.0018929479722695002,0.0017810552985597146,0.001668193114510014,0.0015513386136353858,0.0014261527279145658,0.0013177610296910985,0.0012453386799328179,0.0011851824494211727,0.0011159135693984774,0.001044987739951721,0.0009683948459893918,0.0008807024782201811,0.0008339076575940611,0.000793144611189698,0.0007432878397244478,0.0006926080353503309,0.0006617448809922223,0.0006018400519370684,0.0005720358676477807,0.0005403758758659682,0.0005124884594724445,0.0004733118124946556,0.00045561319715776874,0.00042059592158417834,0.0004049814748470564,0.00037717776241277313,0.0003664349026755115,0.000343089719938241,0.0003254979220939967,0.0003093776997149075,0.00029824054773737875,0.00028213681286604184,0.00027347029915316214,0.00026477121464800723
108.43659686896098,1.6971681915126557,1.6979280597536184,1.6987422588268284,1.6996146961617695,1.7005495635321735,1.7015513582301471,1.7026249058860634,1.7037753850717332,1.7050083538371459,1.706329778345157,1.7077460637841024,1.7092640877555625,1.710891236353632,1.7126354431732418,1.7145052315086011,1.7165097600289492,1.7186588722478031,1.7209631501341314,1.7234339722496974,1.7260835768366198,1.7289251303234254,1.7319728017669633,1.7352418438020694,1.738748680731339,1.742511004454461,1.7465478790110656,1.7508798545939255,1.755529091981923,1.7605194984462316,1.7658768763010568,1.7716290854050087,1.7778062210740737,1.7844408090446964,1.791568019324909,1.7992259009842866,1.807455640137403,1.8163018435282958,1.8258128501645174,1.8360410733211832,1.847043374943417,1.8588814741932405,1.8716223920605417,1.885338935248769,1.9001102253044178,1.9160222819830104,1.933168668961848,1.9516511989382466,1.9715806727295304,1.9930776105119798,2.016272959790198,2.041308842368885,2.068339420424124,2.0975317348578466,2.129066047598768,2.163135529905508,2.19994597829172,2.2397151766425853,2.2826690113439456,2.3290347337186015,2.379033219147014,2.4328586346630137,2.490645634146289,2.5524171339631594,2.617968623089281,2.6866805594749814,2.7570842923643437,2.8260000118984117,2.8864937683733434,2.9219034418766148,2.9052106900777317,2.8388293222742225,2.7419590747401283,2.625112100403083,2.4943608358077327,2.353500384426806,2.20519592669128,2.0515823197714944,1.8945842317314758,1.736089032505729,1.578036382730621,1.4224582770666396,1.2714855644122345,1.1273254706016242,0.9922104912093487,0.8683108575229693,0.7575951218390331,0.6616190421443474,0.5812354077991846,0.516270171899201,0.46530564879823294,0.4257690102745515,0.3944125596640182,0.368018321495059,0.344015211547646,0.3208019315996014,0.2977621495874005,0.27505872620423644,0.25329751946514933,0.23314258743867441,0.2149870336963484,0.19880340412728306,0.18423793367644042,0.1708662638894961,0.15841764267506236,0.1468216622312709,0.13609675382324016,0.12622491187037124,0.11712714043168233,0.10871703569272523,0.1009370048588031,0.09374520488952205,0.0870972386876151,0.08094855897133894,0.07525971900440342,0.06999460404399524,0.06511924525931041,0.06060230264971049,0.056414919983322216,0.052530580570793156,0.04892505603698484,0.04557629253454553,0.04246427852740941,0.039570885687795876,0.036879693843918565,0.03437576874650324,0.032045550235142696,0.029876543993801314,0.02785734839198009,0.025977345246549703,0.02422669015360563,0.0225963206394368,0.021077693463354384,0.01966278465166087,0.018344177526827554,0.017114999481810115,0.015968838215725038,0.014899712070459144,0.013902138738453605,0.012971189001513356,0.012102484263211978,0.011292134984318806,0.010536617188464853,0.009832583224482227,0.009176657496685415,0.008565318908165642,0.007994993996460899,0.007462384344427234,0.006964862274743866,0.006500569374613126,0.006067928762218865,0.005664826718961862,0.00528836934417474,0.004935824852851893,0.004605766912505487,0.004297608075493009,0.0040104165073255645,0.0037433593657819836,0.0034965312228370086,0.003268744953470877,0.00305629908853476,0.0028565504404616786,0.002667101086137494,0.0024840362058891805,0.0023087225039337416,0.0021502146713295194,0.0020143596042016976,0.0018949873704456812,0.001781788205576075,0.0016679508021380939,0.001549509876475286,0.0014238039823521015,0.0013182333284216467,0.001247054121801645,0.0011866151032582971,0.0011159572084159725,0.0010450820388269151,0.0009670294755200383,0.000880037976525816,0.0008348561163829533,0.0007934362484844043,0.0007426310521450734,0.0006933474226097679,0.0006617849272522132,0.0006011081104673036,0.0005725357384796965,0.0005400674705399709,0.0005119816043965277,0.0004737330188384862,0.00045579713285168107,0.0004202576851894792,0.0004050570196961602,0.0003767548868337586,0.0003661098992318422,0.0003433086521884987,0.0003256965813430175,0.0003093619322947978,0.00029799108684452235,0.0002818867989290494,0.0002733658737757343,0.0002647778343006387
112.26677735108136,1.6566382271847258,1.6573834276511996,1.65818191795362,1.6590375317984483,1.6599543820398652,1.6609368814914245,1.6619897653587687,1.6631181154293535,1.6643273861677723,1.6656234328793165,1.6670125421198896,1.6685014645475884,1.67009745043031,1.6718082880448968,1.6736423452268459,1.675608614355753,1.6777167610908021,1.6799771772030703,1.6824010378876544,1.6850003639790838,1.6877880895386763,1.690778135333026,1.693985488779248,1.697426290995643,1.7011179316666667,1.7050791525091613,1.7093301602131121,1.713892749825145,1.7187904396465439,1.7240486188296902,1.729694708977425,1.7357583411795512,1.7422715500621904,1.7492689865855882,1.7567881515171815,1.7648696517498872,1.7735574819552058,1.7828993344706994,1.7929469407912104,1.8037564484344275,1.8153888370084208,1.8279103766311542,1.8413931301910198,1.8559154987874815,1.8715628090237681,1.888427944882743,1.9066120370350519,1.9262252310482506,1.9473875424117595,1.9702297537918054,1.9948942547926505,2.0215357776279115,2.0503221730838135,2.0814353629059927,2.1150719998371614,2.151443017760702,2.1907726176173745,2.233297412131964,2.2792620884102446,2.328910214218018,2.382473805630061,2.4401469750717126,2.502043143584392,2.5681201511578626,2.6380250223388177,2.710807921885621,2.7842930585966417,2.8536428495208126,2.9079086827660823,2.920928929820455,2.874222540479332,2.786667238484368,2.674052757652727,2.544767209436482,2.4037602898607915,2.2542897497913095,2.098809301017431,1.9394265523920566,1.7781430886307907,1.6169799118053252,1.4580350681017475,1.303499749820924,1.155641757914155,1.0167587878555968,0.889094773760903,0.7747054365801138,0.6752523113942488,0.5917132015332678,0.5240460395619819,0.47093954939936544,0.4298593049136533,0.39750519817238195,0.37053397557670165,0.3462219082058327,0.3228301965963831,0.29964365346513316,0.2767710991029903,0.2548050162659301,0.23442592196051115,0.21605675089317963,0.1996947775561945,0.1849935859635444,0.17151947427637365,0.15898662614606227,0.1473148674425972,0.1365211126075111,0.12658942914112337,0.11744124384517442,0.10898829749271446,0.10117116261338015,0.09394721985080404,0.08727160445356365,0.0810991352343547,0.07538978678511664,0.07010700520041584,0.06521643214741132,0.06068638326785418,0.05648770752781744,0.05259363283896901,0.04897971018275367,0.04562369461880067,0.04250541258031757,0.039606597163591335,0.036910701872545755,0.034402717541158964,0.032068950945858786,0.029896901640132093,0.02787501593583209,0.025992718815357887,0.024240075270012693,0.02260791852644245,0.021087771959969328,0.019671602058405818,0.018351881297529144,0.017121673370108115,0.015974577448461327,0.014904662447388462,0.013906450390614803,0.012974979024375714,0.012105835573885445,0.011295111245092937,0.010539268967204031,0.0098349520933808,0.009178777678249005,0.008567218733460521,0.00799669123896172,0.007463882259041883,0.00696614932939026,0.006501622706785587,0.0060687148494696485,0.005665299147594578,0.005288477764702412,0.004935573264112216,0.004605296180514309,0.0042973091371533425,0.004010741209362745,0.003744396985532815,0.0034979975289353613,0.0032702193699991056,0.0030571359950122253,0.0028566390174980735,0.0026661703095310126,0.0024821845981270164,0.0023074169522608605,0.002150965058711874,0.002016327653280041,0.0018969966012346883,0.0017824017067233665,0.001667544484656058,0.001547467852108665,0.0014215418666419426,0.0013189480927090925,0.0012488211403846783,0.0011879789771754416,0.0011160087880860538,0.001045097862007536,0.0009654987246748102,0.0008795139712511915,0.0008358527677615733,0.0007937913609709504,0.0007419530722460165,0.0006941357845823298,0.0006617736028936522,0.0006004196449625346,0.0005730215636504691,0.0005397904333926677,0.0005114205188679674,0.00047418109673311496,0.00045600675340947723,0.0004199375066668226,0.0004050985215630777,0.00037634168596118264,0.0003657618019919628,0.0003435274609244321,0.00032592000646264796,0.0003093453875763336,0.000297730214488753,0.0002816396967725903,0.00027327184314653757,0.0002647799304867874
116.23224686798518,1.6155116114023576,1.6162415442406997,1.6170236825643693,1.6178617831801707,1.6187598766091553,1.6197222875181032,1.6207536567461938,1.621858965061196,1.623043558792081,1.6243131774989266,1.6256739838563965,1.6271325959441951,1.628696122156866,1.6303721989663917,1.6321690317944415,1.6340954392771951,1.6361609012346316,1.6383756106884901,1.6407505303091026,1.643297453711469,1.6460290720657966,1.648959046537862,1.6521020871306582,1.6554740385616868,1.6590919738808856,1.6629742966136778,1.6671408523033178,1.6716130504280644,1.6764139977833195,1.6815686445481683,1.687103944400502,1.6930490302045451,1.6994354069659112,1.7062971639254303,1.7136712078327898,1.7215975195915296,1.7301194365909902,1.7392839631540977,1.749142111696456,1.7597492775468846,1.771165651108963,1.7834566722573173,1.7966935332883698,1.8109537373114828,1.8263217167326409,1.8428895099185711,1.8607574855843856,1.8800351038559613,1.9008417234426458,1.9233074990018573,1.947574405695591,1.9737973114038272,2.0021448785130773,2.0328002316101266,2.065961751358373,2.1018440029197984,2.1406774695955004,2.1827066857786805,2.2281886583241057,2.277388006474369,2.3305648023873746,2.387960349301438,2.4497623842633107,2.5160488795446003,2.5866791276868906,2.661082485528083,2.737812724672111,2.813594744620172,2.8809741470014596,2.9215261376121346,2.9032170775771746,2.8295583686409977,2.7233666506064305,2.5966161966531147,2.4559929583855253,2.305611449015719,2.1483680674508965,1.9866139695851648,1.8224973966316858,1.6581372322977295,1.4957078562190174,1.337467390575427,1.185749484143349,1.0429209769372139,0.9113029576936934,0.7930415098936064,0.6899072771005803,0.6030082234155447,0.5324426244078518,0.477017958069437,0.434250996407217,0.400796498513233,0.3731843284076276,0.3485293368144424,0.3249440940606396,0.30160470014140267,0.2785589615467487,0.2563821795549092,0.2357703419314229,0.21717736507988047,0.20062729947588376,0.1857826422910229,0.17220063544706837,0.1595796550403725,0.14782887419237511,0.1369632747388533,0.12696905460493607,0.1177681959008921,0.10927054786246718,0.10141473256030607,0.0941572889681822,0.08745286604108725,0.08125562282542281,0.07552492567298066,0.07022375979513001,0.06531735990214188,0.060773681460947075,0.05656326562206152,0.052659072993191725,0.04903642387468688,0.04567287574524822,0.0425480844906379,0.03964363830268636,0.03694286693841923,0.03443065697366721,0.032093222312797355,0.029917991725434585,0.027893357886401526,0.026008630352779245,0.024253940823076983,0.02261998130922781,0.021098211105518728,0.01968068401408428,0.018359842849205412,0.01712863992103075,0.0159806099580412,0.014909834114594473,0.013910887490196816,0.012978821940819013,0.012109198885815848,0.011298074816641296,0.010541891595446159,0.0098372788613291,0.009180843295522448,0.008569048413177393,0.007998299654835435,0.007465271994444873,0.006967310443801338,0.006502531524546331,0.0060693354730712405,0.005665591387338791,0.005288427319539445,0.004935245229442463,0.004604923953834617,0.004297308300924861,0.004011407148265598,0.003745668945834822,0.0034995583168023277,0.0032715878703387298,0.003057795842366626,0.002856525856470036,0.0026649720675116875,0.002480224979853132,0.002306423424576691,0.0021520362442402413,0.0020184241271714387,0.0018989150400828768,0.0017828937564225596,0.0016669400459354618,0.001545199967339338,0.0014194253368267889,0.001319902306246135,0.0012506418280806837,0.0011892420653097059,0.0011160848989207738,0.0010450144980346597,0.0009637926553511564,0.0008791467667455551,0.0008368864246625117,0.0007942185197317397,0.0007412662324298769,0.0006949680593666959,0.0006616970020715174,0.0005997842274843514,0.0005735015282922699,0.0005395593477871097,0.0005108101241616049,0.00047465574928787495,0.0004562371497607368,0.00041963590843034827,0.00040510688049097177,0.000375948086386448,0.0003653940813304902,0.0003437454356257193,0.0003261676531776188,0.00030932433536340413,0.00029746581321664546,0.00028139870575344633,0.00027318835940221133,0.000264778308958553
120.33778407775893,1.573830977355126,1.5745450548499302,1.5753102111991077,1.5761301232164753,1.5770087357604148,1.5779502817652258,1.5789593038397756,1.5800406775659006,1.5811996366415182,1.582441800027239,1.5837732012706323,1.5852003201993083,1.586730117192916,1.5883700702651862,1.5901282152105871,1.5920131890962623,1.5940342774090506,1.5962014651999046,1.5985254926043384,1.6010179151581416,1.6036911693729554,1.606558644087041,1.6096347581632144,1.6129350451691746,1.6164762457459492,1.6202764084486931,1.6243549999313525,1.6287330254437042,1.633433160717232,1.6384798964368856,1.6438996966317305,1.6497211724728786,1.6559752731478767,1.6626954956946676,1.6699181159331562,1.6776824429316046,1.6860310997777974,1.6950103337521043,1.704670359240504,1.7150657367628779,1.7262557912290926,1.7383050720468527,1.7512838574664078,1.765268706562372,1.7803430655987622,1.7965979406906887,1.8141326510066555,1.8330556672658214,1.8534855146559026,1.8755516975505175,1.8993956343920404,1.925171685847192,1.9530483717545242,1.9832095994238288,2.0158554607620705,2.0512027021031067,2.0894855752245727,2.130955972444615,2.1758808309768445,2.2245392367431585,2.277216728741867,2.3341895053617807,2.395704949515268,2.461934969290966,2.5329008760269622,2.608314601014848,2.687278829926788,2.7675987318096227,2.8442217105031053,2.9052465203176108,2.9207849148082192,2.8687270243072773,2.772252921294528,2.649597504680858,2.510114349531241,2.359186726638298,2.2003408494965,2.0362593233310156,1.869279633208453,1.7016429668836148,1.5356124610944935,1.373522139110222,1.2177771214931465,1.0708181330709254,0.9350473542978478,0.8127046720415565,0.7056735142792093,0.6151968323827419,0.5415218562369225,0.48358760941433,0.43897631512696783,0.40430673002389733,0.3759811682588859,0.3509442998803486,0.3271480674671476,0.3036489386192455,0.28042588597628576,0.2580326024387117,0.23717926864499342,0.21835184462028576,0.201603337394514,0.18660691577547425,0.17291115770750318,0.1601978978268953,0.14836468540541017,0.13742409740045183,0.12736450565679103,0.11810859210525695,0.10956428675494023,0.10166813708672467,0.09437576949859883,0.08764132493691215,0.08141827676244662,0.07566535177765896,0.07034505133259589,0.06542218462994305,0.060864330046587325,0.05664170713670708,0.05272699723845323,0.04909527987132944,0.04572390555362962,0.04259235311094359,0.03968205877992535,0.03697623129113939,0.03445962235573818,0.03211840195566421,0.029939847842480164,0.027912371691852993,0.026025148327587684,0.024268274885493237,0.02263249083640449,0.021109079062106028,0.019690077924185652,0.0183680303305023,0.017135834260259344,0.015986917897051624,0.014915297230872596,0.013915555776930308,0.012982797710876704,0.012112608981790072,0.011301030910881376,0.010544473118059174,0.009839541125975048,0.009182826262342503,0.008570778486774566,0.007999791895531742,0.007466529118189107,0.006968320652229888,0.006503271486899725,0.006069777211530987,0.005665719892584265,0.005288275533018291,0.004934949739601872,0.004604786483820217,0.0042976728898082754,0.004012399757741753,0.0037471250112862445,0.0035011646017503325,0.0032727871972581053,0.003058269225373371,0.0028561666208984336,0.0026635123530538143,0.00247823642268993,0.0023058120283936914,0.0021534260316808124,0.0020206433020183265,0.0019006867831370072,0.0017832658657251305,0.0016661023197133721,0.0015426988831319384,0.0014175146172063075,0.0013210922921482262,0.0012525221224076344,0.0011903761522351036,0.0011162057466302714,0.0010448055335175207,0.0009619058723700982,0.000878955815781712,0.0008379377692742049,0.0007947192410956579,0.0007405815701796636,0.0006958380281164115,0.0006615399249817358,0.0005992173214047018,0.0005739873015640853,0.0005393894202711056,0.0005101576954356313,0.00047515559926542396,0.0004564828004430698,0.0004193529658842614,0.0004050869518645215,0.00037558399661119084,0.0003650123737688789,0.0003439613934579961,0.00032643767229543466,0.0003092954266214699,0.00029720622549998284,0.0002811673697787099,0.0002731164966142189,0.0002647733227799263
124.58833642950081,1.5316437446275204,1.5323413744530177,1.5330889139867279,1.5338899569785402,1.534748359329908,1.5356682587087822,1.5366540957027284,1.5377106366407014,1.538842998226311,1.5400566741391248,1.5413575637757477,1.5427520033192748,1.5442467993444722,1.5458492651868778,1.5475672603272403,1.549409233068599,1.5513842668121982,1.5535021302707104,1.5557733319933407,1.5582091796178323,1.5608218443097301,1.5636244309001628,1.566631054290659,1.5698569227579466,1.5733184288643052,1.577033248760947,1.5810204507642225,1.58530061418834,1.5898959595347388,1.5948304912678648,1.600130154549736,1.6058230074604165,1.6119394103962492,1.6185122345104097,1.6255770912410028,1.6331725851675327,1.6413405926685247,1.6501265691647153,1.6595798881887174,1.6697542161844314,1.6807079277898873,1.6925045671661925,1.7052133611343223,1.718909788658495,1.7336762082111128,1.749602541349625,1.766787012194814,1.785336953977458,1.8053697117292986,1.8270136692023633,1.8504093745656933,1.8757106612273453,1.9030857023942163,1.9327181695025761,1.9648086718866336,1.999575979967329,2.0372573494118336,2.0781088445309113,2.122405768835447,2.170439621130439,2.2225133136462603,2.2789340431987313,2.339992905394354,2.405938101594232,2.4769117509656087,2.552846292494665,2.6332347444202098,2.7166780407729685,2.7998216119058537,2.874719570855855,2.921061142461667,2.9010258998040017,2.8194029308868362,2.7031918066719083,2.565953350687303,2.41500659755974,2.25479726202596,2.088471988264389,1.9186209876700282,1.7476378412981295,1.5778931714861408,1.411806670136663,1.2518624899033612,1.1005807659676716,0.96044921432861,0.8338053208907857,0.7226489479995938,0.62836319886075,0.5513525385252805,0.4907009513088927,0.4440718276059871,0.4080589752621615,0.3789379554959495,0.3534744611961298,0.32944694478792036,0.30578023116095876,0.282375605165433,0.2597600757690722,0.2386563271757275,0.21958336081617238,0.20262543676977152,0.18746834567161264,0.1736525482382515,0.16084259314714897,0.1489233630917423,0.1379044886539434,0.12777654212331183,0.11846306239422341,0.10987004158630766,0.10193182195869163,0.09460303726629159,0.08783729784257203,0.08158736493062965,0.07581129191598875,0.0704710720318086,0.0655310693494852,0.060958467880249965,0.05672315020613331,0.05279750640597219,0.0491563646825806,0.04577685904939847,0.04263828369167708,0.03972191807292209,0.03701082515429205,0.03448967904036886,0.032144491942794784,0.02996253466168664,0.02793205651771516,0.026042291994232393,0.024283143508672594,0.022645410570560947,0.021120368725529394,0.019699866196069483,0.018376479045450825,0.017143214347928735,0.015993423316581632,0.014921017859783092,0.01392051670929405,0.012987026227141379,0.012116179354852919,0.011304050367085022,0.01054704665144006,0.009841748541216526,0.00918472104016469,0.008572396517335322,0.008001152513616973,0.00746763684794713,0.00696916884092408,0.006503846138598592,0.0060700696312496775,0.005665751365713837,0.005288133468873954,0.004934838823180643,0.004604999013288828,0.004298421792422815,0.004013678889370604,0.0037487166146394145,0.0035027325560486808,0.0032737819581746485,0.00305854434150639,0.0028555191106863467,0.002661809015741286,0.002476333866869207,0.0023056377544063995,0.002155121347688104,0.0020229786164655565,0.0019022693299958389,0.001783522227938768,0.0016649945480300134,0.0015399662507478355,0.0014158749816095331,0.0013225196117368934,0.0012544720186966761,0.0011913607333683318,0.0011163905105041785,0.0010444421103483147,0.0009598446834093959,0.0008789598356440204,0.0008389830933852233,0.0007952815834600406,0.000739908424461388,0.0006967386483975577,0.0006612859866719464,0.0005987394666817583,0.0005744902637561807,0.000539297629063726,0.0005094695746148075,0.00047567768357588614,0.00045673695224211433,0.0004190880162011743,0.00040504941738450585,0.0003752589640881481,0.00036462258876307155,0.0003441732735300017,0.0003267275889207253,0.00030925739584409726,0.0002969602603892521,0.0002809495112452147,0.0002730583956328709,0.0002647645321413609
128.9890261253308,1.4890024598230984,1.4896830628075963,1.49041236449012,1.491193872471377,1.492031350374042,1.4929288370218532,1.493890667126077,1.4949214936077149,1.4960263116960413,1.4972104849576735,1.4984797734254323,1.4998403640130067,1.5012989034200683,1.5028625337532442,1.5045389311114747,1.506336347410123,1.5082636557470157,1.5103303996458406,1.512546846548369,1.5149240459673148,1.5174738927568079,1.520209196008032,1.5231437541342312,1.5262924367727415,1.5296712742028062,1.5332975550576964,1.5371899331992005,1.5413685447234302,1.5458551361809592,1.5506732052241492,1.5558481550433565,1.561407464125623,1.5673808730687981,1.5738005904142685,1.5807015197224117,1.5881215103983577,1.59610163505994,1.6046864964869798,1.613924567355354,1.6238685660200594,1.634575871643864,1.6461089822366046,1.6585360201575443,1.6719312918010523,1.6863759112237842,1.7019584991689818,1.718775965016338,1.736934366922233,1.7565498325474511,1.7777495327119093,1.8006727491949481,1.8254721148478508,1.8523150069671876,1.8813848689928876,1.9128823294637056,1.947026518814772,1.984056700105746,2.0242328989565697,2.0678354763923545,2.1151653804046986,2.166540891075973,2.222290462260985,2.2827432581621503,2.3482027816868825,2.4189096667011474,2.494955708007822,2.576135077431644,2.661613174257595,2.749211877329489,2.8336887445649945,2.90216091961466,2.9206414037640296,2.862692314810284,2.756551772810263,2.6232006415101528,2.473002199839344,2.311783898316724,2.143355980591821,1.9706535114029853,1.7962688684728243,1.6227021141503581,1.45247309946799,1.288153679727015,1.1323498083686985,0.9876399306572039,0.8564634917828268,0.7409408029909045,0.6425999276363863,0.5620110354957973,0.4984168013730309,0.44957896418448917,0.41207966531022544,0.38207008484557925,0.356128462911684,0.33184602991290996,0.30800265122671633,0.2844120239705469,0.2615685736169734,0.24020537911072287,0.22087532034914298,0.20369633029871312,0.18836901614107487,0.17442640932926373,0.16151505106977296,0.14950603160284184,0.1384054102774262,0.12820596617033525,0.11883227227772293,0.11018836909484626,0.10220625615658492,0.09483948756617756,0.08804111817803187,0.08176316859815391,0.07596298407899212,0.0706020234427643,0.06564418520261185,0.06105624007704848,0.05680771889992178,0.052870706363292004,0.04921976770433646,0.0458318122722756,0.04268594061122903,0.03976326665876501,0.03704672528054417,0.034520838445836255,0.03217155958388485,0.02998604732577147,0.027952485800699586,0.026060031074849607,0.024298596865960274,0.022658790666179082,0.02113202190813941,0.01971005792106668,0.018385293243117218,0.01715081193937513,0.016000075218907082,0.01492690373902077,0.013925713811434315,0.012991547144988002,0.01212003198896558,0.011307279908318358,0.010549734350071947,0.009843985739912194,0.009186585521446394,0.008573941587859579,0.00800241186744655,0.0074686282196421375,0.006969897808394506,0.006504317427057294,0.006070304839208722,0.0056658148603237245,0.0052881677202655875,0.004935062396328725,0.004605623296917974,0.0042995318741000195,0.004015180134656528,0.0037503882400107117,0.0035041586637636255,0.003274554100134931,0.00305858836491605,0.0028545476825180393,0.0026598928048126246,0.002474652114196359,0.002305931886034224,0.002157085782663693,0.0020254130264864595,0.0019036401992986616,0.0017836551369901877,0.0016635785252557256,0.0015370181890518979,0.0014145693163691842,0.0013241933986918582,0.0012565060699578502,0.0011921880429261163,0.0011166434744349332,0.001043897490574478,0.0009576302886349897,0.0008791746454356115,0.0008399971033815187,0.000795877197950463,0.000739256509069474,0.0006976614731417191,0.0006609194972925648,0.0005983679876898654,0.0005750195491767955,0.0005393021696599229,0.0005087517851341496,0.0004762183812795543,0.0004569919911066283,0.00041884322851921057,0.0004050083864438913,0.0003749843883700833,0.0003642286073552252,0.0003443779687297919,0.0003270360217548553,0.0003092122280236853,0.00029673763184617086,0.000280749559921548,0.00027301759879211406,0.00026475116210195217
133.54515629298987,1.4459645122074163,1.4466275137098934,1.4473379617508875,1.448099274815398,1.4489151210636584,1.4497894370577575,1.4507264479633306,1.4517306893523536,1.45280703074517,1.4539607010432627,1.4551973160191753,1.4565229080465214,1.4579439582714242,1.459467431447265,1.4611008136774886,1.462852153336795,1.4647301054696549,1.4667439799970778,1.4689037940985126,1.471220329176022,1.4737051928532094,1.4763708865123297,1.479230878930452,1.4822996866402731,1.485592961714179,1.4891275877524555,1.492921784949203,1.4969952252135845,1.5013691584404032,1.5060665511533975,1.5111122388875158,1.516533093833055,1.522358209435825,1.5286191038359274,1.5353499442401954,1.5425877945742013,1.5503728890740502,1.5587489348902885,1.567763447316268,1.5774681219114575,1.587919248454513,1.599178172055942,1.6113118064779377,1.6243932035037905,1.638502180673425,1.6537260100609994,1.670160176280476,1.687909222855276,1.7070877126332393,1.727821309832329,1.7502479439819538,1.774518996607294,1.8008005507578908,1.8292748771618288,1.8601421361331767,1.8936218114214427,1.9299537901908155,1.9693999590845457,2.012245466025714,2.0587977432691167,2.109385906529958,2.1643572832002285,2.2240674211696927,2.2888670471952537,2.3590677169290495,2.4348893630852264,2.516342914427766,2.6030088708078365,2.6935498276982552,2.784563722963632,2.8676498162618134,2.9204900073261206,2.8986212555580373,2.8082949887690725,2.6813381958069216,2.5330203557544575,2.3713112937720537,2.2010018749712854,2.0255091462638966,1.847687329048488,1.670199770639074,1.49568354751138,1.3268094269238218,1.1662771600981388,1.0167619214877617,0.8808099249729681,0.7606662552754122,0.6580090254266221,0.5735822295919184,0.5068012487199512,0.45554478792071984,0.4163990410579987,0.38539522884224797,0.358916128560095,0.3343511440550619,0.3103205483247982,0.2865392386738286,0.26346228645856073,0.24183051444274353,0.2222313639969476,0.20481896859497348,0.18931116985074323,0.17523445743152877,0.16221666653342948,0.1501138791107546,0.13892787923464733,0.12865363007286776,0.11921692477874656,0.11051985585243394,0.10249193436530023,0.09508553739608921,0.08825313629336956,0.08194598357078399,0.07612067822746027,0.07073811719886637,0.0657617114962409,0.06115779922630702,0.05689554220034211,0.05294670682488071,0.049285583975367066,0.04588884633453496,0.042735393744826926,0.03980616925920592,0.03708395198556163,0.034553162709714695,0.032199637789155716,0.03001041565220425,0.02797368247848179,0.026078418543717747,0.024314594363229802,0.022672711954486648,0.021144062648445924,0.019720577717665312,0.01839449594475496,0.017158743988064006,0.016006902834680193,0.014932896312028638,0.013931040166441295,0.012996276249606467,0.012124168328646743,0.011310817882710341,0.010552695130599338,0.009846423393207042,0.00918857143710134,0.008575546179875628,0.008003689826701825,0.007469618195803982,0.006970630336596087,0.006504826704802432,0.006070648464906728,0.005666098030250443,0.005288547536515279,0.004935711417313924,0.004606655884918826,0.004300943896140469,0.004016834689225879,0.0037520475153658963,0.003505365634370046,0.0032750919947816437,0.00305834529383435,0.0028532401077058936,0.002657829942022383,0.0024733268127897306,0.0023066974744075973,0.0021592738012786846,0.002027897910906909,0.0019047936549413053,0.0017836295717437729,0.0016618218825220378,0.0015338948189979975,0.0014136534525330765,0.0013261162624854299,0.0012586409809550642,0.0011928629739155828,0.001116948535195436,0.0010431557891417195,0.0009552954685171172,0.0008796107906451592,0.0008409536703092829,0.0007964672365358121,0.0007386356421304924,0.0006985963562974642,0.0006604233058270199,0.0005981110161274777,0.0005755787978215142,0.0005394228051990034,0.0005080132441268301,0.0004767747438939868,0.00045724027607631034,0.00041862717307877313,0.0004049788338783576,0.00037477391092934585,0.0003638323725979166,0.00034457282555846026,0.00032736165139316524,0.00030916616136508957,0.0002965487103531738,0.000280572590353491,0.00027299918243555235,0.00026473276470863094
138.2622173764655,1.402592981720435,1.403237818126504,1.4039288081461887,1.4046692781483316,1.4054627976025396,1.4063131973353693,1.4072245892278763,1.4082013874781762,1.4092483315646065,1.4103705110582996,1.4115733924486975,1.4128628481618988,1.4142451879699618,1.4157271930096156,1.4173161526515246,1.4190199044866083,1.4208468777242922,1.4228061403292995,1.4249074502591967,1.4271613112047656,1.4295790332800538,1.4321727991591853,1.4349557362134695,1.437941995265817,1.4411468366509235,1.444586724350243,1.4482794290618075,1.452244141168167,1.4565015946832136,1.4610742033930235,1.465986210560224,1.471263853739128,1.4769355464530523,1.4830320787172033,1.4895868386477797,1.4966360576713125,1.5042190821201566,1.5123786742472523,1.5211613459017086,1.5306177283047637,1.5408029816748723,1.55177724912294,1.563606160589982,1.5763613947009114,1.5901213084789294,1.604971644764408,1.621006322284027,1.6383283044161203,1.6570505396430115,1.677296985831616,1.699203768953319,1.722920527296065,1.7486118858000226,1.7764588972107793,1.8066604809124664,1.8394352187645888,1.8750233470744737,1.9136879974789176,1.9557162897257225,2.0014210448598346,2.0511397553917745,2.105232521913912,2.1640780058940945,2.2280600601076563,2.2975494137797994,2.372858536409108,2.454166391724179,2.541356332703576,2.6336806490820264,2.729007810262151,2.8219353675918173,2.8985940281256877,2.9205002165329668,2.856075193705791,2.739480400600298,2.5947627270717595,2.4333348618623343,2.2614802215654723,2.083314081681035,1.9020484558183348,1.7205540640377044,1.5416098402750618,1.3679996872015157,1.2025264942604952,1.0479692997673704,0.9069868020412055,0.7819535512922696,0.674702748874939,0.5861602786815677,0.5159284098810445,0.4620227553914226,0.42105183456210415,0.38893378138805207,0.3618486966900028,0.3369687766635763,0.3127385437530567,0.28876152311915987,0.2654456018873852,0.24353607984219083,0.22365540146469612,0.20599652305695412,0.19029721838393,0.17607852595747853,0.16294891647023724,0.15074816797792845,0.13947297631131117,0.12912043467792983,0.11961776538956126,0.11086512287436621,0.1027893785917829,0.0953416254299843,0.08847372149045057,0.08213612076083482,0.07628463695269641,0.07087957516497331,0.0658838361482616,0.06126330443794222,0.05698675622842143,0.053025623911385524,0.04935391098528797,0.045948045089387456,0.042786714728870114,0.039850683041322284,0.03712258403932742,0.0345866983162609,0.03222873960438786,0.03003571463534375,0.027995628058953226,0.026097521794396655,0.024331144362795494,0.02268714771929832,0.02115659339515747,0.01973141730514544,0.01840400167056319,0.017167057816395763,0.01601403787979248,0.014939025544055677,0.01393643234662896,0.013001093586830603,0.01212847690907115,0.01131461930681676,0.010555976415268427,0.009849190685307922,0.009190858423004633,0.008577405766392775,0.00800518356765179,0.007470805805406385,0.006971568679126914,0.006505580345926623,0.006071304031587284,0.0056667708766139245,0.00528937006192975,0.004936794542529877,0.004608041513283376,0.00430257127404702,0.004018565196457733,0.0037535651207622174,0.0035063168058575584,0.0032753783172341233,0.003057759223392679,0.00285161780654539,0.0026557406777548294,0.002472479644755514,0.0023079210570639175,0.002161651424311826,0.002030339795064097,0.001905731167139101,0.0017833926241863788,0.0016597166038781691,0.0015306723792221939,0.0014131794646732618,0.0013282672034147902,0.0012608862054846394,0.001193400069755342,0.0011172781180722013,0.0010422190144281072,0.0009528841784051207,0.0008802670015419568,0.0008418323655656211,0.000797007371280382,0.0007380608327309983,0.0006995351811847988,0.0006597780754517989,0.0005979720410945911,0.0005761627528697179,0.0005396796300166107,0.0005072636054842248,0.00047734333636566056,0.00045747187636870865,0.00041845555578376453,0.0004049759717908093,0.0003746423877059649,0.0003634371533431793,0.00034475670152993103,0.00032770253842830067,0.0003091297786696904,0.0002964044582276525,0.00028042583648774544,0.000273008301513884,0.00026470982213002006
143.14589375234786,1.358956086803777,1.3595822079975808,1.360253150457331,1.360972145584444,1.3617426610955283,1.362568418791418,1.3634534137322587,1.3644019349396967,1.3654185877589455,1.3665083180265176,1.3676764382038988,1.3689286556535494,1.3702711032515862,1.3717103725515565,1.373253549736102,1.3749082546184004,1.37668268298334,1.3785856525898794,1.380626653191436,1.382815900970907,1.3851643978317332,1.3876839960368825,1.3903874687445918,1.3932885870539964,1.3964022042464013,1.3997443479899034,1.4033323213675277,1.4071848136930525,1.4113220221953857,1.4157657857827188,1.42053973224275,1.4256694403962527,1.4311826189003605,1.437109303599314,1.4434820755525064,1.4503363021470794,1.4577104040472795,1.4656461511710288,1.47418899143064,1.483388416601746,1.4932983702775477,1.5039777031947767,1.5154906810116604,1.527907548854231,1.5413051563876359,1.5557676487349552,1.5713872343786783,1.5882650499205775,1.606512143750024,1.6262505819821582,1.6476146453115588,1.670752087407461,1.6958255188674374,1.7230140572534767,1.752515178577272,1.7845464081215636,1.8193469484993978,1.8571799048841977,1.8983342242826515,1.9431253340430827,1.9918966435698808,2.045018882404658,2.1028862001597495,2.165910832694588,2.234505553637986,2.30905771451261,2.389869304099763,2.477047482843829,2.5702743485456723,2.6682950053610113,2.7677011340771984,2.8596776200331417,2.9197908101658854,2.8959865214288016,2.796164391314201,2.6577091124865633,2.497717794863777,2.3248262027350988,2.144184987402412,1.9595077854633836,1.7739398283050134,1.5904341980412593,1.4119062567075173,1.2412740809245373,1.081429058544457,0.9351488364564221,0.8049428408578402,0.6928046196861108,0.5998497734872145,0.5258815444662529,0.4690736196312077,0.4260779579181833,0.39270929374894886,0.36493906945723886,0.33970616244698765,0.31526161374891076,0.29108337204265394,0.2675231323862897,0.24532668052048046,0.22515161737833855,0.20723242418485313,0.19132976918493877,0.17696058168981374,0.1637133768044712,0.1514102324560637,0.1400418444850083,0.1296073380308055,0.12003558179739862,0.1112248248533225,0.103099139316446,0.09560821512570851,0.08870326233584583,0.08233390742977591,0.07645513626180925,0.0710266306437696,0.06601075659349828,0.06137292335014446,0.057081502422939856,0.053107577690994535,0.049424852604896534,0.04600949636254041,0.042839978536324326,0.03989687567948837,0.037162657957921244,0.03462147357710619,0.03225894797375711,0.03006193030539839,0.028018405384896816,0.026117302852081352,0.024348345580509193,0.02270205448368388,0.021169622762015384,0.01974268629837461,0.018413767970004106,0.017175656002745315,0.016021551786625194,0.014945440010395208,0.0139419250803225,0.01300593386694845,0.01213282407671531,0.01131854218649655,0.010559481096668197,0.009852263614409475,0.009193500056876233,0.008579640395360532,0.008007054359289882,0.007472369996359714,0.006972894039377889,0.006506744965765905,0.006072399536592519,0.005667900878875858,0.005290632408706984,0.004938250030727784,0.004609682598818773,0.004304324016854142,0.004020244715980244,0.0037548373805466385,0.0035069939501412746,0.00327536432215056,0.003056785607074701,0.002849724475896101,0.002653804250294448,0.002472203743690985,0.0023095855674674522,0.0021641965680251674,0.0020326232892745656,0.001906452607973059,0.0017828837930630762,0.001657268104643707,0.001527460053543152,0.0014131864971113715,0.0013306046673530328,0.0012632331231258141,0.0011938224625558688,0.0011176012065957338,0.0010410926087666497,0.0009504555621765682,0.0008811288638404208,0.0008426268020074325,0.0007974528775473695,0.0007375580028573353,0.0007004696343445809,0.0006589640951256832,0.0005979578972264687,0.0005767556420593942,0.0005400880218981832,0.0005065082274851439,0.00047792057544131304,0.0004576749378344891,0.00041834620858443726,0.00040501429994779716,0.00037460662269155266,0.00036304921253691136,0.000344928244498293,0.0003280547580564411,0.0003091158289410338,0.00029631620941139976,0.0002803199593495221,0.0002730480993814831,0.0002646831377117418
148.20207057988586,1.3151279970010952,1.3157348659857468,1.316385185053035,1.3170820877816958,1.3178289370643155,1.3186293423723967,1.3194871783909015,1.3204066051406442,1.3213920897184566,1.3224484297978454,1.3235807790471454,1.3247946746380526,1.326096067035136,1.3274913522767422,1.3289874069797938,1.330591626325779,1.3323119653129407,1.3341569835907776,1.3361358942278925,1.3382586168034116,1.3405358352562993,1.3429790609764771,1.3456007016775178,1.3484141366536309,1.3514337990947225,1.3546752662136285,1.358155358030655,1.3618922457639993,1.3659055708926537,1.3702165760935605,1.3748482494102485,1.3798254831892243,1.3851752495262006,1.3909267941984809,1.3971118513210956,1.4037648812456929,1.4109233345093288,1.4186279449182781,1.4269230551123382,1.435856978228421,1.445482399678551,1.4558568237924865,1.4670430714060445,1.4791098364340964,1.4921323113587117,1.5061928916005105,1.5213819648763978,1.5377987848740207,1.5555524273386325,1.5747628440229897,1.5955620618349489,1.6180955728361972,1.6425238734316083,1.6690240321283274,1.6977913345961864,1.7290413089138397,1.7630119986759807,1.7999657765087904,1.8401912607385886,1.8840059255797383,1.931756912090502,1.9838216164079043,2.0406074004239296,2.1025456936078717,2.17008436126155,2.2436647421803713,2.3236846264458797,2.4104174220972103,2.5038518404575334,2.6033512160545036,2.70685617309673,2.808846613398284,2.894482380677206,2.9203634841656996,2.848829607398718,2.720952163423141,2.564182703184289,2.3910198429597327,2.2082181625751085,2.0202186943603087,1.8305373238237883,1.642348181350002,1.4587228694165009,1.2827093429050116,1.117321664296806,0.9654642533788484,0.8297873909704386,0.7124505398130397,0.6147666679637188,0.5367540055699765,0.4767664728399983,0.43152336005081104,0.3967491260057684,0.3682021884134786,0.34257148586742675,0.3178951121726644,0.2935094795351834,0.2696997033406076,0.2472071969941889,0.22672450073900563,0.2085303676322839,0.19241163289768776,0.17788273576307945,0.16451172104223702,0.15210149257221328,0.14063570040829862,0.13011535513277234,0.12047121111974128,0.11159965601340235,0.10342179868629377,0.09588579463563963,0.08894216875948996,0.08253968798880737,0.07663246643961029,0.07117952841507051,0.06614267969570328,0.06148683090543807,0.057179930113446964,0.053192695363948266,0.04949851565359958,0.046073292270173274,0.042895264139395546,0.03994481183983687,0.03720424342656708,0.034657568686650084,0.03229026572553803,0.030089123015133366,0.02804203751020583,0.026137797726540936,0.024366189197206223,0.022717527297284764,0.021183066899528948,0.019754442906353555,0.01842389313703698,0.017184464568942594,0.016029339174166296,0.014952235153902949,0.0139476880944039,0.013010843451900568,0.012137152236357909,0.01132244882662924,0.010563041024181534,0.009855494444069812,0.009196394358150325,0.008582198662115549,0.008009298706933458,0.00747434108014882,0.006974647106862005,0.006508348563548909,0.0060739324936577915,0.00566944323155556,0.0052922481305504926,0.0049399641711126985,0.004611469089114852,0.004306075509417932,0.0040217199336321716,0.003755817020940355,0.0035073792733898747,0.0032749790247452453,0.003055419132182158,0.0028476463112723296,0.002652225316390284,0.0024725479624145875,0.0023116464530168446,0.0021668893719348423,0.0020346492570407363,0.0019069601164358448,0.0017820376512272852,0.0016544687635141782,0.0015243944646333167,0.0014136887981749315,0.001333081733385901,0.001265634637240278,0.001194154153007945,0.0011178821591417863,0.0010397577719606743,0.0009480820859394893,0.0008821732384515306,0.0008433396947071115,0.000797761754564087,0.0007371623787491079,0.0007013822024000569,0.0006579591303941102,0.0005980825941486332,0.0005773321609947324,0.0005406532654848544,0.0005057486009176864,0.00047850355263279827,0.0004578397094065704,0.00041830893398425045,0.000405105985172542,0.00037468734427143657,0.0003626768163086046,0.00034508489674316335,0.00032841201437231013,0.0003091340200531911,0.0002962949891777355,0.00028026703393013497,0.0002731184157683879,0.0002646538521668198
153.43684089300118,1.2711882995588688,1.2717753990196048,1.2724045402653466,1.2730787563614918,1.2738013024858275,1.2745756726736783,1.2754056178944246,1.2762951655748829,1.2772486406963666,1.278270688604792,1.279366299687203,1.280540836083678,1.2818000606209932,1.2831501681738668,1.2845978196813788,1.2861501790705403,1.2878149533663517,1.2896004362984017,1.2915155557486404,1.2935699254238613,1.2957739011803375,1.298138642477607,1.30067617949442,1.3033994865032517,1.3063225621715238,1.3094605175389276,1.3128296725121658,1.316447661822303,1.3203335515069963,1.3245079671113875,1.3289932349486377,1.3338135379252698,1.3389950876198087,1.3445663145092668,1.3505580784741664,1.3570039019918965,1.3639402287709528,1.3714067110112982,1.3794465290201585,1.388106747558341,1.3974387139569249,1.407498503536622,1.4183474179214872,1.4300525413610614,1.4426873596883618,1.4563324476495274,1.4710762351604496,1.487015871267829,1.5042582089200616,1.522920920943426,1.5431337277995816,1.56503971205018,1.5887967679519905,1.6145793167080484,1.6425802770933076,1.6730130074595209,1.7061132475579401,1.742141648674796,1.7813863585706047,1.8241647234468736,1.8708258582771835,1.9217522632030921,1.9773592240475901,2.0380944023470287,2.104429801437659,2.1768505436600134,2.255824621691564,2.3417498405036263,2.434842176252892,2.534900017707291,2.6407808821759002,2.7491103720991785,2.850707928878785,2.9189376160440657,2.8931043812330692,2.782939414869527,2.6322087064228157,2.45995020864565,2.2754781661213865,2.0843254429267404,1.8905299264169066,1.6975529433495118,1.5086557650517294,1.3270357798028902,1.1558423920934184,0.998115916309786,0.8566546322893523,0.7337899125154342,0.6310396168955875,0.5486505596092358,0.48517984901874844,0.4374409935288092,0.40108506333353994,0.3716553932892348,0.3455740313593819,0.32064487527074814,0.2960447957146588,0.27198037297307465,0.2491827940518723,0.2283788582690591,0.20989435554871247,0.1935458587408116,0.17884725931480416,0.16534573847539105,0.15282345154265958,0.14125583247925952,0.13064556647179176,0.12092553925041806,0.11199034939974564,0.103757971147999,0.09617488025307606,0.08919087269535436,0.08275382531510123,0.07681693290195044,0.07133852611049832,0.06627982309042524,0.06160521149969855,0.0572821947267891,0.053281108678471155,0.04957501373271469,0.04613952865765799,0.04295265311424078,0.03999456401934152,0.03724739251082897,0.03469499910334658,0.03232276138936473,0.03011734512016607,0.028066512051999844,0.026159095226959455,0.024384638149291114,0.022733621801270167,0.02119697793701121,0.01976658630017871,0.018434493824039846,0.017193557194988305,0.01603729311460023,0.014959298383712486,0.013953838644387125,0.013016017629237703,0.012141523229200616,0.011326293984658316,0.010566525885695554,0.009858700700057822,0.00919935524738064,0.008584919265545025,0.008011781529912011,0.007476603965942402,0.006976725023853971,0.006510288516585206,0.006075788729189588,0.005671269022210144,0.005294080504287102,0.004941805220510077,0.0046132554560753,0.004307648360763653,0.004022896353151269,0.003756482009206693,0.0035074197427689374,0.0032741638199539377,0.0030537045819567896,0.0028455508073034676,0.0026511930698444684,0.002473507469297478,0.0023140257777958416,0.0021696876041460474,0.00203635861938347,0.001907261484541856,0.0017807895469657226,0.0016513124140966528,0.0015216201972220198,0.0014146750695621594,0.0013356660482047363,0.0012680011860970145,0.001194414616778567,0.0011180784935656222,0.0010381760433734717,0.0009458338880686147,0.0008833726920100312,0.0008439793989064828,0.0007978950050274001,0.0007369173867727171,0.000702244128348457,0.0006567444288501462,0.0005983631988745567,0.0005778624203103897,0.0005413603979688693,0.0005049862215946366,0.0004790882518572588,0.000457956072398099,0.0004183415500504991,0.00040525752018195313,0.0003749079184656361,0.0003623250815524311,0.00034522508909627984,0.00032877082148420367,0.00030918622683794527,0.0002963495952228021,0.0002802800121444937,0.00027321605271853934,0.0002646233701436477
158.85651294280527,1.2272226348990052,1.2277894671103358,1.2283968967840901,1.2290478538179437,1.2297454828187189,1.230493159311642,1.2312945072415944,1.2321534178789124,1.2330740702533634,1.234060953252265,1.2351188895324516,1.2362530614111094,1.2374690389176293,1.2387728102077573,1.2401708145627537,1.2416699782202922,1.2432777533107784,1.2450021602030346,1.246851833597343,1.248836072742125,1.2509648961936837,1.25324910158705,1.255700330940818,1.258331142080768,1.2611550868370398,1.2641867967487856,1.267442077099949,1.2709380102118149,1.2746930690342562,1.2787272422108218,1.2830621719461548,1.287721306181519,1.2927300667896264,1.298116035737113,1.3039091614335778,1.310141987786995,1.3168499088064238,1.3240714519162537,1.3318485934532918,1.3402271101116765,1.3492569704472683,1.3589927711310703,1.3694942237380885,1.3808266997002354,1.3930618433545827,1.4062782644075584,1.420562319288846,1.4360089849024111,1.452722823596723,1.4708190478818488,1.4904247233092431,1.5116801654199294,1.534740529735568,1.5597774963722457,1.5869810331078225,1.6165614955793406,1.6487521269464784,1.6838113692312697,1.7220251718765065,1.7637101775687567,1.8092160171375475,1.8589271912386738,1.9132654923826504,1.9726884558640403,2.037688011235304,2.108779956639065,2.186487484980289,2.271300840361414,2.3636010338794144,2.463500730251264,2.570492792170945,2.6826221783798716,2.7943026285592203,2.889756708665246,2.9202336705971317,2.8409065918754357,2.7008772356508306,2.5313599328097394,2.34597331814319,2.151955924282724,1.954100600921534,1.756257003684497,1.5619232350504553,1.3744712958855432,1.197201879488831,1.0333024574780982,0.885727520968714,0.7569869778597411,0.6488111057901377,0.5616885596011407,0.49440304796074097,0.4438919377614937,0.4057542171914904,0.3753189687261545,0.34872447294312425,0.32351728282753306,0.2986945118282739,0.27437042275559465,0.25125893244788083,0.2301198426175377,0.21132870706482965,0.1947357449635729,0.1798565998897963,0.16621733517609383,0.15357771128353465,0.1419036135541462,0.13119911889422442,0.12139950913319188,0.11239768335118037,0.1041083073404613,0.096476016555532,0.08944983034804312,0.08297670174923344,0.07700885720869266,0.07150389435568655,0.06642241504936523,0.06172825783479726,0.05738846036557501,0.05337295715531334,0.0496544639695265,0.046208306200027464,0.04301223155811408,0.04004620292759116,0.037292175378472465,0.034733855983006906,0.0323564761252403,0.030146591045547358,0.02809193285094433,0.02618114677318013,0.02440380687862131,0.022750253942577188,0.021211477852596788,0.019779099697186924,0.01844547594536833,0.01720310273981556,0.016045457104025693,0.014966489789542436,0.01396025575231822,0.013021592534751034,0.012146168048033193,0.011330166915629773,0.010569909589228337,0.009861772798488372,0.009202203364050119,0.008587588985899933,0.008014293312380724,0.007478965731901242,0.006978946959403038,0.006512390977808619,0.006077799180357265,0.005673212445558251,0.005295963421215227,0.0049435901741311525,0.0046148448849898755,0.004308915594881227,0.004023736519755255,0.003756801124717055,0.0035070350169714866,0.0032729039228526617,0.003051731377864457,0.002843690438283461,0.0026508514086266938,0.0024750500183270113,0.0023166553223581718,0.0021724818562258398,0.00203773624215325,0.001907334442029658,0.0017790763510575193,0.001647818074677272,0.0015192769593418004,0.00141612282885794,0.001338348483966928,0.0012702287552873036,0.001194621235946654,0.001118142879653287,0.0010363052618344649,0.0009437739233154848,0.0008846987591309586,0.0008445631559256363,0.0007978192928658457,0.0007368777314208342,0.0007030229093121346,0.0006553171031430654,0.0005988135204583166,0.0005783160218578595,0.0005421728155438389,0.0005042204062766386,0.0004796685878282774,0.0004580092540276208,0.0004184338064728355,0.0004054678212336028,0.000375290842844432,0.0003619925856363371,0.0003453483259640769,0.0003291312905943492,0.00030926695410639403,0.0002964854447540412,0.0002803724870211091,0.0002733358876982393,0.0002645933207384071
164.46761779946627,1.1833221497098128,1.1838682411603088,1.1844534517291339,1.1850806056757117,1.185752734381785,1.1864730920103346,1.187245172415793,1.1880727274149754,1.188959786538981,1.1899106783983646,1.1909300538073064,1.1920229108274967,1.1931946219091987,1.1944509633256912,1.1957981471182724,1.1972428557925572,1.1987922800332376,1.200454159734198,1.2022368286743805,1.2041492632075201,1.2062011353765303,1.2084028709115073,1.2107657126249252,1.2133017897794953,1.2160241940744667,1.2189470629760188,1.222085671208234,1.2254565313243735,1.2290775043953641,1.232967921985004,1.2371487207308773,1.2416425910174678,1.246474141414788,1.2516700807636734,1.2572594200216127,1.263273696248864,1.2697472214303824,1.2767173592228127,1.2842248332250006,1.2923140710265895,1.301033589078177,1.3104364242267714,1.3205806182984292,1.331529762045718,1.3433536040843903,1.3561287300992437,1.3699393199698289,1.3848779977595678,1.4010467989247348,1.4185582783144375,1.437536758810699,1.4581196927296745,1.4804591413694974,1.5047234835319756,1.5310994484497877,1.5597942927948207,1.591037950138791,1.6250856294904228,1.6622209241667605,1.7027583350393478,1.7470462446059347,1.795470312309384,1.8484548328182429,1.9064652656778929,1.9700061547390484,2.0396179379341,2.115863155584774,2.199302480331448,2.290439992762741,2.3896132254102818,2.4967591893572783,2.6108755333472304,2.7286630131628278,2.8406373391367175,2.9178998925570805,2.8899568553922097,2.768546959467302,2.6047412105894896,2.4196241004979555,2.223205939092722,2.0214264755778504,1.81867521654366,1.6187555339368662,1.4252488569736812,1.2416274580433466,1.0712395331999327,0.917205723997652,0.7822221485447626,0.668239016359324,0.5759995126128714,0.5045375281163659,0.4509466705058699,0.41079992228081597,0.379216701162043,0.35203512840672707,0.3265194132053019,0.30146413078423373,0.2768753797886241,0.2534413735519054,0.23195296470313156,0.21283810474148737,0.1959848791741972,0.18091340236758635,0.16712855517613187,0.15436597106163424,0.14258049988604587,0.13177723530912375,0.12189412088880837,0.11282248126454764,0.1044734952459804,0.0967897802134432,0.08971952298901456,0.0832087206441735,0.077208578068298,0.07167591821619074,0.0665706958270605,0.06185617310391902,0.05749889809002284,0.05346838559788012,0.04973699089221944,0.046279730247940416,0.04307408932644225,0.04009980860301676,0.037338647373137586,0.03477415837062585,0.03239144637356041,0.030176961852465774,0.028118279078540476,0.026204016191035108,0.024423698880866367,0.02276748658889453,0.021226497504626293,0.01979213880949164,0.018456751678802376,0.017213043694073036,0.016054036509528937,0.014973819722012921,0.0139667658417842,0.01302743370332953,0.012151231306247064,0.011334339166787534,0.01057332336331558,0.009864711522836361,0.009204863691391126,0.00859006611261901,0.00801663470237694,0.00748119719207369,0.006981080109375775,0.0065144283844821415,0.006079740317615286,0.005675050920908985,0.005297673651616514,0.004945116642159367,0.0046161067910077385,0.004309826894657829,0.004024210506350206,0.00375669650417056,0.0035061683183644603,0.003271259528550584,0.0030496811176327267,0.002842341376493158,0.0026512704101404392,0.0024771221148667745,0.0023194898529352386,0.0021750954437024976,0.0020387859239517476,0.0019071032646109044,0.0017768498754019253,0.0016440469071094218,0.0015175018504794311,0.0014180158240383988,0.001341135871064754,0.0012722231730561832,0.0011948050210750683,0.001118024121541407,0.001034107281351884,0.000941968535536629,0.0008861298135233617,0.0008451153611914198,0.0007975141538393286,0.0007370935206528136,0.0007036828711887262,0.0006536943242098895,0.0005994447399139126,0.0005786604481620126,0.0005430427456702967,0.0005034482272406555,0.00048024238334921086,0.000457981354990097,0.0004185773395982407,0.00040572651459812076,0.0003758558458238411,0.00036167378527855124,0.000345454430050318,0.0003294922602848738,0.00030936329421170486,0.00029670552423073616,0.0002805584128875279,0.0002734730446164274,0.0002645640271201887
170.27691722258996,1.1395839335614089,1.1401088402655892,1.140671355574569,1.1412741957300445,1.1419202763259717,1.1426127274020674,1.1433549097465825,1.1441504325145324,1.1450031722781548,1.145917293638128,1.1468972715372159,1.1479479154326808,1.1490743955002032,1.150282271060426,1.151577521439836,1.152966579500825,1.1544563681017757,1.1560543397772551,1.157768519961381,1.1596075541145672,1.1615807591558198,1.1636981796501347,1.1659706492541038,1.1684098579834044,1.1710284259343737,1.1738399841694298,1.1768592635639457,1.1801021925118018,1.1835860045000286,1.187329356691976,1.191352460806325,1.1956772277498648,1.2003274276604226,1.2053288672487776,1.2107095866013424,1.2165000779234563,1.2227335290653045,1.229446095066232,1.2366772013509277,1.2444698825748572,1.2528711614278392,1.2619324720293958,1.2717101331255205,1.282265877557872,1.2936674468149694,1.3059892625411504,1.319313188675378,1.3337293951025437,1.3493373256764818,1.3662467693348286,1.384579050655206,1.4044683945381216,1.4260635211174195,1.4495294318366576,1.4750492842043579,1.5028264707450745,1.5330871895389986,1.5660832183418791,1.6020944976534874,1.6414324536967577,1.6844435592919682,1.7315119587420165,1.7830634234191938,1.8395670072061638,1.9015368040857208,1.96952949204339,2.044138424166722,2.1259752375507164,2.215635204716799,2.3136213898370244,2.4201850832552507,2.5349726171367895,2.656169826972206,2.7781800132166294,2.884341682852549,2.920113589759858,2.832254340147683,2.6791638658055836,2.496197638805575,2.2981199367641794,2.092669561856618,1.8850242679956037,1.6793936390557789,1.4796165638327587,1.2893636287583834,1.112160914176402,0.9513072196656517,0.8096934856671234,0.6894979535305822,0.5917304768955477,0.5156984913296114,0.45868657221857956,0.41627295166853406,0.3833766466041335,0.35552039299789323,0.32965915592492495,0.3043594739209054,0.2795010001930454,0.2557361960417708,0.23388412796867752,0.2144276074544279,0.19729715772971007,0.1820205265558123,0.1680815832825249,0.15519004373985446,0.14328804420907593,0.13238121553556473,0.12241044021964183,0.11326561849653645,0.10485426381886777,0.09711678042734467,0.09000045968063157,0.08345030743749848,0.07741645248514865,0.07185489756067738,0.06672491793204358,0.061989170020129145,0.05761368850959762,0.05356754719555712,0.0498227231534038,0.046353910467959517,0.04313831957165898,0.04015545690573725,0.03738689304582398,0.0348160021175041,0.03242774562304296,0.0302084413467364,0.028145607045222523,0.026227770406787504,0.024444271777956945,0.022785424903560666,0.02124199499248304,0.019805712001223205,0.01846845659648436,0.017223230096262324,0.016063039143848254,0.014981514272824587,0.013973346255589233,0.01303333344961927,0.012156560902257932,0.011338954088394406,0.010577082715818706,0.009867710087890488,0.009207374247392194,0.008592306522295545,0.008018715205840504,0.007483163485145763,0.006982948247905128,0.0065162005490000735,0.006081407498440469,0.0056765924138279635,0.005299054947791857,0.004946284322755454,0.00461699102511706,0.004310344198044192,0.004024243755863518,0.0037560921890373985,0.003504840341930129,0.0032693602885551197,0.003047858553007237,0.0028417319217676,0.0026524333672503547,0.0024796149632316184,0.0023224811078395254,0.0021773645437020038,0.0020395113113856494,0.0019064698327051356,0.001774114016972238,0.0016401340169456648,0.0015164082789954902,0.001420355023400066,0.0013440482263603845,0.0012739150117901325,0.0011950129592503114,0.001117667650367256,0.001031553670953908,0.0009404970132791849,0.0008876703001961928,0.0008456723634363431,0.0007969815933210973,0.0007375806121485516,0.0007041973937623023,0.0006519038456353224,0.0006002639423212423,0.0005788599181888878,0.000543915374354869,0.0005026732419105737,0.00048081565310609497,0.00045785329838144383,0.0004187715410857107,0.0004060130131966113,0.0003766151447615671,0.0003613636230780719,0.00034554188206782144,0.0003298485200677448,0.00030945937782271413,0.0002970079904764613,0.0002808525640824049,0.00027362434737610876,0.00026453184276497725
176.2914118095948,1.0961104511654298,1.0966137580063007,1.097153132986047,1.0977311821395992,1.0983507029206119,1.0990146987168992,1.0997263945320528,1.1004892539360855,1.1013069973982539,1.1021836221266494,1.1031234235519767,1.1041310186072084,1.105211370970822,1.1063698184592352,1.1076121027741488,1.1089444018330865,1.110373364936782,1.1119061510556214,1.11355047054955,1.1153146306721562,1.1172075852506973,1.1192389889802605,1.1214192568228747,1.123759629062111,1.1262722426316258,1.1289702094134617,1.1318677022902313,1.1349800498362785,1.138323840648499,1.1419170384498156,1.145779109249559,1.1499311620171022,1.1543961045195479,1.1591988161915678,1.1643663401454993,1.169928096692557,1.1759161210353013,1.1823653281211703,1.1893138080502796,1.1968031559676326,1.2048788411173912,1.2135906207400045,1.2229930056568634,1.2331457853449788,1.2441146204317821,1.2559717094491845,1.2687965353988215,1.2826766996642605,1.297708860073206,1.31399980333036,1.3316676815908348,1.3508434105783407,1.3716721946521389,1.3943152034792525,1.4189515503269445,1.4457806233084272,1.4750245046959465,1.5069305185228852,1.541774496123936,1.5798641637029112,1.6215422348399713,1.6671907237701953,1.7172341773215296,1.7721432200877185,1.8324371157379498,1.8986842290529136,1.9714988462168819,2.051531609522398,2.1394444900844927,2.2358608467674905,2.3412577292341212,2.4557305554734365,2.578445423142357,2.706224777388649,2.8293540254228633,2.9166418923139554,2.886525327090829,2.7529122406854114,2.5752094453764993,2.3766510472561424,2.167964280331343,1.9555181715930932,1.7440872814548836,1.5378373668445688,1.3406730562806106,1.1563199313958057,0.988269529147492,0.8396183705326569,0.712781069560536,0.6090459029931433,0.5280166595764949,0.4672055291715775,0.42223282826174696,0.3878320098674064,0.359197155739569,0.33294545448727875,0.30738676642951857,0.2822533041158704,0.25814978478199446,0.23591963160871096,0.21610270172001317,0.1986768260333946,0.18318107964257085,0.16907877017282863,0.15605185832894788,0.14402789757209042,0.13301244798020728,0.12294960100320426,0.11372802345698566,0.10525138588791301,0.097457662925146,0.09029317815014064,0.08370191159429047,0.0776328569650119,0.0720411484487931,0.06688534703306394,0.06212747277720283,0.05773302041219208,0.05367060162974555,0.04991179719947172,0.04643096313018139,0.043205021900958734,0.040213236383132504,0.037436960921088405,0.03485941053043471,0.032465397230727513,0.03024112534937404,0.02817397706061672,0.026252358023345006,0.02446566522670555,0.02280396755023004,0.021258137899111934,0.01981968100247552,0.018480710380069022,0.01723372863144783,0.016072265778973003,0.014989664479018233,0.013980230595484111,0.013039238283398995,0.012161910834186627,0.011343828798996569,0.010581311224585605,0.009871122221421617,0.009210014077650142,0.008594417819296917,0.008020528712188712,0.007484808985047138,0.00698447812764381,0.006517623887103376,0.006082713084612701,0.005677757811603999,0.005300043704548039,0.004947042214487197,0.004617441455482967,0.0043103854935828126,0.004023757449564013,0.0037549903737634075,0.003503170307547572,0.00326747045650176,0.0030466140202435985,0.002841992416343963,0.002654280062483337,0.0024824179467356137,0.0023255148483021433,0.0021791999108720897,0.002039923298951383,0.0019053302556887688,0.0017708857323582444,0.0016362948029927716,0.0015160845889841677,0.00142310841556545,0.0013471133197894226,0.0012752792916094068,0.0011952898651895873,0.0011170023488205555,0.001028629233779608,0.0009394242584433026,0.0008893427110521236,0.0008462862617934043,0.0007962472094376004,0.0007383188404964425,0.000704568015512575,0.000649980767866,0.0006012608140088535,0.0005788922801549523,0.000544733710255006,0.0005019143157152051,0.0004813941491447785,0.0004576008671861285,0.00041902653148253417,0.00040630119714643554,0.0003775623268345674,0.0003610560904185861,0.00034560494573456695,0.00033019147049246814,0.00030954350937383967,0.0002973840818807223,0.0002812667454725198,0.00027378599009966027,0.00026449243068705277
182.51834943190426,1.0530095860885578,1.0534909185178751,1.0540067514935305,1.0545595788361617,1.0551520776959022,1.0557871224764743,1.056467799881057,1.0571974251792793,1.05797955980469,1.0588180304031911,1.0597169494653735,1.0606807376896152,1.061714148238382,1.062822293067651,1.0640106715289972,1.0652852014659409,1.0666522530509988,1.0681186856378637,1.0696918879347577,1.071379821840709,1.073191070326941,1.075134889791341,1.0772212673659307,1.0794609837161935,1.0818656819380665,1.0844479432344216,1.087221370139208,1.0902006781553975,1.0934017967839889,1.0968419810472225,1.1005399347518674,1.1045159469005346,1.108792042844166,1.1133921519826528,1.1183422940713263,1.123670786490472,1.129408475197347,1.1355889925178948,1.1422490454490044,1.1494287387041928,1.1571719372753735,1.165526673697764,1.1745456054365053,1.184286528030927,1.1948129504466185,1.2061947414860679,1.2185088605490342,1.231840190491329,1.2462824892466964,1.261939465946062,1.278925976385207,1.2973693505416555,1.3174109184875131,1.3392078090886315,1.362934969616371,1.38878729202889,1.416982040850247,1.4477618560084466,1.4813978427284988,1.5181927264096868,1.5584850436149518,1.6026529070805366,1.6511180723490917,1.7043505130722736,1.7628713105134735,1.8272559316602877,1.8981333171697208,1.976181141568087,2.0621113525228507,2.1566355068894394,2.2603927359202975,2.3737931945964146,2.4966624616761854,2.6273642061291937,2.760352179952102,2.8781555188084105,2.9200064157146137,2.822818452533213,2.6557202487110385,2.458602826751639,2.247393089974747,2.030359212923157,1.8130921846995673,1.60018864457328,1.3958369541564444,1.203990325264987,1.0283515235778706,0.8722350448587417,0.7383016652952037,0.6281293203455391,0.5416400975613026,0.4766119100554109,0.428749416973073,0.39262220733175224,0.3630854400537022,0.33638851762470245,0.31055270059226636,0.2851385559235263,0.2606888562931646,0.23806621054048518,0.21786932197792408,0.2001285157242865,0.18439843406792614,0.17012264098629212,0.15695347348680103,0.14480181976401585,0.13367241154112103,0.12351281183907875,0.1142106835977116,0.10566568049680745,0.09781311144056022,0.09059824785131194,0.08396400778901272,0.07785818882540851,0.07223500397469003,0.06705226308883883,0.062271316876258136,0.05785709262622043,0.05377771698516497,0.050004355128011546,0.04651100805274458,0.04327429747814838,0.040273230647550326,0.037488953621244395,0.034904485796910266,0.032504485995687796,0.030275019985117224,0.028203376040446062,0.026277910579788528,0.024487829690957762,0.022823195204689017,0.021274887451785542,0.019834174407653216,0.01849334369139176,0.01724476482079551,0.0160816934149241,0.014998043956554432,0.013987600377473233,0.013045380247944311,0.01216720358782631,0.011348682251987853,0.010585783407955051,0.009875026712233573,0.009213154449644274,0.008596775966494002,0.008022294294803762,0.007486207868001587,0.006985655884618666,0.00651864535579145,0.006083592354473538,0.005678478733554746,0.005300569181079148,0.0049473124346648256,0.004617375131471082,0.004309892920271901,0.004022771556397768,0.0037535205633109536,0.003501408663381304,0.0032659931889126408,0.0030462253958386054,0.002843122726540483,0.0026566959312955374,0.002485453403564991,0.002328360205655242,0.002180587286749465,0.002039999567486612,0.0019035887722165367,0.0017671743173599543,0.0016327960513766184,0.0015165678074804364,0.0014261843901295882,0.0013503361080310465,0.0012763371218249351,0.0011956235380512622,0.0011159530687996884,0.0010253480011049355,0.0009387996358781026,0.0008911456722309352,0.0008470115071982867,0.0007953499068995243,0.000739274219408462,0.0007048331772587624,0.0006479735720160512,0.0006024050635351016,0.0005787593496530083,0.0005454436874714265,0.0005012027663029988,0.00048196920127240375,0.0004571901850342115,0.000419358205255614,0.0004065623113833497,0.0003786672567591313,0.0003607399371773281,0.0003456403491836436,0.0003305112352908461,0.00030960826468139503,0.00029782047036582297,0.0002818035074694286,0.00027395127711118657,0.00026444528133312973
188.96523396912096,1.0103941979869981,1.0108532198990243,1.0113451502897468,1.011872368943393,1.012437430743768,1.0130430789956266,1.0136922598224787,1.0143881377366024,1.0151341124867568,1.015933837299884,1.0167912386451998,1.0177105376625937,1.0186962734124176,1.0197533281207658,1.0208869546134378,1.0221028061532806,1.0234069689198027,1.0248059973972286,1.0263069529679658,1.0279174460432292,1.0296456821019226,1.0315005120534033,1.0334914873902217,1.0356289206541673,1.0379239518039358,1.0403886211466373,1.04303594957955,1.0458800269846216,1.0489361097283005,1.052220728345804,1.0557518066349756,1.059548793554125,1.0636328095147791,1.0680268088881222,1.0727557608060316,1.0778468506340158,1.0833297048195225,1.0892366421653292,1.095602954934112,1.1024672235618278,1.1098716691932153,1.1178625488800606,1.12649059930858,1.1358115365191468,1.145886621083921,1.156783299713908,1.1685759337156045,1.1813466214734183,1.1951861197446425,1.210194875794343,1.2264842034585128,1.2441776502055928,1.2634125685020894,1.284341843823559,1.3071357845187896,1.3319843583321915,1.359099852175637,1.3887196344937345,1.421109164218545,1.4565658493111555,1.495422833176556,1.5380530471990894,1.5848743168550308,1.6363532980228255,1.693010874410889,1.7554250547105177,1.8242341898154235,1.9001347275907317,1.9838737027388145,2.0762275166057886,2.177953162863621,2.2896837242593255,2.4116956965735143,2.543355476794162,2.6816568731602675,2.8167384201176673,2.915122020780881,2.8827905622031804,2.7359581248003133,2.5435156421219864,2.330951898500774,2.109723797242761,1.8866639690679747,1.666959975034961,1.4551550368100499,1.2554676312810213,1.071834758203832,0.9078046215082612,0.7662951740322032,0.6491853725721365,0.556736403053934,0.48703058275177735,0.43590481435406175,0.3977942220198489,0.36720911239626286,0.34000017549357353,0.3138645343127658,0.2881633032297144,0.263360436532223,0.24033103540653022,0.21973389456455494,0.20165727915993878,0.18567627064376852,0.17121591920727952,0.15789708965184213,0.1456116883846837,0.13436268634647114,0.12410136361659843,0.11471465009374976,0.1060980182317494,0.09818385084733013,0.09091627158806792,0.08423709807699369,0.0780928676244068,0.07243681535319181,0.06722596061882408,0.06242094999384767,0.05798611422718951,0.05388907001906635,0.050100546070333776,0.046594172819695634,0.04334625542479119,0.04033553333746965,0.037542924342800085,0.034951259846645315,0.03254504311111899,0.030310208264183243,0.028233918352074974,0.02630438621849283,0.024510800623684457,0.022843198078383222,0.021292168901424997,0.019849303604782178,0.018506350144392777,0.017256215061744712,0.016091594078185972,0.015006533228925718,0.013995229255074959,0.013052031359475942,0.012172663884284623,0.011353414207536227,0.010590184038821017,0.00987914311336815,0.009216795402482832,0.008599726930208447,0.008024473929234433,0.0074877242009575955,0.006986700539712166,0.006519370803560085,0.0060840782960793075,0.0056787495507275455,0.0053006107812553415,0.004947082175403544,0.004616815335443272,0.004308957587152407,0.004021465594773194,0.003751970964533876,0.0034999916844762054,0.003265320666978812,0.0030468193946981987,0.0028450382519723165,0.0026595169222343572,0.002488625133341066,0.002330779417289365,0.0021815343795118097,0.0020396303391216866,0.0019011687020376513,0.0017630401978502947,0.001629900021439806,0.00151782898638536,0.0014294823249472548,0.0013536462967279437,0.001277139896670787,0.0011959409227624029,0.0011144798288197366,0.001021787484299513,0.0009386756367916448,0.0008930252041941392,0.0008478930732850607,0.000794348601381206,0.0007404158620638838,0.0007050347015499234,0.000645954991833345,0.0006036541498366301,0.0005784742084142297,0.0005459941782870592,0.0005005767280517196,0.0004825168668373523,0.0004565936234148767,0.0004197788977046439,0.00040676994738694946,0.00037988933614020715,0.0003603972496329581,0.0003456533082322592,0.00033079846898320593,0.00030965414291649507,0.00029830200158811827,0.0002824494515430833,0.0002741091429322484,0.00026439335590093185
195.63983435170627,0.9683815163875332,0.9688179399653245,0.9692856590459562,0.9697869378257533,0.9703242072506715,0.9709000777248668,0.9715173528493463,0.9721790442827858,0.9728883878259704,0.9736488608417805,0.9744642011343391,0.975338427424046,0.9762758615698938,0.9772811527069535,0.9783593034854323,0.9795156986185566,0.9807561359700205,0.9820868604382348,0.9835146009245644,0.9850466107065979,0.9866907115758787,0.9884553421430566,0.9903496107628944,0.9923833535878732,0.9945671983233415,0.9969126343304656,0.9994320898070906,1.002139016872631,1.0050479854930816,1.0081747873081275,1.011536550566129,1.0151518675363314,1.0190409359526764,1.02322571625148,1.0277301065977953,1.0325801379560515,1.0378041917581757,1.043433243075232,1.0495011326396375,1.056044871640893,1.0631049839710518,1.0707258915174573,1.0789563490529412,1.0878499359464961,1.0974656119553288,1.1078683438622436,1.1191298100289893,1.1313291937111882,1.1445540846193623,1.1589015161466527,1.174479158972642,1.191406666315502,1.2098171598325353,1.2298589114968155,1.2516973436183112,1.2755173372633424,1.301525674693877,1.329953799354562,1.3610612629867844,1.3951392888934486,1.4325145768570804,1.4735542342621424,1.5186701490352479,1.5683245249175735,1.6230348837173962,1.6833792918596402,1.7499999656515888,1.823605643275172,1.9049677714765052,1.9949086705342363,2.094270683089085,2.203846464164552,2.324225480734117,2.4554395858973317,2.5960702388357904,2.740688346612066,2.8711093816553626,2.919915682648581,2.8125423693347007,2.630455499330312,2.418484419766519,2.193741327763693,1.9650505603706783,1.7384507262302593,1.5189454394215387,1.311069821656381,1.1190251009429402,0.9466128074764641,0.7970212264233356,0.6724419563081517,0.5734948561589113,0.49860532908460564,0.44379542860336046,0.40340412375362966,0.3715967969755518,0.3437942982771134,0.31733025499259954,0.2913343903864689,0.2661718736154396,0.24272173651766252,0.2217033786558883,0.2032686461991139,0.18701860838574558,0.1723615507146108,0.15888505708073544,0.1464595041199772,0.13508496163986167,0.1247166335120029,0.11524104141492843,0.10654932318144815,0.09857065088170826,0.09124788802967265,0.08452171369040788,0.07833733668365518,0.07264695341314477,0.06740675041541738,0.06257663335836619,0.058120304526326265,0.05400484560492434,0.05020052741784493,0.04668059015661194,0.04342100829699566,0.04040024166395009,0.0375989670063985,0.03499982737685509,0.032587145273175064,0.03034670902167746,0.028265566923917018,0.02633186667847273,0.024534680640929334,0.022863860727740288,0.021310182039058965,0.0198648870265881,0.018519974379810532,0.01726792496036332,0.016101978878632996,0.015015380887885664,0.014002901812445801,0.013058991603898059,0.012178650677645885,0.011358246772227513,0.010594397218798613,0.009883126038136835,0.00922059668304919,0.008603162595755547,0.00802731908200657,0.007489849140554816,0.006988123013765596,0.006520215461773844,0.006084483537090929,0.005678811613415228,0.005300375148140963,0.004946558120843805,0.004616000179580473,0.004307876484166852,0.004020229614393092,0.0037508404243482623,0.0034993853902417957,0.0032656829632870094,0.0030483486765085594,0.002847578658101067,0.002662617236264866,0.0024917040104952275,0.002332652916165799,0.0021820539259678213,0.002038671165578936,0.001898073320479891,0.001758645818235893,0.0016278468248446833,0.0015198121314862496,0.0014329511942227048,0.00135686094743297,0.0012777433350594236,0.0011961526884269418,0.0011126018024662863,0.001018081352672725,0.0009390863101942881,0.000894889674787712,0.000848943695318884,0.0007933100156677072,0.0007417146237248954,0.0007051532933852674,0.0006440132854738949,0.0006049591707418205,0.000578052384021902,0.0005463336477637157,0.000500089954623944,0.000483009855904176,0.0004558016084206914,0.0004202970873953969,0.0004068946245936515,0.0003811843252507978,0.0003600104672761726,0.0003456597751366454,0.0003310431440748696,0.0003096911099708778,0.00029881066922059283,0.0002831803257188611,0.00027424233440704926,0.00026434654266475584
202.55019392306664,0.9270926866914135,0.9275062793828318,0.9279495375074589,0.9284246083723913,0.9289337975784799,0.9294795811064576,0.9300646183857953,0.9306917664345551,0.9313640951675539,0.9320849039802415,0.9328577397270017,0.9336864162252488,0.9345750354308933,0.9355280104467165,0.9365500905431524,0.937646388391203,0.9388224097300506,0.9400840857177043,0.9414378082422014,0.9428904685039261,0.9444494992170858,0.9461229208209503,0.9479193921398383,0.9498482659858895,0.9519196502613353,0.9541444751883846,0.9565345673761464,0.959102731526635,0.961862840687307,0.9648299360775335,0.9680203376529893,0.9714517667277612,0.975143482152723,0.97911643175563,0.98339342099119,0.9879993010386543,0.9929611789332464,0.9983086527377023,1.0040740752538464,1.0102928503214172,1.017003766298055,1.0242493717806427,1.0320763989723376,1.0405362404637408,1.0496854860799347,1.0595865286500115,1.0703082514517512,1.0819268140595064,1.0945265529624084,1.1082010052525515,1.123054055841017,1.1392012237337397,1.1567711462713428,1.1759073279432148,1.196770123862101,1.219538882311759,1.2444144123012062,1.2716220058634453,1.3014146717127304,1.334076595377832,1.3699275948805079,1.4093275561959533,1.4526814463587994,1.5004451875197466,1.553130970940847,1.6113137455580457,1.675636097762682,1.7468125646383335,1.825630667760961,1.9129447960012498,2.0096579994963104,2.1166771296325955,2.234811626333149,2.3645439399765023,2.5054740820496426,2.654819400385103,2.8026646580641112,2.9132922151026994,2.8787327208202127,2.7176046140111967,2.509564811436015,2.282455045196886,2.048478127803453,1.8149647943159224,1.5875430021219006,1.3711377593175818,1.1702543057835153,0.9889719096653985,0.8307657050005541,0.6981523948474171,0.5921288738507425,0.5115014437299075,0.45253450991618144,0.40951900252094187,0.37628305354625363,0.3477873166263026,0.3209587425287265,0.2946589830784142,0.2691308346628831,0.24524642025092838,0.22378529396233093,0.20496866494409366,0.18842984627138717,0.17356272399244174,0.1599198960351476,0.14734740534426619,0.13584104212235593,0.12536009541166218,0.11579105132663776,0.10702057825060152,0.09897432835599558,0.09159377491695846,0.08481841698761607,0.07859206478580666,0.07286580961588249,0.06759496016652171,0.06273864168643928,0.05825989495207405,0.05412523890241078,0.05030446330946199,0.046770398919182436,0.04349867357620612,0.040467453314180994,0.03765717422536381,0.03505025532496026,0.03263085291499444,0.03038461220126905,0.02829845125371935,0.026360381193222447,0.02455938522836284,0.02288535808290846,0.02132883409990655,0.019881051472501323,0.01853408407158537,0.017280136282336336,0.01611257679498876,0.015024781281081619,0.014010789225328365,0.01306595408950091,0.012185012476275,0.011363620696835023,0.010598649172439776,0.009886853369168306,0.009224188019948162,0.008606676724745247,0.008030595819180504,0.007492661741766404,0.006990316404779244,0.006521740832765599,0.006085395088674213,0.005679213199669488,0.005300371819504995,0.004946235742510014,0.004615441827152933,0.004307203205187497,0.0040196410558611465,0.0037506247169922548,0.003499864247285581,0.0032670760228123165,0.0030506633381674722,0.0028505361671852126,0.002665858514737225,0.0024943615115177622,0.0023339691456648994,0.002182122117750555,0.0020369833198331396,0.0018943467663956855,0.00175430522394434,0.0016268220873550754,0.0015224845289266084,0.0014365882449026135,0.0013597635014252446,0.0012781884644513534,0.0011961566997092782,0.001110304790417914,0.0010144121039335917,0.000940021661463807,0.000896645235008342,0.0008500940986319607,0.000792297058571066,0.0007431306207533584,0.0007051239719280014,0.0006422178031917088,0.0006062709766468043,0.0005775200556204008,0.0005464125963264658,0.0004998212591115747,0.0004834199346348057,0.000454830244099001,0.00042092463219173536,0.0004068940785359943,0.000382502563326602,0.0003595753433564564,0.00034567690251571044,0.0003312218368357615,0.00030973440805880293,0.0002993300889680047,0.0002839714471566166,0.0002743296873699095,0.00026432185197903564
209.70464013232328,0.886651757532593,0.887042345557584,0.8874609559971225,0.8879096182631154,0.888390511521872,0.8889059761502649,0.889458526126546,0.8900508624401985,0.8906858876139199,0.8913667214405399,0.8920967180485851,0.8928794844224062,0.893718900516501,0.894619141119087,0.8955846996373337,0.8966204139962353,0.8977314948651972,0.8989235564513586,0.9002026501269296,0.9015753011897966,0.9030485490929236,0.9046299915192433,0.9063278327254857,0.9081509366315736,0.9101088851927208,0.9122120426603213,0.9144716264163804,0.9168997851561514,0.9195096852966783,0.922315606607418,0.9253330481959522,0.9285788461405895,0.9320713042468226,0.935830339620991,0.9398776450068956,0.9442368701224998,0.9489338245634465,0.9539967052009454,0.9594563513812377,0.96534653162313,0.9717042659263202,0.9785701883296389,0.9859889551768367,0.9940097058993967,1.0026865850937658,1.0120793367542147,1.0222539823456764,1.033283592511975,1.0452491589115198,1.0582405749659396,1.0723577503539374,1.0877119047262271,1.104427074182071,1.122641807686208,1.142511033033619,1.1642082232977606,1.1879280132235488,1.213889068867245,1.2423371728415307,1.2735491104766248,1.3078369050669563,1.3455522475763413,1.387092234147359,1.4329046824214668,1.4834949208134496,1.5394318721344162,1.6013552133293145,1.6699805380895507,1.746103771014788,1.8306005029768913,1.924416254356463,2.0285390137287798,2.1439336832005687,2.271392644827915,2.4111842200644333,2.562150586417437,2.7190519875465267,2.8631065753059315,2.9198452706618747,2.801367919861799,2.6032787807737643,2.3757564885359446,2.137128017991674,1.8968019702114982,1.6612966704262104,1.4360353715498424,1.2258811076382734,1.0352229301290627,0.8678431669485326,0.726597969506879,0.6128786573126657,0.5259085160830633,0.4622549646641914,0.4162192443540196,0.38130976703135544,0.35199894832925616,0.32476003617846066,0.29814463871684876,0.27224528716351426,0.24791366430696243,0.2259877687594809,0.20676395735323966,0.18991481694030043,0.17482290592876126,0.16100431069033938,0.14827767694686797,0.13663286073431802,0.1260333274693511,0.11636595399986017,0.10751283023096607,0.09939575161532006,0.09195465135675533,0.08512780406518247,0.07885754794965058,0.07309379764113141,0.06779093552408594,0.06290726465723413,0.05840512894717926,0.05425045497290373,0.050412526661570235,0.046863746102653,0.04357937638566322,0.040537275500769784,0.03771761803156127,0.035102604970265364,0.0326762143910974,0.030423928642959782,0.02833253544174158,0.026389955076915876,0.024585084859102883,0.022907632954851192,0.021348130683052254,0.019897915711016487,0.01854858606250834,0.017292923365501974,0.016123491065140726,0.015034421664957835,0.014019256389065994,0.013072983129210191,0.01219135593130619,0.011369442698938637,0.010603459453691535,0.00989056610822335,0.009227452493371428,0.008609892269580569,0.008033834731203223,0.00749580298833279,0.006993143674520622,0.006524096934318023,0.006087206348158575,0.005680495804051254,0.005301206671328569,0.004946737353768087,0.004615749007697129,0.004307491232236006,0.004020128807437251,0.003751547396504575,0.003501413861946684,0.0032693346831224285,0.0030535140045959627,0.00285374446714678,0.0026689359971382412,0.002496394489206089,0.002334740753538363,0.002181591810999433,0.0020344608376702523,0.0018900484988687055,0.0017504395249643852,0.001626935518895638,0.0015257858274568303,0.0014404196490733002,0.0013621883275858366,0.001278532814341243,0.0011958408202462697,0.001107513405846763,0.0010109919334698309,0.0009414150355060859,0.0008982322447202547,0.0008511939152123521,0.0007913568348948002,0.0007446176904227854,0.0007048715545941956,0.000640614290468089,0.0006075380251858522,0.0005769160479581615,0.0005461893151157859,0.0004998466540312758,0.00048370968823667205,0.000453703089382,0.00042167507804145735,0.0004067244068900408,0.0003837942218478749,0.0003591013763686016,0.00034570887828352026,0.0003312994834971473,0.00030979636703733524,0.00029984860200032016,0.00028480046029001957,0.00027435205265667145,0.0002643372489891221
217.1117945694503,0.8471845658254863,0.8475520444629144,0.8479458945206173,0.8483680268715541,0.8488204935468339,0.8493054985562176,0.8498254095945303,0.8503827707143875,0.8509803160539899,0.8516209847180656,0.8523079369204976,0.8530445715089086,0.8538345450046487,0.8546817923064661,0.85559054922283,0.8565653770167178,0.8576111891679434,0.858733280582141,0.8599373595027552,0.8612295824132284,0.8626165922516057,0.8641055602995651,0.8657042321531878,0.8674209782343997,0.8692648493609872,0.8712456379605332,0.8733739455909586,0.8756612575192183,0.8781200252120211,0.8807637577104435,0.8836071229964836,0.8866660606165389,0.889957907006962,0.8935015351722497,0.8973175105982055,0.9014282655410986,0.9058582941206866,0.9106343709659923,0.9157857965361619,0.9213446727048005,0.9273462128215746,0.9338290913247577,0.9408358390906226,0.9484132919119233,0.956613100369009,0.9654923093584992,0.9751140147722052,0.9855481051581726,0.9968721012729804,1.009172117381832,1.0225439757817723,1.0370944928079748,1.0529429259809147,1.0702225875033067,1.0890827209755871,1.1096907454252924,1.1322347636147287,1.1569262770181141,1.1840035088848642,1.2137352649878694,1.2464248885071982,1.2824152917841267,1.3220943175257496,1.3659006183495148,1.41433061336408,1.46794528941851,1.5273779481627126,1.5933414028199404,1.6666339015226923,1.748142921440067,1.8388422274781422,1.9397765262952886,2.0520204517151206,2.1765818944893685,2.314176975690003,2.46467568968443,2.62557366293681,2.787002336830305,2.911097366159298,2.8743313599725457,2.697769124393785,2.4732662061243733,2.2310994285137786,1.9842448143190592,1.7405649748455931,1.5061485301499282,1.2862922851060328,1.0857374005516767,0.9085992597588634,0.7580905192255072,0.6360139000251359,0.5420435569999432,0.47311251228955165,0.42360119358804055,0.38672791792257555,0.35645308792460956,0.3287456884133651,0.3017993747258719,0.2755235041855076,0.2507325271818331,0.22831957618819518,0.20866178380854764,0.19147883571658034,0.17614587652348665,0.16214120625657893,0.14925276082590253,0.13746248827164806,0.1267380199779953,0.11696711046994175,0.10802719381003964,0.09983584470831938,0.09233128120431094,0.08545050710420424,0.07913431141922254,0.07333135503182414,0.06799504172091043,0.06308280805332488,0.058556262647577934,0.054380709123212044,0.050524899698908304,0.04696078536962128,0.04366324685419838,0.04060981971472959,0.03778040193398579,0.0351569828754779,0.032723332327343105,0.030464771285981716,0.028367951221243116,0.02642066119102332,0.024611685072261413,0.022930722471298143,0.021368246598339326,0.019915271700619804,0.018563776704944666,0.017306006975025188,0.01613503792892287,0.015044200915338068,0.014028056897234235,0.01308055317812906,0.012197629961162634,0.011375246476980088,0.010608796187867243,0.009894863252231283,0.00923066427803852,0.008612708957116733,0.008036676754652947,0.007498756050483027,0.006996138629744329,0.006526946356687921,0.006089763231401875,0.005682695491883393,0.00530305781629408,0.004948312637400114,0.004617168933453072,0.00430891411608273,0.0040217349910345035,0.003753502176802903,0.0035038165239658007,0.0032721713935457766,0.0030566741665517113,0.0028569431060106645,0.0026714620016257476,0.0024977692964418406,0.0023349674505742535,0.0021802746275819814,0.0020311084069095323,0.0018853630826132183,0.001747462073133599,0.0016281707519676593,0.0015295481278564057,0.0014444592873016804,0.0013640745020291308,0.001278863620476976,0.0011950900749607535,0.001104156835650633,0.0010080042866253858,0.0009431746339296372,0.0008996540472423467,0.0008520766454816022,0.0007905363817510525,0.0007461249384521987,0.0007043198815505829,0.000639248122859128,0.0006087217970410411,0.000576284848513766,0.0005456465012357031,0.0005001871183290437,0.0004838638729474276,0.00045244193586434586,0.0004225413238691917,0.00040636556683699493,0.0003850125358469527,0.00035860738560063583,0.0003457408621866619,0.000331247424390462,0.00030988441578252637,0.0003003518449318765,0.0002856422249887016,0.0002743007357811993,0.00026440583876927225
224.78058335487253,0.8088174417671755,0.8091617852423498,0.8095308467391257,0.8099264183343762,0.8103504246353836,0.8108049329603698,0.8112921643555491,0.8118145055250329,0.8123745217578837,0.8129749709455363,0.8136188187928055,0.8143092553369322,0.8150497129017407,0.8158438856282013,0.8166957507387081,0.817609591710478,0.8185900235539222,0.8196420204149895,0.8207709457467252,0.8219825853250764,0.8232831834178477,0.8246794824542772,0.8261787665866858,0.8277889095858857,0.8295184275694952,0.8313765371281143,0.8333732194897631,0.8355192914495316,0.8378264838906522,0.8403075288369394,0.8429762561066012,0.8458477007857486,0.8489382229086275,0.8522656409232408,0.8558493807394959,0.8597106424088727,0.8638725867814901,0.8683605448471905,0.873202252918021,0.8784281173767363,0.8840715134064754,0.8901691228832572,0.896761317323337,0.9038925922463559,0.9116120594912686,0.9199740043636475,0.9290385162470152,0.9388722058502522,0.9495490286310748,0.9611512361455238,0.9737704678351548,0.9875089825094947,1.002481043808793,1.0188145292992374,1.036652840859989,1.056157072517162,1.0775083774478194,1.100910779814312,1.1265945653154106,1.1548198494512012,1.1858807824343067,1.2201106466836866,1.2578869732127176,1.2996381427240071,1.3458499159523465,1.3970734333804433,1.453932907223197,1.517134538136412,1.5874740622925496,1.6658432610434295,1.753232527848517,1.8507245669581966,1.9594705307435563,2.0806288673096365,2.215220972618437,2.3637845466839025,2.5254684112975943,2.695300713296566,2.854041606090317,2.9197993720773967,2.7892358479768937,2.574097961047461,2.3303421829524487,2.07753601915173,1.8257077103575132,1.5818826867301383,1.3519031785294042,1.1409192229691445,0.9534131544920791,0.7929751584870403,0.6618367580525318,0.5601543115077996,0.485289288382462,0.4317803535391192,0.3925997834700416,0.3611789456136294,0.33292921136467235,0.30563177702178246,0.2789740621705196,0.25371254661418313,0.23079016244890838,0.21067010136462622,0.19312776149786362,0.1775357666209091,0.16333371402716876,0.15027527166844604,0.1383321433368916,0.12747598699994625,0.11759597765619736,0.10856485773266863,0.10029559114509394,0.09272447687859346,0.0857871969933829,0.0794229118271607,0.07357894474879001,0.06820766471777175,0.0632655943734361,0.05871356634842945,0.054516228409778794,0.050641773493179644,0.047061677693796634,0.0437504209011033,0.040685200229495164,0.03784563150544778,0.035213456619098076,0.032772239950173816,0.03050714343235324,0.028404675645341243,0.026452511725388737,0.024639343109428277,0.022954727592677505,0.021389000433441493,0.01993336000689436,0.01857948435445571,0.017319602409825406,0.01614692404393012,0.01505454413105296,0.01403688272552042,0.013088594587618609,0.012204340519154767,0.011380864054288505,0.010614129605613136,0.009899768522043169,0.009234503600116533,0.008615455050827982,0.008039049747437662,0.007501210171312485,0.006998770454481211,0.00652973748987403,0.006092586844315339,0.005685417891575821,0.005305621821050421,0.004950727527175163,0.004619493621976508,0.004311246375135469,0.004024189214292997,0.0037561695778149397,0.003506733204417456,0.0032753074097140048,0.0030598528969715696,0.002859675764591542,0.0026732574098615575,0.0024985006333663995,0.002334505185860025,0.0021780133564121462,0.002027009693544168,0.0018807004390998174,0.0017457164584987457,0.0016304296701870025,0.0015336129869114598,0.0014485931628199138,0.0013654712916846595,0.0012792004167750367,0.0011937688041614575,0.0011002021902165359,0.0010056287532693917,0.0009452157847982448,0.0009009501077799606,0.0008526022714376889,0.0007899221892261988,0.0007476005393804802,0.0007033991891201307,0.000638197407406132,0.0006098385894866985,0.0005756970788553303,0.0005448008117015766,0.0005008058242338161,0.0004839110154731636,0.0004510703976848256,0.00042349288900930755,0.00040582741728727466,0.0003861189108531103,0.0003581134668699925,0.0003457452897685168,0.0003310478998208347,0.0003100045755902018,0.0003008139989249035,0.0002864680796633242,0.000274174942772946,0.0002645290132872045
232.72024789604072,0.7716754623335418,0.7719967320913169,0.7723410702024611,0.77271015011796,0.7731057691894266,0.7735298582074289,0.7739844917264995,0.7744718992490048,0.7749944773476464,0.7755548028148541,0.776155646936885,0.7767999910011507,0.7774910431573666,0.778232256766711,0.7790273503885191,0.7798803295713809,0.7807955106351326,0.7817775466524649,0.7828314558641151,0.7839626527902855,0.7851769823335765,0.7864807572059109,0.787880799054361,0.7893844837092436,0.7909997910332369,0.7927353599136164,0.7946005490121706,0.79660550397026,0.7987612318613105,0.8010796837914753,0.8035738466733131,0.8062578453395941,0.8091470563281882,0.8122582348591316,0.815609656748259,0.8192212772676368,0.8231149092832168,0.8273144233863235,0.831845973193269,0.8367382495054408,0.8420227675624707,0.8477341921225393,0.8539107055283233,0.8605944243616925,0.8678318711318822,0.8756745093249967,0.8841793534486524,0.8934096693476167,0.9034357806998508,0.9143359922964205,0.9261976348183901,0.9391182466728732,0.9532069424168275,0.9685860285105329,0.9853928593474878,1.0037818862610801,1.0239270271539938,1.0460245571277569,1.0702963114255808,1.0969932077202396,1.126399695452477,1.1588385103502103,1.1946761301781337,1.2343293428993474,1.278271983312176,1.327043286790826,1.3812561986076493,1.4416068811318639,1.5088841676416698,1.5839779950304749,1.6678859387009337,1.7617138942473058,1.8666646241148852,1.9840010766414566,2.11495483538181,2.260506968457201,2.4208380205599083,2.5937807139935987,2.7696176824924246,2.9084748197735033,2.8695654299524516,2.676367789453548,2.4345313297020392,2.1768394953657557,1.917072348897551,1.6636585958142431,1.423157159577,1.2012063019871413,1.0027001207592785,0.8316332527250772,0.6906850349033717,0.5805227454259565,0.4989978021009663,0.44089512201314396,0.3990016092067579,0.36621253588333763,0.33732669374006474,0.30965117654305724,0.2826058358039064,0.25686372119174916,0.23340967984085814,0.21279762875616628,0.1948680695259067,0.17899710763073876,0.16458521688619135,0.15134801167105283,0.13924420597538947,0.12824917776855635,0.11825411686223522,0.1091270915385568,0.10077603889322144,0.09313510294692186,0.0861385864711755,0.07972393950220931,0.0738370570357148,0.0684292125376211,0.06345596410467554,0.05887732522300347,0.054657252185103526,0.05076334898894739,0.0471665928353378,0.04384104213335247,0.040763538290169626,0.03791340154435264,0.0352721069390737,0.03282303199237943,0.03055115433264844,0.02844282225897387,0.026485576214297767,0.024667990045227017,0.022979562669835307,0.021410624373168808,0.019952120039693735,0.018595679917749422,0.01733385132846718,0.016159074696717818,0.01506537981307114,0.014046070979573512,0.013096631687247971,0.012211668435017958,0.011386761038279005,0.010619176902948167,0.009904693620261343,0.00923903306914085,0.008618897819265881,0.00804136666830132,0.007503132960653669,0.007000800807325174,0.006531992317082825,0.006095073550815742,0.00568808859366727,0.0053083817353336,0.004953506026285135,0.004622274400420745,0.004314057186467072,0.004027077869189485,0.003759169140794625,0.00350982344143681,0.003278355837471962,0.0030625427386691572,0.002861640632362218,0.0026743133644360124,0.0024985575241806054,0.002333127315295667,0.002174763772461609,0.002022316067617182,0.0018766575959231386,0.0017454191945154253,0.0016336337648457384,0.001537925462924438,0.0014524976782079072,0.0013664769168698718,0.0012794123281987559,0.001191753930722784,0.0010956819876203313,0.0010040327152060025,0.0009475200504125793,0.0009021924002860744,0.0008526710546567505,0.0007896471772401292,0.0007489907359334144,0.0007020430930079828,0.000637544613933841,0.0006109613102115158,0.000575255054612555,0.0005436905884278774,0.0005016384533326246,0.00048394471848392127,0.00044962544076845574,0.00042448271150263817,0.0004051283468539473,0.0003870750450957401,0.0003576434289817974,0.0003456974348791473,0.0003307050296078777,0.0003101697261002869,0.00030119129884096074,0.00028725293326540603,0.00027397868390091623,0.00026469584261557574
240.94035602395243,0.7358803391642624,0.7361786942298346,0.7364984786362049,0.7368412478709047,0.7372086727256143,0.7376025481926888,0.7380248030982822,0.7384775105400434,0.7389628992045637,0.7394833656478154,0.7400414876308935,0.7406400386135678,0.7412820035196314,0.7419705959009933,0.7427092766420849,0.7435017743627007,0.7443521076961432,0.7452646096407834,0.7462439542073047,0.7472951856113299,0.7484237502923873,0.7496355320757697,0.7509368908344645,0.7523347050547039,0.7538364187616812,0.7554500933225728,0.7571844647133512,0.7590490069153242,0.7610540021984694,0.76321061915344,0.7655309994550585,0.7680283544803691,0.7707170730680329,0.7736128418982381,0.7767327801996627,0.7800955907588453,0.7837217295225198,0.787633596445082,0.7918557506327563,0.7964151532553615,0.8013414421186978,0.8066672422305741,0.8124285172534678,0.8186649676523571,0.8254204829248352,0.8327436576051607,0.8406883830154047,0.8493145272105921,0.8586887129222474,0.8688852006271545,0.8799868905818595,0.8920864787791886,0.9052878150752267,0.9197074783109535,0.935476538723347,0.952742556459296,0.9716719940000567,0.9924530286475685,1.0152985893992115,1.0404500138412576,1.068181421864926,1.0988042937966822,1.1326732733032063,1.1701923849324933,1.2118223389540754,1.2580886647974099,1.3095909238469017,1.3670124157329493,1.4311310608052459,1.5028296459953856,1.583105174348286,1.673074822408159,1.773973717220851,1.8871355706723278,2.0139366284658737,2.155657214519647,2.313141315540636,2.485892630402316,2.669288912710396,2.8437993648588002,2.919782431498668,2.776086129782537,2.542820560871835,2.282171957886553,2.0149715611269965,1.7519045271591422,1.5005237932998725,1.267071575849035,1.0569140340880965,0.874485535232701,0.7229355080921723,0.6034687716490357,0.5144852221485857,0.451111083009936,0.40602688285744903,0.37159857154470205,0.34195763247033667,0.3138678938102779,0.286428013133365,0.26019648932540707,0.23618901281911941,0.2150539183609427,0.19670692888242594,0.18053488889896607,0.16589937787978903,0.15247398593333414,0.1402012317291302,0.12905968823000974,0.11894320284547492,0.1097152521313604,0.10127830595950067,0.09356408021264777,0.08650543342968306,0.08003802101490307,0.0741062114919755,0.0686601169809447,0.06365427718322238,0.059047840055996455,0.054804032519245996,0.05088983805818414,0.04727570951534419,0.04393526168374813,0.04084496236811591,0.03798381697676068,0.03533304205829412,0.03287579841850668,0.03059685719519778,0.02848241922520751,0.026519902639913436,0.024697774307761374,0.02300541308577782,0.021432995211978043,0.01997150262195625,0.0186126519939374,0.01734842044900353,0.01617192589123902,0.015076327903434815,0.01405591962079062,0.013104772127864255,0.012219046822331573,0.011393393008359322,0.010624319167170217,0.009909244734166853,0.009243606223115767,0.008623112705744193,0.008044483260755667,0.0075050623670931274,0.007002260180841477,0.0065335432292204015,0.006096878510084681,0.005690156095006254,0.005310699961287654,0.004956031121368865,0.004624944003440311,0.004316822277718119,0.004029903381428667,0.003761999330145549,0.0035125394383363497,0.003280762263316995,0.0030644125396185025,0.002862793520027571,0.002674629188361202,0.0024977241401719324,0.002330658930952828,0.0021706438122453924,0.002017430083981128,0.001873815269998674,0.0017465942920451708,0.0016376207701745487,0.001542495201051482,0.0014558235846311776,0.001367169835160581,0.0012793190566428726,0.0011890475165859554,0.001090777904016598,0.0010033286194224731,0.0009501116048211089,0.0009034939497193773,0.0008522580416650305,0.0007898704260725381,0.0007501922058573158,0.000700187468294491,0.0006373063781949341,0.000612144567878334,0.0005750674085042544,0.000542358229174835,0.0005026326850200251,0.0004841040767108221,0.0004481786558674276,0.0004254608527445394,0.00040427829963612277,0.00038783870557099366,0.0003572553173536329,0.00034557641160960913,0.0003302469060596857,0.00031040680401005314,0.0003014429953241043,0.0002879719971411626,0.000273720767518149,0.00026488572356857384
249.45081352303166,0.7015479620866968,0.7018236710536003,0.7021191888000069,0.7024359540673484,0.7027755123774819,0.7031395242905744,0.7035297743494271,0.7039481807739657,0.7043968059764141,0.7048778679752978,0.7053937527949973,0.7059470279472212,0.7065404571016478,0.7071770160652655,0.7078599102038161,0.708592593454463,0.7093787890966079,0.7102225124679847,0.7111280958361238,0.7121002156613955,0.7131439225175932,0.714264673969938,0.7154683707491075,0.7167613966041418,0.71815066226771,0.7196436540252215,0.721248487445835,0.722973966909965,0.7248296516561433,0.7268259291721995,0.7289740968743119,0.7312864531557479,0.7337763990489018,0.7364585519337052,0.7393488729467098,0.7424648100009225,0.74582545861713,0.7494517430896288,0.7533666208577963,0.7575953133303316,0.7621655668354009,0.7671079479207762,0.7724561780405067,0.778247513893515,0.7845231813270229,0.7913288723537039,0.7987153154933847,0.8067389285886083,0.8154625619270442,0.8249563430916111,0.8352986478979728,0.8465772350974762,0.8588905710023859,0.8723493343158231,0.8870781076151162,0.9032173691687494,0.9209258852707631,0.9403833784503983,0.9617935219437529,0.985387668857594,1.0114290001931783,1.0402171698317668,1.0720941380579234,1.107450225790894,1.146731767014725,1.1904490967697525,1.2391863337157576,1.2936114542793535,1.354487968353392,1.4226867973145514,1.4991978042351235,1.585139683945913,1.6817646812668452,1.7904517897685217,1.912675262799412,2.0499189212204754,2.20346372769345,2.373845205093889,2.5592993223955043,2.7503732477171727,2.905353990035953,2.864413270438303,2.653317109641089,2.393274823309685,2.119644385938729,1.8470428777864873,1.5844949193154925,1.3390231837935718,1.1165496157072834,0.9219952813235072,0.7590074509643102,0.6293541815296428,0.5320380016486692,0.4626259158521234,0.4137903258242321,0.3773928653390032,0.3468460295560552,0.3182935827924059,0.2904501344865588,0.2637217031493401,0.2391397909081438,0.21744942717437699,0.19865228799948537,0.1821546221901758,0.16728017596790257,0.15365642144169211,0.14120596577467873,0.1299097746034132,0.11966503472686833,0.11033079127856255,0.1018035860953217,0.09401239045023678,0.08688854443012765,0.08036582198155591,0.07438695924815264,0.0689008353971567,0.06386091429176678,0.05922542843276987,0.054956835170025975,0.05102146396631309,0.047389215535791486,0.044033238010951596,0.04092960682050375,0.03805699528421508,0.035396357635512236,0.03293059526253295,0.03064429750007148,0.028523513423285303,0.02655551003543859,0.024728626342893027,0.02303215369479827,0.02145623852439094,0.019991738359512918,0.018630088998511676,0.017363650811966017,0.016185166655274124,0.015087785516642702,0.014065903406769435,0.013113625999877412,0.012226300660567006,0.011400210487575892,0.010630260709884699,0.009913700065673103,0.009247724781410706,0.008627387049947501,0.008048448576104338,0.007507932911699372,0.007003859090709771,0.006534531534657492,0.006097883789173617,0.005691416931087137,0.005312233410303363,0.004957803320562606,0.004626908044564745,0.004318915340720105,0.004032045306357427,0.003764081652521049,0.0035144200153358314,0.003282282812862388,0.0030654171939950205,0.0028631260402672306,0.0026740207320571628,0.0024957591315384357,0.0023271134115847507,0.0021658772080512976,0.002013079536242584,0.0018726045177049693,0.0017491002698911428,0.0016421139253035523,0.0015472979185445557,0.0014583856721595856,0.0013676479795822075,0.0012787217493938907,0.0011856534569348437,0.00108582486877799,0.001003599318088098,0.0009528934462640848,0.0009049876951547451,0.0008514408180543668,0.0007906535808077332,0.0007510821933546486,0.0006978040169540549,0.0006375117578075728,0.0006133598141019964,0.0005752384492175704,0.0005408808351299016,0.0005037582910728802,0.0004844448449273559,0.0004468289767980193,0.00042637194657824335,0.00040328797536004566,0.0003883685690050666,0.0003570411316210656,0.0003453424344857911,0.0003296951691217004,0.0003107347835784176,0.00030155054531021797,0.0002886086581759868,0.000273407263130289,0.000265073248626678
258.2618760682675,0.6687855326438614,0.6690389855169498,0.6693106536879575,0.6696018609815801,0.6699140295950534,0.6702486877235032,0.6706074778216916,0.6709921655615863,0.671404649551559,0.6718469718901965,0.6723213296357633,0.6728300872814479,0.6733757903367734,0.673961180127124,0.674589209936447,0.6752630626330195,0.6759861699349975,0.6767622334915786,0.6775952479773419,0.6784895264220783,0.6794497280266342,0.6804808887475057,0.6815884549697315,0.6827783206297823,0.6840568681984647,0.6854310139893687,0.6869082583222749,0.688496741144672,0.6902053037998424,0.69204355772897,0.6940219610098947,0.6961519037693487,0.6984458036618499,0.7009172127899286,0.7035809376494703,0.7064531739219727,0.709551658202478,0.7128958390480364,0.7165070700618672,0.7204088281125058,0.7246269602723843,0.7291899637277569,0.7341293038528769,0.7394797768693014,0.7452799248117499,0.7515725113662215,0.7584050669989306,0.7658305111407429,0.7739078607197756,0.7827030417223728,0.7922898318587998,0.8027509638137653,0.8141793974857302,0.826679755427551,0.8403699698074646,0.8553832575138468,0.8718704333675142,0.890002458554823,0.909973444250317,0.9320043278625537,0.956346835812001,0.9832882410735768,1.0131570218723722,1.0463289603187327,1.0832348197143196,1.124368408506855,1.1702965369528062,1.2216695837648708,1.2792336109789488,1.3438435067086032,1.41647629709052,1.4982440094415983,1.5904036378103399,1.6943596418386146,1.8116499219278153,1.9438957387696292,2.0926701461541755,2.259165991541167,2.4432971758401365,2.6408714200367798,2.8322548201735565,2.9197990509144707,2.761857934545341,2.5093569361042984,2.2311866211334133,1.9494675186722379,1.6755772558003852,1.417603304389186,1.1821442297822302,0.9746715031899452,0.7993663715500039,0.6585867480789213,0.5519867922908827,0.47567492853791826,0.4224326922267637,0.3836653821517023,0.35202184603625897,0.32294172391702386,0.2946821626846893,0.26745059270806154,0.2422743901472619,0.21999558539964373,0.20071297122631576,0.18386241731214437,0.16873194895375804,0.15489878915641245,0.14226135868748688,0.13080186868288024,0.12042154831356107,0.11097526432310538,0.10235315505341434,0.0944810815327744,0.08728877862462842,0.0807080501160118,0.07467988532998597,0.06915185251427214,0.06407627825044947,0.05941042602738557,0.05511594067555553,0.05115846192587604,0.047507308471523256,0.04413513755144262,0.041017612175978074,0.03813305829472935,0.03546214508497569,0.032987515169253766,0.030693587764739766,0.02856621764652765,0.026592519200902304,0.0247607162072305,0.02305998710970834,0.02148034462514728,0.020012581967724916,0.018648281068152417,0.017379483033180328,0.016198741476515347,0.015099869142648794,0.01407606088788281,0.01312280692411084,0.01223413130212744,0.011406754911177609,0.010636583756439666,0.009918955800763617,0.009251563646315032,0.00863112586460641,0.00805247120444332,0.007511715186417088,0.007006575269510327,0.0065358864857035705,0.006098424677630788,0.005691820780453388,0.005312831261791888,0.004958658192076889,0.004627966586420209,0.0043200994749840035,0.004033267898146032,0.0037652342195302574,0.0035153708549298134,0.003282887983154103,0.003065500831465754,0.002862430322519053,0.002672216907587781,0.0024925906739325515,0.0023226986543771876,0.0021610354545383934,0.00201005469462123,0.0018732056415815,0.0017527899743741311,0.0016469599849566652,0.001552041781259639,0.0014602212271799923,0.0013680169952671557,0.0012774199359255048,0.0011814686596659447,0.001081254975024388,0.001004818380493516,0.0009556517685636675,0.0009067495971596591,0.0008503646977164704,0.0007919019667009253,0.0007515928670911746,0.0006949763417023428,0.0006382066537523697,0.0006144842578248284,0.0005758548561704829,0.0005393370229421669,0.0005049924936394558,0.0004849101551790713,0.00044564515009274937,0.00042716944177305225,0.00040218856545121785,0.00038862035140659057,0.00035709413933626417,0.0003449433966178901,0.00032906295222794263,0.00031114793576903605,0.00030151952511639875,0.0002891553036475728,0.00027303524058007315,0.0002652415704723781
267.3841615839947,0.6376882950339808,0.6379200142463549,0.6381683917696661,0.6384346390099679,0.6387200575011512,0.6390260459071961,0.6393541076111091,0.6397058589456573,0.6400830381269544,0.6404875149586666,0.6409213013821421,0.6413865629562735,0.6418856313605086,0.6424210180252703,0.6429954290063511,0.6436117812337689,0.6442732202813994,0.6449831398216801,0.6457452029501586,0.646563365587995,0.6474419021971697,0.6483854340736114,0.649398960518328,0.6504878932266253,0.6516580942814473,0.6529159181897799,0.6542682584621009,0.6557225993054567,0.657287073082571,0.6589705242844396,0.6607825808743787,0.6627337339899657,0.6648354271382974,0.6671001561918439,0.6695415816888469,0.6721746551651587,0.6750157614955173,0.678082879506372,0.6813957634526264,0.6849761483560766,0.6888479827340841,0.6930376929656834,0.697574484481822,0.702490686045297,0.707822144325013,0.7136086763680854,0.7198945873880258,0.726729261684652,0.7341678380745038,0.7422719893242057,0.7511108322827915,0.760761989259334,0.7713128022859627,0.7828617088212754,0.7955198497583708,0.8094130004390004,0.8246837857951362,0.8414941455091742,0.8600283261666144,0.8804964378401267,0.9031383055165352,0.9282282620122275,0.9560806002688166,0.9870557570847287,1.02156785540633,1.0600929156894512,1.103178790651723,1.151456151759053,1.2056509135599618,1.2665982635243571,1.3352574012671634,1.4127266900745568,1.5002576136667902,1.599264259059554,1.7113220046096111,1.8381422005538335,1.981493484315593,2.1429974893574757,2.3235941180051323,2.5219892574241536,2.7291262713937567,2.9016561034004082,2.858852617068851,2.6285346190192342,2.3494192884313896,2.0595046130148797,1.7742793333078228,1.5033848086074508,1.254278900769568,1.0330720392449793,0.8445279269249271,0.6916245133919048,0.5747115783602852,0.49053717191283647,0.4321264704341164,0.39050409685004844,0.35752293121094797,0.32782832163148184,0.29913460658412544,0.27139472414334415,0.2456059212076197,0.2227048622966011,0.20289878538396436,0.185665071151771,0.1702594439828648,0.15620482895752968,0.14337058410920248,0.13173859437099908,0.1212148296012265,0.1116503398676153,0.10292837764654991,0.09497127297212844,0.0877070521156869,0.08106545856243534,0.07498561126906594,0.06941368245869123,0.06430079562933719,0.05960318786030338,0.055281645358475066,0.0513010799367546,0.04763019648906085,0.04424113550380193,0.04110912612419308,0.03821213072915631,0.03553050970057613,0.033046663594120874,0.030744790847315354,0.02861054037780821,0.02663089759934749,0.024793960973327533,0.023088800537467234,0.021505362238120326,0.02003435972063735,0.018667130609822332,0.017395730962276278,0.016213103536375534,0.015112073784102554,0.014086996340915986,0.013131898182923997,0.012242578284164987,0.011413577429297744,0.010642573298476333,0.009924823660619921,0.00925614596747933,0.008634412213850624,0.008055870863890088,0.007515524069049502,0.007010238513421719,0.0065385520429526054,0.0060996696340145104,0.0056920062921757275,0.005312628502995021,0.0049584791822227855,0.004627946888517485,0.004320220402317817,0.004033443673042244,0.0037653441623126753,0.0035152656141020895,0.003282390695336827,0.0030643895354535156,0.0028604423454610824,0.0026691462407517075,0.002488438529083374,0.0023178945250194364,0.0021570810584865562,0.0020089308727586756,0.0018754911812418355,0.001757360168766638,0.001652129025170142,0.0015561846861106541,0.0014614683723759374,0.001368154537453379,0.0012751973446296072,0.0011764383630748802,0.0010774601388304137,0.0010068211188909743,0.0009582069749371106,0.0009086600661238902,0.0008492143346842298,0.0007934929388503926,0.0007518084149058452,0.0006918587206546919,0.0006394082902706654,0.0006153672607582946,0.0005769065645248825,0.0005378018833472244,0.0005062961433211108,0.0004854133921849343,0.00044463943531660116,0.0004277992543620382,0.00040101703519564895,0.0003885652347671438,0.0003574373070026464,0.00034437266463553613,0.00032835624049235744,0.0003116237802914662,0.00030137854513034087,0.0002896030150613926,0.0002726138323327872,0.0002653781535252763
276.8286630392064,0.6083359505210173,0.6085466005718543,0.6087723985632499,0.6090144467032829,0.609273929298135,0.6095521191444145,0.6098503844590804,0.6101701963977423,0.6105131372176394,0.6108809091478244,0.6112753440360865,0.6116984138500597,0.6121522421189002,0.612639116412029,0.6131615019629045,0.6137220565587929,0.6143236468322889,0.6149693661071706,0.6156625539703378,0.6164068177634834,0.617206056213153,0.618064485446504,0.6189866676729154,0.6199775428493403,0.6210424636907297,0.6221872344369506,0.6234181538455302,0.6247420629466264,0.6261663981744566,0.6276992505798632,0.6293494319338184,0.6311265486537242,0.6330410846256014,0.6351044941578279,0.637329306487943,0.6397292434752995,0.6423193523525579,0.6451161556860342,0.6481378210256036,0.651404353140237,0.6549378122804326,0.6587625626268644,0.6629055559715972,0.6673966566149404,0.6722690141829746,0.6775594913259358,0.6833091532993226,0.6895638276228311,0.6963747464370057,0.7037992916606185,0.711901867008578,0.7207549119968687,0.7304400592888127,0.7410494552922543,0.7526873209042996,0.7654718188350582,0.7795371749889921,0.7950360738987553,0.8121425997176527,0.8310556635609685,0.8520027750617499,0.8752447863792505,0.9010811766071976,0.9298562567751478,0.9619665526324385,0.9978691027828617,1.0380913237374285,1.0832422524084615,1.1340252153339525,1.1912524549097294,1.255860955124155,1.3289293574856733,1.411694965644057,1.5055685222216713,1.6121423251184774,1.7331825929168525,1.870586575576306,2.026258941765604,2.201788164990202,2.3975596620562705,2.609904185857739,2.8192736363111583,2.9198538486952845,2.7464892316351572,2.473621534733723,2.1773420875150213,1.8810888993124277,1.5969643659258859,1.333577981319133,1.0978062938384312,0.8950619438998605,0.7289802784274575,0.6006469786636002,0.5075420620390723,0.4430825691401876,0.39801982981841943,0.363397570144925,0.3329728796387341,0.30381872889738326,0.27556595924119365,0.24914819969968882,0.22559082576301354,0.20522063480207997,0.18757017112204996,0.17186787769774708,0.15757857851409018,0.14453705807203612,0.13272278562390286,0.12204712978198001,0.11235781048811248,0.10353071559213642,0.09548416202420247,0.08814434274632248,0.08143884955679874,0.07530479796697499,0.0696868709960033,0.06453491852976945,0.05980408963706597,0.055454262364890636,0.05144957972727472,0.04775809906609963,0.04435141641617977,0.04120430417533545,0.038294342887646146,0.035601567174568687,0.03310812983653356,0.030797965937830313,0.02865656910357804,0.02667077605729721,0.024828526277134663,0.023118764090785063,0.02153131800904712,0.020056810151495245,0.01868663401669075,0.017412823604334184,0.016227760113087273,0.015124911894430456,0.014098157146054417,0.01314160363009571,0.012250874883940402,0.011421267988008025,0.010648480689556051,0.00993038254336416,0.009261579641810144,0.008638343486566705,0.008058656536141903,0.007518609866269498,0.0070138572345401695,0.006542154111308949,0.006102398670073246,0.005693329917839257,0.005312661971543313,0.004957777287190315,0.00462697427265585,0.0043191861597273685,0.004032380793900592,0.003764176688984098,0.0035138510164902078,0.0032805527859165163,0.003061935778567137,0.0028572124336965687,0.0026651015846047843,0.0024838354948142527,0.0023137147881690193,0.0021549266422569435,0.002009902192826418,0.0018792377317094215,0.0017624673417804533,0.0016575131039130203,0.0015593558593365372,0.0014622441399174953,0.0013677765852017128,0.0012719382644015911,0.0011706504917270053,0.0010747910029214975,0.0010094147688795138,0.0009605390795734665,0.0009103665682694971,0.000848144987341467,0.0007953069754918054,0.0007517980943250406,0.0006886667333484363,0.0006410595400276689,0.0006158667298622842,0.0005782015374679814,0.000536307796552321,0.0005076319128539965,0.00048586708796491423,0.000443803172382466,0.00042820417816559654,0.0003998049520902231,0.00038820658386638774,0.00035802031171582537,0.0003436631250657253,0.0003275821391495236,0.0003121239380805327,0.0003011400075158849,0.0002899378078620061,0.0002721907448821243,0.0002654585569565182
286.606761694825,0.5807888986091295,0.580979293188843,0.5811833826163588,0.5814021638881793,0.5816367083397028,0.5818881674449069,0.5821577791054785,0.5824468744758562,0.5827568853757439,0.583089352347397,0.5834459334214417,0.583828413662299,0.5842387155725475,0.5846789104449126,0.5851512307611928,0.5856580837494886,0.586202066224822,0.5867859808538647,0.5874128540023372,0.5880859553440118,0.588808819433599,0.5895852694725338,0.5904194435274001,0.591315823496079,0.5922792671574477,0.5933150436875272,0.5944288730794717,0.5956269699679999,0.5969160924323272,0.5983035964371027,0.5997974966702734,0.6014065346522685,0.6031402551246084,0.6050090918800488,0.6070244643727435,0.6091988866481212,0.6115460903624313,0.6140811639300456,0.6168207101601204,0.6197830251533116,0.6229883017647329,0.6264588616350509,0.6302194206315357,0.63429739340156,0.6387232433835035,0.643530884865898,0.6487581438812047,0.6544472862096982,0.6606456253045703,0.6674062298067757,0.6747887529749232,0.6828603972410389,0.6916970164140023,0.7013843797899825,0.7120196737388759,0.7237132960704341,0.7365908925019699,0.7507956768542429,0.7664912889523594,0.7838651060087308,0.8031319279727386,0.8245386192349219,0.8483692637784858,0.8749513056228031,0.9046627967614119,0.9379406781187877,0.9752905778345591,1.0172981476025593,1.064641908125501,1.1181082629260377,1.1786081023699406,1.2471950573557646,1.325084822984771,1.4136739610466202,1.5145550987337997,1.6295222128432272,1.760552756623813,1.909737079761588,2.079082766148839,2.2699925755148156,2.481716549086194,2.7057274696997387,2.8972940617295557,2.852860633452293,2.6019379571029044,2.302895287830818,1.9964334107584873,1.6989497554528934,1.4207065917975648,1.1695372520711822,0.951596430327814,0.7712262976547531,0.6302876820731947,0.5270764048668091,0.45555802678705715,0.40635225267790026,0.3697078301168163,0.33839975611748446,0.30874687933268724,0.2799764260170906,0.2529156951955969,0.2286681904205238,0.20769064368864118,0.18958621446990706,0.17356300858378276,0.15902440746433877,0.1457644601173237,0.13375750611558723,0.12292088209821803,0.11309960473662983,0.10416173616985626,0.09602103045267998,0.08860169536528438,0.08182907845645836,0.07563814882765992,0.0699719979838295,0.06477912650551353,0.06001352923629165,0.05563412282829901,0.05160423771311808,0.047891247698281264,0.04446617471879128,0.04130331006146869,0.03837983234542877,0.03567543670774486,0.033172004171025365,0.03085321336090037,0.028704405395766845,0.026712200511878587,0.024864397713828677,0.02314984397766282,0.021558281803022727,0.0200802496621042,0.01870697231309271,0.01743032226535889,0.01624305446671453,0.01513831846430581,0.014109504009962534,0.013151892139476738,0.01225935230415548,0.011428972079432755,0.01065533390953003,0.00993553362838425,0.009266807202279716,0.008643356039107881,0.008061968221309697,0.007520928877724785,0.007016635469857914,0.006545588345752397,0.0061059869638790554,0.005696237256813394,0.005314288488696062,0.004957990280268801,0.0046260933059380374,0.00431764337928182,0.004030456207408245,0.0037619614252547696,0.003511311669579441,0.003277603399621656,0.003058486670713202,0.00285324568829719,0.0026608330268570153,0.00247993410331056,0.002311310311075349,0.0021550709930628718,0.0020127601526740983,0.0018840556524124647,0.0017679792658588263,0.0016625674542661356,0.0015615513914532947,0.00146270163653198,0.0013665738673637473,0.0012676980811985301,0.001164491664894017,0.0010735025611660818,0.0010125274530164796,0.0009627434617497433,0.000911519423612337,0.0008472766974708936,0.0007972018430736414,0.0007514143012644939,0.0006856879763593059,0.0006430026212684962,0.0006159233051419889,0.0005794572535816791,0.0005348634716497403,0.0005089668350258475,0.0004861815709631358,0.0004431356298506548,0.00042838490018965326,0.0003986209211666463,0.0003875873411393861,0.0003587477337339229,0.00034291955006681465,0.00032675641525667994,0.0003126083601221444,0.0003008009338107627,0.00029014524780938733,0.00027184227406581887,0.0002654231806345001
296.73024081888695,0.5550845175782005,0.5552556226289994,0.5554390376291899,0.5556356591395328,0.5558464506290404,0.5560724477037051,0.5563147637778016,0.5565745962299715,0.5568532330909569,0.5571520603150963,0.5574725696936138,0.5578163674744281,0.5581851837607876,0.5585808827696193,0.5590054740402434,0.559461124695191,0.5599501728674965,0.56047514242324,0.5610387591245839,0.5616439683973664,0.5622939548889022,0.5629921640264083,0.5637423258149593,0.5645484811466941,0.5654150109308862,0.5663466683983215,0.5673486149842618,0.5684264602533342,0.5695863063984526,0.5708347979260529,0.5721791772333971,0.5736273468925841,0.5751879395823033,0.5768703967543767,0.5786850572897869,0.5806432575905053,0.5827574447729011,0.5850413048838197,0.5875099083677959,0.5901798754019356,0.5930695642238469,0.5961992862438368,0.5995915525476273,0.6032713572508991,0.60726650383407,0.6116079808707552,0.6163303937428549,0.6214724602490168,0.6270775822143833,0.6331945118938594,0.639878135160692,0.6471903854828528,0.6552012918398258,0.663990182420457,0.67364711562112,0.6842745964475393,0.6959895350326101,0.708925479612955,0.7232353674123243,0.739094735666662,0.7567053015406286,0.7762994676407754,0.7981453745017411,0.8225529000445664,0.8498808019010287,0.8805448822153114,0.9150277277723351,0.9538900048863269,0.9977834093013436,1.0474659058309934,1.1038188466351448,1.1678662073507782,1.2407956480678075,1.323980361196165,1.418999620891757,1.5276536614168124,1.651963769170116,1.7941378699951185,1.9564559139230147,2.1409581719792636,2.3485683797971335,2.576241578161639,2.804713864660126,2.919951258206307,2.729916287272938,2.4355309896739903,2.120608514999974,1.8099373971132577,1.5163644326467418,1.2489821904627745,1.0148213650346893,0.8189991562602008,0.6641940007569901,0.5495916850480536,0.4698647177466234,0.4156772640123873,0.3765339331573578,0.3441400376331286,0.3139330110463813,0.28463851563586823,0.2569234571710861,0.2319528483671007,0.21032228386448368,0.19172274523456745,0.17535122410843684,0.16054705834343017,0.14705675664221282,0.1348460707727432,0.12383872075870024,0.11387780068192338,0.10482312181445023,0.09658325200826384,0.08908022763874623,0.08223705817732088,0.07598641319008735,0.07026968004885759,0.06503392864569073,0.06023192834912921,0.05582157716045649,0.05176534600572729,0.048029886678345284,0.04458561532532218,0.04140631615576423,0.03846874431706695,0.0357522407926039,0.03323839031074874,0.030910633051169468,0.028754092826767056,0.026755187960012052,0.024901617501113596,0.02318209033027103,0.021586215578107557,0.020104430957968697,0.018727944308725004,0.017448669382464598,0.01625899291966382,0.015151908369056994,0.014121715587432965,0.01316205884519798,0.012268740768303667,0.0114364171089337,0.010662553938876522,0.009941468274683693,0.009271381526382731,0.00864833159257708,0.008066573471434057,0.007523655866401059,0.007018500331052636,0.0065480456513539904,0.006109222095311367,0.0056998403168612675,0.00531746713021896,0.004960130873523259,0.004626892375027277,0.004317170210629585,0.004028994912635576,0.003759789415881419,0.0035086067549744745,0.0032744773857261477,0.0030550579449897764,0.0028497512611063494,0.0026577595161065746,0.0024780259387315023,0.002311360022157964,0.0021574299284443962,0.0020171542653908306,0.0018895060751026854,0.0017737511911736026,0.0016665994728252813,0.0015629426144168634,0.0014627686605239256,0.0013642453127485717,0.0012623925605977763,0.0011586356720218799,0.0010737407907918345,0.0010161256281058452,0.0009650028573387132,0.0009119039751332576,0.0008468152902505872,0.0007990272682957184,0.0007504565266773755,0.0006831330226166408,0.0006450487409136335,0.000615597028316193,0.0005804072752076539,0.0005334988515333477,0.0005102667215465337,0.00048627216459448956,0.0004427244501276034,0.00042845712049608737,0.00039758387505318645,0.0003867657811476743,0.0003595239568280254,0.0003423645656294502,0.0003259387592827738,0.0003130424312086952,0.00030034994307115794,0.00029021009042260907,0.0002716722837770318,0.00026520238705273684
307.2112998861756,0.5312337760517062,0.5313867071145278,0.5315506421928335,0.5317263829726095,0.5319147910046221,0.5321167923884372,0.5323333828538024,0.5325656332774299,0.5328146956774376,0.5330818097324579,0.5333683098778045,0.5336756330371536,0.5340053270550948,0.5343590599037126,0.5347386297452458,0.535145975942984,0.5355831911240813,0.5360525344111313,0.5365564459544014,0.5370975629138509,0.5376787370598483,0.5383030541842148,0.5389738555393948,0.5396947615537243,0.5404696981056534,0.5413029256801826,0.5421990717777077,0.5431631670000874,0.5442006853025062,0.5453175889742471,0.5465203789987335,0.5478161515452852,0.5492126614641755,0.5507183937949393,0.5523426444574496,0.5540956114779606,0.5559884983107662,0.5580336310560337,0.5602445916585808,0.5626363695263553,0.5652255344721413,0.5680304345047547,0.5710714227953946,0.5743711190473288,0.5779547112855418,0.5818503044826921,0.5860893225076091,0.5907069706322392,0.5957427692091561,0.6012411758027048,0.6072523183040927,0.6138328563005802,0.6210469749213088,0.6289675251363489,0.6376773737984955,0.6472710348998255,0.6578565548230726,0.6695576499268339,0.6825163265956743,0.6968960009528485,0.7128849623406165,0.73070070661735,0.7505949094002485,0.7728592219135445,0.7978323255863458,0.8259079047322101,0.8575443293980862,0.893275797317659,0.9337253320641784,0.9796201041679999,1.0318088473513767,1.0912817822955092,1.1591929369452239,1.2368842607960575,1.3259102048035627,1.4280597874936602,1.5453698541127407,1.6801161319259168,1.8347521798593198,2.011725246554608,2.2129649753388407,2.438352168433257,2.6800225737583374,2.8921723637666004,2.8464139866310196,2.5734437482664676,2.253641040540482,1.9304725542662997,1.6212736320384986,1.3369111670869442,1.0854919000290044,0.8730047572841441,0.70299754680574,0.5756114671856619,0.4863789444797465,0.426215918000829,0.38397993161801663,0.3502341163521949,0.3193934630493554,0.28956493038377074,0.2611870179551693,0.23546187596009074,0.21313050437196646,0.19399051039285542,0.17723964558417682,0.1621516960176221,0.14841822702576507,0.13599206925934787,0.12480350210985122,0.11469464121933388,0.10551668080173948,0.09717230069335854,0.08958113648268883,0.08266376408622667,0.07635039009924964,0.0705805735171013,0.06529986585125296,0.06045973426626337,0.0560169964565612,0.05193321350950889,0.04817427396289891,0.044709954317994106,0.0415135039946224,0.038561231798198314,0.03583210756613319,0.033307401034837716,0.0309703108053538,0.028805699863217543,0.026799857208752366,0.024940322396828748,0.023215632547937848,0.021615299034639893,0.02012967643452434,0.01874984868274951,0.017467561238456566,0.01627531943206143,0.01516638705949749,0.014134036259523442,0.013172903560835218,0.012278108715610763,0.011444736054006154,0.0106692770732258,0.009948216982785911,0.009276370776112871,0.008652490686873814,0.008071358570056369,0.0075278725323004725,0.007020675931750184,0.006549448048202973,0.006111327099989281,0.005702839235531434,0.005321074938347593,0.004963623207973477,0.004629684673982682,0.004318908899557094,0.004029604570181846,0.0037594065983671114,0.003507472064282247,0.0032728780896705955,0.00305332408953929,0.00284829761298997,0.0026571184434055714,0.0024787499860350172,0.002313805483512365,0.002161602081037322,0.002022498797002329,0.0018953959992301888,0.0017791121253164033,0.0016693832078243734,0.0015636948806793634,0.0014620575775992335,0.0013605463641637105,0.0012560132584588848,0.0011538065834787896,0.001075422507330107,0.0010198966386816225,0.0009675441585815807,0.0009115367391426342,0.0008470654405498952,0.0008006317211005134,0.0007487534329331188,0.0006811503784326446,0.0006470222686828039,0.0006149891229318708,0.0005808376731497208,0.0005323480265752445,0.0005115393939747026,0.0004860500628386464,0.00044265992882532864,0.00042860106976126764,0.00039684428234921403,0.0003857705378720766,0.0003602875621175201,0.00034218829424628147,0.0003252307091279273,0.0003133749395157975,0.00029978169680576423,0.0002901049705545179,0.0002717535834999837,0.00026476976391840237
318.0625692794119,0.5092185329474714,0.5093545453188748,0.5095003448504215,0.5096566446592146,0.5098242111275325,0.5100038680729485,0.5101965012726614,0.5104030633760301,0.5106245792430841,0.5108621517510553,0.5111169681158028,0.5113903067804674,0.511683544929893,0.5119981666963862,0.5123357721304014,0.5126980870188576,0.5130869736442114,0.513504442589312,0.5139526657066908,0.5144339903865648,0.5149509552757745,0.5155063076205205,0.5161030224295434,0.5167443236818524,0.5174337078348681,0.5181749699256671,0.5189722326008235,0.5198299784602315,0.5207530861586351,0.5217468707770011,0.5228171290563027,0.5239701901809757,0.5252129729107222,0.5265530499899596,0.527998720916266,0.529559094324379,0.5312441814419532,0.5330650022997091,0.5350337066386058,0.5371637117683575,0.5394698600322559,0.5419685990811136,0.5446781889123867,0.5476189405848081,0.5508134925126652,0.5542871309299136,0.558068161216989,0.5621883368029257,0.5666833542192075,0.5715934287805586,0.5769639732583336,0.5828464021198794,0.5892990702321376,0.5963883502458096,0.6041898943791398,0.6127901666912802,0.6222882543718159,0.6327979137452424,0.6444500336966825,0.6573956548785185,0.6718093297955711,0.6878932350981595,0.705882081943802,0.7260486735084243,0.7487108550446634,0.7742392654262037,0.8030669336020838,0.8357001904757585,0.872731677934876,0.9148556073204316,0.9628853124789246,1.0177736171536442,1.0806360129035284,1.1527764085769738,1.2357147053894966,1.3312142443622512,1.441304828678675,1.568292164422819,1.7147336133474962,1.8833352070866973,2.0766513579152273,2.296224250150849,2.539736611223695,2.7884282396205946,2.920095247809991,2.7120734938538473,2.3950049138092373,2.0609767953013702,1.7361565143432711,1.4341418138678625,1.164430373085115,0.9340232490071138,0.7474070509717662,0.6057387745665881,0.5055517075027055,0.43824503706674645,0.39218101193302457,0.35673521423692484,0.3251481249370163,0.29476882098280116,0.26572227593446396,0.2392135090148975,0.21613185769429236,0.1964016361128409,0.17923625417226294,0.16384396793499736,0.14985349323949754,0.1371993915060581,0.1258183282826596,0.11555255141504883,0.10624435920171393,0.09778975990226406,0.09010570519476523,0.08311023940444152,0.076730932455884,0.07090537762958529,0.06557751333153616,0.06069742182143723,0.05622077401669469,0.05210816712787834,0.04832468212611202,0.044839419708423776,0.041625064900756716,0.03865745599537299,0.035915172310652485,0.033379153261990924,0.0310323362906192,0.028859328643499264,0.026846283438610553,0.024980494838384416,0.02325038898172284,0.02164538693221429,0.02015573330189152,0.018772446421048947,0.017487269110254576,0.01629254150017722,0.015181101428313143,0.014146869391580694,0.0131843051905016,0.012287542645550651,0.01145350988438023,0.010676397743160315,0.009954492944396844,0.009282575842200762,0.00865659007362267,0.008075230998003098,0.007532512479757205,0.0070245307454461356,0.006551104230781785,0.006112242840343374,0.005704543222300869,0.005323773265247913,0.004967158048121975,0.004633458414196853,0.00432237090266236,0.004032446173748289,0.003761515171275109,0.003508929427118118,0.003273921813543395,0.0030542941005918403,0.002849594147536558,0.0026591592839849488,0.002481871017906718,0.0023181425563351806,0.0021669181783530228,0.0020284068223803504,0.0019013109856009602,0.0017832123624699245,0.0016710865044913938,0.0015639091000777768,0.0014601406198862124,0.0013555305054028187,0.0012488885556027768,0.0011505995582085176,0.0010782314038102802,0.0010234957514040715,0.0009703993518995261,0.0009106700970642422,0.0008481503302622626,0.0008017680019810549,0.0007461704010096281,0.0006799537632338496,0.000648853704894996,0.000614250466962556,0.0005805779969266169,0.0005316224035611526,0.0005127483452939997,0.00048540466595316115,0.00044288104598813973,0.00042894242937251,0.0003965455736956251,0.00038468096043909965,0.00036101491008715304,0.0003424122868949936,0.00032470890216888733,0.0003135812333670808,0.0002991204853054437,0.0002898108392615074,0.00027208073179246653,0.0002641324929201131
329.2971255097148,0.4889899114537323,0.48911038213317864,0.48923952106704743,0.4893779597721266,0.48952637692641965,0.4896855020605268,0.48985611956255354,0.49003907302665306,0.4902352699786663,0.4904456870161207,0.49067137540413647,0.49091346717365114,0.491173181773893,0.4914518333373027,0.49175083862224783,0.49207172570702024,0.4924161435179131,0.4927858722848263,0.49318283503005766,0.49360911020994813,0.4940669456451694,0.49455877389399244,0.4950872292442827,0.49565516652469155,0.49626568196413046,0.49692213636179217,0.49762818086855465,0.4983877857255422,0.49920527235817935,0.500085349285764,0.501033152379311,0.5020542900864975,0.5031548943447326,0.504341678024769,0.5056219998909619,0.5070039382328135,0.5084963745171347,0.5101090886308007,0.5118528675304909,0.5137396293930497,0.5157825656895723,0.5179963040400037,0.5203970953304486,0.5230030294813371,0.5258342854252124,0.5289134220126993,0.5322657171652927,0.5359195623210593,0.5399069191727893,0.5442638489943117,0.5490311335760065,0.5542550147169976,0.5599880720616672,0.5662902406783544,0.573229986204332,0.5808857197591224,0.5893475185772281,0.5987190969424562,0.6091201007328569,0.6206889805773154,0.6335862842424187,0.6479985091831704,0.6641429198078737,0.6822729002951815,0.7026847069087631,0.7257250547833005,0.7518005242855276,0.7813882445072374,0.8150488568281932,0.8534415780040018,0.8973417938332902,0.9476616588679208,1.0054737929567557,1.0720381533969738,1.1488317763152114,1.2375802048348503,1.3402877592771687,1.4592604471214077,1.5971078424785596,1.756694052509123,1.9409662300085917,2.152457243169947,2.3917714176431133,2.6518564514861453,2.886186963440607,2.8394889842048237,2.542968607098458,2.2016083429867734,1.861695563075708,1.5415279754032645,1.252526160891897,1.0029135571592789,0.7982143258312709,0.6406633600827123,0.5279193513214103,0.4521095403221052,0.4013127889330807,0.3637141720953039,0.33122214638962316,0.3002640709915514,0.27054536766191545,0.2432270780523097,0.21934461527390733,0.19896982406322108,0.18135004194106658,0.1656300782136867,0.15136755390825646,0.13847225543505287,0.12688657356858168,0.11645415821676253,0.1070082542916225,0.09843733254371952,0.09065531137559484,0.08357760118453583,0.07712895158913578,0.07124483807476041,0.06586748334249747,0.0609454955123769,0.05643332700142383,0.05229055308384566,0.04848139941735257,0.04497425229376648,0.041741200717782784,0.038757587008760856,0.03600157808498114,0.03345376794342395,0.031096811009460188,0.028915074094465462,0.026894503827684983,0.025022197717277227,0.023286516004254458,0.021676715165133992,0.020182908663186366,0.018796008809639917,0.01750762941028855,0.016310095286690727,0.015196529856746133,0.014160418888809822,0.013195614984210883,0.012298000059650364,0.011461867497609987,0.010684549365338414,0.009960507201512965,0.009288585685568816,0.008662130703931039,0.00807856669406927,0.0075361933413350835,0.0070290592167759946,0.006554637038805123,0.006113417773052099,0.005704938214821868,0.005325004283752155,0.004969459833766079,0.0046367563210725484,0.004326288130346027,0.004036464737887148,0.0037653545368705184,0.0035125018149945245,0.0032772958851574065,0.0030576634246098646,0.0028532167914769634,0.0026632943262421423,0.002486669397855226,0.002323581662896573,0.002172855638935269,0.0020344638601925177,0.0019061921539890463,0.0017858630431600434,0.0016719116973787824,0.0015632043095598596,0.0014566297819184155,0.0013491769809189393,0.001241894842267695,0.0011494189954618821,0.0010819323165619588,0.001026881097190894,0.0009730925199318714,0.0009096584275631426,0.0008498348200683715,0.0008022198008135746,0.0007426655861152951,0.0006796324257145421,0.0006506956466645162,0.0006136000913772611,0.00057956000682998,0.0005316174800020376,0.0005137632667445743,0.000484197404510628,0.0004433586071516794,0.0004294735488364808,0.00039684725789830214,0.0003835860849258827,0.00036170544702101746,0.0003429372219670112,0.000324373116685099,0.0003136235125258383,0.000298358955215825,0.00028933158440798304,0.00027259634206209003,0.00026328991136783856
340.9285069746811,0.47046810338375095,0.47057450458545946,0.4706885601012025,0.4708108273513112,0.47094190535249497,0.47108243796954474,0.47123311744273694,0.47139468821737096,0.47156795110481764,0.4717537678077935,0.47195306584633806,0.47216684392524827,0.47239617778857734,0.4726422266123198,0.4729062399927014,0.47318956559467057,0.4734936575334042,0.4738200855710527,0.4741705452217525,0.4745468688703572,0.47495103802464206,0.4753851968372421,0.47585166705264803,0.476352964556641,0.4768918177311052,0.47747118784680065,0.47809429176113305,0.4787646272280498,0.4794860011739778,0.48026256134848017,0.48109883182268437,0.4819997528846601,0.48297072597154167,0.48401766438680915,0.48514705068199143,0.48636600173971306,0.4876823427834686,0.4891046917605534,0.4906425557959617,0.49230644169059457,0.4941079827325614,0.4960600844207457,0.49817709212838135,0.5004749843954371,0.5029715966005835,0.5056868812581437,0.5086432127150274,0.5118657446725458,0.515382828135929,0.5192264968662527,0.5234330321300399,0.5280436307804989,0.5331052085116416,0.5386713541770936,0.5448034318068771,0.5515718721474656,0.5590577622469906,0.567354745795488,0.5765711799734509,0.5868327870180274,0.5982858847515011,0.611101017041952,0.6254775496535654,0.6416489367340897,0.6598891113082614,0.6805200306840763,0.7039207134125202,0.7305378057069764,0.7608983549288753,0.7956246207286869,0.835451657019668,0.8812479437793145,0.9340393330156836,0.995036636128118,1.0656668593943068,1.1476075000518031,1.242822143561501,1.3535932586855455,1.4825430249849527,1.6326216697300517,1.8070184653364072,2.0088747946983543,2.240440861905558,2.500246818144402,2.770265895381092,2.9202889390609434,2.692893921784341,2.351970434809985,1.9984598478976185,1.6599379067109272,1.3507318028430695,1.0806169231642326,0.8563003039878734,0.6811688561250301,0.5541142237588094,0.46823636247565403,0.4116029620315467,0.37126590999769027,0.3376484171242121,0.30606581444206604,0.2756725460084488,0.2475228951590214,0.22278886245700077,0.20171056611393934,0.18359119235697655,0.16751687949513816,0.1529658240969222,0.1398152371283673,0.12801191383154528,0.11740231293109246,0.10781062962980965,0.09911685228709421,0.09123143573369276,0.08406704693207655,0.07754542230305639,0.07159975087130266,0.06617042818010549,0.06120449183938148,0.056655098264129566,0.05248073833148852,0.04864473093641086,0.0451147066245647,0.04186212461153717,0.03886180429538456,0.03609147608354472,0.033531371764389716,0.03116384474083873,0.028973020710035425,0.026944594707498267,0.02506555356847419,0.02332407219382589,0.02170922114886497,0.020211048927904682,0.018820406145098244,0.017528858555709657,0.016328632470951045,0.015212513365713857,0.014174037629707335,0.013207918457143338,0.012308333724391452,0.011471071191660137,0.010692301967830465,0.009967808483289096,0.00929380656390198,0.008667966488254552,0.008083319559912639,0.007538920029062412,0.007032615603671557,0.006559083744546525,0.006116690244377416,0.005705687624964014,0.005324838455610662,0.004970112081487828,0.004638534283236758,0.00432912575154717,0.004040222073174947,0.003769654383809116,0.003517014052326616,0.0032819057426224326,0.003062399035589448,0.002858166654009964,0.0026685598083575125,0.002492301539715607,0.002329533914205393,0.0021788081298255717,0.0020395134753372628,0.0019094272739178639,0.0017872744025244922,0.0016719096607475026,0.0015610281993269624,0.0014514115399349142,0.001341598733644014,0.0012361556288731576,0.0011503939528946477,0.0010864203438766163,0.0010302440886017514,0.0009749800537419288,0.0009087801710522385,0.0008518402998279918,0.0008020999016577141,0.0007384967168860158,0.000680252431550416,0.0006526051399074995,0.0006133506204023234,0.0005778902426929273,0.000532422090219498,0.0005144415900114367,0.0004824016386499265,0.00044415554087642915,0.0004300321541361405,0.00039791069428649246,0.0003825537944961466,0.0003623275375479352,0.0003436709603807988,0.0003241606257517918,0.0003134306518274216,0.00029746828754489393,0.00028869521158260305,0.00027321079581904686,0.00026234018270352674
352.970730273065,0.4535438597476439,0.4536377249257342,0.45373834004626773,0.4538461963016081,0.4539618214863638,0.4540857828515887,0.4542186902000764,0.45436119924576157,0.45451401526279966,0.45467789705278866,0.4548536612618649,0.45504218708311606,0.45524442138396426,0.45546138430296507,0.4556941753659327,0.4559439801775423,0.45621207775170475,0.45649984855219955,0.45680878332447067,0.45714049281032504,0.457496718449787,0.45787934418881954,0.45829040952837286,0.45873212396965596,0.45920688303311313,0.45971728605486406,0.4602661559949879,0.46085656152771165,0.4614918417251953,0.46217563369518905,0.4629119035896251,0.46370498146774364,0.464559600575725,0.46548094169787085,0.46647468334623454,0.46754705869190155,0.46870492030918837,0.4699558140119646,0.47130806331534536,0.4727708663556001,0.4743544074334884,0.4760699856865848,0.47793016372729574,0.47994893944792993,0.48214194476983774,0.4845266762257842,0.48712276416373057,0.4899522896526392,0.4930401593536024,0.49641454714284083,0.5001074092005816,0.5041550846393662,0.5085990109033424,0.5134865927711076,0.5188722375893567,0.5248185497686663,0.5313977555360675,0.5386934790278598,0.5468028218520663,0.5558387716492464,0.5659332598137686,0.5772407000882713,0.5899422080991136,0.6042508396577776,0.620417562638298,0.638738753459862,0.6595647890286622,0.6833105795948603,0.7104679514447069,0.741620288027848,0.7774600050406195,0.8188090435374573,0.8666428889149151,0.9221185558798843,0.986606770615683,1.0617282388398481,1.1493930753650345,1.2518407872444086,1.3716748527386233,1.5118779331220082,1.6757777168421222,1.8668901356579308,2.08843894796712,2.3418615378046943,2.621075710607279,2.8792248911849154,2.832061787031908,2.510431992901492,2.146762665655152,1.7902140304355738,1.4600527810197292,1.168158444126005,0.9226409181520098,0.7281398523641225,0.5848749913113372,0.4871496255921996,0.4233456609897885,0.37951806384707953,0.3444711296019713,0.31219131455220694,0.2811200947414649,0.25212208581145323,0.22648655957189434,0.20464137337622487,0.1859712947029879,0.16951198743164575,0.1546541824575928,0.14123330370786377,0.12919835926575687,0.1184001168387597,0.10865393201503695,0.09983029613680267,0.09183567184851867,0.08457986197026797,0.07798138845824072,0.07197096665296203,0.06648704344627235,0.06147498191055377,0.05688655840598773,0.05267911201435414,0.04881499984028821,0.04526105195670062,0.04198806165793423,0.03897029615347231,0.036185025536825656,0.0336120984396706,0.031233552247402496,0.029033257629972355,0.02699665605367866,0.02511061360231411,0.02336303047302619,0.021742923347924478,0.020240251591961012,0.018845715026499097,0.01755075751545606,0.016347546111309535,0.015229006309538913,0.01418867121699992,0.01322032588397196,0.012319050856766961,0.01148080867034558,0.010700088439283295,0.009975243541932239,0.009299983342194946,0.008672761280854301,0.008088985818602842,0.007542793974814506,0.007034875659514894,0.006562560952056475,0.00612109121428184,0.00570879105362583,0.00532524684012795,0.004969346029165442,0.004638465154125989,0.0043302205485130805,0.004042379226441641,0.0037728073722939873,0.003521005154331221,0.0032864910053446313,0.003067384338887531,0.002863445733495164,0.0026740710568237563,0.002497919780075909,0.0023349427795904946,0.00218342771234062,0.002042773016054186,0.0019111528263172945,0.0017876409296177713,0.0016705388290727669,0.0015569092255578664,0.0014445960384554845,0.0013335484159927768,0.0012325901726505373,0.001153193958170203,0.0010911898410873395,0.0010339044878773288,0.0009757282275716323,0.0009083234925405247,0.0008538622436029723,0.0008014234505773201,0.0007341360712191553,0.0006818436551821612,0.0006543042606333954,0.000613787134009639,0.0005757626933972547,0.0005338229963271045,0.0005147678263508069,0.0004801579477598743,0.0004453129781522422,0.0004304066168475508,0.00039976998524772093,0.00038163038308812035,0.00036285338393741485,0.00034453334832981405,0.0003240047524274924,0.0003129526193742337,0.0002964584749318056,0.0002879733129316593,0.00027380988506770605,0.0002615131879745341
365.43830709572546,0.4380817506164554,0.43816463524023685,0.43825347680055043,0.4383487082922021,0.43845079490541927,0.43856023652668535,0.4386775704495476,0.43880337431528943,0.4389382693055585,0.43908292361152385,0.439238056206941,0.439404440955686,0.43958291108793485,0.4397743640832688,0.4399797670036748,0.4402001623247586,0.44043667431960815,0.44069051605676757,0.44096299708184666,0.4412555318615849,0.4415696490799102,0.44190700188794857,0.4422693792243318,0.4426587183388957,0.44307711867238253,0.44352685726757385,0.4440104059140135,0.444530450259847,0.44508991116116764,0.44569196858257737,0.44634008841355,0.44703805262480006,0.4477899932585722,0.44860043082811146,0.44947431779665176,0.4504170879182885,0.4514347123575675,0.452533763670731,0.45372148894341985,0.4550058936551322,0.4563958381950285,0.45790114938425636,0.4595327498269653,0.461302808334411,0.4632249149783234,0.4653142846409616,0.46758799372518917,0.4700652567396918,0.47276775294189555,0.4757200161308318,0.47894989927551435,0.4824891204225778,0.4863738995288907,0.4906457193847692,0.49535226088068396,0.5005485251770477,0.5062981292525846,0.5126748760187533,0.5197647257357465,0.5276680716157229,0.5365024716621415,0.5464061060559928,0.5575416973796894,0.5701014825833943,0.5843130046744065,0.6004462382050905,0.6188219748445247,0.6398220977307583,0.6639015836616121,0.6916030421362466,0.7235739056014726,0.760586729400454,0.8035631846796336,0.8536021891991363,0.9120126066964679,0.9803507713186255,1.0604625643665786,1.1545285615365473,1.2651084133106252,1.3951756092498035,1.5481214293956829,1.727682697292644,1.9376721763111866,2.181153204958108,2.4576365879897364,2.750072222961295,2.9205340937149487,2.6723105452750535,2.3063623482941056,1.9330981198725725,1.5815264051005005,1.266644958982675,0.998312279558314,0.7825689500023045,0.6210563368666475,0.50948649371791,0.43691868475806755,0.3886424031544437,0.3517508507377387,0.3186613895156446,0.2869043325255134,0.25704636455657026,0.23046155247842998,0.2077820133341307,0.1885035957617248,0.17162392303873494,0.15643902838165513,0.1427318488482775,0.1304502904399183,0.11945095015083673,0.10954081079097208,0.100579798501242,0.0924697369893603,0.08511742768155098,0.07843796915676166,0.07235939543612864,0.06681807167803869,0.0617575742667306,0.05712820796165076,0.05288608709429918,0.048992548422316144,0.04541357294169869,0.042119249064696364,0.03908325928298061,0.03628239256608954,0.03369608889285485,0.0313060529849579,0.029095883874469895,0.027050779324020658,0.025157416769337783,0.02340349814959559,0.021778004344553993,0.02027067214864733,0.018872092641728577,0.01757367057501249,0.016367495209671526,0.015246276623422898,0.014203376453683665,0.013233229137170845,0.012330650802625662,0.011490118349663594,0.010709140961833319,0.00998194545415702,0.009307130480462234,0.008677713162667492,0.008093636185934412,0.007548215826934384,0.0070378312067725735,0.006564463036971118,0.0061245202771659174,0.005713196397166796,0.005328303050039988,0.004969538207884843,0.004637083797482077,0.004329272976141245,0.004042580408511724,0.0037740746045854447,0.0035231733312846227,0.003289453310042881,0.0030709871937143053,0.0028674745939746187,0.0026782766536967086,0.0025019896497488242,0.002338502827276127,0.0021861166382407156,0.0020443601878229883,0.0019115844914414158,0.0017865850987874214,0.0016671571071182531,0.0015507883637973462,0.0014363552243972792,0.001326504260289161,0.0012317610472439156,0.0011573895045385427,0.001095815979391804,0.0010379089391054583,0.0009755171471902461,0.000908756858327178,0.0008555908498373839,0.0007998383394091392,0.0007302064427567715,0.0006842031445404565,0.0006554126492441541,0.0006150125533909114,0.0005734522737108001,0.0005356134588513605,0.000515064657095626,0.000477624231258582,0.0004468490118216386,0.00043039492941155104,0.00040216629702986357,0.00038076743042386724,0.0003632690324964681,0.0003454528806187122,0.00032382958535972394,0.0003122335040368313,0.0002953723091522853,0.0002872426279379174,0.00027433203674713383,0.00026103469065925407
378.3462617131929,0.4239250682248147,0.4239985078799714,0.42407722164084855,0.42416159228252975,0.4242520309567933,0.42434897938439725,0.4244529122298305,0.4245643396756241,0.424683810215184,0.42481191368521665,0.42494928456120423,0.42509660554208767,0.42525461145338306,0.42542409350144544,0.42560590391556774,0.4258009610191439,0.42601025477631493,0.426234852866471,0.4264759073458217,0.42673466196311155,0.42701246020564115,0.4273107541622373,0.42763111430197226,0.42797524028153955,0.42834497291062107,0.4287423074237654,0.429169408229778,0.4296286253360674,0.4301225126766345,0.4306538486094559,0.43122565889315606,0.431841242505576,0.43250420072980045,0.43321847000815045,0.4339883591531696,0.4348185916079535,0.4357143535670863,0.43668134890513044,0.43772586201596275,0.4388548298547622,0.4400759247208433,0.4413976496673936,0.4428294489238247,0.444381836383041,0.44606654594643097,0.44789670808921117,0.4498870571585708,0.45205417388988467,0.45441676874025044,0.4569960157232077,0.4598159526939522,0.4629039658355297,0.4662913673891104,0.4700140703747984,0.47411339174155426,0.47863705118665173,0.4836403871126398,0.4891877617923003,0.49535428375985524,0.5022279856972455,0.5099123259020829,0.5185292983220118,0.5282232810182448,0.5391655033285336,0.5515597582445849,0.5656489907917978,0.5817236011140153,0.6001311650127442,0.6212883032430013,0.6456948963240902,0.6739509458071294,0.7067767246010724,0.7450366385383408,0.7897673279464918,0.8422105972397395,0.9038516587551031,0.9764628939097403,1.0621525931821787,1.1634163259060537,1.2831853676602543,1.4248584906835906,1.5922859787447734,1.789631780774673,2.020911764483658,2.2885225559943656,2.587526659248706,2.8711634640010057,2.824108701573809,2.4757572976823026,2.0890861387316195,1.7161815201464097,1.3772564488754258,1.0844941293286074,0.8455637535642555,0.6636379113440208,0.5360129599212808,0.4528035890423542,0.39886972282678523,0.35957166543084124,0.3255026468987365,0.2930417955956804,0.2623177601961311,0.23473951652342223,0.21115474702995093,0.19120329065734173,0.17386228887826788,0.15832735407128032,0.1443167310203546,0.13177249719396442,0.12055850492622605,0.11047414030454117,0.10136766663890472,0.09313548432188974,0.08568123068629965,0.0789163655913085,0.07276601189892687,0.06716430648265688,0.06205291777589921,0.057380579518943896,0.053102102524450696,0.04917773946879262,0.04557257060817957,0.04225593739548128,0.039200902952569776,0.03638374930336613,0.03378348993603031,0.031381471544131845,0.02916100595133353,0.027107048882848494,0.025206042643091037,0.023445582809211808,0.02181443595002866,0.020302156315630097,0.018899321802163586,0.017597233465216296,0.016387888594893495,0.01526401792810144,0.014219048798953637,0.013246863607113865,0.012341943711741545,0.011500612584401295,0.010717739182703363,0.009989858271603808,0.009313342208883852,0.008684355529276192,0.00809754790958719,0.007552900183544688,0.00704288119047223,0.006566516691670631,0.006126136997384097,0.005716600300830737,0.005332774075057672,0.004972691132271221,0.0046372440836440175,0.004327341838264781,0.004040629076200905,0.0037730992414951197,0.0035232647836583772,0.003290384575469295,0.003072535874264811,0.0028694284172227857,0.0026803988089731503,0.0025039993095396736,0.0023401109301685393,0.002187067843405376,0.0020444222888252304,0.0019103330016443203,0.001783353244059667,0.001661427874661821,0.0015428650290841889,0.0014277038207580577,0.00132189483917678,0.0012336740265852355,0.0011627369924432308,0.001100387647113068,0.0010414702467913288,0.0009748770146221507,0.0009101705548385054,0.0008566411345327981,0.0007970342804001965,0.0007271466938783718,0.0006869052031455178,0.0006557345843182624,0.0006165867100469586,0.0005712032374215391,0.0005376722309185727,0.0005156492859342539,0.0004750381383900372,0.0004486272617518322,0.00042980362735121897,0.0004047064941898294,0.00037987785625965333,0.0003635710052066345,0.00034634513358069584,0.0003236911126976411,0.00031148022639610704,0.0002943252170465868,0.00028650328653765403,0.00027473377609098075,0.0002609830672013274
391.71014908092565,0.4109020807845761,0.41096754881660463,0.4110377140716147,0.41111291681258494,0.41119352243397617,0.4112799233899309,0.41137254128111705,0.4114718291148433,0.41157827375464157,0.4116923985772912,0.4118147663572546,0.41194598240076813,0.41208669795439545,0.4122376139157769,0.41239948487763606,0.41257312353990405,0.4127594055291706,0.4129592746696621,0.41317374875567653,0.41340392588201486,0.4136509913965766,0.4139162255481112,0.4142010119123547,0.4145068466916649,0.41483534899709756,0.41518827223798166,0.41556751676285464,0.4159751439175986,0.41641339171236436,0.4168846923191204,0.41739169165737655,0.41793727136807735,0.4185245735265849,0.419157028507441,0.41983838648934513,0.4205727531823179,0.4213646304743084,0.4222189628344284,0.4231411904742861,0.42413731045227265,0.4252139470990613,0.42637843334294817,0.4276389047477266,0.42900440843305204,0.4304850296882295,0.43209204015614894,0.4338380728269583,0.435737330076996,0.4378058307083678,0.44006170078300855,0.4425255145739242,0.4452207005446315,0.4481740379320362,0.4514162640257333,0.4549827912050594,0.4589145504396911,0.46325904535475515,0.4680716672272135,0.47341721980953216,0.4793717956253356,0.4860251751173371,0.4934835886787647,0.5018732415577815,0.511344581798281,0.5220774734152126,0.5342876239903428,0.5482343233102382,0.5642298835896629,0.5826511703232748,0.6039533507129076,0.6286865576912032,0.6575157948852802,0.6912445844896012,0.7308429884776272,0.7774806195153273,0.8325652596816147,0.8977875962233117,0.9751722077883688,1.067133878971935,1.1765355257524037,1.306739614061149,1.4616316346588627,1.645568704116689,1.8631311709516176,2.118317998866039,2.411774152332456,2.727686889666288,2.920830432622082,2.6502574559533305,2.2581224674716074,1.8649627669703586,1.5012260225360423,1.1824698992877527,0.9183535656012918,0.713732645297678,0.5676387156906039,0.4716081436631196,0.4105089049401012,0.36805112810530527,0.33275090506616767,0.29954972700892024,0.2679582990904787,0.239347817656273,0.21478454847227607,0.1940878582127017,0.17623799039931795,0.16032683603531903,0.14599431748886074,0.13317022183648486,0.12172682380350251,0.11145704541494691,0.10219639779432524,0.09383491678125767,0.0862728729172969,0.07941786865972633,0.07319186109646704,0.06752659696616803,0.06236170497618689,0.05764424032479995,0.05332762544921626,0.049370958664516185,0.04573836477954392,0.042398393473117364,0.039323453568745274,0.036489279436319966,0.0338744536406396,0.03145993780234752,0.02922873569173293,0.02716555319237718,0.025256587125359928,0.02348932202975023,0.02185222542031096,0.020334873967975443,0.018927731262555533,0.017621916975770074,0.016409335310381138,0.01528259021356696,0.014234949805352993,0.013260556229299444,0.012354394194377841,0.011511108969718065,0.010726614308237275,0.009998199135601581,0.009319768704393439,0.008690507177323668,0.008103307512183628,0.007556160468506163,0.007047695907648803,0.006571056422344696,0.0061273468871126556,0.00571797422007602,0.005336162793656657,0.00497728711791271,0.004640652124715797,0.00432773801990034,0.004038367759213198,0.0037701191137431344,0.003520835918178108,0.003288869621940618,0.0030718264792893237,0.0028692489140523226,0.0026804667137949397,0.002504028789411228,0.002339807279353424,0.002186087661654966,0.002042325803884648,0.0019065841230559047,0.001777524946213759,0.0016536127140280663,0.0015337706762798928,0.001420603976114307,0.0013206207275500818,0.001237738591767137,0.0011684988855032432,0.0011052726602263437,0.0010436999014987493,0.0009742832898219094,0.000912096431630284,0.0008566263513174585,0.0007928442267713242,0.0007253441139426633,0.0006895522603216958,0.0006554212676246747,0.0006177822417959837,0.0005691194277506269,0.0005398558538706325,0.0005163243514394907,0.0004727706913556264,0.00045039909678644483,0.0004286711655448427,0.00040702667925213463,0.000378863706955408,0.00036374361140015124,0.00034716510396837625,0.000323769173920453,0.0003109716055989417,0.0002934171247473702,0.00028578687107260636,0.0002750209166190639,0.00026127212739243504
405.54607358408276,0.39883317864728274,0.3988920481276741,0.3989551368517713,0.39902274979151187,0.3990952143466338,0.3991728820515025,0.39925613042043256,0.3993453649440201,0.39944102125031455,0.3995435674461421,0.3996535066555584,0.39977137977429206,0.3998977684611754,0.4000332983899718,0.40017864278776466,0.4003345262891995,0.4005017291394541,0.4006810917829018,0.40087351987914305,0.4010799897934865,0.40130155461521233,0.40153935076418046,0.4017946052547482,0.4020686436957421,0.40236289911666656,0.402678921723739,0.4030183897051026,0.4033831212231512,0.40377508775382304,0.4041964289586127,0.4046494693055677,0.4051367366914298,0.4056609833591334,0.40622520945401513,0.40683268961958424,0.4074870031016508,0.4081920679118012,0.40895217970439496,0.40977205615613765,0.4106568878179128,0.4116123966473787,0.41264490372686863,0.41376140799354744,0.4149696780916482,0.4162783596411889,0.4176971003792239,0.41923669614646814,0.4209092621982026,0.42272843701090246,0.42470962814186,0.4268703087180021,0.4292303688440867,0.43181252822713323,0.43464283490859745,0.4377512901970064,0.44117261158321214,0.4449471225085023,0.4491218483729591,0.4537519280465298,0.4589022726635092,0.4646495927184202,0.47108503447796835,0.47831723686311073,0.4864762984047908,0.49571853318421294,0.5062324526069434,0.5182460150599039,0.5320357020669485,0.5479374153666856,0.5663599482505305,0.5878012426059462,0.6128679450209038,0.6422988756873793,0.6769929570824136,0.7180422383075521,0.7667707211967558,0.8247796855305239,0.894000011052981,0.9767514751935978,1.0758075601051758,1.1944599627950618,1.336570515174971,1.5065778148576918,1.7093834741608727,1.9499129285244778,2.2316687876080743,2.551053474009871,2.861869022568633,2.8156065407265305,2.4388701199680134,2.028582317606938,1.639800083299357,1.2936204003984313,1.002294889396398,0.7725947442532671,0.6054302926423798,0.4940901707938803,0.42397065595074923,0.3773540111469928,0.34045637756444125,0.3064470571122782,0.2739896879197633,0.244315256533877,0.2186992748454259,0.19717744210276464,0.17876351394704865,0.1624459472318771,0.14777153572552604,0.1346492081281139,0.12296034370684021,0.11249292951094697,0.10306869961859119,0.09457020190126109,0.08689408312359857,0.0799438675022924,0.0736380648708147,0.06790585229164897,0.06268467636162843,0.05791979588632014,0.053563152418359676,0.049572615964213106,0.04591129499502665,0.04254689922958193,0.039451144350914256,0.03659918935363122,0.033969142537171045,0.031541587653644086,0.029299189557582376,0.027226388548600995,0.025309139502759495,0.023534758929702682,0.02189150241830416,0.020368938065934605,0.018957217161789358,0.017647409635258068,0.016431401968649915,0.015301770130259518,0.01425178605222587,0.013275328593560794,0.012366769726195753,0.01152177485293411,0.010736640183827046,0.01000570253931067,0.009327743261554146,0.008695695692505159,0.00810954865461518,0.007560695715807104,0.007050701758113559,0.006576029875887508,0.0061312582220937615,0.00571841583320932,0.005337306913935519,0.004980646602348582,0.004645417842811403,0.004331566960666936,0.004039347310100204,0.00376796728500807,0.0035170437834363137,0.003284910823444543,0.003068319071860919,0.00286626058612896,0.002677809668760019,0.0025013873007036316,0.002336809087062844,0.0021823124865611217,0.0020373418546181573,0.0019000750820722875,0.0017694411166991155,0.0016443669382682979,0.0015254964480671612,0.0014168020802238525,0.0013227516343094594,0.0012435194628550657,0.0011742399450138294,0.0011104823469095695,0.0010444643574535409,0.0009742164265642816,0.0009140102750687699,0.0008556969911679434,0.0007875537912097612,0.0007250240888964744,0.0006921122712498354,0.0006547813889487305,0.000618034136635339,0.0005673202477152415,0.0005420341925975709,0.0005167752632210709,0.00047099029969557084,0.00045192308744820684,0.00042711745497308153,0.0004088632505250317,0.00037779595118807535,0.0003638822223577934,0.00034782063639821265,0.0003240012231449599,0.0003109280761959757,0.00029275452054342325,0.0002852193755191188,0.0002752412808882985,0.0002617551922992929
419.870708444391,0.3875382459368079,0.3875917597262482,0.38764910447484463,0.3877105564352114,0.38777641207981345,0.38784698962584374,0.38792263068186916,0.38800370202698276,0.3880905975343036,0.388183740251896,0.3882835846555657,0.38839061908955275,0.3885053684129053,0.3886283968713141,0.388760311216457,0.3889017640974766,0.38905345775215705,0.3892161480287233,0.3893906487730349,0.3895778366203659,0.3897786562360448,0.38999412605509853,0.3902253445778202,0.3904734972860398,0.3907398642540027,0.3910258285383906,0.39133288544444517,0.39166265277973983,0.39201688222435327,0.39239747196664715,0.3928064807783266,0.39324614373200656,0.3937188898004305,0.39422736162032723,0.39477443775729054,0.3953632578723946,0.3959972512670765,0.3966801693693728,0.3974161228200162,0.3982096239205941,0.3990656353249856,0.3999896260149982,0.4009876358545925,0.40206635043576083,0.40323318854707724,0.40449640529957087,0.40586521439486734,0.40734993285723997,0.4089621511196787,0.41071493247614316,0.41262305074793854,0.4147032814042351,0.4169747601248068,0.4194594108823037,0.42218244842258956,0.42517300013094267,0.4284649027953653,0.4320976547893191,0.4361175468019211,0.44057914998440695,0.4455471272217103,0.45109840705380794,0.45732506889779806,0.46433772769951137,0.4722699684296494,0.48128368122872517,0.4915759157938094,0.5033871753226548,0.5170119197832299,0.532811371084826,0.5512292371853282,0.5728109243327768,0.5982267206077364,0.6282995844751533,0.6640382038734522,0.7066760182010612,0.7577169561404367,0.8189886650909804,0.8927036871805258,0.9815282233952325,1.0886562321030233,1.2178800148888127,1.373637841788106,1.560988786263682,1.785391136303922,2.051922027308207,2.3625367279886094,2.702942370144812,2.921174740601087,2.6266701390983505,2.2072051241114927,1.7941616188649974,1.4194055264499224,1.098873763955731,0.8416272756844635,0.6506222526403439,0.5211814060195139,0.4397961671838237,0.38771099435177836,0.34869136656239874,0.31375622282844084,0.2804330982293757,0.2496716827817908,0.22292977745929338,0.2004952547598743,0.181453258326213,0.16469410682435784,0.14965592681240752,0.13621574952434407,0.12426394257232251,0.11358550943008196,0.10398751225530733,0.09534368862745494,0.08754673005540445,0.0804958589093865,0.07410582923135335,0.06830304750931,0.06302262396817485,0.058207892278875135,0.05380921267480802,0.049783146111139265,0.046091719937936204,0.042701751352584326,0.039584219741519204,0.036713688442353266,0.034067738443266785,0.03162656495198562,0.029372488668806894,0.027289658178001587,0.02536378452325725,0.02358197201978125,0.021932356345683773,0.020404278750133547,0.01898773549451816,0.01767385094184163,0.016454357174129016,0.015321658030272627,0.014268903366068963,0.013290044052921154,0.012379902609517216,0.011533521177902406,0.010745906172253487,0.0100147161557028,0.009334769172538926,0.008702722070803859,0.008114211792245129,0.007566903025562392,0.007053890457787937,0.006579064708881579,0.006136366452949124,0.00572162024457651,0.005337049117305971,0.0049815372026318396,0.004648700284036504,0.004336525789024812,0.004043752924367213,0.0037699038233186427,0.0035156747903614953,0.003280989205787553,0.0030632076025312095,0.0028608290658898245,0.002672327946247703,0.0024957723659018672,0.002330818017141411,0.002175645365122724,0.002029743718547442,0.0018914382477075741,0.0017601261811733123,0.0016358883657132514,0.0015204626354906304,0.001417128431434819,0.0013275600057038018,0.0012501655973279377,0.001180209269587319,0.0011148386087221744,0.0010444033130753538,0.0009752310496035868,0.0009153736826447259,0.0008536370717452911,0.0007820322521746401,0.0007262847621870225,0.0006947658731021816,0.0006542931766497572,0.0006170119573794127,0.0005662189654839782,0.0005441276659092645,0.0005167159996640888,0.0004696940227474575,0.00045298633290780826,0.00042528681958514387,0.0004100018345487609,0.0003768401854856508,0.00036402720274417415,0.00034819282248317704,0.00032420304009543767,0.0003114394997419808,0.0002924849907855193,0.00028483672123037117,0.00027540107798384,0.00026234481496336976
434.7013158125022,0.3768438191588934,0.3768930654090008,0.3769458330413245,0.37700237538395176,0.3770629642184432,0.3771278911585653,0.37719746913725793,0.3772720340111297,0.3773519462926826,0.3774375930215007,0.3775293897867768,0.377627782914844,0.37773325183682593,0.37784631165315385,0.37796751591354744,0.37809745963315017,0.3782367825678915,0.3783861727748624,0.3785463704865965,0.37871817233170446,0.37890243593841066,0.3791000849622688,0.37931211458481323,0.3795395975362774,0.37978369070294465,0.38004564238839306,0.38032680030810473,0.38062862040889034,0.3809526766186674,0.3813006716486662,0.3816744489895105,0.3820760062652563,0.38250751013589457,0.38297131296974196,0.383469971543757,0.38400626807420923,0.3845832339359484,0.3852041765015201,0.3858727096292877,0.38659278846009293,0.3873687493466276,0.3882053559258469,0.38910785251909863,0.390082026166248,0.39113427867594447,0.39227171025804297,0.3935022169493381,0.394834605484083,0.3962787311438045,0.3978456648196516,0.39954789340933006,0.40139955537409444,0.4034167193335967,0.4056177293734462,0.4080236423004493,0.41065875324279405,0.41355121241980974,0.41673381757207645,0.4202450327034833,0.4241301737417625,0.42844293538103045,0.43324736528565694,0.43862019048915035,0.4446539504480944,0.45146074277831405,0.4591771517379442,0.467970258602127,0.47804543592591736,0.48965592942722563,0.5031149739947737,0.5188108587694643,0.5372254724870995,0.5589570437950265,0.5847477222519168,0.6155166653887998,0.6523993342999611,0.6967937254919485,0.7504142983606251,0.8153544451425763,0.8941579763865172,0.9898985754132328,1.106263675332908,1.2476294832914332,1.4190960411866516,1.6264039433412538,1.8755239712935756,2.1712373631944253,2.5115031979289957,2.85119540969377,2.806533023731169,2.399698719459801,1.9652775242824028,1.5613254885155425,1.2097023173897745,0.922388987755312,0.7046266093490614,0.5540093799211143,0.4586902804479265,0.39944349322101014,0.3575614798738704,0.3215062695781819,0.2873091262999673,0.255447503384332,0.22750990709587698,0.20406801281790488,0.1843239477471187,0.16708187863534138,0.15165571699713398,0.13787674413906278,0.12564299792220107,0.11473885492805322,0.1049560324835279,0.09615792737877267,0.08823283630327682,0.0810754579685555,0.07459645207876907,0.06871922952709503,0.0633763958998025,0.05850921977322021,0.05406637118722074,0.050003013412654174,0.046280022889049914,0.0428632683804672,0.03972294928521501,0.03683297542034848,0.0341704338634232,0.03171502938445102,0.029448761952073056,0.027355471091551908,0.0254206103452269,0.023631052532826078,0.021974821268434384,0.02044094588393905,0.01901952228781614,0.01770147725661038,0.016478321132140525,0.015342470759478918,0.014287074997644257,0.013305940355197441,0.012393441670440255,0.011544773051152547,0.010756470797442803,0.010023628507842861,0.009342051294850445,0.008709866003567684,0.008119682508524295,0.007571665177658975,0.007059695927871335,0.006581080937699705,0.006139608017417134,0.005726809950602236,0.0053395125857402075,0.004980616408571282,0.004649273853268118,0.004339653052543621,0.004048888908915111,0.003774989951658855,0.003518882182688918,0.0032811838101188197,0.003060385397781352,0.002855811830604601,0.002666003762050288,0.002488658729248104,0.0023231029893620516,0.002167362731404954,0.0020209945637858604,0.0018826676357532142,0.0017524550330272855,0.0016310568507532707,0.0015200480030470103,0.001421116344577704,0.0013343692409467213,0.0012569951769095694,0.0011866103892719034,0.0011173237440674473,0.0010442079729223886,0.0009769333497584155,0.0009155489165580687,0.0008499305368913697,0.0007773715452266916,0.0007289273176019681,0.0006970303190158652,0.0006545790359187068,0.0006148218553720442,0.0005664407054985211,0.0005460180837206299,0.0005158896350232515,0.0004690762208420425,0.0004535236077702795,0.0004233756383931576,0.00041026127862995465,0.0003763340221701017,0.00036402194275311393,0.0003480581917205145,0.00032438048216553724,0.00031239287530237717,0.00029282730898269745,0.0002846918798197533,0.0002754767318735539,0.00026297989746889856
450.05576757004974,0.36658955302186264,0.36663545275023235,0.36668463101084975,0.366737323134608,0.36679378151690195,0.3668542768810844,0.36691909963943714,0.36698856135979213,0.36706299634670864,0.36714276334697504,0.3672282473901595,0.36731986177600956,0.36741805022170054,0.36752328918328453,0.36763609036721395,0.36775700344953033,0.36788661902225533,0.36802557178872874,0.3681745440321511,0.36833426938445346,0.3685055369258981,0.36868919564956903,0.3688861593292321,0.3690974118340206,0.36932401293914935,0.3695671046885178,0.3698279183728127,0.37010778219576873,0.37040812971189885,0.37073050913164685,0.37107659360506107,0.3714481926134582,0.3718472646210362,0.3722759311661108,0.372736492605735,0.3732314457688329,0.37376350382178625,0.37433561870551363,0.37495100656201313,0.37561317662904237,0.3763259641476253,0.37709356791693044,0.37792059328777977,0.37881210167225277,0.3797736681004839,0.3808114488935461,0.3819322618552663,0.3831436811653963,0.38445414857819404,0.3858731030869967,0.38741113493607415,0.38908017536870404,0.3908937329757044,0.392867177000182,0.395018067885441,0.3973665684050122,0.3999359821627948,0.40275340263885995,0.4058504809152468,0.4092644607050769,0.4130394612105935,0.41722801988350006,0.42189320322385526,0.4271111139420372,0.43297425247838883,0.4395956585182848,0.44711435981421765,0.4557021491069517,0.46557241479883743,0.47699122601947463,0.49029138054175675,0.5058900951750106,0.5243109953790993,0.5462111965285897,0.572414260211058,0.6039497609262112,0.6421001696389773,0.6884557816758936,0.7449783991216596,0.8140744989854907,0.8986785734526765,1.0023445433525189,1.1293393589548129,1.2847186867260294,1.4743349746237782,1.7046502540319965,1.9819858645564765,2.3098161501757164,2.6756660902536376,2.92155970120487,2.6014846295938807,2.153577678570891,1.7208429084875123,1.3365032117858486,1.016599283283,0.7690407080665257,0.5939156987812134,0.4815574315713152,0.4129960536927784,0.36722193360869704,0.3297378790434228,0.29463819490349863,0.2616730300588711,0.2324763468922294,0.2079263720921331,0.18739512791471774,0.1696212158750439,0.15377990349032625,0.13963975520915414,0.12710344677518268,0.11595743263359021,0.10597774464076884,0.09701568994723221,0.08895459534242911,0.08168440999395649,0.0751113322718439,0.06915552347201667,0.06374690209790287,0.05882451745716685,0.05433523004580494,0.05023271108662026,0.046476609448636866,0.043031784222924134,0.039867604863436774,0.03695730985455772,0.03427740080591986,0.03180715486992512,0.029528150296208394,0.027423942914368143,0.025479711867626396,0.023682088353395383,0.02201894319373106,0.020479072503805675,0.019052596082045393,0.017730034336571544,0.01650296327131455,0.015363772751307443,0.014305472135014489,0.013321828805156965,0.01240743977784849,0.011557455849330024,0.010766986635711056,0.010032270376898543,0.009350849944235122,0.008715704196549951,0.008126880317472418,0.007575578491803717,0.007064874970020073,0.006585992629774053,0.006140831941917786,0.005730373046890024,0.005344727180877392,0.0049823451407889205,0.004647685378001667,0.00433981272589543,0.0040517534540688354,0.0037802032578044707,0.003524662348239566,0.003285829345172101,0.0030627538068494224,0.0028554583787423165,0.0026631968593721403,0.0024840225281532306,0.0023172955193230976,0.002160991835483005,0.0020147440098963487,0.001877453908714376,0.0017494585023318744,0.0016313849132262733,0.0015239651110222146,0.0014278698935715666,0.001341962557690089,0.0012642255785774745,0.0011921714204013963,0.0011182394343649293,0.0010445747736062016,0.0009785152036083733,0.0009142094054715882,0.0008443684202213617,0.0007743235787114443,0.0007322272174967623,0.000698251673000806,0.0006559586063243071,0.0006119423830797159,0.0005680409240101116,0.0005473518195961609,0.0005139918343364766,0.0004692331051472001,0.00045396338728319666,0.00042168828341630305,0.0004096226325746628,0.00037668543454627426,0.0003636962857047012,0.0003473184395924765,0.0003246635944263432,0.000313525406656364,0.0002939591998364463,0.0002848187384994157,0.00027548158314624115,0.0002636177678115301
465.95256686646775,0.3566335325826753,0.35667683366210956,0.3567232247638913,0.3567729272587564,0.35682617850593135,0.3568832330274572,0.3569443637717498,0.3570098634736359,0.35708004611876315,0.35715524852101405,0.35723583202235715,0.357322184325475,0.3574147214705049,0.35751388996835054,0.357620169104276,0.35773407342689784,0.357856155439274,0.3579870085105753,0.3581272700288433,0.3582776248176368,0.35843880884198126,0.3586116132320329,0.3587968886563037,0.3589955500802683,0.35920858195077876,0.35943704385208225,0.3596820766855324,0.35994490943247914,0.3602268665685453,0.36052937620778086,0.36085397906727606,0.36120233835693755,0.3615762507154879,0.3619776583324793,0.36240866241745173,0.362871538201874,0.36336875168870303,0.3639029784017102,0.364477124438543,0.36509435020732195,0.3657580973362819,0.36647211939145635,0.36724051719876744,0.36806777969222926,0.3689588312356057,0.36991908630216486,0.3709545124776596,0.3720717034652869,0.3732779654425023,0.3745814219048164,0.3759911416531962,0.37751729089118125,0.3791713096157487,0.3809661241618738,0.38291642160264744,0.38503899476146053,0.38735314141897154,0.3898811581054703,0.3926490115919862,0.39568714175718755,0.39903144569369375,0.4027246406819992,0.4068178699497282,0.4113728728898233,0.4164647169211896,0.422185357240946,0.4286482053114165,0.4359941231730957,0.44439905117497597,0.45408400263666604,0.46532785535071963,0.4784837132823035,0.4939997174592516,0.5124451888718773,0.5345430432049634,0.5612093828865572,0.5936010531540631,0.6331717910927915,0.6817375631348547,0.7415518649978424,0.8153913161991196,0.9066523398862112,1.0194556664110914,1.1587486553551203,1.330374243524203,1.541026402469033,1.7978773859103159,2.107188544680177,2.4687307931428637,2.8389828132067243,2.7968671694621827,2.358178058512835,1.8992270467499746,1.481072559113422,1.126137398657383,0.8456546411492585,0.6424698579977884,0.5095380394212135,0.42897683620176014,0.37790057992986537,0.33851144536838124,0.3024417194395714,0.2683778053236071,0.23786827857175816,0.21210531274312647,0.19068974089122795,0.17232580153905971,0.15603836273676927,0.14151306994171658,0.1286518569459946,0.11724616213089382,0.10705645118183384,0.0979199952895557,0.08971438920141532,0.08232460381375235,0.07565197949792372,0.0696131407188658,0.06413511895121102,0.059154576274781843,0.054616433849968844,0.05047276646655024,0.046681913117158795,0.04320765771107791,0.04001848828863216,0.03708691092992005,0.03438885183878681,0.03190309902027493,0.029610807381440413,0.027495198811014532,0.025541191528389774,0.023735165465015237,0.022064797620273427,0.020518734903879603,0.019086887247130545,0.01775964973555223,0.016528731295946314,0.015386238074509876,0.014325052829457037,0.013338874708187912,0.012422060375253646,0.011569644011541981,0.0107777719350511,0.01004251522711664,0.009358326284563514,0.008723593517839414,0.008132410111356,0.007582177262571146,0.0070679313456111885,0.006591628591740145,0.006144417126532576,0.0057312281336179376,0.0053486916930124626,0.004987542282405894,0.004648719303398543,0.00433752383346291,0.004051370781276928,0.003782656194481785,0.0035297304486225927,0.0032922032544140407,0.0030687904787243103,0.0028601908475952907,0.002666112155253952,0.0024851536224085816,0.0023170951902730438,0.002160165173137076,0.0020141501057743265,0.0018780192915058536,0.0017520017920773275,0.0016363139743747741,0.0015311069680514458,0.00143602463300252,0.001349976672974235,0.0012716148014138506,0.0011954828055453749,0.001118520253080433,0.0010458712790996738,0.000979156789051803,0.0009114228350609898,0.0008376083305505267,0.0007734295106160516,0.0007355362417247606,0.0006984285763364915,0.0006576462870503125,0.0006089941766863071,0.000570491563284416,0.0005480142920229259,0.0005109751744283108,0.00047006581184960624,0.00045472787318075,0.00042074113049554046,0.0004083120691153293,0.00037774387139311374,0.00036286795161031155,0.000346151871854303,0.00032512758451959286,0.0003146020140275989,0.00029579068738152907,0.0002850895276893707,0.00027542869857809807,0.00026422778124654577
482.41087041653685,0.34685641566635106,0.3468976971649183,0.3469419223649312,0.34698930182655024,0.34704006126850384,0.3470944426740656,0.3471527054799593,0.34721512785475533,0.34728200807389303,0.347353665999095,0.34743044467063816,0.3475127120217149,0.3476008627249746,0.3476953201822849,0.3477965386698103,0.34790500565169014,0.34802124427691833,0.3481458160755187,0.34827932387178423,0.34842241493424203,0.3485757843841564,0.34874017888682063,0.34891640065267704,0.34910531177848253,0.3493078389623846,0.3495249786309481,0.34975780252096544,0.35000746376438424,0.35027520353099906,0.3505623582908246,0.35087036776647557,0.35120078365572355,0.3515552792161585,0.35193565981831726,0.3523438745919532,0.3527820293139579,0.3532524007177522,0.35375745244425233,0.35429985290342764,0.3548824953687709,0.35550852067539324,0.35618134292481807,0.35690467861599307,0.3576825796588941,0.35851947087993263,0.35942019302590705,0.36039005293497933,0.361434883137666,0.3625611129645142,0.3637758519683568,0.36508698583076654,0.3665032885056062,0.36803456172749355,0.3696918130474093,0.3714874688024507,0.3734356178541646,0.37555232379413295,0.37785604548086504,0.38036812734386277,0.383113402180984,0.38612103983642243,0.3894255415564514,0.3930680610408989,0.39709814891443745,0.4015759206600128,0.4065750205772463,0.41218636765911537,0.41852316490161706,0.42572746489118246,0.433978725975488,0.44350511846537255,0.45459824840110585,0.4676322454114672,0.4830883168573279,0.5015859276856446,0.5239217706386725,0.5511175645049881,0.5844774774830761,0.625655703065719,0.6767343314212955,0.740312163619298,0.8196047822607185,0.9185560130032422,1.0419561616935762,1.1955502706460588,1.3860867652240985,1.6211746023042937,1.908572599050719,2.2535171304834574,2.6456856111172087,2.9219723946079497,2.5746367424045555,2.0972223703939186,1.6452016179775346,1.2530307680975843,0.936456930320866,0.7014786168952989,0.5440412257504266,0.4482062123827362,0.3899301251818871,0.34791951046660885,0.3107445894967748,0.2755899210253488,0.2437267616706791,0.21664444848444964,0.19423479829094312,0.1752114654282225,0.1584419980642332,0.1435057707348279,0.1302955016170374,0.11861047589131575,0.10819631360898874,0.09887413488447921,0.09051481010662173,0.08299808692870334,0.0762200254804293,0.07009338674593228,0.06454209649133255,0.05950024487832465,0.054910671330937265,0.050723741063245384,0.04689639378500082,0.04339126653339252,0.04017590829584596,0.0372220657784146,0.034505018551053035,0.03200302603246219,0.029696878796717917,0.027569373408913963,0.025605159788929566,0.02379037320373103,0.022112470802513662,0.02055996985120078,0.019122479555619538,0.017790545313824565,0.016555539865306678,0.015409366240163232,0.014345001323391122,0.013356137986007125,0.012437184945561577,0.011583206068678322,0.010789514140464954,0.010051664024869334,0.009367245642585321,0.00873120476868374,0.008138386024326595,0.007588208681014251,0.007073021768941747,0.006594693864351621,0.006150312272385979,0.0057332514244282096,0.005349510686023428,0.004991957570091867,0.004653887863777537,0.004337946254450204,0.00404833431912315,0.0037815507247270105,0.003531575764440012,0.003296789820563454,0.0030754432295180467,0.00286735005183839,0.0026728999618586607,0.0024911950674820476,0.002322371853643773,0.002165007928290242,0.0020191119109835573,0.0018837008532048487,0.0017588580668622897,0.001644388976982305,0.001539835393998515,0.0014447980543233984,0.0013584008036824264,0.0012771345584547131,0.0011969304301216361,0.001119011618785821,0.0010471640112702425,0.0009779703231955956,0.0009065545516572521,0.0008312587180781656,0.0007748509742612717,0.0007389571273081389,0.000698086291412456,0.0006583332244677226,0.0006063634973006286,0.0005734307777673976,0.000548701512974921,0.00050727307222456,0.00047168452567435636,0.0004556045659500568,0.00042104347284223755,0.00040656470592934974,0.00037904085108842096,0.00036175830729222254,0.0003447028952055965,0.0003258997856990888,0.0003153805296154391,0.00029791282646973114,0.0002853660323142546,0.00027535328341025934,0.00026477870139153536
499.450511585514,0.3371641559138768,0.33720383684411226,0.3372463458084186,0.3372918848642782,0.3373406705812209,0.3373929350944361,0.3374489272365982,0.33750891375397835,0.3375731806134209,0.337642034407333,0.33771580386444494,0.33779484147478533,0.3378795252380587,0.3379702605454439,0.33806748220574706,0.3381716566278577,0.33828328417258613,0.3384029016882176,0.33853108524552233,0.33866845308952714,0.33881566882711783,0.3389734448715103,0.33914254616685763,0.33932379421876296,0.3395180714593153,0.3397263259784869,0.3399495766574292,0.34018891874345697,0.3404455299114707,0.340720676862421,0.3410157225164386,0.34133213386677946,0.3416714905712043,0.34203549437024394,0.34242597943732295,0.3428449237838258,0.3432944618621338,0.34377689852978116,0.3442947245561616,0.34485063386930515,0.34544754275973244,0.34608861129874735,0.34677726732149017,0.34751723350401686,0.34831255832206054,0.3491676519074979,0.3500873277932028,0.35107685111366005,0.352141993410501,0.3532890950048585,0.3545251388462194,0.3558578425155278,0.35729577196927387,0.35884847271175485,0.3605266192821301,0.3623422087935239,0.36430881948809124,0.36644190757796974,0.3687591626684262,0.3712810183787475,0.37403126009457016,0.3770377808417871,0.38033366024315207,0.38395842543685044,0.38795986226587825,0.39239624168043136,0.3973394315845374,0.40287886244950327,0.40912695911894953,0.41622630825552254,0.42435921401485366,0.4337604725444159,0.444734291960921,0.4576765665954964,0.4731039133301865,0.49169097951538027,0.5143174989830174,0.5421263211939299,0.576593082966011,0.6196076830720455,0.6735674647509042,0.7414816593677455,0.8270878946931275,0.9349798457064812,1.0707389240785086,1.2410423185082309,1.4536666204976398,1.7171645550266816,2.039515250578004,2.422596296381025,2.825057927761007,2.7865896302131654,2.3142504275112024,1.8305175876899729,1.3994205525903292,1.0436366990552497,0.7729924026013091,0.5867706125187903,0.47177100276308437,0.40379167826383455,0.35810577706116115,0.3195798057656499,0.28333564465701905,0.2500938620854116,0.22158816478597798,0.19806212217387245,0.1782967400632243,0.1610029390608499,0.14562780942276224,0.1320424460455205,0.12005639339517646,0.10940189535141735,0.09988170487952992,0.09135868318603627,0.08370708263004707,0.07681723640303006,0.07059767070723034,0.0649689648913312,0.05986243441525074,0.0552186804747226,0.05098623632779487,0.04712054380918678,0.04358301566000664,0.04034020056729522,0.03736302211115944,0.03462610294196658,0.03210716653247118,0.029786498866706097,0.027646598426930326,0.025671734197353895,0.02384780733689298,0.02216204936526316,0.020602825873209288,0.019159491604607188,0.01782265915976382,0.01658320737963504,0.015433288692876732,0.014365829874884092,0.013374256191493107,0.012452787778493107,0.011596388787856867,0.010800863639784148,0.010062493968240304,0.009376333181397469,0.008737997070040946,0.008146308835224622,0.007592492937656117,0.0070796195312040795,0.00659781283162791,0.0061539397318989796,0.0057390023167601615,0.00535000915384929,0.004992944902896717,0.004658772413371511,0.004343125944562116,0.004048285689612996,0.0037777100195372816,0.003529508619336875,0.0032977930851268026,0.003079161305231482,0.0028736177042423166,0.0026806691324258785,0.002499387703220022,0.0023305915013426995,0.0021732361658376585,0.0020274902599004586,0.0018924114092334484,0.0017679751787121043,0.0016538006460860555,0.0015493423175285937,0.0014539141007430681,0.0013651788597711099,0.0012799938709513708,0.0011975903080348061,0.001120129369076111,0.0010473124907813217,0.0009748085640039176,0.0008994051485067073,0.00082682306774464,0.0007781345919225694,0.0007420922284752537,0.0006981011998678111,0.0006572335122845257,0.0006043833321166733,0.0005765109172036844,0.000549468782978093,0.000503510779955192,0.0004740607501629665,0.0004559843226202288,0.0004230215687610975,0.0004047248844879675,0.00038031089186461,0.0003612274995152995,0.00034307348675428575,0.00032692726703482396,0.00031555069683793,0.00029994655988154617,0.0002854034929723862,0.00027522386265501774,0.0002653298890910569
517.0920242896756,0.32748939995051884,0.3275277550022764,0.3275688426729609,0.3276128580647198,0.32766001027130326,0.3277105233906876,0.3277646376123699,0.327822610385052,0.3278847176708969,0.32795125529305597,0.32802254038372486,0.3280989129406006,0.32818073750028404,0.3282684049379132,0.3283623344031227,0.32846297540332453,0.3285708100462881,0.32868635545509417,0.32881016636974425,0.32894283795104967,0.3290850088039204,0.32923736423884137,0.32940063979219125,0.32957562502816884,0.32976316764747016,0.32996417793058086,0.33017963354667074,0.33041058476269075,0.33065816009149646,0.33092357242276693,0.33120812568629265,0.3315132221039658,0.3318403700945552,0.3321911929039712,0.3325674380429523,0.33297098762352023,0.33340386969491786,0.3338682706897416,0.33436654910445024,0.3349012505619388,0.33547512444797956,0.3360911423888345,0.33675251894350255,0.33746273498950013,0.33822556431257456,0.33904510378991204,0.3399258073287457,0.34087252373241245,0.34189053949116316,0.34298562919113434,0.3441641171608269,0.34543295151022313,0.34679978749522633,0.3482730808686389,0.3498622066384085,0.3515776179005318,0.3534310286812073,0.35543561917559546,0.3576063299576924,0.35996023738807653,0.3625169706730154,0.3652993350521442,0.3683340655945655,0.37165281296138447,0.3752934998574183,0.3793020372191703,0.38373470381971486,0.3886612950833988,0.3941693581045594,0.4003700012560997,0.4074056994200913,0.41546091312889905,0.4247764930673601,0.4356690978511064,0.4485571855322765,0.4639954120606415,0.48271942208084906,0.5057029085442095,0.5342283306105017,0.5699719591900607,0.6151024907693603,0.6723923406507968,0.7453404226883054,0.8383067758242496,0.9566574352580923,1.106907641503259,1.2968176973711554,1.5353064702387138,1.8317934206571984,2.193565977828704,2.6128310724936514,2.9223923823516564,2.546062950780507,2.0381415499090307,1.567484327315555,1.1695756090011544,0.8593100802631262,0.6397405287426049,0.5010799672864246,0.42017179514940145,0.36929344618601934,0.3289966320445117,0.2916396385054959,0.25701148526251516,0.22698549639735038,0.20220912423314957,0.1816035519905139,0.16373480946599503,0.14789009255709218,0.1339016341133225,0.12159060650436368,0.11067821501583654,0.10094664009556455,0.09224909386449041,0.0844540091516977,0.07744552708671676,0.07112751602679533,0.06541694213349948,0.06024212402600941,0.05554125301778031,0.051260894966298806,0.04735488768762698,0.04378333552409481,0.04051172041586314,0.03751009478600622,0.03475237730900952,0.032215688242988545,0.02987986118756616,0.02772699180014982,0.025741031572788772,0.02390756912831021,0.022213619991481182,0.02064737309350322,0.019197999443997273,0.017855951470132317,0.01661197693840847,0.015458409881001155,0.014387664881078965,0.013393181816428458,0.012469295797063512,0.01161098084185407,0.010813620276795955,0.010072730394615363,0.00938491281578666,0.008747103555920873,0.008152176607815491,0.007599675985227467,0.00708359007180486,0.0066043698088212735,0.006155492821528055,0.005743457763270629,0.005355114959654432,0.004992158880914035,0.004660029016415393,0.004348486818382906,0.004053577520836994,0.003777389076855422,0.0035248267256191325,0.0032944928183804415,0.0030790137539356078,0.0028761247776358163,0.002685688094744358,0.002506602111100551,0.0023391805772518125,0.002182506406475417,0.00203712026338626,0.0019022851770811177,0.0017779980466706795,0.0016637320520031217,0.001558491110432468,0.0014608560073199825,0.0013688768896751018,0.0012812683873545617,0.0011984269840523872,0.001120648408042899,0.0010451738577738254,0.0009693433927556694,0.0008912391248744626,0.000825264714786573,0.000782098121502547,0.0007439066418310503,0.0006993540603056507,0.0006544589459268054,0.000603981293477358,0.0005794618727501461,0.0005496322996451262,0.0005004955914133576,0.00047669927540978024,0.0004553191959730982,0.0004263399688086928,0.0004030501825838705,0.00038148572157087964,0.00036173857156101424,0.0003415881031023693,0.000327951254649096,0.0003151546008891456,0.0003016053055932536,0.0002850544541050203,0.00027513098385897064,0.0002658473758324141
535.3566677410724,0.31779162802002225,0.3178288065381557,0.31786863343978783,0.31791129774986476,0.31795700203932664,0.3180059634039217,0.31805841451494127,0.3181146047473408,0.3181748013911445,0.3182392909525188,0.3183083805514176,0.3183823994232759,0.31846170053285167,0.3185466623089977,0.3186376905098927,0.3187352202290827,0.3188397180535813,0.31895168438627275,0.31907165594595155,0.31920020845954633,0.3193379595624108,0.3194855719240624,0.31964375661841093,0.3198132767593906,0.3199949514250122,0.32018965989523834,0.32039834623178637,0.32062202423104585,0.3208617827847949,0.32111879168735225,0.3213943079322197,0.32168968254611,0.3220063680134438,0.32234592634982073,0.32271003788861,0.32310051085094954,0.3235192917771263,0.3239684769087993,0.3244503246306357,0.3249672691112796,0.3255219353295272,0.3261171557260489,0.32675598876198064,0.3274417396557858,0.3281779834824304,0.32896859070444406,0.3298177552619595,0.33073002586539885,0.331710342099355,0.3327640774764254,0.33389709021595376,0.3351157797709014,0.3364271481143868,0.33783887351679687,0.33935940906689965,0.3409981007787956,0.34276531100398017,0.3446725787906128,0.3467328508044262,0.3489607285850041,0.3513727859580671,0.35398803848977733,0.356828451811254,0.3599197171526467,0.36329218816098197,0.36698221183988544,0.3710338412492423,0.37550126325811717,0.3804519960528455,0.38597137624022937,0.3921687102624781,0.39918574909411086,0.40720842861486267,0.4164830723810207,0.4273386467897283,0.4402170910851656,0.45571413019727813,0.4746331807791311,0.49805482788984307,0.527423575891856,0.5646518234163783,0.6122398256486989,0.6734084027226158,0.752242663915889,0.853846238122828,0.9845035402343539,1.151829638488789,1.3648305776504472,1.6336448778783257,1.9682462641889098,2.3729674068635753,2.8092362177945738,2.77568292243551,2.2678641868706757,1.7592730685575986,1.316817672741418,0.9629811930593353,0.7052832151867632,0.5379132987241206,0.440033290797205,0.3818265564688643,0.33907417882398505,0.3005264712188221,0.26451998657686715,0.2328896563229982,0.20671958176758048,0.1851580796127995,0.16665310626954702,0.15030459081135947,0.1358829852620843,0.12322057598112521,0.1120308094967273,0.10207325342251343,0.09318941805646641,0.08524150188745665,0.07810697679133997,0.07168457191613035,0.06588734317512764,0.06064036805485202,0.05587923855475612,0.05154840522915364,0.04759998578461593,0.043992684351802994,0.04069084342719821,0.03766359224065313,0.03488408065381192,0.032328828652719695,0.029977160817167968,0.02781070562347073,0.025813158728161586,0.023969760633501643,0.02226727080417513,0.020693692354688237,0.019238044618269397,0.017890513456348386,0.01664200726352038,0.015484390674773873,0.014409975262533846,0.013412408156621107,0.012485870513150941,0.01162516600386968,0.010825844322180067,0.010084008768689855,0.009395311604799924,0.008754502718642627,0.008159693714173076,0.007606206871138701,0.007088623839754592,0.0066091452493228535,0.006160904797775944,0.005744453087769291,0.005360459767641224,0.004996152528605371,0.004658279448980298,0.004350049119877937,0.004059426701226572,0.003782940445617937,0.0035245071793484103,0.0032890284143298285,0.003074200889794696,0.0028743814082129336,0.0026866787627911407,0.00250977283262135,0.0023443603987727013,0.002189352168809349,0.0020450801221038066,0.0019107631816504824,0.0017863761953485382,0.0016712559334845832,0.0015643037445518821,0.0014644378006101679,0.0013705129667062974,0.0012820807653022787,0.0011988448392317931,0.0011191041793095224,0.0010404619320198657,0.0009611317241815088,0.0008845135935968283,0.0008268738277470057,0.0007862779603354904,0.0007444549641782409,0.0007012450119852942,0.00065095618154371,0.0006057790858983697,0.0005819487426218244,0.0005486077444140838,0.0004984487659935571,0.00047894849520806383,0.0004536260335889732,0.0004298187947889092,0.00040149475262190465,0.0003824507547189856,0.0003628843699530582,0.00034064108172797533,0.0003287110190999023,0.00031433245168726177,0.0003027686349826955,0.00028441142453078166,0.0002752908523489787,0.00026630470179963395
554.2664520663102,0.30805606052195655,0.3080921077879631,0.30813072283268356,0.30817208892325443,0.3082164024590999,0.3082638739206024,0.3083147288874212,0.3083692091317384,0.30842757379212804,0.3084901006342077,0.30855708740473015,0.30862885328632117,0.3087057404606602,0.30878811578855325,0.3088763726160577,0.3089709327165925,0.3090722483798236,0.3091808046590477,0.3092971217898248,0.30942175779374925,0.3095553112824958,0.30969842447867324,0.30985178647155215,0.31001613672746026,0.3101922688765471,0.31038103479977114,0.3105833490423506,0.31080019358259015,0.31103262298794626,0.31128176999342827,0.3115488515409206,0.3118351753217168,0.312142146868431,0.31247127724655255,0.3128241914004654,0.3132026372144598,0.31360849535743945,0.3140437899927848,0.314510700454527,0.31501157401862434,0.31554893993005767,0.3161255248704564,0.31674427004591343,0.31740835002272494,0.318121193359025,0.3188865050730033,0.31970829122938077,0.32059088649827183,0.3215389860858689,0.3225576830333697,0.3236525100599956,0.3248294840015421,0.32609515466788125,0.32745666676370627,0.3289218395065864,0.33049925196677626,0.3321983322300266,0.33402948697068724,0.33600427010516953,0.33813554730286827,0.3404377434452566,0.34292716899593984,0.34562237385227235,0.3485447209410803,0.35171902274709094,0.3551745262201516,0.35894611569304097,0.36307609290177834,0.36761652347709695,0.3726325525887837,0.37820705438402824,0.3844471224390556,0.3914932266415851,0.39953213018947004,0.4088150690234759,0.4196832254670944,0.43260311591885836,0.44821506995453625,0.4673983458830235,0.4913560829924038,0.5217219678747463,0.5606883393217096,0.6111519307337254,0.6768721447324065,0.7626379249221209,0.8744425537042589,1.0196618383554144,1.2072001574455529,1.4474725275257811,1.7518172068705833,2.129913035822888,2.5769320473982376,2.9227892976909806,2.515702604700227,1.9763580533159408,1.4879944064955517,1.0868008380717928,0.7860500352099403,0.58445847389919,0.46469690506978045,0.39622867215070995,0.34994343317508325,0.31002445999430883,0.27265676619195395,0.23935707865716419,0.2116442981526426,0.18899179690676499,0.1697757155656196,0.15288447669896413,0.13799749451031137,0.12495464456523607,0.11346580780787278,0.10326628169093703,0.09418335639276905,0.08607243848643441,0.07880384718973989,0.07227062677069936,0.06638158949198875,0.06105830301855416,0.05623355050477029,0.05184950549735386,0.04785643806317254,0.044211552008596104,0.0408779714949311,0.037823837304696496,0.035021485188219605,0.032446794453559434,0.03007853615212646,0.027897945862116365,0.025888239048546206,0.0240344789067794,0.02232309069901504,0.0207418660200263,0.019279675198088167,0.01792645170714255,0.016673202993816593,0.015511220728821322,0.014433308374935255,0.013432890202447997,0.01250380195132813,0.011640871305295382,0.01083949382581479,0.01009527869189119,0.009404285348074226,0.008763596486869798,0.008167770865341843,0.007611289842335483,0.007095981847757967,0.006611974277877673,0.0061668078820483075,0.0057477287250251394,0.005361835070536242,0.005002256883410175,0.0046607795658884866,0.004347637478982814,0.00406129488388221,0.0037892861053250098,0.00353049894925776,0.0032890969216606,0.0030681881794022946,0.0028678404912623524,0.00268278114342127,0.0025087575502476156,0.002345435091774232,0.0021919298523130817,0.002048748974185941,0.001915026827763647,0.001790628809555695,0.001674882435254333,0.001566859980874217,0.0014658638039249578,0.0013712150983080434,0.0012820495877711774,0.001197058641560938,0.0011143790708433674,0.0010328201056018808,0.0009515779434817339,0.0008810843664305427,0.0008308183328117188,0.000790344379485205,0.0007447108624788981,0.0007017621896015582,0.000647739260605988,0.0006089693111895803,0.0005833488489236071,0.0005458635471464201,0.000497726817123481,0.0004803356771582278,0.00045129940301370103,0.0004324608127656854,0.000399816846604775,0.0003831560444534985,0.00036426786721218936,0.00034011615756996327,0.0003290121070055603,0.0003130946546504161,0.0003033527018490726,0.0002835806901002393,0.0002756105856542989,0.000266527716572462
573.8441648302393,0.29829145629855486,0.2983263366031791,0.2983637018213571,0.2984037293434625,0.2984466092763144,0.2984925453625235,0.29854175596742455,0.2985944751387288,0.29865095374443407,0.29871146069498444,0.2987762842561549,0.29884573345966814,0.2989201396191321,0.2989998579595138,0.29908526936906066,0.29917678228333205,0.29927483471183147,0.29937989641863827,0.2994924712694313,0.29961309975839423,0.29974236172970153,0.2998808793096151,0.3000293200667012,0.3001884004193118,0.30035888931128835,0.30054161217886044,0.3007374552339363,0.300947370091434,0.3011723787709807,0.30141357910619365,0.3016721505978316,0.3019493607503197,0.3022465719345077,0.3025652488231009,0.30290696644931453,0.3032734189446467,0.30366642901946295,0.30408795826201435,0.304540118349014,0.3050251832834814,0.30554560279803683,0.3061040170718039,0.3067032728893296,0.3073464413126732,0.30803683687517935,0.30877803833858,0.3095739113213504,0.310428633601319,0.3113467241969088,0.31233307666125953,0.31339299534771703,0.3145322330521354,0.315757032555754,0.3170741795604331,0.31849106812693356,0.3200157662389886,0.3216570842931516,0.3234246785206827,0.3253291757447334,0.32738228749538484,0.32959699722000935,0.33198778672461743,0.3345708809702148,0.3373646573949706,0.3403900722871969,0.3436713587964354,0.34723684838336993,0.35112022291038775,0.355362169122506,0.360012733427216,0.3651346854933691,0.3708082768105043,0.3771380703821718,0.3842627711291399,0.39236937715288384,0.40171352661273035,0.41264861586057006,0.42566709115172346,0.4414581757459392,0.46098669450601276,0.48559729129547546,0.5171464629688624,0.5581605736270671,0.6120133961987438,0.6831139903234323,0.7770985012443831,0.9010252158319413,1.0635645763337782,1.275120840498728,1.5476540789456994,1.8934560420058475,2.3197276276583847,2.791325971710915,2.7641315407689415,2.218978270566654,1.6856590793196882,1.2337844542191585,0.8850096424408087,0.6433276053838157,0.4959259041571356,0.41328295478047683,0.36182199909679585,0.32017352587725234,0.281455222972697,0.24644589273905929,0.21704151943993416,0.1931426898267652,0.17312361595323567,0.15564431558905095,0.1402573353530141,0.12680216429909233,0.11499002046406767,0.10453093809286902,0.09523497346123806,0.08694996755263425,0.07953860273531693,0.07288762316447321,0.06690122004168104,0.06149715567104582,0.05660517225730465,0.052164988525893116,0.04812488707595444,0.04444046208348785,0.04107353357812426,0.037991184724506764,0.035164899015044083,0.0325698571149208,0.030184252198071623,0.027988826114756393,0.02596645869788763,0.024101830484872307,0.02238116756540623,0.02079197546629624,0.01932295613946714,0.01796384100110955,0.016705548084347425,0.015539181160069651,0.014457752188349899,0.013453937950484406,0.0125218163086601,0.011656319924962614,0.010852869229142107,0.01010732705094552,0.009415518914299308,0.008772510970228943,0.008174289260338174,0.007619631068028606,0.00710030662912056,0.006618902807649372,0.0061689838620333955,0.0057543735353232294,0.005362709809666983,0.005004545799406543,0.004667345701534669,0.004348421587671612,0.0040584429141159,0.00379141931979285,0.003537333092103375,0.003295745198177594,0.003069137957995623,0.0028617996252704564,0.0026745420259450124,0.0025022092909307045,0.002341578331074631,0.0021903521903345524,0.0020486510275826886,0.0019157352966879995,0.001791618226072145,0.0016757337862285126,0.001567296537952188,0.0014656883865956766,0.0013700256225169516,0.0012791360353047005,0.0011915961745866247,0.0011064351701616805,0.0010223416309899154,0.0009439611952443973,0.0008817803822750801,0.0008355775883203978,0.0007928879556299943,0.0007460605990384656,0.0006998469658613772,0.0006454251919196238,0.0006128091157278345,0.0005842354658988384,0.0005414231561386293,0.0004983665209702004,0.0004813069276707694,0.00044887919309702915,0.00043363082343857444,0.0003981875269414032,0.00038360753756148085,0.0003655545759729473,0.00033972013387093366,0.0003286103585420101,0.00031153807148129813,0.00030325187921912653,0.0002829403975325055,0.0002758194251546138,0.0002662633919456313
594.1133984965034,0.2885268842851642,0.28856050464898964,0.2885965206108036,0.28863510324985464,0.2886764359188264,0.2887207151325063,0.2887681515219762,0.28881897085932595,0.28887341515829007,0.28893174385665327,0.2889942350867458,0.28906118704087413,0.2891329194391029,0.2892097751074258,0.2892921216750429,0.2893803534002098,0.2894748931349343,0.2895761944396964,0.2896847438603443,0.2898010633804038,0.2899257130632246,0.2900592938997054,0.29020245087878516,0.2903558762995027,0.29052031334520295,0.29069655994244625,0.29088547292935946,0.29108797256057184,0.29130504737850654,0.29153775948362803,0.29178725023925245,0.292054746449651,0.2923415670533806,0.29264913037708795,0.29297896199865603,0.29333270327306993,0.29371212058084734,0.29411911536894436,0.2945557350693517,0.2950241850013186,0.2955268413852437,0.29606626560853844,0.2966452198685138,0.2972666842620421,0.29793387531771803,0.29865026596230304,0.2994196071201454,0.30024595160125905,0.3011336812955486,0.30208753819014267,0.30311265810889,0.30421460529241234,0.30539940931668835,0.3066736110650888,0.30804431983929154,0.309519269916746,0.3111068753785328,0.31281631213905087,0.3146576191173012,0.31664178151126365,0.3187808675014937,0.3210881980604038,0.3235785082572048,0.3262682414009187,0.3291758277384815,0.33232216696587313,0.33573116792409874,0.339430604494581,0.3434532243401754,0.347838359554574,0.35263425196156406,0.3579013826429114,0.363717335391102,0.37018393049818327,0.37743771305684926,0.3856653993196242,0.39512659579208464,0.4061870513947089,0.4193668985097231,0.43540946277109194,0.45537696788358606,0.4807790802592224,0.5137367724233523,0.5571780201319866,0.6150539677663189,0.6925603698732229,0.7963548929935952,0.934770336010104,1.11800737619525,1.358191541986082,1.668878445336739,2.0625393133142893,2.537817002066958,2.9231198657609667,2.483498951257311,1.9119214611642028,1.4070972159937576,1.005441776353035,0.7175573127883393,0.5360003025403388,0.4341354859307069,0.3750674209418757,0.33103976847544514,0.2909448044538277,0.25421379953343926,0.22297692252669227,0.19765661054290745,0.17672182469438139,0.15860034174610327,0.1426759682969779,0.12877363776918585,0.11661104704089223,0.10587297344436608,0.09634874232236065,0.08787754165648631,0.08031393381835238,0.07353767474871176,0.06744790372603673,0.0619582522357931,0.05699516384885893,0.05249570647387978,0.04840602173237752,0.04467997455321056,0.04127798721805882,0.03816601219661262,0.0353146231505191,0.0326982369793694,0.03029445708065895,0.02808354418186172,0.026047961046315318,0.024171972620866067,0.02244159749076382,0.020844102126820904,0.019367961128644442,0.018002730984319835,0.01673913071015061,0.015568369578602224,0.014482930174514469,0.01347554117623306,0.012540665327703242,0.01167285212045814,0.010867214422082756,0.010119377382839396,0.009425262413097397,0.00878143057022028,0.008183711270696139,0.007625620212502855,0.007106676869338671,0.006624414806011384,0.006173582429716863,0.005757488522141069,0.005369089902896682,0.005003664047549833,0.004670795435665363,0.0043550530381968,0.004057464448563786,0.003788231072193841,0.003539642775176254,0.0033030464321317753,0.003076660605452745,0.002864185143425262,0.0026693949254930002,0.0024927907772079824,0.00233224348652606,0.002182869824988394,0.002043202472946843,0.0019118464917421243,0.0017886231736034652,0.001673008884813278,0.0015642836302677656,0.001461829903102651,0.0013647026575243227,0.001271885246413279,0.0011823802763116615,0.0010951142096076985,0.001012117661447713,0.0009407599544903853,0.0008858683563849459,0.0008407786881039288,0.0007940929950167876,0.0007482673535572591,0.0006962259301281126,0.0006453696837219649,0.0006166458712960762,0.000584914725230348,0.000536311088086133,0.0005004077745689406,0.0004826345835369619,0.00044725719194419107,0.00043301961662873764,0.000397318785898775,0.0003840053429853683,0.0003664731218293603,0.0003396465315894548,0.0003275898730886473,0.0003096656702766248,0.00030242133276715426,0.0002831616234712773,0.0002756603273140666,0.00026558238415043406
615.0985788580498,0.27880756279276736,0.27883979644176177,0.27887432741700807,0.2789113198588104,0.2789509496946907,0.27899340549454504,0.2790388893890952,0.27908761805650223,0.2791398237824007,0.27919575559905035,0.2792556805097746,0.2793198848053693,0.27938867547973323,0.2794623817525855,0.2795413567078111,0.2796259790567168,0.2797166550362849,0.2798138204534087,0.2799179428870636,0.28002952406144743,0.28014910240430474,0.2802772558059609,0.2804146045960342,0.2805618147564015,0.2807196013907742,0.28088873247322194,0.28107003290019617,0.28126438887305605,0.2814727526408231,0.281696147635868,0.28193567403844844,0.2821925148093994,0.28246794223372534,0.2827633250212528,0.2830801360138229,0.2834199605519616,0.283784505558285,0.28417560940164066,0.2845952526175518,0.28504556957935634,0.28552886124051996,0.2860476090951153,0.2866044905125631,0.28720239556865146,0.28784444540614607,0.28853401206436685,0.28927473976583756,0.290070568012693,0.2909257574310564,0.2918449194036013,0.29283304923577036,0.2938955606718436,0.2950383207722474,0.29626769019439597,0.29759057504047753,0.2990144826005157,0.30054756998920934,0.30219870740656996,0.30397756875786436,0.3058947036412968,0.3079616301744239,0.31019097916919786,0.31259660041598913,0.3151937732755746,0.31799939905725694,0.3210323200576715,0.32431367340462136,0.32786745780989857,0.33172123765947953,0.3359072095599323,0.3404637289919117,0.3454375259706518,0.350887002664075,0.35688715630529194,0.36353696594552415,0.37097052513163625,0.37937384440356775,0.38901016774449637,0.4002579516683203,0.4136672630743242,0.43004194059057776,0.45055638402799464,0.4769145001423148,0.5115540915189484,0.5578897704772507,0.6205754646782843,0.7057626835147323,0.8213418513173412,0.9771686262164461,1.1852408659441829,1.4596127514260508,1.8152706792948559,2.2627746243952673,2.771132068202419,2.7519219883986556,2.167563778358266,1.6098875528312453,1.1509155098302406,0.8105978198290512,0.5877654764106176,0.46041803217078775,0.3902565003843035,0.34274096748186644,0.30115345016714185,0.26271545304476024,0.2295229423664916,0.20258868182898832,0.18060064121647593,0.16177086451026915,0.14526825911752894,0.13088087214692154,0.1183374051917449,0.10729874873838602,0.09752959512547207,0.08885895529088852,0.08113278321415883,0.0742230854397125,0.06802345341609294,0.06244302871659349,0.05740466954722129,0.05284257662683399,0.048700581630229,0.0449306890609631,0.04149182111024147,0.03834872009086069,0.03547098277488929,0.03283222361876652,0.030409428711748416,0.028182295428951603,0.02613283471777327,0.024245068313934238,0.022504513283853417,0.020898335101340097,0.01941476755699562,0.018043172422004983,0.01677404574024037,0.015598691554882874,0.014508969361949148,0.013498340137782153,0.012560637736693593,0.011690094342159263,0.010882136015891823,0.010132586321936926,0.009437273843435318,0.00879159037057946,0.008190762169633643,0.007633030923852333,0.007114111912392571,0.006627849725167062,0.006180561195369867,0.005759133862712735,0.0053738586810618905,0.005008445874975275,0.00466928726174439,0.004359777281580244,0.004063794931434319,0.00378555607120102,0.0035361074932619995,0.0033054114717864214,0.003084360625974409,0.002872747315649803,0.002673763292720373,0.00248978101244477,0.0023230555750713222,0.0021714050542936945,0.0020320892835601545,0.0019018342609349345,0.001779595426524345,0.0016644957713085105,0.001555710304451567,0.0014526546146309365,0.0013545346751705199,0.0012604265206962936,0.001169659524239792,0.0010834436388728952,0.0010061951592865905,0.0009427335397087867,0.0008914294005528301,0.0008447988034883597,0.0007955178583678627,0.0007486515115348929,0.0006925837056735585,0.0006481414692717727,0.0006198886826917968,0.0005842505113034967,0.0005320468417659158,0.0005036675305081592,0.0004835656193907528,0.00044761139523278877,0.00043105230451965935,0.0003980979948031732,0.00038402386424675564,0.00036659011154059477,0.0003400125219258732,0.0003269008197838349,0.0003077540771960498,0.000301117414864517,0.00028420037502031626,0.00027470858592013205,0.0002647763091951155
636.8249944718586,0.2691899054004506,0.26922061420357146,0.2692535122124012,0.2692887559242703,0.2693265130869644,0.2693669635167184,0.26941029997701765,0.2694567291229184,0.2695064725159862,0.26955976771538204,0.26961686945109153,0.26967805088580027,0.2697436049724799,0.2698138459153592,0.26988911074262345,0.2699697609999238,0.2700561845745811,0.27014879766125827,0.2702480468808484,0.2703544115653987,0.27046840622307033,0.2705905831984405,0.27072153554488937,0.2708619001274129,0.2710123609759691,0.27117365291144685,0.27134656546855185,0.271531947142391,0.27173070998834237,0.27194383460795485,0.2721723755571729,0.27241746721710763,0.2726803301718071,0.2729622781418438,0.2732647255267416,0.27358919561296074,0.27393732950716226,0.2743108958571956,0.27471180142747975,0.2751421026049486,0.2756040179319546,0.27609994179744374,0.2766324594622174,0.2772043636236234,0.2778186726935943,0.2784786508344482,0.2791878296219183,0.27995003121113066,0.2807693933711545,0.2816503976077011,0.28259790168682597,0.28361717586608504,0.2847139396983929,0.2858943991820689,0.2871652920039079,0.2885339447071619,0.2900083268203079,0.2915971002761461,0.2933096967807023,0.2951564006160712,0.29714841057662345,0.2992979608433612,0.30161841991373933,0.30412442044705484,0.3068320315126882,0.309758940888622,0.3129247208615648,0.3163511706224035,0.32006276226038627,0.32408732233955473,0.32845697341146673,0.3332095365642216,0.33839064985485046,0.3440569803725657,0.3502811462108064,0.35715931033538667,0.3648229391637157,0.37345702110559575,0.38332824230958845,0.39482839659905056,0.40854033881747776,0.42533659369359667,0.44652211773491757,0.47403199213274927,0.5106872393206805,0.5604966991100969,0.628974295341,0.7234354530015932,0.8532579861136956,1.0301111170236894,1.2680807604100137,1.5832860892405913,1.991462654217931,2.495320845824021,2.923324303592987,2.449397887876267,1.844909600131673,1.3252244387738465,0.9262975675510345,0.6546456229224984,0.49437662048626946,0.4082983819122124,0.35548940622429054,0.3121146335815075,0.27199970964336967,0.2367571861244901,0.208004587132796,0.18479723514188381,0.16517686933084894,0.1480506177672487,0.13313714288542186,0.12017868485613678,0.10881532203259181,0.0987829809017805,0.08989838855492169,0.0819983763933902,0.07494637123762556,0.06862984180699215,0.06295304246383157,0.057834926414259184,0.05320658771018108,0.04900936176004567,0.04519324847038046,0.04171555783466155,0.038539734440421046,0.03563433015410954,0.03297211376731759,0.03052938615090543,0.02828526843263617,0.026221346351786346,0.02432117149136317,0.022570072766617794,0.020954789277910123,0.019463459804548843,0.018085228181361598,0.01681036700623001,0.0156301422399008,0.014536138214992242,0.013522084712352386,0.012580877217505967,0.011707365243185006,0.010896997761640435,0.010145239603374441,0.009447838425106986,0.0088009051003307,0.00820050894298996,0.007641225322937936,0.007118680590711882,0.006635784581524317,0.006183219585530939,0.005766281250720443,0.005374015422536728,0.005014848376910537,0.004671390479530027,0.00435864990861575,0.004069826208401646,0.003791311336215523,0.0035318458734438863,0.0033014392171198926,0.003086614141673809,0.0028806748659128273,0.0026834512426198746,0.0024965073438614083,0.0023234397150546484,0.0021648135118254347,0.0020207774883579193,0.00188855537404572,0.0017659378530253075,0.0016509330839155345,0.001542165382854841,0.001438886195433081,0.0013404053728214166,0.0012463862750491017,0.0011576256623206372,0.00107656020349522,0.0010065351620057127,0.0009481532103051599,0.0008976114202090567,0.0008472350423833485,0.0007982673876955348,0.0007460746764595014,0.0006900960710107186,0.0006524069035565655,0.0006215924593269756,0.0005813164633300092,0.0005293980138032065,0.0005070100090678614,0.00048294362217276557,0.0004506563939610786,0.0004284443735579943,0.0003998282577379952,0.00038318955700801635,0.0003654176320791799,0.0003404209651496107,0.000327377352068254,0.00030635783606598364,0.00029971259618774234,0.00028540325334275063,0.00027301786897460274,0.0002639150329839211
659.3188271333541,0.25973597889638506,0.2597650338158906,0.25979616055620625,0.2598295072998261,0.2598652328932308,0.25990350762390146,0.2599445140553384,0.25998844792461506,0.2600355191073755,0.2600859526556048,0.2601399899139559,0.2601978897209174,0.2602599297016566,0.26032640765997495,0.26039764307747487,0.2604739787287676,0.2605557824223521,0.26064344887768276,0.26073740174991406,0.26083809581489054,0.2609460193281312,0.26106169657287204,0.26118569061366864,0.26131860627366,0.26146109335535184,0.2616138501267238,0.26177762709662405,0.261953231105814,0.26214152976272126,0.2623434562560117,0.26256001457959055,0.26279228520970965,0.2630414312786037,0.2633087052946013,0.26359545646490967,0.26390313868395554,0.26423331925655397,0.2645876884300642,0.26496806981174603,0.2653764317464143,0.2658148997281063,0.2662857699266484,0.2667915239406808,0.2673348449556598,0.2679186355765406,0.26854603765352664,0.269220454308563,0.26994557404747954,0.270725396554723,0.27156426013955387,0.27246687215089305,0.27343834458255084,0.2744842347507472,0.2756105866272939,0.27682397147004245,0.2781315379384512,0.2795410757469682,0.28106107223436616,0.28270076767069124,0.28447024441175744,0.2863805014567176,0.2884435293891941,0.29067243655429864,0.29308152512930813,0.29568645297849316,0.2985043455060499,0.3015540108345971,0.3048561290675347,0.3084335682288198,0.31231178214450384,0.3165193692468516,0.32108892140195183,0.32605829846746065,0.33147259220220626,0.33738720550851004,0.3438727216961317,0.35102264914301445,0.3589657787739729,0.367885880587913,0.3780530576219874,0.3898733718903145,0.4039662668559585,0.4212831669338636,0.4432830311254374,0.4721792029414522,0.5112608046535465,0.5652678833827927,0.6407715729623595,0.7465066839099165,0.8936423923176889,1.095996102559939,1.3700344075455544,1.7338774768942944,2.2020276886805874,2.7484565421613056,2.7390428057571943,2.113603896799051,1.5322223176823262,1.0688788057037815,0.7406255552123064,0.538981045342423,0.43058613537499646,0.3696613261103556,0.32388268227791356,0.2821075625220505,0.24475971486853762,0.21398148359497007,0.189357598895758,0.16884289995261667,0.15104118089271482,0.1355573627764729,0.12214573067653371,0.11043055401032653,0.10011493173465105,0.09100045745985538,0.0829142563997679,0.07571028508656844,0.06926921938708479,0.06348998517907108,0.058287274029799864,0.053588807015358016,0.04933321782049519,0.045468343012355555,0.04194975726925713,0.038739510719226274,0.035805039199980154,0.03311820797058677,0.030654566626158296,0.028392659095988593,0.02631356889146398,0.024400467767723897,0.022638345089114477,0.021013604071340508,0.01951413996916089,0.018128973941596398,0.016848153900456336,0.015662800841555923,0.014564501567313594,0.013546502532112235,0.012601892290058217,0.011726008868585028,0.01091347216164816,0.010159746293519546,0.009460688297171421,0.008811888945338799,0.008208620743310299,0.007647767703114678,0.007127391964879846,0.006640588526916666,0.006188728634237171,0.005770629145041721,0.005378989031730443,0.005015683617272186,0.0046787858639944216,0.004357720789959599,0.004069671431442418,0.00379857927145145,0.003536840842905872,0.0032957148100967886,0.0030820343000703796,0.002882586478975871,0.002691308221625307,0.002507258609584019,0.0023326052795905046,0.002169402855904762,0.002019233934573594,0.00188141021736166,0.0017549707744108649,0.0016378955840769675,0.0015282921270702546,0.0014250832301078075,0.001327698656750786,0.0012363190933884181,0.001152132933566061,0.001077054782760514,0.0010119061464863356,0.0009552790007828131,0.0009023159629413956,0.0008499152057538442,0.0007996371253419757,0.0007421950090285162,0.0006905888627278705,0.0006569813233234545,0.0006225546792109913,0.0005758534954988377,0.00052895651558423,0.0005093243730688721,0.00048076824396056005,0.0004549360221735913,0.0004259422035667525,0.00040166329323501566,0.0003821018663607898,0.0003633426220560248,0.0003411421764448512,0.0003288195248950211,0.0003060402151676038,0.00029843763314229936,0.0002862992639492769,0.0002715102792409615,0.0002629648480192924
682.6071834272386,0.250507678546382,0.25053497692209503,0.2505642223048072,0.2505955540150928,0.2506291214093954,0.25066508461269615,0.25070361530608437,0.2507448975735475,0.2507891288126648,0.25083652071429025,0.2508873003167551,0.250941711140601,0.2510000144103916,0.2510624903707326,0.2511294397042791,0.2512011850602206,0.2512780727025192,0.2513604742880498,0.2514487887857512,0.2515434445489693,0.25164490155435604,0.25175365382200987,0.2518702320330052,0.25199520636209116,0.2521291895451507,0.2522728402030179,0.25242686644547996,0.25259202978173906,0.25276914936630024,0.2529591066121971,0.25316285020667734,0.25338140156800115,0.25361586078595266,0.25386741309323113,0.25413733592043153,0.2544270065943602,0.25473791074856,0.25507165152647227,0.25542995967102416,0.255814704607039,0.2562279066295272,0.2566717503050344,0.2571485991725104,0.25766101180797196,0.25821175933372525,0.25880384456469774,0.25944052320133365,0.26012532765117286,0.2608620938558127,0.26165499074187465,0.26250855132128253,0.2634277056532845,0.2644178187764747,0.26548473640623355,0.2666348339414216,0.26787506246289267,0.26921300228459855,0.2706569351836522,0.27221590955278474,0.27389980210132236,0.2757194183943603,0.27768656864466423,0.27981416159890055,0.2821163254116122,0.28460849773664615,0.2873075798310275,0.29023205560057547,0.293402168511528,0.2968401242320321,0.3005703248015149,0.30461971839346924,0.3090182790379209,0.3137997202088757,0.3190026125412023,0.32467216970592633,0.3308631468311026,0.337644589952698,0.3451076615400325,0.35337856468561113,0.36263978722815887,0.37316501441519917,0.38537592470336013,0.3999334639211542,0.4178811167962971,0.440861846334529,0.4714279737069476,0.5134462107958748,0.5725629420271668,0.6566536423379349,0.7761837019436079,0.9444728619361373,1.1778600905881986,1.495432749636822,1.9167456742050928,2.44928780847999,2.9233221111117844,2.4133476158399962,1.7754345407787968,1.2428774048672997,0.8502157203499864,0.5979860550363736,0.45918168017345545,0.3859054935799702,0.3365623917268925,0.2930723603779248,0.2536091140892858,0.2206081577632575,0.19433882922680448,0.17279833166245248,0.15426008052100346,0.1381582507787727,0.12425085477041575,0.11215323777392598,0.1015321387778492,0.09217027207598877,0.08388432424474605,0.07651784523868477,0.06994393497456008,0.06405569778515725,0.05876316531334062,0.053990388720957634,0.04967307261827219,0.04575671528466644,0.042195020832331676,0.038948540953515035,0.03598350766545599,0.03327083081045574,0.030785259148052264,0.028504737020369722,0.026409788630352315,0.024483151255040934,0.022709402311645956,0.021074864248540836,0.019566927426323908,0.01817449962302925,0.016887467279525118,0.0156967538103878,0.01459398518470719,0.013571785267981357,0.012624146483040315,0.011745272299296228,0.010929727348754302,0.010173455717551487,0.009472321876232596,0.008822120926465301,0.008218701314228749,0.007657379881087136,0.007133085539149879,0.006646297301119642,0.006195790551192386,0.00577246046765557,0.005385623459303625,0.0050169342022121635,0.0046815354825525055,0.004364891282032501,0.004066232948792978,0.003799667170829235,0.003545198796487306,0.003299889231374898,0.003074946790100818,0.002877140035144907,0.002692605476399691,0.0025145788298059765,0.0023441082180098837,0.0021807373535621183,0.0020280109445003774,0.0018860551284328605,0.0017552852544086774,0.001634783021053412,0.0015232427504849038,0.0014197606769790927,0.0013237751992416884,0.0012353468514327893,0.0011550630653241983,0.0010833557976985592,0.0010199311087456088,0.0009619061677495205,0.0009060962520395959,0.0008535561329195428,0.0007975258350698316,0.0007391664649563808,0.0006943282406117681,0.0006608109469765463,0.0006222665574807971,0.000569514135507296,0.0005307200119275206,0.0005110491816106512,0.00047796643019306517,0.00045809764811652846,0.00042358818916993864,0.0004033222033730675,0.0003825827353625251,0.0003608253958464396,0.0003424527803984368,0.0003302903545626073,0.0003075396396347818,0.0002976651623941415,0.0002868753681436332,0.0002713808799886751,0.00026213300115852456
706.7181273927491,0.24156103459549713,0.2415865135688189,0.24161381010402297,0.24164305430686528,0.24167438566235697,0.24170795372058,0.24174391883405863,0.2417824529507666,0.24182374046719815,0.24186797914631802,0.24191538110562802,0.24196617388105035,0.24202060157284208,0.2420789260803151,0.24214142843275838,0.24220841022464418,0.24228019516395574,0.24235713074331328,0.24243959004450077,0.24252797368802614,0.2426227119404878,0.24272426699379382,0.24283313543169308,0.24294985090066334,0.2430749870039722,0.24320916043972196,0.24335303440593967,0.2435073222983195,0.2436727917291179,0.24385026889897982,0.244040643357183,0.2442448731899275,0.2444639906808357,0.2446991084926513,0.24495142642403853,0.2452222388001851,0.2455129425605477,0.24582504611203942,0.24616017902281834,0.24652010264368915,0.2469067217651548,0.2473220974508999,0.24776846122782525,0.2482482308382769,0.2487640277363661,0.24931869641302998,0.24991532551451356,0.25055727075982115,0.2512481800844856,0.25199202209714944,0.2527931189169908,0.253656182814595,0.2545863543375096,0.2555892422284527,0.2566709714876159,0.2578382419328103,0.25909838523299694,0.26045942064222233,0.2619301344558808,0.263520162449095,0.2652400575629073,0.26710140274952404,0.2691168998018398,0.2713004793886998,0.2736674257796261,0.27623449283857526,0.2790200446786993,0.2820442063090839,0.28532900680010603,0.28889857862406254,0.292779365968643,0.2970003979690539,0.30159368067122344,0.3065947844932342,0.3120437843071523,0.317986826092093,0.3244787899606617,0.3315878483793445,0.33940328659496777,0.3480489519793855,0.3577061323012506,0.368652460923752,0.38132716146694856,0.39643904275652964,0.4151406401127667,0.43929787570593265,0.4718811361136545,0.5174770008552723,0.5828626212721891,0.677526364183261,0.8140396824887492,1.008290216253174,1.2795322051712403,1.649533979717127,2.137432664159547,2.7230954540002696,2.7254847071508075,2.057099415521203,1.4529836582215185,0.9884113443292484,0.6759276586731174,0.4970099446837278,0.4053049660264182,0.35036252731617434,0.30492521729984573,0.26337758961609786,0.22798392665311026,0.19981159600648252,0.17707916121955886,0.157729865369874,0.14095849627767612,0.12650808146097184,0.11399325823992403,0.10304204145891357,0.09341350375015521,0.084912885768359,0.07737236775299017,0.07065655932166871,0.06465218755486309,0.0592641782266921,0.054412582404455255,0.05002992212152015,0.04605916385034562,0.04245199254079967,0.039167349274004,0.03617016746055222,0.03343033248267956,0.030921754123576742,0.028621699990419247,0.026510105269700615,0.024569299325507585,0.02278352441252854,0.02113858832356386,0.019621906771801145,0.018221903512002008,0.016928377575846313,0.015732075057168438,0.014624585430426764,0.013598166358375128,0.012647200400912828,0.01176476919243292,0.010946627969017447,0.010188507152920294,0.009485627457867967,0.008833500361812165,0.008227587084902456,0.007664115681456183,0.007141091296314668,0.006654250157560945,0.006198412856790686,0.005780385596405508,0.005386360236169087,0.005024722785264463,0.004679812308640377,0.004369976009415319,0.00407177517309344,0.0037947520926105687,0.003547618892239716,0.0033091897508270933,0.0030783775703087683,0.0028687563450249887,0.002685974367691496,0.002514921197159286,0.002350321345102485,0.002192239797504194,0.002040946729605856,0.0018980838748646638,0.0017653889520562664,0.0016426085378937027,0.0015293080474508614,0.0014251250135876093,0.0013295917637025177,0.0012424552044912375,0.0011636560821048393,0.0010927129005541035,0.001027938353569045,0.0009674154484473126,0.0009109519595116456,0.0008543962062016726,0.0007939011518344921,0.0007390712497168189,0.0006993614146871769,0.0006626042638420642,0.00061914913651921,0.0005647136510463354,0.0005345225009020717,0.0005129261361810411,0.0004759838270794802,0.0004587666319647674,0.00042124713623370387,0.0004045832590443873,0.0003841618838859288,0.0003587337244711359,0.00034416837239967696,0.00033089026013546414,0.00031072494847322944,0.00029755824300311753,0.000287211370043437,0.0002722332711247668,0.00026196613404486503
731.6807143427192,0.23294113206969064,0.2329647771233992,0.23299010910576634,0.2330172487998583,0.23304632570016076,0.2330774786501956,0.23311085652816585,0.23314661898444416,0.2331849372350478,0.23322599491560944,0.23326998900074966,0.23331713079419844,0.23336764699549523,0.23342178084963425,0.23347979338661004,0.23354196475847447,0.2336085956822391,0.23368000899776417,0.23375655135066611,0.23383859501127308,0.23392653984176495,0.23402081542487063,0.2341218833688718,0.23423023980520233,0.23434641809664364,0.2344709917760281,0.23460457773748553,0.2347478397046294,0.23490149200270224,0.23506630366461986,0.23524310290412773,0.23543278199300124,0.2356363025835352,0.23585470152271099,0.23608909721071691,0.23634069656427756,0.23661080265472575,0.2369008231016458,0.23721227931397096,0.2375468166790006,0.23790621580240834,0.23829240489708933,0.23870747341107634,0.23915368699422726,0.23963350396272917,0.24014959355070417,0.24070485638980058,0.24130244766004258,0.24194580301149976,0.24263866681469523,0.2433851224102314,0.24418962563472954,0.24505704451690571,0.24599270557654718,0.24700244172823504,0.24809264082597976,0.2492703070385515,0.2505431353748471,0.2519195774905241,0.25340891975040214,0.2550213896178736,0.25676823637832547,0.2586618516481411,0.26071588593053874,0.2629453704522776,0.26536686227081674,0.2679985852418212,0.2708605773897584,0.27397486592670506,0.2773656161494665,0.28105931298707,0.28508495650887833,0.28947428460079927,0.2942620718694503,0.29948658021227026,0.30519030447774875,0.3114212815807421,0.3182354551702213,0.3257009678997624,0.3339058758553484,0.34297205803272074,0.35307984222193767,0.3645114188709962,0.3777261540919806,0.39348908227675594,0.41308396318360374,0.43865077300762534,0.4736820087374032,0.5236701984439933,0.5968109542791021,0.7045878344004319,0.8621256037900407,1.0883528837214969,1.405803157127174,1.838502870124296,2.399568163693358,2.9230073806404873,2.375301433592876,1.703645677976681,1.1606289257746334,0.7780665064965108,0.548015395213957,0.4296019123790857,0.36568800088446657,0.3177106769439837,0.2741259119434104,0.23621575891304175,0.20586248205440774,0.18173042305123852,0.16147617939069242,0.14397892939085138,0.12893341569878577,0.11596179172348263,0.10465293295033234,0.09473646143881569,0.08600470598444875,0.07827750393838505,0.07140991154962094,0.06528164655971795,0.059792030554341916,0.05485674273769083,0.050404842241030014,0.04637654909583595,0.04272136447616775,0.03939648927927592,0.03636548165205829,0.03359708863125693,0.031064353621836526,0.028743800233066347,0.02661479157236366,0.024659172389446662,0.02286071535353975,0.021204994735055143,0.01967909000928386,0.018271258419661304,0.01697096013181857,0.015768829732009812,0.014656366542464699,0.01362570549825225,0.012670907488279258,0.011785256668021521,0.010964939462800262,0.010204299689612702,0.009499074784644639,0.008845237300243525,0.008238529020625223,0.007674516368196688,0.00714861179417885,0.00665846540341885,0.006206576145373349,0.005784082970779278,0.005391497363259024,0.005027540473612134,0.0046861921001447645,0.0043677508626818766,0.004079088869080415,0.003797468328020826,0.003542284465778887,0.0033129758138021213,0.0030885145021461884,0.002871649124491209,0.002676391001525268,0.002506717702406859,0.0023492910778037117,0.002196833071692824,0.002051138566406173,0.001911639100772441,0.0017792834181057464,0.0016558977050702417,0.0015418509831242853,0.0014370397626479522,0.0013411595700566093,0.0012537915108076032,0.0011743461571246184,0.0011018899242565628,0.001035340580347715,0.0009738153261220129,0.000913922006953742,0.0008517666749133871,0.0007915511221607469,0.0007429145069728552,0.0007039739232700934,0.0006631466909737748,0.0006126574640013462,0.0005626647887490347,0.0005386402159444191,0.0005132135731278353,0.0004768636891578551,0.0004568001303267203,0.00042010029573254226,0.0004054913445678676,0.00038582068945187394,0.00035762871329288626,0.0003455021526077256,0.00033014160687687937,0.0003141248491283326,0.00029773126023415267,0.00028729188562475876,0.00027343146207661236,0.0002623731615809122
757.5250258771913,0.22467824692424604,0.22470009391967216,0.2247234996179596,0.22474857562991135,0.22477544161761193,0.22480422588396481,0.22483506600667846,0.22486810952023864,0.22490351464971198,0.2249414511005639,0.22498210090904702,0.22502565935812432,0.22507233596434514,0.22512235554158902,0.22517595934814444,0.22523340632420052,0.22529497442750326,0.22536096207568068,0.22543168970457184,0.2255075014528221,0.22558876698403849,0.22567588345894984,0.22576927767130225,0.22586940836266278,0.22597676873292077,0.22609188916510495,0.2262153401851992,0.22634773567999428,0.2264897363987032,0.226642053767154,0.22680545404692132,0.22698076287581304,0.22716887023070678,0.22737073585878906,0.2275873952286229,0.22781996605791507,0.22806965548009298,0.22833776791683008,0.2286257137292925,0.22893501872949265,0.2292673346491006,0.22962445069155635,0.23000830633562208,0.23042100560312181,0.23086483301857133,0.23134227143157648,0.23185602174389444,0.23240902450850626,0.23300448360755066,0.23364589287408027,0.23433706698932386,0.235082177022853,0.2358857888219273,0.23675290305625013,0.23768900156292447,0.2387001055246,0.2397928376384529,0.24097448156511117,0.24225306054897455,0.24363743133421503,0.24513736308709355,0.24676365352121118,0.24852824559775982,0.2504443450140826,0.2525265787818947,0.2547911280467397,0.25725590906471507,0.25994073939863255,0.2628675146343032,0.26606040802053793,0.2695460478821466,0.2733537020572125,0.27751546411820555,0.282066441436675,0.2870449735738661,0.2924929436008991,0.29845631335686,0.3049861396418523,0.31214056017250746,0.31998872025515035,0.32861829037546036,0.33814973712535124,0.3487628327180739,0.3607452433150476,0.37457993861991473,0.39109916951066853,0.4117471814472621,0.43900582738697835,0.47702789499435383,0.5324563550734905,0.6152730383760759,0.7394251144716745,0.9231141536915146,1.1888235669092801,1.5625769421320157,2.0689671327118417,2.694836727383759,2.7112409170313563,1.998068550329575,1.3725526798482486,0.9103096820082284,0.6172263233649573,0.46147760613775557,0.3832915225164693,0.3315214572461912,0.2859002223207686,0.24541313675114906,0.21259569693793096,0.18680933391426496,0.16552886889159005,0.1472427052018222,0.13154513091885553,0.11807155392127319,0.10637408493925972,0.0961461814480424,0.08716507353550094,0.07923728347527659,0.07220709024587514,0.06594647425450317,0.0603485948977992,0.055324342515672906,0.050798999483259395,0.046709801255209994,0.043003883799667665,0.03963657163783179,0.03656992027455268,0.033771506111268,0.031213384835535447,0.028871319881246856,0.02672407214465485,0.024752913483221853,0.02294123715893918,0.021274252495377125,0.019738598427073945,0.018322590113646783,0.017015277304197992,0.015807078360761558,0.014689404114068987,0.013654359166570061,0.012695462203633984,0.011806937506222814,0.010983428492098,0.010219711336868428,0.009512258487585556,0.00885654109659514,0.008247788340518434,0.007681888448547278,0.007156123142730257,0.006667735800256081,0.0062114371534717884,0.005788050457048653,0.005398411878734015,0.005027980967843726,0.004692185951210565,0.004370112710501548,0.004078513696384285,0.0038064086746181823,0.003541427682163598,0.0033079843662545297,0.0030936747518734995,0.0028825776514792936,0.0026791114641169186,0.0024961034627407025,0.002339109334205251,0.0021938785289637584,0.0020537766814838192,0.001919125519104327,0.0017912745949646264,0.0016701008416975245,0.0015562447502996553,0.001450856667531827,0.0013541811652326317,0.001265834798821347,0.0011852118625907402,0.0011115021167364876,0.001043273794451281,0.0009778038560661827,0.0009126074577514761,0.0008491295334182857,0.0007932239423118923,0.0007481836738665828,0.0007062735834766872,0.0006609517443618721,0.0006052197437313699,0.0005638870508245705,0.000541484687815815,0.0005111676001171449,0.0004810961100212021,0.000453439087006702,0.0004214956660877586,0.0004060462463200468,0.00038679648883784197,0.0003570000598981675,0.00034583090861909255,0.00032841880871406736,0.00031662040209029784,0.00029744201710657714,0.0002872052807423364,0.0002746665804304523,0.00026279215389919485
784.2822061337682,0.21678565536251723,0.2168057875791534,0.21682735609062012,0.21685046373348005,0.216875220761341,0.21690174538777815,0.21693016437016657,0.2169606136376792,0.21699323896698422,0.21702819670948967,0.21706565457432336,0.21710579247161332,0.21714880342104956,0.21719489453116636,0.21724428805529214,0.21729722253067627,0.21735395400792623,0.21741475737858265,0.21747992780943112,0.2175497822930141,0.2176246613247682,0.21770493071829372,0.21779098357147672,0.21788324239754853,0.21798216143670632,0.21808822916565462,0.21820197102438524,0.2183239523817175,0.21845478176359795,0.21859511437091797,0.21874565591667186,0.2189071668156396,0.21908046676346546,0.2192664397460628,0.21946603952487234,0.21968029564899672,0.21991032005228867,0.22015731430306767,0.22042257758732628,0.22070751552337015,0.22101364992488773,0.22134262964459692,0.22169624263223545,0.2220764293213853,0.22248529742985737,0.2229251382653333,0.22339844474937126,0.2239079316360089,0.22445655862721092,0.2250475568581155,0.22568445837130333,0.2263711277355674,0.22711179671885226,0.22791110580064328,0.22877415403205684,0.22970655122899802,0.23071447145553498,0.2318047229580972,0.23298483079423665,0.23426311104513858,0.2356487717507729,0.23715202962463547,0.2387842140225285,0.24055792644832227,0.24248716872399853,0.2445875355266812,0.24687637439926172,0.24937300827591388,0.25209893472311923,0.2550780508261134,0.25833688980707686,0.261904842325031,0.2658143704986795,0.27010120451607095,0.27480451346337537,0.27996705960583934,0.2856353756023104,0.29186006931112374,0.29869651057146274,0.30620638735467204,0.3144611040355714,0.3235489951594608,0.333589853680017,0.34476347076153485,0.35736426498016344,0.37190343319313873,0.3892950381315701,0.41118283407166417,0.4404815921559616,0.48218953946967447,0.5444221522473005,0.6394143728022048,0.784141882495807,1.0004815766239412,1.3149816415874847,1.756910802763376,2.346026517048524,2.922243945491451,2.3352194767226404,1.6297346797624594,1.0791228552031897,0.7107041082311474,0.5048423180721786,0.4045097738326685,0.3465668309613116,0.2987345179242148,0.2556805607243476,0.22013331652892146,0.19238910715118715,0.16992370202457585,0.1507755631725014,0.13436406165405793,0.12033710164362653,0.10821590493044121,0.09765052843141316,0.08839987499530406,0.08025616442918286,0.07305150864967744,0.06664930192071462,0.060935917074081684,0.055816983464291224,0.05121365739727227,0.04705992437068157,0.04330035343479157,0.03988823665760402,0.03678402420009114,0.0339540009873425,0.031369200470857,0.029004548431120006,0.0268381526114533,0.02485068409124097,0.02302514523179694,0.021346327520593313,0.019800715594798603,0.018375956782819534,0.017061361840948086,0.01584687258259197,0.014723763817205679,0.013684120988107878,0.012721060648643359,0.011829335642854794,0.01100226439805398,0.01023649096904788,0.009527463600661023,0.0088700317868977,0.008259921295515135,0.007692895403165334,0.007164809538728251,0.0066725116464454665,0.0062172780431512305,0.005796155415993659,0.005399020089673444,0.005036412861430906,0.004690615707321174,0.004378549491247159,0.004076144559449693,0.003808445545211076,0.003550905932683989,0.003303492986175185,0.0030894195885847967,0.002889069038190932,0.0026908856021217436,0.0024991559857398832,0.002327827540934879,0.0021813660462321476,0.0020481573477283297,0.0019194954361844124,0.0017955326263260252,0.001677979161788424,0.0015671103274042635,0.0014632833808090448,0.0013667805097163366,0.00127764259616086,0.0011954230625679896,0.001119025981059917,0.0010467805813309742,0.0009772581004986061,0.0009106051696188844,0.0008497867637156493,0.0007980822563289681,0.0007524032359266553,0.0007064663857292875,0.0006544820046533454,0.0006002498763855903,0.0005681176062964492,0.0005441670021092097,0.00050825036631696,0.00048513136958020013,0.00045010600283143493,0.0004239016141172318,0.0004053881309873026,0.00038611442711823966,0.00035728449276986287,0.0003448696057990912,0.00032598343470316757,0.0003177814049416848,0.00029647029178716714,0.000287004923063619,0.00027577566438427266,0.00026277395949702865
811.9844993184009,0.20925950792276732,0.20927804700237826,0.20929790855029207,0.20931918722884316,0.20934198452430808,0.20936640924590744,0.20939257806233952,0.2094206160788219,0.20945065745787345,0.2094828460873539,0.2095173362995889,0.20955429364575212,0.20959389573005457,0.20963633310871,0.209681810259108,0.20973054662514026,0.20978277774519455,0.20983875646996608,0.20989875427794036,0.20996306269719098,0.2100319948430143,0.21010588708191053,0.21018510083351954,0.210270024523361,0.21036107570060772,0.2104587033366786,0.2105633903221695,0.21067565618158493,0.21079606002750456,0.21092520377824803,0.21106373566584183,0.21121235406421154,0.21137181167115257,0.2115429200819707,0.21172655479800903,0.2119236607199404,0.2121352581839799,0.21236244960902004,0.21260642683331374,0.21286847922875587,0.2131500026860411,0.21345250956274353,0.21377763968157334,0.2141271724720642,0.2145030403933052,0.21490734388205007,0.2153423682128722,0.21581060270549146,0.21631476248741965,0.2168578125708082,0.21744299397511271,0.21807385283744934,0.21875427501624678,0.2194885272377826,0.22028130127187642,0.2211377596888247,0.22206359288690677,0.22306509035980338,0.22414920902592703,0.22532365241725275,0.22659697948979504,0.2279787002400083,0.22947940599726166,0.2311109123000201,0.23288640981517228,0.23482065391372778,0.23693015844642695,0.2392334181995412,0.24175116371498814,0.24450661328814935,0.24752576032311885,0.2508376656320091,0.25447474271519255,0.2584730287444565,0.2628724209091555,0.26771685687207836,0.2730544261744363,0.27893742828818135,0.2854224556752263,0.29257068150306026,0.30044890489817255,0.309132318112726,0.3187111983256957,0.32930560033469725,0.3410960975727333,0.3543855762879442,0.3697196094547772,0.38811363522272196,0.4114637013243194,0.4432410889679042,0.48953940650437916,0.5603706083264112,0.670808540760255,0.8415246313620867,1.0987315025103663,1.473431745230832,1.9966486243985233,2.663464775610603,2.696307725479503,1.9365518687058556,1.2913750983730572,0.8354129880583859,0.5650455514007551,0.43160236805850627,0.36329836581218905,0.3126661481263276,0.26710843326372574,0.22861304962435314,0.19856321645590866,0.17470499558930255,0.15460624863763978,0.13741388250223793,0.12277519967752452,0.11019012919739928,0.0992583144361783,0.08971568365902471,0.08133909167777859,0.07394693573256594,0.0673930220501729,0.06155623595514883,0.056336412588461934,0.05165018956987172,0.047428006140745105,0.04361164077675582,0.04015218424315947,0.037008340349358605,0.03414501978852164,0.03153217028958629,0.029143791289824146,0.026957288331609784,0.024952758670611374,0.02311274474976355,0.021421584852111833,0.019865350728897807,0.018431633844186578,0.017109253574788957,0.015888247154293735,0.014759497858843399,0.013715033347653643,0.012747765885985201,0.011852383124035424,0.011022218742237128,0.010254263863713997,0.009542215023261828,0.008882102797785662,0.008269884131168505,0.007701242138978485,0.007172781384915136,0.006681968100652548,0.006225035114825125,0.005798183065408238,0.005406863538975065,0.005038948508053569,0.0046961603027078766,0.004379080193220851,0.004084783139927436,0.003803132264113495,0.0035558798940129883,0.003312230916528195,0.0030817699634442127,0.002885661578619849,0.002698623090538732,0.002511892958154695,0.0023318531044942553,0.0021701048642896992,0.002033182671305549,0.0019104180527067922,0.0017930251660662276,0.0016793493010480013,0.0015706897846290279,0.0014684033061261154,0.0013726250152293798,0.001283137286799561,0.0011994891719429165,0.0011209308839643978,0.0010466488083033234,0.0009764341661680595,0.00091177090169967,0.000854161137364897,0.0008027045209844182,0.0007534504466080868,0.0007029851345105108,0.0006457989162398778,0.0005994283929319695,0.0005729336070604721,0.0005455218679370727,0.0005070327934083888,0.0004859434739144753,0.00044695904508634484,0.00042630859491722445,0.0004048331391783723,0.00038346245518233605,0.00035800972032947224,0.000344414478519385,0.00032315989278085115,0.0003173109724271669,0.00029536133520524914,0.0002872013295429027,0.00027675385762611224,0.0002630322850366502
840.6652885618325,0.20208079640842394,0.20209788955228278,0.20211620178657916,0.2021358203396699,0.20215683872297807,0.2021793571897257,0.2022034832280679,0.20222933209134325,0.20225702736838744,0.20228670159711284,0.20231849692484088,0.2023525658191815,0.20238907183359842,0.2024281904321747,0.20247010987851255,0.20251503219416223,0.20256317419248818,0.20261476859445188,0.2026700652334219,0.2027293323568309,0.2027928580332834,0.20286095167460066,0.2029339456832681,0.20301219723685018,0.20309609022216565,0.20318603733339033,0.2032824823497947,0.20338590261055497,0.20349681170602701,0.20361576240709436,0.20374334985675488,0.20388021505109674,0.20402704864036383,0.204184595085094,0.20435365720749893,0.2045351011844414,0.2047298620354347,0.20493894966649856,0.20516345553737889,0.20540456002416196,0.20566354055102204,0.20594178056611986,0.2062407794459805,0.20656216344506567,0.2069076978757437,0.20727930079552886,0.207679058525553,0.20810924321936106,0.20857233243208567,0.2090710305114803,0.20960829220334884,0.21018735005901137,0.21081174726959973,0.21148537477336748,0.2122125098250047,0.21299785954460987,0.21384661768955496,0.21476452800538945,0.21575794560332687,0.2168339206348714,0.21800029640167629,0.21926580046686722,0.22064018198569413,0.22213433830388163,0.22376048463072964,0.22553232940639867,0.22746529443123967,0.22957673816057755,0.23188623982839648,0.23441588879513287,0.237190612972915,0.24023853853346833,0.24359136132541412,0.2472847223797599,0.25135856750596197,0.2558574598154184,0.2608308081787443,0.2663329769837869,0.2724232482871767,0.2791656528348733,0.28662888734960634,0.2948866831474346,0.3040198247752458,0.3141220763672146,0.3253148983080872,0.33778060742473487,0.3518328079309104,0.368059759979192,0.38760478140940263,0.4126885090887706,0.4475084735530427,0.49959295429366235,0.5814060176997463,0.7115821748454836,0.9152558002562137,1.2236578739602728,1.6722167360230407,2.2885460422642425,2.9208609685494893,2.2930671814519834,1.5539401947588447,0.9990703539356468,0.6489104871891107,0.46817797872652356,0.3826280232339262,0.3277772895314283,0.2797646941322985,0.2381823345256024,0.2054494631152814,0.17992939404727123,0.1587672866361735,0.1407213578926866,0.12540524988754048,0.11231007174699904,0.10097943496055832,0.09111986276909352,0.08249156525528781,0.07489754324797952,0.06818082094671327,0.06221200765119019,0.05688453834633393,0.052110090846561895,0.04781522661397854,0.043938684371756076,0.04042916550735214,0.037243493105024665,0.03434508421133079,0.0317026738286083,0.029289371674176574,0.02708175539868359,0.02505934004612854,0.023204091446392506,0.021499957454828952,0.01993274163279039,0.018489687190418956,0.017159162179125886,0.015931240508746548,0.014796645284330626,0.013747151360469919,0.0127755695845204,0.011876251316862317,0.011043303669570697,0.01027201381165489,0.0095571317624507,0.008895687041428247,0.008282359618910566,0.007712353268300779,0.007181773441374108,0.006687620194715407,0.006229494885690784,0.0058070079811208255,0.005411371236263636,0.005041233890857716,0.004703019367053044,0.00437864796810773,0.004089276490821946,0.003808716621499117,0.003550542019304245,0.0033201761282667585,0.0030886838457910835,0.002875553427301639,0.0026960201003551156,0.002520714264774111,0.0023456983323080975,0.0021758331395643673,0.002023094933669548,0.0018933194468474764,0.0017799294432408654,0.0016727505020811295,0.0015690108158329464,0.0014691561166012583,0.001374246410652548,0.0012847761654351752,0.001200697395099903,0.0011217164689175357,0.0010476925630045588,0.0009788898388979881,0.0009157758841326801,0.0008581401187816865,0.0008039065617530738,0.0007512129569322505,0.0006944784738946216,0.0006397834742245099,0.0006029712890088361,0.0005765172603085587,0.0005438131751491947,0.0005101209934157436,0.000483102591227893,0.0004448376786204434,0.00042822074124256753,0.0004063687565806231,0.00037996202292282907,0.00035947157484704826,0.0003457957473753771,0.00032112048064824336,0.0003155379621339208,0.00029570167175452396,0.00028733121978800246,0.0002773005340013803,0.00026332831810200135
870.3591361485156,0.19521917912524608,0.19523498433993747,0.19525191652806959,0.19527005628842622,0.19528949001969642,0.19531031034310994,0.19533261655664957,0.19535651512331512,0.19538212019612344,0.1954095541827611,0.19543894835305906,0.1954704434927384,0.1955041906071832,0.19554035167933462,0.1955791004861758,0.1956206234786894,0.1956651207306288,0.19571280696195245,0.19576391264333404,0.19581868518879172,0.19587739024417633,0.19594031308004023,0.1960077600982768,0.19608006046289275,0.19615756786635954,0.196240662444205,0.19632975285186624,0.19642527851935537,0.1965277121010199,0.19663756213965528,0.1967553759665106,0.19688174286140991,0.19701729750040664,0.1971627237222432,0.19731875864951565,0.19748619720588886,0.19766589707677673,0.19785878416704838,0.19806585861458015,0.19828820142180584,0.1985269817688216,0.19878346507417358,0.19905902188160954,0.19935513768566246,0.19967342387360962,0.2000156300368895,0.2003836579252125,0.20077957719634126,0.20120564288248804,0.20166431446413957,0.20215827706433964,0.20269046628398077,0.20326409788977873,0.2038827009418471,0.20455015223445883,0.20527071623039875,0.2060490971966629,0.20689049591512457,0.20780066593985813,0.2087859923981679,0.20985358096677645,0.21101134428314944,0.2122681321553649,0.21363385047005962,0.21511962799169923,0.2167379852526763,0.21850305624513408,0.22043081463101033,0.22253936700238958,0.22484926432188276,0.22738386177800224,0.23016972884285108,0.23323709487490338,0.23662032713550268,0.24035842698179563,0.24449551608805864,0.24908127191787743,0.2541712591139889,0.2598270805804364,0.266116272294128,0.2731119535482919,0.2808922425060014,0.2895399433232442,0.2991435384926594,0.30980212084789915,0.32163991364741196,0.3348421553888907,0.3497361702631264,0.36696410099498095,0.3878337195311469,0.4149905943862863,0.45359413304960844,0.5130692873070406,0.609052632252731,0.7646069099541445,1.0101808745492318,1.3826211212580313,1.9205421359915311,2.6287685651572743,2.680685177297773,1.8726139421842345,1.2099638109298498,0.7645758904590222,0.5196174088989284,0.4062824185911317,0.34428538174342865,0.2936925188737244,0.24898797293043126,0.21319273237908426,0.18567102138265598,0.16329637904059538,0.14431657173335524,0.1282497713436106,0.11459094539636859,0.10282503080535663,0.09262068693525863,0.08371972115502799,0.07590796075964273,0.06901621739975002,0.06290593192836016,0.057463449505963105,0.052594990730958385,0.04822286719049687,0.04428249949890056,0.04071998974911121,0.03749012087117933,0.03455468577813319,0.03188116972818679,0.02944162364712818,0.027211839385266296,0.0251706440073979,0.02329941782248033,0.021581763867568615,0.020002998689930798,0.0185500082158753,0.017211293954187464,0.015976011165113015,0.01483525261192142,0.013780527169074665,0.012804472118460784,0.011901100009669072,0.011065087390483584,0.010290240409640465,0.009573782304060852,0.008910363172078797,0.008294570835961206,0.007722631482389627,0.007191180219260175,0.006697519749155538,0.006238799596234578,0.0058108369851494306,0.005414690019810746,0.0050499298325912614,0.004701402027867361,0.004388058567976028,0.004085057931460656,0.003817139948720776,0.0035505664708027334,0.0033169376011369287,0.003099297504931334,0.002879750472130416,0.0026841305672374366,0.0025187467181571445,0.002355354322377029,0.0021909083254670583,0.002031232712065818,0.0018860220562783975,0.0017619663812654595,0.0016556285002124597,0.0015572701199946233,0.0014627822138733664,0.0013716895603024437,0.0012843753772680997,0.0012014404223961704,0.0011231968070621737,0.001049792805520603,0.0009813362671184792,0.0009176467001804777,0.0008579216779022511,0.0008010730622641225,0.0007432322846946471,0.0006852791950110766,0.0006390668238622206,0.0006086002045916233,0.0005796747847360383,0.0005410343593573727,0.000514590151951051,0.00047876659463351955,0.00044618532538907304,0.00042968870040639294,0.00040820488307626035,0.000377368339198611,0.0003618782299872027,0.00034741447929039306,0.0003214093651820234,0.0003134402489297253,0.0002974740608611026,0.0002864207208096377,0.00027667122594691193,0.00026306439151965646
901.1018251665018,0.18863803613153693,0.1886527076413425,0.18866842503295592,0.18868526306819308,0.18870330188322387,0.18872262737938558,0.18874333164307744,0.18876551339699726,0.18878927848517235,0.18881474039444454,0.1888420208152983,0.1888712502451703,0.18890256863765661,0.18893612610133412,0.18897208365225102,0.18901061402450786,0.189051902543761,0.18909614806893338,0.18914356400791899,0.18919437941362713,0.189248840167333,0.18930721025699332,0.18936977315895712,0.189436833332362,0.18950871783646492,0.1895857780822279,0.18966839173067293,0.18975696475185544,0.1898519336598043,0.1899537679404656,0.19006297269162098,0.19018009149599988,0.19030570955147574,0.19044045708548502,0.19058501308480016,0.19074010937667055,0.19090653510310437,0.19108514163633583,0.1912768479894026,0.19148264677981974,0.1917036108053449,0.19194090028966854,0.19219577085860629,0.1924695823272911,0.19276380843149468,0.19308004771987688,0.19342003588905746,0.19378565978809661,0.19417897308731205,0.19460221340376435,0.19505782102488792,0.19554846044300578,0.19607704635489942,0.19664677365562955,0.1972611487092377,0.19792402370463416,0.19863964185082175,0.19941269009495668,0.20024834953773885,0.20115236255722854,0.20213111700048925,0.20319172308889547,0.2043421296092604,0.20559123892254397,0.2069490544158349,0.208426847114034,0.2100373591284702,0.21179502808286407,0.21371627392979242,0.21581981042100257,0.2181270201926831,0.22066239023980944,0.22345400398863882,0.22653409591536477,0.2299396628405385,0.2337131143260324,0.23790293096121568,0.2425642819902026,0.2477595218765114,0.25355844341587985,0.2600382092701424,0.2672827702915962,0.275381854764503,0.2844297706046094,0.29452516992911854,0.30577463648928604,0.31830673855353164,0.3323110681323741,0.3481325823043174,0.366482822432735,0.38888509320466985,0.418551253180605,0.46193274851865573,0.5309794893724618,0.6454184312718958,0.8337491269230578,1.1326297220045243,1.5847486231018135,2.2270294843014415,2.9186499120030662,2.248816685142916,1.4765518085319342,0.9212414612050206,0.5933209179670396,0.4373242732284628,0.36272116520057407,0.30892475380925133,0.2611615617183601,0.22196465825613837,0.1920279719082165,0.16823884865477637,0.1482331812973524,0.13133490976821216,0.11705027546386375,0.10480768290620918,0.09422748420332734,0.08503042732343347,0.07698333955588357,0.06990310723582717,0.06364098326589464,0.05807543734115516,0.053106669403736956,0.04865232242590529,0.044644187252199846,0.04102553282246474,0.037748924224440504,0.03477440731482452,0.032068095858589246,0.02960092877474511,0.027347836470011246,0.02528692122475354,0.02339896894595278,0.021667147349366027,0.02007628890606487,0.018613075142443702,0.017265439994458547,0.01602280583364955,0.01487545218910302,0.01381522398599366,0.012834506487520927,0.011927003203885867,0.011087529635266224,0.010309611609374568,0.009590925492833193,0.008924150667457647,0.008306063956086764,0.007732710868524816,0.007199581432696603,0.006703549159507653,0.006243303799688507,0.005818284881866534,0.005423272936343312,0.005049996358280127,0.0047093066131943745,0.004389051738213016,0.0040921115355445565,0.003814289547625349,0.003561426374417056,0.0033110970040110188,0.003099029176985971,0.0028924006813793664,0.00268503809955441,0.002505551129041103,0.0023537722297589858,0.002201040532033998,0.0020475545575755747,0.0018970735441793056,0.0017592579648169364,0.0016394712155330723,0.001537272727912055,0.0014458666036006773,0.0013592961694048884,0.0012759258687183254,0.0011958619572978594,0.0011194279162239104,0.0010468863587206952,0.000978405294603823,0.0009139231757197422,0.0008524573159257418,0.0007918574228731367,0.0007324761018688462,0.0006811171402327074,0.0006437137481397954,0.0006131843000474369,0.0005794876374387634,0.0005410988763777821,0.0005152432271786886,0.00047474175482181485,0.0004492882433889497,0.0004299194352290309,0.00040875504269908316,0.0003761036813498786,0.0003638699437271278,0.0003472390835880697,0.000325165026619279,0.00031193306803196187,0.00029896893920482,0.00028401011096528396,0.0002753595652111107,0.00026281700710850637
932.9304026284686,0.18229991790092107,0.18231359401664277,0.18232824483704343,0.18234394000372753,0.18236075415980313,0.1823787673128762,0.18239806522495067,0.18241873983131196,0.18244088969064295,0.1824646204688107,0.1824900454589678,0.18251728614083906,0.18254647278231156,0.18257774508671884,0.18261125288951036,0.18264715690832786,0.18268562955087472,0.18272685578536993,0.18277103407882372,0.18281837740887164,0.18286911435545422,0.18292349027924812,0.18298176859444062,0.18304423214421006,0.183111184688132,0.1831829525116936,0.18325988616916863,0.18334236237229937,0.1834307860385543,0.1835255925141961,0.1836272499890118,0.18373626212136226,0.18385317089424574,0.18397855972546326,0.18411305685790058,0.18425733905970457,0.18441213566909104,0.18457823302496285,0.18475647933232398,0.18494779001959966,0.18515315365098162,0.18537363845740856,0.18561039954293798,0.1858646868145429,0.18613785369203611,0.1864313667112052,0.18674681624978645,0.1870859287191295,0.18745058050848418,0.1878428136259657,0.18826485265495538,0.1887191231571253,0.18920827315185318,0.1897351994968503,0.1903030776221102,0.19091539158782014,0.19157596948905176,0.19228903121216764,0.19305923761781138,0.1938917416201944,0.19479226439579556,0.19576716943084352,0.19682355207764612,0.19796935763239795,0.19921349690604773,0.20056601285312017,0.20203824916657898,0.20364307338167237,0.2053951340662479,0.20731115973786696,0.209410328567566,0.21171469842352167,0.21424971190154254,0.21704478827919838,0.2201340050179481,0.2235568662692072,0.22735914429590232,0.23159376232420284,0.23632166417397396,0.2416125490264983,0.24754534873559117,0.2542082284871894,0.26169790792096725,0.270118134578429,0.27957751542158826,0.2901877486161298,0.30206541813190935,0.31534525817224884,0.33022285574387644,0.34706614466110014,0.36667775736635966,0.39086918655699804,0.42362053246115294,0.4731411350454657,0.5547547763734745,0.693416762432301,0.9241872062214254,1.290772565753346,1.840768633190988,2.590541761621106,2.664377724537206,1.8063478926214467,1.1288997416766267,0.6986276571774617,0.4808017824418585,0.3842543325668685,0.325535236677543,0.2748034696998274,0.2319579162856571,0.19912960048402045,0.17365166995872977,0.15250883960294356,0.13469093322633233,0.11970842808652109,0.1069416542469012,0.09595080135952484,0.08643139833430337,0.07812942743951745,0.07084581520232427,0.06442044674552203,0.05872302082190652,0.05364707559081996,0.04910511291528006,0.04502494396107372,0.041346743405181,0.03802066127158989,0.035004860951902333,0.03226396088246344,0.029767718640065596,0.02749007135840301,0.025408438663572758,0.023502946488960584,0.021756204661121548,0.02015264926846458,0.018678628811644022,0.017321877943794257,0.016071497404464806,0.014917465256807753,0.013851362206155408,0.012865737589404186,0.011953988339886519,0.011110772593613885,0.010330072941224117,0.009608016582198273,0.008938864426206694,0.008320144187968672,0.007745481971158178,0.007211066909504288,0.006714426069976657,0.006253250303468824,0.005824104954220432,0.005424726818605175,0.005058130527920711,0.004713815288827909,0.004389784087133234,0.004098698422345903,0.0038142728495771244,0.003562949692923051,0.003321412196757112,0.0030893635968846627,0.002895350064826393,0.0026989123987059918,0.0025029769079014373,0.002339511718959768,0.0021995288478707923,0.0020576578786097566,0.001914474979736776,0.0017733339609856107,0.001642735964042178,0.001526777757756478,0.0014266890724084986,0.001338800471509785,0.0012579542333281844,0.0011810223294054021,0.0011071072188487679,0.0010361966289003915,0.0009683151350289539,0.0009031461961057012,0.0008401403064829021,0.0007801416497009282,0.0007267011548813173,0.0006839085932887433,0.0006497591069469645,0.0006169048802344465,0.0005769708804215599,0.0005455012106665929,0.000511314881808223,0.0004717623636382675,0.00045244436198749893,0.0004295654118414294,0.00040640336650842566,0.00037623843095075277,0.0003640903380245237,0.0003450569429590393,0.00032993377771915847,0.00031149571264415187,0.0002998690497241038,0.00028273933209934185,0.0002738411792191297,0.00026311018505773616
965.8832241158699,0.17617147265599575,0.1761842677674772,0.17619797462486647,0.17621265834647293,0.17622838872357346,0.17624524055901986,0.17626329403086408,0.17628263508292313,0.17630335584435833,0.17632555508052034,0.1763493386774961,0.17637482016300063,0.1764021212664818,0.17643137252155244,0.17646271391413504,0.17649629558000227,0.1765322785557233,0.17657083558738834,0.1766121520018805,0.1766564266459066,0.17670387289848752,0.17675471976315116,0.17680921304667785,0.17686761663192627,0.17693021385302746,0.17699730898209284,0.1770692288375505,0.17714632452532006,0.17722897332527998,0.17731758073687914,0.1774125826993142,0.17751444800341684,0.1776236809142587,0.1777408240254386,0.17786646136803885,0.17800122179934924,0.17814578269885817,0.17830087400222372,0.17846728260893965,0.1786458572075335,0.17883751357436378,0.17904324041740796,0.1792641058495163,0.17950126457589058,0.17975596585774972,0.18002956227524716,0.18032351930492949,0.18063942583249606,0.18097900596544533,0.18134413269152003,0.18173684363024162,0.18215935832592303,0.18261409646667304,0.18310369845804875,0.18363105139356678,0.18419931935478762,0.1848119731363523,0.18547282493737638,0.18618607684902017,0.18695636839891178,0.18778882908156694,0.18868915644300155,0.1896636847968248,0.19071948725677876,0.19186448184486105,0.19310756854696845,0.19445878191255087,0.19592949093951187,0.19753261735478517,0.19928291968393466,0.20119732726068343,0.2032953406567937,0.20559951938048332,0.20813606675735455,0.21093552585982872,0.21403359976485684,0.21747210199058367,0.22130002733966012,0.2255747161603377,0.23036305527850243,0.23574255457767085,0.2418021669506256,0.24864249009352163,0.2563750537057898,0.2651203238476386,0.2750043979296962,0.28615534181442903,0.2987026308392175,0.31278917457653405,0.3286185331685233,0.3465888961586378,0.3676250443590797,0.3939318267440332,0.43054986312028826,0.4881064327644203,0.5864292746267328,0.7570594719567597,1.0428016768857398,1.494925151071632,2.1614102055088424,2.915364116770986,2.202450324235672,1.397914273104148,0.8464499416729439,0.5443349584882171,0.4112427449489988,0.343764037125002,0.2899728749371786,0.24337290813858595,0.2071431985559853,0.17960967732191271,0.15718608774906853,0.13835266243513364,0.12258926714401552,0.10924320095739862,0.0978025959405282,0.08793133304170211,0.07935265671471628,0.07184915568898305,0.06524795954215273,0.059408975517467495,0.05421834686007197,0.049582899564578106,0.045426071204504787,0.04168465041422402,0.0383061518077612,0.035246694782823856,0.032469266574231076,0.029942359220038035,0.027638930018103722,0.025535482281009138,0.023611571426786566,0.02184918193822605,0.020232429090270104,0.018747180056845555,0.017380799226940087,0.016122005049097818,0.014961259207766697,0.013889114611372898,0.012898269211965348,0.011982089460154333,0.011134948116699486,0.01035126864042117,0.009625652840188874,0.008955255680112193,0.008333858133031297,0.007756116311105868,0.007219415666170491,0.006720937808874189,0.006258622487232359,0.00583102257451637,0.0054346501755761206,0.005062183598552468,0.00471431809992023,0.00439947557779625,0.004094451439189113,0.003824982563816612,0.003556417242943624,0.00332812154833352,0.0030957244522350903,0.0028848746541429086,0.002705170673841817,0.0025172839678773242,0.0023335915830545798,0.002184216963418272,0.0020558466774294546,0.0019238999438387003,0.0017913460712908659,0.0016594267725047792,0.001536366130209646,0.0014250869776739458,0.0013268155496484392,0.001240045631576992,0.0011614782095929492,0.00108821381358198,0.0010186227417387941,0.0009520727914461604,0.000888627926148578,0.0008290346347866866,0.0007750874790822594,0.0007291579716553101,0.000690582239785859,0.0006550738450576233,0.0006164710674607572,0.0005769853827795664,0.0005474240155486764,0.000506135475144319,0.000473147997080408,0.00045498860960993905,0.00043142132874927035,0.00040198001136305977,0.00037746142518150843,0.00036330211525178796,0.00034166872310000093,0.0003329904693425728,0.00031107202934425193,0.00030020872186814224,0.00028388212561150796,0.0002724841940534586,0.0002641998214721271
1000.0,0.1702270448233773,0.17023904633546622,0.17025190292915668,0.17026567565864587,0.1702804299569021,0.17029623595257204,0.17031316881024594,0.17033130909586564,0.17035074316920387,0.1703715636055033,0.17039386964853565,0.17041776769753172,0.17044337183063865,0.17047080436778828,0.17050019647610945,0.17053168882128902,0.17056543226858734,0.17060158863754438,0.1706403315147757,0.17068184712966009,0.1707263352981625,0.1707740104405263,0.17082510267910844,0.1708798590232302,0.17093854464857683,0.1710014442794133,0.17106886368269802,0.1711411312840857,0.17121859991683397,0.17130164871579304,0.17139068517000203,0.1714861473489968,0.1715885063198153,0.17169826877394273,0.17181597988610448,0.17194222642985335,0.17207764017809174,0.17222290161958131,0.17237874402448228,0.17254595789255092,0.17272539581733956,0.17291797780145587,0.17312469706781308,0.17334662643742063,0.17358492538662454,0.17384084793597937,0.17411575151111833,0.17441110680904431,0.17472850855747848,0.1750696871106673,0.17543652132296322,0.17583105371856142,0.17625550843855856,0.17671231061902604,0.17720410611866094,0.17773378515167382,0.17830451335265224,0.1789197636373414,0.17958334797333642,0.18029946479446382,0.18107274886813315,0.18190832137785604,0.18281186844677422,0.18378970884580678,0.18484889906620808,0.18599733503321098,0.18724389812276035,0.18859860536287365,0.19007281585350372,0.19167946641394465,0.19343336107040504,0.19535153216648526,0.19745367942595826,0.19976270780856464,0.2023053867755925,0.20511315302433106,0.20822307917264335,0.21167902777531034,0.21553298978400692,0.21984658681232636,0.22469269283676865,0.23015698489718378,0.2363392340824377,0.24335390143971686,0.25132951829051103,0.26040625376934123,0.2707313231891412,0.2824529825977316,0.295716894966789,0.31067632201942985,0.32754511294742455,0.3467620221997785,0.3694193547480131,0.3982702552554721,0.43984400703011045,0.5081194608888109,0.6288950454102796,0.8418345036727598,1.1986236280833753,1.7575157588471524,2.548577846486701,2.6473946720933514,1.7378776654598962,1.0488302312154985,0.6383141496066584,0.4480510285173088,0.3642819583857051,0.3067001392760591,0.2563959566733683,0.216277380002318,0.18621438743174387,0.16231425445106304,0.1423598002456798,0.12572093605050033,0.11173098354370242,0.09979645948125253,0.08954007975668846,0.08066024841874496,0.07291850377873971,0.06612755955434038,0.06013636691511841,0.0548228327478696,0.05008750002828057,0.04584898754813282,0.042040369453787654,0.03860628817634541,0.035500615774676586,0.03268460206821154,0.030125373778431414,0.027794745549572848,0.025668381269264483,0.02372509409928585,0.02194630478158381,0.020315681420308613,0.018818534755741183,0.017442088629263885,0.016174931578362115,0.015006604745690036,0.013928493111108067,0.012932222426438962,0.012011367606428573,0.011160141962788223,0.010373141780764561,0.009644371833765226,0.008971806852881287,0.008346944069348083,0.007768072111325825,0.007231194110106472,0.006732038930718538,0.006268362197580363,0.0058375167190960215,0.005436533979686353,0.005066482631323531,0.00472415086209497,0.004397640076250662,0.004103026174155646,0.0038237195712169988,0.0035663275151821107,0.0033205906390841255,0.0031070998548919245,0.0028846434311106386,0.0026963057261178815,0.0025268737761159274,0.00234781464033944,0.0021753134951307458,0.002039327911188868,0.0019213752229396406,0.0017993783412162906,0.0016771066843758137,0.0015547374115056879,0.001439739765264406,0.001334490595502594,0.0012398682629186297,0.0011550146641379781,0.0010783202247697835,0.001008019967900052,0.0009429330254535663,0.00088279057812446,0.0008280730904884834,0.000779471185211464,0.0007363044113349398,0.0006968828353102925,0.000657069656836102,0.0006146744799153962,0.0005811647311500399,0.0005434759928777491,0.0005017971289548184,0.0004771155774683051,0.0004563154404758263,0.00043279415562127375,0.000398276624474092,0.00038014066551572456,0.0003646464482402715,0.0003382295962812794,0.00033332127114208624,0.0003096916299238147,0.0003000975151073129,0.0002857608095371113,0.0002724835322181917,0.00026523598374080567
