,3.1622776601683795,3.3128518914872367,3.4705958281810667,3.6358508611685774,3.8089746369540705,3.990341831649379,4.180344961851454,4.379395234130494,4.587923434967088,4.806380863064391,5.035240306053041,5.274997063702618,5.52617001985409,5.78930276539312,6.064964774694602,6.353752638084484,6.656291352986197,6.97323567654597,7.305271542664454,7.653117546501339,8.017526499665793,8.399287059458466,8.79922543569107,9.218207178777469,9.657139052966048,10.116970998767501,10.59869818882502,11.103363181676379,11.63205817806895,12.185927384710878,12.766169490574075,13.374040261108215,14.010855255980173,14.677992676220699,15.37689634694013,16.109078842068335,16.876124757881477,17.6796941424003,18.521526088081725,19.403442495579156,20.32735201671713,21.29525418521362,22.309243744089834,23.371515179132786,24.484367468222267,25.650209056800456,26.871563070252297,28.151072774477313,29.491507296470683,30.895767617294034,32.36689285040603,33.90806681894055,35.522624946166644,37.21406147404329,38.98603702549074,40.842386526745216,42.78712750694267,44.82446879289311,46.95881961786354,49.194799164082205,51.53724655961634,53.99123135125905,56.56206447609019,59.25530975545681,62.07679593624764,65.03262930552246,68.12920690579615,71.37323037957844,74.77172047313228,78.33203223083885,82.06187091305455,85.96930867190792,90.06280202112787,94.35121013771044,98.84381403503335,103.55033664891319,108.48096388007433,113.64636663857242,119.05772393787845,124.72674708860454,130.6657050442346,136.8874509537082,143.40544997832723,150.23380843318594,157.38730431619044,164.8814192907418,172.73237219129888,180.9571541243322,189.57356524063755,198.60025325859138,208.05675382171717,217.96353277791204,228.3420304718274,239.21470814626386,250.60509655300825,262.5378468783065,275.0387840931946,288.13496284414623,301.8547260049924,316.22776601683796
7.943282347242789e+45,10.547568377506948,10.547568377499916,10.547568377552599,10.547568377496251,10.547568377516393,10.547568377521342,10.547568377521303,10.547568377499335,10.547568377520346,10.547568377520816,10.547568377506337,10.54756837751491,10.5475683775107,10.5475683775087,10.547568377509549,10.547568377515342,10.547568377519166,10.547568377517539,10.54756837751376,10.547568377511775,10.54756837751283,10.547568377511466,10.547568377511803,10.54756837751475,10.547568377514795,10.547568377513429,10.547568377514054,10.547568377511903,10.547568377511713,10.547568377514166,10.547568377513644,10.547568377513691,10.5475683775126,10.547568377512121,10.547568377512981,10.547568377512524,10.547568377513473,10.547568377512883,10.547568377512446,10.547568377512793,10.54756837751311,10.547568377512988,10.547568377512887,10.547568377512942,10.547568377512869,10.547568377512409,10.54756837751288,10.547568377512846,10.54756837751254,10.547568377512809,10.547568377512489,10.547568377512658,10.547568377512464,10.547568377512684,10.5475683775127,10.547568377512661,10.547568377512665,10.547568377512652,10.547568377512562,10.547568377512562,10.547568377512533,10.547568377512537,10.547568377512468,10.547568377512524,10.547568377512606,10.547568377512587,10.547568377512583,10.547568377512523,10.547568377512594,10.547568377512436,10.547568377512594,10.547568377512505,10.547568377512558,10.54756837751252,10.547568377512368,10.547568377512496,10.547568377513073,10.547568377514235,10.547568377512688,10.547568377508796,10.547568377511507,10.547568377515702,10.547568377514036,10.547568377510041,10.547568377510519,10.547568377514299,10.54756837751482,10.547568377511224,10.547568377509945,10.547568377513112,10.547568377515345,10.547568377513766,10.547568377509192,10.547568377512619,10.547568377514725,10.547568377513905,10.547568377510336,10.547568377510276,10.547568377514903,10.547568377513786
1.0046625229479902e+46,10.547568377507837,10.54756837749873,10.547568377565176,10.547568377493729,10.547568377519049,10.547568377525161,10.547568377524982,10.547568377497077,10.547568377523541,10.547568377524037,10.547568377505636,10.547568377516395,10.547568377510995,10.547568377508394,10.547568377509407,10.547568377516678,10.547568377521461,10.547568377519358,10.547568377514535,10.547568377511984,10.547568377513283,10.547568377511524,10.547568377511924,10.547568377515622,10.547568377515653,10.547568377513903,10.547568377514674,10.547568377511936,10.547568377511677,10.547568377514764,10.54756837751409,10.547568377514137,10.547568377512746,10.54756837751213,10.547568377513207,10.547568377512622,10.547568377513812,10.547568377513059,10.5475683775125,10.547568377512931,10.547568377513329,10.547568377513167,10.547568377513036,10.547568377513102,10.547568377513004,10.54756837751242,10.547568377513013,10.547568377512965,10.547568377512578,10.547568377512915,10.547568377512508,10.547568377512718,10.547568377512473,10.547568377512748,10.547568377512768,10.547568377512718,10.54756837751272,10.547568377512702,10.547568377512587,10.547568377512587,10.54756837751255,10.547568377512555,10.547568377512466,10.547568377512537,10.54756837751264,10.547568377512615,10.547568377512608,10.547568377512533,10.547568377512622,10.54756837751242,10.547568377512622,10.547568377512508,10.547568377512574,10.547568377512528,10.547568377512333,10.547568377512496,10.547568377513226,10.547568377514695,10.547568377512738,10.547568377507817,10.547568377511242,10.54756837751655,10.547568377514441,10.54756837750939,10.547568377509995,10.547568377514775,10.547568377515432,10.547568377510887,10.547568377509268,10.547568377513274,10.547568377516097,10.547568377514102,10.547568377508316,10.547568377512649,10.547568377515313,10.547568377514274,10.54756837750976,10.547568377509686,10.547568377515539,10.547568377514125
1.2706923169696899e+46,10.547568377510375,10.547568377498514,10.547568377582257,10.54756837749161,10.547568377523383,10.547568377530881,10.547568377530444,10.54756837749496,10.547568377528256,10.547568377528727,10.547568377505305,10.54756837751878,10.54756837751183,10.547568377508433,10.547568377509613,10.547568377518717,10.547568377524684,10.54756837752195,10.54756837751578,10.54756837751249,10.547568377514075,10.547568377511801,10.547568377512256,10.547568377516892,10.54756837751689,10.547568377514642,10.547568377515583,10.547568377512091,10.547568377511736,10.547568377515617,10.547568377514741,10.54756837751478,10.547568377513004,10.547568377512205,10.547568377513551,10.5475683775128,10.54756837751429,10.547568377513327,10.547568377512606,10.547568377513146,10.547568377513638,10.547568377513427,10.547568377513253,10.547568377513329,10.547568377513201,10.547568377512453,10.5475683775132,10.547568377513135,10.54756837751264,10.547568377513063,10.547568377512544,10.547568377512807,10.547568377512494,10.54756837751284,10.547568377512862,10.547568377512796,10.547568377512798,10.547568377512773,10.547568377512626,10.547568377512622,10.547568377512576,10.547568377512581,10.547568377512466,10.547568377512555,10.547568377512686,10.547568377512652,10.547568377512645,10.547568377512547,10.547568377512661,10.547568377512405,10.547568377512658,10.547568377512514,10.547568377512599,10.547568377512537,10.547568377512292,10.547568377512498,10.54756837751342,10.547568377515278,10.547568377512802,10.547568377506577,10.54756837751091,10.547568377517624,10.547568377514956,10.547568377508567,10.54756837750933,10.547568377515377,10.547568377516209,10.54756837751046,10.54756837750841,10.54756837751348,10.547568377517049,10.547568377514525,10.547568377507206,10.547568377512688,10.547568377516058,10.547568377514743,10.547568377509036,10.547568377508941,10.547568377516342,10.547568377514553
1.6071655182955006e+46,10.54756837751585,10.547568377500305,10.547568377605742,10.547568377490638,10.547568377530428,10.547568377539532,10.547568377538648,10.547568377493459,10.547568377535296,10.547568377535635,10.547568377505781,10.54756837752261,10.547568377513628,10.547568377509158,10.547568377510487,10.547568377521857,10.547568377529272,10.54756837752569,10.547568377517777,10.547568377513517,10.54756837751543,10.547568377512471,10.54756837751297,10.547568377518765,10.547568377518699,10.547568377515798,10.547568377516935,10.547568377512471,10.547568377511979,10.547568377516848,10.547568377515704,10.54756837751572,10.547568377513443,10.547568377512405,10.547568377514084,10.547568377513109,10.547568377514976,10.547568377513738,10.54756837751281,10.547568377513475,10.547568377514084,10.547568377513803,10.54756837751357,10.547568377513658,10.547568377513485,10.547568377512532,10.547568377513466,10.547568377513379,10.547568377512745,10.547568377513276,10.547568377512613,10.54756837751294,10.547568377512539,10.547568377512974,10.547568377512999,10.547568377512912,10.547568377512908,10.547568377512874,10.547568377512684,10.547568377512679,10.547568377512617,10.547568377512622,10.547568377512475,10.547568377512588,10.54756837751275,10.547568377512706,10.547568377512695,10.54756837751257,10.547568377512713,10.547568377512388,10.547568377512707,10.547568377512524,10.547568377512631,10.547568377512553,10.547568377512242,10.5475683775125,10.547568377513668,10.547568377516019,10.547568377512885,10.547568377505012,10.547568377510492,10.547568377518981,10.547568377515608,10.547568377507528,10.547568377508492,10.547568377516143,10.547568377517193,10.54756837750992,10.547568377507329,10.547568377513738,10.547568377518253,10.547568377515061,10.547568377505806,10.547568377512738,10.547568377516999,10.547568377515336,10.547568377508117,10.547568377507998,10.547568377517358,10.547568377515097
2.03273520167172e+46,10.547568377526396,10.547568377505861,10.547568377638452,10.547568377492144,10.547568377541836,10.547568377552746,10.547568377551093,10.547568377493446,10.547568377545918,10.547568377545941,10.547568377507812,10.547568377528755,10.54756837751709,10.547568377511153,10.547568377512578,10.547568377526725,10.547568377535892,10.547568377531169,10.547568377520983,10.547568377515434,10.547568377517706,10.547568377513832,10.54756837751434,10.547568377521557,10.547568377521376,10.547568377517615,10.547568377518969,10.547568377513244,10.547568377512555,10.54756837751865,10.547568377517145,10.547568377517113,10.547568377514184,10.547568377512828,10.54756837751491,10.547568377513642,10.54756837751597,10.547568377514374,10.547568377513175,10.547568377513988,10.547568377514736,10.54756837751436,10.547568377514049,10.54756837751414,10.547568377513905,10.547568377512686,10.547568377513855,10.547568377513732,10.547568377512919,10.547568377513581,10.547568377512734,10.547568377513139,10.547568377512626,10.547568377513167,10.547568377513192,10.547568377513077,10.547568377513068,10.547568377513022,10.547568377512777,10.547568377512766,10.547568377512684,10.547568377512686,10.547568377512498,10.547568377512636,10.54756837751284,10.547568377512782,10.547568377512766,10.547568377512608,10.547568377512784,10.547568377512373,10.547568377512777,10.547568377512544,10.547568377512675,10.547568377512578,10.547568377512182,10.547568377512508,10.547568377513985,10.547568377516955,10.547568377512993,10.547568377503035,10.547568377509965,10.547568377520703,10.547568377516434,10.547568377506213,10.547568377507435,10.54756837751711,10.547568377518438,10.547568377509238,10.547568377505963,10.547568377514068,10.547568377519777,10.547568377515741,10.547568377504032,10.547568377512802,10.547568377518191,10.547568377516088,10.547568377506957,10.547568377506805,10.547568377518644,10.547568377515784
2.570993686137292e+46,10.547568377545527,10.547568377518159,10.547568377684634,10.547568377498425,10.547568377560255,10.547568377573093,10.547568377570146,10.54756837749645,10.547568377562104,10.547568377561484,10.547568377512665,10.547568377538607,10.54756837752336,10.547568377515406,10.547568377516797,10.547568377534317,10.547568377545572,10.547568377539287,10.547568377526122,10.547568377518848,10.547568377521486,10.547568377516374,10.547568377516823,10.54756837752577,10.54756837752538,10.547568377520477,10.547568377522056,10.547568377514693,10.54756837751371,10.547568377521317,10.54756837751932,10.547568377519196,10.547568377515416,10.547568377513631,10.5475683775162,10.547568377514539,10.54756837751743,10.547568377515363,10.547568377513802,10.547568377514793,10.547568377515702,10.547568377515192,10.547568377514768,10.547568377514855,10.547568377514535,10.547568377512968,10.547568377514425,10.547568377514251,10.547568377513207,10.547568377514027,10.547568377512944,10.547568377513443,10.547568377512782,10.547568377513455,10.547568377513477,10.54756837751332,10.547568377513302,10.547568377513235,10.547568377512919,10.5475683775129,10.547568377512789,10.547568377512787,10.547568377512544,10.547568377512714,10.547568377512968,10.547568377512892,10.547568377512867,10.547568377512665,10.547568377512887,10.547568377512363,10.54756837751287,10.547568377512576,10.54756837751274,10.547568377512613,10.547568377512114,10.547568377512524,10.54756837751439,10.547568377518145,10.547568377513132,10.547568377500538,10.5475683775093,10.547568377522882,10.547568377517484,10.547568377504554,10.547568377506098,10.547568377518335,10.547568377520014,10.547568377508378,10.547568377504232,10.547568377514486,10.547568377521706,10.547568377516601,10.547568377501792,10.547568377512881,10.5475683775197,10.54756837751704,10.547568377505492,10.547568377505298,10.547568377520273,10.547568377516654
3.2517804231076206e+46,10.547568377578992,10.547568377542143,10.54756837775074,10.54756837751337,10.547568377589942,10.547568377604637,10.547568377599545,10.547568377505074,10.547568377586979,10.547568377585156,10.54756837752246,10.547568377554393,10.547568377534327,10.547568377523547,10.547568377524652,10.547568377546217,10.547568377559905,10.547568377551464,10.547568377534356,10.547568377524746,10.547568377527707,10.547568377520902,10.547568377521158,10.547568377532192,10.547568377531439,10.547568377525002,10.547568377526787,10.547568377517278,10.547568377515855,10.547568377525314,10.54756837752264,10.54756837752235,10.547568377517445,10.547568377515077,10.547568377518223,10.547568377516027,10.547568377519601,10.547568377516912,10.547568377514866,10.547568377516052,10.547568377517145,10.547568377516448,10.547568377515864,10.54756837751593,10.547568377515484,10.547568377513466,10.547568377515278,10.547568377515027,10.547568377513677,10.54756837751469,10.547568377513295,10.547568377513905,10.54756837751305,10.547568377513885,10.547568377513896,10.547568377513684,10.547568377513647,10.547568377513551,10.54756837751314,10.547568377513105,10.547568377512958,10.547568377512947,10.547568377512631,10.54756837751284,10.547568377513155,10.547568377513052,10.547568377513018,10.547568377512757,10.547568377513032,10.547568377512366,10.547568377513004,10.547568377512627,10.547568377512832,10.547568377512668,10.547568377512036,10.547568377512551,10.54756837751491,10.547568377519658,10.547568377513317,10.547568377497383,10.547568377508467,10.547568377525643,10.547568377518814,10.54756837750246,10.54756837750441,10.547568377519886,10.54756837752201,10.547568377507295,10.547568377502051,10.547568377515017,10.54756837752415,10.547568377517692,10.54756837749896,10.547568377512986,10.547568377521609,10.547568377518244,10.547568377503637,10.547568377503392,10.547568377522332,10.547568377517756
4.112836206919215e+46,10.547568377636141,10.547568377585964,10.547568377846659,10.54756837754347,10.547568377637711,10.547568377653832,10.547568377645204,10.547568377523707,10.54756837762548,10.547568377621511,10.547568377540694,10.547568377579685,10.54756837755305,10.54756837753827,10.547568377538614,10.547568377564936,10.547568377581381,10.54756837756991,10.547568377547545,10.547568377534738,10.54756837753788,10.54756837752873,10.547568377528554,10.547568377542056,10.54756837754069,10.547568377532174,10.547568377534088,10.547568377521749,10.547568377519664,10.547568377531368,10.547568377527751,10.547568377527165,10.547568377520768,10.547568377517592,10.547568377521412,10.547568377518484,10.547568377522868,10.547568377519344,10.547568377516642,10.547568377518044,10.54756837751933,10.547568377518363,10.547568377517546,10.54756837751756,10.547568377516933,10.547568377514322,10.547568377516559,10.547568377516193,10.547568377514441,10.547568377515683,10.547568377513882,10.547568377514619,10.547568377513509,10.547568377514535,10.547568377514525,10.547568377514235,10.547568377514166,10.547568377514025,10.547568377513487,10.547568377513429,10.547568377513226,10.5475683775132,10.547568377512787,10.547568377513043,10.54756837751343,10.547568377513292,10.547568377513239,10.5475683775129,10.547568377513242,10.547568377512395,10.547568377513198,10.547568377512713,10.547568377512968,10.547568377512757,10.54756837751195,10.5475683775126,10.54756837751558,10.547568377521584,10.54756837751356,10.547568377493405,10.54756837750742,10.547568377529144,10.547568377520504,10.547568377499818,10.547568377502284,10.547568377521856,10.547568377524541,10.547568377505927,10.547568377499294,10.547568377515692,10.547568377527243,10.547568377519074,10.54756837749538,10.54756837751312,10.547568377524026,10.547568377519768,10.547568377501296,10.547568377500985,10.547568377524938,10.547568377519148
5.201895412353777e+46,10.547568377732139,10.547568377662962,10.547568377987668,10.547568377599456,10.547568377714478,10.547568377730922,10.547568377716514,10.547568377559625,10.547568377685439,10.54756837767776,10.547568377573112,10.54756837762019,10.547568377584494,10.547568377563964,10.547568377562717,10.547568377594487,10.547568377613896,10.547568377598118,10.54756837756867,10.547568377551423,10.547568377554436,10.547568377541994,10.547568377540975,10.547568377557324,10.547568377554933,10.547568377543564,10.547568377545433,10.547568377529325,10.547568377526233,10.547568377540625,10.54756837753567,10.547568377534583,10.547568377526177,10.547568377521877,10.547568377526444,10.547568377522504,10.547568377527833,10.547568377523175,10.547568377519582,10.547568377521191,10.54756837752267,10.54756837752131,10.547568377520152,10.547568377520058,10.54756837751916,10.547568377515764,10.547568377518507,10.547568377517969,10.547568377515681,10.547568377517186,10.547568377514851,10.547568377515729,10.547568377514274,10.54756837751553,10.547568377515475,10.547568377515072,10.547568377514953,10.547568377514743,10.547568377514034,10.547568377513933,10.547568377513656,10.547568377513603,10.547568377513063,10.547568377513365,10.547568377513837,10.547568377513649,10.54756837751357,10.54756837751313,10.547568377513551,10.547568377512468,10.547568377513473,10.547568377512853,10.54756837751317,10.547568377512894,10.547568377511869,10.547568377512686,10.547568377516448,10.547568377524035,10.547568377513883,10.547568377488389,10.547568377506112,10.547568377533583,10.547568377522653,10.547568377496486,10.547568377499603,10.547568377524353,10.54756837752775,10.547568377504204,10.547568377495812,10.547568377516551,10.547568377531158,10.547568377520827,10.547568377490858,10.547568377513295,10.547568377527087,10.547568377521703,10.547568377498337,10.54756837749794,10.547568377528236,10.547568377520916
6.579332246575709e+46,10.547568377891492,10.547568377794857,10.547568378197518,10.547568377698921,10.547568377837727,10.547568377852215,10.547568377828396,10.547568377624819,10.547568377779289,10.547568377765321,10.54756837762908,10.547568377685039,10.54756837763668,10.54756837760778,10.547568377603513,10.547568377641259,10.54756837766358,10.547568377641596,10.54756837760249,10.547568377579003,10.547568377581273,10.547568377564147,10.547568377561582,10.547568377581094,10.547568377577015,10.547568377561674,10.54756837756316,10.547568377541985,10.547568377537345,10.547568377554883,10.547568377548014,10.547568377546085,10.547568377534953,10.547568377529055,10.547568377534414,10.54756837752905,10.547568377535445,10.54756837752924,10.547568377524406,10.547568377526177,10.547568377527808,10.547568377525874,10.54756837752421,10.54756837752391,10.54756837752261,10.547568377518164,10.547568377521499,10.547568377520692,10.547568377517685,10.547568377519484,10.547568377516438,10.547568377517464,10.547568377515546,10.547568377517061,10.547568377516928,10.547568377516358,10.547568377516154,10.547568377515839,10.547568377514898,10.547568377514729,10.547568377514342,10.54756837751424,10.547568377513526,10.54756837751388,10.547568377514454,10.547568377514192,10.547568377514072,10.547568377513493,10.547568377514008,10.547568377512624,10.54756837751388,10.547568377513082,10.54756837751347,10.54756837751311,10.547568377511803,10.547568377512828,10.547568377517578,10.547568377527167,10.547568377514322,10.547568377482069,10.547568377504476,10.547568377539218,10.54756837752539,10.54756837749229,10.547568377496225,10.54756837752753,10.547568377531821,10.54756837750204,10.547568377491421,10.54756837751765,10.547568377536123,10.547568377523051,10.547568377485145,10.547568377513521,10.547568377530963,10.547568377524152,10.5475683774946,10.547568377494096,10.547568377532414,10.547568377523154
8.321507715827621e+46,10.547568378153725,10.54756837801688,10.547568378513324,10.547568377870565,10.54756837803545,10.547568378043678,10.547568378004605,10.547568377738884,10.547568377926813,10.547568377902342,10.547568377723806,10.547568377788851,10.54756837772255,10.547568377681303,10.547568377671604,10.547568377715445,10.547568377740117,10.547568377709066,10.547568377656628,10.547568377624241,10.54756837762465,10.547568377600768,10.54756837759548,10.547568377618298,10.547568377611444,10.547568377590506,10.547568377590983,10.547568377562918,10.547568377555885,10.547568377577003,10.547568377567348,10.547568377564025,10.547568377549142,10.547568377540948,10.547568377547062,10.547568377539667,10.547568377547202,10.547568377538848,10.547568377532274,10.547568377534096,10.547568377535777,10.547568377532981,10.54756837753056,10.547568377529892,10.547568377527986,10.547568377522124,10.547568377526122,10.547568377524902,10.547568377520918,10.547568377523028,10.547568377519024,10.547568377520184,10.547568377517631,10.547568377519436,10.547568377519164,10.547568377518349,10.547568377518003,10.547568377517527,10.547568377516265,10.547568377515988,10.547568377515436,10.547568377515255,10.5475683775143,10.547568377514706,10.54756837751539,10.547568377515024,10.547568377514835,10.547568377514073,10.547568377514695,10.547568377512919,10.547568377514486,10.547568377513455,10.547568377513922,10.547568377513452,10.547568377511784,10.547568377513066,10.547568377519058,10.547568377531176,10.547568377514917,10.547568377474114,10.547568377502444,10.547568377546376,10.547568377528883,10.547568377487009,10.54756837749198,10.547568377531565,10.54756837753699,10.547568377499319,10.547568377485883,10.54756837751905,10.547568377542413,10.547568377525879,10.547568377477933,10.547568377513818,10.547568377535878,10.547568377527261,10.54756837748988,10.54756837748924,10.547568377537702,10.54756837752599
1.052500285277724e+47,10.547568378582463,10.547568378385995,10.547568378993354,10.547568378160989,10.547568378352453,10.547568378346714,10.547568378282982,10.547568377933722,10.547568378159504,10.547568378117667,10.54756837788191,10.547568377955008,10.547568377862937,10.547568377803257,10.547568377784104,10.547568377833317,10.547568377858825,10.547568377814363,10.547568377743278,10.547568377698031,10.547568377694608,10.547568377660852,10.547568377650894,10.547568377676772,10.547568377665396,10.54756837763646,10.547568377634812,10.547568377597266,10.547568377586506,10.547568377611517,10.547568377597758,10.547568377592137,10.547568377572034,10.547568377560498,10.547568377567163,10.547568377556834,10.54756837756548,10.547568377554107,10.547568377545057,10.54756837754669,10.547568377548206,10.547568377544112,10.547568377540541,10.547568377539235,10.547568377536404,10.547568377528606,10.547568377533313,10.547568377531451,10.547568377526122,10.547568377528528,10.547568377523222,10.54756837752447,10.54756837752104,10.547568377523142,10.54756837752263,10.547568377521447,10.547568377520873,10.547568377520147,10.547568377518434,10.54756837751798,10.547568377517187,10.547568377516873,10.547568377515587,10.547568377516026,10.547568377516823,10.547568377516303,10.547568377516011,10.547568377514995,10.547568377515738,10.54756837751345,10.547568377515395,10.54756837751406,10.547568377514617,10.547568377513995,10.54756837751186,10.547568377513455,10.54756837752101,10.54756837753632,10.547568377515741,10.547568377464117,10.54756837749993,10.547568377555482,10.547568377533347,10.547568377480376,10.54756837748665,10.547568377536706,10.54756837754356,10.547568377495907,10.547568377478905,10.547568377520848,10.547568377550393,10.547568377529474,10.547568377468828,10.54756837751421,10.547568377542106,10.547568377531208,10.547568377483923,10.547568377483111,10.547568377544403,10.547568377529586
1.3311972882062466e+47,10.547568379279996,10.547568378994098,10.547568379729425,10.547568378645606,10.547568378860452,10.54756837882736,10.54756837872386,10.547568378261042,10.54756837852756,10.54756837845723,10.547568378143138,10.547568378220921,10.54756837809133,10.547568378003833,10.547568377968595,10.547568378020863,10.547568378044014,10.547568377979474,10.547568377881952,10.54756837781787,10.547568377807234,10.547568377758854,10.547568377741033,10.547568377768995,10.547568377750277,10.547568377709753,10.547568377704074,10.547568377653304,10.54756837763671,10.547568377665629,10.547568377645746,10.547568377636376,10.547568377608897,10.54756837759243,10.547568377599154,10.547568377584529,10.547568377594049,10.547568377578374,10.547568377565751,10.547568377566744,10.547568377567684,10.547568377561614,10.547568377556287,10.547568377553896,10.547568377549641,10.547568377539163,10.54756837754456,10.547568377541694,10.547568377534489,10.54756837753711,10.547568377530013,10.54756837753124,10.547568377526582,10.547568377528949,10.547568377528036,10.547568377526298,10.54756837752535,10.54756837752423,10.547568377521882,10.54756837752114,10.547568377519987,10.547568377519452,10.547568377517699,10.547568377518134,10.54756837751904,10.547568377518289,10.547568377517832,10.547568377516466,10.547568377517331,10.547568377514377,10.547568377516777,10.547568377515029,10.547568377515686,10.547568377514853,10.547568377512114,10.547568377514095,10.54756837752361,10.547568377542948,10.547568377516894,10.54756837745157,10.547568377496841,10.547568377567082,10.547568377539069,10.547568377472054,10.547568377479967,10.547568377543264,10.547568377551922,10.547568377491643,10.547568377470123,10.547568377523161,10.547568377560522,10.547568377534057,10.547568377457342,10.547568377514732,10.54756837755001,10.547568377536221,10.54756837747641,10.547568377475375,10.547568377552894,10.547568377534152
1.6836919143067349e+47,10.547568380410576,10.547568379989139,10.54756838086662,10.547568379446162,10.547568379674201,10.547568379591032,10.547568379423504,10.547568378804423,10.547568379111041,10.547568378994235,10.547568378571526,10.54756837864644,10.547568378461515,10.54756837833163,10.547568378269446,10.54756837831959,10.547568378334303,10.547568378239385,10.547568378103861,10.54756837801184,10.54756837798831,10.547568377918024,10.547568377887123,10.547568377914862,10.547568377884257,10.547568377826723,10.547568377813787,10.547568377744323,10.547568377718562,10.547568377750794,10.547568377721683,10.547568377706208,10.547568377668176,10.547568377644348,10.547568377650121,10.547568377629126,10.547568377638903,10.547568377617011,10.547568377599164,10.547568377598704,10.54756837759833,10.547568377589226,10.54756837758119,10.547568377576983,10.547568377570526,10.547568377556292,10.547568377562223,10.547568377557784,10.547568377547929,10.547568377550565,10.547568377540973,10.547568377541964,10.54756837753556,10.547568377538084,10.547568377536509,10.54756837753392,10.54756837753237,10.547568377530633,10.547568377527371,10.547568377526165,10.547568377524462,10.547568377523568,10.547568377521145,10.54756837752151,10.547568377522488,10.547568377521388,10.547568377520674,10.547568377518816,10.547568377519793,10.547568377515953,10.547568377518893,10.547568377516594,10.547568377517344,10.54756837751622,10.547568377512691,10.547568377515134,10.547568377527108,10.54756837755152,10.54756837751853,10.547568377435864,10.547568377493079,10.547568377581882,10.547568377546428,10.54756837746164,10.547568377471618,10.54756837755165,10.547568377562584,10.547568377486323,10.547568377459084,10.547568377526149,10.547568377573388,10.547568377539905,10.547568377442863,10.547568377515434,10.547568377560047,10.547568377542598,10.547568377466943,10.547568377465621,10.547568377563662,10.54756837753995
2.1295254185213728e+47,10.5475683822377,10.547568381608976,10.54756838263476,10.547568380758769,10.5475683809773,10.54756838080603,10.547568380535573,10.547568379698648,10.547568380037715,10.547568379845426,10.547568379270086,10.547568379327304,10.547568379059786,10.547568378864769,10.547568378757942,10.547568378795837,10.54756837879113,10.547568378649828,10.547568378458934,10.547568378325007,10.547568378279113,10.54756837817567,10.547568378123215,10.547568378146096,10.547568378096305,10.547568378013487,10.547568377987924,10.54756837789167,10.547568377851453,10.547568377885268,10.54756837784211,10.547568377816743,10.54756837776339,10.547568377728455,10.547568377731391,10.54756837770084,10.547568377709585,10.547568377678594,10.547568377653008,10.547568377649684,10.547568377646707,10.54756837763291,10.547568377620669,10.547568377613457,10.54756837760357,10.547568377583994,10.547568377590068,10.547568377583145,10.547568377569494,10.547568377571746,10.54756837755863,10.547568377558983,10.547568377550062,10.547568377552512,10.547568377549835,10.547568377545947,10.547568377543417,10.547568377540708,10.547568377536114,10.54756837753416,10.547568377531617,10.547568377530139,10.547568377526746,10.547568377526908,10.54756837752788,10.54756837752625,10.547568377525124,10.547568377522566,10.547568377523614,10.54756837751859,10.547568377522161,10.547568377519113,10.547568377519926,10.54756837751839,10.54756837751383,10.54756837751682,10.547568377531867,10.547568377562671,10.547568377520879,10.547568377416255,10.547568377488549,10.547568377600813,10.54756837755593,10.547568377448647,10.547568377461216,10.5475683775624,10.5475683775762,10.547568377479719,10.547568377445232,10.547568377530027,10.547568377589753,10.547568377547389,10.547568377424627,10.547568377516392,10.547568377572803,10.547568377550723,10.54756837745502,10.547568377453329,10.54756837757732,10.547568377547325
2.693413485920198e+47,10.547568385183725,10.547568384235516,10.54756838539851,10.547568382898815,10.547568383063446,10.547568382741154,10.547568382305418,10.547568381160655,10.547568381511555,10.547568381197092,10.547568380404309,10.54756838041665,10.547568380024517,10.547568379728691,10.547568379548506,10.547568379555605,10.547568379512361,10.547568379299657,10.547568379027048,10.547568378829597,10.547568378745751,10.54756837859165,10.547568378503911,10.547568378513333,10.547568378432628,10.54756837831181,10.54756837826476,10.547568378129581,10.547568378066504,10.547568378098154,10.547568378033423,10.547568377992075,10.547568377916198,10.547568377864334,10.547568377861063,10.547568377816031,10.547568377821301,10.547568377776818,10.547568377739639,10.547568377731043,10.547568377723277,10.547568377702177,10.547568377683369,10.547568377671226,10.547568377655965,10.547568377628693,10.547568377634084,10.547568377623243,10.547568377604078,10.547568377605193,10.547568377587027,10.547568377586037,10.547568377573443,10.547568377575345,10.547568377570876,10.547568377564964,10.547568377560863,10.547568377556612,10.547568377550055,10.547568377546899,10.547568377543062,10.54756837754063,10.54756837753582,10.547568377535544,10.547568377536342,10.547568377533901,10.547568377532125,10.547568377528558,10.547568377529583,10.547568377522968,10.547568377527243,10.547568377523156,10.547568377523975,10.547568377521852,10.54756837751592,10.547568377519546,10.547568377538422,10.547568377577266,10.547568377524305,10.547568377391864,10.54756837748319,10.547568377625094,10.54756837756826,10.5475683774325,10.547568377448314,10.547568377576225,10.547568377593635,10.547568377471565,10.54756837742789,10.547568377535091,10.547568377610599,10.547568377556988,10.547568377401683,10.547568377517711,10.547568377589037,10.547568377561094,10.54756837744003,10.547568377437859,10.547568377594668,10.547568377556717
3.4066163958605896e+47,10.54756838992513,10.547568388481261,10.547568389737318,10.547568386372797,10.547568386402318,10.547568385825741,10.547568385124862,10.54756838353911,10.547568383858273,10.547568383346595,10.547568382239794,10.547568382159401,10.54756838157743,10.547568381124641,10.547568380824663,10.54756838076833,10.547568380653995,10.547568380330604,10.547568379935964,10.547568379641351,10.547568379494036,10.547568379261914,10.54756837911672,10.547568379097417,10.547568378966982,10.547568378788466,10.54756837870541,10.54756837851295,10.547568378413636,10.54756837843588,10.547568378337786,10.547568378270663,10.547568378161266,10.547568378083389,10.547568378068075,10.547568378000895,10.547568377998294,10.547568377933576,10.54756837787885,10.547568377860953,10.547568377844728,10.547568377812205,10.547568377783099,10.547568377762902,10.547568377739195,10.547568377700681,10.54756837770384,10.54756837768679,10.54756837765951,10.54756837765815,10.547568377632649,10.547568377629098,10.54756837761107,10.547568377611567,10.547568377604174,10.547568377595113,10.547568377588481,10.54756837758179,10.547568377572299,10.547568377567211,10.547568377561362,10.547568377557395,10.547568377550474,10.54756837754936,10.547568377549682,10.547568377545986,10.547568377543174,10.547568377538127,10.547568377538946,10.54756837753016,10.54756837753518,10.547568377529648,10.547568377530348,10.547568377527368,10.54756837751961,10.547568377523943,10.547568377547567,10.54756837759651,10.547568377529364,10.54756837736167,10.547568377477,10.547568377656342,10.547568377584353,10.54756837741253,10.547568377432404,10.54756837759408,10.547568377616031,10.547568377461568,10.547568377406236,10.547568377541749,10.5475683776372,10.547568377569348,10.54756837737286,10.547568377519553,10.547568377609734,10.547568377574361,10.547568377421205,10.54756837741841,10.547568377616717,10.547568377568696
4.308671999012269e+47,10.547568397544456,10.54756839532748,10.547568396572718,10.547568391993073,10.54756839174479,10.547568390745512,10.547568389619665,10.547568387393643,10.547568387598037,10.547568386768695,10.547568385202398,10.547568384947214,10.547568384073623,10.547568383375205,10.547568382880527,10.547568382704842,10.547568382464851,10.547568381968889,10.54756838139003,10.547568380945627,10.547568380693303,10.547568380340195,10.547568380101822,10.54756838002747,10.54756837981714,10.547568379550235,10.547568379407528,10.54756837912973,10.547568378972873,10.547568378972555,10.54756837882254,10.547568378713928,10.547568378554082,10.547568378435939,10.547568378398696,10.54756837829737,10.547568378279259,10.54756837818388,10.547568378102337,10.547568378068465,10.547568378037703,10.547568377987231,10.547568377941912,10.547568377908625,10.547568377871595,10.54756837781645,10.547568377814592,10.547568377787686,10.547568377748323,10.547568377742168,10.547568377705879,10.547568377697708,10.547568377671551,10.547568377669124,10.547568377656992,10.547568377642994,10.547568377632297,10.54756837762173,10.547568377607806,10.547568377599623,10.547568377590634,10.547568377584184,10.547568377574096,10.54756837757146,10.54756837757077,10.54756837756512,10.547568377560658,10.547568377553425,10.547568377553691,10.547568377541907,10.54756837754764,10.547568377540061,10.547568377540408,10.547568377536171,10.547568377525948,10.547568377531023,10.547568377560502,10.54756837762211,10.547568377536921,10.547568377324534,10.547568377470117,10.547568377696722,10.547568377605504,10.547568377388005,10.547568377412931,10.547568377617253,10.5475683776449,10.547568377449428,10.5475683773793,10.547568377550576,10.547568377671217,10.547568377585328,10.54756837733672,10.547568377522161,10.547568377636166,10.54756837759138,10.547568377397617,10.547568377394,10.547568377644781,10.547568377584016
5.4495875783461134e+47,10.547568409772309,10.547568406344368,10.547568407370896,10.547568401060916,10.547568400290627,10.547568398595393,10.547568396788977,10.547568393621416,10.547568393561463,10.54756839222137,10.54756838997435,10.547568389406223,10.547568388081483,10.547568386997126,10.547568386187178,10.547568385797994,10.54756838534195,10.547568384575648,10.547568383716035,10.547568383039179,10.547568382614497,10.547568382072697,10.547568381683675,10.547568381509773,10.547568381171205,10.547568380767862,10.547568380527133,10.547568380120802,10.547568379872432,10.547568379826526,10.547568379595278,10.547568379419978,10.547568379183444,10.547568379002596,10.547568378926897,10.547568378772583,10.547568378725968,10.547568378583701,10.547568378460848,10.547568378400035,10.547568378344746,10.547568378265968,10.547568378195047,10.547568378140564,10.547568378082454,10.54756837800242,10.547568377990704,10.547568377948126,10.547568377890569,10.54756837787569,10.547568377823335,10.547568377807117,10.547568377768663,10.547568377760708,10.54756837774091,10.547568377719152,10.547568377701925,10.547568377685192,10.547568377664517,10.547568377651366,10.54756837763745,10.547568377627009,10.547568377612109,10.547568377606813,10.547568377604183,10.54756837759548,10.547568377588387,10.547568377577877,10.547568377576987,10.547568377561008,10.547568377567272,10.547568377556754,10.547568377556328,10.547568377550226,10.547568377536633,10.54756837754241,10.547568377579053,10.547568377656496,10.547568377548334,10.547568377279248,10.547568377462921,10.547568377749172,10.547568377633532,10.547568377358155,10.547568377389346,10.547568377647503,10.547568377682289,10.547568377434885,10.547568377345952,10.547568377562394,10.547568377714843,10.547568377606098,10.547568377291508,10.547568377525904,10.54756837767001,10.547568377613288,10.547568377368137,10.547568377363431,10.547568377680555,10.547568377603652
6.8926121043496245e+47,10.547568429371543,10.547568424040914,10.547568424464297,10.54756841565779,10.547568413955332,10.547568411122707,10.5475684082274,10.54756840365891,10.547568403074461,10.547568400914479,10.547568397647595,10.547568396536994,10.547568394510229,10.547568392817539,10.547568391498608,10.547568390739489,10.547568389918911,10.547568388727479,10.547568387436463,10.54756838639688,10.547568385691001,10.547568384853538,10.547568384221547,10.547568383873895,10.547568383329669,10.547568382714358,10.54756838231356,10.547568381711718,10.547568381317655,10.547568381186812,10.547568380827947,10.547568380545563,10.547568380191441,10.547568379912452,10.547568379770972,10.547568379533953,10.547568379437074,10.547568379222533,10.547568379035612,10.547568378929947,10.547568378833814,10.547568378710281,10.547568378598816,10.547568378510103,10.547568378418573,10.54756837830089,10.54756837827109,10.54756837820357,10.547568378118333,10.54756837808817,10.547568378011624,10.547568377981701,10.54756837792447,10.547568377906591,10.547568377874436,10.547568377840426,10.547568377812723,10.547568377786174,10.547568377755121,10.547568377734008,10.547568377712333,10.54756837769547,10.5475683776732,10.547568377663367,10.547568377657228,10.547568377643731,10.547568377632441,10.547568377616967,10.547568377613882,10.547568377591949,10.547568377598294,10.547568377583499,10.54756837758158,10.547568377572668,10.547568377554422,10.547568377560696,10.547568377606018,10.547568377703207,10.547568377565739,10.547568377224655,10.547568377456233,10.54756837781771,10.547568377671022,10.54756837732227,10.547568377361182,10.54756837768727,10.547568377730979,10.547568377417782,10.547568377304929,10.54756837757838,10.547568377770977,10.547568377633256,10.547568377235129,10.547568377531348,10.547568377713477,10.547568377641614,10.547568377331414,10.547568377325252,10.547568377726254,10.547568377628908
8.717742570061768e+47,10.547568460744344,10.547568452418389,10.547568451560352,10.54756843910713,10.5475684357933,10.547568431113103,10.547568426477582,10.547568419802792,10.547568418252075,10.54756841477802,10.547568409968001,10.547568407937405,10.547568404813134,10.547568402159278,10.54756840002069,10.547568398634224,10.547568397206886,10.547568395344909,10.547568393386399,10.547568391778281,10.547568390615789,10.547568389313293,10.547568388290227,10.547568387646363,10.54756838677257,10.547568385826196,10.547568385165253,10.547568384263469,10.547568383637254,10.547568383355381,10.547568382795335,10.547568382341161,10.547568381805384,10.547568381372146,10.54756838112006,10.547568380753358,10.547568380570175,10.54756838024348,10.54756837995662,10.547568379776994,10.547568379613494,10.54756837941903,10.54756837924324,10.547568379099358,10.547568378954745,10.547568378779573,10.54756837871792,10.547568378610658,10.547568378482957,10.54756837842666,10.547568378313324,10.547568378260424,10.547568378174294,10.547568378139177,10.547568378087117,10.547568378033722,10.547568377989224,10.547568377947032,10.547568377899914,10.54756837786604,10.54756837783211,10.547568377804927,10.54756837777129,10.547568377753835,10.547568377741577,10.547568377720518,10.54756837770253,10.547568377679472,10.547568377672427,10.547568377641937,10.547568377647439,10.54756837762634,10.547568377621706,10.547568377608526,10.547568377583758,10.547568377590043,10.547568377645726,10.547568377767435,10.547568377592494,10.547568377159914,10.547568377451642,10.547568377907915,10.5475683777217,10.54756837727987,10.547568377328227,10.547568377739978,10.547568377794796,10.547568377398221,10.547568377254887,10.547568377600264,10.54756837784351,10.547568377669032,10.547568377165103,10.547568377539374,10.547568377769506,10.547568377678422,10.547568377285872,10.547568377277742,10.547568377784772,10.547568377661525
1.1026158786725614e+48,10.547568510884519,10.547568497840148,10.547568494541393,10.547568476702299,10.547568470665475,10.5475684630001,10.547568455587738,10.54756844571808,10.547568442464017,10.547568436887474,10.547568429723018,10.547568426156609,10.54756842131056,10.547568417135636,10.547568413680088,10.547568411245999,10.547568408818911,10.54756840589697,10.547568402899817,10.54756840039748,10.547568398496347,10.547568396460287,10.547568394808836,10.547568393668245,10.547568392266685,10.547568390800992,10.547568389718853,10.547568388353568,10.54756838735722,10.547568386814644,10.547568385936577,10.547568385207024,10.547568384388848,10.547568383712374,10.547568383276575,10.547568382705753,10.547568382377069,10.54756838187536,10.54756838143187,10.547568381131137,10.547568380857314,10.547568380550228,10.547568380272214,10.547568380039566,10.547568379810524,10.54756837954686,10.547568379430553,10.547568379259914,10.547568379066579,10.547568378966346,10.547568378796575,10.547568378705583,10.547568378574663,10.547568378510247,10.547568378426185,10.547568378342048,10.547568378270633,10.547568378203488,10.547568378131347,10.54756837807704,10.5475683780237,10.547568377979958,10.54756837792866,10.547568377898553,10.547568377875859,10.547568377842845,10.547568377814164,10.547568377779424,10.54756837776549,10.547568377722525,10.547568377725446,10.547568377694942,10.54756837768555,10.547568377665828,10.547568377631798,10.547568377637106,10.547568377704915,10.547568377856903,10.547568377633931,10.547568377084913,10.547568377452013,10.547568378027638,10.54756837779102,10.547568377231025,10.547568377290814,10.5475683778105,10.547568377879092,10.54756837737679,10.54756837719455,10.547568377630604,10.547568377937699,10.54756837771656,10.547568377078584,10.547568377551343,10.54756837784206,10.547568377726547,10.547568377229712,10.547568377218894,10.547568377859935,10.547568377703858
1.3945832491957494e+48,10.547568590854347,10.547568570384204,10.54756856271062,10.547568536844034,10.547568526284339,10.547568513820877,10.54756850198734,10.547568487237976,10.54756848106808,10.547568472134728,10.547568461354212,10.547568455254746,10.54756844770134,10.547568441117452,10.54756843555071,10.547568431387365,10.547568427326102,10.547568422726242,10.547568418105811,10.547568414193432,10.547568411101265,10.547568407905587,10.547568405246048,10.547568403282433,10.547568401036347,10.547568398753286,10.547568396991295,10.547568394905438,10.547568393318773,10.547568392335165,10.547568390953327,10.54756838978265,10.547568388523196,10.547568387462144,10.54756838672395,10.54756838583088,10.54756838526008,10.547568384484002,10.547568383794081,10.54756838329612,10.547568382842599,10.547568382356438,10.547568381915767,10.547568381540488,10.547568381177008,10.547568380776184,10.547568380567776,10.547568380296019,10.547568380000596,10.54756837982739,10.547568379570397,10.547568379416791,10.54756837921604,10.547568379102572,10.547568378967116,10.54756837883414,10.547568378719609,10.547568378612642,10.547568378501326,10.5475683784143,10.547568378330164,10.547568378259863,10.547568378180978,10.547568378130059,10.54756837808985,10.54756837803789,10.54756837799213,10.54756837793927,10.547568377913606,10.547568377852224,10.54756837784946,10.547568377804774,10.547568377787249,10.547568377757417,10.547568377710054,10.547568377712544,10.547568377794114,10.547568377983236,10.547568377698484,10.547568377001062,10.547568377462373,10.547568378188071,10.547568377887043,10.547568377176896,10.547568377250322,10.547568377905867,10.547568377991434,10.547568377354983,10.54756837712296,10.54756837767324,10.547568378060756,10.547568377780319,10.547568376972437,10.547568377569393,10.547568377936523,10.54756837778993,10.54756837716099,10.547568377146455,10.547568377956841,10.547568377759118
1.763862172272324e+48,10.547568718035173,10.54756868591284,10.547568670704566,10.547568632793665,10.547568614829247,10.547568594697863,10.547568575848231,10.547568553610612,10.547568542555474,10.547568528278003,10.547568511917923,10.547568501682097,10.547568489867388,10.547568479469161,10.54756847052664,10.547568463535415,10.547568456820738,10.547568449563254,10.54756844239789,10.54756843625857,10.547568431251584,10.547568426220375,10.547568421946211,10.547568418631451,10.547568415035187,10.547568411462468,10.547568408606029,10.547568405394559,10.54756840286636,10.547568401147348,10.547568398966286,10.547568397089503,10.547568395137636,10.54756839346732,10.547568392234817,10.5475683908318,10.547568389861969,10.547568388654172,10.54756838757535,10.547568386757526,10.547568386012532,10.547568385241338,10.54756838454161,10.54756838393739,10.547568383359671,10.547568382745016,10.547568382383387,10.547568381950219,10.547568381495175,10.547568381201849,10.547568380809205,10.547568380553319,10.547568380243165,10.54756838004848,10.547568379830555,10.547568379619886,10.54756837943631,10.54756837926576,10.547568379092867,10.547568378953466,10.547568378820374,10.547568378707501,10.547568378585334,10.54756837850039,10.547568378431128,10.54756837834909,10.547568378276042,10.54756837819491,10.547568378149597,10.547568378060697,10.547568378046869,10.547568377980584,10.547568377949386,10.547568377903836,10.547568377837015,10.54756837783341,10.547568377929872,10.547568378164089,10.547568377799562,10.547568376912622,10.547568377491292,10.547568378405396,10.54756837802185,10.547568377120669,10.547568377210027,10.547568378036352,10.547568378142676,10.547568377335873,10.547568377039973,10.547568377733983,10.547568378222671,10.547568377866794,10.547568376843435,10.547568377596882,10.547568378060317,10.547568377874116,10.547568377077768,10.547568377058013,10.54756837808235,10.547568377831766
2.2309243744089604e+48,10.547568919467288,10.547568869162665,10.54756884136313,10.547568785319779,10.547568755396066,10.547568723095475,10.547568693166331,10.547568659413647,10.547568640315317,10.547568617564416,10.547568592574681,10.547568575645515,10.547568557127493,10.547568540698414,10.547568526375287,10.54756851479718,10.547568503800521,10.547568492335575,10.547568481173293,10.54756847151503,10.547568463438886,10.547568455501033,10.547568448645606,10.547568443129165,10.547568437376942,10.547568431766182,10.54756842715224,10.547568422176049,10.547568418146598,10.547568415214505,10.547568411764308,10.547568408758199,10.547568405716435,10.54756840307954,10.54756840104337,10.547568398832006,10.547568397209337,10.547568395320273,10.547568393626268,10.547568392291428,10.547568391075254,10.547568389850014,10.547568388737426,10.547568387766084,10.547568386846748,10.547568385897163,10.547568385283029,10.54756838459213,10.547568383886441,10.5475683833967,10.547568382791985,10.547568382369821,10.547568381887594,10.547568381559518,10.547568381209356,10.547568380874967,10.547568380580852,10.547568380308745,10.547568380038728,10.5475683798155,10.547568379604503,10.547568379423419,10.54756837923308,10.547568379092793,10.547568378975749,10.54756837884588,10.547568378729219,10.547568378603781,10.547568378525902,10.547568378395441,10.547568378361422,10.547568378261968,10.547568378208057,10.54756837813794,10.547568378042362,10.547568378027,10.54756837813828,10.547568378426536,10.547568377958482,10.547568376828947,10.547568377553176,10.547568378703318,10.547568378213725,10.54756837706913,10.547568377176532,10.547568378217184,10.547568378348618,10.547568377325256,10.547568376947103,10.54756837782171,10.547568378437505,10.547568377985497,10.54756837668867,10.547568377639099,10.547568378223797,10.547568377987025,10.54756837697842,10.547568376951244,10.547568378245801,10.547568377928057
2.8216623966261272e+48,10.547569236614162,10.547569158192163,10.547569109893306,10.547569026570411,10.547568977606105,10.54756892616694,10.547568878868157,10.547568827428574,10.547568795296849,10.54756875918992,10.547568720857939,10.54756869319801,10.547568664162084,10.547568638227155,10.54756861536505,10.54756859640589,10.54756857854254,10.547568560428164,10.547568542987412,10.547568527772782,10.547568514794332,10.547568502256677,10.547568491284515,10.547568482203832,10.547568473014923,10.547568464181634,10.54756845675276,10.547568449003188,10.547568442581907,10.547568437665781,10.547568432199645,10.547568427389272,10.54756842262813,10.547568418456597,10.54756841511962,10.547568411625488,10.54756840894092,10.54756840597454,10.547568403305752,10.547568401137564,10.547568399161806,10.547568397212991,10.547568395442179,10.547568393882646,10.547568392418412,10.5475683909422,10.547568389914904,10.547568388812424,10.547568387711815,10.547568386902554,10.547568385964883,10.54756838527341,10.547568384519671,10.547568383973855,10.547568383411802,10.547568382880227,10.547568382409194,10.547568381974843,10.54756838155122,10.547568381193852,10.547568380858749,10.547568380568418,10.54756838027039,10.547568380040413,10.547568379845279,10.547568379639259,10.547568379452892,10.547568379257736,10.54756837912634,10.5475683789325,10.547568378863037,10.547568378712272,10.547568378620973,10.547568378512276,10.54756837837369,10.547568378336987,10.547568378460571,10.547568378812395,10.547568378209201,10.547568376768194,10.547568377671926,10.547568379117,10.547568378490581,10.54756837703526,10.547568377162117,10.547568378471155,10.547568378632521,10.547568377333508,10.547568376848986,10.547568377950105,10.547568378725284,10.547568378150558,10.54756837650636,10.547568377704414,10.547568378441612,10.547568378140122,10.547568376862221,10.547568376824342,10.547568378460065,10.547568378056893
3.568825000015111e+48,10.547569731777953,10.547569610448718,10.547569529615805,10.547569405482212,10.547569326699765,10.547569245524361,10.547569171279257,10.54756909281127,10.547569039901996,10.547568982922146,10.54756892403861,10.54756887935623,10.547568833901563,10.547568793063583,10.54756875673281,10.54756872599925,10.547568697203783,10.54756866861759,10.547568641331711,10.547568617364652,10.547568596590374,10.547568576788375,10.547568559272317,10.547568544458121,10.547568529805051,10.547568515879517,10.547568503955816,10.54756849184301,10.547568481616592,10.547568473478927,10.547568464812096,10.547568457123452,10.547568449646604,10.547568443038315,10.547568437604165,10.54756843207352,10.547568427670058,10.547568422997806,10.54756841878288,10.547568415274817,10.547568412077535,10.547568408975522,10.547568406155234,10.547568403654187,10.547568401320751,10.547568399014075,10.547568397314489,10.54756839555477,10.547568393830264,10.547568392503331,10.54756839104115,10.547568389914792,10.547568388731571,10.547568387832014,10.547568386930624,10.5475683860846,10.547568385330482,10.547568384636904,10.547568383969818,10.547568383397852,10.547568382864897,10.547568382399644,10.547568381931098,10.547568381556207,10.547568381234065,10.54756838090669,10.547568380608908,10.5475683803037,10.547568380084885,10.547568379793594,10.547568379663455,10.54756837943283,10.547568379280385,10.547568379110887,10.54756837890729,10.547568378833244,10.547568378962112,10.547568379386673,10.54756837860583,10.547568376763461,10.547568377886881,10.547568379699207,10.547568378895416,10.547568377042515,10.547568377188595,10.547568378832784,10.547568379029078,10.54756837737863,10.547568376755832,10.5475683781404,10.54756837911496,10.5475683783832,10.54756837629727,10.547568377806089,10.547568378734779,10.547568378350215,10.547568376730382,10.547568376676866,10.547568378743113,10.547568378231118
4.5138326597689933e+48,10.54757049605896,10.547570310434105,10.54757017934719,10.547569994848788,10.547569870291623,10.5475697436544,10.54756962821463,10.547569508848223,10.547569423418743,10.54756933421116,10.547569243919687,10.547569172582882,10.547569101715093,10.547569037707941,10.547568980317065,10.5475689309964,10.547568884953735,10.54756883997334,10.54756879731497,10.547568759624214,10.54756872652688,10.547568695297588,10.547568667428825,10.54756864345533,10.547568620147953,10.547568598193058,10.547568579120497,10.547568560146706,10.547568543881654,10.547568530548363,10.547568516807246,10.547568504537093,10.547568492770578,10.547568482296091,10.5475684734939,10.547568464731267,10.547568457557666,10.547568450182988,10.54756844351499,10.547568437857919,10.547568432700917,10.54756842776163,10.547568423268629,10.547568419262126,10.547568415542532,10.547568411923502,10.547568409134906,10.547568406325954,10.547568403613907,10.547568401451057,10.547568399160465,10.547568397333613,10.547568395469748,10.547568393997672,10.54756839255317,10.547568391205536,10.547568389998602,10.547568388890827,10.54756838783724,10.547568386922038,10.547568386073491,10.547568385328264,10.547568384589205,10.547568383980712,10.54756838345278,10.547568382931876,10.547568382456003,10.54756838197664,10.547568381615719,10.547568381173502,10.547568380941284,10.547568380585734,10.547568380333798,10.54756838006818,10.547568379765378,10.547568379627561,10.547568379746673,10.54756838025097,10.547568379234674,10.547568376872828,10.54756837826235,10.547568380529931,10.547568379494892,10.547568377131821,10.547568377293612,10.547568379354807,10.547568379590587,10.547568377491174,10.547568376687517,10.547568378425716,10.547568379648913,10.547568378715635,10.5475683760672,10.547568377965188,10.547568379133843,10.547568378642264,10.547568376587835,10.547568376511176,10.547568379120385,10.547568378469506
5.7090737932822776e+48,10.547571658174467,10.547571378411936,10.54757117197648,10.547570899730172,10.547570706573374,10.547570511864416,10.547570334664702,10.547570154350549,10.54757001911393,10.547569880962877,10.547569743283466,10.547569630892466,10.54756952118789,10.547569421602097,10.547569331681203,10.5475692534072,10.547569180476323,10.547569110063213,10.547569043580575,10.547568984532791,10.547568932118722,10.5475688830302,10.547568838895835,10.547568800412373,10.547568763476836,10.547568728914777,10.547568698534135,10.54756866879876,10.547568642988269,10.547568621334849,10.547568599571967,10.547568580033113,10.547568561499899,10.54756854490299,10.547568530714628,10.547568516829823,10.547568505211801,10.547568493558249,10.54756848300069,10.547568473906214,10.5475684656133,10.547568457749605,10.547568450592829,10.5475684441825,10.547568438253913,10.54756843255842,10.547568428012669,10.547568423529714,10.547568419252622,10.54756841574388,10.547568412142558,10.547568409189852,10.547568406245945,10.547568403850171,10.547568401537,10.547568399389128,10.547568397458175,10.547568395688701,10.547568394020809,10.547568392556807,10.547568391204718,10.547568390011516,10.547568388842718,10.54756838785839,10.54756838699799,10.54756838616831,10.547568385407791,10.547568384652294,10.547568384061199,10.547568383383842,10.547568382982007,10.54756838243024,10.547568382017044,10.547568381599106,10.547568381143673,10.547568380898767,10.547568380979254,10.547568381564778,10.54756838023346,10.547568377195665,10.547568378902954,10.547568381731546,10.547568380392956,10.547568377372954,10.547568377540859,10.547568380118454,10.54756838039666,10.54756837772226,10.547568376680314,10.547568378857974,10.547568380389988,10.547568379197184,10.54756837583122,10.547568378215203,10.547568379683797,10.547568379053757,10.54756837644626,10.547568376334944,10.547568379628386,10.547568378799864
7.220809018385398e+48,10.54757339287319,10.547572978991733,10.547572663164614,10.547572266261161,10.547571973141263,10.547571679065522,10.547571411510694,10.547571142244943,10.547570932659779,10.547570721757234,10.547570513874314,10.547570339549726,10.547570171535222,10.547570018238854,10.547569878899195,10.54756975629332,10.54756964209813,10.547569532749463,10.547569429768174,10.547569337859304,10.547569255517775,10.547569178793525,10.547569109355955,10.547569048132708,10.547568989917599,10.547568935698722,10.547568887568481,10.547568841039354,10.547568800231199,10.547568765364236,10.547568730980405,10.547568699966298,10.547568670793309,10.547568644534984,10.547568621777568,10.54756859979748,10.54756858108481,10.547568562668847,10.54756854595518,10.547568531380882,10.547568518085734,10.547568505575383,10.547568494183464,10.547568483942388,10.547568474498275,10.547568465516326,10.547568458145824,10.547568450994946,10.547568444236523,10.547568438566806,10.547568432889536,10.547568428131223,10.547568423472416,10.547568419590506,10.54756841588916,10.547568412464937,10.547568409377027,10.547568406550814,10.547568403905862,10.547568401564794,10.547568399409233,10.54756839749955,10.547568395647417,10.547568394059422,10.547568392663186,10.547568391340702,10.547568390125317,10.547568388931339,10.547568387968518,10.547568386922995,10.5475683862419,10.54756838538092,10.54756838470715,10.54756838404736,10.547568383355456,10.54756838293288,10.547568382922515,10.54756838357936,10.547568381822044,10.5475683778991,10.547568379978259,10.547568383492731,10.547568381752477,10.547568377882959,10.54756837803662,10.547568381249706,10.547568381569514,10.547568378156472,10.547568376797898,10.547568379518903,10.54756838143244,10.547568379903948,10.547568375620756,10.547568378609466,10.547568380451713,10.547568379641566,10.54756837632914,10.547568376165367,10.547568380320218,10.547568379263835
9.13284444516178e+48,10.547575927652272,10.54757532824918,10.547574858778159,10.547574289489368,10.547573855110052,10.54757342012634,10.547573024091864,10.547572628294049,10.547572310941769,10.547571994682592,10.54757168522,10.547571419788337,10.547571166204897,10.547570933600529,10.547570720781273,10.54757053175808,10.547570355508029,10.547570187619659,10.547570029631295,10.547569887962414,10.547569759986466,10.547569641102191,10.54756953284432,10.547569436486762,10.547569345444156,10.547569260901032,10.54756918521186,10.547569112697216,10.547569048535806,10.54756899290235,10.547568938808663,10.547568889810258,10.547568844002944,10.547568802585406,10.547568766287998,10.547568731574028,10.547568701607728,10.547568672543,10.547568646119222,10.547568622848361,10.547568601607303,10.54756858173558,10.547568563628502,10.547568547300296,10.54756853227416,10.547568518095137,10.547568506201431,10.547568494806216,10.547568484115702,10.547568474986605,10.547568466021124,10.547568458373865,10.547568450992358,10.54756844472593,10.547568438808874,10.547568433350248,10.547568428415186,10.547568423902481,10.547568419703166,10.54756841596141,10.5475684125241,10.547568409469173,10.547568406529926,10.547568403973804,10.547568401715735,10.547568399606694,10.547568397664664,10.547568395773725,10.547568394212007,10.547568392587724,10.547568391450033,10.547568390100551,10.54756838900677,10.547568387962388,10.54756838690197,10.547568386187274,10.547568385994905,10.54756838669169,10.547568384351447,10.547568379260772,10.547568381762261,10.547568386106315,10.547568383829633,10.547568378855926,10.54756837895646,10.547568382945057,10.54756838329815,10.54756837893267,10.547568377149295,10.547568380537529,10.54756838291909,10.547568380954132,10.547568375495349,10.547568379232963,10.547568381538674,10.547568380492747,10.547568376280097,10.547568376036187,10.547568381274132,10.547568379924458
1.1551177637733947e+49,10.547579547465963,10.54757869883345,10.547578020253221,10.547577219237443,10.547576591346514,10.547575962522458,10.54757538927421,10.547574818569029,10.547574349870906,10.547573885446138,10.547573433022311,10.547573037367348,10.547572661592385,10.547572314969765,10.547571995706122,10.547571709759367,10.547571442488563,10.547571188596985,10.547570949473249,10.547570734026861,10.547570537894831,10.547570355914742,10.547570189193747,10.547570039548537,10.547569898695523,10.547569768074146,10.54756965023125,10.547569538017084,10.547569437955408,10.54756935012856,10.547569265590571,10.54756918870286,10.547569117122942,10.547569052126551,10.547568994633549,10.547568940036744,10.54756889236979,10.547568846637624,10.547568804984511,10.54756876799883,10.547568734209653,10.547568702730416,10.547568674021926,10.547568648062576,10.54756862420563,10.547568601827619,10.547568582724756,10.547568564596636,10.547568547685787,10.547568533038481,10.547568518870019,10.547568506613812,10.547568494913879,10.547568484832984,10.547568475385548,10.547568466688311,10.547568458808154,10.547568451606914,10.547568444935811,10.547568438959537,10.547568433478851,10.547568428594904,10.54756842392619,10.547568419819907,10.547568416178313,10.547568412814146,10.547568409711952,10.547568406712614,10.54756840418799,10.547568401651057,10.5475683997709,10.547568397648245,10.547568395878892,10.547568394222242,10.547568392584795,10.547568391393096,10.547568390863432,10.547568391530302,10.54756838838217,10.54756838173768,10.547568384696662,10.547568390029278,10.547568387028576,10.547568380610926,10.54756838058821,10.547568385512452,10.547568385876605,10.547568380277431,10.547568377917953,10.547568382118092,10.547568385068335,10.547568382532312,10.547568375561955,10.547568380221236,10.547568383098518,10.5475683817416,10.5475683763766,10.547568376009242,10.547568382606816,10.547568380878033
1.4609873804340636e+49,10.54758459880085,10.547583424126719,10.54758246862473,10.547581364341971,10.547580478863416,10.547579591017811,10.547578780469264,10.547577974882572,10.547577300196961,10.54757663359618,10.54757598584182,10.547575409617908,10.547574864487776,10.547574358737348,10.547573889719256,10.547573466469093,10.547573069469086,10.547572692646028,10.547572336936073,10.547572014893584,10.547571719529232,10.547571445376732,10.547571192652692,10.547570964045018,10.547570749220965,10.547570549982114,10.547570368921502,10.547570197118711,10.547570042824884,10.547569905972123,10.547569775127412,10.547569655622086,10.54756954463522,10.547569443424345,10.547569353174197,10.547569267869907,10.547569192679855,10.547569121101333,10.547569055769642,10.547568997347685,10.547568943906818,10.547568894255013,10.547568848920276,10.547568807819138,10.547568770070592,10.547568734814783,10.547568704291187,10.547568675529902,10.547568648811998,10.547568625403489,10.547568603023038,10.547568583442185,10.547568564908165,10.547568548747888,10.547568533690137,10.547568519848246,10.54756850728229,10.547568495802897,10.547568485205753,10.547568475670708,10.547568466936506,10.547568459135348,10.54756845171704,10.547568445133196,10.547568439274965,10.547568433909213,10.547568428956357,10.5475684241943,10.547568420124566,10.547568416145195,10.547568413063113,10.547568409715328,10.547568406861407,10.547568404229313,10.547568401684927,10.54756839971859,10.547568398591528,10.547568399091931,10.54756839480901,10.547568386076822,10.547568389492088,10.5475683959779,10.547568391988447,10.547568383669073,10.547568383401053,10.54756838943631,10.547568389764612,10.54756838255874,10.547568379408721,10.547568384584528,10.547568388216726,10.547568384927997,10.547568376006478,10.547568381790558,10.547568385367383,10.547568383596651,10.54756837675226,10.547568376193404,10.547568384494207,10.547568382272862
1.847849797422287e+49,10.547591495909808,10.54758990400409,10.547588589607358,10.547587097290197,10.547585877143462,10.54758465181094,10.547583531679967,10.547582418906455,10.547581471691247,10.547580536900222,10.547579629812873,10.547578810444266,10.547578037470556,10.547577316219106,10.547576642744307,10.547576030904006,10.54757545455044,10.547574907189786,10.54757438876459,10.547573917140525,10.547573481433972,10.547573076377832,10.547572700587818,10.54757235814669,10.547572036306075,10.547571737418735,10.547571463850417,10.54757120462071,10.54757097022199,10.547570760372452,10.547570560513853,10.54757037714497,10.547570206985888,10.547570051108957,10.547569911095724,10.547569779088462,10.547569661759962,10.54756955063626,10.5475694489517,10.547569357441342,10.547569273581917,10.54756919577579,10.54756912461943,10.54756905993274,10.547569000515319,10.547568945177762,10.547568896709995,10.547568851268476,10.547568809175726,10.547568771946912,10.54756873666424,10.547568705505869,10.547568676199273,10.547568650397618,10.547568626459523,10.547568604473163,10.54756858447591,10.547568566208444,10.54756854938968,10.54756853420142,10.547568520297832,10.547568507853283,10.547568496070074,10.547568485535763,10.547568476134337,10.547568467580396,10.54756845967958,10.547568452116055,10.547568445572187,10.547568439309863,10.547568434289685,10.54756842899979,10.547568424408038,10.547568420221435,10.547568416247556,10.547568413028943,10.547568410874364,10.547568410958727,10.547568405059888,10.547568393492448,10.547568397289773,10.54756840507877,10.54756839972167,10.547568388877096,10.547568388156325,10.547568395480972,10.547568395683815,10.547568386372003,10.547568382123567,10.547568388451399,10.54756839288631,10.547568388596918,10.54756837714498,10.547568384286125,10.54756838871034,10.547568386383409,10.54756837763307,10.547568376775395,10.547568387204128,10.54756838433886
2.3371515179132583e+49,10.547600732616353,10.547598615396824,10.547596842983634,10.547594862333941,10.547593215388817,10.547591558948046,10.547590043164234,10.547588537304994,10.547587237746672,10.547585955643795,10.547584712814006,10.547583574379102,10.547582502998075,10.547581497880426,10.54758055297143,10.54757968957403,10.54757887247097,10.547578095458928,10.5475773565666,10.547576681269343,10.547576053019728,10.547575467578802,10.547574920890474,10.54757441921857,10.547573947033658,10.547573507545309,10.54757310240084,10.547572718335525,10.547572368759406,10.547572053109409,10.547571752954653,10.547571476192042,10.547571219219943,10.54757098264731,10.547570768682887,10.54757056707324,10.547570386519416,10.547570215988257,10.547570059453173,10.54756991772645,10.54756978752906,10.547569666740332,10.547569556031677,10.547569455085707,10.547569362275595,10.547569275959392,10.547569199616635,10.547569128265383,10.547569062278141,10.54756900344617,10.547568948040261,10.547568898723386,10.54756885254314,10.54756881155594,10.547568773644796,10.547568738833414,10.547568707108637,10.547568678118374,10.547568651478132,10.547568627345088,10.547568605256037,10.547568585443548,10.547568566749753,10.547568549936965,10.547568534889034,10.54756852126717,10.54756850868073,10.547568496671728,10.547568486176104,10.547568476298997,10.54756846816545,10.547568459798127,10.547568452427845,10.547568445764497,10.547568439533302,10.547568434298471,10.547568430412355,10.547568429642785,10.54756842141162,10.547568405949091,10.547568409919245,10.547568419108218,10.54756841183361,10.547568397604948,10.547568396084829,10.547568404855081,10.547568404770413,10.5475683926776,10.547568386883245,10.547568394536942,10.547568399891187,10.547568394258391,10.547568379506565,10.547568388259027,10.54756839369523,10.547568390612236,10.547568379395997,10.54756837806972,10.547568391147742,10.547568387434476
2.956017975759774e+49,10.547612903125854,10.54761013093903,10.547607779673648,10.547605190510826,10.547603006077473,10.547600806326788,10.547598792013428,10.547596791075785,10.54759504351311,10.547593319853322,10.547591650876448,10.547590102298381,10.547588648550667,10.547587278047244,10.547585981203099,10.547584790594096,10.547583658628863,10.547582580532053,10.547581550989447,10.547580606082292,10.547579721206699,10.547578894393752,10.547578117324646,10.54757739955871,10.547576722440901,10.547576090484828,10.547575503765627,10.547574946655491,10.547574436327169,10.547573971853852,10.54757353008412,10.547573120554722,10.547572739675674,10.54757238713466,10.5475720661528,10.547571763386209,10.547571490305275,10.547571232586726,10.547570995124694,10.547570778833588,10.547570579502684,10.54757039436496,10.547570224188652,10.547570068480226,10.547569925060518,10.547569791681344,10.547569672700599,10.547569561658351,10.547569459003483,10.547569366827947,10.547569280378992,10.547569202892666,10.547569130533285,10.547569065858507,10.54756900615204,10.547568951306136,10.547568901209482,10.547568855393681,10.547568813342888,10.547568775141615,10.547568740159862,10.547568708711593,10.54756867912453,10.547568652380189,10.547568628372003,10.547568606720624,10.54756858671146,10.547568567667714,10.54756855088145,10.547568535285242,10.547568522170604,10.547568508934035,10.547568497133483,10.547568486527913,10.547568476729314,10.547568468261066,10.547568461501305,10.547568459130622,10.547568447489638,10.547568426611598,10.547568430307642,10.547568440871228,10.547568430870616,10.54756841206082,10.54756840916983,10.547568419472649,10.547568418817038,10.547568403020335,10.547568395022273,10.547568404143073,10.547568410506253,10.547568403050049,10.547568383966972,10.547568394588973,10.547568401209599,10.547568397086028,10.547568382663428,10.547568380599316,10.547568396960717,10.5475683921211
3.738757288965411e+49,10.547628734654625,10.547625148666166,10.547622069527852,10.547618724890903,10.547615868093827,10.547612988591766,10.547610351042394,10.54760773250397,10.547605421079398,10.547603142860968,10.547600940113082,10.547598872090695,10.547596936066988,10.547595103201715,10.547593358140347,10.547591750090405,10.5475902148005,10.5475887504498,10.547587346415341,10.547586053051889,10.547584834573518,10.547583693055685,10.547582613592683,10.547581610555913,10.547580661876825,10.547579773953098,10.547578943886755,10.547578153875412,10.547577425824452,10.547576758305896,10.54757612252916,10.547575529866581,10.547574977360458,10.547574463024931,10.547573991696948,10.547573546074421,10.547573141420955,10.547572759229947,10.547572405535782,10.547572081410069,10.54757178153509,10.54757150238891,10.547571244885296,10.547571008327258,10.54757078984393,10.547570586403593,10.547570403509665,10.547570232788905,10.547570074834432,10.54756993206676,10.54756979846616,10.547569677936528,10.547569565510805,10.547569464377142,10.547569371093566,10.547569285312452,10.547569206741237,10.547569134779392,10.547569068766155,10.547569008634172,10.54756895350762,10.547568903812932,10.547568857169198,10.54756881482191,10.547568776682404,10.547568742374228,10.547568710664986,10.547568680539204,10.547568653786865,10.547568629163724,10.547568608118283,10.547568587199518,10.547568568361624,10.547568551494203,10.547568536060261,10.547568522428575,10.547568510958332,10.547568505738305,10.54756848905414,10.547568460556217,10.547568463126474,10.547568474798826,10.547568460869233,10.547568435790987,10.54756843059687,10.547568442366526,10.547568440655214,10.54756841987833,10.547568408700334,10.547568419341486,10.547568426734209,10.547568416773297,10.547568391963173,10.547568404679785,10.547568412645983,10.547568407071108,10.547568388455003,10.547568385225322,10.547568405631589,10.547568399281086
4.728762199830475e+49,10.547649133000798,10.54764453475798,10.547640542010457,10.547636258134734,10.54763256167359,10.547628833735985,10.54762541929421,10.54762203292266,10.547619014814188,10.547616044401597,10.547613177606019,10.547610457777273,10.547607919006253,10.547605507171033,10.547603198013359,10.547601064307269,10.547599019866183,10.547597067672188,10.54759518934903,10.547593453678147,10.547591809778842,10.547590266375058,10.547588798567064,10.547587427416259,10.547586127336313,10.547584907367815,10.547583759504224,10.547582664271719,10.54758164931965,10.547580712521583,10.547579818517669,10.547578980534164,10.547578197261048,10.54757746384691,10.547576787611971,10.547576146212862,10.547575560070218,10.547575005432774,10.54757448969603,10.54757401415554,10.547573572225302,10.547573159575581,10.547572777353425,10.547572424635753,10.547572097692584,10.547571792534763,10.547571516213536,10.547571257860904,10.54757101835023,10.547570800480274,10.54757059672063,10.547570411724392,10.547570239100654,10.547570082840242,10.547569938694833,10.547569805914577,10.547569683869046,10.547569571826886,10.547569469027842,10.54756937514049,10.54756928890605,10.547569210889943,10.547569137798229,10.547569071177392,10.547569010951152,10.547568956846977,10.547568906829609,10.547568859365697,10.547568816934051,10.547568778128353,10.547568744534043,10.547568711552602,10.547568681596411,10.547568654819141,10.547568630501535,10.547568608665573,10.54756858955829,10.547568579441315,10.547568555225386,10.547568515884032,10.547568515805475,10.547568527883827,10.547568508217472,10.547568474467747,10.54756846546461,10.547568478340601,10.547568474757634,10.54756844721509,10.547568431397337,10.547568443426956,10.547568451727187,10.547568438281717,10.547568405836618,10.547568420770011,10.547568430195149,10.547568422567958,10.547568398430835,10.547568393355228,10.547568418704687,10.547568410304907
5.980915639681169e+49,10.547675242044063,10.547669378414435,10.547664237976848,10.547658782943241,10.547654037419237,10.547649249576255,10.547644864424724,10.547640522080316,10.547636619616677,10.547632787085844,10.547629094063495,10.547625559238984,10.547622269959577,10.54761913676553,10.547616121980306,10.547613330893604,10.547610649151272,10.547608086160434,10.54760561341277,10.547603323166221,10.547601144155582,10.547599094772533,10.54759713548869,10.547595297200917,10.547593550995208,10.547591908612278,10.547590353947097,10.54758886714098,10.54758748271015,10.547586197312707,10.547584968091659,10.547583809816246,10.547582724377753,10.547581702324495,10.547580754622572,10.547579852541352,10.547579023287332,10.547578236675887,10.54757750172538,10.547576819961261,10.547576183284082,10.547575586608156,10.547575031549481,10.547574516934919,10.547574037818382,10.547573589086104,10.547573180072316,10.547572796622166,10.547572440039003,10.547572113549638,10.547571807995846,10.547571528836944,10.547571267894172,10.547571030131037,10.54757081057586,10.54757060790015,10.547570420816607,10.547570248445833,10.54757009012802,10.547569945174555,10.547569811698207,10.547569690354486,10.54756957680419,10.547569472926561,10.547569378622018,10.547569293912712,10.547569215543396,10.547569141220759,10.547569074369072,10.547569013452437,10.547568960168325,10.547568908381479,10.54756886099661,10.547568818631058,10.547568780368914,10.547568745578904,10.547568714223473,10.547568695910838,10.547568660366712,10.5475686054408,10.547568600102098,10.547568611131103,10.547568582991662,10.547568537119103,10.547568521898167,10.547568534991141,10.547568528180191,10.547568491346643,10.547568468695262,10.547568481631806,10.547568490449823,10.547568472092914,10.547568429379393,10.547568446424568,10.547568457309115,10.547568446739048,10.54756841527962,10.547568407275346,10.547568438600717,10.547568427387432
7.564633275546229e+49,10.547708510829757,10.547701059333855,10.547694478946985,10.547687557524391,10.547681496625184,10.547675378323724,10.547669778814694,10.547664244253053,10.547659233336903,10.547654322387332,10.547649598576367,10.5476450463441,10.54764082238464,10.54763678989603,10.547632893361667,10.547629281145552,10.547625803709547,10.547622480289345,10.54761926704091,10.547616284249479,10.547613434835378,10.547610754293087,10.547608180960854,10.54760575619789,10.547603448197794,10.54760127449491,10.54759920795305,10.547597227624566,10.547595374682304,10.547593645200237,10.547591989013759,10.547590421606326,10.547588949336097,10.547587555389034,10.547586256084209,10.54758501542624,10.547583869016176,10.547582778520766,10.5475817549412,10.54758080023179,10.547579904229984,10.547579060993437,10.547578273204326,10.547577539842502,10.547576853851057,10.547576208333309,10.547575616241211,10.547575059506439,10.54757454001841,10.547574061042752,10.547573611847827,10.547573198968713,10.547572812124187,10.547572457112794,10.54757212853358,10.547571824547816,10.547571542671234,10.547571281627112,10.547571041276221,10.54757082071039,10.547570617071818,10.547570430761459,10.54757025643599,10.547570096352224,10.547569950373687,10.547569819137225,10.5475696975011,10.547569582125448,10.547569477769262,10.547569382793338,10.547569298973572,10.547569218166021,10.547569143762258,10.54756907710699,10.547569017118743,10.547568962042504,10.547568911273125,10.547568879557577,10.547568826916043,10.54756874942023,10.54756873448505,10.547568741768194,10.547568700998934,10.547568638019493,10.547568612769034,10.54756862428821,10.547568612019571,10.547568562288742,10.547568529500694,10.547568542242626,10.547568550714766,10.547568525345396,10.547568468696763,10.547568487308224,10.54756849942878,10.54756848458163,10.547568443334539,10.547568430679181,10.54756846912179,10.547568453995625
9.56771170852908e+49,10.547750785340417,10.547741336181149,10.54773294177389,10.547724176017807,10.547716460627045,10.547708674852192,10.547701550678601,10.54769452007011,10.547688114459568,10.547681853244539,10.547675840818082,10.547670015162621,10.547664622131798,10.547659462937387,10.547654465201648,10.547649828897786,10.547645358404743,10.547641082332913,10.54763694522945,10.547633102153513,10.54762941909603,10.547625949617432,10.547622606848925,10.547619450893128,10.547616445337917,10.54761360756062,10.547610897195801,10.54760829966624,10.547605861857404,10.54760357502838,10.547601380583258,10.547599296716891,10.547597336377377,10.547595472268647,10.547593726185918,10.547592054171934,10.547590501956027,10.547589021473895,10.547587626178863,10.547586318964171,10.547585086847064,10.547583921766662,10.547582827900536,10.547581806441709,10.547580847729504,10.547579940936604,10.547579103262908,10.547578312648016,10.547577573105334,10.547576887073797,10.547576241384649,10.547575643868836,10.547575082799879,10.547574564298278,10.54757408255026,10.547573635763886,10.547573219821434,10.547572832227175,10.547572473754277,10.547572143896202,10.547571838774473,10.547571557595537,10.547571294194485,10.547571051065646,10.54757082835402,10.547570627976535,10.547570441662527,10.547570264628677,10.547570103705242,10.547569957157284,10.547569826750824,10.547569701769566,10.547569586104403,10.547569482122608,10.547569388685229,10.54756930218799,10.547569221055841,10.547569167918487,10.547569089504963,10.547568979189267,10.547568947650792,10.547568946529937,10.547568886822377,10.547568799532133,10.547568758297038,10.547568764980879,10.547568743631093,10.54756867581507,10.547568627928026,10.547568638322563,10.547568644781563,10.547568609278107,10.547568533554534,10.547568552390842,10.547568565118329,10.5475685439777,10.54756848954281,10.547568469501082,10.547568516242912,10.547568495602889
1.2101195656561806e+50,10.547804404122239,10.547792436179353,10.547781756045584,10.547770673555428,10.547760871127762,10.547750980401696,10.547741937112546,10.547733031429926,10.547724870455767,10.547716910642995,10.54770927530692,10.547701850936688,10.547694996680983,10.547688427069174,10.547682044698925,10.547676118698417,10.547670408679968,10.547664946613482,10.547659653923766,10.547654728666517,10.547650003369867,10.547645557406101,10.547641256133614,10.54763718061233,10.547633303192585,10.547629641813968,10.54762613028491,10.54762276046258,10.547619593380793,10.54761661008472,10.547613744014122,10.547611014770554,10.547608443868944,10.5476059899501,10.547603681516039,10.5476014676923,10.547599405011894,10.547597433094545,10.54759556523853,10.547593809064571,10.547592149175236,10.547590575491201,10.547589088434385,10.547587694584212,10.547586382601013,10.54758513822599,10.547583981440646,10.547582883784795,10.547581853221766,10.547580893053533,10.547579987325632,10.547579142713577,10.54757834735639,10.547577607476892,10.547576916774027,10.547576274356564,10.547575674553592,10.547575112304614,10.547574588908978,10.547574105165522,10.547573657007813,10.54757324147074,10.547572851698991,10.547572489044446,10.547572154860228,10.547571854435564,10.547571574077923,10.547571306554005,10.54757106217171,10.547570839219164,10.547570639301547,10.547570448279611,10.547570270803217,10.54757011054055,10.547569966509066,10.547569832074096,10.547569704177262,10.547569617649124,10.547569500655827,10.54756934267261,10.547569283494433,10.547569266357911,10.547569178195872,10.547569056240341,10.547568989865265,10.547568986156385,10.547568949919063,10.547568856523265,10.547568786135358,10.54756879031274,10.547568791782192,10.547568741478372,10.547568639449361,10.547568655797878,10.547568667811236,10.547568637312756,10.547568564973732,10.547568533217765,10.547568589341287,10.547568560832458
1.530553394369634e+50,10.547872348022581,10.547857194571225,10.547843626094542,10.547829614417406,10.547817194716957,10.54780464646063,10.547793178716729,10.54778190160148,10.547771533761981,10.547761442356826,10.547751764092922,10.547742321906112,10.547733621896146,10.547725283169715,10.547717167948306,10.547709622785103,10.547702343538685,10.547695393169274,10.547688658352705,10.547682384188183,10.547676343974524,10.547670671401185,10.547665175150708,10.547659953587726,10.547654983788028,10.54765029122937,10.547645780736302,10.547641448139306,10.547637370940429,10.54763352068077,10.5476298165716,10.547626280526258,10.547622947036025,10.547619761999995,10.547616750861202,10.547613857337149,10.547611154201237,10.547608570406322,10.54760611406522,10.54760379101657,10.54760159070446,10.547599501525752,10.547597521874492,10.547595656983614,10.547593896151652,10.547592218356996,10.547590654105985,10.547589165823915,10.54758776152671,10.547586444254508,10.547585200549593,10.547584034771582,10.547582933336198,10.547581903099413,10.547580934295633,10.547580031015935,10.547579184913682,10.547578389715618,10.547577643866864,10.547576950367516,10.54757630490544,10.547575704067883,10.547575141664106,10.54757461284131,10.54757412067589,10.54757367891062,10.547573266209596,10.54757286964399,10.547572505506091,10.547572172098354,10.547571871341823,10.547571583764174,10.547571315779194,10.54757107271494,10.547570853959307,10.54757064793321,10.547570449198934,10.547570312118056,10.547570138083442,10.547569911475867,10.547569807720533,10.547569762765301,10.547569631958254,10.547569460655984,10.547569355363986,10.547569332289497,10.54756927204291,10.547569142232522,10.547569038454002,10.547569029836948,10.547569021303213,10.547568949208388,10.547568810711677,10.547568819588577,10.547568828443502,10.547568783925426,10.547568687121705,10.54756863684886,10.547568703078207,10.547568663214005
1.9358365565687813e+50,10.547958371653221,10.547939206533162,10.547921987518691,10.547904272338295,10.547888537226141,10.547872645877131,10.547858119846858,10.547843848007425,10.54783068888232,10.54781790213822,10.547805658168837,10.547793675075887,10.547782649518263,10.547772061884361,10.54776177127607,10.547752199716928,10.54774294470169,10.547734114218514,10.547725556626368,10.547717601344718,10.54770991299545,10.5477026976873,10.547695689951214,10.547689038014257,10.54768269781105,10.547676714823377,10.547670956530714,10.547665418244186,10.547660194731101,10.547655259642394,10.54765052409672,10.547645974653303,10.54764168724299,10.54763758463787,10.547633707025735,10.547629964893078,10.547626461214959,10.547623108404856,10.547619921792451,10.547616894372851,10.547614020005657,10.547611281890967,10.547608683144857,10.547606229596981,10.547603909881628,10.547601689426374,10.547599601992106,10.547597622506123,10.547595748546605,10.54759398086271,10.547592303120894,10.54759072612615,10.547589230979334,10.54758783098895,10.547586502504172,10.547585260626274,10.547584090487124,10.547582989948,10.547581954218446,10.547580984981938,10.547580075777717,10.547579222275969,10.547578432157199,10.547577680278142,10.547576972632235,10.54757633462356,10.547575741604696,10.547575166336935,10.547574636030163,10.547574147391453,10.547573704915122,10.547573279961844,10.547572882320646,10.547572521192983,10.547572195073133,10.54757188538621,10.547571581160662,10.547571370097057,10.547571113073095,10.54757078946884,10.54757061595189,10.547570525790176,10.547570331584753,10.547570090527259,10.547569926211526,10.547569869957089,10.547569771816834,10.5475695899518,10.547569437111141,10.547569405003792,10.54756937846779,10.54756927414143,10.547569084985286,10.547569077791739,10.547569079301686,10.547569013712227,10.547568883327505,10.547568803961447,10.547568880215303,10.547568823827568
2.4484367468222094e+50,10.548067244078725,10.548043004983112,10.548021183158006,10.547998791171553,10.54797885528792,10.547958735181723,10.547940358263556,10.54792230976238,10.547905615405972,10.547889416735506,10.547873931097593,10.547858751067798,10.547844795276227,10.547831369791464,10.54781832062382,10.547806193227718,10.547794466289288,10.54778326141462,10.547772403234339,10.54776231688593,10.547752567302918,10.547743407227873,10.547734506347696,10.547726041247447,10.547717985596984,10.547710374036148,10.547703058513044,10.547696010184353,10.547689344457844,10.547683038921964,10.547677013496996,10.547671208476595,10.547665724999378,10.547660469416439,10.547655501485375,10.547650713996072,10.547646207495179,10.54764189684475,10.547637790814509,10.547633887136664,10.547630174822277,10.547626635934636,10.54762325672093,10.547620059990223,10.547617044623749,10.547614160266145,10.547611412584647,10.547608813570275,10.547606350518114,10.547604020499069,10.547601802546035,10.547599705258135,10.547597708225762,10.547595839027604,10.547594057915806,10.547592386567048,10.547590803933852,10.54758930344447,10.547587897421986,10.547586573882507,10.54758532923557,10.547584134886087,10.547583050648491,10.54758200670473,10.547581016990831,10.547580113659361,10.547579281032368,10.547578465294587,10.547577710116352,10.547577011541662,10.54757637567323,10.547575762233034,10.547575181794047,10.547574658174797,10.547574181841673,10.54757372821878,10.547573270104508,10.547572954350835,10.547572578866776,10.547572121660908,10.54757184272826,10.547571682810165,10.547571395925297,10.547571057200859,10.547570805776571,10.547570695948318,10.547570539837217,10.547570283384129,10.547570059600504,10.547569987308625,10.54756993071658,10.54756977874699,10.547569519346496,10.54756948199955,10.547569469380656,10.547569372218415,10.547569195656676,10.547569071029889,10.547569155687238,10.547569075160887
3.096770996935361e+50,10.54820500552776,10.548174341399616,10.548146707192968,10.548118404381805,10.548093158183171,10.548067693108111,10.548044439061904,10.548021636094699,10.548000472042654,10.547979962583051,10.547960368672955,10.547941159258714,10.547923500914003,10.547906500132147,10.547889961729165,10.547874588146744,10.547859750636047,10.547845553156996,10.54783180242147,10.547819011266371,10.547806663908938,10.547795055893685,10.547783773050101,10.547773022303833,10.547762802824955,10.547753135298365,10.547743851368233,10.547734925719404,10.547726439814477,10.547718411800656,10.547710744470798,10.54770337975712,10.547696399301548,10.54768970312863,10.54768335208996,10.547677253769757,10.547671501162714,10.547665996010807,10.547660735981811,10.547655731928549,10.547650974558712,10.547646439953203,10.547642095495405,10.547637962848372,10.547634067619903,10.547630359843826,10.547626805403237,10.547623426648917,10.547620220919836,10.547617185832582,10.547614303362902,10.547611556766059,10.547608933739633,10.54760646766307,10.54760411800913,10.54760190842171,10.547599819024995,10.54759780154278,10.54759592331863,10.547594149666452,10.547592488886389,10.547590852169833,10.547589391364168,10.547587972385623,10.547586618778324,10.547585372897405,10.547584226516319,10.547583097420402,10.547582041592307,10.54758106953498,10.547580175983374,10.547579315785375,10.547578482107014,10.547577740352702,10.547577059298312,10.547576414262073,10.547575738816013,10.54757527869014,10.547574738254271,10.547574101401517,10.54757367013493,10.547573406846649,10.547572988429913,10.547572513920247,10.547572138180547,10.54757194584745,10.547571704799283,10.547571341497026,10.547571017220534,10.54757087985515,10.547570776021983,10.54757055427008,10.547570198035192,10.54757010862002,10.547570071329703,10.547569927411864,10.547569687454788,10.547569493446769,10.54756958220662,10.547569466479251
3.9167810317773504e+50,10.548379291614246,10.548340506962651,10.548305511538041,10.54826975348225,10.548237793020412,10.548205560708832,10.54817613988206,10.548147327834291,10.54812051317917,10.548094560343209,10.54806977129332,10.548045455277094,10.548023125219666,10.548001611828932,10.547980669432794,10.547961188350135,10.547942411891942,10.547924446738804,10.54790703922434,10.547890834266159,10.547875193173226,10.54786049754198,10.547846215081242,10.547832589445413,10.547819627719914,10.54780737965494,10.547795599955398,10.547784308538699,10.547773546242802,10.547763348402116,10.54775359319819,10.547744257428782,10.54773541378785,10.54772690162332,10.547718814262918,10.547711054138382,10.54770375347986,10.547696740058674,10.547690044861271,10.547683656776497,10.547677578737261,10.547671797097799,10.547666265618902,10.547660955147133,10.54765594693165,10.547651206282005,10.547646657904512,10.547642309306536,10.547638178675754,10.54763425176957,10.547630538549122,10.547626991648634,10.54762359880347,10.547620375603913,10.547617311034927,10.547614430140593,10.547611715373062,10.54760905377445,10.547606576188132,10.54760423280875,10.547602049915355,10.547599866868236,10.54759792530758,10.547596031790283,10.547594212343775,10.547592535529919,10.547590985407876,10.54758946303178,10.547588010557948,10.547586686848193,10.547585458669069,10.547584288159198,10.547583113712959,10.547582082789123,10.54758113037125,10.547580236928152,10.547579268348693,10.547578613466257,10.547577850170805,10.54757697515788,10.547576334280446,10.547575923010896,10.547575325583384,10.547574663088175,10.547574115736703,10.547573801752034,10.54757344240717,10.547572927240127,10.547572463701291,10.547572226168187,10.547572051470643,10.547571729699948,10.547571241259227,10.547571067381917,10.547570989621157,10.54757077795913,10.547570451442562,10.547570153216823,10.547570237468317,10.547570070792608
4.953925771738721e+50,10.548599768559269,10.548550715810892,10.548506407741531,10.548461221371397,10.548420772761249,10.548379984479899,10.54834276406916,10.548306342428578,10.548272397704505,10.54823956663479,10.54820820898586,10.548177423375778,10.548149193969712,10.548121978852839,10.54809546993003,10.548070797588236,10.548047030939143,10.54802430866171,10.548002284277498,10.547981771660458,10.547961957061098,10.547943367882084,10.547925293872131,10.547908036026918,10.547891615770222,10.54787611412722,10.547861171411208,10.547846881714898,10.547833272646885,10.547820325111555,10.547807943572344,10.547796107678167,10.547784927013335,10.547774124386875,10.547763862051442,10.547753998453373,10.547744740229277,10.547735831610288,10.547727341239495,10.547719206303318,10.547711466200221,10.5477041154534,10.547697101467438,10.547690323013406,10.547683924367703,10.54767786954672,10.547672076948011,10.547666528622445,10.547661244473154,10.547656185188748,10.547651431644974,10.54764689810107,10.547642542709927,10.54763838113696,10.547634418981481,10.547630697350316,10.547627196650254,10.54762375622599,10.54762051756439,10.547617451960878,10.547614611241682,10.547611761639855,10.547609215342863,10.54760673359512,10.547604323370527,10.547602099553767,10.547600043875784,10.547598039125893,10.54759607233874,10.547594299673971,10.547592646040217,10.547591089003731,10.547589474846541,10.547588065989373,10.547586761761304,10.547585547853469,10.547584202194468,10.547583290663754,10.547582234851197,10.547581046838603,10.547580127827946,10.547579512497414,10.547578682819585,10.54757776231919,10.547576984304339,10.54757649848812,10.547575981460863,10.54757525526501,10.547574602674318,10.547574218439845,10.54757394066646,10.547573480532726,10.547572814006916,10.54757250985499,10.547572369064069,10.547572062152904,10.547571618577573,10.54757116787443,10.547571232615285,10.547570993013222
6.265701440236075e+50,10.548878654165176,10.548816614113115,10.548760530730458,10.548703415719507,10.548652243806066,10.54860063521751,10.54855355047484,10.548507495557201,10.548464547366168,10.548423015431212,10.548383352458407,10.548344384994357,10.54830868827264,10.548274271240741,10.548240726020541,10.548209494241908,10.548179413062211,10.548150678893494,10.548122822228493,10.548096862927725,10.548071773416465,10.54804826305097,10.54802539222277,10.548003540307151,10.547982759939364,10.547963136050683,10.547944200670003,10.54792612017508,10.547908926797383,10.547892509009579,10.547876814338869,10.547861812570206,10.547847670642732,10.547833984835254,10.547820987574307,10.547808462743413,10.547796723989041,10.547785438269795,10.547774683486171,10.547764352161613,10.547754526268362,10.547745188787054,10.547736301974666,10.547727698954175,10.547719551545509,10.54771182405513,10.547704477277444,10.547697431000122,10.54769069252307,10.547684220997727,10.547678163120155,10.547672392019349,10.547666824802567,10.547661511775443,10.547656415212288,10.547651633814246,10.547647142367909,10.547642760600898,10.547638560033867,10.547634593192507,10.547630918878752,10.547627243402626,10.547623949100679,10.547620742449604,10.547617589552269,10.547614671349848,10.547611989364329,10.547609388950441,10.547606768394722,10.547604431844979,10.547602242810074,10.547600201926574,10.54759804583746,10.54759614726691,10.54759439153274,10.547592766113754,10.547590947742796,10.547589708649381,10.547588279303227,10.547586684195347,10.547585401980845,10.547584515470328,10.547583397208038,10.547582130168319,10.547581048366107,10.547580329710451,10.5475796065226,10.547578597683978,10.547577693212757,10.547577103128374,10.54757667915064,10.54757603614109,10.547575133642791,10.547574636568315,10.547574402650012,10.547573965765599,10.547573366203036,10.547572699605682,10.547572721057584,10.547572378353738
7.92482898353912e+50,10.549231413682865,10.549152953496387,10.549081975027702,10.549009765095029,10.548945044750333,10.54887974702541,10.54882018399265,10.548761944089415,10.54870760789742,10.54865507082699,10.548604911159071,10.548555595754362,10.548510446986997,10.548466930896348,10.548424490579269,10.548384968247928,10.548346896882514,10.54831056030427,10.54827533383193,10.548242485687037,10.548210726063505,10.548180986881212,10.548152055684078,10.548124395388996,10.548098116673819,10.548073269339813,10.548049296225601,10.548026421751215,10.548004692279918,10.547983900103707,10.54796402045181,10.547945016257847,10.547927119133123,10.547909804122554,10.547893349276238,10.54787746696507,10.547862598352458,10.54784831590803,10.547834692107088,10.547821606387371,10.547809147224092,10.547797285083588,10.547786033630913,10.547775149022694,10.547764787460755,10.547754958058455,10.547745654792793,10.547736725375353,10.547728159211697,10.547719928050814,10.547712222433171,10.547704877148206,10.547697788612684,10.547691053631953,10.547684528077708,10.547678414172298,10.547672670130973,10.547667129727099,10.547661721617525,10.547656638906394,10.547651910158056,10.547647205603512,10.547642983952725,10.547638869302835,10.547634785286839,10.547630997983102,10.547627538881583,10.547624194942362,10.547620765098786,10.547617720822847,10.547614857227806,10.547612210246482,10.547609402418212,10.547606874598024,10.547604543335868,10.547602394480982,10.54759998143727,10.54759833819423,10.547596447018554,10.547594328374437,10.547592578566553,10.547591340511596,10.54758986917437,10.547588152024982,10.54758667493348,10.547585652768458,10.547584660540558,10.547583289120167,10.547582055603987,10.547581183455035,10.547580558793104,10.547579684640395,10.547578474800213,10.54757770280825,10.547577338575264,10.547576726937248,10.54757592419365,10.54757496300302,10.547574905946824,10.547574420158181
1.0023285504005195e+51,10.549677615736703,10.549578380643254,10.549488563524257,10.549397258910645,10.549315403763474,10.549232799828193,10.549157447851625,10.549083797604146,10.549015055660401,10.548948603347373,10.54888516656479,10.548822772917104,10.548765661210542,10.548710642039884,10.548656956727818,10.54860694254411,10.548558765781618,10.548512810140947,10.548468263953515,10.54842671023144,10.548386521840593,10.548348896822533,10.548312299073807,10.548277301698379,10.54824407249135,10.54821262506695,10.548182296702787,10.548153339329648,10.54812587536877,10.548099562050849,10.548074393371122,10.548050328041995,10.5480276845154,10.548005795599947,10.547984953602553,10.547964848779653,10.547946016250883,10.547927951632293,10.547910694242464,10.547894130966474,10.547878353096085,10.547863292060153,10.547849055979363,10.547835300682577,10.547822145788627,10.547809667312142,10.547797897290739,10.54778658395288,10.547775717112103,10.547765288471435,10.547755490231362,10.547746143867018,10.547737150151756,10.547728637144601,10.547720312532604,10.547712536152535,10.547705205287446,10.547698206823897,10.54769130267185,10.547684820314538,10.547678758900899,10.547672779560306,10.54766738960836,10.547662127152666,10.547656889798946,10.54765201638769,10.547647578385948,10.547643311257165,10.54763888939133,10.547634948025404,10.547631240748174,10.547627823466154,10.547624236070169,10.547620909196072,10.547617854587823,10.54761504503837,10.547611879093965,10.547609741109186,10.547607289903151,10.547604510286945,10.54760216415146,10.547600480352374,10.547598571232422,10.547596285124571,10.54759430209235,10.547592891463735,10.547591552411587,10.547589733469927,10.547588077224383,10.547586824946311,10.547585933144758,10.547584775331794,10.547583171508736,10.54758202362504,10.547581487001723,10.547580639049333,10.547579578860034,10.547578230121081,10.547578045187695,10.547577366783859
1.2677403197404036e+51,10.55024199996483,10.550116483573861,10.550002839871063,10.54988738390912,10.549783861478337,10.549679357853538,10.54958404411565,10.549490902611577,10.54940393362979,10.549319888215498,10.549239663786661,10.549160725320917,10.549088482868354,10.549018915265881,10.548951010852793,10.548887732381335,10.54882676893018,10.548768642292185,10.548712315092532,10.548659749878304,10.548608902769198,10.548561308245391,10.54851501868472,10.548470737014789,10.548428718801674,10.548388929239772,10.548350558802746,10.548313911874374,10.548279190720004,10.548245908867267,10.54821405130776,10.548183584117451,10.548154936594521,10.548127279074027,10.548100880264315,10.548075445718514,10.54805160063775,10.548028750610502,10.548006899272826,10.54798595934464,10.547965962048403,10.547946869987896,10.5479288690377,10.547911490214293,10.547894808436922,10.547878993758433,10.547864099855481,10.547849764876293,10.54783600424294,10.547822809699444,10.547810360413099,10.547798496580478,10.54778709594958,10.547776345166234,10.547765755910966,10.54775588468211,10.547746561189125,10.547737712982132,10.547728936800866,10.547720699214697,10.547712950157523,10.547705384939517,10.547698522298644,10.547691813994334,10.547685141734814,10.547678904795776,10.547673227063548,10.547667811877284,10.547662181364776,10.547657094728944,10.547652318737724,10.547647938327065,10.547643395312841,10.547639062737359,10.547635116229555,10.547631468097205,10.547627351510686,10.547624614542926,10.547621475082074,10.547617868718438,10.547614769691101,10.547612526977225,10.547610066592009,10.547607080909867,10.547604457546802,10.547602546191245,10.54760077215471,10.54759841155904,10.547596216949515,10.547594467119334,10.547593225720131,10.547591721588715,10.547589622932925,10.547587978452055,10.547587221800127,10.547586057814843,10.547584675091478,10.547582833561686,10.547582456236235,10.547581527514936
1.603431846427323e+51,10.550955858934426,10.55079711049603,10.55065332565141,10.550507320635365,10.55037639157113,10.550244187198999,10.55012362383467,10.550005833945672,10.549895807868687,10.549789520012709,10.54968805685719,10.549588194768363,10.549496811099862,10.549408844512545,10.549322951240711,10.549242896153542,10.549165773234817,10.549092243504544,10.54902101004261,10.548954528155825,10.548890206810869,10.548830002890243,10.5487714591971,10.548715423983133,10.548662288425918,10.548611954059568,10.548563416686711,10.548517038037286,10.548473140314911,10.548431050462641,10.548390732470573,10.548352184123264,10.548315932816273,10.548280980117058,10.548247559637469,10.54821538344497,10.5481852081048,10.548156298260666,10.548128642282744,10.548102169552793,10.5480768412769,10.548052655365103,10.548029893224658,10.548007935351704,10.547986799275611,10.547966778363865,10.547947930313256,10.54792976203103,10.54791236612779,10.547895676028753,10.547879867086754,10.547864845846709,10.547850401704794,10.547836808523545,10.547823391257117,10.547810873443742,10.547799030426228,10.547787833911109,10.547776709563145,10.547766250916025,10.547756382619164,10.547746827560644,10.547738095586194,10.547729583831096,10.54772111189784,10.547713156941079,10.547705922160894,10.54769904512179,10.547691932635244,10.547685398134158,10.547679271236234,10.547673692275701,10.547667955810358,10.547662349172134,10.547657308398415,10.54765260716724,10.547647289957807,10.547643820876097,10.547639821899002,10.547635181828513,10.547631145504681,10.54762820775823,10.54762504536294,10.547621206556785,10.54761777860618,10.547615222624753,10.547612914374302,10.54760990195761,10.547607018360692,10.547604636527593,10.54760295594891,10.547601012388974,10.547598305665343,10.54759601868873,10.547594985210395,10.547593411353867,10.547591626913476,10.547589169899993,10.54758852101189,10.547587277745825
2.028012871487559e+51,10.551858785179757,10.551657998295916,10.551476089009638,10.551291444114694,10.551125848715504,10.55095861435861,10.550806111252282,10.550657143133046,10.550517962502719,10.550383538744386,10.550255210793708,10.55012888773548,10.550013288284676,10.549902044684098,10.549793407008314,10.549692130219062,10.549594570209393,10.549501558086389,10.54941147273468,10.549327392403915,10.54924602537733,10.54916987567147,10.549095830102129,10.549024934213948,10.548957730011534,10.548894073980392,10.548832673854566,10.548773977471242,10.548718475992795,10.548665257752539,10.548614233105743,10.548565468602298,10.548519591938687,10.548475416145823,10.548433123772952,10.54839242721297,10.54835423767345,10.548317662435435,10.548282669582122,10.5482492040957,10.548217142712533,10.548186521316524,10.54815772648623,10.548129989101755,10.548103220148173,10.54807788530629,10.54805403261969,10.548031026680688,10.548009023135862,10.547987922601928,10.547967868947099,10.547948857593546,10.547930572670277,10.547913376153774,10.547896407559461,10.547880539813237,10.547865515649534,10.547851343927986,10.547837285760016,10.547823993865428,10.547811469675437,10.547799407948686,10.547788306351709,10.547777518321519,10.547766801049363,10.547756677558406,10.547747473115946,10.5477387454994,10.547729784450619,10.547721426045259,10.54771360349485,10.547706515576182,10.547699284931946,10.547692065444128,10.547685670538996,10.547679642435321,10.547672833766887,10.54766843899716,10.547663365184157,10.547657428889796,10.547652224391792,10.547648416207236,10.547644375002186,10.5476394735069,10.547635051618498,10.547631671908361,10.547628705263747,10.547624902647723,10.547621145404682,10.54761797014635,10.547615750767894,10.54761323654892,10.547609787728426,10.547606689844358,10.547605305786478,10.547603208572342,10.547600931935394,10.547597709768842,10.54759669634338,10.547595067559214
2.56502090568003e+51,10.553000864576141,10.552746894422718,10.552516763648633,10.55228324362237,10.552073800870836,10.551862256614983,10.551669357762245,10.551480955582388,10.55130489135528,10.551134881319438,10.550972575824426,10.550812786155113,10.550666556974345,10.550525865991549,10.550388464672153,10.55026035046086,10.550136935354564,10.550019282174123,10.549905356917398,10.549799011867856,10.549696097186095,10.549599768776417,10.54950611973961,10.549416426637988,10.549331428447651,10.54925092251568,10.549173255038026,10.549098979788665,10.549028802663155,10.54896151492639,10.548896944974878,10.54883525881312,10.548777210621358,10.548721367491202,10.548667852504137,10.548616392933717,10.548568055256734,10.548521786868633,10.548477525281266,10.548435217356783,10.548394639910004,10.548355893349392,10.548319459927278,10.548284410961328,10.548250535205723,10.548218471666214,10.548188288163745,10.548159169948029,10.548131344376676,10.548104667887298,10.548079243930781,10.54805518447438,10.548032055624473,10.548010309057133,10.547988831287624,10.547968749629632,10.547949693613798,10.547931766881115,10.547914003909609,10.547897142891935,10.54788125114406,10.547866029959227,10.547851934131192,10.547838287109785,10.547824747006393,10.54781187939669,10.5478001660301,10.547789109538877,10.547777829195454,10.547767162689638,10.547757230114165,10.547748214975242,10.547739110758515,10.547729880967157,10.547721781146828,10.547714082208692,10.547705402740238,10.54769984969183,10.547693408062583,10.547685864895525,10.547679184866963,10.547674279865825,10.54766913841873,10.547662918831325,10.54765726165626,10.547652830182022,10.547649032164342,10.54764427443819,10.54763942796269,10.547635246885658,10.547632366594549,10.547629121235234,10.54762475786866,10.54762064787662,10.547618828526321,10.547616066926533,10.547613185736976,10.547609021585048,10.547607530909247,10.54760543955477
3.244226079171643e+51,10.554445444615654,10.554124202318386,10.553833075698623,10.55353773401719,10.553272825228584,10.553005237531023,10.552761243517857,10.552522956494089,10.552300239026103,10.552085218797679,10.551879941785534,10.55167781221259,10.551492848271208,10.551314903803624,10.551141119857792,10.5509790605583,10.550822942933484,10.550674134555225,10.550530045046319,10.550395541575963,10.550265366939202,10.550143524924101,10.550025074700631,10.54991160936458,10.54980410506695,10.54970228219074,10.549604045918173,10.549510074748772,10.549421331392015,10.549336247184158,10.549254548757666,10.549176512145541,10.549103074653686,10.549032469795776,10.54896476829051,10.548899696332427,10.548838517789761,10.54877999291531,10.54872401482743,10.548670520462194,10.548619167994541,10.548570162278057,10.548524053743211,10.548479761018163,10.548436907495102,10.548396342765043,10.548358132357432,10.548321298841557,10.54828611341276,10.548252373549394,10.548220171909003,10.548189727464854,10.54816048082875,10.548132971853466,10.548105801279963,10.548080387019155,10.548056237582175,10.548033551860954,10.548011113429485,10.547989758475834,10.547969593545542,10.547950390578762,10.547932514528549,10.547915259003185,10.547898145070931,10.54788182536949,10.547866918125502,10.547852935666297,10.54783872665296,10.547825153214058,10.547812560680907,10.547801107808086,10.547789642739376,10.547777894302538,10.547767640594655,10.547757822536921,10.547746811499167,10.547739789057468,10.547731614354776,10.547722070173132,10.547713537721327,10.547707231693632,10.547700710485552,10.547692852626556,10.54768563657892,10.547679897836483,10.547675035561905,10.54766910390148,10.547662896384036,10.54765744893768,10.547653741329745,10.547649580548944,10.547644069492643,10.547638706270481,10.547636343592783,10.547632748646121,10.547629117668365,10.547623803698336,10.547621691466887,10.547619037793922
4.103281509117715e+51,10.5562726745446,10.555866336179616,10.555498049927564,10.555124509138777,10.554789438140107,10.55445096036917,10.55414233249845,10.553840949257157,10.553559216015989,10.553287268410333,10.553027627894238,10.552771945215241,10.552537988875997,10.552312919392193,10.55209311378683,10.551888122682138,10.551690643384143,10.551502422783775,10.551320183178001,10.551150060506048,10.550985408373311,10.550831292414237,10.550681473990075,10.550537942826159,10.550401971597854,10.550273194725337,10.550148927519178,10.55003006085608,10.549917821386085,10.549810231627891,10.54970687251845,10.549608151655544,10.54951526315089,10.549425978881093,10.549340331881059,10.54925804187135,10.549180632895784,10.549106593607705,10.549035796613039,10.548968158477882,10.548903183556785,10.548841197822272,10.548782854399722,10.548726869857793,10.548672670188786,10.54862134906619,10.54857297978444,10.548526400692039,10.548481915020103,10.548439223976148,10.548398458392592,10.548359956531439,10.54832296106234,10.54828816154643,10.548253795628131,10.54822163400231,10.548191051008285,10.548162345865094,10.548134000252062,10.548106970215263,10.548081412775131,10.548057164719655,10.54803451698736,10.54801267472623,10.547991066607514,10.547970387424407,10.547951440992607,10.547933761708443,10.547915854679092,10.54789860309174,10.547882659070552,10.547868134585169,10.547853676200074,10.547838751079373,10.547825770980992,10.547813283267278,10.547799356331678,10.547790486129681,10.547780102469662,10.547768050996686,10.547757190964385,10.547749091141872,10.5477408541466,10.547730940158413,10.547721749551867,10.547714374861098,10.547708175561084,10.54770076845764,10.547692855294994,10.547685801632788,10.547681069677102,10.547675763297388,10.547668805886236,10.547661881162849,10.547658839325447,10.547654210625575,10.547649639031686,10.547642925544276,10.547639992277826,10.547636653312372
5.189810676624189e+51,10.558583954589642,10.558069968400742,10.557604073473232,10.557131613815136,10.556707788448332,10.556279637249558,10.555889247528272,10.555508057036587,10.555151665336739,10.55480770822539,10.554479299868563,10.554155877147037,10.553859951914983,10.553575271441911,10.55329725423921,10.553037960559049,10.552788161303145,10.552550088521057,10.552319590738838,10.552104418204676,10.551896152282211,10.551701216287764,10.551511726666368,10.551330155807596,10.551158182458147,10.550995310733189,10.550838120499614,10.55068776331271,10.550545805455666,10.550409750704794,10.55027900067238,10.550154123259308,10.550036623525813,10.549923715857213,10.549815362316776,10.549711300147335,10.549613360919277,10.549519699235585,10.549430164323304,10.549344636876704,10.549262431325685,10.549184027971934,10.54911021547108,10.549039433460898,10.548970886634063,10.548905958321878,10.548844749770538,10.548785849510702,10.548729602976003,10.548675580161703,10.54862399651285,10.548575305958721,10.548528505161457,10.54848448416743,10.54844102152353,10.548400323444243,10.548361602647434,10.548325309603031,10.548289479250279,10.548255274769168,10.548222899972492,10.54819227211632,10.548163594957801,10.548135942721466,10.548108658222377,10.548082466770627,10.548058431696461,10.548036069389237,10.548013487172406,10.547991571172338,10.547971414824968,10.5479530070622,10.547934766024555,10.547915818694682,10.547899405285092,10.5478835380173,10.547865942075479,10.54785474237286,10.547841560322679,10.54782635073837,10.54781254199626,10.54780217714879,10.547791799715565,10.547779302361592,10.54776759828427,10.54775815990658,10.547750303505632,10.547741016736303,10.547730959896448,10.547721872777338,10.547715880661054,10.547709118680523,10.547700352291363,10.5476914517355,10.54768756068558,10.547681657240899,10.547675901614816,10.547667445516502,10.547663461799177,10.54765928690244
6.564047531068212e+51,10.561507579598622,10.560857415595978,10.560268037020455,10.559670440508809,10.559134336849246,10.558592748143788,10.5580989314919,10.557616780221954,10.557165947234068,10.556730898806741,10.556315502125837,10.55590639026553,10.555532077106253,10.555171991757211,10.554820337226737,10.554492358093874,10.554176373906827,10.553875241607475,10.553583702895509,10.553311551665645,10.553048115874025,10.55280154645277,10.55256187595587,10.552332187801172,10.55211467366285,10.551908678997426,10.5517098496538,10.551519654666869,10.551340106722472,10.551168047740944,10.551002659819243,10.55084469557096,10.550696064765406,10.55055327838595,10.550416202459523,10.550284600964252,10.550160695337103,10.550042220927208,10.549928983349876,10.549820830372383,10.549716830632226,10.549617663785877,10.5495242877316,10.549434787651506,10.549348097914182,10.549265959582936,10.549188507774543,10.549114024547702,10.549042901444006,10.548974545712804,10.548909296347487,10.548847702558065,10.548788505941864,10.548732816986544,10.548677876242547,10.548626363103233,10.54857734506119,10.54853147681702,10.548486164015578,10.54844288896789,10.548401890969911,10.548363207587418,10.548326903065066,10.54829190142311,10.548257437857611,10.548224280759493,10.548193823966708,10.54816553472602,10.548137036789385,10.548109211388399,10.54808375078318,10.548060435600531,10.548037400498789,10.548013371613187,10.547992622499287,10.547972489169123,10.54795025812668,10.547936107210075,10.547919405574993,10.54790019035567,10.547882661992466,10.547869443407341,10.547856379661292,10.547840618668804,10.547825718713234,10.547813678926659,10.547803740058317,10.547792087290834,10.547779311940449,10.547767685868607,10.547760094335624,10.54775148196727,10.547740475389597,10.547729060150417,10.547724115835537,10.547716597747506,10.547709364562737,10.547698718946473,10.547693414902684,10.547688198502115
8.302175681319701e+51,10.565205891433669,10.56438344668374,10.563637843281967,10.56288193528387,10.562203786637083,10.561518691878016,10.560894032843427,10.560284159299906,10.559713852323691,10.55916356968908,10.55863813182496,10.558120626960047,10.557647147812379,10.557191676929783,10.556746873074216,10.556332006297085,10.555932300466301,10.555551399211497,10.555182648794117,10.554838423520579,10.5545051983838,10.554193319837793,10.553890170551416,10.553599621520759,10.553324498741102,10.553063971588882,10.552812461529657,10.55257187416679,10.552344782325566,10.552127177898644,10.55191798877093,10.5517181650493,10.551530155733822,10.551349575609025,10.551176176177004,10.55100973961668,10.550852995063062,10.550703137772912,10.55055991818003,10.550423144381996,10.550291579203037,10.550166154492917,10.550048028697656,10.54993485340712,10.549825219339814,10.549721312963849,10.549623314544641,10.549529125761536,10.54943918642286,10.549352698864729,10.54927017235298,10.549192259686208,10.549117381955691,10.549046933341252,10.548977488447852,10.548912287895545,10.54885024901168,10.548792264115688,10.54873496909647,10.548680209852401,10.54862831390974,10.548579455264743,10.548533492793899,10.548489201382703,10.548445648575884,10.548403691085296,10.54836511476509,10.548329329313301,10.5482933512683,10.548258060167477,10.548225882108431,10.548196371475631,10.5481672787896,10.548136821381492,10.548110599577123,10.54808506019298,10.548056982756178,10.54803908724584,10.54801795375213,10.54799366281506,10.547971442914,10.547954615581208,10.547938172373717,10.547918283141044,10.547899330730068,10.54788402760337,10.54787143365214,10.547856802444388,10.547840598510865,10.54782579248173,10.547816153765426,10.54780519134097,10.54779139824184,10.547776780354312,10.547770523600962,10.547760978381309,10.547751896271178,10.547738477364035,10.547731524059975,10.547724984546814
1.050055178870415e+52,10.569884336536184,10.568843922715134,10.567900659657111,10.566944455103283,10.566086591191166,10.565219944635011,10.564429746768738,10.563658286657985,10.56293683007345,10.562240764387727,10.561576119511422,10.560921487200805,10.560322556580816,10.559746416774685,10.559183777573793,10.558658998459222,10.55815338593278,10.55767157182758,10.557205148278538,10.556769751794441,10.556348244179185,10.5559537549724,10.555570302020447,10.555202769182285,10.554854772875478,10.554525268288618,10.55420711835376,10.55390278944516,10.553615560194856,10.55334034090754,10.553075751212774,10.552822980084999,10.552585162935078,10.552356771382229,10.55213742990268,10.551926932988717,10.551728650302229,10.55153909929632,10.551357954364278,10.551184984343225,10.551018546254637,10.550859910789507,10.550710480193997,10.550567367284081,10.550428703462543,10.550297266945362,10.550173284923575,10.550054164183898,10.549940429757823,10.549831022267973,10.549726628275039,10.549628081043181,10.549533369515515,10.549444253104182,10.549356464847397,10.549273948564204,10.549195446146394,10.549122128004646,10.549049695833752,10.548980398852251,10.548914732766184,10.548852999906764,10.548794819001152,10.54873878066753,10.548683734771782,10.548630657462672,10.548581797507879,10.548536531703618,10.548491098532098,10.548446375250807,10.548405693242188,10.548368348494241,10.548331606097264,10.548293015040965,10.54825987432443,10.548227502531224,10.548192035229793,10.548169394435961,10.548142664825477,10.548111950350414,10.548083812457937,10.548062412800277,10.54804170495935,10.548016586774226,10.54799251922869,10.547973094586482,10.547957154072082,10.547938763125586,10.547918223138446,10.547899402259684,10.54788718043847,10.54787324190418,10.547855936250023,10.547837273782932,10.547829349706829,10.54781726056462,10.547805846595729,10.547788921759695,10.547779899163787,10.547771679169355
1.328104729406655e+52,10.575802949610114,10.57448673367348,10.573293361281937,10.57208372715606,10.570998468466051,10.569902118306565,10.568902470539335,10.5679265685938,10.567013875786303,10.566133366625936,10.56529260546313,10.564464487422198,10.563706842437659,10.562978040645326,10.562266330536762,10.561602502352297,10.560962911293851,10.560353435033342,10.55976345281766,10.55921272431602,10.55867953101409,10.558180538563718,10.557695500964346,10.557230588827057,10.556790404146017,10.556373646377718,10.555971195489189,10.555586239250877,10.555222940185468,10.554874841873628,10.554540168773508,10.554220426529572,10.553919604918457,10.553630735125324,10.553353286181965,10.553087050936094,10.552836232444454,10.552596471531865,10.552367356154681,10.55214859837081,10.551938053005253,10.551737408953018,10.551548381164466,10.551367399112637,10.551192019955868,10.55102576487209,10.550868910650232,10.550718256359405,10.550574423614057,10.550436035358631,10.550303973773705,10.550179330613638,10.550059531766669,10.549946805803517,10.549835816996243,10.549731401043156,10.549632085867447,10.549539356428117,10.54944778283432,10.549360098644252,10.549277030769774,10.549199004523892,10.549125364561815,10.549054477382496,10.548984888281337,10.548917759545656,10.548855897057415,10.548798642366355,10.548741238593573,10.54868459363991,10.548633159720742,10.548585894954687,10.548539479847646,10.548490609441021,10.54844871652904,10.548407705105284,10.548362888536598,10.548334257052021,10.548300451098322,10.548261610066854,10.54822599050276,10.548198812608419,10.548172704441162,10.548140983675015,10.54811047369564,10.548085804675841,10.548065648903671,10.548042500686893,10.548016485051917,10.547992589298765,10.547977101813022,10.547959396571661,10.54793766961548,10.547913916581834,10.547903864463246,10.547888563349211,10.54787420477205,10.547852841537718,10.547841212579378,10.547830887056566
1.6797804608418843e+52,10.58329091952787,10.581625683643649,10.58011579985376,10.578585477183827,10.577212463820265,10.57582545731173,10.574560781842635,10.573326190277692,10.572171522397815,10.571057639091253,10.56999404445476,10.568946430068989,10.567987975160216,10.567066023283198,10.566165714691353,10.565325964392894,10.56451687255517,10.563745886999001,10.562999588205079,10.56230295340847,10.561628468884887,10.560997269441598,10.560383721860855,10.559795622959118,10.559238814224319,10.558711679552633,10.558202584872253,10.557715637603804,10.557256107931583,10.556815823922719,10.556392491132076,10.555988039502015,10.555607514396788,10.55524214352043,10.554891191487261,10.554554452903101,10.554237180105194,10.553933903044427,10.553644111967088,10.553367434226729,10.553101100139267,10.552847317960373,10.552608205512445,10.552379320990422,10.55215750253328,10.551947213316565,10.551748771584814,10.55155823007115,10.551376328125096,10.551201289000605,10.551034224727074,10.55087657436,10.55072505180803,10.55058246175732,10.550442127950312,10.550310007314614,10.550184374036464,10.550067087306683,10.549951311173668,10.549840362529117,10.549735291907412,10.549636655271835,10.549543455855208,10.549453794433436,10.54936580820286,10.54928090693037,10.549202605031523,10.549130187689261,10.549057640636935,10.548985919950782,10.548920890564409,10.548861073441934,10.548802421983263,10.548740563448623,10.548687600345705,10.548635662903274,10.54857901747089,10.548542813583573,10.548500052989652,10.54845093303669,10.548405871708226,10.548371371108152,10.548338433014852,10.548298366407925,10.54825973888946,10.548228407923684,10.548202927211,10.548173763099882,10.548140829338909,10.548110514488709,10.548090902120512,10.548068448363153,10.548041114893131,10.548010957638413,10.54799819911666,10.547978851786073,10.547960752964498,10.547933777396189,10.547918871349687,10.547905881483196
2.1245782310305718e+52,10.592765077964508,10.59065810550815,10.58874762161378,10.586811456267975,10.585074252659084,10.583319420622386,10.581719346042851,10.580157395106674,10.57869651488232,10.577287316812322,10.575941751822576,10.574616403392769,10.57340385385098,10.572237507296963,10.571098572526124,10.570036231320655,10.569012682711643,10.568037352322621,10.567093282435334,10.56621204758611,10.565358812595893,10.564560346461898,10.563784215246095,10.563040271412417,10.56233592485991,10.561669150870053,10.561025142738181,10.560409172163993,10.559827904531637,10.55927100429036,10.558735512202139,10.558223908383969,10.557742551838784,10.557280406988923,10.556836475218677,10.556410552018304,10.556009221193342,10.55562559325993,10.555259049351825,10.554909107557876,10.554572204905845,10.554251208631916,10.553948739393832,10.553659266607903,10.553378701254484,10.553112718343135,10.552861674380134,10.552620677449806,10.552390618348074,10.55216921990545,10.55195788265648,10.55175847927404,10.551566831312208,10.551386473217885,10.551209019304585,10.551041853130842,10.550882930484704,10.550734593436719,10.550588207796576,10.55044782541965,10.550314926471174,10.550190219333185,10.550072284097917,10.549958875508551,10.54984763052613,10.549740232157825,10.549641142744319,10.549549545821788,10.549457857446471,10.549367064581514,10.549284836633268,10.549209147633446,10.549135010078945,10.549056747638911,10.54898976992002,10.548924012235721,10.548852399959532,10.548806626295137,10.54875253423489,10.548690425928179,10.548633433779756,10.54858964838094,10.5485480778317,10.548497467813151,10.548448579665289,10.548408821979292,10.548376605094294,10.548339828828754,10.548298149256626,10.548259722972954,10.54823489573628,10.54820644517811,10.548172000248707,10.548133764427442,10.548117591334877,10.548093127269127,10.54807028385055,10.548036215117975,10.548017184352942,10.54800081633391
2.687156307025216e+52,10.60475338815778,10.602087234687113,10.599669630740442,10.597219770945227,10.595021567592061,10.592801185102415,10.590776590400157,10.5888003228214,10.586951889523828,10.585168948590447,10.583466538332985,10.581789728362907,10.580255623647359,10.578780008071284,10.577339118085312,10.575995111594903,10.574700200567005,10.573466304769532,10.572271996541904,10.571157188726122,10.570077788669984,10.569067688523427,10.568085852418067,10.567144734472151,10.566253726922492,10.565410285712609,10.564595590441723,10.563816388975427,10.563081107610726,10.562376675799337,10.561699292604771,10.561052135628575,10.560443218447048,10.55985864934573,10.559297094900744,10.558758351001208,10.558250688992356,10.557765417863832,10.557301777324293,10.556859156577366,10.556432992834935,10.556026972544265,10.555644354272104,10.555278240023199,10.55492336442537,10.5545869305086,10.55426934997346,10.55396453427542,10.553673556027308,10.553393516494486,10.553126179262113,10.5528739609491,10.552631558622881,10.552403427202016,10.552179021368326,10.551967536932098,10.55176649609832,10.551578888546212,10.551393785891799,10.551216174532994,10.551048078090977,10.55089039534561,10.55074117086777,10.550597724570148,10.550457071618006,10.550321208281424,10.550195832216543,10.550079969386784,10.549964076505066,10.549849162113363,10.549745185310554,10.549649423536726,10.549555690351632,10.549456688836077,10.54937198071944,10.549288746912898,10.549198197636182,10.549140326236337,10.549071903308114,10.548993365114372,10.548921285852982,10.548865756000332,10.54881327109184,10.54874932290032,10.548687462282016,10.54863704544522,10.548596319637992,10.548549911942352,10.54849716821518,10.548448483473187,10.548417063081464,10.548381021977999,10.548337581804715,10.548289152840809,10.548268649290403,10.548237716649556,10.54820887154218,10.5481658316181,10.548141592391367,10.548120946331569
3.3987023461512683e+52,10.619924819571308,10.616550659188604,10.613490946729144,10.610390751891098,10.60760888532025,10.604799156056133,10.602237138063575,10.59973640750629,10.59739738952732,10.595141375042445,10.592987291347034,10.590865659992819,10.588924570457449,10.587057537268503,10.585234509985378,10.58353404176879,10.58189572184387,10.58033461838104,10.578823652705772,10.57741327661495,10.57604769213829,10.574769796483187,10.573527675286268,10.57233707311718,10.571209885999123,10.570142913909585,10.569112257883436,10.56812653554579,10.567196392899499,10.566305306178453,10.565448407979,10.564629756580686,10.563859457280426,10.563120006629514,10.562409650280335,10.561728176230307,10.56108600129207,10.56047214958806,10.559885673598806,10.559325804213895,10.558786724127987,10.55827314698923,10.557789140444566,10.557326072619732,10.556877200850469,10.556451644345938,10.556049895377857,10.555664351307326,10.555296320184686,10.554942099819392,10.55460392410051,10.554284898398196,10.5539782966965,10.553689734697683,10.553405939002321,10.553138400688164,10.552884078771616,10.552646799011448,10.552412722768176,10.552188025015058,10.551975411145758,10.551776013945473,10.551587210075423,10.551405773036558,10.551227930420254,10.55105606033579,10.550897436886608,10.550750873552655,10.550604364373312,10.550458944467595,10.550327464411739,10.550206322907323,10.550087784008378,10.549962562788773,10.549855427980827,10.549750086518799,10.549635583224052,10.549562408629335,10.54947588018742,10.549376545564945,10.549285390138584,10.549215003272405,10.549148711896454,10.549067894989294,10.548989629862556,10.548925734921143,10.548874250570274,10.548815652252662,10.548748927469772,10.548687263582494,10.548647499915715,10.54860185917489,10.548547054580933,10.54848574200843,10.548459751128714,10.548420637994383,10.548384210054785,10.548329828792951,10.548298987252155,10.548272935445695
4.298662347082272e+52,10.639127388455304,10.634856540820621,10.630983570783586,10.627059854519123,10.62353883047909,10.619982869265337,10.616740337297601,10.61357557320408,10.610615413261948,10.607760473680985,10.605034580324386,10.602349872481016,10.599893578449885,10.597531074383262,10.595224361769253,10.593072703121996,10.590999739451936,10.589024502793865,10.58711277954661,10.58532833669128,10.583600577450953,10.58198377969519,10.580412279626561,10.578905968300043,10.577479916100126,10.576130089774166,10.574826167509467,10.573579130417555,10.572402423247542,10.57127516413172,10.570191134335388,10.569155500900386,10.568181015885514,10.567245608056679,10.56634699196793,10.565484939863667,10.564672585405392,10.56389606419984,10.563154189709916,10.562445982694936,10.561764056752025,10.561114411406534,10.560502142142775,10.55991642010191,10.55934864109217,10.558810342281411,10.55830211723138,10.557814451220274,10.557348951576149,10.556900893251864,10.556473105833708,10.556069570918737,10.555681758365013,10.555316756027578,10.554957838428683,10.554619397770837,10.554297674113808,10.553997559851057,10.553701536446539,10.55341728127575,10.553148362463142,10.552896195520537,10.552657325803425,10.552427840436785,10.552202954856739,10.551985537889967,10.551784860274974,10.551599465067895,10.551414233012038,10.551230225522144,10.551063962346245,10.550910727018278,10.550760798662509,10.55060241990801,10.5504669151134,10.550333619373632,10.550188809477568,10.55009628097731,10.549986857242265,10.54986122374836,10.549745934333146,10.549656754243001,10.54957299626567,10.549470848869408,10.54937183205557,10.549290891747598,10.549225810035226,10.549151786471052,10.549067373000566,10.548989305744584,10.548938979026396,10.5488812029694,10.548812031697995,10.548734429032296,10.548701489232554,10.54865202696292,10.548606017398935,10.548537294375574,10.548498095110624,10.548465220773494
5.436927418827408e+52,10.663436678941004,10.65802980117286,10.653126445933822,10.648159586546607,10.643702179130663,10.639201072598887,10.635096584276297,10.631090846758717,10.627344032657016,10.623730645752449,10.620280679390422,10.616883049759673,10.613774407614615,10.610784584984593,10.60786553630469,10.605142673564648,10.602519491456594,10.60002001312918,10.597601013967395,10.595343081128439,10.59315690946094,10.591111157717206,10.589122781936965,10.587216909763695,10.58541262103578,10.583704828594165,10.582055087987245,10.58047736543537,10.578988641694217,10.57756252573064,10.576191089579318,10.574880896463489,10.573648045920383,10.572464690717988,10.571327872826501,10.570237345339116,10.56920966951118,10.568227337057275,10.567288848861084,10.566392967537379,10.565530319599619,10.564708526449875,10.563933986491508,10.563193091402281,10.562474884378181,10.561793955733839,10.561151029485725,10.560534174242699,10.559945370726547,10.559378603439823,10.558837454618962,10.558327015754282,10.557836469005593,10.557374771485836,10.556920823513904,10.55649269326937,10.556085708858554,10.555706110440848,10.555331726834577,10.554972137242682,10.55463199620727,10.554313077729596,10.554010882197263,10.553720616409196,10.553436227252885,10.55316119540575,10.552907325766062,10.552672811010925,10.552438600347369,10.552205782885457,10.551995520974733,10.551801693144071,10.551612059936485,10.551411740880921,10.551240349990467,10.5510717080186,10.550888558539155,10.550771549042008,10.550633167173851,10.55047427198696,10.550328450114858,10.55021550377431,10.550109652196603,10.549980529590824,10.54985525936061,10.549752770330901,10.549670488065196,10.549576950745873,10.549470158745134,10.549371352031727,10.549307665180688,10.549234539998185,10.549147197895907,10.549048994534422,10.549007265151243,10.548944729343772,10.548886588091587,10.54879973403109,10.548749963861942,10.548708465977013
6.876599595607174e+52,10.694217859899304,10.6873711216241,10.681161718552568,10.674873029388394,10.669228909265765,10.663530302384817,10.658333639209744,10.653262484548874,10.648519068421342,10.643944924114123,10.639577801625572,10.635277284573501,10.631342413023967,10.627558128849923,10.623863688705631,10.620417509535693,10.617097641343802,10.613934395010807,10.61087315934711,10.608015765950311,10.605249261790645,10.602660473768411,10.600144390368587,10.597732753216576,10.595449699851365,10.59328881205218,10.59120137529789,10.589205124841977,10.587321503207836,10.58551715979278,10.58378200259404,10.582124354474027,10.580564545022698,10.579067424353914,10.577629183983651,10.576249549220126,10.574949412727154,10.573706659164117,10.57251939278132,10.571386048846817,10.570294741266547,10.569255141101987,10.568275289329096,10.567338067424743,10.566429543201709,10.56556816389114,10.564754819017871,10.56397452140916,10.563229725729359,10.562512777371193,10.561828216713337,10.561182535974597,10.56056202507203,10.559978000154095,10.559403836070308,10.558862246416146,10.558347408450121,10.557867257431289,10.557393749209547,10.556938864496363,10.556508628093473,10.556105271074019,10.555722969132992,10.555355818673789,10.554996165941647,10.554648249648368,10.554327098068322,10.554030449601356,10.553734283034816,10.553439726593133,10.553173812139875,10.552928638743571,10.552688781709808,10.55243541320604,10.552218628077425,10.55200528440821,10.551773640457226,10.551625657323735,10.551450651799017,10.551249684310148,10.551065241920854,10.550922233755067,10.550788437504567,10.550625197670845,10.55046671965744,10.55033698331193,10.550232943765783,10.550114722356634,10.549979621722137,10.549854585143342,10.549774014217395,10.549681460483074,10.549571135333373,10.549446878976278,10.54939403883596,10.549314969412844,10.549241485446945,10.549131689942218,10.549068558709596,10.54901616016187
8.697490026177799e+52,10.733205101520051,10.724532474225976,10.716666730490564,10.708702296360354,10.70155346312914,10.694336964272601,10.687755793522923,10.68133431942105,10.675327797771091,10.669536150511266,10.664006868748448,10.658562499596202,10.653580803844884,10.648790049690225,10.644113450028655,10.639751056789358,10.635548796820492,10.63154489044108,10.627670345157279,10.624053818765795,10.620552459151481,10.617276048140017,10.614091813917696,10.611039846366912,10.608150660556998,10.605416155858649,10.602774634355454,10.600248587236141,10.597865086625873,10.59558198773537,10.593386463292848,10.591289046108903,10.58931541692433,10.587421184863297,10.585601475093572,10.58385596569483,10.582211025791079,10.580638715889036,10.57913663120797,10.577702797051765,10.576322149062156,10.575006948249642,10.573767302099547,10.572581663632336,10.571432340429903,10.570342641025928,10.569313671286736,10.568326581738496,10.567384424275797,10.566477468636869,10.56561146879707,10.564794689328421,10.56400975253647,10.563270966634432,10.56254471884864,10.561859596005615,10.561208313636092,10.560600953661396,10.560002050530404,10.559426618543435,10.558882404405457,10.558372230263679,10.557888593033642,10.557424180631033,10.556969320280448,10.556529208961797,10.556122952030549,10.555747699913146,10.555373161144106,10.555000511802994,10.554664200658696,10.554354075923177,10.554050690949612,10.553730220991966,10.553456011894305,10.553186128009758,10.552893141345681,10.552705979282678,10.552484648361453,10.55223046836142,10.551997172315277,10.5518161403835,10.55164699443785,10.551440604772186,10.551240125168137,10.551075924602834,10.55094436552971,10.550794926506514,10.550624016578015,10.550465799318182,10.550363880818045,10.550246744779118,10.55010735478373,10.549950146713291,10.549883253310684,10.549783267302157,10.54969038182523,10.549551565029718,10.54947154274645,10.54940535666516
1.1000543466830175e+53,10.78260354575848,10.771614052768093,10.761646354225988,10.751556301230213,10.742498375608783,10.733356848779893,10.725019616089709,10.716885864393598,10.709277649311367,10.701942406242992,10.69493983692544,10.688045746094513,10.6817371595561,10.67567082964573,10.66974970383234,10.664226319101171,10.658906066606404,10.653837106100907,10.648932284383115,10.64435411304411,10.639921959040727,10.635774587628397,10.631744152633058,10.627881277471289,10.624224518631316,10.620763638737735,10.617420534128689,10.614223693897886,10.611207290015043,10.608318067774906,10.605539736105493,10.60288561324346,10.600388129393226,10.597991217236354,10.59568865542606,10.59348005341483,10.591398692836963,10.589409276762398,10.587508751101163,10.585694625168188,10.583947804672752,10.582283830817495,10.580715415775403,10.579215416207624,10.577761386535927,10.576382774563587,10.575080957878928,10.573832205923374,10.57264032246348,10.57149295402923,10.570397390592357,10.56936412572321,10.568371150874901,10.567436557698944,10.56651789989084,10.565651182854646,10.564827277060509,10.564058977447607,10.563301438263352,10.562573501350172,10.561885095011265,10.561239787466324,10.560627953365561,10.560040497339845,10.559465196974957,10.558908458337417,10.558394542026775,10.557919851392485,10.557446172060507,10.556974742990999,10.556549376599099,10.55615708894349,10.555773345832959,10.555367999001694,10.555021146082444,10.554679743310775,10.554309168283309,10.55407244428376,10.553792515036406,10.553471027128827,10.553175931373753,10.552946802451546,10.55273294506328,10.552471975176534,10.55221837192053,10.552010572580453,10.551844204019574,10.551655286177544,10.55143907817441,10.551238891209126,10.551109971435094,10.550961739455675,10.550785591692742,10.550586705505257,10.550502035528876,10.55037559977229,10.550258167271798,10.550082642834385,10.549981262220234,10.549897643619166
1.391343435880869e+53,10.84522059449278,10.831289007283287,10.818651747195732,10.80586358076012,10.7943817110263,10.782797234890564,10.77223116255714,10.761924801354311,10.752284272285921,10.742990855224177,10.734119522573708,10.725387121678333,10.71739575099584,10.709711972509911,10.702213146124059,10.695217912836076,10.688480547673857,10.682061671720524,10.675851221696885,10.67005438531891,10.664442823157819,10.659191868775848,10.654089374567173,10.649199246569198,10.644570169162073,10.640189196497092,10.635957496474482,10.631911113426126,10.628093169393356,10.624436375242198,10.620920059315086,10.617561037428453,10.614400258242668,10.611366899220108,10.60845303702144,10.605658179458771,10.603024337084005,10.600506912348196,10.598102026326725,10.59580653113514,10.593596240914657,10.591490828384172,10.589506298395289,10.587608432171196,10.585768782245054,10.584024538585615,10.582377427036137,10.580797542648028,10.579289642462975,10.577838053414371,10.57645200605705,10.575144804610792,10.573888590880363,10.572706235661041,10.571544130016726,10.570447646744668,10.56940532986343,10.568433401137764,10.567475156198773,10.566554273464284,10.56568344146863,10.564867167171021,10.564093143380248,10.563350020432393,10.562622353220574,10.561918074591524,10.561267959364287,10.560667466920458,10.560068369793745,10.55947198540504,10.558933958953656,10.558437731158977,10.557952339173621,10.557439624498425,10.557000873306428,10.556569005714309,10.556100283282879,10.555800858703758,10.555446806281244,10.5550401798969,10.554666909014568,10.554376938823877,10.554106528121622,10.553776521151281,10.553455716461777,10.55319276861824,10.552982367625564,10.552743515125785,10.552470009795544,10.552216743514153,10.552053662931383,10.551866097826544,10.551643459195711,10.551391855033433,10.551284701848791,10.551124814504798,10.550976326915125,10.55075437489396,10.550625978266066,10.55052031367705
1.7597644720062144e+53,10.924635439619742,10.906964425238666,10.89093351755812,10.874717738538054,10.860155475441315,10.845468363582805,10.832071070483229,10.81900593672497,10.806784741228054,10.795005457128049,10.783762098839482,10.772697204447049,10.762570306771833,10.752834315337154,10.743334296574599,10.734472060998822,10.72593746853636,10.717806744512103,10.709940918193887,10.70259896288756,10.695492298430187,10.688842376420837,10.68238111389158,10.676189153121939,10.670327917926265,10.664781034521198,10.659423481747483,10.654300812403807,10.649467418248616,10.644838296926604,10.640387227849468,10.636135411600934,10.632134545337477,10.628295163122017,10.624607190332227,10.621069982931527,10.617736570302263,10.614550598761184,10.611507140788005,10.608602209940768,10.60580518820289,10.603140950085397,10.600629656680766,10.598228151071005,10.595900401997717,10.593693368696966,10.59160920825343,10.589610219690599,10.587702360679842,10.585865759296986,10.584112096276693,10.582458219488068,10.580868881579528,10.579372988999529,10.577902828981829,10.576515601953657,10.57519691560125,10.57396732120747,10.572755119591932,10.571590109713787,10.570488462829426,10.569455868260869,10.568476633495292,10.567536556894941,10.566616119596246,10.56572518209007,10.564902756548733,10.564143098284074,10.563385333157418,10.562630876095536,10.561950321312645,10.561322595073324,10.560708614001951,10.560060077192887,10.559505065877474,10.558958757058733,10.558365882363749,10.557987132286947,10.557539311935706,10.557024991350314,10.55655283045333,10.556185894856023,10.555843945195802,10.555426619938554,10.555020804093253,10.55468809665931,10.554421993367676,10.554119978418347,10.553773999520205,10.553453590104724,10.553247298140086,10.553009979004184,10.55272853641289,10.552410251983055,10.552274661787544,10.552072457293857,10.551884689834719,10.551604011230593,10.551441442621242,10.551307894555421
2.2257416228616296e+53,11.0254186090081,11.002989701625587,10.982639852997844,10.962065496795786,10.943584460174488,10.9249532276208,10.907956009174812,10.891384640471568,10.875883485232407,10.860945736213814,10.846689066267832,10.832662443629237,10.819823326210667,10.807481545759673,10.795441438591283,10.78420931069187,10.773393930737447,10.763091011886974,10.753125132720044,10.743822994036991,10.734819978363204,10.72639565685924,10.718211355070874,10.710368782852333,10.702945366168533,10.695920391192596,10.689135759835844,10.68264897577776,10.676528606172358,10.670667301495579,10.665031813456125,10.659648825530063,10.654583588913566,10.64972308799619,10.64505452960817,10.6405770407101,10.636357553137955,10.632324855796504,10.628472686476764,10.624795987979677,10.621256014529791,10.617884187121854,10.614705908349615,10.61166673434436,10.60872105297909,10.605928138792054,10.603290691980327,10.60076116227678,10.598347019054206,10.596023080422265,10.593804117783387,10.59171144759257,10.589700487303407,10.587807764400182,10.585947748181693,10.584192574230565,10.582524137753886,10.580968458688012,10.579434892439156,10.577960966736539,10.576567251721302,10.575260927081827,10.574022026856477,10.572832734496634,10.571668391391574,10.57054128837484,10.569500843605812,10.568539795103229,10.567581283982797,10.566626843374847,10.565765963786474,10.564971864842743,10.564195198794746,10.563374842136529,10.562672743920931,10.561981655939471,10.561231727559251,10.560752615382555,10.560186167685174,10.559535615846585,10.558938357335506,10.558474054148672,10.55804160571434,10.557513827595994,10.55700047681484,10.55657952122729,10.556242955423253,10.5558610411247,10.555423386419573,10.555018049628986,10.554757094870807,10.554456838036531,10.554101013793606,10.553698385874469,10.553526819427239,10.553271091468137,10.55303364203599,10.552678678142756,10.552472882041958,10.55230406866623
2.815107277447721e+53,11.153417017816201,11.12492697084296,11.099073519105689,11.072950525081717,11.049477988598579,11.025827482723228,11.004247659943939,10.983215347968928,10.963540955892237,10.944586085563751,10.926497670775476,10.908706999515722,10.892419976692086,10.876766535578541,10.861499684720854,10.847256795495696,10.833544680856972,10.820483311305995,10.807851345560739,10.796060668059216,10.784650740561782,10.773974310943332,10.76360366996358,10.753667015746373,10.744261839071546,10.735361931914559,10.726767435507883,10.718550850348208,10.710798547723956,10.703375006381302,10.696238072672065,10.689421266069024,10.683006916604132,10.676852272040978,10.670941104942347,10.665272194163082,10.659930001122799,10.654824542210896,10.649947853712748,10.645293506566194,10.640812489099181,10.63654445477005,10.632521404823914,10.628674647712508,10.624946475832365,10.62141167172813,10.6180736218118,10.61487233268048,10.611817177731272,10.60887625929996,10.606068244623298,10.603420080662817,10.600875399278845,10.59848033266946,10.596126860739734,10.593905964798747,10.591794848927243,10.589826435893366,10.5878861516797,10.586021278205342,10.584257940617041,10.582605199059145,10.581037686422604,10.579533018251821,10.578060035422677,10.57663410159073,10.57531777946831,10.574101889711145,10.572889372624294,10.571681910334535,10.570592866880645,10.569588254797164,10.568605749085988,10.567568023866405,10.5666798276888,10.565805567275397,10.564856958311035,10.564250852045676,10.56353432085722,10.562711430340734,10.561955914526733,10.561368427226675,10.560821486890298,10.56015398726107,10.559504603182118,10.558972007691992,10.55854630619894,10.55806331390486,10.55750969072544,10.556996928073072,10.556666819421997,10.556286948093579,10.555837036161973,10.55532772036862,10.555110638168507,10.554787209702624,10.554486914612855,10.554037987277034,10.553777513179181,10.553564090452342
3.5605341168712655e+53,11.316124754307502,11.27990280116249,11.247025950077322,11.213830333024445,11.183990956717635,11.153945012762863,11.12652394279606,11.099809066114192,11.074818236302619,11.050748109628064,11.027781606636998,11.005202240432206,10.984527185004561,10.964660532722844,10.945290675825914,10.927219040266724,10.9098244432113,10.89325693278759,10.877237371375385,10.862284649146536,10.847817300093876,10.834280104327602,10.821133141102095,10.808537863365066,10.796616864992965,10.785336985349755,10.774445666293255,10.764034190493835,10.754211249415276,10.744805844401192,10.735764527869456,10.727129311664596,10.719004025123612,10.711208384499017,10.70372182577976,10.696542597148166,10.689777240004275,10.683312063826838,10.677136930066736,10.671243645840264,10.665570240472151,10.660166703323156,10.655073330117812,10.65020345976526,10.645484112610738,10.641009589799424,10.636784133180889,10.632732041180425,10.628865078563747,10.625142855891616,10.621588948872517,10.618237388545142,10.615016925100637,10.611985810850069,10.609007634233976,10.606197145765085,10.603525625893765,10.601034705024372,10.598579595465301,10.59621988249467,10.593988703357502,10.59189748959864,10.589914047803672,10.588010221749716,10.586146638471917,10.584342537813352,10.582677085567758,10.581138673933477,10.579604726430972,10.578077111110742,10.576699341688455,10.575428338047464,10.574185364403721,10.572872630626838,10.57174895715865,10.570642929835563,10.569442961455854,10.568676144518529,10.56776972064139,10.56672880558065,10.565773071311195,10.565029725151224,10.56433792959702,10.563493677951296,10.562672201277877,10.561998364964264,10.561459893313291,10.560849032823382,10.560148704588604,10.559500047744336,10.559082450669194,10.558601865805297,10.558032937054147,10.557388665110363,10.557113994500732,10.556704933909241,10.556325137219908,10.555757352460844,10.555427712678487,10.555157866936936
4.503346390727188e+53,11.523165669502243,11.477065977835187,11.435212059816891,11.392988704550758,11.355015526632961,11.316809436032717,11.281931744443273,11.247968155994059,11.21619491840143,11.185602434448505,11.156417575831297,11.127738655022736,11.101471900990756,11.076238448460957,11.051645462059389,11.028699178798817,11.006618049442325,10.985589224389685,10.965260938305061,10.94628625648335,10.927931400839002,10.910756735412646,10.894081055073235,10.878107487675553,10.862989948101287,10.848686480748354,10.834878067486045,10.821679456016176,10.809227256887649,10.797305846637887,10.785847447528898,10.774904570855847,10.764608078309688,10.754730343707617,10.745245330849814,10.736150474512947,10.727580098824854,10.719390587550523,10.711569016148552,10.70410491597182,10.696919966669565,10.69007710932356,10.683627048310266,10.677460477410625,10.67148514344303,10.66581988059364,10.66046999329767,10.655339961467064,10.65044454712659,10.645732624004108,10.641233944867393,10.636991440333226,10.632915087184742,10.629078414110266,10.625309184230261,10.621752110367376,10.618370987890827,10.61521843126144,10.612111519654256,10.609125346263825,10.60630189395843,10.603655583852202,10.60114559509442,10.598736483120891,10.596378496630365,10.594095762210912,10.591988407587522,10.590041756201659,10.58810100148942,10.586168241144552,10.584425065939103,10.582816914864887,10.581244307138066,10.57958360963685,10.578161943872718,10.576762636460577,10.575244639223795,10.574274411845652,10.573127705791345,10.571810955190296,10.570601894856692,10.569661329340251,10.568786247410262,10.567718387086547,10.56667918701198,10.565826648507663,10.56514549554159,10.564372866462763,10.563486940884138,10.562666369844994,10.562138080774469,10.56153008531216,10.560810596597408,10.559995607527545,10.559648069109816,10.559130687735781,10.558650316694719,10.557932177762144,10.557515042322736,10.55717382703466
5.695810810737652e+53,11.786920666763743,11.728182857884185,11.674835869449373,11.621072427398483,11.572690897897106,11.524057696199154,11.479646038971202,11.436422083014032,11.395982771936344,11.357061392090209,11.319938035011155,11.283479489115928,11.250076851358351,11.21799761441301,11.186747027301958,11.157586198911227,11.129533162099763,11.102820548043677,11.077005497575549,11.052908963132317,11.029605548429178,11.007800530187687,10.986635033470245,10.966364299196798,10.947181190280922,10.929032633465948,10.911515868180697,10.89477486855723,10.878981070803523,10.863862805617227,10.849334103588893,10.835460378793368,10.82240643022202,10.809884961249631,10.79786303624434,10.786336838918428,10.775475605451588,10.765097965715675,10.755187416815568,10.745730541920484,10.736628407767599,10.727960145539951,10.719789494737196,10.711978639808407,10.70441101899214,10.697236251448032,10.690460955268884,10.683964622593216,10.677765763371532,10.671799678061987,10.666103877235054,10.660732464171428,10.655571739273196,10.650714472349225,10.645943242073391,10.64144050403864,10.637160601626876,10.633169989944674,10.629237639747112,10.625458183583254,10.62188475350816,10.618535534474397,10.615358804489741,10.61230992021292,10.609326019924273,10.606437385977282,10.60377059772188,10.601307103990006,10.59885140206103,10.59640587026866,10.59420017046945,10.592165246892375,10.590175412265776,10.588074395215312,10.586275573988175,10.584505102638056,10.582584685118357,10.581356952937965,10.579906171049016,10.578240415136852,10.576710808551775,10.575520656892259,10.574413636727643,10.573062871474537,10.57174820078053,10.570669539929334,10.569807842172382,10.568830538528264,10.567709804235554,10.5666717386074,10.5660033851764,10.565234198876523,10.564324237135278,10.563293284917421,10.56285353545882,10.562199128746046,10.56159152308658,10.56068317155103,10.560155347627484,10.559723846074382
7.204034061985125e+53,12.123339956470634,12.048409099630964,11.980324281438392,11.91178820226334,11.850065573588148,11.788088723099065,11.731466958381048,11.676394306692107,11.62486400856842,11.575290059504583,11.528016321541818,11.481621065791309,11.43909752855191,11.39827258515876,11.358523932193771,11.32142860172075,11.285754948790315,11.25179092494368,11.218979692810032,11.18835173374764,11.158740943205968,11.13103390005171,11.1041486559491,11.07840544690001,11.054045369455517,11.031001314154247,11.008765118696338,10.987517024386223,10.967471759890428,10.948287402389575,10.929854878245754,10.912255333188892,10.895696101691232,10.879814746126705,10.864569645910192,10.84995504883417,10.836184014280928,10.82302755406259,10.810464563735005,10.798477789872347,10.78694233532579,10.775957507613283,10.765603328998932,10.755706136604653,10.746118733614342,10.737029289369076,10.728446036288087,10.720216987908596,10.712365327036986,10.704809197145252,10.697595836937708,10.690793345798676,10.68425818816629,10.67810733986461,10.672066441104873,10.666365432521571,10.660946730415292,10.655894207451201,10.650916196124939,10.64613190911189,10.641608523122601,10.637368954431084,10.633347715129636,10.629488554065679,10.62571205470893,10.622056245472947,10.618681064469754,10.61556307035281,10.612455398290598,10.609360764828452,10.606569490927347,10.603994229033763,10.601476198857071,10.598817922531335,10.59654166839837,10.594301390616318,10.591871710510713,10.590317916924917,10.588482273245866,10.586374889685432,10.584439631861953,10.58293357674915,10.58153301305444,10.579824292953083,10.57816105140336,10.576796238914143,10.575706056453992,10.57446976809124,10.57305194155516,10.57173869944507,10.570893093037334,10.569919961831921,10.568769018989366,10.567464856380358,10.566908398953233,10.566080652362443,10.56531206259497,10.56416306996669,10.56349520755438,10.562949484618823
9.111627561154868e+53,12.55298757992399,12.457283763956593,12.370273631021544,12.282802983479467,12.203953925563505,12.124877524473119,12.052593693106619,11.982337725113576,11.91659007489208,11.853370128555028,11.79309719155936,11.733991424306044,11.679790647303708,11.627774854147074,11.577162628019519,11.529920734822834,11.484507720764887,11.441278187060643,11.39953313131035,11.360563722064782,11.32290205637416,11.287660967824195,11.253478989846595,11.220757168747571,11.189796036716691,11.160510800011181,11.132260826395603,11.1052711583512,11.079810117403168,11.055447936546884,11.032046189975752,11.009705011673802,10.988684936517322,10.968529021111134,10.949184736869622,10.930643331381487,10.91317277683379,10.896484073882649,10.880550184654927,10.865348838494068,10.850722473633697,10.836795445143235,10.823668050145587,10.811121623459531,10.798970399116333,10.787450694808694,10.776572711787288,10.766144851012179,10.756196100028234,10.746622920581904,10.737484722935731,10.728867098097787,10.720588942709616,10.71279765093606,10.705147174873073,10.697927120783628,10.69106486093825,10.6846661577427,10.678362986138824,10.672305431429503,10.666578345448668,10.661210582239777,10.656119277973408,10.651233542766303,10.646453065186327,10.641825607717353,10.637553145778533,10.633606069625644,10.629672727703502,10.625756237765577,10.622223417343958,10.618963849161306,10.615776981389695,10.612413336849837,10.609532577292262,10.606697515717816,10.603623272886251,10.601656487596115,10.599333645202847,10.596667363116927,10.594218678299749,10.592312706918124,10.5905405695736,10.588378889502113,10.586274522121132,10.584547543285277,10.583168167095256,10.581604136384497,10.579810375687376,10.57814894716538,10.577078992226413,10.575847798302116,10.57439194802804,10.572742133604402,10.572037936828742,10.570990896755113,10.570018603003845,10.56856515452765,10.567720105430897,10.56702987249886
1.152434262509855e+54,13.102371042748336,12.979997703493462,12.868659917117377,12.75689756858033,12.656035687073041,12.55502209811665,12.462621289300806,12.372883386597929,12.288884270637878,12.208158470193613,12.131213174304508,12.055826241373225,11.986651546051963,11.920293484182604,11.855773002433512,11.795534911029387,11.73765523225131,11.682567934246306,11.629397404539889,11.57975794622741,11.531804178601092,11.486930434126272,11.443425889442302,11.401791702469138,11.362401206491139,11.325147399913044,11.289223477524688,11.254909525686935,11.222539873406506,11.191575263609899,11.161839977848196,11.133456778733116,11.106752568349705,11.081151733662235,11.056588086159675,11.033048240107671,11.01086881739133,10.989685273825918,10.969462900119401,10.950172831037754,10.931616474942684,10.913949132181344,10.897296245667507,10.881382769629571,10.865974443268337,10.851367523657167,10.83757459039047,10.824354264962391,10.811742712949359,10.799609004651991,10.788027739497368,10.777106294646902,10.76661633099332,10.756743389555838,10.747051290194083,10.737904466407368,10.729211336069213,10.721105124245708,10.713121766931305,10.705450054277208,10.698197053299744,10.691399055064617,10.684951274895562,10.67876437647628,10.67271169036614,10.6668531905708,10.661443774992275,10.656446058852474,10.651466729020806,10.646509368895162,10.642037189689022,10.637910701079651,10.63387665488703,10.62961999039514,10.62597361933205,10.622385363449956,10.618495166571245,10.616005089032155,10.613065359564299,10.609691659774695,10.606593019926436,10.604180657739178,10.601938075487647,10.599203143346088,10.596540435247867,10.594355002564013,10.592609524197506,10.590630679919425,10.588361163609417,10.586259120975667,10.584905155126375,10.583347383433143,10.581505702168638,10.579418554831555,10.578527294130458,10.577202802599514,10.575972724789827,10.574134048780293,10.573064787818469,10.5721917115909
1.457593300969297e+54,13.805612118570824,13.64899181911801,13.50636777468417,13.363427857746268,13.234252081692311,13.105076051494219,12.986812310509865,12.872053430303176,12.764598047045206,12.661389070284493,12.563034168636518,12.466768177918217,12.378365302705102,12.293600013377734,12.211249105886317,12.134339798854866,12.060478664848265,11.990192847326602,11.922388450518191,11.859078573366778,11.797947132931613,11.74073744624083,11.685303434321181,11.632269768741716,11.582098321263112,11.534654339276845,11.488923081780182,11.445251830101851,11.404055715219602,11.364659564685857,11.326840297227033,11.290747198370394,11.25678971006636,11.224243518359676,11.193025403513223,11.163114851881183,11.134934071017573,11.108023560650757,11.08233866766191,11.057841815920316,11.034282983256034,11.011855471661148,10.99071575795675,10.970518343903217,10.950968096844417,10.932435585152312,10.9149362270611,10.898166198804374,10.882170492336694,10.866783589318102,10.852098980506653,10.838251068783341,10.824952218773161,10.812435705119094,10.800152205354946,10.788559786662011,10.777543011674167,10.767269489283363,10.757154534807396,10.747435356042628,10.738246894152116,10.729634731687442,10.721466448218715,10.713629486679421,10.705963951806641,10.698545104320996,10.691694387278673,10.685364624919034,10.679059665592414,10.672783615666129,10.667121033593022,10.661895825681446,10.65678830792543,10.651400773174812,10.646784414795924,10.642242069317476,10.637318721412445,10.634165289216073,10.630444241798099,10.62617496687236,10.622253353612997,10.619199589627417,10.61636122526039,10.612900688080213,10.609531147272993,10.6067652478322,10.604556194704223,10.602052237223166,10.599180551738744,10.596520858858213,10.594807266857737,10.592836151167118,10.590506177827972,10.587865648160223,10.586737464435723,10.585061909041757,10.583505558336217,10.581179409782576,10.57982639534081,10.57872194972171
1.8435569820732996e+54,14.70651680266339,14.505942658565285,14.323095362277224,14.14015053793384,13.97455505136645,13.809222966373241,13.657698974092037,13.510793332341951,13.373175448180245,13.241072081769628,13.115203207208793,12.992141671872284,12.879022572065432,12.770607543981454,12.665373808060815,12.567052582616718,12.472678494088951,12.382886195329649,12.296313709954829,12.215463831881538,12.137435721756532,12.064403561587593,11.99368112973131,11.926044789156684,11.862063192644964,11.801567158117637,11.743282576490524,11.68763814491243,11.635147188867085,11.584966688547933,11.53681347601314,11.49086724996684,11.44763974819571,11.406220817614617,11.366506141899722,11.328464293196173,11.292623843406348,11.258406159509105,11.225753678988102,11.194617268242206,11.164682613640144,11.136189333682541,11.109331973988933,11.083677291665131,11.05885391398063,11.035324064236091,11.013106497701598,10.991819233929183,10.971518043295843,10.95199375984792,10.933363273218841,10.915794341983721,10.898925045546177,10.883048225560795,10.867472816809489,10.852773727227765,10.838805538086211,10.825778793669487,10.812957599746598,10.800639553559098,10.78899450066829,10.778079595106586,10.767727607488286,10.757796787039553,10.748085393831612,10.738687773298926,10.730008917064369,10.721989327024716,10.714003500080645,10.706056097123422,10.698884250573226,10.692265836615757,10.68579748564065,10.678977440250852,10.673131640421634,10.667380262775062,10.661148389449266,10.65715357105723,10.652442598271332,10.64703927669584,10.64207531982724,10.638208849441359,10.634615725232274,10.63023655850894,10.625971992180377,10.6224709426234,10.619674715167912,10.616505865518043,10.612871866969611,10.609506276208208,10.607337181942176,10.604842807952682,10.601894776985288,10.59855393975596,10.597125577779247,10.595005768099945,10.593036384014018,10.590093302051741,10.588381124145279,10.586983867815615
2.3317219857494796e+54,15.861107871875078,15.60419690364624,15.369695506798902,15.135472339124663,14.92306811968113,14.711350380945516,14.517073273276203,14.328880589277832,14.152482533815547,13.983246488879223,13.822014500131516,13.664558804538382,13.519655259700228,13.380838513038487,13.246221167074221,13.120377862528933,12.99965230158689,12.884800596571447,12.774134054521978,12.670753358998239,12.571034478910011,12.477681063937132,12.38733977477404,12.300972357361545,12.21927500721242,12.142036252847474,12.067659761524856,11.99667203409268,11.929704708508181,11.865708831063243,11.804325163443538,11.745767266625457,11.690673150477707,11.637901196622202,11.587321198860057,11.53888512962472,11.493253253227063,11.44969784627136,11.408144577467901,11.368528926688588,11.330456501095258,11.294222841635719,11.260068844934146,11.227452449584167,11.195907067162965,11.166007239708039,11.137775571297517,11.110732543151776,11.084946977382112,11.060154681959036,11.036501382310544,11.014195743026718,10.992783020543575,10.972630139221106,10.952868909813933,10.934219531062832,10.916498971625355,10.899971210873852,10.883711253343694,10.868091734011346,10.853326098391781,10.839485854540603,10.826359979231778,10.813770078991386,10.80146177622132,10.789553161828088,10.778553921425702,10.768389073258732,10.758270649140922,10.74820384488235,10.739117331455716,10.730731188757648,10.722536746629565,10.713901410375005,10.706496496883934,10.699212295581685,10.69132255806557,10.686259786941562,10.680294038973146,10.673454278412825,10.667169670377598,10.66227296831387,10.657723295326075,10.652180840996158,10.6467826215938,10.642350196786468,10.638809972448053,10.63479900757218,10.630199739577392,10.62594040129139,10.623194157955238,10.620037232969262,10.61630674035223,10.612079533829363,10.610270680424046,10.607588613334075,10.60509624501849,10.601372262488741,10.599205380497569,10.597437498347272
2.949150729647062e+54,17.34070234396162,17.011731419198913,16.711025551370362,16.411191350831206,16.13872469813765,15.867586693375657,15.61842674600544,15.377270108698623,15.151061134695777,14.934144991894259,14.727491814470579,14.525913742821333,14.340149224603445,14.16225801874472,13.98991299928559,13.828689413088153,13.674104201214679,13.527047178059174,13.38543501245926,13.253093804738503,13.1255097422943,13.006033741022947,12.89049310966407,12.780074995312901,12.675626263090475,12.576884185437535,12.481854094846614,12.391178858530914,12.305631253522764,12.223911701555348,12.145564981611159,12.070840840856162,12.000532457302654,11.933211147254656,11.868715351615885,11.806972010500788,11.748803735912238,11.693296829679987,11.640355203633685,11.589893815958,11.541419000782229,11.495293033984654,11.451812734386792,11.410301814789262,11.370175213521618,11.332144008612515,11.296235137910575,11.261847805891188,11.229066479590712,11.197557691794083,11.167502487028791,11.139159293184083,11.111957760557928,11.08635656446682,11.061266885174165,11.037588800431676,11.015092203291523,10.994107302859247,10.973473320007436,10.953655698098967,10.934922174214208,10.917361974497044,10.900709058858636,10.884739138453275,10.86913172029293,10.854034313740188,10.840087473840017,10.827196812039295,10.814370666270795,10.801614654206022,10.79009743062269,10.779466645436779,10.769081310626616,10.758144565091763,10.748761192029223,10.739532531774255,10.729541447252467,10.723121967885522,10.71556488341065,10.706905002051775,10.69894640324999,10.692742987080235,10.686980414867747,10.679964409345535,10.673129768018875,10.667516867328892,10.66303351250091,10.65795559905931,10.652133715646952,10.646742493986736,10.643264634582284,10.639268548138102,10.634547215895676,10.629197944597138,10.626906530050832,10.623512739559594,10.620357977542136,10.615645351091235,10.612902667444363,10.610665573294899
3.730071629179319e+54,19.23566062698659,18.814754004538383,18.429411324735305,18.045826630334638,17.696472817006125,17.349383204816473,17.029916879102437,16.720948740144177,16.430875859905196,16.15283711568368,15.887930899501884,15.629827441235863,15.391594434020487,15.163532140843065,14.942788222575514,14.736112838412167,14.538043459811949,14.349612346974922,14.168264130441251,13.998699204459415,13.835315169834415,13.682249821843303,13.534330415467084,13.393016755210569,13.259331494768505,13.132950815667494,13.011390507084208,12.895430437202682,12.786009834681673,12.681527093321721,12.581406472323534,12.485934103257122,12.396092901097125,12.310100025217423,12.22775665256532,12.148952362334036,12.074708928373038,12.00388162845693,11.936346241937764,11.871990363214724,11.810198014630673,11.751409958401384,11.69598973770646,11.643096633046715,11.591998878169166,11.543571867245571,11.497847272396193,11.454074214646631,11.412355689841688,11.372271186630362,11.334044693548092,11.297994566034411,11.263407073003268,11.23085393987872,11.19897262957201,11.168884706728525,11.140301324468071,11.113634361614286,11.087430153160312,11.062268263763437,11.038483774784446,11.016187649422466,10.995044862275087,10.974773795744705,10.954971072302746,10.935820453039906,10.918125584622118,10.90176781625641,10.885500689117649,10.86932996057501,10.85472422794701,10.841240594036254,10.828072089711002,10.814216020110855,10.802320089397837,10.790623047912359,10.777967142752807,10.76982229309158,10.760245712954323,10.749278528663927,10.739196938809837,10.731334979786553,10.724033498745696,10.71515023537448,10.706494732009546,10.699384850983547,10.693705260499765,10.687274953557548,10.679903945245721,10.673078785233622,10.668672977180087,10.66361366735048,10.657637244802327,10.650867223042626,10.647963372538916,10.643668472681034,10.639674446657954,10.63370985513125,10.630237796267249,10.627406535342983
4.7177766191942895e+54,21.660011712699035,21.122130974934688,20.628894956320693,20.13868999059162,19.691186387686585,19.24726828595047,18.837975927826534,18.442404561879375,18.07065133544505,17.714439947718915,17.37498891239742,17.04461976285625,16.739145359403604,16.446780413456917,16.164050987875584,15.899072857100004,15.645234194127134,15.40371266664878,15.171393832604284,14.954024742692301,14.744678714903866,14.54844469503829,14.358937300848918,14.177944537363349,14.00669131468717,13.84478241860694,13.689135951059189,13.5406912590092,13.400581324784888,13.266844753648058,13.138755439128273,13.01663258180188,12.901689869172628,12.791710253700566,12.686451766646254,12.585748889513011,12.490866398461296,12.400374056914806,12.314111489155444,12.231929900199221,12.153063801208816,12.078044599656426,12.007314386015283,11.939832739426363,11.87468734843198,11.81294890183197,11.75465404795308,11.698867279885185,11.645713232102372,11.594662319233484,11.545990294534315,11.500086762861976,11.45606110115617,11.414623456805986,11.374073432900945,11.335803462854354,11.299451694943201,11.265530081982877,11.232222862085521,11.200248906748765,11.170026437395762,11.14169288352621,11.114826929675258,11.08907559726093,11.063931858145311,11.039623846225888,11.017157681734618,10.996384480615658,10.975739989481225,10.955229538792556,10.936695449215819,10.91958197725594,10.902874396895585,10.88531273091594,10.87022296364101,10.855389784667556,10.839352417294052,10.829010534904794,10.816869064502932,10.802975431322123,10.790199683191021,10.780230846970515,10.77097533737215,10.759724845249814,10.748759892263779,10.739750451094597,10.73255254551595,10.724407122901148,10.715072419401153,10.70642992772336,10.700846329820115,10.694439322904797,10.686872490946271,10.678303030078487,10.674621247394771,10.669185163986308,10.664127305411323,10.656576802494314,10.652180479939638,10.648596592811765
5.967021130238443e+54,24.757263438383934,24.070928342334952,23.440531943768736,22.81494423923802,22.242507391716476,21.67547864772522,21.151749270462947,20.645881198452766,20.169954604069975,19.714037329804015,19.2794489097589,18.856925261331806,18.465497886923696,18.09091993552436,17.72898720004605,17.389388356855598,17.064173733755762,16.75466084806605,16.45707889955653,16.178420086305533,15.9101548090519,15.658515411786954,15.415655236195585,15.183755564719116,14.964270424637478,14.756722885184525,14.557306306077194,14.367143468762315,14.18758956090109,14.016260120301821,13.852242859175625,13.695881373473691,13.548668438859803,13.407858422693087,13.273161183812205,13.14433102442874,13.022927472053546,12.907169586584844,12.796850937529046,12.691774586295018,12.590994088903754,12.495143179135534,12.404754911882836,12.318548928734632,12.23539245773374,12.156584725783594,12.08216735867268,12.01097941475002,11.943170399862078,11.878074551431977,11.816029397670745,11.75750788728156,11.701402610743838,11.648591919837765,11.596961024405022,11.548230833492918,11.501949224410048,11.458749822031201,11.416371858010388,11.375702703577119,11.337262629955335,11.301220991240315,11.267048872682185,11.234304865875284,11.202352733958604,11.171474468959744,11.142926361351831,11.11652201216058,11.090302248494684,11.064270946427909,11.04073427583011,11.0189964048877,10.997783271333569,10.975514311983174,10.956360182547064,10.937538438763513,10.917207120056426,10.904063300064507,10.888661151327419,10.871053408347663,10.854856017710794,10.842208048577747,10.830469131197885,10.81621592509086,10.802319898066495,10.790898173623967,10.781771530327076,10.771449573954056,10.759624321153245,10.748677461207699,10.741597683827809,10.733481480899282,10.72389840801613,10.71304911289245,10.708378134975158,10.701496374966295,10.695089287530877,10.68552908185889,10.679960975624663,10.675423384559254
7.547059566968942e+54,28.707819069125183,27.833466092242254,27.02911489616802,26.232002958798805,25.50095160747918,24.777777801995335,24.10865127409679,23.462683506222596,22.854268108272308,22.271532854105814,21.71586564816395,21.176140577842162,20.675153982905165,20.195756879395134,19.732890779497154,19.298043772784997,18.88171664094931,18.485349628812422,18.104406213520928,17.74735228592193,17.403725070074206,17.081124876378006,16.769953065499248,16.472860365129737,16.191555901289075,15.925470964288388,15.669925678301166,15.426251188778032,15.196053251851808,14.97645666521154,14.766320465388867,14.565996241442894,14.377312252336313,14.196884220300452,14.024370884266517,13.859411512725297,13.703920917672855,13.555690339045762,13.414455333179246,13.2799557219631,13.151028676262989,13.028420129306514,12.912766392214408,12.802502594611344,12.69622935950391,12.595508252800508,12.50038554005266,12.409427539262365,12.322811842811532,12.239703504248494,12.160512929263767,12.08580855032649,12.014219476375315,11.946826597715626,11.881010859867366,11.818887376303113,11.759893132981892,11.704808273558061,11.650829185080768,11.599044724143798,11.550099551791746,11.504201090063319,11.460686786889742,11.419006283633992,11.37836292922873,11.339103403684671,11.302791271895238,11.26919383710894,11.235863417020736,11.20280068290942,11.172884725218804,11.145246661560853,11.118289821323048,11.090035752992916,11.065702765229217,11.041802349087146,11.016013728886234,10.999290041218018,10.979738017524086,10.957412954201502,10.936866002465406,10.920807069722773,10.90590847778236,10.887843987515891,10.870224993782163,10.855736994884234,10.844157752690668,10.831071542684786,10.816085477659387,10.80221494344575,10.793232544326118,10.782947269970219,10.770806675954718,10.757067710667249,10.751137273280829,10.742423388036332,10.734303960773403,10.722195815935985,10.71514124824095,10.709394593695752
9.545484566618328e+54,33.73852163999766,32.62638860711117,31.601807834921765,30.58773614772656,29.655721509618942,28.734884243123723,27.881439342694712,27.05791320421922,26.281409334983294,25.537770283688545,24.82840391982587,24.139992558980154,23.499741574376518,22.88707189090134,22.295925928368987,21.73984388680069,21.207533376305918,20.700525614422844,20.213393053834317,19.756340318922692,19.316576573792116,18.903333325557792,18.50491776030001,18.12453940371938,17.764186096563293,17.42318731601017,17.095816191332627,16.78363752571749,16.48853428824503,16.20706937862789,15.93782302227253,15.681127707940353,15.439212410976639,15.207926805060072,14.986879213322476,14.775546234652632,14.576268139608203,14.386317990307974,14.205359152681472,14.033049056963064,13.867969731443175,13.710985519357488,13.562847051224388,13.421657330529314,13.28569830766112,13.156825532918186,13.035089130262536,12.918729067279221,12.807954056572024,12.701720260315533,12.60052296175584,12.505037059498061,12.413574679382856,12.327457964276197,12.243460173337272,12.164163492449225,12.088869808699602,12.018533643555832,11.949695287385866,11.883681091148791,11.821286076486098,11.762762420095838,11.707282427751537,11.654162498966214,11.602407861218488,11.552441879463636,11.506202765060154,11.463401081419317,11.420988337624252,11.378959150558597,11.340895976809433,11.305717489873231,11.271427431063643,11.235555979227964,11.20461432145722,11.17423848699889,11.141507336023869,11.120200283785753,11.095359826603497,11.067038050638397,11.040956049655545,11.020548216937325,11.001624322736156,10.978718538887096,10.956366308403586,10.937976392651063,10.923274616978437,10.906674445875561,10.887673801977401,10.87009119117313,10.858686274637407,10.845646160279824,10.83025925753423,10.812855839971931,10.805319319752446,10.79428246669211,10.783988084643207,10.768647759893945,10.759706194046197,10.752425872449194
1.2073082874598655e+55,40.13493439847301,38.72234261997061,37.41926559212208,36.131039504691444,34.94476665129296,33.77403198385505,32.68731018025049,31.639119458444462,30.649762132095454,29.702365903083525,28.798292743239283,27.921628968437176,27.104769261875838,26.323056557746707,25.56926019926962,24.859264395331277,24.179693850456278,23.53212162673745,22.910081381760172,22.325828551186714,21.76376564521295,21.235067005871556,20.725537314464674,20.23905047600094,19.777892880668247,19.341281180132594,18.9222363460139,18.522581909945906,18.14450110762661,17.78392021648153,17.439081316645517,17.110256415558762,16.800150035485952,16.503698434654815,16.220465606607082,15.949701345746574,15.694252066877809,15.450767319796405,15.21882163060061,14.997965909049885,14.786485936419233,14.585364578582118,14.395475027423656,14.214539472271607,14.040464035671876,13.87542387406595,13.71947158318493,13.570461589169353,13.428636395583466,13.292696160530793,13.163233632572318,13.041038180152137,12.92404523322347,12.813860666103329,12.706534011728667,12.605192297483253,12.508974493760185,12.419039695368292,12.331144197805854,12.246889305006588,12.167250006501687,12.092530179266248,12.021699331495192,11.953912444513607,11.887931667164128,11.824269801412587,11.765317719059498,11.710717059528427,11.656685691741773,11.603207710795898,11.554722612096178,11.5098902901696,11.466222211371273,11.420645551856344,11.381256997756685,11.342612559974551,11.30104003831947,11.273850968251319,11.242261235091062,11.206308924657966,11.173174682653398,11.147213001104008,11.123153365505123,11.09409250471494,11.065716079146862,11.042354396428381,11.023671490244354,11.002599400759152,10.978495130747172,10.956195455569656,10.941701450310221,10.925159270618705,10.905648444088586,10.883595306647626,10.874006824461219,10.860023002267146,10.84696333378948,10.82751999427063,10.816180880867677,10.806953800231307
1.5269977032561245e+55,48.25706202496179,46.46494570875578,44.809901586448674,43.17541177988269,41.667718118788805,40.18127274012158,38.799610548538695,37.4674399096675,36.20887804975726,35.00379382298004,33.853418570724784,32.73873689060105,31.69830169222069,30.70256688979864,29.74291406860408,28.83792272485084,27.971778727300794,27.146028295119407,26.352986523358783,25.60733503768221,24.890080650680243,24.21471538164873,23.56404539377553,22.942735378201156,22.3533854572439,21.79508564398571,21.25935868968336,20.748311417599336,20.264445047869046,19.80296903458946,19.36171623458888,18.940838301234045,18.543600717610456,18.16385448007482,17.80113231743583,17.454371998390243,17.12701831863109,16.814974248317093,16.517705791264927,16.23462691139847,15.96368470319323,15.70597154126417,15.462486413132464,15.230523307695977,15.007551531334947,14.79608039492795,14.59616264429528,14.405203586300278,14.223481606935506,14.049385727835217,13.883618899955922,13.727087403480272,13.577285373264596,13.436147476051907,13.298873330058193,13.169213620213323,13.04611323912597,12.930967097951804,12.818607551710148,12.710947122088607,12.609173729192126,12.513649669269556,12.42309730524898,12.336478381650842,12.252259277187445,12.171055005897792,12.095797297046415,12.026044987233677,11.957128024084904,11.889013216708983,11.82717467980142,11.769960141277727,11.71427864914999,11.656323225394303,11.606119767050652,11.55690023645746,11.50405551103233,11.469298352220246,11.42908112765091,11.383409049479772,11.341277402245252,11.308210035640839,11.277586872875847,11.240692948812754,11.204639841655458,11.174933767407728,11.151166727115523,11.124396394148574,11.093797167379964,11.065497489478787,11.047057521066234,11.026058506808505,11.001303928561258,10.973346806873325,10.961130853964193,10.943405958737028,10.926826295440543,10.902170171366993,10.887781645375995,10.876081404148758
1.9313393355853651e+55,58.559356863538596,56.28785648859335,54.188085787103304,52.11629407132726,50.20242611480622,48.31722527868352,46.56284668115734,44.87189629034054,43.273093015167895,41.74235161056653,40.28066751584356,38.865282035864745,37.54213181399267,36.27575295478708,35.05586907468019,33.90419327140416,32.802024345601275,31.750791685468158,30.74136744265035,29.791321376241864,28.877529449390988,28.016260779236124,27.186709578490795,26.394485378634617,25.64251275723926,24.929736086098806,24.245879224699326,23.5933567703622,22.97499924960847,22.385209276966695,21.82132382852974,21.28329114612849,20.775035395937863,20.28911855350508,19.825063334140303,19.381383561647926,18.962227794654467,18.562607059558143,18.181854999972852,17.819209950962417,17.47223708562435,17.142116589593183,16.829968639789502,16.53261514881312,16.247025072820772,15.976039299566732,15.719706781645279,15.474917080622328,15.241985659694565,15.01892658890656,14.806565319443617,14.605918455142282,14.413971352034293,14.233033277113655,14.057321788509444,13.89128539166865,13.733640971300874,13.586049461087555,13.442272212836112,13.304564099593588,13.174361626422286,13.052091236392563,12.93617678955924,12.825352101760735,12.717727337226364,12.614031387832815,12.517833501821105,12.428594372369963,12.340580923065746,12.253732784275504,12.174758885986176,12.10163489505919,12.0305386872504,11.956778294990311,11.892704487583945,11.829938444867627,11.762706357288923,11.718185498738348,11.666921380457117,11.608854783896406,11.555227688548632,11.513051147931707,11.474024402343469,11.42715148307903,11.381302750119827,11.34348731533065,11.313215631783848,11.27917411999303,11.24029949994706,11.204359523135418,11.180868932708918,11.154190916517308,11.122761435353867,11.087301787163684,11.071712723219969,11.049235023410635,11.02816848162898,10.996883206302638,10.978611381326292,10.96376616554723
2.4427486833971564e+55,71.61606419266005,68.73895179990119,66.07723433411878,63.45309017994684,61.02598206482841,58.63711718396229,56.411805292695725,54.267627498471796,52.23891485041077,50.29673649421355,48.44172353697309,46.64655415195039,44.966115170268566,43.35771090047941,41.80906282471814,40.34557797118718,38.94509521946896,37.60881403353023,36.32587881742834,35.11732701971782,33.954976713056055,32.85844719417306,31.80255094674177,30.794033638772103,29.83615213186309,28.92767839561113,28.056163606058,27.224356059554275,26.435420685805244,25.682846498686956,24.963367097217592,24.27661602920332,23.627289413130434,23.00641334867609,22.41353075178065,21.846586131968483,21.31055316898807,20.79937614306446,20.312226495119393,19.84811720527122,19.404186983048586,18.981665537878982,18.581778399701868,18.200836274253774,17.83524234375675,17.488142750098692,17.15957582503104,16.84584655452735,16.547307243108676,16.261523465329642,15.989454262561894,15.732206526553286,15.486188781874752,15.254128970452758,15.029130135914148,14.816400627735202,14.614393381517282,14.425061487489955,14.240948542035929,14.064672441808929,13.89795549496127,13.741291874104414,13.592748493106045,13.45079510965167,13.313118128734477,13.180569290297047,13.05745705571505,12.943127614015355,12.830591836758938,12.719748223100485,12.61875910978944,12.525163193931485,12.434259699914321,12.340302994309985,12.258412534464464,12.178268087125408,12.092654209562804,12.035503656064733,11.97007150168389,11.896183138690645,11.827848121211892,11.773970169680357,11.724163520729935,11.664564194149989,11.606198412750677,11.55799935469106,11.519389143816632,11.476055070486998,11.426623002117086,11.380942291116096,11.350972751172376,11.317048341638793,11.277111915354187,11.232109995217765,11.212177827368484,11.18365676325758,11.156861786581473,11.117136745520154,11.093912622629741,11.07506358183183
3.0895767617294e+55,88.15325427893667,84.51089247715544,81.1390118365009,77.81702976079262,74.74133314525378,71.71617459241382,68.89579412885647,66.17902313883164,63.607103346289826,61.1451154097491,58.7931703039163,56.518332977881634,54.38645075954203,52.34591429505965,50.38200222483865,48.52454019164695,46.74717045294481,45.05072372550601,43.42225208914879,41.886997228266544,40.4105429366349,39.01658302081334,37.67457289775017,36.392635608185444,35.174368097336114,34.018332924917004,32.90943785840178,31.850795047980796,30.845904352241448,29.887208353499492,28.970702218126842,28.09555988813999,27.267383822156045,26.47535884746889,25.71908784421935,24.995759167116635,24.31131390285922,23.658415080330258,23.036033546648042,22.44289252580341,21.8756564115087,21.3355455970662,20.823860252660573,20.336364987997488,19.868829140039153,19.424647505488792,19.003836121848728,18.60204387193813,18.21965737721019,17.853708497346023,17.50529879520939,17.175586651275975,16.860337038655327,16.562735964156634,16.274645356223818,16.002074525348142,15.743175120485606,15.500210396781522,15.264369183682906,15.03863601010625,14.82505613962268,14.62419122259383,14.43368572758932,14.251709907873382,14.07545320449505,13.905894435353265,13.748182488727934,13.601532253424972,13.457493379960187,13.31590430796353,13.186609671489853,13.066643950939119,12.950262911335066,12.83048555437966,12.725681459041601,12.623216401816725,12.51409964117964,12.440573061046317,12.356943311147369,12.26284053399526,12.175662993915358,12.106724219573081,12.043063877959915,11.967218127201372,11.892835726244433,11.831317243628815,11.781995805534667,11.726767064458919,11.663848332019072,11.605733470438244,11.567432812325276,11.524248238574373,11.473455884303979,11.416306023784504,11.39076365325119,11.354551022205733,11.320429523147391,11.269946172638324,11.24039624061883,11.216443420806621
3.907681797762069e+55,109.08927328159497,104.47972492467959,100.21021503322108,96.00636559783995,92.11090920007744,88.28170984728298,84.70928724860615,81.2689807750563,78.01060821612619,74.89179945997861,71.9119558761888,69.03118490266624,66.32887400910676,63.74234868791325,61.253879803958874,58.89865119647445,56.6451603737032,54.49370053934962,52.42876350761352,50.48073727543082,48.60747418697883,46.837665101823774,45.1341663347759,43.50678550041554,41.95947116655828,40.49052678846708,39.08161925889332,37.73626289676735,36.458291395797026,35.23893054550268,34.07326616836997,32.95982793428715,31.905288630861534,30.896607852113917,29.93349856797151,29.012155087253173,28.13965701911005,27.307118255126248,26.513259064376527,25.75642947786318,25.03276479678907,24.343392971300958,23.689639770771464,23.06669042437666,22.46960690253855,21.901940029421535,21.363664478539153,20.84969620424108,20.360450154296398,19.8923241578018,19.446568034240034,19.024328099026896,18.620660906972304,18.239242224480158,17.870577166659736,17.521487184992104,17.1897838689968,16.87804556431751,16.575989102042417,16.286944720035578,16.013315651180612,15.755724543251077,15.511320621436171,15.277942465778244,15.052205809477114,14.835213595468558,14.633048174587042,14.44477640813415,14.26027827363978,14.07930751624343,13.91361765333585,13.75967326160295,13.610507749935612,13.457718777768674,13.32342589012644,13.192272431395253,13.053094513105009,12.958294766822814,12.85126621635116,12.73132205254344,12.619980689032568,12.531624380513732,12.450131215343438,12.353528683345708,12.258626572777125,12.179994333153799,12.11688691144531,12.046409679417225,11.966240441096915,11.892233984185019,11.843194341682484,11.788158314057608,11.723494087053098,11.650864574021288,11.61805021801334,11.572038824125066,11.52852896705983,11.464313416658602,11.426668860481353,11.396200930600852
4.942417104410712e+55,135.5858299108463,129.75362924866607,124.34934984318443,119.03081968419092,114.09908620490911,109.25364214911079,104.73062688825998,100.37585858550928,96.24986080703843,92.30094626244932,88.52757477854269,84.8811785897772,81.45798856692268,78.18151778190406,75.03030603394754,72.04611054785542,69.19106632706306,66.46472391984163,63.84841463844475,61.37887972142651,59.00433336912141,56.75964206525286,54.599478685947766,52.53572829635475,50.57271056059444,48.708404769673635,46.92047580875458,45.21289142818472,43.5898201868226,42.04104962363867,40.56053924887432,39.145942462408634,37.805207578802346,36.52258140902007,35.2979489319601,34.12620972804579,33.01579324655753,31.95592565170226,30.94501168516674,29.980920709956262,29.059192167832403,28.180750711028416,27.346877447858922,26.552141906318088,25.790814605302927,25.066469174916662,24.379009669192072,23.722531875920232,23.097468295021354,22.49946197146827,21.92991263717086,21.389859944337548,20.873587265352523,20.38528172070587,19.913988782091494,19.46731538022655,19.042691603215967,18.642997258308377,18.256388172012958,17.886487171703557,17.536086045997838,17.205852515870117,16.892359314282842,16.593087024540814,16.303999728543968,16.02631164772103,15.7671139473626,15.525308806789159,15.288906063042582,15.057544061093457,14.845092510862518,14.64738673455322,14.456049806102431,14.261081048047796,14.088839358146199,13.920811927013537,13.74319251044342,13.620729032135777,13.483598062276734,13.330615437783365,13.188269268684719,13.074848354576579,12.970372956160295,12.8472386220825,12.726023882458552,12.625372550883391,12.544491817651084,12.454441265962878,12.35218332223264,12.25784500456395,12.194930353136805,12.124704965233446,12.042292959482106,11.949921396616986,11.907648224438795,11.849142006009865,11.793578117097397,11.711810378442042,11.663788451859235,11.62499147227622
6.251145333266592e+55,169.1125396272768,161.73450341838512,154.8954681431904,148.16772317309847,141.9258182920898,135.79567200595628,130.0708984330564,124.56013933467283,119.33733984317189,114.33911875086011,109.56270825225668,104.94867542111561,100.61431302066282,96.465821081167,92.47708429813696,88.69799809478356,85.08277561461622,81.62997408221601,78.31699600139596,75.18848043545213,72.18057660895896,69.33583235482403,66.598716736422,63.98369492985463,61.4954894107305,59.13167157099039,56.86493375644607,54.69976677180173,52.64068118672349,50.67573772562732,48.79749389431128,47.00243749904535,45.300053530259675,43.67125404036598,42.11617203190987,40.62803403384574,39.21688587787898,37.86963528507067,36.584287818114895,35.3580948724252,34.185914993211355,33.06832746707239,32.00647493080477,30.994265705818844,30.025076874156277,29.10232746882142,28.225808851087976,27.388691407543714,26.59140846093896,25.828699594245972,25.102111627806902,24.41244568155434,23.75314279617046,23.128911920790866,22.527246144434613,21.956467948828386,21.41357904451005,20.90172319708591,20.40743885510499,19.93454903491173,19.48625818601804,19.063249749854847,18.66142744844674,18.277895226968624,17.907888096723646,17.552706023732565,17.22049636299793,16.909978987332995,16.607112959919927,16.311384557287518,16.038947746959163,15.78496038093686,15.539444112698929,15.290649443261701,15.069616008348232,14.854230004062275,14.627495126528451,14.469058012107247,14.293208987372891,14.098006551674723,13.915881548829649,13.77009111329866,13.635980996697329,13.478933616585492,13.323964287098722,13.194958076367948,13.091136066344124,12.975938261918374,12.845375596777181,12.725005134596792,12.644128036417424,12.55441257958755,12.44927057469383,12.331704210735516,12.277087574479264,12.202636181728241,12.131566716946041,12.027335055489086,11.965984702380917,11.916524109537393
7.906418489598622e+55,211.5285041011501,202.1957955406809,193.5425223332047,185.0329567834217,177.1344037449427,169.37993621245724,162.13567515841356,155.16337690826907,148.5538631369805,142.22903791065534,136.18455045103883,130.34731634390698,124.86106393404317,119.61022828293403,114.56286118670579,109.77900229949881,105.20295213045885,100.83196605984182,96.63853681890409,92.67717369442818,88.86887546962721,85.2657922766031,81.79961611405601,78.48803438772214,75.33622070992735,72.34123184209407,69.4695507871424,66.72628540116031,64.11630542677004,61.62556994729789,59.244884172210014,56.96921023071494,54.809904877840374,52.74375101533917,50.77122308825643,48.88339945576961,47.092282848649,45.3819133245563,43.749790517821374,42.19237372650995,40.703729897594926,39.28391540582659,37.93381480520722,36.64661338786113,35.414665586954065,34.24101072118984,33.12527025609823,32.05955619770121,31.044279181903782,30.073089006134577,29.147672598879385,28.268417296320607,27.427841133755926,26.63117520697814,25.864269317277408,25.13604610267059,24.443022309868486,23.788539868134546,23.157494691316273,22.553772372488133,21.981006463576634,21.43984889108414,20.925425470846754,20.43445300196808,19.96136060705419,19.507493109646852,19.08206399813253,18.68358969722517,18.29582723512342,17.918068700790784,17.568860992466835,17.24265094523732,16.927669850152505,16.61031567435423,16.326659843263943,16.05054650469662,15.761154855034441,15.555994653479244,15.330399111019753,15.081305339027557,14.848187784463406,14.660611631323674,14.488299631713282,14.287931475918233,14.089671995964482,13.924146479220237,13.790698456022612,13.643182442352861,13.4763418806869,13.322631984831965,13.218468649515785,13.103726415963202,12.969454785971255,12.819724229851197,12.74895557956685,12.654145493329095,12.563098644426882,12.430085685492212,12.351588099543536,12.288457039885119
1e+56,265.18545301317897,253.3809029403672,242.43336276759723,231.67062651592752,221.67714268797732,211.8687272927092,202.7030538162637,193.88268963621474,185.51972038318513,177.51750166096184,169.86965590417643,162.48590811150873,155.54325323098396,148.8987085510756,142.5129947911355,136.4588576844967,130.66815009076484,125.13644311780077,119.83007019360758,114.81592368312654,109.9959337389131,105.43429887923908,101.04666149620252,96.85474969123342,92.86425776614044,89.071592451116,85.43545324510961,81.96169026102939,78.655563347485,75.50044552948557,72.48494483992742,69.6020490093036,66.86541730034968,64.246689587676,61.74679702097631,59.35407306738369,57.08291463615543,54.91379374628612,52.84356875029475,50.86768702303855,48.979278906547464,47.17765885439682,45.463304946523984,43.82859346205154,42.26468855814665,40.773972103613374,39.355821130138004,38.00111686321616,36.71021644347542,35.475443798062585,34.29861586522977,33.17948106939922,32.10953289719361,31.094517811006988,30.118539879216694,29.190961744929815,28.307743400374502,27.47232779792672,26.667966738694144,25.89842081457909,25.16776176666479,24.4765404249582,23.818971775072203,23.191381862717396,22.587315247372967,22.008103004223397,21.463990500253576,20.95326191705357,20.45735433174793,19.975318701302644,19.528127667983846,19.10949911347934,18.705689292744,18.301206825668867,17.937375427148382,17.58357078164812,17.214414580787647,16.948714316997965,16.659322726061458,16.341560157603592,16.043180585722865,15.801739088557515,15.580240954530689,15.324605172424533,15.070882734320918,14.858355734608569,14.686665408207176,14.497634006657625,14.284317166342987,14.087924787143663,13.953557562178835,13.80667527702264,13.635069150639852,13.444283090896715,13.352339163948745,13.23153279267237,13.114718438832742,12.94480435709509,12.844218102252407,12.763544404359441
