,1.0,1.1233240329780274,1.2618568830660204,1.4174741629268053,1.5922827933410924,1.788649529057435,2.0092330025650473,2.25701971963392,2.535364493970112,2.8480358684358014,3.1992671377973836,3.5938136638046276,4.0370172585965545,4.534878508128582,5.094138014816379,5.722367659350217,6.42807311728432,7.220809018385464,8.11130830789687,9.111627561154892,10.235310218990262,11.497569953977356,12.91549665014884,14.508287784959395,16.297508346206442,18.30738280295368,20.565123083486515,23.101297000831593,25.95024211399736,29.150530628251758,32.74549162877728,36.78379771828632,41.32012400115337,46.4158883361278,52.14008287999685,58.570208180566674,65.79332246575679,73.90722033525779,83.02175681319744,93.26033468832199,104.76157527896652,117.68119524349979,132.19411484660287,148.4968262254465,166.81005372000593,187.3817422860383,210.49041445120199,236.4489412645407,265.6087782946687,298.364724028334,335.1602650938841,376.49358067924675,422.9242874389499,475.0810162102798,533.6699231206308,599.4842503189409,673.4150657750821,756.463327554629,849.7534359086438,954.5484566618337,1072.2672220103232,1204.5035402587823,1353.0477745798062,1519.9110829529332,1707.3526474706905,1917.9102616724888,2154.4346900318847,2420.128264794381,2718.58824273294,3053.8555088334156,3430.4692863149194,3853.5285937105273,4328.761281083057,4862.601580065353,5462.277217684343,6135.90727341317,6892.612104349695,7742.63682681127,8697.490026177835,9770.099572992247,10974.987654930568,12328.467394420659,13848.863713938717,15556.761439304722,17475.28400007683,19630.406500402725,22051.307399030455,24770.76355991709,27825.59402207126,31257.15849688235,35111.917342151275,39442.06059437656,44306.21457583878,49770.23564332114,55908.10182512223,62802.914418342465,70548.02310718645,79248.2898353917,89021.50854450393,100000.0
7.943282347242789e+44,10.547568377514068,10.547568377559603,10.547568377551006,10.54756837749044,10.547568377525524,10.54756837753063,10.547568377518378,10.547568377517809,10.54756837751928,10.547568377514553,10.547568377516273,10.547568377514153,10.54756837751163,10.547568377514159,10.547568377512132,10.547568377513034,10.547568377512818,10.547568377512423,10.547568377512848,10.547568377512297,10.547568377512643,10.54756837751238,10.547568377512397,10.547568377512436,10.547568377512572,10.54756837751246,10.547568377512455,10.547568377512517,10.547568377512501,10.547568377512485,10.547568377512517,10.547568377512512,10.547568377512505,10.547568377512516,10.547568377512498,10.547568377512505,10.547568377512512,10.547568377512496,10.547568377512496,10.547568377512516,10.547568377512569,10.547568377512658,10.547568377512539,10.547568377512333,10.547568377512743,10.547568377512228,10.547568377512768,10.547568377512318,10.547568377512626,10.547568377512704,10.54756837751229,10.547568377512576,10.547568377512402,10.547568377512528,10.54756837751245,10.547568377512555,10.547568377512636,10.54756837751243,10.547568377512428,10.54756837751255,10.547568377512533,10.547568377512471,10.547568377512501,10.54756837751251,10.547568377512478,10.547568377512512,10.5475683775125,10.547568377512505,10.547568377512487,10.547568377512519,10.54756837751252,10.547568377512498,10.5475683775125,10.547568377512494,10.547568377512512,10.547568377512516,10.547568377512505,10.5475683775125,10.547568377512501,10.5475683775125,10.547568377512501,10.547568377512503,10.547568377512503,10.547568377512503,10.547568377512505,10.547568377512505,10.547568377512503,10.547568377512505,10.547568377512503,10.547568377512505,10.547568377512505,10.547568377512505,10.547568377512508,10.547568377512503,10.547568377512505,10.547568377512505,10.547568377512505,10.547568377512505,10.547568377512505,10.547568377512505
1.1285615570598201e+45,10.54756837751515,10.547568377579756,10.547568377567472,10.547568377481365,10.547568377531167,10.547568377538392,10.547568377520953,10.547568377520124,10.547568377522197,10.547568377515466,10.547568377517898,10.547568377514882,10.547568377511288,10.547568377514875,10.547568377511991,10.547568377513269,10.547568377512961,10.547568377512397,10.547568377512997,10.547568377512215,10.547568377512706,10.547568377512329,10.547568377512354,10.547568377512407,10.547568377512604,10.547568377512444,10.547568377512434,10.547568377512523,10.547568377512503,10.547568377512478,10.547568377512523,10.547568377512516,10.547568377512505,10.54756837751252,10.547568377512494,10.547568377512505,10.547568377512516,10.547568377512492,10.547568377512494,10.54756837751252,10.547568377512597,10.54756837751272,10.547568377512555,10.547568377512262,10.547568377512842,10.54756837751211,10.547568377512878,10.547568377512242,10.547568377512677,10.547568377512787,10.5475683775122,10.547568377512606,10.547568377512357,10.547568377512539,10.547568377512428,10.547568377512574,10.547568377512691,10.547568377512398,10.547568377512397,10.547568377512567,10.547568377512546,10.547568377512457,10.547568377512501,10.547568377512514,10.547568377512468,10.547568377512516,10.547568377512498,10.547568377512507,10.547568377512478,10.547568377512526,10.547568377512528,10.547568377512494,10.547568377512498,10.547568377512492,10.547568377512516,10.547568377512519,10.547568377512505,10.547568377512496,10.5475683775125,10.547568377512498,10.5475683775125,10.547568377512503,10.547568377512503,10.547568377512501,10.547568377512503,10.547568377512503,10.547568377512503,10.547568377512503,10.547568377512501,10.547568377512505,10.547568377512505,10.547568377512507,10.547568377512508,10.547568377512503,10.547568377512505,10.547568377512505,10.547568377512505,10.547568377512505,10.547568377512503,10.547568377512505
1.6034318464272968e+45,10.54756837751712,10.547568377608728,10.547568377591135,10.54756837746869,10.547568377539355,10.547568377549547,10.547568377524719,10.547568377523495,10.547568377526408,10.547568377516818,10.54756837752025,10.547568377515947,10.547568377510828,10.547568377515914,10.54756837751181,10.547568377513615,10.547568377513173,10.547568377512368,10.547568377513217,10.547568377512103,10.547568377512798,10.547568377512263,10.547568377512295,10.547568377512372,10.547568377512649,10.547568377512421,10.547568377512405,10.547568377512533,10.547568377512503,10.547568377512466,10.547568377512532,10.54756837751252,10.547568377512503,10.547568377512528,10.547568377512492,10.547568377512507,10.54756837751252,10.547568377512489,10.547568377512489,10.54756837751253,10.547568377512636,10.547568377512812,10.547568377512576,10.547568377512158,10.547568377512984,10.547568377511945,10.547568377513034,10.547568377512132,10.54756837751275,10.547568377512906,10.547568377512071,10.547568377512647,10.547568377512297,10.547568377512555,10.547568377512397,10.547568377512604,10.54756837751277,10.547568377512354,10.54756837751235,10.547568377512594,10.547568377512563,10.547568377512436,10.5475683775125,10.547568377512517,10.547568377512452,10.547568377512519,10.547568377512494,10.547568377512507,10.547568377512468,10.547568377512535,10.547568377512537,10.54756837751249,10.547568377512494,10.547568377512487,10.547568377512519,10.547568377512524,10.547568377512507,10.547568377512494,10.5475683775125,10.547568377512494,10.547568377512498,10.547568377512503,10.547568377512501,10.5475683775125,10.547568377512503,10.547568377512503,10.547568377512503,10.547568377512505,10.5475683775125,10.547568377512505,10.547568377512505,10.547568377512508,10.54756837751251,10.547568377512501,10.547568377512507,10.547568377512505,10.547568377512503,10.547568377512505,10.547568377512503,10.547568377512505
2.2781155977307623e+45,10.547568377520788,10.547568377650578,10.547568377625302,10.547568377451109,10.54756837755133,10.547568377565671,10.547568377530283,10.547568377528457,10.547568377532526,10.547568377518843,10.547568377523678,10.547568377517528,10.54756837751023,10.547568377517432,10.547568377511583,10.547568377514137,10.547568377513496,10.547568377512343,10.547568377513544,10.547568377511954,10.547568377512938,10.547568377512174,10.547568377512217,10.547568377512324,10.547568377512716,10.547568377512393,10.547568377512368,10.547568377512547,10.547568377512505,10.547568377512453,10.547568377512546,10.54756837751253,10.547568377512505,10.547568377512537,10.547568377512485,10.547568377512508,10.547568377512526,10.547568377512482,10.547568377512482,10.547568377512539,10.54756837751269,10.547568377512942,10.547568377512608,10.547568377512013,10.547568377513185,10.547568377511709,10.547568377513258,10.547568377511972,10.547568377512851,10.547568377513077,10.547568377511888,10.547568377512707,10.54756837751221,10.547568377512574,10.54756837751235,10.547568377512647,10.547568377512881,10.54756837751229,10.547568377512286,10.547568377512633,10.54756837751259,10.547568377512405,10.547568377512496,10.547568377512524,10.547568377512428,10.547568377512524,10.54756837751249,10.54756837751251,10.547568377512452,10.547568377512547,10.547568377512551,10.547568377512485,10.54756837751249,10.547568377512478,10.547568377512524,10.547568377512533,10.547568377512507,10.547568377512489,10.547568377512496,10.54756837751249,10.547568377512494,10.547568377512501,10.547568377512501,10.5475683775125,10.547568377512501,10.547568377512503,10.5475683775125,10.547568377512505,10.547568377512498,10.547568377512505,10.547568377512505,10.54756837751251,10.547568377512514,10.5475683775125,10.547568377512507,10.547568377512503,10.547568377512505,10.547568377512505,10.547568377512503,10.547568377512505
3.236689285040605e+45,10.54756837752776,10.547568377711423,10.547568377674946,10.547568377427005,10.547568377569036,10.547568377589126,10.54756837753862,10.54756837753585,10.54756837754149,10.547568377521934,10.547568377528716,10.54756837751991,10.547568377509483,10.547568377519672,10.547568377511329,10.54756837751493,10.547568377513997,10.547568377512343,10.547568377514034,10.547568377511766,10.547568377513153,10.547568377512063,10.547568377512118,10.547568377512263,10.547568377512818,10.547568377512356,10.54756837751232,10.547568377512572,10.547568377512508,10.547568377512437,10.547568377512565,10.547568377512542,10.547568377512507,10.547568377512553,10.54756837751248,10.54756837751251,10.547568377512537,10.547568377512473,10.547568377512473,10.547568377512555,10.547568377512768,10.547568377513127,10.54756837751265,10.547568377511805,10.547568377513475,10.547568377511375,10.547568377513576,10.547568377511748,10.547568377512999,10.547568377513317,10.54756837751163,10.547568377512793,10.547568377512084,10.547568377512604,10.547568377512286,10.547568377512706,10.547568377513041,10.5475683775122,10.547568377512194,10.547568377512684,10.547568377512626,10.547568377512365,10.547568377512494,10.547568377512532,10.547568377512397,10.547568377512535,10.547568377512485,10.54756837751251,10.54756837751243,10.547568377512565,10.54756837751257,10.547568377512476,10.547568377512485,10.547568377512468,10.547568377512533,10.547568377512547,10.547568377512508,10.547568377512482,10.547568377512492,10.547568377512485,10.54756837751249,10.5475683775125,10.547568377512498,10.547568377512496,10.547568377512501,10.547568377512501,10.547568377512498,10.547568377512505,10.547568377512496,10.547568377512505,10.547568377512505,10.54756837751251,10.547568377512517,10.547568377512498,10.547568377512507,10.547568377512503,10.547568377512503,10.547568377512505,10.547568377512503,10.547568377512505
4.598606645919107e+45,10.547568377541214,10.547568377800669,10.5475683777477,10.547568377394523,10.547568377595583,10.547568377623552,10.547568377551345,10.547568377547043,10.547568377554773,10.547568377526762,10.547568377536221,10.547568377523566,10.54756837750864,10.54756837752303,10.547568377511105,10.547568377516162,10.547568377514795,10.547568377512407,10.547568377514784,10.54756837751154,10.547568377513493,10.547568377511928,10.547568377511995,10.547568377512196,10.547568377512977,10.547568377512313,10.54756837751226,10.547568377512615,10.547568377512523,10.547568377512416,10.547568377512597,10.547568377512563,10.547568377512512,10.547568377512576,10.547568377512473,10.547568377512516,10.547568377512553,10.54756837751246,10.54756837751246,10.547568377512576,10.54756837751288,10.547568377513388,10.547568377512711,10.547568377511512,10.547568377513883,10.547568377510899,10.547568377514025,10.54756837751143,10.547568377513205,10.54756837751366,10.547568377511261,10.547568377512913,10.547568377511908,10.547568377512645,10.547568377512196,10.54756837751279,10.547568377513265,10.547568377512071,10.547568377512063,10.547568377512762,10.547568377512677,10.547568377512306,10.547568377512487,10.547568377512544,10.547568377512352,10.547568377512546,10.547568377512476,10.547568377512514,10.547568377512398,10.547568377512592,10.547568377512599,10.547568377512466,10.547568377512476,10.547568377512452,10.547568377512547,10.547568377512563,10.54756837751251,10.547568377512471,10.547568377512489,10.547568377512476,10.547568377512485,10.5475683775125,10.547568377512494,10.547568377512492,10.5475683775125,10.5475683775125,10.547568377512496,10.547568377512503,10.547568377512492,10.547568377512505,10.547568377512505,10.547568377512514,10.547568377512523,10.547568377512496,10.547568377512508,10.547568377512501,10.547568377512501,10.547568377512505,10.547568377512501,10.547568377512505
6.533584543202786e+45,10.5475683775675,10.547568377933116,10.547568377855553,10.547568377351928,10.547568377636113,10.547568377674692,10.547568377571187,10.547568377564346,10.547568377574754,10.547568377534494,10.547568377547579,10.547568377529313,10.54756837750788,10.547568377528146,10.547568377511057,10.547568377518132,10.547568377516098,10.547568377512636,10.547568377515958,10.547568377511304,10.547568377514045,10.54756837751179,10.547568377511867,10.547568377512132,10.54756837751323,10.547568377512276,10.547568377512189,10.547568377512688,10.54756837751255,10.547568377512397,10.54756837751265,10.547568377512599,10.547568377512523,10.547568377512613,10.547568377512464,10.547568377512524,10.547568377512576,10.547568377512444,10.547568377512444,10.547568377512608,10.54756837751304,10.54756837751376,10.5475683775128,10.547568377511094,10.547568377514462,10.547568377510226,10.547568377514667,10.547568377510979,10.547568377513501,10.547568377514144,10.54756837751074,10.547568377513086,10.547568377511656,10.547568377512706,10.547568377512064,10.547568377512912,10.547568377513587,10.547568377511888,10.547568377511878,10.547568377512869,10.54756837751275,10.547568377512222,10.54756837751248,10.54756837751256,10.547568377512286,10.547568377512565,10.547568377512464,10.547568377512517,10.547568377512352,10.547568377512627,10.54756837751264,10.547568377512448,10.547568377512464,10.54756837751243,10.547568377512563,10.547568377512588,10.547568377512514,10.547568377512457,10.547568377512482,10.547568377512466,10.547568377512476,10.547568377512496,10.547568377512492,10.547568377512489,10.547568377512496,10.5475683775125,10.547568377512492,10.547568377512503,10.547568377512487,10.547568377512505,10.547568377512505,10.547568377512516,10.54756837751253,10.54756837751249,10.54756837751251,10.547568377512501,10.5475683775125,10.547568377512503,10.5475683775125,10.547568377512503
9.282752422640952e+45,10.547568377619317,10.547568378132695,10.547568378017841,10.547568377298594,10.54756837769937,10.547568377751844,10.547568377602941,10.54756837759175,10.547568377605382,10.547568377547249,10.547568377565119,10.547568377538587,10.54756837750768,10.54756837753611,10.547568377511546,10.547568377521369,10.547568377518301,10.547568377513239,10.547568377517843,10.54756837751114,10.547568377514965,10.547568377511707,10.54756837751177,10.54756837751211,10.54756837751364,10.547568377512263,10.547568377512123,10.547568377512818,10.547568377512611,10.547568377512382,10.547568377512738,10.547568377512661,10.54756837751255,10.547568377512672,10.547568377512459,10.547568377512542,10.547568377512613,10.547568377512427,10.547568377512421,10.547568377512654,10.547568377513267,10.547568377514292,10.547568377512926,10.547568377510501,10.547568377515287,10.547568377509267,10.547568377515576,10.547568377510338,10.547568377513922,10.547568377514835,10.547568377509997,10.54756837751333,10.547568377511299,10.547568377512789,10.547568377511881,10.547568377513082,10.547568377514041,10.54756837751163,10.547568377511613,10.547568377513024,10.547568377512851,10.547568377512103,10.547568377512471,10.547568377512583,10.547568377512194,10.54756837751259,10.547568377512448,10.547568377512523,10.547568377512288,10.547568377512679,10.547568377512695,10.547568377512425,10.547568377512448,10.547568377512398,10.547568377512588,10.547568377512626,10.547568377512516,10.547568377512437,10.547568377512471,10.54756837751245,10.547568377512468,10.54756837751249,10.547568377512487,10.547568377512482,10.547568377512494,10.547568377512496,10.547568377512487,10.5475683775125,10.547568377512478,10.547568377512507,10.547568377512505,10.547568377512523,10.54756837751254,10.547568377512485,10.547568377512514,10.5475683775125,10.5475683775125,10.547568377512503,10.547568377512498,10.547568377512503
1.3188700929827914e+46,10.547568377722143,10.54756837843927,10.547568378266693,10.547568377237317,10.547568377800701,10.547568377870533,10.547568377655255,10.54756837763638,10.547568377653416,10.547568377568938,10.547568377592876,10.54756837755401,10.547568377509176,10.54756837754884,10.54756837751336,10.547568377526854,10.547568377522131,10.54756837751465,10.547568377520964,10.54756837751126,10.547568377516548,10.547568377511809,10.547568377511803,10.547568377512217,10.547568377514336,10.547568377512333,10.547568377512098,10.547568377513057,10.54756837751274,10.5475683775124,10.547568377512889,10.547568377512768,10.5475683775126,10.547568377512771,10.54756837751246,10.547568377512574,10.547568377512672,10.547568377512404,10.547568377512397,10.547568377512723,10.547568377513594,10.547568377515047,10.547568377513107,10.547568377509661,10.547568377516459,10.547568377507906,10.54756837751687,10.547568377509428,10.547568377514517,10.547568377515818,10.547568377508941,10.547568377513677,10.547568377510792,10.54756837751291,10.547568377511618,10.547568377513326,10.547568377514688,10.547568377511261,10.547568377511237,10.547568377513242,10.547568377512999,10.547568377511935,10.547568377512457,10.547568377512615,10.547568377512064,10.547568377512626,10.547568377512423,10.54756837751253,10.547568377512198,10.547568377512754,10.547568377512777,10.547568377512391,10.547568377512425,10.547568377512354,10.547568377512626,10.547568377512675,10.547568377512523,10.547568377512409,10.547568377512459,10.547568377512423,10.54756837751245,10.547568377512485,10.547568377512478,10.547568377512471,10.547568377512489,10.547568377512494,10.54756837751248,10.5475683775125,10.547568377512468,10.547568377512507,10.547568377512507,10.54756837751253,10.547568377512555,10.547568377512476,10.547568377512516,10.547568377512498,10.547568377512498,10.547568377512503,10.547568377512496,10.547568377512501
1.8738174228603868e+46,10.547568377927195,10.547568378921302,10.547568378657141,10.547568377179518,10.547568377967796,10.54756837805748,10.547568377744101,10.547568377711288,10.547568377730778,10.54756837760695,10.547568377638031,10.547568377580447,10.547568377514894,10.547568377569773,10.54756837751819,10.547568377536436,10.547568377528988,10.547568377517779,10.547568377526288,10.547568377512134,10.547568377519356,10.547568377512393,10.547568377512205,10.547568377512649,10.547568377515544,10.547568377512606,10.547568377512201,10.547568377513507,10.547568377513013,10.547568377512492,10.547568377513159,10.547568377512965,10.54756837751271,10.547568377512937,10.547568377512484,10.547568377512636,10.547568377512768,10.54756837751238,10.547568377512368,10.547568377512828,10.547568377514061,10.547568377516125,10.547568377513366,10.547568377508473,10.547568377518127,10.547568377505975,10.54756837751871,10.547568377508133,10.547568377515367,10.547568377517212,10.547568377507442,10.547568377514173,10.547568377510071,10.547568377513082,10.547568377511245,10.547568377513672,10.547568377515608,10.54756837751074,10.547568377510704,10.547568377513551,10.547568377513207,10.547568377511697,10.547568377512436,10.547568377512661,10.54756837751188,10.547568377512677,10.54756837751239,10.547568377512542,10.54756837751207,10.547568377512857,10.54756837751289,10.547568377512343,10.547568377512391,10.54756837751229,10.547568377512675,10.547568377512748,10.547568377512528,10.54756837751237,10.54756837751244,10.54756837751239,10.547568377512427,10.547568377512476,10.547568377512468,10.547568377512457,10.547568377512484,10.547568377512489,10.54756837751247,10.547568377512496,10.547568377512453,10.547568377512508,10.547568377512508,10.547568377512539,10.547568377512578,10.547568377512466,10.547568377512523,10.547568377512494,10.547568377512494,10.547568377512501,10.547568377512492,10.5475683775125
2.6622726172174684e+46,10.547568378337534,10.547568379699939,10.547568379286345,10.547568377156468,10.54756837825188,10.547568378360062,10.54756837789965,10.54756837784092,10.5475683778591,10.547568377675493,10.547568377713736,10.547568377627153,10.547568377530267,10.547568377605263,10.547568377529608,10.547568377553661,10.547568377541591,10.54756837752449,10.547568377535647,10.5475683775148,10.547568377524476,10.547568377514118,10.547568377513482,10.547568377513821,10.547568377517704,10.54756837751335,10.547568377512627,10.547568377514366,10.547568377513574,10.547568377512764,10.547568377513654,10.54756837751333,10.54756837751293,10.547568377513226,10.547568377512562,10.54756837751276,10.547568377512935,10.547568377512372,10.547568377512343,10.547568377512992,10.547568377514736,10.547568377517665,10.547568377513743,10.547568377506785,10.547568377520502,10.547568377503234,10.547568377521326,10.5475683775063,10.547568377516575,10.547568377519196,10.547568377505316,10.547568377514876,10.54756837750905,10.547568377513327,10.547568377510718,10.547568377514162,10.547568377516916,10.547568377509997,10.547568377509945,10.547568377513992,10.547568377513503,10.547568377511356,10.547568377512407,10.547568377512729,10.547568377511617,10.54756837751275,10.547568377512341,10.547568377512556,10.547568377511887,10.547568377513006,10.547568377513052,10.547568377512274,10.547568377512343,10.5475683775122,10.547568377512746,10.547568377512851,10.547568377512539,10.547568377512313,10.54756837751241,10.547568377512343,10.547568377512395,10.547568377512466,10.547568377512453,10.547568377512437,10.547568377512475,10.547568377512482,10.547568377512453,10.547568377512494,10.54756837751243,10.54756837751251,10.54756837751251,10.547568377512555,10.547568377512606,10.54756837751245,10.547568377512528,10.54756837751249,10.547568377512489,10.547568377512501,10.547568377512487,10.547568377512498
3.7824899063893667e+46,10.547568379160737,10.547568380995491,10.5475683803306,10.547568377242957,10.547568378749723,10.54756837886459,10.547568378179829,10.547568378071942,10.547568378078571,10.547568377802213,10.547568377844609,10.547568377711963,10.547568377566742,10.547568377667286,10.547568377555026,10.54756837758542,10.547568377565272,10.5475683775386,10.547568377552572,10.547568377521463,10.547568377534027,10.547568377518374,10.54756837751673,10.547568377516622,10.547568377521673,10.547568377515116,10.547568377513796,10.547568377516036,10.547568377514727,10.547568377513429,10.547568377514578,10.547568377514029,10.547568377513386,10.54756837751375,10.547568377512759,10.547568377513008,10.547568377513224,10.547568377512402,10.547568377512345,10.547568377513251,10.547568377515718,10.547568377519871,10.54756837751429,10.5475683775044,10.547568377523882,10.547568377499347,10.54756837752505,10.547568377503698,10.547568377518296,10.547568377522015,10.547568377502294,10.547568377515878,10.547568377507599,10.547568377513675,10.547568377509966,10.547568377514864,10.547568377518772,10.547568377508941,10.54756837750887,10.547568377514619,10.547568377513922,10.547568377510872,10.547568377512366,10.547568377512823,10.547568377511242,10.547568377512853,10.547568377512274,10.547568377512578,10.547568377511626,10.547568377513217,10.547568377513281,10.547568377512178,10.547568377512274,10.547568377512071,10.54756837751285,10.547568377512997,10.547568377512555,10.547568377512231,10.547568377512372,10.547568377512274,10.54756837751235,10.54756837751245,10.547568377512432,10.547568377512409,10.547568377512462,10.547568377512471,10.547568377512432,10.547568377512489,10.5475683775124,10.547568377512512,10.547568377512512,10.547568377512574,10.54756837751265,10.547568377512427,10.547568377512539,10.547568377512485,10.547568377512484,10.5475683775125,10.54756837751248,10.547568377512494
5.374066427085499e+46,10.547568380815106,10.54756838321821,10.547568382117609,10.547568377606503,10.547568379647227,10.547568379732041,10.547568378697349,10.547568378494724,10.547568378465389,10.54756837804147,10.547568378077605,10.54756837786971,10.547568377648107,10.54756837777883,10.547568377609695,10.54756837764525,10.547568377610569,10.547568377567885,10.54756837758394,10.54756837753673,10.547568377552198,10.547568377528066,10.54756837752423,10.547568377522891,10.547568377529124,10.547568377519065,10.5475683775166,10.547568377519312,10.54756837751708,10.547568377514942,10.54756837751634,10.547568377515377,10.547568377514317,10.547568377514718,10.547568377513217,10.547568377513496,10.547568377513748,10.547568377512533,10.547568377512416,10.547568377513674,10.547568377517159,10.547568377523042,10.547568377515095,10.547568377501033,10.547568377528703,10.547568377493839,10.547568377530348,10.547568377500008,10.547568377520745,10.54756837752603,10.547568377498008,10.547568377517305,10.54756837750554,10.547568377514171,10.547568377508902,10.547568377515857,10.547568377521412,10.547568377507444,10.547568377507343,10.547568377515509,10.547568377514521,10.547568377510187,10.547568377512308,10.547568377512958,10.547568377510713,10.547568377513,10.547568377512176,10.54756837751261,10.547568377511256,10.547568377513517,10.547568377513608,10.547568377512041,10.547568377512178,10.54756837751189,10.547568377512995,10.547568377513201,10.547568377512574,10.547568377512118,10.547568377512315,10.547568377512176,10.547568377512285,10.547568377512427,10.5475683775124,10.547568377512368,10.547568377512444,10.547568377512457,10.5475683775124,10.547568377512484,10.547568377512356,10.547568377512514,10.547568377512516,10.547568377512604,10.547568377512711,10.547568377512393,10.547568377512553,10.547568377512476,10.547568377512473,10.547568377512498,10.54756837751247,10.54756837751249
7.635338276499561e+46,10.547568384143803,10.547568387147086,10.547568385268736,10.547568378608744,10.547568381306224,10.547568381268523,10.54756837967373,10.547568379286249,10.547568379166353,10.547568378500934,10.547568378503625,10.547568378169021,10.547568377823337,10.547568377984591,10.547568377724835,10.54756837775995,10.547568377698449,10.547568377628135,10.54756837764328,10.547568377570135,10.547568377587293,10.547568377549194,10.54756837754072,10.547568377536418,10.547568377543374,10.547568377527575,10.547568377522879,10.547568377525787,10.547568377521868,10.547568377518235,10.547568377519752,10.54756837751801,10.547568377516209,10.547568377516544,10.547568377514226,10.547568377514475,10.547568377514716,10.547568377512897,10.54756837751266,10.547568377514386,10.547568377519292,10.547568377527616,10.547568377516294,10.547568377496296,10.547568377535589,10.54756837748604,10.5475683775379,10.547568377494784,10.547568377524241,10.547568377531741,10.547568377491926,10.547568377519339,10.547568377502621,10.547568377514882,10.547568377507394,10.547568377517274,10.547568377525161,10.547568377505318,10.547568377505174,10.547568377516775,10.54756837751537,10.547568377509213,10.547568377512226,10.547568377513148,10.547568377509958,10.547568377513208,10.54756837751204,10.547568377512656,10.54756837751073,10.547568377513944,10.547568377514073,10.547568377511846,10.547568377512041,10.547568377511633,10.5475683775132,10.547568377513496,10.547568377512604,10.547568377511956,10.547568377512237,10.54756837751204,10.547568377512192,10.547568377512393,10.547568377512356,10.547568377512313,10.547568377512421,10.54756837751244,10.547568377512357,10.547568377512473,10.547568377512293,10.547568377512519,10.547568377512519,10.547568377512647,10.547568377512796,10.547568377512349,10.547568377512574,10.547568377512466,10.54756837751246,10.547568377512494,10.547568377512453,10.547568377512485
1.0848096388007454e+47,10.547568390846237,10.547568394284255,10.547568390980908,10.547568381012832,10.547568384437861,10.547568384065059,10.547568381547539,10.547568380796013,10.547568380467805,10.547568379394987,10.547568379300627,10.54756837874604,10.547568378192665,10.547568378372366,10.54756837796404,10.547568377982843,10.547568377870792,10.547568377751368,10.547568377757422,10.547568377641241,10.547568377655892,10.547568377594063,10.547568377575915,10.547568377564962,10.547568377571013,10.547568377545526,10.547568377536443,10.547568377538665,10.547568377531585,10.547568377525224,10.54756837752643,10.547568377523202,10.547568377520046,10.547568377520049,10.547568377516383,10.547568377516434,10.547568377516548,10.547568377513773,10.54756837751329,10.547568377515624,10.547568377522504,10.547568377534258,10.54756837751811,10.547568377489654,10.54756837754544,10.547568377475017,10.547568377548673,10.547568377487394,10.547568377529236,10.54756837753988,10.547568377483302,10.547568377522241,10.547568377498482,10.547568377515898,10.547568377505257,10.547568377519292,10.547568377530498,10.547568377502301,10.547568377502094,10.547568377518575,10.547568377516578,10.547568377507831,10.547568377512112,10.547568377513421,10.547568377508888,10.547568377513507,10.547568377511846,10.54756837751272,10.547568377509984,10.54756837751455,10.54756837751473,10.547568377511569,10.547568377511846,10.547568377511265,10.547568377513493,10.547568377513912,10.547568377512645,10.547568377511725,10.547568377512123,10.547568377511844,10.54756837751206,10.547568377512347,10.547568377512293,10.547568377512231,10.547568377512384,10.54756837751241,10.547568377512295,10.54756837751246,10.547568377512205,10.547568377512526,10.547568377512526,10.547568377512706,10.54756837751292,10.547568377512281,10.547568377512604,10.54756837751245,10.547568377512443,10.54756837751249,10.547568377512432,10.547568377512476
1.541270222508748e+47,10.547568404345636,10.547568407559655,10.5475684015873,10.5475683864055,10.547568390449767,10.547568389276156,10.547568385191648,10.547568383718334,10.54756838293349,10.547568381152152,10.547568380819929,10.54756837987218,10.547568378960339,10.547568379115935,10.547568378456537,10.547568378420504,10.547568378211501,10.54756837800242,10.5475683779798,10.547568377789988,10.547568377791176,10.547568377687789,10.547568377649677,10.547568377624343,10.547568377625199,10.547568377582854,10.547568377565085,10.547568377564389,10.547568377551277,10.547568377539818,10.547568377539612,10.547568377533507,10.547568377527817,10.547568377526868,10.547568377520902,10.547568377520376,10.547568377520067,10.547568377515741,10.547568377514763,10.54756837751784,10.547568377527428,10.547568377543982,10.54756837752091,10.5475683774804,10.547568377559577,10.547568377459468,10.54756837756407,10.547568377476967,10.54756837753639,10.547568377551485,10.547568377471086,10.547568377526394,10.547568377492626,10.54756837751736,10.547568377502236,10.54756837752217,10.547568377538084,10.547568377498022,10.547568377497726,10.547568377521138,10.547568377518301,10.547568377505868,10.54756837751195,10.54756837751381,10.54756837750737,10.547568377513931,10.54756837751157,10.54756837751281,10.547568377508926,10.547568377515411,10.54756837751567,10.547568377511176,10.547568377511569,10.547568377510744,10.54756837751391,10.547568377514505,10.547568377512704,10.547568377511395,10.547568377511963,10.547568377511567,10.547568377511874,10.547568377512281,10.547568377512206,10.547568377512116,10.547568377512334,10.547568377512372,10.547568377512206,10.547568377512441,10.547568377512077,10.547568377512533,10.547568377512535,10.547568377512789,10.547568377513095,10.547568377512187,10.547568377512645,10.547568377512427,10.547568377512416,10.547568377512484,10.547568377512402,10.547568377512466
2.189797927513154e+47,10.547568431527829,10.547568432733266,10.547568421674072,10.547568398051968,10.547568402141492,10.547568399176097,10.54756839234951,10.547568389438307,10.54756838768074,10.547568384631187,10.54756838375936,10.547568382090352,10.547568380541344,10.547568380561161,10.547568379464341,10.547568379286504,10.547568378889038,10.547568378512443,10.547568378417283,10.547568378097662,10.547568378059728,10.547568377881465,10.547568377802428,10.547568377746709,10.547568377732304,10.547568377659756,10.547568377624692,10.547568377615919,10.547568377591135,10.547568377569966,10.547568377565801,10.547568377554063,10.547568377543545,10.547568377540271,10.547568377530265,10.547568377528306,10.547568377526915,10.547568377520001,10.547568377518019,10.547568377521904,10.547568377535155,10.54756837755838,10.547568377525346,10.547568377467622,10.547568377579946,10.547568377437603,10.547568377586128,10.547568377462287,10.54756837754667,10.54756837756806,10.547568377453802,10.54756837753235,10.54756837748435,10.547568377519472,10.547568377497969,10.54756837752628,10.547568377548885,10.547568377491956,10.54756837749153,10.547568377524788,10.547568377520752,10.547568377503087,10.547568377511727,10.547568377514368,10.547568377505215,10.547568377514535,10.54756837751118,10.547568377512942,10.547568377507421,10.547568377516637,10.547568377517004,10.547568377510617,10.547568377511174,10.547568377510006,10.547568377514501,10.547568377515347,10.547568377512789,10.54756837751093,10.547568377511734,10.54756837751117,10.547568377511608,10.547568377512187,10.54756837751208,10.547568377511952,10.547568377512263,10.547568377512315,10.547568377512082,10.547568377512416,10.547568377511896,10.547568377512546,10.547568377512547,10.54756837751291,10.547568377513342,10.547568377512054,10.547568377512706,10.547568377512395,10.547568377512379,10.547568377512476,10.54756837751236,10.547568377512448
3.1112097627732425e+47,10.54756848620165,10.547568481176414,10.547568460300251,10.54756842261772,10.547568425095566,10.547568418270073,10.547568406510555,10.54756840072626,10.547568396934265,10.547568391555822,10.547568389510843,10.547568386489122,10.547568383776962,10.547568383399046,10.547568381517943,10.547568381009704,10.547568380242126,10.547568379546547,10.54756837928416,10.54756837872924,10.547568378595372,10.547568378278777,10.547568378116251,10.547568377997273,10.547568377945268,10.5475683778172,10.547568377747561,10.54756837771939,10.547568377671745,10.5475683776318,10.547568377618067,10.547568377595201,10.547568377575347,10.547568377566806,10.547568377549508,10.547568377544275,10.547568377540383,10.547568377529,10.54756837752499,10.547568377529531,10.547568377547606,10.54756837758001,10.54756837753256,10.54756837745021,10.547568377609458,10.547568377407003,10.547568377617832,10.547568377441719,10.54756837756151,10.547568377591789,10.547568377429396,10.547568377540927,10.54756837747268,10.547568377522545,10.547568377491961,10.547568377532166,10.547568377564263,10.547568377483367,10.54756837748275,10.547568377529993,10.54756837752425,10.547568377499145,10.547568377511418,10.547568377515166,10.547568377502158,10.547568377515399,10.54756837751063,10.547568377513132,10.547568377505288,10.547568377518378,10.5475683775189,10.547568377509824,10.547568377510617,10.547568377508954,10.547568377515343,10.547568377516544,10.54756837751291,10.547568377510268,10.54756837751141,10.547568377510611,10.547568377511231,10.547568377512054,10.547568377511903,10.547568377511721,10.547568377512162,10.547568377512235,10.547568377511904,10.547568377512379,10.54756837751164,10.547568377512563,10.547568377512567,10.54756837751308,10.547568377513695,10.547568377511865,10.547568377512789,10.547568377512349,10.547568377512327,10.547568377512464,10.547568377512299,10.547568377512423
4.420328499885016e+47,10.54756859589094,10.547568575336808,10.547568535379243,10.54756847360673,10.547568470446985,10.54756845550736,10.547568434661644,10.547568423128746,10.547568415135421,10.547568405388091,10.54756840085809,10.547568395253958,10.54756839036962,10.54756838901373,10.547568385690065,10.547568384452378,10.547568382952514,10.547568381640342,10.547568381010871,10.547568380019019,10.547568379667418,10.547568379089803,10.547568378757498,10.547568378508094,10.547568378370556,10.547568378138145,10.5475683779992,10.547568377927465,10.547568377834681,10.547568377758008,10.547568377722722,10.547568377677743,10.547568377639621,10.547568377619635,10.547568377588833,10.547568377576455,10.54756837756706,10.547568377547742,10.547568377539637,10.547568377544106,10.54756837756827,10.547568377613114,10.547568377544655,10.547568377426972,10.547568377652546,10.547568377364456,10.547568377663614,10.547568377413063,10.547568377583067,10.547568377625858,10.547568377395017,10.547568377553345,10.547568377456281,10.547568377527053,10.547568377483541,10.54756837754062,10.547568377586185,10.54756837747122,10.547568377470316,10.547568377537424,10.547568377529249,10.547568377493569,10.547568377510993,10.547568377516312,10.547568377497825,10.547568377516633,10.547568377509855,10.547568377513405,10.547568377502259,10.547568377520856,10.547568377521598,10.547568377508702,10.547568377509828,10.547568377507464,10.547568377516539,10.547568377518246,10.54756837751308,10.547568377509327,10.54756837751095,10.547568377509815,10.547568377510697,10.547568377511864,10.547568377511649,10.547568377511393,10.547568377512018,10.547568377512121,10.547568377511652,10.547568377512325,10.547568377511277,10.547568377512588,10.547568377512592,10.547568377513324,10.547568377514196,10.547568377511595,10.547568377512908,10.547568377512283,10.54756837751225,10.547568377512446,10.54756837751221,10.54756837751239
6.280291441834272e+47,10.547568814814355,10.547568759258823,10.547568682187924,10.547568578125146,10.547568560339029,10.547568528655306,10.547568490767993,10.547568467740584,10.547568451156126,10.547568433077119,10.547568423374129,10.54756841277375,10.547568403758229,10.547568400181696,10.547568394147364,10.547568391349337,10.54756838839292,10.547568385875271,10.547568384463116,10.547568382643453,10.54756838181822,10.547568380739648,10.547568380062895,10.547568379546357,10.547568379222477,10.547568378790437,10.547568378512281,10.547568378346362,10.547568378163884,10.547568378014745,10.547568377932766,10.547568377843644,10.547568377769473,10.547568377725232,10.547568377668904,10.547568377641344,10.547568377620186,10.547568377586392,10.54756837757001,10.54756837757237,10.547568377603632,10.547568377664936,10.547568377565565,10.547568377396988,10.547568377716097,10.547568377305891,10.547568377730153,10.5475683773735,10.547568377614647,10.547568377674986,10.547568377346776,10.547568377571451,10.547568377433345,10.547568377533752,10.547568377471805,10.54756837755281,10.547568377617477,10.547568377454082,10.547568377452748,10.547568377548053,10.547568377536406,10.547568377485689,10.547568377510428,10.547568377517972,10.547568377491693,10.547568377518408,10.547568377508767,10.547568377513809,10.547568377497965,10.547568377524383,10.547568377525435,10.547568377507108,10.547568377508707,10.547568377505348,10.54756837751824,10.547568377520665,10.547568377513326,10.547568377507993,10.547568377510299,10.547568377508684,10.547568377509936,10.547568377511595,10.54756837751129,10.547568377510924,10.547568377511814,10.547568377511961,10.547568377511293,10.547568377512249,10.54756837751076,10.547568377512622,10.547568377512627,10.547568377513668,10.547568377514907,10.547568377511212,10.54756837751308,10.547568377512189,10.547568377512146,10.547568377512421,10.547568377512087,10.547568377512341
8.92287996138797e+47,10.547569247486313,10.547569118037881,10.547568969364951,10.547568789825219,10.547568738444173,10.547568672800445,10.54756860259706,10.547568556668951,10.547568522680644,10.547568488536538,10.547568468206181,10.547568447852445,10.547568430873385,10.547568422473377,10.54756841125942,10.547568405190608,10.547568399327135,10.54756839443329,10.5475683913829,10.547568387969806,10.547568386140393,10.547568384087677,10.547568382713312,10.547568381652155,10.54756838093274,10.547568380113391,10.547568379555226,10.54756837919032,10.547568378828831,10.547568378535786,10.547568378355036,10.547568378177516,10.547568378031745,10.547568377936905,10.547568377831512,10.547568377772215,10.547568377726392,10.547568377665566,10.547568377632478,10.547568377627767,10.547568377665995,10.54756837774822,10.547568377602788,10.547568377360504,10.547568377811098,10.547568377226481,10.547568377827698,10.547568377319612,10.547568377661445,10.547568377746247,10.547568377279458,10.54756837759812,10.547568377401497,10.547568377543849,10.547568377455589,10.547568377570503,10.547568377662232,10.547568377429968,10.547568377427973,10.547568377563302,10.54756837754669,10.547568377474585,10.547568377509696,10.547568377520387,10.547568377483026,10.547568377520962,10.547568377507254,10.547568377514402,10.547568377491883,10.54756837752941,10.547568377530897,10.547568377504858,10.547568377507123,10.547568377502348,10.547568377520664,10.547568377524104,10.547568377513677,10.547568377506098,10.547568377509375,10.54756837750708,10.547568377508856,10.547568377511213,10.54756837751078,10.547568377510261,10.547568377511523,10.547568377511734,10.547568377510785,10.547568377512142,10.547568377510027,10.547568377512672,10.54756837751268,10.547568377514159,10.547568377515919,10.54756837751067,10.54756837751332,10.547568377512057,10.547568377511995,10.547568377512388,10.547568377511912,10.547568377512272
1.2677403197404035e+48,10.547570087996908,10.547569811236293,10.547569527220631,10.547569212457953,10.547569089440554,10.547568956336011,10.547568824741775,10.547568733573588,10.547568664730353,10.547568599463238,10.547568557564825,10.547568518090547,10.547568485630993,10.547568467047578,10.547568445817573,10.547568432989529,10.54756842131462,10.547568411711527,10.547568405275161,10.547568398758232,10.547568394834947,10.547568390869479,10.547568388084228,10.547568385916428,10.547568384371282,10.547568382792516,10.547568381670654,10.54756838089153,10.547568380171624,10.547568379591485,10.547568379204957,10.547568378850007,10.547568378561374,10.547568378362067,10.547568378161134,10.547568378036237,10.547568377939319,10.547568377827035,10.54756837776021,10.547568377737239,10.547568377779061,10.547568377886055,10.547568377670853,10.547568377321012,10.547568377955587,10.547568377121324,10.547568377972365,10.547568377247737,10.547568377731823,10.547568377850439,10.547568377186272,10.547568377637909,10.547568377357733,10.547568377559378,10.547568377433477,10.547568377596384,10.547568377726414,10.547568377396184,10.547568377393148,10.547568377585261,10.547568377561534,10.54756837745899,10.547568377508803,10.547568377523934,10.547568377470805,10.547568377524666,10.547568377505161,10.54756837751529,10.547568377483277,10.547568377536583,10.547568377538681,10.547568377501673,10.547568377504888,10.547568377498097,10.547568377524113,10.547568377529002,10.547568377514182,10.547568377503412,10.547568377508064,10.547568377504803,10.547568377507329,10.547568377510675,10.547568377510057,10.54756837750932,10.54756837751111,10.54756837751141,10.547568377510062,10.547568377511991,10.547568377508986,10.547568377512745,10.547568377512755,10.547568377514855,10.547568377517354,10.547568377509897,10.547568377513665,10.547568377511869,10.54756837751178,10.547568377512338,10.547568377511663,10.547568377512174
1.801173528334122e+48,10.547571676373957,10.547571123404511,10.547570592757396,10.547570039075401,10.547569772486366,10.547569509245331,10.54756926225811,10.547569083179749,10.547568945706276,10.54756882035029,10.547568735311058,10.547568658414427,10.54756859578729,10.547568556161105,10.54756851543373,10.547568488799243,10.547568465512603,10.547568446552004,10.547568433183747,10.547568420571272,10.547568412332453,10.547568404586007,10.547568398951364,10.547568394540892,10.547568391291094,10.547568388211806,10.547568385954603,10.547568384321767,10.547568382882679,10.547568381727945,10.547568380916987,10.547568380205355,10.547568379630741,10.547568379217266,10.547568378828462,10.547568378568968,10.547568378367043,10.547568378155315,10.547568378020369,10.547568377954882,10.547568377989089,10.547568378121253,10.547568377798193,10.54756837728983,10.547568378180067,10.5475683769874,10.547568378190167,10.547568377155082,10.547568377839662,10.547568378004417,10.547568377058838,10.547568377698271,10.547568377298557,10.547568377583824,10.547568377403929,10.547568377634663,10.547568377818806,10.54756837734915,10.547568377344424,10.547568377617061,10.547568377583092,10.5475683774372,10.547568377507822,10.547568377529208,10.547568377453628,10.547568377530075,10.547568377502309,10.547568377516644,10.547568377471123,10.54756837754683,10.547568377549787,10.54756837749719,10.54756837750174,10.54756837749208,10.547568377529036,10.547568377535972,10.54756837751491,10.547568377499603,10.54756837750621,10.547568377501571,10.547568377505158,10.547568377509911,10.54756837750903,10.547568377507982,10.54756837751053,10.547568377510954,10.547568377509037,10.547568377511777,10.547568377507506,10.547568377512846,10.54756837751286,10.547568377515846,10.547568377519395,10.5475683775088,10.547568377514152,10.5475683775116,10.547568377511476,10.547568377512269,10.547568377511308,10.547568377512036
2.5590620008330363e+48,10.547574562779165,10.547573526224202,10.547572569675546,10.547571608256703,10.547571071858092,10.547570568045238,10.5475701098961,10.547569764807674,10.547569495780783,10.547569256095525,10.547569086551281,10.547568937131272,10.54756881602636,10.547568733796638,10.547568655106891,10.547568600608116,10.547568554202902,10.547568516661064,10.547568489223414,10.547568464586844,10.547568447535028,10.547568432285715,10.54756842090715,10.547568411963299,10.547568405222632,10.547568399162946,10.547568394619107,10.547568391238963,10.547568388354884,10.547568386047653,10.547568384367342,10.547568382937953,10.547568381789576,10.547568380939156,10.547568380178237,10.54756837964398,10.54756837922745,10.54756837882128,10.547568378548812,10.547568378389464,10.547568378387176,10.547568378534875,10.547568378040959,10.547568377295834,10.547568378537752,10.547568376828366,10.547568378524371,10.54756837704254,10.54756837800872,10.547568378235189,10.547568376887808,10.547568377791768,10.547568377220536,10.547568377623364,10.547568377365725,10.547568377692087,10.5475683779525,10.547568377284266,10.547568377276729,10.547568377663445,10.547568377614661,10.547568377406982,10.547568377507023,10.54756837753718,10.547568377429593,10.54756837753806,10.547568377498495,10.547568377518752,10.547568377454002,10.547568377561507,10.547568377565657,10.54756837749089,10.547568377497324,10.547568377483579,10.547568377536061,10.547568377545902,10.547568377515969,10.547568377494212,10.547568377503588,10.547568377496995,10.547568377502085,10.547568377508835,10.54756837750758,10.547568377506089,10.547568377509705,10.547568377510306,10.547568377507583,10.547568377511475,10.547568377505405,10.547568377512992,10.547568377513013,10.547568377517253,10.547568377522296,10.547568377507242,10.547568377514846,10.547568377511222,10.547568377511045,10.54756837751217,10.547568377510805,10.54756837751184
3.6358508611685927e+48,10.547579560774622,10.547577734893055,10.547576089411313,10.547574468159631,10.547573459356357,10.547572535647115,10.547571708131505,10.547571063076544,10.547570552022389,10.54757010114617,10.547569771293066,10.547569484339187,10.547569251708826,10.547569085331354,10.547568933350894,10.547568823495846,10.547568731454666,10.547568657214,10.547568601504834,10.547568553147858,10.547568518258881,10.547568488110127,10.547568465187297,10.547568447108251,10.547568433265758,10.547568421268759,10.547568412122702,10.547568405185281,10.547568399396416,10.547568394774796,10.547568391322681,10.547568388448227,10.547568386147045,10.547568384408281,10.547568382906478,10.547568381813337,10.547568380959895,10.547568380170246,10.547568379620156,10.547568379259936,10.547568379153983,10.547568379282914,10.54756837851071,10.547568377405907,10.547568379124161,10.547568376665494,10.547568379049167,10.547568376921197,10.547568378280895,10.547568378587295,10.547568376665046,10.547568377940225,10.547568377121914,10.547568377689252,10.547568377319063,10.54756837777981,10.54756837814735,10.54756837719601,10.547568377183637,10.547568377731778,10.54756837766142,10.547568377365545,10.547568377507075,10.547568377549464,10.547568377396203,10.547568377550004,10.547568377493562,10.547568377522122,10.547568377429979,10.547568377582602,10.54756837758839,10.547568377482092,10.547568377491169,10.547568377471594,10.547568377546119,10.54756837756007,10.547568377517521,10.54756837748659,10.547568377499893,10.547568377490514,10.547568377497736,10.54756837750732,10.547568377505533,10.547568377503408,10.54756837750854,10.547568377509391,10.54756837750552,10.547568377511048,10.547568377502426,10.547568377513203,10.54756837751323,10.547568377519253,10.547568377526417,10.54756837750503,10.547568377515832,10.547568377510684,10.547568377510432,10.547568377512029,10.547568377510089,10.54756837751156
5.1657253635734275e+48,10.547587782584477,10.547584745495818,10.547582055013926,10.547579430039205,10.547577651429508,10.547576042450002,10.54757460650879,10.547573450415248,10.547572518511274,10.547571695317778,10.54757107530456,10.547570537058965,10.547570098250024,10.54756977130679,10.547569480730527,10.547569263488013,10.547569082855874,10.547568937048782,10.547568825343973,10.547568730469374,10.547568659881291,10.547568600246786,10.547568554246393,10.547568517847827,10.547568489653605,10.547568465823366,10.547568447431658,10.547568433286493,10.547568421661197,10.547568412391168,10.547568405342426,10.547568399558815,10.547568394939889,10.547568391399867,10.547568388417751,10.547568386190841,10.547568384450349,10.547568382899625,10.547568381789175,10.547568381007332,10.547568380649565,10.547568380669366,10.547568379430112,10.547568377767256,10.547568380115198,10.547568376561417,10.547568379895637,10.547568376826627,10.547568378732143,10.547568379136466,10.54756837638939,10.547568378182671,10.547568377006476,10.547568377802461,10.54756837726815,10.547568377916823,10.547568378434082,10.54756837707854,10.5475683770576,10.547568377833782,10.5475683777317,10.547568377309693,10.547568377509553,10.547568377568853,10.547568377350288,10.54756837756819,10.547568377487533,10.547568377527664,10.547568377396445,10.547568377613056,10.547568377621065,10.547568377469888,10.547568377482659,10.547568377454757,10.547568377560554,10.547568377580319,10.547568377519823,10.547568377475836,10.5475683774947,10.547568377481353,10.547568377491595,10.547568377505195,10.547568377502643,10.547568377499617,10.547568377506902,10.547568377508105,10.5475683775026,10.54756837751045,10.547568377498193,10.547568377513503,10.547568377513542,10.547568377522097,10.547568377532277,10.547568377501888,10.547568377517235,10.54756837750992,10.547568377509561,10.54756837751183,10.547568377509075,10.547568377511165
7.339332538873482e+48,10.547600682736991,10.547595872328472,10.547591672954383,10.54758760503502,10.547584648163594,10.547581991463097,10.547579615718432,10.547577644533698,10.547576027722629,10.54757458679975,10.547573472752529,10.547572499322593,10.547571697269698,10.547571078424486,10.54757053517604,10.547570117065602,10.547569769378416,10.547569487302743,10.547569267202464,10.547569082448925,10.547568941607397,10.547568824191917,10.54756873251267,10.547568659683817,10.54756860273916,10.547568555393694,10.547568518500928,10.547568489830825,10.547568466502687,10.547568447907956,10.547568433586545,10.547568421951684,10.5475684126739,10.547568405490342,10.547568399544273,10.547568395022475,10.54756839148493,10.547568388417195,10.547568386175975,10.547568384520366,10.54756838359403,10.547568383292287,10.547568381244995,10.547568378694281,10.54756838184189,10.547568376670588,10.547568381301813,10.547568376849362,10.547568379503547,10.547568380015438,10.547568376080202,10.54756837859076,10.547568376892293,10.54756837800287,10.547568377226856,10.547568378136482,10.547568378861431,10.547568376927638,10.547568376891105,10.547568377988622,10.547568377839314,10.547568377236434,10.547568377517925,10.547568377600308,10.547568377288128,10.54756837759648,10.547568377480946,10.547568377537063,10.547568377350016,10.547568377657296,10.547568377668245,10.547568377453159,10.547568377471043,10.547568377431219,10.54756837758136,10.54756837760932,10.547568377523287,10.547568377460712,10.547568377487437,10.54756837746843,10.547568377482941,10.547568377502238,10.547568377498584,10.547568377494265,10.547568377504604,10.547568377506298,10.54756837749847,10.547568377509613,10.547568377492196,10.547568377513944,10.547568377513992,10.547568377526146,10.547568377540607,10.547568377497427,10.547568377519232,10.547568377508837,10.547568377508327,10.54756837751155,10.547568377507634,10.547568377510602
1.0427538888537624e+49,10.547620165329857,10.547612835151533,10.547606515713131,10.547600450576484,10.547595771940536,10.547591593050813,10.547587842645518,10.547584648224522,10.547581985835853,10.547579584165907,10.54757768370108,10.547576003568931,10.547574599975897,10.547573482286042,10.547572502275196,10.547571727402886,10.547571078480535,10.547570546845762,10.547570124308239,10.54756977065106,10.547569495218152,10.547569266781323,10.547569086278553,10.547568942077817,10.547568828316878,10.547568734621759,10.547568660994498,10.5475686032843,10.547568556601343,10.547568519366964,10.547568490410788,10.547568467034743,10.547568448406656,10.547568433873408,10.547568421989025,10.547568412832593,10.54756840566181,10.547568399562278,10.54756839504034,10.547568391589794,10.547568389430884,10.547568388336254,10.547568384849985,10.547568380845998,10.547568384938208,10.54756837734455,10.547568383710399,10.54756837719876,10.547568380862467,10.547568381463519,10.54756837580737,10.547568379298983,10.54756837683066,10.547568378367457,10.547568377230853,10.547568378499022,10.547568379508899,10.54756837674553,10.547568376679939,10.54756837822863,10.547568378007872,10.547568377144653,10.54756837753961,10.547568377652892,10.547568377206028,10.547568377641625,10.547568377475578,10.54756837755349,10.5475683772865,10.547568377722122,10.547568377736807,10.547568377430615,10.547568377455503,10.547568377398553,10.547568377611517,10.547568377651006,10.547568377528599,10.547568377439529,10.547568377477354,10.547568377450256,10.547568377470798,10.547568377498154,10.547568377492908,10.547568377486739,10.547568377501399,10.547568377503781,10.547568377492636,10.547568377508455,10.547568377483696,10.547568377514585,10.547568377514645,10.547568377531908,10.547568377552452,10.547568377491096,10.547568377522076,10.547568377507302,10.547568377506575,10.547568377511153,10.547568377505588,10.547568377509805
1.4815184718235158e+49,10.547648811517753,10.547637945223613,10.54762867119012,10.547619877038686,10.547612752924927,10.547606428424542,10.547600736706093,10.54759578853602,10.547591607243097,10.547587792505416,10.547584713771347,10.54758195627808,10.54757961946517,10.547577704915133,10.547576016826277,10.54757464766561,10.547573486917406,10.547572522648052,10.547571740980338,10.547571083546494,10.547570560634474,10.547570125937977,10.547569777799769,10.547569497298136,10.547569273746891,10.547569090195326,10.547568944682359,10.54756882966459,10.547568736814307,10.547568662598664,10.547568604413259,10.547568557593557,10.547568520270083,10.547568490971322,10.54756846720455,10.547568448716156,10.547568434217812,10.547568422053244,10.547568412935766,10.54756840582197,10.547568401057283,10.54756839815844,10.547568392042606,10.547568385586576,10.547568390634835,10.547568379349322,10.547568387961066,10.547568378335134,10.54756838332373,10.547568383923052,10.547568375755782,10.547568380564392,10.547568376946172,10.547568379046625,10.547568377363012,10.547568379115939,10.547568380510162,10.547568376551977,10.547568376431164,10.54756837861004,10.547568378278978,10.547568377039093,10.54756837759019,10.547568377743533,10.547568377101923,10.547568377715756,10.547568377476015,10.547568377583039,10.547568377201207,10.547568377818198,10.547568377837305,10.547568377401054,10.547568377435365,10.547568377353706,10.547568377655573,10.547568377711196,10.54756837753694,10.547568377410059,10.5475683774635,10.547568377424817,10.547568377453844,10.547568377492592,10.547568377485035,10.54756837747619,10.547568377496967,10.547568377500296,10.54756837748443,10.547568377506872,10.54756837747167,10.547568377515534,10.547568377515603,10.547568377540118,10.547568377569293,10.54756837748212,10.547568377526126,10.547568377505131,10.547568377504096,10.547568377510595,10.547568377502687,10.547568377508679
2.1049041445119961e+49,10.547690246164933,10.547674417790688,10.547661015400433,10.547648468182194,10.547637911705841,10.54762859428694,10.547620200728254,10.547612801073011,10.547606477430778,10.547600661748696,10.547595892911797,10.547591573156621,10.547587866729089,10.547584754385076,10.547581988533294,10.547579692995363,10.547577718300907,10.54757605130232,10.547574671908933,10.547573499410076,10.547572546364291,10.547571747121602,10.547571096649627,10.54757056610292,10.547570137821712,10.547569785061993,10.54756950239001,10.547569276749737,10.5475690942258,10.547568947684196,10.5475688318645,10.547568738684372,10.547568664269086,10.547568605511376,10.547568558068829,10.547568520880336,10.547568491659746,10.547568467375593,10.547568449016879,10.54756843446887,10.547568424287833,10.547568417461646,10.547568406436065,10.547568395715036,10.547568401344867,10.547568384310608,10.547568395671291,10.547568381240936,10.547568387890855,10.54756838822894,10.547568376360879,10.547568382885268,10.547568377520271,10.547568380336857,10.547568377806048,10.54756838019797,10.54756838209693,10.547568376408556,10.547568376181161,10.547568379233498,10.547568378727984,10.547568376939253,10.547568377701953,10.547568377904463,10.54756837697933,10.547568377841246,10.547568377492903,10.547568377637555,10.547568377090007,10.547568377962719,10.54756837798632,10.547568377364048,10.547568377410668,10.54756837729315,10.547568377720602,10.547568377798653,10.547568377550387,10.54756837736945,10.547568377444774,10.54756837738944,10.547568377430363,10.547568377485177,10.547568377474223,10.54756837746151,10.547568377490917,10.547568377495537,10.547568377472917,10.54756837750474,10.547568377454677,10.547568377516958,10.547568377517024,10.54756837755183,10.547568377593265,10.547568377469393,10.547568377531906,10.547568377502065,10.547568377500587,10.547568377509817,10.547568377498575,10.547568377507082
2.9905948132597047e+49,10.547749642599229,10.547726822230864,10.547707618344573,10.547689844825952,10.547674472181122,10.547660971253737,10.54764881669655,10.547638011005763,10.547628697612598,10.547620097162607,10.54761295941023,10.547606442162053,10.547600798135333,10.547595963537168,10.547591637094506,10.547587976251886,10.547584782853061,10.547582044639974,10.547579734024046,10.547577743875971,10.547576090962616,10.547574686662802,10.547573522647925,10.547572558264818,10.547571767305437,10.54757110990229,10.547570575802379,10.547570144055118,10.54756979247429,10.54756950800178,10.547569281007883,10.547569097753472,10.547568950817514,10.547568834007043,10.547568739825175,10.54756866548001,10.547568606877677,10.547568558477415,10.547568521609215,10.547568492067068,10.547568470772203,10.547568455633042,10.547568435287756,10.54756841693472,10.547568421832263,10.547568395619741,10.547568409992879,10.547568387973579,10.547568396537454,10.547568395983387,10.54756837858988,10.547568387237833,10.547568379163566,10.54756838282639,10.547568378950618,10.547568382150072,10.547568384682755,10.547568376470378,10.547568376034821,10.547568380283913,10.547568379494756,10.547568376898612,10.54756837794129,10.547568378198008,10.547568376856258,10.547568378060253,10.547568377549734,10.547568377740305,10.547568376952178,10.547568378184243,10.547568378210613,10.547568377321541,10.547568377383492,10.54756837721349,10.547568377817916,10.547568377926842,10.547568377572716,10.54756837731429,10.547568377420095,10.547568377340726,10.547568377398225,10.547568377475622,10.54756837745962,10.547568377441257,10.547568377482817,10.547568377489162,10.547568377456875,10.547568377501955,10.547568377430729,10.547568377519132,10.547568377519157,10.547568377568563,10.547568377627398,10.547568377451372,10.547568377540163,10.547568377497745,10.547568377495633,10.547568377508732,10.54756837749275,10.54756837750483
4.2489618163439987e+49,10.54783439967911,10.547801690909763,10.547774295265599,10.547749172193384,10.547727015426712,10.547707631116028,10.547690208831996,10.547674646702319,10.54766115426065,10.547648681109278,10.547638242072173,10.547628666991335,10.547620325523322,10.547613074034192,10.54760655515883,10.547600955888626,10.547596016333472,10.547591724844148,10.547588042217901,10.54758482968465,10.54758210849561,10.547579763615284,10.547577783303744,10.547576114002506,10.547574720226267,10.54757354610809,10.547572576057313,10.547571779465764,10.547571123333311,10.547570586137079,10.547570152160127,10.547569799049104,10.547569513911261,10.547569285127418,10.547569100292126,10.547568953217777,10.547568836690598,10.54756874074957,10.5475686670925,10.54756860756938,10.547568563742232,10.547568531366204,10.547568493136065,10.54756846079024,10.547568461537264,10.547568420264138,10.547568437115428,10.547568402785751,10.547568413168255,10.547568410299807,10.547568384519625,10.547568395549426,10.547568383168803,10.547568387687633,10.547568381616008,10.547568385760467,10.547568389025319,10.54756837709427,10.547568376248558,10.54756838210855,10.547568380844188,10.547568377045174,10.547568378443914,10.547568378746073,10.547568376784586,10.547568378453587,10.547568377696766,10.547568377937353,10.547568376797036,10.547568378531658,10.54756837855467,10.54756837728148,10.547568377360843,10.54756837711319,10.547568377966108,10.547568378116896,10.547568377610949,10.547568377241056,10.547568377388924,10.547568377274638,10.547568377355033,10.547568377464028,10.547568377440408,10.547568377413711,10.547568377472313,10.547568377480882,10.547568377434706,10.547568377498491,10.547568377397095,10.54756837752253,10.547568377522428,10.547568377592526,10.547568377676047,10.547568377425888,10.547568377551997,10.547568377491684,10.547568377488654,10.54756837750724,10.547568377484513,10.547568377501658
6.036817972365521e+49,10.547955075719331,10.547908351712772,10.547869353718895,10.54783384025067,10.54780208969649,10.54777439354363,10.54774954634633,10.547727296225888,10.547707928187501,10.547690034285342,10.54767497576614,10.547661136075941,10.547649039889981,10.54763841930161,10.547628852343655,10.547620547344293,10.54761316432233,10.547606687279519,10.547601057794967,10.547596095559612,10.547591823790317,10.547588095462947,10.54758489349605,10.547582149308806,10.547579817573023,10.54757782312039,10.547576145108996,10.54757474257481,10.547573569631565,10.547572594583043,10.547571794415376,10.547571135275492,10.547570597227924,10.547570159830862,10.547569804462473,10.547569518588634,10.547569290336032,10.547569102305369,10.54756895657066,10.547568837936861,10.547568749073047,10.547568681634568,10.547568608928643,10.547568550460708,10.547568539169683,10.547568472489825,10.547568489243554,10.547568434379247,10.547568445533171,10.547568437280612,10.547568398514155,10.54756841164445,10.547568392229666,10.547568397264106,10.547568387498469,10.547568392577977,10.547568396544014,10.54756837906246,10.547568377403433,10.54756838537133,10.547568383286169,10.547568377665788,10.547568379486192,10.547568379789146,10.547568376891068,10.547568379178289,10.547568378039456,10.547568378320383,10.547568376658745,10.54756837909121,10.547568379094736,10.547568377265604,10.547568377360891,10.54756837699668,10.547568378196704,10.547568378402925,10.547568377678404,10.547568377147364,10.54756837735249,10.547568377187051,10.547568377298655,10.547568377451553,10.54756837741621,10.547568377377049,10.547568377459411,10.54756837747069,10.547568377404469,10.54756837749456,10.547568377350098,10.547568377527979,10.547568377527552,10.547568377626957,10.547568377745476,10.547568377389927,10.547568377569004,10.547568377483223,10.547568377478862,10.54756837750522,10.547568377472883,10.547568377497216
8.576958985908876e+49,10.548126708751226,10.548060093704448,10.548004640481803,10.54795439493097,10.54790904877307,10.54786957244053,10.547834223894197,10.547802519496887,10.547774853864786,10.547749318854665,10.547727758660132,10.54770793193353,10.547690576149186,10.547675242668266,10.547661425041584,10.547649347473767,10.54763856477463,10.547629046249698,10.547620698821879,10.54761329291331,10.54760683405219,10.54760114783836,10.547596193641679,10.547591891693626,10.547588178720487,10.54758495763284,10.547582201471625,10.547579855773925,10.547577862801216,10.5475761769815,10.547574768828696,10.5475735907786,10.547572614805873,10.547571808106419,10.54757114643758,10.547570605967264,10.547570169880018,10.547569808616808,10.547569525225546,10.547569292724312,10.547569115662537,10.547568978524266,10.547568839600599,10.547568731915844,10.547568691633124,10.547568581009545,10.547568590433404,10.547568500388737,10.547568509013447,10.54756848894265,10.547568429603718,10.547568443131064,10.547568411896483,10.547568416246554,10.547568400077816,10.547568405666064,10.547568409945772,10.547568384040996,10.54756838076232,10.547568391359308,10.547568387814366,10.54756837937983,10.547568381629315,10.547568381804705,10.547568377462927,10.547568380542687,10.547568378796369,10.547568379072619,10.547568376628051,10.54756838001934,10.54756837996547,10.547568377325893,10.54756837742602,10.547568376883616,10.5475683785648,10.547568378841614,10.547568377800758,10.547568377035157,10.547568377316582,10.547568377075343,10.54756837722862,10.547568377441902,10.547568377388084,10.547568377329965,10.547568377445169,10.547568377459378,10.547568377364053,10.547568377490984,10.547568377284922,10.547568377536969,10.547568377535802,10.54756837767665,10.547568377844742,10.54756837733933,10.547568377593565,10.547568377471508,10.5475683774652,10.547568377502543,10.547568377456514,10.547568377491025
1.2185927384710947e+50,10.54837068225903,10.548275830150452,10.548197006259853,10.548125860497027,10.548061217193348,10.54800503011135,10.54795478267296,10.547909691695294,10.547870258033695,10.547833928161259,10.547803165526917,10.547774893291722,10.547750115799726,10.547728153135466,10.547708366303574,10.547691007332197,10.547675462773991,10.547661705871382,10.547649569778553,10.547638760088045,10.547629262661196,10.54762084278984,10.547613438161097,10.547606942121796,10.547601270920621,10.547596292832463,10.547591975212697,10.547588239642867,10.54758502350429,10.547582251955847,10.54757990107121,10.54757789880283,10.547576211584834,10.547574793042347,10.547573611846486,10.547572630871297,10.547571827129916,10.547571154363615,10.547570618666883,10.547570174562036,10.547569830188944,10.54756955883402,10.54756929458953,10.547569094470107,10.547568990806829,10.547568802770753,10.547568787793406,10.547568636128243,10.54756863400164,10.547568588948653,10.547568496231138,10.547568505139465,10.54756845350312,10.547568454019235,10.547568426440101,10.547568431107738,10.54756843446256,10.547568395512705,10.547568389000672,10.547568402593102,10.547568396382898,10.547568383494411,10.547568386010484,10.547568385744938,10.547568379124481,10.54756838315673,10.547568380416678,10.54756838056124,10.547568376919072,10.547568381606677,10.547568381411308,10.54756837757878,10.547568377649883,10.547568376828908,10.54756837916947,10.547568379530114,10.547568378028117,10.547568376917939,10.547568377297571,10.547568376942337,10.547568377149432,10.547568377444481,10.547568377360744,10.547568377273162,10.547568377433182,10.54756837744971,10.547568377311773,10.547568377489947,10.547568377195535,10.547568377552267,10.547568377549476,10.54756837774881,10.547568377987043,10.547568377268437,10.547568377629267,10.547568377455482,10.547568377446291,10.54756837749914,10.547568377433565,10.547568377482477
1.7313458822574743e+50,10.548717411576078,10.548582440017155,10.548470437759729,10.548369595489268,10.548277563777392,10.548197634571721,10.548126260346898,10.548062153148381,10.548006046343087,10.547954384559228,10.547910600350303,10.547870344532344,10.54783508989394,10.547803739247504,10.547775534292088,10.54775071412443,10.547728487278823,10.54770876353504,10.547691322734101,10.547675764425584,10.547662014419766,10.547649787464527,10.547638979241656,10.547629422729287,10.547621019940001,10.547613590642705,10.547607067055909,10.547601366713256,10.54759639316247,10.547592055073599,10.54758831296514,10.547585083238594,10.547582308577324,10.547579942799773,10.547577933017095,10.547576242962155,10.54757482551179,10.54757362690578,10.547572654318351,10.54757183611963,10.547571189404563,10.54757067039538,10.547570176070822,10.547569805718698,10.547569573241535,10.547569247862794,10.547569172119779,10.547568911056104,10.547568879879032,10.54756878358606,10.547568635520607,10.54756862762482,10.547568539981814,10.547568529296061,10.54756848090905,10.547568480994611,10.547568480296793,10.54756842066139,10.547568407690719,10.54756842404348,10.547568412858325,10.547568392726747,10.54756839492992,10.547568393514304,10.547568383199112,10.547568388233525,10.547568383818092,10.547568383523457,10.547568378007913,10.547568384404066,10.547568383886714,10.547568378275626,10.547568378233061,10.547568376965025,10.547568380193452,10.547568380639962,10.54756837845918,10.547568376836587,10.547568377335175,10.54756837680525,10.547568377077933,10.547568377481033,10.54756837734738,10.547568377212839,10.547568377432798,10.547568377448895,10.547568377247865,10.547568377496646,10.54756837707503,10.547568377579097,10.547568377572848,10.547568377854487,10.547568378191771,10.547568377169728,10.54756837768161,10.547568377433958,10.547568377420436,10.547568377495104,10.54756837740158,10.547568377470832
2.4598526393410107e+50,10.549210097976509,10.549018141155683,10.548858999603942,10.548715986521133,10.548585035835089,10.54847141113801,10.54837000686002,10.548278917732825,10.54819912874878,10.548125706358855,10.548063429707174,10.548006201969498,10.547956068130219,10.547911421265953,10.547871297959016,10.547835905811503,10.547804243529693,10.547776088937667,10.547751182776457,10.547728925585833,10.547709205520137,10.547691645625951,10.54767608696616,10.547662248532957,10.547650048776488,10.54763919458967,10.547629612619126,10.547621154970834,10.547613749117078,10.547607186944258,10.547601480223701,10.547596487152735,10.547592146443417,10.54758837867521,10.547585139732618,10.547582366411001,10.547579990344081,10.547577960903528,10.5475762843693,10.54757484270798,10.547573685748379,10.547572732122095,10.547571835525462,10.547571163034469,10.547570687159613,10.547570120423348,10.547569913233108,10.547569457868809,10.54756936012327,10.547569161899183,10.547568920684629,10.547568869240418,10.547568717162672,10.547568679107302,10.547568592166998,10.547568579297996,10.547568567420372,10.547568474137513,10.54756844828879,10.547568465549212,10.547568444916926,10.547568412664642,10.547568413031197,10.547568408927713,10.547568392446596,10.547568398194302,10.547568390867445,10.547568389441064,10.547568380917655,10.54756838947218,10.547568388253453,10.54756837994695,10.547568379596798,10.547568377590105,10.547568381981087,10.547568382482552,10.54756837928968,10.54756837689296,10.54756837751902,10.547568376715224,10.547568377059127,10.547568377599353,10.547568377379822,10.54756837716827,10.547568377465861,10.54756837747382,10.547568377178008,10.547568377522648,10.547568376916931,10.54756837762751,10.547568377614011,10.547568378010993,10.54756837848779,10.54756837703355,10.547568377759251,10.547568377405897,10.547568377385746,10.54756837749099,10.547568377357388,10.547568377455296
3.4948966981590626e+50,10.5499101542335,10.549637241327503,10.549411114330443,10.549208200208403,10.549021961885199,10.548860468123213,10.548716396833015,10.548586995387453,10.548473549784946,10.548369261406837,10.548280709573817,10.548199394539763,10.548128117957823,10.548064618218158,10.548007564598471,10.547957219477063,10.547912137959194,10.547872087346722,10.547836586260686,10.547804879077376,10.547776712155235,10.54775165869385,10.547729361182757,10.547709559145042,10.547692015505207,10.547676393361185,10.547662527429853,10.547650236254064,10.547639436877668,10.547629781400026,10.54762134125901,10.547613872269011,10.54760732758731,10.547601568830778,10.54759659972864,10.547592236154557,10.547588451660763,10.547585174528054,10.547582437394759,10.547580019536696,10.547578068270026,10.547576395550639,10.547574837626978,10.5475736545177,10.54757275336168,10.547571775643291,10.54757131316852,10.54757051852269,10.54757028342612,10.547569889850037,10.547569491487133,10.54756934234497,10.547569074820665,10.54756897558656,10.547568816816154,10.547568773145446,10.54756873483093,10.54756858545355,10.54756853406367,10.54756854658345,10.547568507800698,10.5475684546967,10.547568449662585,10.54756843962682,10.547568412556661,10.547568417880242,10.547568405348427,10.547568401293425,10.54756838780016,10.547568398877837,10.547568396171194,10.54756838369621,10.547568382614523,10.547568379349595,10.547568385192486,10.547568385636852,10.547568380909711,10.547568377320108,10.547568378043488,10.547568376798747,10.547568377199488,10.547568377901477,10.54756837752974,10.547568377187986,10.547568377580676,10.54756837756188,10.547568377121028,10.547568377592878,10.547568376718772,10.547568377717061,10.547568377688565,10.547568378246197,10.547568378918754,10.54756837684827,10.547568377876168,10.547568377371107,10.54756837734059,10.54756837748841,10.547568377297134,10.547568377435258
4.965461237578566e+50,10.550904841438983,10.550516905787404,10.550195612151649,10.549907585053605,10.549642808305563,10.549413284976996,10.549208620794621,10.549024784001983,10.54886351744948,10.548715384689956,10.548589510950155,10.548473984526781,10.548372687097306,10.548282423442863,10.548201328957509,10.548129769114095,10.548065632464345,10.54800870672794,10.54795816132301,10.54791307866982,10.54787296204209,10.547837313145568,10.54780545992267,10.547777241322946,10.547752143712424,10.547729842328614,10.547709938401088,10.547692305754154,10.547676712980799,10.547662781225302,10.547650497302094,10.547639625213174,10.5476299731177,10.547621461211227,10.54761405845479,10.547607476097193,10.54760168751592,10.547596620197481,10.547592342914523,10.547588491712542,10.547585369908763,10.54758259436451,10.547580013321824,10.547578016097875,10.547576422842276,10.547574782133099,10.54757386929226,10.547572504474564,10.547572011483213,10.54757126136224,10.547570601426452,10.54757025410718,10.547569782870399,10.547569555260145,10.54756926386552,10.547569153575642,10.54756905778025,10.547568813060959,10.547568711566827,10.547568705486308,10.547568631644936,10.547568541817721,10.547568523556027,10.547568500884886,10.547568455151373,10.547568456969408,10.547568434900787,10.547568425066817,10.547568403116296,10.54756841668235,10.547568410873293,10.547568391795684,10.547568389081508,10.547568383608022,10.54756839111004,10.54756839120092,10.547568384099398,10.547568378627368,10.547568379319998,10.547568377344172,10.547568377736107,10.547568378601246,10.547568377952311,10.547568377383612,10.547568377880738,10.547568377793276,10.547568377125401,10.547568377759847,10.547568376490654,10.547568377886218,10.547568377826916,10.54756837860629,10.54756837955203,10.547568376601587,10.547568378055614,10.547568377331931,10.547568377284765,10.547568377491341,10.547568377216631,10.547568377410895
7.054802310718573e+50,10.552318162382305,10.55176678994317,10.551310286433266,10.550901322297095,10.55052495346946,10.550198767538522,10.549908029087963,10.549646840816726,10.549417648697704,10.54920721433173,10.549028333724598,10.548864181297398,10.548720259385538,10.548591972567989,10.548476745386944,10.54837504871197,10.548283857903265,10.548202974863162,10.54813107383708,10.548067000447867,10.548009938130456,10.547959257502134,10.54791388802144,10.547873732253334,10.547837945502723,10.54780618145417,10.547777763564074,10.54775261422699,10.547730246793236,10.547710322917363,10.547692635226133,10.547677050254187,10.54766302612342,10.547650691406536,10.547639861346882,10.547630228192597,10.547621620561998,10.547614083053338,10.547607608303572,10.54760174545815,10.547596935074214,10.547592584186335,10.547588485791849,10.547585278551763,10.547582618765114,10.547579975441305,10.547578325463224,10.547576057387186,10.547575123560257,10.547573760406436,10.54757267780061,10.547571964493077,10.547571145291947,10.547570664552753,10.547570135034226,10.547569890868889,10.547569677777203,10.547569269698373,10.547569071803267,10.547569016738695,10.547568875363524,10.547568719875224,10.547568671929332,10.547568623051488,10.547568543744589,10.547568534751242,10.547568494872035,10.547568472761116,10.547568436012332,10.547568450906168,10.547568438707923,10.54756840889008,10.547568402664268,10.547568393205612,10.54756840224953,10.54756840129015,10.547568390422349,10.547568381897687,10.54756838220594,10.54756837898038,10.547568379178964,10.547568380141485,10.547568378975702,10.547568377999868,10.547568378583462,10.547568378336557,10.547568377303863,10.547568378132695,10.547568376274393,10.547568378211174,10.54756837808894,10.54756837917022,10.547568380494106,10.547568376284527,10.547568378337484,10.547568377296974,10.547568377222273,10.547568377508817,10.547568377112567,10.547568377384577
1.0023285504005195e+51,10.554326338325728,10.553542730216318,10.55289410047121,10.552313296148943,10.551778371689275,10.551314825884031,10.550901792057967,10.550530698418816,10.550205019195324,10.549906055971674,10.549651862441433,10.549418624549853,10.549214162096598,10.54903183413017,10.548868130066008,10.548723628586034,10.548594024621035,10.548479090238398,10.548376875911663,10.548285823491183,10.548204692363543,10.548132666699187,10.548068161873545,10.548011066421305,10.54796010516139,10.547914915346379,10.547874476046522,10.547838668327223,10.547806701088401,10.547778338373856,10.547753047747937,10.547730799830623,10.547710619760176,10.547692964499157,10.54767731628177,10.547663423177086,10.54765088865148,10.54763997348786,10.547630375248538,10.547621713223114,10.547614519773472,10.547607997215705,10.547601713298608,10.54759681182532,10.547592586699361,10.547588495537012,10.547585706634308,10.547582095922543,10.54758046675238,10.547578116281894,10.547576379895041,10.547575050805163,10.547573663886487,10.547572719659613,10.54757178197335,10.547571286973277,10.547570849177522,10.547570163877701,10.547569786112275,10.547569621208964,10.547569351567049,10.547569078486797,10.547568967593744,10.54756886570864,10.54756872529541,10.547568689377904,10.547568615843328,10.547568568304913,10.547568505051688,10.5475685174089,10.547568492187203,10.54756844441323,10.547568430810507,10.547568413989149,10.547568423579081,10.547568420027476,10.547568403015934,10.547568389393142,10.547568388469397,10.547568383042783,10.54756838260159,10.547568383431738,10.547568381283432,10.5475683795582,10.547568380139717,10.547568379541419,10.547568377905115,10.547568378936178,10.54756837618484,10.547568378843662,10.547568378593327,10.547568380077044,10.547568381918026,10.54756837590152,10.547568378792288,10.547568377289098,10.54756837716744,10.54756837756052,10.547568376985524,10.547568377363923
1.4240831687396488e+51,10.557179808223486,10.556066182685157,10.55514453835301,10.554319548341164,10.553559329271314,10.552900604130201,10.55231380151194,10.55178653747338,10.551323772417,10.550899011423272,10.55053782353806,10.550206415491814,10.549915958356989,10.549656845281254,10.549424268561783,10.549218939310819,10.549034776408238,10.548871467426359,10.54872619518489,10.54859682276269,10.548481515204239,10.54837915158815,10.548287489415642,10.548206328142486,10.548133856107707,10.548069589739127,10.548012116638983,10.547961188789454,10.547915614490199,10.54787529271237,10.547839242891158,10.547807554101267,10.547778721106438,10.547753564755853,10.547731120984196,10.547711232758735,10.547693196421267,10.547677584274918,10.547663595044103,10.547651037230358,10.547640508689254,10.547630983378678,10.547621636549556,10.547614406018429,10.547607958342496,10.547601829581966,10.54759736864004,10.54759185307496,10.547589180162916,10.547585344611898,10.547582642637922,10.547580361293463,10.547578093743525,10.547576370273093,10.547574770976842,10.54757383824655,10.5475729994774,10.547571857848803,10.547571158905386,10.547570772931838,10.54757026719533,10.547569787160025,10.547569549160603,10.547569343166167,10.547569091629457,10.547568995136757,10.547568857892385,10.547568758913224,10.547568647454828,10.547568647439748,10.547568595954486,10.547568517392497,10.547568488560612,10.547568457885212,10.547568464944051,10.547568455511518,10.54756842817418,10.54756840578062,10.54756840172884,10.54756839231836,10.54756839023185,10.547568390329385,10.547568386284665,10.547568383149844,10.547568383476447,10.547568382127022,10.54756837946115,10.547568380630263,10.547568376497077,10.547568380087,10.547568379576564,10.547568381578564,10.547568384113555,10.547568375493542,10.54756837954812,10.547568377362271,10.547568377158083,10.547568377688222,10.547568376847032,10.547568377368373
2.023301511941556e+51,10.561234537853688,10.559651918548612,10.558342289374124,10.557170284863506,10.556089915201172,10.555153834193991,10.554320109573638,10.553570935034495,10.552913382824777,10.552309878104987,10.55179666642202,10.551325758004586,10.550913116931468,10.550544900149772,10.550214472269303,10.549922718797902,10.549661055167762,10.549429010746467,10.549222572251104,10.549038751576395,10.548874903751566,10.548729436488149,10.54859921155715,10.548483864294374,10.548380861955858,10.548289479945515,10.548207818230088,10.548135423266144,10.548070570694225,10.548013286989944,10.5479619539449,10.547916868999318,10.547875818639257,10.547840023223841,10.547807965321457,10.547779599694882,10.547753846279576,10.547731604063856,10.547711449287206,10.54769342829251,10.547678220649745,10.547664510566966,10.54765090482908,10.547640476760787,10.547630876428434,10.547621928551276,10.547615088487255,10.54760694396891,10.54760274144592,10.547596792106722,10.547592725258069,10.547589045815409,10.547585468987426,10.5475825463452,10.547579933760614,10.547578292670403,10.547576789486612,10.547574931080932,10.547573690045294,10.547572897904038,10.547571980244367,10.547571149631851,10.547570668795496,10.547570266032054,10.547569815999298,10.547569592578492,10.547569336178709,10.547569135940273,10.547568936505046,10.547568901907972,10.547568798197322,10.5475686658257,10.547568606039476,10.547568548988755,10.547568545852199,10.547568523710142,10.547568478498192,10.547568440594073,10.547568429343444,10.547568412552438,10.547568406646212,10.547568404610182,10.547568396863381,10.547568391030824,10.547568390487628,10.54756838756329,10.547568383088109,10.547568384152102,10.547568377827748,10.547568382549096,10.547568381511502,10.547568384141961,10.547568387580958,10.5475683751888,10.547568380843295,10.547568377636535,10.547568377283172,10.547568377979156,10.547568376735056,10.547568377442914
2.8746558474165958e+51,10.566996585694383,10.564747396321586,10.562886332666203,10.561221139373975,10.55968578801795,10.558355546629723,10.557170932157083,10.55610640993499,10.55517205810388,10.554314560557891,10.553585332461218,10.552916203562528,10.552329945178021,10.551806703730673,10.551337260518567,10.550922691709934,10.55055091938157,10.550221213415053,10.54992787495757,10.549666691379256,10.54943388428199,10.549227180305579,10.549042180931924,10.548878244446117,10.54873188548588,10.548602001626278,10.54848595585225,10.548383085902847,10.548290893144799,10.548209497740919,10.548136465717763,10.548072369743714,10.548013997775584,10.547963128347353,10.54791741736308,10.547877052479265,10.547840379921627,10.547808748927615,10.547779864835327,10.547754203890587,10.547732371206585,10.547712793746504,10.5476932262841,10.547678347958755,10.547664282680019,10.547651420102014,10.547641241654722,10.547629513446157,10.54762311298684,10.547614226373122,10.547608273171777,10.547602587130754,10.547597139713208,10.547592485429353,10.547588410993628,10.547585687703913,10.547583159594199,10.54758023134391,10.547578126531771,10.547576651063448,10.54757506317632,10.547573667986894,10.547572754483067,10.547571998962198,10.547571206892774,10.547570735292854,10.547570262709685,10.547569870316218,10.54756951222443,10.547569396938524,10.547569191531862,10.547568964355104,10.547568842757967,10.54756873533249,10.547568704753289,10.547568656065216,10.547568579086038,10.547568513122597,10.547568486183375,10.547568455469976,10.5475684411675,10.547568433916876,10.54756841888727,10.54756840782409,10.547568405024592,10.547568398840657,10.547568391097649,10.547568391404774,10.547568381508341,10.547568387450397,10.547568385345842,10.547568388651621,10.547568393209664,10.547568375310702,10.547568383130045,10.547568378369988,10.54756837774025,10.547568378613532,10.547568376747106,10.54756837768653
4.084238652674484e+51,10.575185546033028,10.571988843503703,10.569343914835539,10.56697769276271,10.564795673954464,10.5629052275735,10.561221912828124,10.559709239072783,10.55838151044276,10.557163073250566,10.556126871085366,10.555176068302067,10.554343102168149,10.553599582363777,10.552932596586048,10.552343516785436,10.551815292798551,10.551346823684378,10.550930033991143,10.550558917863864,10.550228129386033,10.549934432642265,10.549671593086245,10.549438623501633,10.549230680484381,10.549046099806537,10.548881213658305,10.54873504072118,10.548604023870222,10.54848837473684,10.548384522811702,10.548293423592945,10.54821050690235,10.54813819982684,10.548073117881964,10.54801574443657,10.54796357910356,10.547918623621838,10.547877383851606,10.54784094245368,10.547809724230293,10.547781831172275,10.547753882103704,10.547732742065126,10.547712357927232,10.547694009511487,10.547679214634378,10.547662507646155,10.547652993314195,10.547640005538057,10.547631471789536,10.547622933084888,10.547614905178289,10.547607801701734,10.547601719630421,10.547597392788544,10.54759336744648,10.547588912547962,10.547585496752895,10.547582958791596,10.547580358044044,10.547578099960292,10.547576468328206,10.547575125080483,10.547573770215045,10.547572850141512,10.547572004670336,10.54757126543294,10.547570629430506,10.547570345452801,10.547569948252452,10.547569555434809,10.547569313424264,10.547569110595408,10.547569016427419,10.547568913937397,10.547568779389573,10.547568661914001,10.547568602033852,10.547568544748465,10.547568512627103,10.547568493638437,10.547568464224918,10.547568442931851,10.547568434884017,10.547568422017687,10.547568408232939,10.54756840624179,10.547568390347664,10.547568397243051,10.54756839298161,10.547568396808488,10.547568402623451,10.547568376603692,10.547568387279972,10.547568380106005,10.547568378953583,10.547568379960957,10.547568377109636,10.547568378310617
5.802783448666209e+51,10.586825019513013,10.582281173448425,10.57852174475268,10.575158875818268,10.572057597636373,10.569370831851614,10.566978668455716,10.564829016378843,10.562942182976617,10.561210777263478,10.559738310336826,10.558387223841322,10.557203658302418,10.556147109603332,10.555199414040574,10.554362347586187,10.553611817703711,10.552946168782473,10.552353964382238,10.551826671758302,10.55135665501295,10.550939352987076,10.550565909673717,10.550234852972798,10.549939424051047,10.54967713127753,10.549442851112156,10.549235152911784,10.549048996698716,10.548884672242064,10.54873705787957,10.548607577470136,10.54848980133808,10.548387087057547,10.548294478676306,10.548212948485984,10.548138794983535,10.548074920305368,10.548016172462164,10.547964479318054,10.547919896076317,10.547880213097551,10.547840410402737,10.547810434203473,10.547781131313142,10.547755018824201,10.547733777760746,10.547710096880726,10.547696145355852,10.547677411773464,10.54766533529687,10.547652766317253,10.547641178226817,10.547630654328467,10.547621824149514,10.54761519873449,10.547609035669895,10.547602472314903,10.54759716907095,10.54759307060135,10.547589007416228,10.547585501072604,10.547582740961953,10.547580496065962,10.547578262350864,10.547576597550925,10.547575146881398,10.547573820218265,10.547572719755422,10.547572114626332,10.547571371942219,10.547570697842696,10.54757022996477,10.547569850819263,10.547569622553025,10.547569414547945,10.547569174856152,10.547568962569713,10.54756883571521,10.547568727528605,10.547568658644009,10.54756861450996,10.547568556701261,10.547568515322075,10.547568495764985,10.547568469311246,10.547568444150535,10.547568436441686,10.547568410177718,10.547568416853126,10.54756840823756,10.547568411922942,10.547568418854164,10.547568380699742,10.547568394992895,10.54756838397299,10.547568381815713,10.54756838277564,10.547568378321737,10.547568379758351
8.244448626934252e+51,10.603371750166254,10.596912030843624,10.591567523526574,10.586787356694916,10.582379034299295,10.578560068508068,10.575160164113228,10.572105000683885,10.569423404788191,10.566962874538556,10.56487032165258,10.56295032503912,10.561268482394906,10.559767057828864,10.558420444568675,10.557230959493113,10.556164524984808,10.555218680137688,10.554377216957139,10.553627994837216,10.552960156212384,10.55236721152729,10.551836609406697,10.551366190810418,10.55094645592584,10.550573751413186,10.550240883977906,10.549945758024416,10.549681262378153,10.549447791942995,10.549237992341563,10.549054009374595,10.548886700844234,10.548740798486026,10.548609098158325,10.54849324022246,10.54838786846639,10.548297123236548,10.548213507346865,10.54814019315351,10.548076604849443,10.548020213816352,10.547963612046034,10.547921097610928,10.54787916131508,10.54784206987623,10.547811709996864,10.547778166441416,10.547757957795756,10.547731136986904,10.54771410850682,10.547695907662245,10.547679261166648,10.547664007947766,10.547651358886352,10.547641528323147,10.547632337100174,10.547622871249503,10.54761495081677,10.547608654516491,10.547602497448246,10.547597247423683,10.5475928169749,10.547589263401509,10.547585726550965,10.547582922607784,10.547580536084842,10.547578284012438,10.547576450666286,10.547575288139424,10.54757395724625,10.547572827797822,10.547571958935867,10.547571268136407,10.547570779655166,10.547570372921951,10.547569943127582,10.54756955893042,10.547569300581975,10.547569095582295,10.54756895308824,10.547568857055559,10.547568743567512,10.547568662832038,10.547568619020963,10.547568565187985,10.54756851834692,10.547568497636078,10.547568452958936,10.547568456160668,10.547568438773894,10.547568440489417,10.547568447664242,10.547568391072835,10.547568409611598,10.547568392292298,10.547568388178963,10.547568388590927,10.547568381450029,10.547568382947475
1.1713505038307339e+52,10.626900331642831,10.617714808722168,10.610115003578937,10.603318584138833,10.59705126959597,10.591622080124775,10.586789135556499,10.58244642805961,10.578634847342645,10.5751377693172,10.57216370174718,10.569435008993807,10.567044906232438,10.564911164839119,10.562997579965899,10.56130722243941,10.559791836187234,10.558447796637411,10.557252120904973,10.556187516994155,10.555238572436906,10.554396038217652,10.553642115717015,10.552973688104757,10.552377325096938,10.551847727760242,10.551374796699635,10.550955437846145,10.550579634632053,10.550247911016081,10.549949761969827,10.549688347121544,10.549450658457925,10.549243408614382,10.549056169163995,10.548891562133822,10.548741839598124,10.54861293224046,10.548493983642166,10.548389949553682,10.548299393198066,10.548219287366816,10.548138821676593,10.548078547202529,10.548018635928162,10.54796601791742,10.547922719544466,10.547875200796726,10.547846161412734,10.54780786484075,10.547783853484253,10.547757740017175,10.547733908532768,10.54771206895305,10.547694057593576,10.547679762033047,10.54766628018319,10.547652824053907,10.547641255187584,10.547631902271535,10.547622770085425,10.547615117429336,10.547608319089115,10.547602932439629,10.547597534790153,10.547593096614856,10.547589329074368,10.547585696426165,10.547582766988032,10.547580714854703,10.547578444848405,10.547576615728504,10.547575081631173,10.547573874087139,10.547572920850786,10.547572158780959,10.547571396298713,10.547570711879052,10.547570206273555,10.547569821134527,10.54756953695163,10.547569337526113,10.547569116593431,10.547568959576694,10.547568866391135,10.547568758083758,10.547568669733536,10.54756862100153,10.547568542926934,10.54756853490255,10.54756849991296,10.547568495301542,10.547568500145438,10.547568414974057,10.547568437743669,10.547568409805844,10.547568401851068,10.547568400514603,10.547568388729825,10.547568389762459
1.6642253047002413e+52,10.660368044067768,10.647302217594788,10.636491616721157,10.626825369764099,10.617912882055233,10.610192673584354,10.603321152718443,10.597147098386088,10.591728443655033,10.586757401145585,10.582529868932939,10.578651394258792,10.575254365878985,10.572221734221024,10.569502208645561,10.567099902159706,10.564946415701401,10.56303641791127,10.561337339607038,10.559824510700093,10.558476081460052,10.557278853783943,10.556207583504243,10.555257787270987,10.554410430468133,10.553657898264087,10.552985942523586,10.552390063976594,10.551856100677044,10.551384776203752,10.550961085641179,10.550589652168426,10.550251977755934,10.549957560126494,10.549691409837061,10.549457555260386,10.549244829548877,10.549061721495422,10.548892566470247,10.54874488063287,10.548616067694711,10.548502258707005,10.548387860739474,10.548302378137352,10.54821694049877,10.54814231389923,10.54808064881312,10.548013288976886,10.547971721860725,10.547917151069923,10.547883264074972,10.547845953607407,10.547811934039057,10.547780812245838,10.547755242220198,10.547734627011305,10.547715111276913,10.54769614806395,10.547679434495391,10.547665815258057,10.54765250518099,10.547641511342002,10.547631413499282,10.547623483662656,10.547615469331916,10.547608767010454,10.547603052914932,10.547597425900538,10.547592931645402,10.54758953335174,10.547585873218567,10.547583010336757,10.547580437003731,10.547578434694028,10.547576712386384,10.547575356716369,10.547574040983239,10.547572861928536,10.547571916539837,10.547571209777791,10.547570667151131,10.547570269999657,10.547569847760155,10.547569546385878,10.547569356433158,10.54756914194253,10.547568974525046,10.547568867872604,10.547568728450745,10.547568692180727,10.547568622113557,10.547568601549195,10.547568597794026,10.547568467310132,10.54756849247259,10.547568446139488,10.54756843060065,10.547568424825812,10.547568404782913,10.547568404048507
2.364489412645388e+52,10.7079958757007,10.689401988234026,10.67401655645191,10.660262578090842,10.647583972578186,10.636602230828183,10.626829246328795,10.618049177966487,10.610343985189656,10.60327623129464,10.597265727376001,10.591752057458958,10.586923115019731,10.582612335627102,10.578746941021592,10.575332468387678,10.57227187855213,10.569557371258211,10.56714275317307,10.564992839810152,10.563076629946547,10.561375310995174,10.559853030058735,10.558503368602917,10.557299341150518,10.556229997520314,10.555275217768902,10.554428508945389,10.553669807865182,10.553000116236285,10.552398054613967,10.551870285816557,10.551390562530894,10.55097227828473,10.550593999728724,10.550261760289718,10.549959527967738,10.549699424442883,10.549458953623219,10.54924923011553,10.54906606310234,10.5489043772393,10.548741774852617,10.548620502814057,10.548498767590758,10.548392926616756,10.54830516263563,10.548209639511565,10.548150274144275,10.548072621591766,10.548024728739763,10.547971532216652,10.547923048284368,10.547878796905742,10.54784254816265,10.547812983178577,10.54778492276527,10.547758223347667,10.54773426969075,10.547714640653236,10.547695496971466,10.547679775177317,10.547665116458456,10.547653606757201,10.547641947065527,10.547632131112778,10.547623691953412,10.547615246573942,10.547608608691336,10.547603227443956,10.547597621437848,10.547593283913397,10.547589160358276,10.5475860007395,10.547583097352339,10.547580814957636,10.547578632882407,10.547576684450329,10.54757501143721,10.547573764354873,10.547572779723684,10.547572024213835,10.547571242155277,10.547570678318177,10.547570307256166,10.547569892630419,10.547569577338363,10.547569355974158,10.547569103884554,10.547569004248631,10.547568865188302,10.547568808483648,10.547568782250508,10.547568578279318,10.547568599636335,10.547568520691783,10.54756849016078,10.547568474157739,10.547568439066056,10.547568433608431
3.3594070266340734e+52,10.775819075472999,10.749341348814717,10.72743029684311,10.707847996029566,10.689802818131572,10.674174190344093,10.660268685696208,10.64777789789833,10.636817542247654,10.626765755208128,10.618217876259614,10.610377726672153,10.60351174725582,10.597382942685572,10.591887902205682,10.58703406666713,10.582683660041647,10.578825310851675,10.57539342257258,10.57233784108153,10.569614536464234,10.567196693756323,10.56503338349671,10.563115389141599,10.561404456758487,10.559884868282277,10.55852815465396,10.557324994457185,10.556246938129677,10.555295356163795,10.554439837488252,10.553689909421522,10.553008355685309,10.552414058317382,10.551876458299613,10.551404426810347,10.550975025201268,10.550605518924637,10.550263729392041,10.549965858814398,10.549705456629912,10.549475758419218,10.549244686218008,10.549072551121718,10.548899261406321,10.548749088709357,10.548624258884555,10.548488718612774,10.548404076054267,10.548293658206186,10.548225888237944,10.548150120939043,10.548081152018732,10.548018235684772,10.547966830107162,10.54792460733035,10.547884418494856,10.547846775192456,10.54781257788203,10.547784450911944,10.547757100070116,10.547734691307987,10.547713642764535,10.547697128044256,10.547680312242358,10.547666193172137,10.54765394921401,10.547641564187387,10.547632032777624,10.547623792281732,10.547615481601147,10.547609091859808,10.547602766339942,10.547597952748715,10.547593343600091,10.547589677643733,10.547586229994158,10.547583122117487,10.54758034100635,10.547578242983851,10.547576547982942,10.547575188055765,10.54757380309582,10.547572786723032,10.54757209439274,10.547571321486556,10.547570738906343,10.547570301937307,10.547569846757442,10.547569615675306,10.547569343950682,10.547569210763424,10.547569133306833,10.547568807944485,10.5475688098014,10.547568672135808,10.547568612091542,10.547568573751219,10.547568510737998,10.547568494178268
4.7729609235052013e+52,10.872486907405085,10.834749776215233,10.803516445511494,10.775612779017099,10.74991171619034,10.727655160659351,10.707858018581078,10.690078890437594,10.674480707587886,10.660179144376256,10.648017881246217,10.636865855910619,10.62710047885172,10.618384533492137,10.61057087161851,10.603669405619286,10.597484400756187,10.591999269144816,10.587120765458875,10.582777398077205,10.578906574944266,10.575470059825426,10.572395484358035,10.569669601879571,10.567238148409517,10.565078610213828,10.563150629607335,10.561440874367273,10.559908956571702,10.558556768755372,10.5573410684111,10.556275436251713,10.555307081829913,10.554462663790503,10.553698678430184,10.553028030310157,10.55241791224055,10.551892948233759,10.551407213860157,10.550984095790204,10.550613948614478,10.550287626338976,10.549959265223443,10.549714862198538,10.549468343974372,10.549255182663028,10.549077697434758,10.548885305207186,10.548764745669539,10.548607794400004,10.548511813695665,10.548403988070099,10.548305920695858,10.548216506643929,10.548143561849857,10.548083370269481,10.54802599726796,10.547972846284974,10.54792411734154,10.547883923528923,10.547844971953719,10.547813074647712,10.547783053279932,10.54775947733555,10.547735382342314,10.54771523419249,10.547697623037838,10.547679755518127,10.547666221697169,10.547653962805237,10.547641871225746,10.547632636995038,10.547623230364602,10.547616135626026,10.547609099006428,10.547603445668548,10.547598241591905,10.547593446401788,10.547589074318694,10.547585699594464,10.547582919709152,10.547580614869695,10.547578290316698,10.547576540044616,10.547575309831023,10.547573939721874,10.547572895979403,10.547572079067297,10.547571273127152,10.547570787982952,10.547570270150183,10.547569984373505,10.547569799911928,10.547569272553012,10.547569220068636,10.547568976174196,10.547568858752339,10.547568773413571,10.547568658144584,10.547568617210208
6.781302711071898e+52,11.010431522040511,10.956584514672963,10.912007221301232,10.872201267924257,10.835561717940504,10.803837666672715,10.775629847085302,10.750305033363148,10.728091810037538,10.707732132351191,10.690420448337001,10.674550089708324,10.660654888065343,10.648254924409084,10.637140503304751,10.627324567951838,10.618528884550633,10.610729169409874,10.60379273209366,10.597617633654352,10.592114797458832,10.58722966696272,10.582859357039938,10.57898482108728,10.575529019876164,10.572459739991453,10.569719702084944,10.567289861666648,10.56511285364363,10.563191291366842,10.56146369872367,10.559949383763197,10.558573451948753,10.557373584743662,10.556287898160155,10.555335011945052,10.554468099733048,10.55372222975979,10.553031964130964,10.552430880291533,10.551904791554756,10.55144118616776,10.550974590894716,10.550627496846555,10.550276941649491,10.549974286066858,10.549721999666827,10.549448835193765,10.549277245320946,10.549054181037926,10.548918119597662,10.548764773080384,10.548625373518291,10.548498308414924,10.548394766159726,10.548309061799397,10.548227321813027,10.548152142584195,10.548082773401033,10.548025468861699,10.547970086280538,10.54792469032549,10.547881973929266,10.547848394976855,10.547814019897434,10.547785368637017,10.547760146635925,10.547734630129012,10.547715438635052,10.547697541897449,10.547680153946787,10.54766697585605,10.547653262190114,10.547643010533871,10.547632554603533,10.547624111302156,10.547616500436394,10.547609341023826,10.54760272746569,10.547597520776623,10.547593155559333,10.547589454261438,10.54758575111039,10.547582886963692,10.547580805781816,10.547578515178937,10.547576719363155,10.54757527617907,10.547573903603967,10.547572962311998,10.547572010444112,10.547571438606944,10.547571047152301,10.547570187785576,10.547570010643868,10.547569576436057,10.547569350241709,10.54756916928691,10.547568956652984,10.547568864631376
9.634704158738322e+52,11.207586999628782,11.130636761339428,11.066910310418482,11.010040345545617,10.957741023956396,10.912466990084173,10.87223128120112,10.836122661553135,10.804460292242828,10.775453651524904,10.750791489363634,10.728191853089498,10.708408366947765,10.690757770319335,10.674940718045328,10.660973501853508,10.648460382339849,10.637365572424251,10.627500035127802,10.618718294793926,10.610893430750071,10.6039475114641,10.597734179328857,10.592226003621143,10.587313527005806,10.58295066261792,10.57905604793337,10.575602468586935,10.572508418337847,10.569777488332617,10.56732229876957,10.56517022981332,10.563215020994717,10.561509975397415,10.559967097517069,10.558613110734104,10.557381274099544,10.556321479931976,10.555340580242893,10.55448660455372,10.55373892574757,10.553080242121531,10.552417248461982,10.551924224326838,10.551425866464664,10.550996030695314,10.550637470198728,10.550249539898582,10.550005455696235,10.549688459282091,10.549495461573272,10.549277434382045,10.549079320889549,10.548898753584766,10.548751740784224,10.548629825436082,10.548513478935881,10.54840697939997,10.54830833963566,10.548226735372257,10.548148034368705,10.548083467084457,10.548022743981374,10.547974979847782,10.547926019430083,10.547885323562454,10.54784935493581,10.547813033138903,10.547785822888379,10.547759973343265,10.547735113361078,10.54771639389667,10.547696642795112,10.54768198961777,10.54766672461631,10.547654397518388,10.547643463177957,10.547633015657922,10.547623283206454,10.54761549913306,10.547608912751182,10.547603206100538,10.54759756752163,10.547593096186953,10.547589736881806,10.547586106757407,10.547583166358345,10.547580739805662,10.547578515878428,10.547576819978588,10.547575150550346,10.54757407539213,10.54757331384534,10.547571929965054,10.547571498028724,10.547570732181999,10.547570308305414,10.547569940324873,10.54756955008063,10.547569355235707
1.3688745095370708e+53,11.48993024994049,11.37975656931994,11.28846511748046,11.207059870293524,11.132285354521334,11.06757011450654,11.010094511015451,10.95854216732839,10.913355971134203,10.871986241554714,10.836816132192217,10.804605340487404,10.776414994462714,10.75127183207466,10.72874762900344,10.708861559798809,10.691050380327251,10.675260839775934,10.661223251100502,10.648729735068292,10.637599179887156,10.627720066354119,10.618884058100308,10.611051516317305,10.604066801602109,10.597863945502876,10.59232727846667,10.587417869228947,10.583019879350513,10.57913817587875,10.57564858407231,10.57258988082989,10.569811240366846,10.567388115524604,10.565195417579247,10.563271342302166,10.561520883190141,10.56001492884707,10.55862100453346,10.557407650597229,10.556345075302433,10.555409177295473,10.55446711836301,10.55376672365822,10.553058355811297,10.552447791343754,10.551938234226528,10.551387227771551,10.551040149462677,10.55058969341524,10.55031579295008,10.550005869205307,10.549724338500463,10.549467760445998,10.549258974957937,10.549085641476989,10.54892012187328,10.548769125043489,10.548628925368975,10.548512817942663,10.548400987240553,10.548309209915296,10.548222881733164,10.548155012019272,10.54808537001897,10.54802754143506,10.547976362948418,10.547924728353708,10.547886138977775,10.54784902784749,10.547813598627299,10.547787039084184,10.547758788329697,10.547737928811447,10.547715905999825,10.547698104923317,10.54768255728498,10.547667505877087,10.547653432942804,10.547642046334257,10.547632404764768,10.54762385049861,10.547615551484832,10.547608852898353,10.547603619142773,10.547598113295146,10.547593531986967,10.547589617189493,10.547586171282918,10.547583328473593,10.547580548377224,10.547578641464291,10.547577267261476,10.547575104318776,10.547574197903044,10.547572879273668,10.547572116565991,10.547571402227128,10.54757070020052,10.547570307328806
1.9448624389373734e+53,11.895242969143297,11.737149825188123,11.60603926296781,11.489236767892537,11.382108925879109,11.289415210054464,11.207159522070892,11.133431681366678,11.068841627972093,11.009756842649002,10.959531989111458,10.913567807355028,10.873353140562502,10.837500750007095,10.805396476530774,10.777059946554296,10.751688926175332,10.729203166598909,10.709217248901359,10.69143356620454,10.675593186642592,10.66153612954293,10.648965581778613,10.63782397260993,10.627889806138283,10.619068528451773,10.611195546434915,10.604215066260405,10.597962392055935,10.59244400978375,10.58748345667056,10.583135562074167,10.579186194248043,10.575742161559187,10.572625699510873,10.569891232488953,10.567403608708265,10.565263486259687,10.563282551125896,10.561558439253472,10.560048326488978,10.558718468640105,10.55737985367526,10.55638476169313,10.555377966197328,10.554510583816207,10.553786462983213,10.553003741069103,10.552510310152616,10.551870242127972,10.551481380413652,10.551040880918274,10.550640825317544,10.550276246189668,10.549979688299786,10.549733327883413,10.549497923180487,10.549283718907779,10.549084469197151,10.548919368456973,10.548760477325397,10.54863003860079,10.548507331476722,10.548410914603961,10.548311921254387,10.548229755893646,10.548156984687003,10.548083630259455,10.54802887724776,10.547975789463237,10.547925391743815,10.547887746424058,10.547847434118635,10.547817828453951,10.547786251911365,10.547760667490879,10.547738662571513,10.54771713877834,10.547696954792809,10.547680559409914,10.547666670785334,10.547654082477948,10.547642129684196,10.54763238159255,10.547624454668016,10.547616359571338,10.547609505006738,10.547603434174253,10.547598264772956,10.547593780272667,10.547589359455877,10.547586174514095,10.547583852087564,10.547580595228501,10.547578882389177,10.547576689651082,10.547575380579127,10.547574073712536,10.547572851783778,10.547572097551694
2.7632115873561984e+53,12.478656255515832,12.251253465272974,12.062416981404175,11.894363394866998,11.740510158682625,11.60741312337226,11.489422357162725,11.38375303150888,11.291237984973126,11.206700339423488,11.134846819269542,11.069153908033243,11.01170082093663,10.960508923754206,10.914694724215341,10.874271615488887,10.838096009198724,10.806045124789001,10.7775669471518,10.752234343250281,10.729676224555355,10.709662318011778,10.691769296936503,10.675912958685494,10.661777769745797,10.649227892526975,10.638028876157586,10.628100538922368,10.619208602397785,10.611361480031336,10.604308395104438,10.5981266979165,10.592512350176957,10.587616474968177,10.583186512649188,10.579299808910555,10.57576419578218,10.572722512307896,10.569907170483477,10.567457048909151,10.565310813415469,10.56342102522509,10.56151883397202,10.560104910842288,10.558674005779707,10.557441668935343,10.556412637265566,10.555300654759263,10.554599249924177,10.553689749696629,10.553137533848629,10.552511488533174,10.551943029474176,10.551424996966425,10.551003716549811,10.550653612795095,10.55031890009398,10.550014899829357,10.549731766394427,10.549497051360763,10.54927128851677,10.549085940500637,10.548911547260273,10.548774590438624,10.548633891209638,10.548517181317923,10.548413727832347,10.548309503968063,10.548231825473763,10.548156063042118,10.54808440686613,10.5480310764064,10.547973628449812,10.547931622390715,10.547886523685964,10.547849896422102,10.547818774319968,10.547788096498886,10.547759308279662,10.547735842249548,10.547716000714917,10.547697748490204,10.547680673012824,10.547666694877094,10.54765501160098,10.547643298008248,10.5476333312598,10.547624193963165,10.547616609804274,10.547609848352726,10.54760310613108,10.547598069449398,10.547594334319848,10.547589592258662,10.547586613157112,10.547583114913545,10.547580967273563,10.547578733309187,10.547576694900657,10.547575325492913
3.925901453817643e+53,13.320713447718417,12.992869938367594,12.720101832152908,12.477603719443723,12.256059194859821,12.064413364525837,11.894710808385764,11.742874901799983,11.610033455484611,11.48880987722164,11.385780438166845,11.291703658711658,11.209465723662351,11.136243061725215,11.070760530891219,11.01300997426659,10.961359852432283,10.915619142643044,10.874995154885186,10.83887290085832,10.806718937114397,10.778200372031252,10.752712603530123,10.730131344209596,10.71000655852097,10.692142436151174,10.676204604742566,10.662077372381058,10.649427309054971,10.63826479239038,10.628233429998865,10.61944199264479,10.61145880036685,10.604497447907761,10.598199209451586,10.592673721560983,10.587647857459794,10.583324150103657,10.579322501257838,10.575840207667566,10.572789635842918,10.570103888761224,10.567400673018106,10.565391411781016,10.56335772692474,10.561606718851772,10.56014433824861,10.558564449867054,10.557567484355216,10.55627511612333,10.555490764818044,10.554601052321777,10.553793310563684,10.553057224977692,10.552458724482035,10.551961209724725,10.551485384471771,10.5510538026938,10.550651494591088,10.550317854628835,10.54999709194386,10.549733732677,10.54948590641959,10.549291351699553,10.549091406317386,10.548925628119674,10.548778581738018,10.548630516696322,10.548520305658615,10.548412325425822,10.54831045190733,10.548234871553932,10.548153088290858,10.54809347721763,10.548029184076187,10.547976882707294,10.547932894611149,10.547889266630385,10.54784824320759,10.547814793174021,10.547786536760267,10.547760316883771,10.547735979256286,10.547716070111072,10.54769917496156,10.547682332650155,10.547668030074806,10.54765460842905,10.547643654109972,10.54763374171839,10.547623808458047,10.54761615300482,10.54761036696368,10.547603625972156,10.547598774186236,10.547593418580286,10.547590050516611,10.547586445399714,10.547583199203856,10.547580863959357
5.57782194299284e+53,14.538826599463446,14.065397019374696,13.670423695469308,13.319574791963186,12.99974913291652,12.723017966628438,12.478252767104186,12.259471271712059,12.068192369029758,11.893916839854155,11.745786709435503,11.61073722863537,11.492744673449648,11.387779883045633,11.293996734713009,11.211333823124109,11.137462114914497,11.07207944647786,11.014044189233314,10.962467514199536,10.916579808571866,10.875897247535336,10.839554875578317,10.807367148873885,10.778691263831574,10.753243668952107,10.730546738430153,10.710432654020565,10.692426563018792,10.67654010425429,10.662266779858404,10.649758856808553,10.638403488513145,10.62850209085183,10.619545267578316,10.611687995415414,10.604542222648034,10.598394820756901,10.592706077198681,10.587755945741739,10.583419411298365,10.579601932141989,10.575760017026385,10.572904364402184,10.570013830531124,10.567525595257953,10.565447245129068,10.563202369695821,10.56178531266153,10.559948830778785,10.558834577836123,10.55757015668627,10.556422386159742,10.555376457044922,10.554526117005038,10.553819136611017,10.553142793974303,10.55252993005249,10.551958286770136,10.55148409887905,10.55102836995469,10.550654156710646,10.550301986771345,10.550025606889935,10.549741482983896,10.549505992472142,10.549297008339499,10.54908669046602,10.548930249205952,10.548776502421331,10.548631720280941,10.548524528972813,10.548408167827159,10.548323546861853,10.548232014481773,10.54815743488401,10.548095230116113,10.548033215775641,10.54797482395584,10.547927234839854,10.547887069000616,10.547849567386617,10.547814963676943,10.547786660630365,10.547762416049059,10.54773832862716,10.547717929786293,10.547698514310609,10.5476828547292,10.54766852900187,10.54765416744436,10.54764284618829,10.547634156883484,10.547624712244856,10.547617182962691,10.547609241714436,10.547604165672796,10.547598601467765,10.547593638770824,10.547589891218962
7.924828983539121e+53,16.30309418353148,15.619086115132983,15.046357448190161,14.537829282372666,14.075247826016117,13.674703988123678,13.320776340775351,13.004688084798481,12.72848640656457,12.477267097041556,12.263664838000382,12.06927144324039,11.899516289326018,11.74865667992289,11.614014386478981,11.495413979702402,11.389531141170641,11.295881176200824,11.212815200511253,11.139043332870878,11.073450786699533,11.015330025076956,10.963441279746782,10.917503905428545,10.876598222154872,10.840311227005285,10.80795936066959,10.77929753028495,10.753648940123071,10.731024027210713,10.710702971545183,10.692897574975365,10.676737989602458,10.662648536115652,10.649906101584982,10.638729001829086,10.628566114762588,10.619823188523016,10.611734214852037,10.604695898481271,10.598530082265688,10.593102950600384,10.587641943865332,10.583582654601171,10.579473860105054,10.575937558398504,10.572983493771908,10.569793414735445,10.567779172068601,10.565169345706137,10.56358618154384,10.561789189855274,10.560158187160255,10.558671955817017,10.557463709054868,10.55645906930789,10.555497788245535,10.554627321065977,10.55381506703314,10.553141164017022,10.552493662520634,10.55196194094954,10.551461501672481,10.551068869883025,10.550665155837304,10.550330607789824,10.550033631410606,10.549734887967993,10.54951273530885,10.54929397550815,10.549088249054092,10.548936147181411,10.548770661813226,10.548650519742214,10.548520277240618,10.548414077501484,10.548325998601156,10.548237861226575,10.548154832454289,10.548087194540349,10.5480301159803,10.547976606746534,10.547927434300677,10.547887278062454,10.547852620121988,10.547818257585648,10.547789265544258,10.547761374087424,10.547739125965427,10.547718569512739,10.547697993253932,10.547681583742971,10.54766878184687,10.547655614657476,10.547644326181246,10.547632805395988,10.547625333702667,10.54761703044764,10.547609672120455,10.547603947018285
1.1259397496049168e+54,18.85765430948972,17.870384882512997,17.040052938312883,16.30270339112121,15.633184330400042,15.052662302838902,14.540017966386166,14.082415741887017,13.682641149355788,13.319633986283662,13.010744083543852,12.730164154935897,12.485234362958339,12.26779504291523,12.073961746036936,11.903336268817478,11.751180894975526,11.616711442991859,11.497541404275363,11.39179186618059,11.297841849118292,11.214650054077456,11.140436185436727,11.074769815296223,11.016332827243449,10.964519468189087,10.918349287533458,10.877461353308641,10.840890174584834,10.808638695446096,10.779684018930409,10.754318102013709,10.731306810858113,10.711245388797655,10.693107811935848,10.677200261701072,10.662740356764191,10.650300846654764,10.638795188367098,10.628784588513275,10.62001532808402,10.612297799426734,10.604533906772597,10.598762301032748,10.592920879934185,10.587894241572597,10.583694861789919,10.5791610305718,10.576297663000242,10.572588501322812,10.570338743753718,10.567784697943804,10.565466872754696,10.56335488502367,10.561637947666663,10.560210282591663,10.558844076279458,10.557607520882422,10.556453352687093,10.55549564773137,10.554575644435888,10.553820116888224,10.553109004805053,10.552551184478206,10.551977554377393,10.551502255856125,10.551080260608295,10.550655882180465,10.550340371566659,10.550029242429051,10.549736921705094,10.54952102020055,10.54928574595675,10.549115147146674,10.548929925302966,10.548778810811303,10.548653982078847,10.548528711649142,10.548410696783149,10.548314619297198,10.54823349959483,10.548157251822765,10.548087402844692,10.548030468466782,10.547981020166336,10.547932071366267,10.547890962798169,10.547851053003603,10.547819468846253,10.547790089822142,10.547760750116392,10.54773721089617,10.547718574096042,10.54770023337116,10.547683702197697,10.547667173378453,10.547656329780484,10.547644224746977,10.547633519084334,10.547625032830538
1.5997068484047562e+54,22.549507784791228,21.127926812440904,19.92640119977344,18.858697363116345,17.890528760796442,17.049352196765984,16.30660073085776,15.643601875677428,15.064205952191228,14.538844481645484,14.09118034828703,13.685279525706063,13.330963229859858,13.016702975288087,12.736885992149286,12.490709436186403,12.271447060960785,12.077829183526394,11.906400916911785,11.754419030302145,11.61952009462566,11.500163217030163,11.393788613665723,11.299727542426073,11.216088078107925,11.141974966657704,11.07597865828735,11.017562592018454,10.96534821216535,10.919316836194339,10.87801529095516,10.841840858580182,10.809043692278484,10.780454647697928,10.754618873011928,10.73196320479554,10.71137759089112,10.693668300811348,10.677295358999901,10.663050945989136,10.650573888502281,10.63959533320884,10.628554511428888,10.62034564179519,10.612039018518038,10.604892409317907,10.598921453280337,10.592476792305403,10.58840568265049,10.583133436764308,10.579935841157674,10.576305403896054,10.57301123553295,10.570009815151284,10.567569775369797,10.56554083336374,10.563599121176962,10.561842270739255,10.560202194560667,10.558841165161525,10.557533924250505,10.55646035776574,10.555449889238755,10.554657340742684,10.553842281478124,10.553166990604495,10.552567373868198,10.551964471033449,10.55151631251789,10.551073944902404,10.550658603895144,10.550352044535787,10.550017623871197,10.549775327861804,10.549512007936922,10.549297077694849,10.549120064558933,10.548942010272004,10.54877431049333,10.548637826778444,10.54852257946461,10.548414029021103,10.548314817701613,10.548234060365395,10.548163603231194,10.548093969147278,10.548035680568862,10.547978746357431,10.547933903744736,10.547892008713745,10.547850280411089,10.547816651205977,10.547789736344166,10.547764105202427,10.54774024979313,10.547716650877316,10.547701071543523,10.547683680116306,10.547668272878248,10.54765590062034
2.2728232143247367e+54,27.86848410691582,25.82813006999858,24.095023392235976,22.553317907209248,21.156636179941483,19.940098072787546,18.86544602009675,17.90566426655247,17.066147368160248,16.305678275688262,15.656299628018662,15.068382354837382,14.554932527787988,14.099794668727167,13.694921619443429,13.338820214744276,13.022006765917467,12.742442085755936,12.49513896845852,12.276094307136274,12.081861256404563,11.910152900990257,11.757289167962035,11.622221003020474,11.502231529369231,11.395987965621556,11.301459896605609,11.21784190086519,11.143164472087154,11.07735788360066,11.018359110747584,10.966698817727814,10.919898598270747,10.87911003340928,10.842272301315765,10.809975515568487,10.7806459874897,10.7554143675458,10.732100455820827,10.711819163715562,10.694056468172068,10.678430997155708,10.662724330930455,10.651043762674496,10.639227584297243,10.629063894016511,10.620571380973221,10.611408537251952,10.605618833758896,10.59812343735511,10.593577649100677,10.588416314796673,10.583733929556619,10.579468076581355,10.575999919659056,10.573116192586877,10.570356410585715,10.567860015518274,10.565529318427709,10.563595043571006,10.561737472430806,10.560211918554105,10.558776052645914,10.557649947934054,10.556491821189239,10.555532360006952,10.554680367112612,10.553823791551991,10.5531871545331,10.552558311044173,10.551968187129226,10.55153280242628,10.55105751979304,10.550713345951829,10.550339080551515,10.550033465848195,10.549782311435232,10.549529274562964,10.549290985346012,10.549097103314068,10.548933375629684,10.548778948570034,10.54863802082116,10.548523416316852,10.54842313463925,10.548324138952742,10.548241421297933,10.548160335985303,10.548096690446483,10.548037021063074,10.547977723933073,10.547929789045893,10.547891169932146,10.547855176881312,10.54782101030333,10.54778740321682,10.547765134922209,10.547740324783323,10.54771827542791,10.547700469515698
3.2291699999438904e+54,35.50453089611452,32.585717163984846,30.095146844343557,27.877062697979415,25.868930951031203,24.115120635430873,22.56464675527847,21.1785792767503,19.96449627971725,18.865297538595648,17.92404981195887,17.072759857272874,16.328473681055716,15.66876348504092,15.082214475735345,14.56621367878251,14.107522048554275,13.702915417397895,13.345242855001336,13.02868853694317,12.748243046304252,12.500516462804871,12.280232158840017,12.085738040245175,11.913138303394472,11.760438059462242,11.62471024684407,11.50473560647174,11.397701095331886,11.303428078823679,11.218992045568625,11.14508305343666,11.078196867933208,11.019914043450726,10.967319927557256,10.921220974511478,10.87938887897446,10.843400718904578,10.810174794207168,10.781273869338653,10.755966460954948,10.733711540840007,10.71135578400747,10.694724999138321,10.67790847092458,10.663448051579344,10.651363887493988,10.63833247090106,10.630095694668857,10.619436958599923,10.612972640265804,10.60563305919095,10.598976218832279,10.592912375844364,10.587981990842854,10.583882781762126,10.579959893937405,10.576412130908256,10.573099698275675,10.570350546064278,10.567710761432577,10.565542786640872,10.563502363517516,10.561902231237198,10.560256585673871,10.558893302874292,10.557682695742924,10.556465674539595,10.555561208956007,10.554667407051474,10.553828936272168,10.553210493792552,10.552535062085056,10.552046128572213,10.551514228907553,10.551079760530289,10.550723266606829,10.550363704715865,10.550025112335044,10.549749695363044,10.549517099107206,10.54929749254059,10.549097299913443,10.548934610454438,10.548791968158794,10.548651253275342,10.548533829484294,10.54841845574434,10.548328106047922,10.548243205691287,10.548158943372828,10.548090706497216,10.548035510114088,10.54798478792298,10.547936020205828,10.547888215092485,10.547856499241641,10.54782117811902,10.547789737577878,10.547764264572242
4.587923434967062e+54,46.43102985906421,42.26707264532638,38.70044268742328,35.52074928669518,32.643559351483304,30.12447831927625,27.895491767886377,25.900633179462375,24.150452149347032,22.566131549145773,21.20514231279852,19.974899349689817,18.897503556454335,17.9420713464774,17.092581874386305,16.344662433339803,15.680042912659413,15.09372235966281,14.575548439855183,14.117141292362389,13.711276111342238,13.352959479888492,13.03467163479703,12.753819472101721,12.504842239033,12.284748817969586,12.089325883672192,11.916718113136877,11.762915483451208,11.627522452773174,11.506405090506323,11.40042592724459,11.304644141001795,11.221200069993085,11.145981401132678,11.080072538436559,11.020324035683554,10.968919402832107,10.921512589891444,10.88028186522907,10.844186413178623,10.81245894743275,10.780616968656952,10.75691797397014,10.732969200835937,10.712383964720916,10.695178787991674,10.676637761917478,10.664913585930663,10.649750979946214,10.640554759877563,10.63011399195562,10.620647653866126,10.612026241628838,10.605015324867685,10.599187137245849,10.593610109946113,10.588567289220617,10.583858994086636,10.579951227455107,10.576199458672475,10.57311824274159,10.570218554945484,10.567944694565677,10.565606192465522,10.56366901895181,10.561948803428399,10.560219585036105,10.558934517859234,10.55766422836863,10.556472871820965,10.55559429609232,10.554634463760925,10.55393983366664,10.553183944681582,10.55256638932267,10.552060217430787,10.551549303060437,10.551068207468075,10.550676936084683,10.550346502927171,10.5500342761906,10.549749890407197,10.54951888451673,10.549316101815519,10.549116082785783,10.548949335968762,10.548785264893022,10.548656986635624,10.548536255321407,10.548416530731089,10.548319494293935,10.548240739134247,10.548169101558498,10.548099630815662,10.548031666698888,10.547986534012256,10.54793634351468,10.547891570607398,10.547855231918263
6.518406106053893e+54,62.025291707001536,56.09674067598911,51.00333778319292,46.45891608028602,42.34894121414494,38.74300684957777,35.54986393646799,32.68917946384349,30.175438380016466,27.899910403075392,25.93888413476699,24.16662878392776,22.61149511509505,21.231142148554643,20.00324366091267,18.92069416995403,17.958534067605292,17.109137729018073,16.358242176987417,15.693894428120108,15.105782862201314,14.58662732005855,14.125813122761263,13.719311194405211,13.359250669390489,13.041161066490783,12.759007314407068,12.509966148277464,12.288348166612515,12.093349548845369,11.919156456621197,11.766783734839038,11.629296004042434,11.50953920350282,11.401732929600238,11.307302616260714,11.221809574767727,11.148246214740922,11.080503553165025,11.021594415352252,10.970038333104851,10.92474813926126,10.879351597401275,10.845541416998277,10.811404489347572,10.782077568265999,10.757560791007295,10.731165636831786,10.714465456323705,10.692885014705668,10.67979519966067,10.664935597296505,10.651469119984801,10.63920791903929,10.629234951533693,10.620946163154544,10.61301571282704,10.60584613815387,10.599152553844839,10.593596934876407,10.58826400799827,10.583884264359533,10.579763095569838,10.576531538307707,10.573208228540514,10.57045537989615,10.568010916393712,10.565553822855092,10.563727852103867,10.561922571056815,10.56022976056509,10.558981494649032,10.557617523410928,10.556630581218164,10.555556407414203,10.554678699670367,10.553959838602504,10.553233873963814,10.552550303219595,10.551994408418787,10.551524966206026,10.551081133713925,10.550677127454259,10.55034905483414,10.550060829240675,10.54977655213122,10.549539715064771,10.549306495075268,10.549124318764349,10.548952701034644,10.548782585512939,10.548644652382615,10.54853246434109,10.548431085665603,10.54833223161719,10.54823563979193,10.548171439571744,10.548100179059556,10.548036476940592,10.547984681650352
9.261187281287975e+54,84.24090198339957,75.81032403803435,68.5509324920287,62.070462591691886,56.212537081141775,51.06478175893368,46.50376133015734,42.414347589458046,38.816216244230155,35.559085830121596,32.74406122630361,30.200226843722874,27.96364989183242,25.976272749203563,24.207044748776976,22.644627582547322,21.255117847876548,20.02701495751705,18.94043039845452,17.978458292669004,17.12652743348946,16.37413920926649,15.706478152012563,15.117370233169897,14.595803030620038,14.135147396282997,13.726833767576863,13.366591175112731,13.04641509278446,12.76477151364689,12.513551524972469,12.293835354108026,12.095954631614333,11.92360193904002,11.768698738929846,11.633059818764359,11.510457197850597,11.404935160335622,11.307947470534803,11.223617451591867,11.14984112020974,11.085081067275159,11.020278908585729,10.971969376057915,10.923250637428646,10.881426227188534,10.846451043421503,10.808845447003971,10.785033612725103,10.754297604385789,10.735651711127812,10.71448860616779,10.6953219692592,10.677877384076908,10.663683857186493,10.651890889980093,10.64061022225741,10.630413778631212,10.620895366883403,10.612995065800149,10.605413104287384,10.599186400228485,10.593328454542549,10.588735259518211,10.58401192669399,10.580099574317092,10.576625689561448,10.57313413590397,10.570539349608646,10.567973788663492,10.565568336848566,10.56379464438986,10.561856338395824,10.56045395940907,10.558927478268668,10.557680084209615,10.556658985693087,10.555627444774249,10.554656170316072,10.55386635670142,10.55319939591844,10.552568567047864,10.551994592008915,10.551528601749697,10.551118980292548,10.55071498962729,10.550378561422729,10.550047096002993,10.549788344253905,10.54954445072484,10.549302724070117,10.549106698177372,10.548947017377676,10.548803382949405,10.548662795491904,10.548525530923204,10.548434264445465,10.548333077093924,10.54824250149518,10.548168744571289
1.3158061719939887e+55,115.85254809121099,103.872048591877,93.5388460623706,84.31120906067433,75.97411890100729,68.6392492074382,62.13812400202971,56.306033956160945,51.16959994381543,46.52040574064022,42.49283528617743,38.853628510839314,35.648527812259815,32.79763945014033,30.257694213604342,28.010847611873814,26.01105892933035,24.24107809392051,22.673233597211034,21.28371043076186,20.05204167754339,18.96320060061969,17.996709574878807,17.143229360515086,16.38753874079547,15.719905749281617,15.12829798243361,14.606320845129511,14.142847831495095,13.735098018295453,13.371897751317942,13.054188416705747,12.768626710244234,12.51984977273804,12.296663355280508,12.101274759993247,11.925004571276252,11.773217150680585,11.634038239209735,11.513030891896227,11.407210917074844,11.314412235330535,11.221760854900287,11.152595819775879,11.08295499084703,11.023225159621804,10.973254583044625,10.919621453563796,10.885623579935666,10.841806534888109,10.815219136955411,10.785050146285194,10.757751520625416,10.732918615974523,10.712704469654385,10.695916489911802,10.679862892152013,10.665355511192057,10.651815304866199,10.64057682680644,10.62979435241192,10.620939432996215,10.61261124681918,10.606081538738154,10.599367416113912,10.593806430672366,10.588869113911613,10.58390718775116,10.58021946681846,10.576573359843481,10.573155021011052,10.570634457088453,10.567879862350814,10.565886986126896,10.563717681314415,10.56194489976334,10.560494291543527,10.559028512469316,10.557648400458383,10.55652619484827,10.555578560494181,10.554682021644577,10.553866524188457,10.553204567630546,10.552622458011149,10.552048371834077,10.551570450477303,10.55109937937474,10.55073183533431,10.550385248860708,10.550041776102628,10.549763219302406,10.549536050311174,10.549332385169741,10.54913252404567,10.548937483328082,10.54880776092677,10.548664060924606,10.548535308221423,10.548430372441157
1.8694642810599678e+55,160.8031541685617,143.78330005816827,129.08628315917196,115.95902037914243,104.10385430811948,93.66536927868331,84.41166105162759,76.10748453522392,68.78894097117296,62.16583506292073,56.418001317265585,51.225285173355246,46.64591421290195,42.56937800236559,38.93516375005087,35.715592327281854,32.847886228899824,30.306269909772006,28.052151582943495,26.0519665769173,24.276990724776013,22.70576160598331,21.31012352910064,20.076070063741508,18.98275203281629,18.01600252190044,17.159106802647184,16.402596196418973,15.731219654591037,15.140146140732076,14.61421602853461,14.153837020748268,13.740842417658444,13.380804848071222,13.058397875976693,12.776129361160468,12.522023882187039,12.303021010575256,12.102781633584296,11.928669485332678,11.776468266420313,11.643146219827313,11.510417787702046,11.411145471114846,11.31139507439463,11.225943678284638,11.15440773403626,11.077811916170772,11.029183487352304,10.966639844840035,10.92867664818231,10.88561443218949,10.846696703274024,10.811319710486499,10.782503899407983,10.758586741916186,10.735726057776802,10.715073067290682,10.695802177231005,10.67980710546704,10.664467170621402,10.651869949423503,10.640026760347228,10.63074183625192,10.621195897416277,10.613290089528654,10.606271847104752,10.599219572944566,10.59397778997371,10.588795747887113,10.5839375390303,10.5803551317695,10.576440191426386,10.573607836898537,10.5705248201613,10.568005282997076,10.565944238294513,10.563861348777152,10.561900219977835,10.560305667292784,10.558959155885036,10.557685040107609,10.556526329436574,10.555585909603531,10.554758714852246,10.553942924865277,10.553263960039319,10.552594523231562,10.552072398046091,10.551579894975882,10.551091875561365,10.550696046178006,10.550373000235412,10.550084025646216,10.549799966195755,10.549522857311459,10.549338474722076,10.549134382299338,10.548951417193638,10.548802170892468
2.656087782946673e+55,224.69627755939993,200.52014368959246,179.62603218459586,160.96135148737463,144.11157981293812,129.267101395932,116.10634774892758,104.29381560434965,93.87876478112385,84.45552198865356,76.2669410500661,68.87086128523653,62.34213842429777,56.52710029876971,51.34081998811651,46.74104563660071,42.64164718908517,39.004314293713364,35.774989814119394,32.906236841766805,30.357636376746854,28.09848317015829,26.090061075658365,24.311458726951624,22.734208974893686,21.337778287132487,20.09910127762602,19.00426639622264,18.032628397347683,17.17607345397753,16.414374635400858,15.74671056123034,15.148747731628692,14.62677988212286,14.160145254189302,13.751389659878988,13.3842166502212,13.067309808117953,12.778483271551414,12.527242845836247,12.307671026555411,12.115571064093386,11.925005264723053,11.782096137925206,11.638867447225245,11.516353279912908,11.413692197222844,11.304114356569745,11.234398229431688,11.14497931933546,11.090675601333633,11.029105927465746,10.973553439410738,10.923104471260208,10.881974198321274,10.847864495664492,10.815281643257306,10.785856195777551,10.758410416284573,10.735629918823902,10.713794487186568,10.695863965752064,10.679016092250068,10.665808906988085,10.652232897161978,10.640990650883934,10.631012442158724,10.62098768941076,10.613535433046673,10.606169725084877,10.59926420660614,10.594171735206373,10.588607034264857,10.584580930105558,10.580198924552121,10.576617818065397,10.57368907310062,10.57072909750946,10.567942167615154,10.565676321944478,10.563762898027184,10.561952197736218,10.560305730562877,10.55896960046076,10.557794136200407,10.556634876950335,10.555670238701595,10.554718941511155,10.553977155138627,10.55327731152982,10.552583912222476,10.552021453396883,10.551562184468983,10.551152000119801,10.550748314985938,10.550354611907153,10.550092565608452,10.549802652564251,10.549542678313818,10.549330480902222
3.7737026495732614e+55,315.4950941594937,281.1542427472938,251.45779820025598,224.9282179212825,200.98536871781832,179.88399566614927,161.1754926718208,144.38190350992093,129.570951086188,116.17348793835046,104.52066248771143,93.99816970892691,84.70358791301739,76.42220793192399,69.03449687228974,62.47696869561911,56.630674026372105,51.4390814713204,46.82615741699781,42.72467788461872,39.077573399682365,35.84081764981733,32.960970304463935,30.406920708258657,28.139703457323396,26.12958287207765,24.344761752626233,22.764865942546326,21.36215370400487,20.123343695616295,19.021827622867168,18.054389568674317,17.18897634194239,16.432037078723607,15.756203765960148,15.163515662726157,14.632177558654966,14.172577809225631,13.755108338855507,13.391645312966716,13.073966907653627,12.796363102420036,12.522130087524662,12.315733142995697,12.109509648802074,11.933421070907137,11.785660780883953,11.628576342183312,11.528341921580347,11.400239919363509,11.322384902067032,11.234161625578308,11.15473378545923,11.082696587788083,11.023889603820503,10.975175186334077,10.928680327271785,10.886711168489644,10.847586212592928,10.815111216328761,10.784006927838599,10.758466640097918,10.734487109784439,10.71569194123429,10.696376777544366,10.680384290937244,10.666193778009815,10.651940682876187,10.641342837994921,10.63087173824375,10.621054293167266,10.613813502093505,10.605902513901361,10.600178270767843,10.593949062917313,10.588858503390004,10.584696135602638,10.580489392255357,10.576528564988886,10.573308571334831,10.570589278061277,10.5680159635424,10.565676245700205,10.563777738169636,10.562107339304923,10.560459962486345,10.559089371940653,10.557737546494048,10.556683609854504,10.555689132661987,10.554703905201356,10.553904681753847,10.553251850259748,10.55266943407212,10.552095782017993,10.551536408150781,10.551164018988436,10.5507521696251,10.55038277962943,10.550081139483797
5.361581713838322e+55,444.51515623562693,395.7346101465531,353.53384558201265,315.8319914486193,281.8139420310038,251.82536804285013,225.23744344887297,201.36982822380472,180.31631072140192,161.27596041278267,144.7044230059441,129.74376979923596,116.52316943931896,104.74143566366824,94.22995398073053,84.89464769504268,76.57024591989338,69.17398309930113,62.598587902900455,56.748636873846806,51.543342678343635,46.9195282790966,42.80304660626192,39.147843433201466,35.90027755263226,33.017287194495914,30.45488956408199,28.18326577557455,26.165167839796332,24.379302170351075,22.790948154942264,21.392616746071432,20.142661373150823,19.046564912403642,18.068683465767467,17.20955907376945,16.440593970597824,15.773449706839989,15.16942634577638,14.642739042377235,14.182111638758954,13.77996436495811,13.384556660113228,13.08553134586639,12.78779037116339,12.534047393569347,12.32069474361328,12.09499483675198,11.95040366904908,11.766445769045374,11.654516873679139,11.527761564876842,11.413964058902346,11.310928981963036,11.226664318403182,11.156964258147267,11.09051363557163,11.03056828099249,10.974724805626227,10.928370910787553,10.884018997045196,10.847603381348753,10.813449801914253,10.78668509704417,10.759189531630573,10.736428372272748,10.716239511673637,10.69596872813302,10.680891738698916,10.666002808621236,10.65204186013171,10.641743076988215,10.630493842835818,10.622352736420709,10.613495797195664,10.606258231154778,10.600341507788881,10.594362147216444,10.588732231164558,10.584155818258575,10.580290731233305,10.576633410045845,10.573308217981387,10.57061037541155,10.568236539422145,10.565895398322851,10.563947889155104,10.562026866577837,10.560529318428744,10.559116130387963,10.55771621006054,10.556580549905526,10.555652669322448,10.554825513377708,10.554010348751689,10.55321556940238,10.552686393959595,10.552101290308855,10.55157644319769,10.551147718212736
7.61760031024614e+55,627.8347298891237,558.540171195695,498.5749469485543,445.001306823219,396.67054309551025,354.057140104814,316.27642381553284,282.36052948958553,252.4401619233233,225.38544948827388,201.82821484339001,180.56513236199015,161.76973950807977,145.01818702057417,130.07221287751779,116.79396462190122,104.95262039666277,94.42788016084856,85.06809009204625,76.73769839576069,69.32217056378042,62.730916751598514,56.86054365218635,51.64332716330738,47.00494791438263,42.883114182860986,39.21667420510278,35.96203836526496,33.06896640509036,30.503967936993746,28.221763450875315,26.207696969463903,24.40807227550934,22.82547603042295,21.414066156082644,20.171219398237195,19.06006685026918,18.092464452632036,17.218949004818274,16.45557872630444,15.787095384468095,15.203749405588729,14.63298659650493,14.198712066682083,13.767868551985254,13.401399381022575,13.092387460875479,12.767379228322632,12.558066787713607,12.293217567078024,12.131800447760657,11.94911585801814,11.785681241436912,11.638015066576136,11.516945291777983,11.41698959154984,11.321829420185741,11.236051509162683,11.156216392570236,11.089941422103346,11.026615738004098,10.974625211011618,10.925935667070174,10.887788858119245,10.84861910170854,10.816202519458002,10.787464526893238,10.758623922090182,10.737163310982332,10.715986219388661,10.69612574500685,10.681470851631046,10.665469352979718,10.653886048966617,10.641289148229012,10.630996335759889,10.622583741588507,10.61408341245453,10.60607959940133,10.599574433192688,10.594079752900255,10.588881288864355,10.584154911127703,10.580320743733287,10.576946985496091,10.573619637429857,10.570852145168704,10.568122153942822,10.565994082587906,10.56398580424671,10.561996559718848,10.560382796124436,10.559064040859967,10.557889083776073,10.55673074744654,10.555601457827354,10.554849487452747,10.554018214471656,10.553272471841852,10.552663170363152
1.0822894732144141e+56,888.2985354480904,789.8593097674301,704.655793448732,628.5330310911073,559.8685181900892,499.3194894460959,445.6379188953747,397.4474519907,354.93116243558467,316.49210766401245,283.0119032836047,252.79704843962884,226.08374603247063,202.27403230438944,181.03077170787762,162.15369294738548,145.31905783154835,130.35305362481134,117.04098494042236,105.19025421470398,94.63835658049943,85.25559959262321,76.89719204119538,69.46425416501438,62.853226046729425,56.974216773695936,51.74178077491009,47.0923908160107,42.957780350750156,39.286265622885246,36.018453032473595,33.128264988632154,30.546502007119628,28.269847532530353,26.23967397308039,24.44755858296771,22.846558495697323,21.446687931920934,20.186029405668737,19.08126873270588,18.1119627535317,17.266003462275837,16.44227662306827,15.810919088958597,15.186736795021579,14.65672473445654,14.20810165178175,13.739278495737295,13.435294305960328,13.05306112467852,12.819540264499754,12.55537959051969,12.320039701444484,12.107940444876407,11.933441766917257,11.7897045247897,11.653103169193066,11.530083412825466,11.415717597889401,11.320757958098866,11.230186916152915,11.155831648305597,11.086334549470479,11.0319021257194,10.976045835161306,10.92983580746158,10.888899078838692,10.84784354884934,10.81727436479084,10.787140786448932,10.758873657890405,10.738007129495678,10.715235136149332,10.698744565166328,10.680820974865226,10.66617769764203,10.654212386614782,10.64212537529376,10.630743778866885,10.621495120005186,10.613681785440667,10.606291670855079,10.599572419496663,10.594122482263234,10.58932706139518,10.584597480308112,10.580664350466082,10.57678444941924,10.573760047583168,10.570905882521554,10.568079058578634,10.565785799595885,10.563911533545388,10.562242258488565,10.560596265722515,10.558991620251904,10.557923031344568,10.55674195522435,10.55568232822637,10.554816437200515
1.5376896346940067e+56,1258.3646363415294,1118.518214405192,997.4574987690129,889.2983227519085,791.7451511729397,705.714677839401,629.4427451118778,560.9726424889903,500.56179194793845,445.9498561849158,398.3729792306144,355.4416430890115,317.48081737948064,283.64528710323356,253.45750831136598,226.62837085722745,202.70229734697048,181.42932028245994,162.5052027831492,145.65628972353556,130.65192087059754,117.30674318518354,105.41728935434452,94.84013613342954,85.43030304286386,77.05846624099166,69.60474990850177,62.976970657666826,57.08161514323939,51.84034464845254,47.17448496657042,43.04048992443223,39.348649718543285,36.08537546441725,33.17554578514141,30.60101182132835,28.30230326965319,26.284274599558586,24.470628148159353,22.87646832668627,21.47447855459698,20.250108396879977,19.0632774582294,18.146103955140532,17.242166203902084,16.47561579971312,15.823646963455523,15.14688427765517,14.704407929229076,14.151800064764881,13.813065509616662,13.429940252021426,13.090214335242361,12.784904355492841,12.532554987015263,12.32523818586383,12.128616472642927,11.951724118368638,11.787497609184703,11.651084410078344,11.521271882249115,11.414699081575197,11.315347602253091,11.237560656556074,11.157805783871037,11.091854042680792,11.03348497031329,10.974999394759458,10.931413301103081,10.888511039563646,10.848251539180982,10.818515235663568,10.786087253404961,10.762591537521658,10.737074062509707,10.716230589750339,10.699204445689473,10.682011705385106,10.665821045520577,10.65266816947446,10.641553812484709,10.631045784230622,10.621490873524252,10.613742683952337,10.60692539729913,10.600201438745627,10.594610944619191,10.589096180643306,10.584797288612949,10.580740501153702,10.576723104583643,10.573463991159464,10.570800127045194,10.568428202816383,10.566089179760606,10.563808977007374,10.562290398140146,10.560612218551384,10.559106540949308,10.55787602813149
2.1847107184945846e+56,1784.1492726310576,1585.473131258091,1413.4679356766,1259.792815653344,1121.19610280401,998.9629908100538,890.5960942053676,793.3141604919348,707.4802048606729,629.8915073914818,562.2876517513007,501.2905365987247,447.3510595271484,399.2728130324063,356.3788200683323,318.25364289247807,284.2545255902764,254.0232184316238,227.12829571571191,203.1809434315724,181.85368129671448,162.88201013862934,145.97922199516316,130.938410155413,117.55585792173551,105.64605967851662,95.04030681117572,85.60544614407463,77.21240509242232,69.74429889259325,63.095714430325984,57.197173813833835,51.9311667148012,47.267725211152964,43.10981267762079,39.42394524016037,36.134579200467456,33.23648495766621,30.636402676010235,28.344394635053884,26.32377300979903,24.5574764435101,22.8522980493158,21.523286143320345,20.216837940270402,19.109920227964057,18.16317579015461,17.186913424340045,16.542441356008023,15.743093600482092,15.25098861828688,14.694163520071672,14.202842989046149,13.762607102220818,13.396545166698674,13.096653320212662,12.812862602445408,12.557803225028028,12.321356618003753,12.12481361104195,11.938299086755153,11.785149381725315,11.642849789043142,11.531482017523834,11.417417677349727,11.323146369645192,11.239820000156342,11.156427853288378,11.094202577566941,11.033075758823914,10.975684384903715,10.9332596042088,10.887041165364156,10.853527857339385,10.81717032009495,10.787479949301996,10.763237356625453,10.738771010288621,10.715727911090122,10.697015438010302,10.681197635610944,10.66625163699271,10.652659429615152,10.641640726645816,10.631946814017812,10.622385042363398,10.614437285057456,10.606597541191318,10.600485870754959,10.594718803487561,10.589008744214086,10.584376474870222,10.580590074154129,10.577219174052951,10.573895144159883,10.570654760579478,10.568496539149528,10.566111873386564,10.56397226515975,10.562223577236853
3.103981984280592e+56,2531.173706255321,2248.914195872193,2004.5287420390084,1786.1861346017147,1589.2763207678822,1415.60795552202,1261.6419584000062,1123.425598587588,1001.4718883856865,891.2393042143864,795.1825152456094,708.5190827085988,631.8786853629446,563.5660214965161,502.6208078025853,448.44804928553333,400.13915401392586,357.1819722136642,318.9643991652594,284.9340177025309,254.62580683615928,227.66278032117492,203.6400693716746,182.2604370004211,163.23681540330315,146.3037743661695,131.22330771054547,117.80387100250206,105.86613318534447,95.23792099493902,85.7763747803912,77.37425922874355,69.87569965627799,63.22591755545813,57.29804915563726,52.035434225083286,47.34124811543923,43.19325060357266,39.47739673690021,36.193732728125816,33.29248851299057,30.75390739367271,28.312037208226908,26.39334580075039,24.51118472172541,22.91732681925579,21.545974971047585,20.140625926111497,19.203192536649375,18.04811925367604,17.333304885414982,16.523590605283886,15.812562401098415,15.177300272557867,14.645117436159405,14.210321791680133,13.799768975151958,13.431077505714773,13.089786840409879,12.805746655123162,12.537059859954516,12.316336219121748,12.112085508015847,11.952295826346536,11.788846336581383,11.653845008497637,11.534711748275004,11.415671286726546,11.326691610030444,11.239516679761119,11.15760785826814,11.096989650251084,11.03104064003406,10.983168646515894,10.93131085109221,10.888977113203188,10.85443032061096,10.819591521884654,10.786773523955201,10.76013726485004,10.737610270542007,10.716342812912782,10.696997671674637,10.68132191791498,10.667532969458044,10.653930807597305,10.642628868481452,10.631481424579759,10.62279017586912,10.614589922033666,10.606472713180171,10.599887705717448,10.59450503135255,10.589713467558992,10.584989223703605,10.580383904391836,10.577316272829616,10.573927413157682,10.570886740982548,10.56840158986972
4.41005945417675e+56,3592.5292359358823,3191.516874099934,2844.2956394513976,2534.075393304998,2254.3161711273333,2007.5702821786622,1788.8186723354756,1592.4442115505963,1419.1730053768856,1262.5614704933785,1126.0801176384302,1002.9514162827793,894.0589582693137,796.9986777352035,710.4078096421509,633.4361973323545,564.7976318751256,503.76126930131164,449.4583241865672,401.10394899455974,358.03772734493884,319.72283240262544,285.5866004373917,255.2033652374461,228.16771967814373,204.1006138781312,182.66566104341777,163.58823243079476,146.61780832332744,131.50327768820503,118.04901818044897,106.09344367727343,95.42709800283296,85.95871466005013,77.5201382729895,70.02061686564709,63.33442478652294,57.412770602274655,52.11502674826066,47.424369579662624,43.272532413321024,39.63664265664804,36.150393402637214,33.3913988954871,30.68960224720744,28.40249575613892,26.42332059945731,24.406461463095393,23.04705215655679,21.382051413067884,20.345754321092688,19.1698336435908,18.141756857559372,17.225627203103638,16.45141957770522,15.82037910653291,15.225661700919913,14.691798566361316,14.19821067255127,13.786629014387813,13.398630599405676,13.079596928387742,12.785783583521008,12.55599154664195,12.321277026544704,12.12754177123746,11.956920679068157,11.786769362786305,11.659281433520475,11.534817917250697,11.417748992619412,11.33097031452802,11.23672956221664,11.168216431852212,11.09414657768175,11.033706895748894,10.984420901015957,10.93477091020154,10.887988589338605,10.850045784959878,10.817934045878493,10.787653501896955,10.760101414200806,10.737788455088781,10.718165510418395,10.69880595547167,10.682728440503823,10.666872670883581,10.654508370443747,10.642844578750912,10.631302835335752,10.621939833586271,10.614286401666268,10.607473691520692,10.600758578073043,10.594212512229902,10.58985156513888,10.585035087322039,10.580713421002686,10.57718141170637
6.265701440236075e+56,5100.47787864002,4530.744664141267,4037.417131183292,3596.6596616816173,3199.190354144648,2848.618036309994,2537.8209734060083,2258.817304504251,2012.635879506228,1790.1307727085152,1596.2156822323957,1421.278612301146,1266.563841302455,1128.660346890165,1005.6335522779744,896.2707380444023,798.7492422112404,712.027480836153,634.8720017829739,566.1677379857805,504.9766768765943,450.53488191757305,402.031356582977,358.85790538014277,320.4410549162185,286.24028739993247,255.7795038418574,228.66595000656213,204.54813685243477,183.0625252916778,163.9388764788017,146.93786043259655,131.7746257076901,118.30511766241095,106.30338655491943,95.62933113566315,86.11726392041275,77.67870457796236,70.13773903030506,63.45132741992687,57.52493403580286,52.33181349047775,47.36607370729984,43.41288325224492,39.54729500247764,36.2761621149737,33.43094486840186,30.545924421604415,28.582529983655917,26.190423169239125,24.693032017538602,22.99024998300236,21.50721407571763,20.188651207608356,19.063690840896864,18.14839786252563,17.287037771710846,16.513703700578574,15.799263655383482,15.201871098377891,14.640620239468143,14.178391132777318,13.754953813725855,13.423791061243184,13.086045252261126,12.807427427136094,12.562626313902754,12.319083373157588,12.136015674597244,11.958090739966128,11.790487143548413,11.665971777463445,11.531060133973572,11.43277082930727,11.326786767869322,11.240352747567158,11.169936709053662,11.099101675589727,11.032332083722183,10.978231285116102,10.932399457133865,10.889251512232313,10.849973808506483,10.818190420116085,10.790247404745886,10.762674443760352,10.739792036186088,10.717229281877177,10.6996303767497,10.683032669201925,10.666616425991105,10.653299331307862,10.642414050561444,10.632724331817617,10.623177674062177,10.613871277765655,10.607670314228704,10.600823736478151,10.594680487496104,10.589660098669656
8.902150854450357e+56,7242.934351818158,6433.486945385135,5732.575396767501,5106.3540773761315,4541.645434106036,4043.5593365702666,3601.986634575091,3205.585721191668,2855.815568646017,2539.690871155936,2264.17570422327,2015.6310139886662,1795.8134861548253,1599.881467084403,1425.0879818662822,1269.705166357098,1131.1482198738904,1007.9340501647641,898.3111102180117,800.6951750259038,713.753843883965,636.4005016800619,567.4855845585087,506.14152362106546,451.5561132015626,402.95940144709516,359.6768419338858,321.14779751576526,286.8774591993788,256.3423593447159,229.16651293721566,204.99975456973684,183.45067627754065,164.29952202531453,147.2389090961122,132.05793717676295,118.53501842706686,106.52374693975574,95.80007402799095,86.28191545534108,77.83739759318539,70.434698064461,63.372371239320074,57.723880255846005,52.20744421741482,47.54114604442841,43.46523531889484,39.34997308636639,36.52594089533301,33.10083132809223,30.94557877831268,28.48926516955731,26.356829944561287,24.464586664410948,22.834605327134508,21.509997803548206,20.264607713038423,19.145715143405937,18.112281831053902,17.24504391665012,16.43277116260252,15.762207223703674,15.151291472896041,14.67332376730412,14.186541666762588,13.78511681197392,13.433325262145003,13.084307579175384,12.820837177702163,12.566176788073552,12.325795583062554,12.146669071265892,11.953136854497762,11.811727517054665,11.65975242912437,11.535888665135854,11.435100383797987,11.333902182874246,11.238457326929934,11.161221471753917,11.095699887116194,11.034151440138759,10.97808746486467,10.932770082507792,10.892945110219074,10.853637142845068,10.821047485550057,10.788921125558455,10.763853323455658,10.74021984375139,10.716860164648086,10.697910897912255,10.68242270257156,10.668634591238346,10.655059025616834,10.641824890692094,10.633004657598802,10.623270201951,10.614535733727738,10.607398624016351
1.2647951804164698e+57,10286.883278309178,9136.856087506429,8141.0144907953545,7251.290909314195,6448.972962743444,5741.303139970146,5113.927860537271,4550.732077935309,4053.7858648941806,3604.6490493820206,3213.198784244605,2860.074528699453,2547.760950726208,2269.383811135352,2021.041912916412,1800.275470071558,1603.4168833427154,1428.3557651232531,1272.6044830117362,1133.9122517537446,1010.3863443984791,900.4816883978503,802.5677289096565,715.4083585596054,637.8522260853365,568.8033903301563,507.30539623755124,452.55904801423395,403.86601315353306,360.4754663167988,321.861381841277,287.51585173286816,256.89649887221236,229.67550357134556,205.4303024778001,183.84890587859203,164.63098240856843,147.5466690934355,132.30508599495002,118.76730193673195,106.7483803405366,96.20961303773726,86.17410764635709,78.1193105352657,70.2610873681523,63.6166679091521,57.793690885191644,51.93558967455846,47.888206426810385,42.9980301730887,39.90727312811001,36.37770049850404,33.321824644682366,30.61484540438043,28.262096710542682,26.351530352088233,24.55617278060917,22.94144731496462,21.449724190651303,20.192643704467084,19.01822487749944,18.04564205763061,17.164300569552456,16.47415237253199,15.772077407852022,15.193091063605419,14.687040335317082,14.186492730606597,13.806584340653819,13.441757212989677,13.096436999480584,12.838070398205906,12.559855806755174,12.355768239559398,12.137317441152264,11.959389518309523,11.81481775454601,11.670004282259356,11.533307617714877,11.422872631956713,11.329006171904533,11.241091025529563,11.16093566651605,11.096238991451116,11.03941510016529,10.983307168878856,10.936849923681947,10.891068610364126,10.855326994355742,10.821646524930186,10.788386593073119,10.761407022816757,10.739356957311134,10.719724465914997,10.700412970002704,10.681586595055863,10.669034945485222,10.655190350847795,10.64276802277033,10.632619388982379
1.7969891485325772e+57,14611.649775805761,12977.735475688427,11562.864759164373,10298.763873035454,9158.856705480894,8153.415700798467,7262.056909010016,6461.883302937682,5755.833186984367,5117.71627250295,4561.548505996997,4059.8404415780824,3616.1110227848135,3220.598177818833,2867.7608290670687,2554.0992823652336,2274.4075461311886,2025.6839794217453,1804.3951461446134,1607.3432347283037,1431.8394286797468,1275.6872884729783,1136.5729063424933,1012.7365461670071,902.54503611972,804.439268129797,717.0622890000244,639.2759418086074,570.0928084928379,508.43894533459013,453.5753011073923,404.76965959135015,361.2654636128122,322.5809944189707,288.1304287486549,257.4577927224138,230.15139074123485,205.86193446142553,184.20477267457275,164.95918837278893,147.86484909773213,132.87351537562824,118.61890787997,107.14791245424708,95.96648564813812,86.51602934031501,78.21329012169397,69.88486783206176,64.10022769601399,57.132853089941406,52.71376852933018,47.65895203572925,43.29248022018634,39.430589141059095,36.04790969219304,33.302249644858094,30.722920710819096,28.40033268466389,26.25363450735532,24.436672171220952,22.742535329328533,21.33442197167189,20.064651037728932,19.069004456547,18.056928163252305,17.22188299811568,16.49389084315091,15.776060056202311,15.227659342047751,14.704852022137395,14.208249444919277,13.834763819085845,13.434072784102042,13.138616343800509,12.823846925511129,12.567608938190677,12.359746759864434,12.152145752497917,11.955935620960913,11.79774459159047,11.662928862823703,11.537143184472898,11.42230863463675,11.329796449365853,11.248599733375988,11.16838045324765,11.102075745481212,11.036764695828792,10.985737410736386,10.937683659259164,10.890289090898781,10.85184491424602,10.820428323258907,10.792449854835835,10.764965696944166,10.738170634335109,10.720297558785685,10.700599239656606,10.682924701065694,10.668489113156703
2.5531169393613552e+57,20756.169483076537,18434.76061272193,16424.543919966796,14628.53723809646,13008.99187177616,11580.485138145716,10314.065297187268,9177.199655838238,8174.060077016256,7267.445115646754,6477.250988600711,5764.438934144313,5133.997352064153,4572.061220458684,4070.7595671225617,3625.115214131535,3227.736475484196,2874.355434474176,2559.952809178084,2279.985281086557,2030.6329755306824,1808.774005899801,1611.1235932645843,1435.1780302379218,1278.6196075578405,1139.2311551795556,1015.0867248120388,904.5665567324138,806.2725625835939,718.6716544255557,640.7222278810866,571.3732401026505,509.5640606157495,454.594054994113,405.64572775932766,362.05828067149235,323.262174773008,288.73782836115606,257.9682399465052,230.61575155360623,206.31291209881573,184.9981322454955,164.75344518996584,148.43127422935353,132.5319819980207,119.09893014644841,107.27571170440827,95.4432843546281,87.1920192211902,77.27846249923866,70.97397215663922,63.753399969628255,57.52784080174791,52.02941098379163,47.18261852590684,43.24990688426822,39.55622822870662,36.22657823708377,33.14745542423427,30.53050023269445,28.09411341066412,26.06140959629258,24.236279878572315,22.80283850920864,21.346341716692756,20.143550529004592,19.097383681531806,18.06900040063237,17.27747948262813,16.528735787351742,15.814489927641118,15.273913291803863,14.696184827911779,14.267397642480526,13.812914915028633,13.44304849302744,13.143517073458389,12.845383247140438,12.563099085404593,12.336060588919993,12.141872211834624,11.961561207410119,11.796641935956679,11.6640981718681,11.54786771177708,11.432940330906272,11.338166570701272,11.244865187483306,11.171890486487332,11.103226122025257,11.035617601379544,10.980777702656843,10.935968609717989,10.896049369488075,10.856908379238252,10.818745714914906,10.793272748866487,10.765229674014249,10.740067979542484,10.719525214148844
3.6274042675086395e+57,29486.14863054186,26187.9648203945,23331.895586988092,20780.17057969618,18479.167383611013,16449.579562711606,14650.282481642977,13035.053336913776,11609.816598082454,10321.726456222586,9199.033651770002,8186.2904654747,7290.573052000396,6492.187028143301,5779.951170721659,5146.789124180276,4582.203833307699,4080.1282848765036,3633.4321487259294,3235.660447028912,2881.3863303507314,2566.173059394939,2285.356479874823,2035.375859977913,1812.9409320973427,1614.8995643431626,1438.5174109731436,1281.4904527586107,1141.8371712202065,1017.3720919339187,906.6238287363872,808.0882627425287,720.2729086332287,642.1659180147421,572.6208470106652,510.68570742463027,455.5669783369475,406.50268722124247,362.78843502403856,323.91988365959696,289.3773964281076,259.08056120811665,230.32876572729205,207.11628084534544,184.5170685126253,165.42920037629293,148.6067174382545,131.80099783910308,120.04707724195893,105.95260341591168,96.97163864668043,86.67616313339072,77.81297016225791,69.9944885033718,63.068379687612925,57.450158888272824,52.17450809767654,47.41464443681629,43.011004495030434,39.25491511058451,35.762080722581686,32.83770095024111,30.221557033645603,28.16342909962844,26.072557468270094,24.34398589785971,22.843564496394812,21.373018935138962,20.232240386408815,19.161581804361,18.135393121755513,17.353089408099635,16.52013856286124,15.897085677420472,15.24013182021598,14.705401850451157,14.27303823925427,13.844313305205167,13.437359847559737,13.110926025694447,12.83039066971828,12.571413861704926,12.333931436120524,12.143620512096126,11.976900230036813,11.811847089016203,11.676136339190057,11.542622766632388,11.438037421284813,11.339734327765006,11.243158184303015,11.164820043926712,11.100820831103364,11.043776089239415,10.987986022056248,10.933583489290362,10.897235808675434,10.857282051225056,10.821433752760083,10.792181797535983
5.153724655961621e+57,41889.48338296887,37203.522356392685,33145.68715277395,29520.256601794652,26251.055311510587,23367.466649711016,20811.071041374486,18516.19511954081,16491.253411583682,14661.172997325066,13066.074502301417,11627.19678741224,10354.582228747366,9220.254238207524,8208.328474623517,7308.746119569201,6506.598094793146,5793.261273377019,5158.606003908692,4593.461273339365,4090.117085976988,3642.268592460839,3243.2918666678047,2888.124377003024,2572.0940803376893,2290.7204719089955,2040.12066709438,1817.0184609173782,1618.6034406855933,1441.7632055500733,1284.4158021876465,1144.4133256889804,1019.6498403952007,908.671202812791,809.8637554375787,721.8616672044955,643.5533902761365,573.8322541683652,511.7280751086944,456.49931951463685,407.410136200813,364.35347713661025,323.51764596841207,290.51727484968103,258.40147029558796,231.2822484057755,207.3591071455629,183.49168182339454,166.7630406734753,146.73278061374702,133.95137944131875,119.289543037773,106.68261609881172,95.57292582199563,85.69436483345689,77.68336748965622,70.16244999155789,63.372523454045506,57.0888992209417,51.71371364042403,46.71997296400942,42.52633936878567,38.78618680421876,35.83938307879636,32.845919749795456,30.368408956785792,28.221731342680588,26.12368838579925,24.48356349547091,22.955957344555824,21.4846785656953,20.354436144561046,19.155151306373142,18.250220551816746,17.30077564248297,16.527406417550033,15.902880888916899,15.286035019827427,14.698569849956979,14.228643862679045,13.82233120754734,13.449741394070413,13.106881403826083,12.8330326431581,12.593383791473943,12.355711644499884,12.160992664054577,11.969566482225021,11.819297091135603,11.678235394350938,11.540048814204459,11.427947263055428,11.33637878880765,11.254698385522822,11.175088603060704,11.097442808165335,11.045495905429487,10.988514136748842,10.937387232151618,10.895698571444003
7.322282235640963e+57,59511.82924296561,52854.14930552961,47088.87528488374,41937.95094870252,37293.15820595884,33196.226674892496,29564.164568140666,26303.66364840545,23426.676253404716,20826.54974786109,18560.26918301858,16515.950309582084,14707.8498306334,13096.224013320132,11658.506447149612,10380.400902627109,9240.729815438435,8227.238394835293,7325.535631371636,6522.591639115979,5807.452587822822,5171.159464087331,4604.303954363444,4099.689803494167,3650.681784234482,3250.912071325978,2894.865973517367,2577.8860239406395,2295.98415828793,2044.7309994707823,1821.1771556285714,1622.2599997370585,1445.0021055789075,1287.3208360746721,1146.9388341612928,1021.902201375048,910.6476895093429,811.578666225556,723.347661437919,644.8758698678943,575.1202548788605,513.9360031662148,455.93346286562394,409.0280187065738,363.3931929584446,324.86544434896155,290.85560852653344,256.9584145961113,233.16332265366933,204.70322629052998,186.52421954156208,165.66099426630345,147.73842603074556,131.95718176806318,117.88594412486297,106.4776205247587,95.76944954722643,86.09785274866636,77.14592026906455,69.47105871609683,62.346354384617804,56.348695471901586,51.01298305601464,46.80394131774747,42.528571991562984,38.98672381325614,35.92264415676415,32.93577308586537,30.584479667458425,28.40996743313767,26.306127857734502,24.677783154635605,22.955247833647814,21.64369252606383,20.27373316169927,19.15642723936298,18.25493582937836,17.367951152248757,16.519769321723803,15.843097620331745,15.253693070621622,14.717118166606683,14.221119375784356,13.826361330016699,13.481244918518332,13.138125052526023,12.85819143383543,12.583188734981364,12.366680306224865,12.163732280580572,11.965628632972395,11.804879869593904,11.673587915727008,11.556343152605368,11.442587075680606,11.331600471323556,11.257208493520043,11.175833369400443,11.102816482457293,11.043337170842378
1.0403314246981256e+58,84549.21464890541,75090.16613772715,66899.00604575481,59580.69856003661,52981.500131452005,47160.68161720948,42000.33965106872,37367.903068095125,33280.350637092924,29586.162062145177,26366.28294017526,23461.768547744814,20892.86319358857,18603.104684276932,16560.432895082624,14744.531187503942,13125.31589371297,11685.372445127747,10404.255403574549,9263.452294808905,8247.40053166285,7343.370131088862,6537.996796994189,5821.052730542575,5183.113467429541,4615.129723755436,4109.268384547106,3658.9095174578456,3258.3918949191907,2901.4149973687477,2583.797026458981,2301.1757078479504,2049.3354833103435,1825.3007031436744,1625.851117964533,1448.1972546584095,1290.1342034669772,1149.3690482710492,1024.018518486377,912.5244303040938,813.4073113658445,726.4687491939721,644.0776398394382,577.4171996563076,512.5763226465419,457.84129503772164,409.50187964069494,361.3571748670474,327.52345596808607,287.08926644071033,261.24307853636554,231.57096446733314,206.09885936012398,183.6841314693794,163.65804609990988,147.42506588916248,132.19120544292596,118.4280724071413,105.68801502050886,94.74723543569932,84.59713361989135,76.0368122989577,68.43653772637563,62.435593587374406,56.34075215425679,51.28788923262486,46.922606504007895,42.67732875233238,39.3155915478674,36.22619954287749,33.225578548546395,30.887313129742676,28.420430490907655,26.525780743945496,24.55433142444428,22.943903129805634,21.645159264697554,20.37192751732097,19.148806622543557,18.17536956359897,17.320300925832836,16.54764584180432,15.82945357485523,15.259880052465292,14.76231647714772,14.265982180540782,13.862915165586985,13.467175849978402,13.15439376960386,12.86163657855897,12.577076894477417,12.346054151502067,12.157357852874053,11.988579145884076,11.825770603293016,11.666840677539545,11.560037489320443,11.443634241734934,11.339174748090592,11.254191271736216
1.4780766957416724e+58,120121.70152730055,106682.53908570744,95044.74114843215,84647.07026134351,75271.10145208258,67001.02772655652,59669.34422746647,53087.69601108028,47280.203272390965,42031.598875337484,37456.87095282716,33330.21244944706,29680.374710454784,26427.14237626376,23524.966893132285,20944.977975578808,18644.438390714535,16598.60268660829,14778.423446228435,13157.598672687991,11714.017774111111,10429.593068596672,9285.339703185196,8266.722736032163,7360.354828942075,6553.376948266789,5834.662025276271,5194.801903746535,4625.75817815158,4118.571845725948,3667.3101560947457,3265.7643053920456,2907.959670996418,2589.6517877190277,2306.280821929229,2053.8700925211474,1829.3031063428039,1629.297572956197,1451.2091394110378,1292.7983976955773,1151.9658030439289,1028.4368314401165,911.3961161340267,816.6689970426772,724.541700199609,646.7810089015754,578.0834934545946,509.6981671918459,461.6027498903306,404.15819974278503,367.4199225521183,325.23386901941825,289.03777639659415,257.20131653270494,228.71645326969954,205.63060372468956,183.96909117604568,164.39521332558138,146.27581133550126,130.69651431011104,116.25039452793578,104.05015589633193,93.2351674357457,84.69032776771024,76.01298262008333,68.815374566699,62.604474554202895,56.57669585304275,51.78072671963018,47.39709219080408,43.12618393175483,39.77886937424769,36.255704040505066,33.528842811901235,30.700584333049015,28.38643608926896,26.520591071309717,24.697431783827096,22.937796986224015,21.540346729469977,20.30180326301747,19.19068596802304,18.151355596568894,17.329817130086543,16.612465902523954,15.893880894740514,15.313110584732174,14.743070566792579,14.290266247203427,13.867013128636694,13.457572178955047,13.124852281468462,12.853005029098417,12.60929660245788,12.375891186824823,12.147853418995819,11.994069061513118,11.827237019287649,11.677483504399728,11.555847675602356
2.1000141557086587e+58,170662.19531700012,151568.18721689633,135033.49301093715,120260.74013891873,106939.60589183487,95189.69203559592,84773.02116409907,75421.9821453536,67170.84153249576,59713.76228567529,53214.099312975864,47351.04924452217,42165.45000688341,37543.338341236115,33420.00167430173,29754.416913313285,26485.868960542386,23579.19682892542,20993.131627180428,18690.304201331335,16639.300720045885,14814.421417697507,13188.69589813585,11741.469737717245,10453.725249550636,9307.190602895316,8286.058765497399,7376.96014121946,6568.478897212019,5847.878916918929,5206.739755606694,4636.22909033138,4127.873094036847,3675.6245682907424,3273.0204697024456,2914.3973305712507,2595.3435548799384,2311.1710951333894,2058.1543918658604,1833.086075409259,1632.9856211526712,1457.470396892955,1291.2011553832747,1156.5981296700722,1025.7037396774729,915.2296597541475,817.6086079506784,720.4672941834613,652.1099111848055,570.4990489368457,518.2865091883864,458.32212307060644,406.89133964834434,361.67097389682345,321.16947623479314,288.348763272548,257.556903233518,229.72926857537,203.96934191366307,181.8012854911421,161.2536980334048,143.88318738947706,128.50343442115005,116.34637807669759,104.00259740262398,93.76019396548769,84.93045778604595,76.37574513942428,69.54429514069925,63.327969772955946,57.257261830540735,52.47744524674477,47.45665644397381,43.54553123503797,39.4998201126895,36.184632648004495,33.51200329561596,30.908248253423263,28.384209707473723,26.38346087106739,24.594588497034586,23.00046072008463,21.499431995310957,20.316394142198032,19.283511259079027,18.243792621841312,17.407384606472842,16.586389306803074,15.930278065146807,15.317573815411315,14.727858377606648,14.247930293007805,13.855515021078107,13.502614140080563,13.167494869184878,12.839660018887125,12.617538458739965,12.37793375620776,12.162745553406637,11.988301983237832
2.9836472402833343e+58,242468.85646341203,215340.58602844068,191848.5048973685,170859.74569734655,151933.4197295593,135239.4366336552,120439.6933810958,107153.97364318036,95430.95966296835,84836.13496280648,75601.57274520397,67271.5012708253,59903.93077525658,53336.949834959036,47478.61812075891,42270.64613655789,37626.77628817472,33497.04945801238,29822.83279239577,26551.033199593607,23637.019040428193,21044.275492307745,18734.48650212955,16678.30323955957,14848.70856198071,13219.74027242674,11768.942166446774,10477.316332673561,9328.648379682832,8304.835757266479,7393.923577204333,6583.352075143946,5861.096638454027,5218.548768059619,4646.541414779098,4137.014544904491,3683.716549562258,3279.962061364785,2920.4894548424913,2600.7160374612504,2316.409613172069,2067.0339731375548,1830.8226252307827,1639.5652923116213,1453.5921426970249,1296.640348114308,1157.9260008473811,1019.9299006635271,922.7853385711713,806.840742519405,732.6434580695067,647.4209298256636,574.3463321979796,510.11212828228355,452.53876700161,405.8881825381533,362.12563182032886,322.5728492113883,285.9593069787314,254.43141123747577,225.21687386346474,200.50173962050238,178.63876245313529,161.35146065082915,143.80101404981238,129.2349738971819,116.68764414433072,104.54789814141466,94.82702176354204,86.0127771775193,77.390262278902,70.57726240545664,63.43288238639276,57.83891457783296,52.06511820021694,47.3282710063125,43.5099987561407,39.799818835801666,36.1897280044938,33.332928754828345,30.758161265049697,28.47734621290322,26.316008028750186,24.616792391718,23.133092249149335,21.631800998502257,20.429287735634343,19.24850381655571,18.298387783550623,17.411528864886492,16.562245292738513,15.869619612737955,15.302559212223864,14.79050451008683,14.308883581571259,13.836855070744377,13.515105874206522,13.170320563110366,12.860384946291619,12.609692750412611
4.239090879578518e+58,344489.95276207576,305946.80468382855,272569.84337884845,242749.538891867,215859.4976535101,192141.10546313509,171114.0033291471,152237.9882945178,135582.22405141426,120529.36961757818,107409.13141669841,95573.97804990555,85106.31773609907,75776.11550710308,67452.74652408333,60053.38961930438,53455.49706361196,47588.08492780426,42367.85007797868,37719.35924780495,33579.20126988932,29895.4955609553,26613.806445393704,23692.432298027274,21092.990552317897,18778.592732311703,16717.33565862456,14882.224850517687,13250.228248978448,11795.618806127211,10501.419992496922,9349.77618069632,8323.617906276591,7410.6976227563955,6598.006516463382,5874.0795575025695,5230.050918972293,4656.397452443878,4145.675188576357,3691.3473632934274,3287.4034391419905,2933.0890241921725,2597.506079592392,2325.7560027597992,2061.5287314173183,1838.5430308482057,1641.4447500045994,1445.4039129396583,1307.3596226495392,1142.6353556432277,1037.2032079920377,916.095182350861,812.2705140407564,721.0231566551134,639.1953223158539,572.8964898555736,510.70662300281487,454.496251313688,402.4635875608899,357.63851192433606,316.1116735261048,280.96247965139673,249.89015492703172,225.31552293022003,200.36970467138664,179.66278539744943,161.83633715476907,144.60747716824136,130.78379890799255,118.28371503832689,106.0406198203716,96.34135575161987,86.18430068832423,78.20017234104847,69.97385559881211,63.2190033962303,57.77489751779606,52.49672231802656,47.34549685046961,43.275354741020536,39.5819633726391,36.32705630685905,33.2251183395465,30.791604618415757,28.66637994912648,26.505091504711054,24.780630442279914,23.086433354287074,21.713462470808977,20.431838131315676,19.210361495258073,18.211582575603227,17.39236270524503,16.648885863755872,15.956691737709846,15.276596303965242,14.809574985742946,14.312760280452272,13.865502673306317,13.504592280418038
6.022793593930129e+58,489438.95780861663,434677.83896987746,387256.6887878795,344888.7471116423,306684.0597225161,272985.56394752563,243110.78710465442,216292.22126340185,192628.1296430302,171241.41880872255,152600.51000570683,135785.42453997937,120913.23467016546,107657.11721143872,95831.48534788324,85318.66392998409,75944.54511913123,67608.27346291502,60191.494914669274,53587.03585065147,47704.80362286323,42471.08636208427,37808.54603976726,33657.930490324645,29964.709440026112,26676.470630631185,23747.88885968799,21140.608321465326,18821.910589042665,16755.235917503174,14916.473160911879,13280.242457283524,11822.306754246123,10525.248227162152,9370.599793394409,8342.058679253743,7427.04486096504,6612.003314611245,5886.389493983566,5240.890305935523,4666.968591666268,4163.559980621053,3686.792647860817,3300.680698673738,2925.272221116217,2608.467537506588,2328.419109587229,2049.9102818776178,1853.756954228459,1619.728356402135,1469.9188682547465,1297.8260916233708,1150.3131594861616,1020.6870832942192,904.3996934731175,810.1857773576888,721.8156672558777,641.9395097180575,568.0008110090769,504.2842395710153,445.26553113704705,395.29268536202864,351.1373948298313,316.21037217634097,280.7590978282613,251.32903201957816,226.00437114603073,201.54858350405647,181.89784378621601,164.16532230287936,146.78246130183012,132.98482105023388,118.55159816668245,107.17286879423126,95.46513150488879,85.84560383242813,78.09406355447234,70.5926949405885,63.25499037352506,57.46504004587896,52.18208690849761,47.54638769461973,43.10767277788609,39.63177698662343,36.59588768382062,33.49456108756889,31.02846934227476,28.6044189560552,26.626534301468084,24.77951221911027,23.02679978804715,21.589495787451597,20.407947140337672,19.3295384844574,18.33577899707777,17.356430070598858,16.67809794677947,15.9619607986882,15.315884831749317,14.795746707727906
8.557033502120255e+58,695378.8548018871,617575.6514287466,550200.8712828516,490005.56260211463,435725.31083331956,387847.3351568893,345402.0048482961,307298.8627936428,273677.5160875541,243291.82155084124,216807.28295404426,192916.83534648758,171786.8007812107,152952.8418123073,136151.28303080288,121214.92962714225,107896.41845777926,96052.45336205092,85514.88083909717,76131.43136463242,67774.10391496758,60338.16927944157,53713.75034368219,47816.659575803336,42569.42444692884,37897.576899653606,33736.72205983259,30032.362236837143,26738.0168578963,23801.73535297307,21189.269896196398,18864.55037848037,16793.15622640655,14950.323806405715,13309.831074092053,11848.501903494127,10548.479246321791,9390.479672014108,8359.553442678909,7442.442903188837,6627.02113571007,5911.783367224419,5234.425004625477,4685.830722380227,4152.4589846104145,3702.358884721097,3304.4571724719353,2908.7802624222377,2630.0672680297453,2297.5732478639334,2084.7138141881087,1840.1835176274146,1630.5998754990492,1446.4469203737488,1281.2006893844648,1147.3261994448644,1021.7604585911683,908.2612049775532,803.1997457240989,712.6432130451666,628.7733456438926,557.7400407851358,494.99789164550924,445.36342042737203,394.9875675071092,353.1651687271244,317.18896634782965,282.4680984896925,254.5401169997205,229.37687761152108,204.69501877880822,185.07655940792404,164.57142308724798,148.371113102861,131.719983178015,118.03292373006887,107.00565953703041,96.35012333012344,85.90951358219161,77.68057808568449,70.14020646120632,63.54681159746083,57.21006469204277,52.25550854317657,47.92811557992441,43.49088834335171,39.972859042163634,36.51354711667509,33.673824109021545,31.020580676873784,28.512487114244976,26.449927936295218,24.75038438838686,23.190049355329723,21.766261425723144,20.358457616700502,19.374223328253688,18.342873433018646,17.409868482635837,16.66030078782859
1.2157617759008845e+59,987973.0754996343,877432.2585526691,781707.8633284724,696183.8804492521,619063.8715464167,551040.0478248652,490734.79164321086,436598.80781872483,388830.4437831632,345659.219772415,308030.6494465336,274087.7054476416,244066.68269637268,217307.86694708915,193436.63648397863,172215.44021108488,153292.83569227555,136465.2280770227,121493.71005387917,108161.94097854773,96288.06056171366,85723.27093490852,76311.46427029191,67933.02549509033,60477.88630241443,53840.24231061138,47928.60493664398,42665.54250595032,37985.021536692475,33813.22456065785,30101.5018148084,26798.594753291844,23855.614317601827,21237.36012822387,18906.59209297069,16830.36859457959,14983.335130273048,13338.069479851667,11873.363141037016,10570.354107777634,9411.815223673297,8395.616008170051,7433.263097898459,6653.818103818031,5896.016283340376,5256.533576717955,4691.189024412317,4129.042909748577,3733.031354947583,3260.640444354505,2958.2014225053013,2610.7539574753723,2312.982152462974,2051.3592362056493,1816.5538238994661,1626.3309305891714,1447.9190063306307,1286.649379269308,1137.3700529846328,1008.6804199484112,889.5032749380858,788.5482577147895,699.3991735424391,628.869451363889,557.2901131881001,497.8619777352134,446.75363901101963,397.4504802369496,357.7637228014766,322.04569769042354,286.9962877013188,259.10942369045404,229.98033182340234,206.93090771938063,183.2588553794163,163.79502999158487,148.11609361305975,132.983175766292,118.13750949326925,106.44758660431357,95.70154378714724,86.33099862713841,77.299737907562,70.2474540966555,64.08839612647193,57.75441392337668,52.74492715496323,47.8181643157339,43.75345402906436,39.953784333552704,36.37397523727208,33.42278588408166,30.985686111777486,28.735670864262676,26.700927054597415,24.68245423483578,23.25800020026377,21.775738111464264,20.430603065242906,19.351846764301293
1.7273237219129871e+59,1403683.5776148047,1246629.9835392379,1110627.1689719828,989116.8434934751,879546.6826931474,782900.14528301,697219.9560822141,620304.914332043,552436.8242562945,491100.2418724551,437638.5118414307,389413.2340640335,346760.11914922216,308741.86641345767,274826.2244215709,244675.68163712745,217790.922385719,193882.6809563229,172611.52480487208,153670.08265294752,136799.97232274563,121789.78430629456,108417.72734231647,96513.85179973047,85921.7781112493,76491.18003461856,68092.07492772111,60614.44708883853,53964.48275610742,48037.29652198798,42763.776715456115,38071.08544010691,33889.77718177356,30169.82329115474,26858.3295158,23908.47967047191,21284.267064219985,18946.70607978939,16865.69593486611,15014.412091037582,13368.381101846155,11924.583500888964,10557.317609447453,9449.885804054695,8373.219471705252,7464.666841934367,6661.423816625611,5862.7626288667425,5300.096328728882,4628.9436527213675,4199.23234008924,3705.562921100439,3282.4958355500476,2910.8058727989314,2577.17274675608,2306.891704733818,2053.397563005653,1824.2573327931555,1612.1547823452092,1429.28691996944,1259.9465355875209,1116.4798386114896,989.8130329759479,889.5963933336766,787.8923976949079,703.451198366128,630.8444663781788,560.8246891603015,504.43235466938955,453.7202858755,403.9429428456809,364.3098359152664,322.93026222657994,290.1508475188792,256.5056916176834,228.83628225352027,206.5503791543504,185.05940270084517,163.95817563992537,147.3546681283699,132.0558462940915,118.74356298753804,105.88647253492461,95.85707056210323,87.09916651155328,78.07247914398445,70.94773406236772,63.94043797322494,58.13627626141398,52.70851522088487,47.609319000571865,43.39718799793624,39.912414121605266,36.67931219596943,33.7785001494266,30.892548512133438,28.838065141250937,26.713525014761572,24.779355599572604,23.23049321531297
2.4541380551896685e+59,1994314.5926623617,1771176.8158972266,1577947.43721936,1405308.6222060483,1249634.1025893458,1112321.134206496,990588.8790387196,881309.9252980077,784884.6505170626,697739.1843080095,621782.0996013117,553264.8415798759,492664.3681594686,438648.99083448946,390462.50183322706,347625.3683420374,309428.18011273694,275459.9524325966,245238.42903803452,218326.90461760265,194358.27662099432,173032.17849920064,154033.49762264558,137120.77028695706,122071.8190522931,108673.06213773879,96739.82551146644,86115.79890620666,76667.69903828966,68246.49995351463,60754.018218388264,54086.75653714058,48146.06330354361,42860.842233159565,38155.95804003701,33964.881899395914,30236.472764026854,26915.316026478773,23958.67698728688,21328.418134318024,18989.770674987336,16938.452096762583,14995.896104474406,13422.468943240117,11892.768010459438,10601.927690421857,9460.684573787386,8325.988853178913,7526.5437546979,6572.995518142293,5962.459033090482,5261.0412623361335,4659.957967508757,4131.887745739617,3657.8428485534596,3273.8173782038057,2913.648532589096,2588.079701260571,2286.719787127916,2026.8770901775094,1786.2663627605366,1582.4003848555703,1402.4297684117057,1260.0350869776805,1115.5312593075587,995.552655926741,892.4022510980388,792.9499402983732,712.8234779151786,640.8096633046367,570.1087386148383,513.7878451674345,455.004762630915,408.4020585304143,360.58895602529464,321.2627607233029,289.5914463288033,259.0696959030052,229.08320203947568,205.50161188607584,183.73593937780947,164.82670632923774,146.536324395441,132.28013136110224,119.83317448503298,106.98319866499462,96.85694236799415,86.89824761355172,78.62455920858123,70.88545007839107,63.63183445143109,57.631117978446895,52.65955749286308,48.02834346795046,43.90069668026217,39.784540071222864,36.831996438953546,33.79523706256113,31.022483275388893,28.804880422342425
3.486777560873226e+59,2833468.268501866,2516439.748776103,2241904.308605911,1996623.4229261358,1775444.9910750594,1580354.1814271845,1407400.0586185304,1252139.2735499358,1115140.669726046,991326.5911704007,883408.672907902,786061.0802488745,699961.4517262881,623217.7625465494,554755.6134135952,493893.69125873677,439624.0887530408,391362.88589063997,348424.9060631899,310189.6894213976,276135.6662470088,245836.0820667796,218843.23560076382,194814.05774968324,173432.88711313347,154396.2700334254,137441.8283293838,122347.47758046884,108923.85720059637,96959.22745773096,86314.10049106802,76841.41890114441,68401.03580327841,60891.92254551185,54207.34434376461,48252.765149410996,42955.54140608045,38236.916605903345,34036.20610536478,30299.199198313687,26976.49972383881,24062.030667086652,21302.11703174544,19066.615435115746,16893.254397452718,15059.269409896848,13437.80432241957,11825.679288374924,10689.824882601615,9335.056250485908,8467.607979529128,7471.026665239399,6617.022542940231,5866.771348644292,5193.233053036294,4647.602485908022,4135.873063141286,3673.301075832314,3245.126753943476,2875.9203140054756,2534.050709277881,2244.3711284976125,1988.6681027061582,1786.3481965117332,1581.0358210228017,1410.5669490712617,1264.0213698248858,1122.7528609784652,1008.9060825941187,906.6283074990212,806.2007736497964,726.1710171993245,642.6626968126247,576.4208483404991,508.47948023760597,452.59276195462587,407.58811832024617,364.2376500783567,321.6291256024657,288.13560293779057,257.1833577616159,230.32482821806502,204.31698556543816,184.05803476660844,166.37261615236673,148.09292193270528,133.70560759549574,119.55784850508658,107.77765317106837,96.75689338196469,86.44684711386446,77.90847809456928,70.82711889056128,64.20957064551683,58.34352506717387,52.48339181351814,48.253684169964686,43.923013548443535,39.959143339284026,36.79244965211517
4.953925771738722e+59,4025716.6837278944,3575290.5602952563,3185237.5150032556,2836748.6042334125,2522503.8630749295,2245323.751233286,1999594.8884960695,1779004.2751638514,1584360.1069527229,1408448.1871829089,1255121.1212842402,1116812.1150354655,994483.9289378475,885448.4265074753,788179.1299416419,701708.0418654792,624603.1578130758,556034.8556680458,495029.6547051722,440706.0212542121,392322.9225337508,349274.0352898631,310923.2796264529,276783.228057222,246405.3995243666,219358.65267036197,195270.2092151313,173824.53447709922,154752.5946510835,137753.54784812,122629.2219176118,109170.67036078755,97178.79084735076,86510.02756981374,77012.74997436066,68552.63005253504,61026.47402655392,54322.36180074747,48354.105908197824,43044.65924929808,38323.843466665596,34183.03196301064,30261.837200972608,27085.676939429763,23997.819864979712,21392.148649426632,19088.39631094565,16797.951792417793,15184.135546507743,13259.32315338832,12026.861132186958,10610.918946033758,9397.571365130852,8331.651153544453,7374.677738554469,6599.442805881016,5872.3800416499025,5215.1575420198005,4606.808649408347,4082.2210734831224,3596.4855700013113,3184.884307579859,2821.5827971450985,2534.1228367175786,2242.4154760918436,2000.2115741277253,1792.0115865757684,1591.3322522709207,1429.5768837213943,1284.3015704820443,1141.6400039147434,1027.9258190214218,909.2893972076837,815.1452205966481,718.6070024637091,639.1923624173419,575.2449767477391,513.6692620551057,453.1291364170846,405.55476871129724,361.55155740364586,323.4009590306281,286.42997503520746,257.6445062817579,232.51871718189454,206.526601196759,186.0881316993888,165.99222533990937,149.2321187173525,133.5511188165787,118.90275342526841,106.76246278610377,96.68640201863974,87.24764787297613,78.91662388796539,70.58330330177546,64.53913792873634,58.373489775990286,52.71927499929593,48.20674194299465
7.038413011282246e+59,5719633.21479223,5079679.134570308,4525501.584313171,4030377.3099684794,3583906.2996807843,3190095.774048412,2840970.393073767,2527560.804556843,2251015.2698095595,2001084.0489127021,1783240.8093210775,1586734.857931809,1412934.0493601218,1258019.151676276,1119821.38531735,996965.4390640889,887416.7619159288,789996.6443838935,703321.9905121801,626140.3395188247,557398.8510277288,496236.074982383,441748.28789175773,393242.9615077511,350082.90794741554,311655.57038408227,277431.31685679517,246961.84090585352,219864.91102253576,195713.0912164111,174224.83217587043,155103.2569275405,138065.50072922272,122907.58626060055,109414.0961897032,97394.16709245439,86701.20020722551,77176.15744539232,68696.61757427621,61153.088118535816,54445.86389939806,48562.695937941244,42991.58221259608,38478.957819729236,34091.80782501439,30389.744274270317,27116.615411923365,23862.431692869508,21569.53932204239,18834.823158503394,17083.758823992604,15071.999311306783,13348.105651782163,11833.69092890537,10474.02008777028,9372.56911491539,8339.566238827367,7405.789278541818,6541.452996116077,5796.103896869809,5105.967463323701,4521.143033969192,4004.9684587638526,3596.5437924397906,3182.088803181115,2837.9657706958683,2542.1690106343053,2257.080681477928,2027.2582703376413,1820.893662039508,1618.2276072192476,1456.6558145022705,1288.1109144581148,1154.3241589096513,1017.1568987619654,904.3150037350337,813.4549196024461,725.9863119599933,639.9705013203387,572.3917409216074,509.84687536312043,455.6543608675879,403.10848434956546,362.2103310452802,326.51523675138105,289.5671055686003,260.53356573614514,231.98954421733293,208.15586983929404,185.85570331541317,165.04712245803705,147.7924390012967,133.46426184014203,120.01849375584024,108.18984235665904,96.34728663972516,87.72607981697685,78.95721167487059,70.90430429115398,64.4831530986369
1e+60,8126307.174319331,7217076.544844919,6429715.0301032225,5726254.923036434,5091920.158636642,4532404.077499569,4036375.526632014,3591091.0750802574,3198182.1407929156,2843086.1604422214,2533579.965594455,2254389.2597769606,2007457.445122966,1787358.2577709628,1591010.3519883922,1416459.7153008317,1260815.7137616628,1122403.6633319058,999258.4970490593,889600.7502296848,791934.5741175669,705036.0409184224,627621.165860067,558706.0186958284,497385.3016367335,442788.7073250472,394163.7500391969,350873.4845198887,312374.8508113501,278060.55121088884,247530.57623602162,220363.11950854544,196156.30876095738,174620.32130807234,155449.11317028393,138371.4968277392,123179.20481167788,109646.25497371037,97598.74606158989,86881.08802499325,77351.62472079995,68992.96058210179,61077.68355058538,54666.24457996724,48433.09193374656,43173.301777343695,38522.90717310101,33899.46709370586,30641.760478556676,26756.35346647194,24268.472045394545,21410.190305663178,18960.925674084006,16809.301298341925,14877.488131974755,13312.55766587845,11844.882836757988,10518.184322697736,9290.14767529979,8231.146220308226,7250.602174134245,6419.666693329639,5686.29402505709,5106.005849058016,4517.1542549534315,4028.227225590322,3607.9753600836275,3202.9611473171963,2876.430992420969,2583.2726246352263,2295.354104041212,2065.7876990503346,1826.3345502363907,1636.224866991108,1441.3333498036934,1280.9993038573075,1151.9028227098531,1027.6470250210118,905.4367919122942,809.4372549905721,720.5494925817356,643.5661849637031,568.8928421715701,510.7864738087528,460.07612164143154,407.563195599946,366.3197242009537,325.7750412464576,291.89284606262504,260.1899639012966,230.63196507850003,206.11346938603765,185.7462891165902,166.60876517293994,149.81466771482695,132.99040405915707,120.70901870624392,108.24532418460636,96.78759032665026,87.65847285578951
