,10000000.0,10355033.66489132,10722672.220103232,11103363.18167639,11497569.953977356,11905772.393787846,12328467.39442066,12766169.490574088,13219411.484660286,13688745.09537082,14174741.629268048,14677992.676220706,15199110.829529332,15738730.431619044,16297508.346206434,16876124.75788149,17475284.00007683,18095715.41243322,18738174.22860383,19403442.495579157,20092330.02565046,20805675.382171717,21544346.900318824,22309243.744089834,23101297.00083158,23921470.81462639,24770763.55991709,25650209.05680046,26560877.82946684,27503878.409319457,28480358.68435805,29491507.296470683,30538555.088334125,31622776.60168379,32745491.628777318,33908066.81894053,35111917.34215128,36358508.611685775,37649358.067924716,38986037.025490716,40370172.58596558,41803449.61851454,43287612.810830615,44824468.79289308,46415888.33612782,48063808.63064389,49770235.64332114,51537246.55961632,53366992.31206313,55261700.198540874,57223676.5935022,59255309.755456746,61359072.73413176,63537526.38084481,65793322.465756826,68129206.90579608,70548023.10718645,73052715.42664449,75646332.7554629,78332032.23083876,81113083.07896872,83992870.59458458,86974900.26177834,90062802.02112795,93260334.688322,96571390.52966039,100000000.0,103550336.64891319,107226722.20103253,111033631.81676367,114975699.53977357,119057723.93787846,123284673.94420634,127661694.90574062,132194114.84660287,136887450.9537082,141747416.29268077,146779926.76220676,151991108.2952933,157387304.31619045,162975083.46206468,168761247.57881454,174752840.0007683,180957154.1243322,187381742.2860387,194034424.95579118,200923300.2565046,208056753.82171714,215443469.00318867,223092437.44089788,231012970.0083158,239214708.14626387,247707635.5991714,256502090.5680051,265608778.2946684,275038784.0931946,284803586.8435805,294915072.9647062,305385550.88334125,316227766.01683795
1e+46,42.403303679701054,40.949459994001955,39.54546293059475,38.189603443466744,36.88023108311898,35.61575198752003,34.394626941943315,33.21536950532387,32.076544200856105,30.97676476862788,29.914692478165943,28.889034498836573,27.898542326119838,26.942010261839794,26.01827394650254,25.126208941953845,24.26472936263275,23.432786553753246,22.629367814806848,21.853495166830392,21.104224161940277,20.38064273368229,19.68187008679922,19.00705562506328,18.35537791586968,17.726043690329547,17.11828687764641,16.53136767259952,15.964571635000146,15.417208820023381,14.888612938358023,14.3781405451513,13.885170256761532,13.409101994365427,12.949356253499117,12.505373398643657,12.076612981996453,11.66255308559946,11.262689686023213,10.876536040833281,10.503622096092371,10.143493914177084,9.795713121212287,9.459856373451123,9.135514841950451,8.822293714915075,8.51981171710432,8.227700645716594,7.945604922186362,7.673181159348526,7.410097743442788,7.156034430449701,6.910681956266539,6.673741660248947,6.444925121659652,6.223953808582145,6.010558738871535,5.804480152730272,5.605467196509779,5.413277617353476,5.22767746830912,5.048440823551873,4.875349503371083,4.708192808586347,4.546767264069316,4.390876371059143,4.240330367970105,4.0949459994001955,3.954546293059468,3.8189603443466824,3.6880231083118975,3.561575198752003,3.4394626941943387,3.3215369505323937,3.2076544200856105,3.0976764768627882,2.9914692478165876,2.888903449883663,2.7898542326119844,2.694201026183979,2.6018273946502486,2.5126208941953894,2.4264729362632744,2.343278655375325,2.2629367814806796,2.185349516683044,2.1104224161940275,2.0380642733682293,1.968187008679918,1.900705562506332,1.8355377915869682,1.772604369032955,1.7118286877646371,1.6531367672599486,1.5964571635000144,1.5417208820023378,1.4888612938358023,1.4378140545151332,1.3885170256761532,1.3409101994365427
1.1768119524350038e+46,42.40330367746596,40.9494599918435,39.545462928510304,38.18960344145376,36.88023108117501,35.61575198564271,34.394626940130365,33.21536950357308,32.07654419916534,30.97676476699509,29.914692476589128,28.889034497313823,27.898542324649302,26.942010260419675,26.018273945131106,25.126208940629436,24.26472936135375,23.4327865525181,22.629367813614046,21.853495165678485,21.104224160827865,20.38064273260802,19.681870085761783,19.007055624061415,18.355377914902164,17.726043689395205,17.1182868767441,16.531367671728148,15.964571634158649,15.417208819210735,14.888612937573239,14.378140544393423,13.88517025602964,13.409101993658629,12.949356252816552,12.505373397984496,12.076612981359892,11.662553084984726,11.262689685429553,10.876536040259976,10.50362209553872,10.143493913642418,9.795713120695952,9.45985637295249,9.135514841468915,8.82229371445005,8.519811716655237,8.22770064528291,7.945604921767547,7.67318115894407,7.410097743052199,7.156034430072504,6.910681955902275,6.673741659897172,6.444925121319938,6.223953808254079,6.010558738554717,5.804480152424316,5.605467196214313,5.4132776170681405,5.227677468033567,5.048440823285769,4.875349503114102,4.708192808338176,4.546767263829655,4.390876370827699,4.240330367746596,4.0949459991843495,3.954546292851022,3.818960344145384,3.688023108117501,3.5615751985642707,3.4394626940130433,3.3215369503573147,3.2076544199165347,3.0976764766995086,2.9914692476589066,2.888903449731388,2.78985423246493,2.694201026041967,2.6018273945131054,2.5126208940629486,2.426472936135375,2.3432786552518095,2.2629367813613994,2.1853495165678534,2.1104224160827862,2.0380642732608023,1.9681870085761741,1.9007055624061453,1.8355377914902167,1.7726043689395206,1.7118286876744062,1.6531367671728112,1.5964571634158644,1.541720881921073,1.488861293757324,1.4378140544393456,1.388517025602964,1.340910199365863
1.3848863713938634e+46,42.40330367491406,40.94945998937909,39.54546292613039,38.18960343915545,36.880231078955504,35.615751983499294,34.39462693806045,33.21536950157412,32.076544197234924,30.976764765130852,29.91469247478881,28.889034495575235,27.89854232297032,26.94201025879826,26.018273943565283,25.126208939117298,24.264729359893458,23.432786551107874,22.629367812252173,21.85349516436331,21.10422415955778,20.38064273138148,19.681870084577294,19.007055622917537,18.355377913797508,17.72604368832842,17.118286875713892,16.53136767073326,15.964571633197874,15.417208818282901,14.888612936677216,14.378140543528124,13.88517025519401,13.409101992851648,12.949356252037239,12.505373397231901,12.076612980633103,11.662553084282854,11.262689684751747,10.876536039605408,10.503622094906596,10.143493913031964,9.795713120106429,9.45985637238318,9.135514840919125,8.822293713919109,8.519811716142502,8.227700644787753,7.945604921289367,7.6731811584822855,7.410097742606248,7.156034429641842,6.910681955486379,6.673741659495536,6.444925120932072,6.223953807879512,6.010558738192992,5.804480152074993,5.605467195876967,5.413277616742361,5.227677467718958,5.048440822981945,4.875349502820696,4.70819280805483,4.546767263556022,4.390876370563449,4.240330367491406,4.094945998937909,3.9545462926130317,3.818960343915553,3.6880231078955497,3.5615751983499293,3.4394626938060515,3.3215369501574195,3.2076544197234926,3.0976764765130853,2.991469247478875,2.888903449557529,2.7898542322970323,2.6942010258798255,2.601827394356523,2.5126208939117354,2.4264729359893455,2.3432786551107876,2.262936781225212,2.1853495164363355,2.110422415955778,2.038064273138148,1.9681870084577255,1.900705562291758,1.835537791379751,1.7726043688328423,1.7118286875713857,1.6531367670733228,1.5964571633197873,1.5417208818282901,1.488861293667722,1.4378140543528155,1.3885170255194008,1.3409101992851646
1.62975083462064e+46,42.40330367209537,40.94945998665705,39.54546292350167,38.189603436616856,36.88023107650395,35.615751981131794,34.39462693577411,33.21536949936618,32.07654419510269,30.976764763071724,29.914692472800283,28.88903449365488,27.89854232111581,26.942010257007333,26.018273941835762,25.126208937447075,24.264729358280498,23.432786549550215,22.62936781074792,21.853495162910633,21.10422415815491,20.38064273002671,19.681870083268976,19.007055621654075,18.35537791257736,17.72604368715011,17.118286874575983,16.531367669634367,15.964571632136655,15.417208817258066,14.88861293568752,14.378140542572359,13.885170254271014,13.409101991960299,12.949356251176452,12.505373396400627,12.076612979830328,11.662553083507605,11.262689684003076,10.876536038882408,10.503622094208383,10.143493912357693,9.795713119455275,9.459856371754352,9.135514840311856,8.82229371333266,8.51981171557616,8.22770064424083,7.945604920761196,7.673181157972223,7.410097742113673,7.156034429166156,6.910681955027003,6.67374165905191,6.4449251205036555,6.223953807465784,6.010558737793449,5.804480151689149,5.605467195504352,5.413277616382521,5.227677467371456,5.0484408226463575,4.875349502496615,4.7081928077418596,4.546767263253783,4.390876370271572,4.240330367209537,4.094945998665705,3.9545462923501593,3.818960343661693,3.688023107650394,3.5615751981131796,3.4394626935774184,3.321536949936625,3.2076544195102685,3.0976764763071722,2.991469247280022,2.888903449365494,2.789854232111581,2.6942010257007327,2.601827394183571,2.5126208937447125,2.4264729358280497,2.3432786549550215,2.262936781074787,2.1853495162910677,2.110422415815491,2.038064273002671,1.9681870083268933,1.9007055621654114,1.8355377912577364,1.772604368715011,1.7118286874575945,1.6531367669634331,1.5964571632136653,1.5417208817258066,1.4888612935687522,1.437814054257239,1.3885170254271013,1.3409101991960297
1.9179102616724927e+46,42.4033036721465,40.94945998670642,39.54546292354935,38.1896034366629,36.88023107654842,35.61575198117474,34.39462693581559,33.215369499406236,32.076544195141366,30.976764763109077,29.914692472836354,28.889034493689717,27.898542321149453,26.94201025703982,26.018273941867136,25.126208937477372,24.264729358309758,23.432786549578474,22.629367810775207,21.853495162936984,21.104224158180358,20.38064273005129,19.681870083292708,19.007055621676994,18.355377912599494,17.726043687171487,17.118286874596624,16.531367669654298,15.964571632155906,15.417208817276657,14.888612935705474,14.378140542589696,13.885170254287756,13.409101991976469,12.949356251192066,12.505373396415706,12.076612979844892,11.662553083521667,11.262689684016657,10.876536038895525,10.503622094221049,10.143493912369923,9.795713119467088,9.459856371765758,9.135514840322873,8.8222937133433,8.519811715586433,8.227700644250751,7.945604920770777,7.673181157981476,7.410097742122608,7.1560344291747855,6.910681955035336,6.6737416590599565,6.444925120511427,6.223953807473288,6.0105587378006975,5.804480151696148,5.605467195511111,5.413277616389049,5.2276774673777595,5.048440822652446,4.875349502502494,4.708192807747538,4.546767263259267,4.3908763702768665,4.24033036721465,4.094945998670642,3.9545462923549275,3.818960343666298,3.6880231076548413,3.561575198117474,3.4394626935815658,3.32153694994063,3.2076544195141365,3.0976764763109075,2.9914692472836295,2.888903449368977,2.789854232114945,2.6942010257039812,2.601827394186708,2.512620893747742,2.4264729358309753,2.3432786549578473,2.262936781077516,2.185349516293703,2.110422415818036,2.0380642730051286,1.9681870083292665,1.9007055621677034,1.8355377912599498,1.7726043687171489,1.7118286874596587,1.6531367669654267,1.5964571632155902,1.5417208817276657,1.4888612935705474,1.437814054258973,1.3885170254287755,1.3409101991976469
2.2570197196339355e+46,42.4033036724149,40.94945998696562,39.54546292379966,38.18960343690463,36.88023107678186,35.61575198140018,34.3946269360333,33.21536949961648,32.076544195344404,30.97676476330515,29.914692473025706,28.88903449387258,27.89854232132604,26.942010257210356,26.018273942031822,25.126208937636413,24.264729358463345,23.432786549726796,22.629367810918446,21.853495163075312,21.104224158313944,20.38064273018029,19.681870083417287,19.007055621797303,18.35537791271568,17.726043687283685,17.118286874704978,16.53136766975894,15.964571632256957,15.417208817374247,14.888612935799715,14.378140542680706,13.885170254375648,13.409101992061345,12.949356251274033,12.50537339649486,12.076612979921332,11.662553083595489,11.262689684087947,10.87653603896437,10.503622094287534,10.14349391243413,9.795713119529092,9.459856371825637,9.135514840380699,8.822293713399143,8.519811715640362,8.22770064430283,7.94560492082107,7.673181158030045,7.410097742169512,7.156034429220081,6.910681955079078,6.6737416591022,6.444925120552222,6.223953807512685,6.010558737838743,5.804480151732889,5.605467195546592,5.413277616423313,5.2276774674108495,5.048440822684401,4.8753495025333535,4.708192807777339,4.546767263288046,4.39087637030466,4.240330367241491,4.094945998696562,3.954546292379959,3.8189603436904713,3.6880231076781853,3.5615751981400177,3.439462693603337,3.3215369499616547,3.2076544195344403,3.097676476330515,2.9914692473025646,2.8889034493872634,2.7898542321326043,2.6942010257210347,2.601827394203177,2.5126208937636463,2.4264729358463346,2.34327865497268,2.2629367810918395,2.1853495163075354,2.1104224158313944,2.038064273018029,1.9681870083417248,1.9007055621797344,1.8355377912715682,1.7726043687283688,1.711828687470494,1.6531367669758905,1.5964571632256954,1.5417208817374244,1.4888612935799717,1.437814054268074,1.3885170254375645,1.3409101992061343
2.656087782946673e+46,42.403303673019074,40.949459987549076,39.54546292436312,38.189603437448774,36.88023107730734,35.61575198190765,34.394626936523366,33.21536950008974,32.07654419580144,30.97676476374652,29.914692473451943,28.889034494284196,27.89854232172355,26.942010257594234,26.01827394240254,25.12620893799442,24.264729358809078,23.432786550060676,22.629367811240876,21.853495163386686,21.104224158614645,20.380642730470683,19.681870083697724,19.007055622068123,18.355377912977215,17.726043687536254,17.118286874948886,16.531367669994484,15.964571632484425,15.417208817593915,14.888612936011851,14.378140542885571,13.885170254573486,13.409101992252403,12.949356251458537,12.505373396673042,12.076612980093405,11.66255308376166,11.262689684248421,10.876536039119342,10.503622094437194,10.143493912578657,9.795713119668664,9.459856371960424,9.135514840510863,8.822293713524845,8.519811715761755,8.22770064442006,7.945604920934282,7.673181158139376,7.410097742275093,7.156034429322043,6.910681955177544,6.673741659197289,6.444925120644052,6.223953807601366,6.0105587379243826,5.804480151815594,5.605467195626461,5.413277616500444,5.227677467485335,5.048440822756333,4.875349502602819,4.708192807844423,4.54676726335283,4.390876370367223,4.240330367301908,4.094945998754908,3.9545462924363046,3.818960343744885,3.688023107730734,3.561575198190764,3.439462693652343,3.3215369500089813,3.207654419580144,3.0976764763746516,2.991469247345188,2.8889034494284256,2.789854232172355,2.6942010257594227,2.6018273942402486,2.5126208937994474,2.4264729358809074,2.3432786550060674,2.2629367811240826,2.185349516338673,2.110422415861464,2.0380642730470684,1.9681870083697681,1.9007055622068163,1.8355377912977215,1.7726043687536253,1.7118286874948847,1.653136766999445,1.5964571632484423,1.5417208817593913,1.4888612936011854,1.4378140542885605,1.3885170254573487,1.3409101992252401
3.125715849688235e+46,42.40330367412937,40.94945998862131,39.54546292539858,38.18960343844873,36.88023107827301,35.61575198284021,34.39462693742395,33.215369500959454,32.076544196641336,30.976764764557615,29.914692474235228,28.889034495040626,27.898542322454045,26.942010258299685,26.018273943083805,25.126208938652326,24.264729359444427,23.432786550674237,22.629367811833404,21.8534951639589,21.104224159167234,20.38064273100433,19.68187008421307,19.007055622565804,18.355377913457833,17.72604368800039,17.11828687539711,16.53136767042734,15.964571632902443,15.417208817997599,14.888612936401696,14.378140543262047,13.885170254937057,13.409101992603505,12.949356251797605,12.505373397000483,12.076612980409617,11.662553084067033,11.262689684543325,10.876536039404133,10.50362209471222,10.143493912844255,9.795713119925155,9.45985637220812,9.135514840750067,8.822293713755847,8.519811715984838,8.227700644635496,7.94560492114233,7.67318115834029,7.41009774246912,7.156034429509416,6.910681955358494,6.673741659372035,6.4449251208128056,6.2239538077643335,6.010558738081763,5.804480151967578,5.605467195773235,5.413277616642185,5.227677467622216,5.048440822888521,4.875349502730475,4.708192807967702,4.5467672634718825,4.390876370482193,4.240330367412937,4.094945998862131,3.9545462925398507,3.8189603438448807,3.688023107827301,3.5615751982840207,3.439462693742402,3.321536950095952,3.2076544196641334,3.0976764764557614,2.9914692474235167,2.8889034495040686,2.7898542322454047,2.694201025829968,2.601827394308375,2.5126208938652375,2.4264729359444424,2.3432786550674236,2.2629367811833356,2.185349516395894,2.1104224159167235,2.038064273100433,1.9681870084213033,1.9007055622565843,1.8355377913457833,1.7726043688000395,1.7118286875397073,1.6531367670427308,1.596457163290244,1.5417208817997596,1.4888612936401697,1.4378140543262081,1.3885170254937058,1.3409101992603507
3.6783797718286494e+46,42.40330367598894,40.94945999041711,39.545462927132824,38.18960344012351,36.88023107989037,35.61575198440211,34.394626938932305,33.215369502416095,32.076544198048026,30.97676476591608,29.914692475547117,28.889034496307538,27.898542323677518,26.942010259481208,26.018273944224816,25.126208939754218,24.26472936050854,23.432786551701867,22.629367812825798,21.85349516491727,21.10422416009275,20.38064273189811,19.68187008507621,19.007055623399346,18.355377914262792,17.726043688777757,17.118286876147824,16.531367671152314,15.96457163360256,15.41720881867371,14.888612937054628,14.378140543892592,13.885170255545983,13.409101993191554,12.94935625236549,12.505373397548897,12.07661298093923,11.662553084578485,11.262689685037241,10.876536039881117,10.503622095172851,10.143493913289092,9.79571312035474,9.459856372622976,9.1355148411507,8.822293714142743,8.51981171635847,8.227700644996316,7.945604921490779,7.673181158676792,7.410097742794084,7.156034429823239,6.910681955661557,6.6737416596647074,6.4449251210954435,6.223953808037281,6.0105587383453525,5.80448015222213,5.605467196019059,5.41327761687958,5.227677467851473,5.0484408231099165,4.875349502944281,4.708192808174177,4.546767263671278,4.390876370674753,4.240330367598894,4.094945999041712,3.9545462927132746,3.818960344012359,3.6880231079890367,3.5615751984402113,3.4394626938932378,3.321536950241616,3.2076544198048027,3.097676476591608,2.9914692475547056,2.8889034496307597,2.7898542323677518,2.6942010259481206,2.601827394422476,2.512620893975427,2.426472936050854,2.3432786551701867,2.2629367812825754,2.185349516491731,2.110422416009275,2.0380642731898106,1.9681870085076167,1.9007055623399385,1.8355377914262798,1.772604368877776,1.7118286876147784,1.6531367671152282,1.5964571633602556,1.5417208818673709,1.4888612937054628,1.4378140543892626,1.3885170255545982,1.3409101993191554
4.328761281083026e+46,42.4033036789431,40.94945999326999,39.54546292988789,38.18960344278412,36.88023108245975,35.6157519868834,34.394626941328525,33.21536950473015,32.07654420028275,30.976764768074176,29.91469247763122,28.889034498320186,27.89854232562116,26.94201026135821,26.018273946037464,25.12620894150472,24.26472936219902,23.432786553334388,22.629367814402347,21.853495166439764,21.104224161563042,20.380642733317995,19.68187008644741,19.007055624723534,18.35537791554158,17.7260436900127,17.118286877340424,16.531367672304025,15.964571634714781,15.4172088197478,14.88861293809189,14.378140544894292,13.885170256513337,13.409101994125743,12.94935625326765,12.505373398420126,12.076612981780587,11.662553085390996,11.262689685821895,10.876536040638866,10.50362209590462,10.143493913995771,9.79571312103719,9.45985637328203,9.135514841787156,8.822293714757377,8.51981171695203,8.227700645569525,7.945604922044336,7.673181159211369,7.410097743310334,7.156034430321788,6.910681956143012,6.6737416601296555,6.4449251215444505,6.223953808470894,6.0105587387640975,5.8044801526265175,5.605467196409583,5.413277617256714,5.227677468215676,5.048440823461633,4.875349503283937,4.708192808502188,4.546767263988043,4.390876370980656,4.24033036789431,4.094945999327,3.954546292988781,3.8189603442784192,3.6880231082459747,3.56157519868834,3.439462694132859,3.3215369504730217,3.2076544200282746,3.097676476807418,2.9914692477631157,2.8889034498320245,2.7898542325621163,2.6942010261358207,2.601827394603741,2.5126208941504773,2.426472936219902,2.343278655333439,2.2629367814402297,2.185349516643981,2.110422416156304,2.0380642733317993,1.968187008644737,1.9007055624723574,1.8355377915541584,1.77260436900127,1.7118286877340385,1.6531367672303992,1.596457163471478,1.5417208819747799,1.4888612938091892,1.4378140544894324,1.3885170256513337,1.340910199412574
5.094138014816365e+46,42.403303683480146,40.94945999765149,39.54546293411915,38.18960344687031,36.88023108640584,35.6157519906942,34.39462694500866,33.21536950828411,32.07654420371485,30.976764771388616,29.91469248083202,28.88903450141124,27.898542328606236,26.94201026424094,26.018273948821356,25.12620894419316,24.264729364795286,23.432786555841638,22.629367816823635,21.853495168778032,21.104224163821144,20.38064273549867,19.68187008855332,19.00705562675724,18.35537791750556,17.726043691909343,17.118286879172036,16.53136767407284,15.964571636422951,15.417208821397404,14.888612939684934,14.378140546432718,13.885170257999016,13.409101995560484,12.949356254653198,12.505373399758168,12.076612983072755,11.66255308663886,11.262689687026974,10.876536041802627,10.503622097028481,10.143493915081098,9.795713122085306,9.45985637429421,9.135514842764632,8.822293715701342,8.519811717863629,8.227700646449868,7.945604922894495,7.673181160032381,7.4100977441031946,7.156034431087465,6.9106819568824385,6.67374166084373,6.444925122234041,6.223953809136841,6.010558739407212,5.8044801532475825,5.605467197009354,5.413277617835922,5.227677468775025,5.048440824001804,4.875349503805587,4.708192809005953,4.5467672644745365,4.39087637145047,4.240330368348015,4.094945999765148,3.9545462934119078,3.8189603446870386,3.688023108640584,3.56157519906942,3.439462694500873,3.321536950828418,3.207654420371486,3.097676477138861,2.9914692480831957,2.88890345014113,2.7898542328606237,2.694201026424093,2.6018273948821307,2.512620894419321,2.426472936479529,2.343278655584164,2.2629367816823587,2.1853495168778077,2.110422416382114,2.038064273549867,1.968187008855328,1.900705562675728,1.8355377917505564,1.7726043691909343,1.7118286879172,1.6531367674072805,1.5964571636422948,1.5417208821397401,1.4888612939684938,1.4378140546432752,1.3885170257999015,1.3409101995560482
5.994842503189421e+46,42.40330369028815,40.94946000422607,39.54546294046832,38.18960345300179,36.8802310923271,35.615751996412435,34.39462695053084,33.21536951361696,32.07654420886486,30.976764776362046,29.91469248563493,28.88903450604948,27.898542333085445,26.942010268566577,26.018273952998683,25.126208948227266,24.26472936869108,23.43278655960386,22.629367820456864,21.853495172286692,21.1042241672095,20.38064273877086,19.681870091713314,19.007055629808892,18.355377920452582,17.726043694755322,17.11828688192044,16.53136767672701,15.96457163898612,15.417208823872693,14.888612942075355,14.37814054874118,13.88517026022833,13.409101997713362,12.949356256732264,12.50537340176595,12.076612985011698,11.662553088511325,11.26268968883524,10.876536043548896,10.503622098714875,10.143493916709675,9.795713123658045,9.459856375813024,9.135514844231373,8.822293717117793,8.519811719231514,8.227700647770856,7.945604924170191,7.6731811612643375,7.410097745292914,7.156034432236393,6.910681957991973,6.673741661915223,6.444925123268797,6.22395381013612,6.010558740372229,5.8044801541795135,5.605467197909332,5.4132776187050435,5.227677469614347,5.048440824812349,4.875349504588343,4.70819280976187,4.546767265204537,4.390876372155441,4.240330369028816,4.094946000422607,3.954546294046824,3.8189603453001864,3.68802310923271,3.5615751996412435,3.4394626950530913,3.3215369513617032,3.207654420886486,3.0976764776362047,2.991469248563487,2.888903450604954,2.789854233308545,2.6942010268566574,2.601827395299863,2.5126208948227315,2.4264729368691076,2.3432786559603858,2.262936782045681,2.1853495172286737,2.1104224167209504,2.0380642738770858,1.9681870091713276,1.9007055629808933,1.8355377920452587,1.7726043694755322,1.7118286881920404,1.6531367676726976,1.5964571638986118,1.541720882387269,1.4888612942075357,1.4378140548741214,1.388517026022833,1.3409101997713362
7.054802310718688e+46,42.40330370033397,40.94946001392745,39.54546294983708,38.18960346204933,36.88023110106444,35.61575200485021,34.39462695867931,33.21536952148605,32.07654421646415,30.976764783700787,29.914692492722054,28.889034512893616,27.89854233969492,26.94201027494944,26.018273959162702,25.126208954179944,24.264729374439664,23.432786565155347,22.62936782581801,21.85349517746403,21.104224172209328,20.380642743599257,19.68187009637617,19.007055634311875,18.35537792480118,17.72604369895482,17.11828688597595,16.531367680643477,15.964571642768306,15.417208827525203,14.888612945602635,14.37814055214752,13.885170263517882,13.40910200089013,12.949356259800112,12.505373404728616,12.076612987872782,11.662553091274313,11.262689691503496,10.876536046125668,10.503622101203302,10.14349391911278,9.795713125978757,9.45985637805417,9.135514846395678,8.822293719207892,8.519811721249953,8.22770064972009,7.945604926052593,7.6731811630822,7.4100977470484475,7.156034433931738,6.910681959629191,6.6737416634963065,6.444925124795671,6.223953811610643,6.010558741796197,5.804480155554659,5.605467199237329,5.413277619987509,5.227677470852843,5.048440826008381,4.875349505743367,4.708192810877294,4.546767266281716,4.390876373195688,4.240330370033397,4.094946001392746,3.9545462949837002,3.818960346204941,3.688023110106444,3.5615752004850205,3.439462695867938,3.321536952148612,3.2076544216464153,3.0976764783700785,2.9914692492721993,2.888903451289367,2.7898542339694923,2.6942010274949433,2.601827395916265,2.5126208954179994,2.426472937443966,2.3432786565155346,2.262936782581796,2.185349517746407,2.1104224172209327,2.0380642743599258,1.968187009637613,1.9007055634311918,1.835537792480118,1.772604369895482,1.7118286885975915,1.6531367680643443,1.5964571642768304,1.54172088275252,1.4888612945602635,1.4378140552147556,1.388517026351788,1.3409102000890127
8.302175681319702e+46,42.403303714973,40.949460028064564,39.545462963489484,38.189603475233646,36.88023111379672,35.615752017145944,34.39462697055348,33.2153695329531,32.07654422753804,30.976764794394995,29.9146925030496,28.889034522867068,27.898542349326426,26.942010284250717,26.018273968145074,25.126208962854346,24.264729382816654,23.432786573245124,22.62936783363042,21.853495185008583,21.10422417949521,20.380642750635335,19.681870103171008,19.007055640873745,18.355377931138065,17.72604370507444,17.118286891885756,16.531367686350652,15.964571648279808,15.417208832847734,14.888612950742678,14.378140557111333,13.885170268311505,13.409102005519395,12.94935626427066,12.505373409045886,12.07661299204203,11.662553095300614,11.262689695391751,10.87653604988061,10.503622104829502,10.143493922614653,9.795713129360562,9.459856381320026,9.13551484954956,8.82229372225364,8.519811724191275,8.227700652560566,7.945604928795681,7.673181165731236,7.410097749606661,7.156034436402238,6.910681962014987,6.6737416658003035,6.4449251270206735,6.223953813759358,6.0105587438712424,5.804480157558559,5.605467201172523,5.413277621856352,5.227677472657611,5.0484408277512705,4.8753495074265,4.708192812502719,4.546767267851411,4.390876374711565,4.240330371497301,4.094946002806457,3.954546296348941,3.8189603475233724,3.6880231113796715,3.5615752017145943,3.4394626970553546,3.321536953295317,3.207654422753804,3.0976764794394995,2.991469250304954,2.8889034522867125,2.7898542349326427,2.6942010284250713,2.6018273968145023,2.5126208962854397,2.426472938281665,2.3432786573245123,2.2629367833630374,2.1853495185008622,2.1104224179495206,2.038064275063533,1.9681870103170966,1.9007055640873782,1.8355377931138066,1.772604370507444,1.7118286891885717,1.653136768635062,1.5964571648279804,1.5417208832847733,1.488861295074268,1.4378140557111367,1.3885170268311504,1.3409102005519395
9.770099572992247e+46,42.40330373610167,40.949460048468815,39.54546298319416,38.18960349426273,36.880231132173364,35.61575203489252,34.3946269876916,33.21536954950362,32.076544243521106,30.976764809830065,29.914692517955462,28.889034537261868,27.898542363227683,26.942010297675356,26.018273981109434,25.126208975374208,24.26472939490726,23.43278658492119,22.62936784490616,21.853495195897718,21.104224190010996,20.38064276079058,19.681870112978068,19.00705565034456,18.355377940284164,17.726043713906954,17.118286900415438,16.531367694587885,15.964571656234616,15.417208840529804,14.888612958161362,14.37814056427566,13.885170275230193,13.40910201220087,12.949356270723051,12.50537341527705,12.076612998059554,11.66255310111182,11.262689701003714,10.87653605530016,10.503622110063235,10.143493927668942,9.795713134241561,9.459856386033675,9.135514854101597,8.822293726649605,8.519811728436519,8.227700656660256,7.945604932754809,7.6731811695546215,7.410097753298955,7.15603443996794,6.910681965458435,6.673741669125689,6.444925130232044,6.223953816860624,6.010558746866177,5.804480160450809,5.605467203965609,5.4132776245536744,5.227677475262452,5.048440830266803,4.875349509855785,4.708192814848712,4.54676727011697,4.390876376899446,4.240330373610167,4.094946004846882,3.9545462983194084,3.81896034942628,3.688023113217336,3.5615752034892525,3.4394626987691668,3.321536954950369,3.207654424352111,3.0976764809830066,2.9914692517955404,2.8889034537261926,2.7898542363227685,2.6942010297675347,2.601827398110938,2.512620897537426,2.4264729394907256,2.343278658492119,2.262936784490611,2.185349519589776,2.1104224190011,2.038064276079058,1.9681870112978028,1.90070556503446,1.8355377940284165,1.7726043713906956,1.71182869004154,1.6531367694587853,1.5964571656234614,1.5417208840529804,1.4888612958161362,1.4378140564275692,1.3885170275230192,1.3409102012200869
1.1497569953977404e+47,42.40330376636917,40.94946007769856,39.54546301142173,38.18960352152248,36.880231158498496,35.61575206031507,34.3946270122425,33.21536957321277,32.076544266417365,30.976764831941296,29.914692539308586,28.889034557882876,27.898542383141677,26.942010316906575,26.018273999681295,25.12620899330931,24.264729412227435,23.43278660164752,22.629367861059013,21.853495211496757,21.104224205075205,20.380642775338295,19.681870127026997,19.007055663911807,18.355377953386242,17.726043726559812,17.118286912634478,16.531367706387986,15.964571667630137,15.417208851534616,14.88861296878886,14.378140574538785,13.885170285141434,13.409102021772293,12.949356279966308,12.505373424203391,12.076613006679846,11.662553109436557,11.262689709043027,10.876536063063837,10.503622117560726,10.143493934909372,9.795713141233746,9.459856392786124,9.135514860622532,8.822293732946962,8.519811734517965,8.227700662533193,7.945604938426385,7.6731811750317425,7.410097758588288,7.15603444507592,6.910681970391284,6.673741673889409,6.4449251348324355,6.223953821303286,6.010558751156517,5.80448016459405,5.605467207966795,5.413277628417675,5.2276774789939715,5.048440833870382,4.875349513335811,4.708192818209422,4.5467672733624545,4.3908763800336565,4.240330376636917,4.094946007769857,3.9545463011421655,3.8189603521522564,3.688023115849849,3.561575206031507,3.439462701224257,3.3215369573212836,3.2076544266417364,3.0976764831941295,2.9914692539308523,2.8889034557882933,2.7898542383141676,2.694201031690657,2.601827399968124,2.512620899330936,2.4264729412227433,2.3432786601647524,2.2629367861058967,2.18534952114968,2.11042242050752,2.038064277533829,1.9681870127026957,1.9007055663911845,1.835537795338624,1.7726043726559815,1.711828691263444,1.6531367706387952,1.5964571667630134,1.5417208851534614,1.4888612968788861,1.4378140574538816,1.3885170285141433,1.3409102021772292
1.3530477745797965e+47,42.40330380947292,40.949460119324456,39.54546305162044,38.189603560342924,36.88023119598794,35.615752096519145,34.39462704720528,33.215369606976815,32.07654429902377,30.976764863429754,29.91469256971743,28.889034587249117,27.89854241150107,26.94201034429363,26.018274026129355,25.12620901885057,24.264729436892985,23.43278662546739,22.629367884062187,21.853495233711243,21.104224226528043,20.380642796055596,19.681870147033987,19.00705568323283,18.355377972044828,17.726043744578668,17.118286930035538,16.53136772319243,15.964571683858424,15.417208867206497,14.888612983923414,14.378140589154432,13.88517029925597,13.409102035402897,12.949356293129572,12.505373436915336,12.07661301895595,11.66255312129176,11.26268972049176,10.87653607412004,10.503622128237852,10.143493945220424,9.795713151191272,9.459856402402245,9.135514869908953,8.822293741914988,8.519811743178511,8.227700670896805,7.9456049465032415,7.673181182831675,7.410097766120791,7.1560344523501636,6.910681977416122,6.673741680673392,6.444925141383822,6.223953827630051,6.010558757266363,5.804480170494412,5.6054672136648565,5.413277633920372,5.227677484308003,5.048440839002216,4.875349518291695,4.708192822995389,4.546767277984328,4.390876384497064,4.2403303809472925,4.0949460119324455,3.9545463051620358,3.818960356034301,3.6880231195987934,3.5615752096519144,3.439462704720535,3.321536960697688,3.207654429902377,3.0976764863429755,2.9914692569717367,2.8889034587249176,2.7898542411501066,2.6942010344293625,2.60182740261293,2.5126209018850623,2.4264729436892982,2.343278662546739,2.262936788406214,2.185349523371128,2.110422422652804,2.0380642796055595,1.9681870147033946,1.9007055683232874,1.8355377972044828,1.772604374457867,1.71182869300355,1.6531367723192398,1.596457168385842,1.5417208867206496,1.4888612983923415,1.4378140589154464,1.388517029925597,1.3409102035402896
1.5922827933410873e+47,42.40330389575989,40.94946020265298,39.545463132091946,38.18960363805539,36.88023127103594,35.61575216899405,34.394627117195306,33.21536967456714,32.076544364296694,30.97676492646473,29.91469263059118,28.889034646035743,27.898542468272126,26.942010399118235,26.01827407907424,25.12620906998018,24.26472948626956,23.432786673151032,22.629367930110945,21.853495278181168,21.10422426947327,20.3806428375284,19.681870187084847,19.007055721910508,18.355378009396397,17.726043780649594,17.118286964869736,16.531367756832296,15.964571716344912,15.417208898579153,14.888613014220423,14.378140618412674,13.88517032751106,13.40910206268923,12.949356319480364,12.505373462362664,12.076613043530786,11.662553145024022,11.262689743410336,10.876536096252826,10.503622149611793,10.143493965861536,9.79571317112468,9.459856421652214,9.135514888498916,8.822293759867575,8.519811760515575,8.227700687639446,7.945604962671843,7.673181198445919,7.410097781199683,7.156034466912059,6.9106819914787465,6.673741694253865,6.444925154498674,6.223953840295246,6.010558769497318,5.8044801823060155,5.605467225071486,5.4132776449359135,5.227677494945863,5.048440849275346,4.8753495282126,4.708192832576144,4.546767287236597,4.390876393432109,4.240330389575989,4.094946020265298,3.954546313209187,3.818960363805547,3.6880231271035937,3.5615752168994046,3.4394627117195373,3.3215369674567214,3.2076544364296695,3.097676492646473,2.9914692630591118,2.88890346460358,2.789854246827213,2.694201039911823,2.601827407907418,2.512620906998023,2.4264729486269556,2.3432786673151034,2.2629367930110895,2.185349527818121,2.1104224269473266,2.03806428375284,1.968187018708481,1.9007055721910548,1.8355378009396397,1.7726043780649599,1.7118286964869698,1.6531367756832265,1.596457171634491,1.5417208898579151,1.4888613014220424,1.4378140618412707,1.388517032751106,1.3409102062689229
1.8738174228603868e+47,42.40330401521229,40.94946031800983,39.545463243493664,38.18960374563758,36.88023137492955,35.615752269325554,34.39462721408683,33.21536976813665,32.076544454658055,30.976765013727956,29.914692714862493,28.889034727417723,27.898542546863837,26.94201047501534,26.018274152369127,25.12620914076207,24.26472955462462,23.432786739162466,22.629367993859105,21.85349533974365,21.104224328925014,20.380642894941772,19.681870242529744,19.007055775454415,18.35537806110449,17.72604383058482,17.118287013092875,16.53136780340206,15.964571761317975,15.417208942010264,14.888613056162454,14.378140658916676,13.885170366626339,13.409102100463398,12.949356355959402,12.50537349759098,12.07661307755126,11.662553177878067,11.262689775137945,10.876536126892617,10.503622179201066,10.143493994436309,9.795713198719735,9.459856448301142,9.135514914234157,8.822293784720454,8.519811784516346,8.227700710817325,7.945604985055043,7.673181220061686,7.41009780207433,7.156034487070997,6.910682010946513,6.673741713054158,6.4449251726543775,6.223953857828461,6.010558786429387,5.804480198657551,5.605467240862391,5.413277660185409,5.227677509672515,5.0484408634970785,4.875349541946723,4.7081928458393785,4.546767300045087,4.390876405801445,4.24033040152123,4.094946031800983,3.9545463243493586,3.8189603745637655,3.6880231374929546,3.561575226932555,3.43946272140869,3.3215369768136713,3.207654445465806,3.0976765013727956,2.9914692714862428,2.8889034727417777,2.7898542546863836,2.6942010475015334,2.601827415236907,2.512620914076212,2.4264729554624616,2.3432786739162466,2.2629367993859053,2.185349533974369,2.110422432892501,2.0380642894941774,1.9681870242529704,1.9007055775454456,1.835537806110449,1.7726043830584823,1.711828701309284,1.6531367803402024,1.5964571761317974,1.5417208942010263,1.4888613056162454,1.437814065891671,1.3885170366626338,1.3409102100463397
2.205130739903059e+47,42.40330421938378,40.94946051518107,39.54546343390467,38.18960392952013,36.880231552507496,35.61575244081504,34.394627379696615,33.21536992806831,32.07654460910629,30.976765162880767,29.914692858901436,28.889034866518134,27.898542681195035,26.942010604740847,26.018274277646853,25.126209261744517,24.264729671459047,23.432786851991096,22.629368102819285,21.853495444968008,21.104224430541638,20.380642993074364,19.681870337297752,19.007055866973197,18.35537814948545,17.726043915935545,17.118287095517257,16.531367883000428,15.964571838187227,15.417209016243971,14.888613127850974,14.378140728147278,13.885170433483294,13.40910216502809,12.949356418310423,12.505373557804228,12.076613135700029,11.662553234033142,11.262689829367682,10.876536179263029,10.503622229775901,10.14349404327713,9.795713245885995,9.459856493850257,9.13551495822157,8.82229382719971,8.519811825539154,8.227700750433621,7.9456050233130515,7.673181257007976,7.410097837753876,7.15603452152723,6.910682044221376,6.673741745188157,6.444925203686627,6.223953887796736,6.010558815370167,5.804480226606064,5.605467267852659,5.413277686250287,5.227677534843728,5.04844088780527,4.875349565421482,4.708192868509279,4.546767321937725,4.390876426943471,4.240330421938378,4.094946051518107,3.9545463433904593,3.818960392952021,3.688023155250749,3.5615752440815034,3.4394627379696683,3.321536992806838,3.20765446091063,3.0976765162880766,2.9914692858901373,2.8889034866518193,2.7898542681195035,2.6942010604740845,2.6018274277646802,2.5126209261744568,2.426472967145904,2.3432786851991096,2.262936810281923,2.1853495444968054,2.1104224430541643,2.0380642993074365,1.968187033729771,1.9007055866973235,1.835537814948545,1.7726043915935548,1.7118287095517217,1.6531367883000394,1.5964571838187225,1.541720901624397,1.4888613127850974,1.437814072814731,1.3885170433483294,1.340910216502809
2.5950242113997214e+47,42.403304568632905,40.94946085245581,39.54546375961557,38.18960424406368,36.880231856266576,35.61575273415941,34.39462766298335,33.21537020164225,32.076544873300456,30.976765418016736,29.91469310528979,28.88903510445879,27.898542910977643,26.942010826645102,26.01827449194288,25.12620946869317,24.264729871312237,23.432787044992104,22.629368289203036,21.853495624961393,21.104224604363754,20.380643160936796,19.681870499404834,19.007056023522264,18.35537830066706,17.726044061933727,17.118287236509733,16.53136801915882,15.964571969677282,15.417209143225744,14.888613250479038,14.378140846570906,13.885170547846638,13.40910227547036,12.94935652496606,12.505373660803059,12.076613235167434,11.662553330090198,11.262689922131315,10.876536268846161,10.503622316287577,10.143494126822658,9.795713326567075,9.459856571765096,9.135515033465014,8.82229389986335,8.519811895711442,8.227700818199976,7.945605088755961,7.673181320207105,7.410097898786153,7.156034580466949,6.910682101140282,6.673741800155535,6.444925256769389,6.223953939059498,6.010558864875328,5.804480274413887,5.605467314021339,5.413277730836023,5.227677577900794,5.048440929386077,4.875349605576645,4.708192907287678,4.546767359386565,4.390876463108335,4.2403304568632905,4.0949460852455815,3.95454637596155,3.818960424406376,3.688023185626657,3.5615752734159405,3.439462766298342,3.3215370201642322,3.2076544873300454,3.0976765418016736,2.9914693105289727,2.888903510445885,2.789854291097764,2.69420108266451,2.6018274491942823,2.5126209468693217,2.426472987131224,2.3432787044992103,2.262936828920299,2.1853495624961434,2.1104224604363755,2.0380643160936796,1.9681870499404797,1.9007056023522302,1.835537830066706,1.772604406193373,1.7118287236509695,1.6531368019158788,1.596457196967728,1.5417209143225743,1.488861325047904,1.437814084657094,1.3885170547846637,1.3409102275470361
3.0538555088334122e+47,42.40330508489289,40.94946135101526,39.54546424108137,38.18960470902189,36.88023230528319,35.615753167780994,34.39462808173775,33.215370606039194,32.07654526383221,30.97676579515868,29.91469346950101,28.889035456182633,27.89854325064224,26.942011154663934,26.018274808715223,25.126209774604625,24.264730166735188,23.43278733028615,22.62936856471547,21.853495891027578,21.10422486130757,20.380643409071013,19.681870739031496,19.00705625493306,18.355378524143685,17.726044277748212,17.118287444924782,16.531368220428135,15.964572164045855,15.417209330930177,14.888613431747821,14.378141021624689,13.88517071689851,13.409102438726105,12.949356682624403,12.505373813055913,12.076613382200133,11.662553472081719,11.262690059254503,10.876536401267927,10.50362244416912,10.143494250319641,9.795713445829827,9.459856686938796,9.135515144689856,8.822294007274728,8.519811999440103,8.227700918372186,7.945605185493658,7.673181413628043,7.410097989004052,7.156034667591629,6.910682185277797,6.673741881408304,6.444925335236318,6.223954014836101,6.010558938053848,5.804480345083402,5.605467382267872,5.413277796742648,5.227677641547738,5.048440990850816,4.875349664933999,4.708192964609901,4.546767414743432,4.390876516567231,4.24033050848929,4.094946135101527,3.9545464241081296,3.818960470902198,3.688023230528318,3.5615753167780992,3.4394628081737815,3.3215370606039265,3.2076545263832204,3.097676579515868,2.9914693469500944,2.888903545618269,2.7898543250642245,2.694201115466393,2.601827480871517,2.5126209774604678,2.4264730166735187,2.343278733028615,2.2629368564715415,2.185349589102762,2.110422486130757,2.038064340907101,1.9681870739031455,1.9007056254933101,1.8355378524143688,1.7726044277748216,1.7118287444924745,1.65313682204281,1.5964572164045852,1.5417209330930177,1.4888613431747821,1.4378141021624722,1.388517071689851,1.3409102438726104
3.5938136638046404e+47,42.40330574659403,40.94946199002924,39.54546485818606,38.189605304968474,36.88023288079709,35.61575372356277,34.39462861846393,33.215371124363145,32.076545764384846,30.976766278549327,29.914693936318077,28.889035906994366,27.8985436859974,26.94201157509247,26.018275214728902,25.12621016669768,24.264730545384904,23.43278769595345,22.629368917845458,21.853496232050123,21.104225190637784,20.380643727109778,19.681871046165956,19.00705655153708,18.35537881057831,17.726044554362115,17.11828771205467,16.53136847839918,15.964572413172085,15.417209571514842,14.888613664083778,14.378141245994753,13.8851709335758,13.409102647974375,12.949356884698366,12.50537400820155,12.076613570654988,11.662553654075193,11.262690235008131,10.876536570995652,10.503622608077542,10.143494408608285,9.795713598691371,9.459856834559314,9.135515287249044,8.822294144946119,8.519812132391278,8.227701046764984,7.945605309484369,7.673181533367598,7.410098104638205,7.156034779261138,6.910682293118595,6.673741985551661,6.444925435809006,6.223954111960546,6.010559031848275,5.804480435661983,5.605467469740867,5.413277881216536,5.227677723125347,5.048441069631447,4.875349741013549,4.708193038080981,4.546767485695475,4.390876585086606,4.240330574659403,4.0949461990029254,3.9545464858185984,3.8189605304968555,3.6880232880797084,3.561575372356277,3.4394628618464007,3.321537112436321,3.2076545764384847,3.0976766278549324,2.9914693936318013,2.8889035906994427,2.7898543685997406,2.694201157509246,2.601827521472885,2.5126210166697733,2.42647305453849,2.343278769595345,2.262936891784541,2.1853496232050165,2.1104225190637784,2.038064372710978,1.9681871046165915,1.9007056551537118,1.8355378810578313,1.7726044554362115,1.7118287712054634,1.6531368478399149,1.5964572413172082,1.541720957151484,1.4888613664083776,1.4378141245994784,1.38851709335758,1.3409102647974376
4.229242874389534e+47,42.40330659882525,40.94946281304079,39.54546565297976,38.1896060725118,36.88023362202434,35.61575443937624,34.39462930973496,33.21537179193318,32.076546409066516,30.976766901127377,29.91469453755036,28.88903648761274,27.89854424670864,26.942012116579107,26.01827573765008,25.126210671689936,24.264731033062944,23.43278816691091,22.629369372655635,21.85349667126663,21.104225614795272,20.380644136724563,19.68187144173665,19.0070569335452,18.355379179488864,17.726044910624164,17.118288056101886,16.531368810650363,15.96457273403167,15.417209881373404,14.8886139633185,14.378141534969885,13.885171212643105,13.409102917473554,12.949357144957471,12.505374259537383,12.076613813373498,11.662553888471834,11.262690461368226,10.876536789594743,10.503622819181725,10.143494612474528,9.795713795567838,9.459857024685656,9.135515470856696,8.82229432225858,8.51981230362439,8.227701212127181,7.945605469176941,7.673181687584934,7.410098253568033,7.156034923084743,6.9106824320110505,6.6737421196820375,6.444925565340575,6.223954237050982,6.010559152649849,5.804480552321744,5.605467582400819,5.413277990013819,5.2276778281923955,5.048441171096156,4.875349838999431,4.708193132707309,4.5467675770774365,4.390876673335437,4.240330659882526,4.094946281304079,3.954546565297968,3.8189606072511877,3.688023362202434,3.561575443937624,3.439462930973503,3.3215371791933253,3.2076546409066515,3.0976766901127375,2.9914694537550295,2.88890364876128,2.7898544246708643,2.69420121165791,2.6018275737650027,2.5126210671689986,2.4264731033062943,2.3432788166910914,2.2629369372655583,2.1853496671266677,2.110422561479527,2.038064413672456,1.968187144173661,1.900705693354524,1.8355379179488867,1.7726044910624164,1.7118288056101851,1.6531368810650329,1.5964572734031668,1.5417209881373404,1.48886139633185,1.4378141534969917,1.3885171212643102,1.3409102917473552
4.977023564332094e+47,42.403307879779575,40.949464050076195,39.54546684760205,38.189607226175156,36.88023473613309,35.615755515286544,34.39463034875651,33.21537279533074,32.076547378061484,30.976767836899295,29.91469544123831,28.889037360316763,27.898545089491048,26.942012930465797,26.018276523631776,25.126211430723387,24.264731766072103,23.432788874788052,22.629370056262427,21.853497331435218,21.10422625232926,20.3806447524,19.681872036302977,19.00705750772617,18.355379733983412,17.726045446107257,17.11828857322536,16.53136931004369,15.964573216302751,15.417210347109293,14.888614413086122,14.378141969316733,13.885171632097896,13.409103322546876,12.949357536142411,12.505374637310123,12.076614178193884,11.662554240783953,11.26269080160094,10.876537118162204,10.503623136483892,10.143494918897643,9.7957140914849,9.459857310456877,9.13551574682994,8.822294588769779,8.519812560997957,8.227701460676416,7.945605709204394,7.673181919382784,7.410098477418438,7.156035139260193,6.910682640774688,6.6737423212879845,6.444925760034242,6.223954425069364,6.010559334221814,5.804480727668315,5.605467751735442,5.4132781535426195,5.227677986114432,5.048441323603663,4.87534998627805,4.70819327493632,4.546767714429969,4.390876805978689,4.240330787977958,4.09494640500762,3.954546684760197,3.8189607226175233,3.688023473613309,3.5615755515286547,3.439463034875657,3.3215372795330804,3.207654737806149,3.0976767836899293,2.991469544123825,2.8889037360316823,2.789854508949105,2.6942012930465795,2.601827652363172,2.5126211430723435,2.42647317660721,2.343278887478805,2.262937005626238,2.1853497331435263,2.1104226252329257,2.0380644752399997,1.9681872036302939,1.900705750772621,1.8355379733983412,1.7726045446107264,1.7118288573225322,1.6531369310043658,1.5964573216302747,1.5417210347109291,1.4888614413086123,1.4378141969316767,1.3885171632097895,1.3409103322546876
5.8570208180566735e+47,42.4033098972671,40.94946599839194,39.54546872911765,38.18960904318094,36.88023649084084,35.615757209832225,34.39463198520283,33.215374375669704,32.07654890421681,30.976769310728706,29.91469686453587,28.889038734815006,27.898546416863116,26.94201421232746,26.018277761543406,25.12621262619186,24.264732920552635,23.432789989685954,22.629371132934835,21.853498371192735,21.104227256437547,20.380645722081336,19.681872972737732,19.00705841205423,18.355380607305595,17.726046289486636,17.118289387688552,16.53137009658212,15.964573975873849,15.417211080637665,14.888615121464673,14.378142653407748,13.885172292734099,13.409103960532446,12.949358152253948,12.5053752322976,12.076614752781564,11.662554795671266,11.262691337463332,10.87653763565197,10.503623636230953,10.143495401510329,9.795714557550683,9.459857760543086,9.135516181484448,8.822295008521682,8.51981296635821,8.227701852138447,7.94560608724472,7.673182284461583,7.410098829980112,7.1560354797339025,6.910682969574884,6.673742638814907,6.444926066674406,6.2239547211960335,6.010559620195457,5.804481003837038,5.605468018435419,5.413278411098495,5.227678234839723,5.048441563801134,4.875350218240088,4.708193498945286,4.546767930758543,4.3908770148902,4.24033098972671,4.0949465998391945,3.9545468729117577,3.8189609043181023,3.688023649084084,3.5615757209832224,3.4394631985202895,3.3215374375669775,3.2076548904216806,3.097676931072871,2.9914696864535806,2.8889038734815062,2.7898546416863117,2.6942014212327456,2.6018277761543356,2.5126212626191915,2.426473292055263,2.343278998968595,2.2629371132934786,2.185349837119278,2.1104227256437547,2.0380645722081336,1.968187297273769,1.9007058412054274,1.8355380607305598,1.7726046289486639,1.7118289387688514,1.6531370096582088,1.5964573975873846,1.5417211080637663,1.4888615121464672,1.437814265340778,1.38851722927341,1.3409103960532447
6.892612104349737e+47,42.40331269229466,40.949468697588934,39.545471335769726,38.18961156046109,36.88023892181329,35.61575955745612,34.39463425233586,33.2153765650716,32.076551018552664,30.976771352572246,29.91469883637257,28.889040639045124,27.89854825580462,26.942015988218838,26.018279476546407,25.12621428239411,24.264734519970172,23.43279153426571,22.629372624556986,21.853499811672986,21.104228647529354,20.38064706547804,19.68187427007461,19.007059664910493,18.355381817206307,17.72604745790458,17.118290516046006,16.531371186252603,15.964575028183788,15.417212096868006,14.888616102852442,14.378143601147563,13.88517320797962,13.409104844397772,12.949359005814982,12.50537605659336,12.076615548815443,11.66255556441225,11.262692079847191,10.876538352582386,10.503624328580624,10.143496070122035,9.795715203238306,9.4598583840926,9.135516783654884,8.822295590046046,8.519813527944372,8.227702394470013,7.945606610981856,7.6731827902418175,7.4100993184191175,7.156035951426243,6.910683425094736,6.673743078716761,6.444926491493744,6.2239551314499755,6.010560016383395,5.804481386441238,5.605468387921614,5.413278767916452,5.227678579423785,5.048441896570755,4.875350539600339,4.708193809287348,4.546768230460188,4.390877304316246,4.2403312692294675,4.0949468697588935,3.954547133576965,3.818961156046117,3.688023892181328,3.5615759557456115,3.4394634252335936,3.321537656507167,3.2076551018552664,3.0976771352572245,2.9914698836372504,2.8889040639045183,2.7898548255804623,2.6942015988218833,2.6018279476546353,2.5126214282394157,2.426473451997017,2.343279153426571,2.2629372624556936,2.185349981167303,2.1104228647529353,2.038064706547804,1.9681874270074566,1.9007059664910533,1.8355381817206309,1.772604745790458,1.7118290516045966,1.653137118625257,1.5964575028183785,1.5417212096868003,1.4888616102852443,1.4378143601147595,1.388517320797962,1.340910484439777
8.111308307896823e+47,42.40331651025295,40.94947238464434,39.5454748964104,38.189614999021295,36.880242242478694,35.61576276426888,34.39463734919954,33.215379555755916,32.07655390669809,30.976774141694445,29.914701529866658,28.88904324018982,27.898550767766228,26.94201841405509,26.018281819210205,25.126216544737115,24.264736704746273,23.43279364413437,22.62937466208649,21.85350177934356,21.10423054773619,20.380648900534204,19.68187604221386,19.00706137629001,18.355383469909306,17.726049053942848,17.118292057362353,16.531372674723233,15.964576465620572,15.417213485020696,14.8886174434108,14.37814489574341,13.88517445818883,13.40910605174219,12.949360171764276,12.505377182566805,12.076616636183656,11.662556614498856,11.262693093930428,10.876539331896666,10.503625274318043,10.14349698343381,9.795716085236187,9.45985923585022,9.135517606209062,8.822296384398053,8.51981429506115,8.227703135285353,7.945607326397531,7.6731834811286825,7.41009998561817,7.1560365957496455,6.910684047326805,6.673743679614923,6.444927071789455,6.223955691849612,6.010560557569116,5.804481909071815,5.60546889263323,5.413279255323477,5.227679050119527,5.048442351128179,4.875350978572763,4.708194233209122,4.54676863984734,4.3908776996671115,4.240331651025295,4.094947238464434,3.954547489641032,3.8189614999021377,3.688024224247869,3.5615762764268877,3.4394637349199604,3.3215379555755984,3.207655390669809,3.0976774141694445,2.9914701529866594,2.8889043240189882,2.7898550767766226,2.6942018414055084,2.6018281819210154,2.5126216544737168,2.426473670474627,2.343279364413437,2.2629374662086437,2.1853501779343603,2.110423054773619,2.03806489005342,1.9681876042213822,1.9007061376290053,1.8355383469909308,1.7726049053942847,1.7118292057362317,1.65313726747232,1.596457646562057,1.5417213485020695,1.4888617443410799,1.437814489574344,1.388517445818883,1.340910605174219
9.545484566618327e+47,42.40332176887461,40.949477462968396,39.54547980061856,38.18961973508331,36.88024681615964,35.615767181136164,34.3946416146297,33.21538367494113,32.07655788465253,30.976777983260362,29.914705239720284,28.889046822847053,27.898554227588132,26.94202175525322,26.0182850458517,25.12621966074967,24.264739713922925,23.432796550138107,22.629377468454706,21.85350448949237,21.104233164964583,20.380651428028056,19.68187848304982,19.00706373343924,18.35538574624109,17.726051252228103,17.118294180276994,16.53137472485142,15.964578445457871,15.417215396977108,14.88861928981369,14.378146678840357,13.885176180150346,13.409107714664373,12.94936177767135,12.505378733413597,12.076618133857966,11.662558060823763,11.262694490666503,10.876540680744117,10.503626576918782,10.143498241373457,9.795717300045995,9.459860409008943,9.135518739144755,8.822297478489805,8.519815351640771,8.227704155638984,7.94560831176722,7.673184432713894,7.41010090457724,7.156037483201199,6.91068490435111,6.673744507255211,6.444927871053189,6.223956463709715,6.010561302965151,5.80448262891113,5.605469587792066,5.413279926648031,5.227679698426984,5.0484429772077055,4.875351583186467,4.708194817092984,4.546769203712104,4.390878244199155,4.240332176887462,4.09494774629684,3.9545479800618484,3.8189619735083395,3.688024681615964,3.561576718113616,3.439464161462977,3.32153836749412,3.207655788465253,3.0976777983260364,2.9914705239720223,2.888904682284711,2.7898554227588135,2.694202175525321,2.6018285045851646,2.5126219660749722,2.4264739713922925,2.343279655013811,2.262937746845466,2.1853504489492415,2.1104233164964583,2.0380651428028056,1.968187848304978,1.900706373343928,1.8355385746241093,1.7726051252228106,1.7118294180276958,1.6531374724851389,1.5964578445457869,1.5417215396977106,1.4888619289813692,1.437814667884039,1.3885176180150345,1.340910771466437
1.1233240329780311e+48,42.40332890337713,40.94948435285669,39.54548645427949,38.18962616061619,36.880253021386096,35.61577317360963,34.394647401644654,33.215389263541944,32.076563281642045,30.97678319520819,29.91471027297077,28.889051683527036,27.898558921614384,26.94202628833964,26.01828942351629,25.12622388832124,24.264743796547577,23.432800492785503,22.629381275924118,21.853508166418525,21.1042367158233,20.380654857141693,19.68188179459254,19.007066931442093,18.35538883459692,17.72605423469627,17.118297060487976,16.531377506311216,15.964581131552272,15.417217990975821,14.888621794874318,14.37814909801224,13.885178516378271,13.409109970792164,12.949363956445332,12.505380837485928,12.076620165789874,11.662560023088663,11.262696385653001,10.876542510758929,10.503628344189533,10.143499948051396,9.795718948208613,9.4598620006625,9.135520276226726,8.82229896287124,8.519816785128562,8.227705539978079,7.945609648642733,7.673185723753166,7.410102151351818,7.156038687228745,6.910686067097253,6.673745630135331,6.4449289554341345,6.223957510911473,6.010562314262449,5.804483605534994,5.605470530931312,5.413280837450716,5.227680578001801,5.048443826625337,4.875352403480886,4.7081956092627095,4.546769968721424,4.390878982979293,4.240332890337713,4.094948435285669,3.9545486454279413,3.8189626160616275,3.6880253021386094,3.5615773173609635,3.439464740164472,3.3215389263542012,3.2076563281642048,3.097678319520819,2.991471027297071,2.88890516835271,2.7898558921614383,2.6942026288339633,2.6018289423516237,2.512622388832129,2.426474379654757,2.34328004927855,2.262938127592407,2.185350816641857,2.11042367158233,2.0380654857141693,1.9681881794592504,1.9007066931442136,1.8355388834596922,1.7726054234696271,1.7118297060487937,1.6531377506311182,1.596458113155227,1.5417217990975818,1.488862179487432,1.4378149098012272,1.3885178516378271,1.3409109970792163
1.3219411484660395e+48,42.403338459097206,40.94949358094844,39.54549536597601,38.189634766765444,36.8802613324641,35.615781199733235,34.394655152583816,33.21539674873168,32.076570510193854,30.976790175921185,29.914717014342376,28.88905819376334,27.898565208640107,26.9420323598078,26.01829528681752,25.126229550592765,24.264749264681928,23.432805773438883,22.629386375524515,21.85351309117354,21.104241471727697,20.380659449984705,19.681886229964903,19.007071214742858,18.355392971040025,17.726058229316898,17.118300918148663,16.531381231707783,15.964584729219538,15.417221465293126,14.888625150070853,14.378152338172185,13.885181645445789,13.409112992576176,12.94936687462417,12.505383655611812,12.076622887293228,11.662562651282292,11.262698923736135,10.876544961821104,10.50363071121436,10.143502233920184,9.795721155703887,9.459864132471385,9.13552233494421,8.822300951003339,8.519818705095377,8.227707394116727,7.945611439210209,7.673187452929077,7.410103821241039,7.156040299863986,6.910687624441531,6.673747134084354,6.444930407818619,6.2239589134993665,6.010563668761081,5.804484913593157,5.605471794141268,5.413282057350137,5.2276817560756355,5.0484449643076195,4.875353502156486,4.708196670269014,4.546770993349966,4.3908799724773235,4.2403338459097215,4.094949358094844,3.9545495365975936,3.818963476676553,3.6880261332464093,3.561578119973323,3.4394655152583886,3.3215396748731747,3.2076570510193854,3.0976790175921183,2.9914717014342314,2.8889058193763395,2.7898565208640105,2.6942032359807797,2.6018295286817468,2.512622955059282,2.4264749264681926,2.3432805773438883,2.2629386375524465,2.185351309117358,2.11042414717277,2.03806594499847,1.9681886229964862,1.9007071214742899,1.8355392971040028,1.77260582293169,1.7118300918148626,1.653138123170775,1.5964584729219535,1.5417221465293125,1.4888625150070853,1.4378152338172219,1.3885181645445788,1.3409112992576175
1.555676143930466e+48,42.40335198805239,40.94950664604859,39.5455079831249,38.18964695132157,36.88027309925938,35.615792563091055,34.39466612633648,33.215407346237214,32.07658074435231,30.976800059190314,29.91472655875281,28.889067410933215,27.898574109789216,26.942040955771276,26.018303588058973,25.12623756721707,24.264757006447493,23.432813249769538,22.62939359552099,21.853520063624533,21.104248205120577,20.380665952515837,19.681892509549638,19.007077279025154,18.355398827401764,17.726063884886862,17.11830637981122,16.53138650611126,15.964589822784319,15.417226384219465,14.888629900346414,14.37815692557935,13.88518607556868,13.409117270807453,12.949371006171605,12.505387645504618,12.07662674038819,11.662566372269676,11.262702517145394,10.876548432026395,10.503634062439861,10.143505470245252,9.795724281068006,9.459867150678972,9.135525249669247,8.822303765793837,8.519821423377701,8.227710019199767,7.945613974289403,7.673189901090306,7.410106185464381,7.156042583027341,6.910689829324132,6.673749263370142,6.444932464099512,6.223960899278417,6.010565586455524,5.804486765537347,5.605473582589525,5.4132837844794865,5.227683423988465,5.048446575034231,4.875355057657573,4.708198172438044,4.5467724440154855,4.390881373405188,4.24033519880524,4.094950664604859,3.954550798312482,3.8189646951321654,3.6880273099259377,3.5615792563091055,3.439466612633655,3.3215407346237282,3.207658074435231,3.0976800059190315,2.991472655875275,2.888906741093327,2.789857410978922,2.694204095577127,2.601830358805892,2.5126237567217125,2.426475700644749,2.3432813249769535,2.262939359552094,2.1853520063624576,2.1104248205120575,2.0380665952515837,1.9681892509549594,1.9007077279025195,1.8355398827401768,1.7726063884886867,1.7118306379811183,1.6531386506111228,1.5964589822784316,1.5417226384219462,1.4888629900346417,1.4378156925579384,1.3885186075568676,1.3409117270807451
1.8307382802953696e+48,42.40337189181487,40.94952586738878,39.545526545440396,38.18966487720777,36.880290410536944,35.615809280832515,34.39468227089188,33.21542293725886,32.07659580081871,30.976814599429275,29.91474060046376,28.88908097120873,27.89858720513585,26.94205360212961,26.01831580082307,25.126249361253183,24.264768396112164,23.432824248927087,22.62940421756038,21.853530321475677,21.104258111270063,20.380675519022144,19.681901748057804,19.007086200780954,18.355407443265403,17.72607220534618,17.118314414994483,16.53139426579947,15.964597316423124,15.417233620930658,14.888636888939043,14.378163674560431,13.885192593153555,13.409123564929796,12.949377084493072,12.505393515424181,12.076632409051138,11.662571846576308,11.26270780375943,10.87655353738308,10.503638992753803,10.143510231517984,9.795728879095291,9.459871591057858,9.135529537804882,8.822307906906047,8.519825422507346,8.227713881214875,7.945617703891094,7.67319350281852,7.4101096637034,7.156045942011129,6.910693073141482,6.673752395969664,6.444935489294431,6.223963820751217,6.010568407762429,5.804489490112657,5.605476213749788,5.413286325427539,5.227685877817332,5.04844894473089,4.875357346106587,4.708200382425078,4.546774578230695,4.390883434446493,4.240337189181488,4.094952586738878,3.954552654544033,3.818966487720785,3.688029041053694,3.5615809280832518,3.4394682270891943,3.321542293725892,3.2076595800818706,3.097681459942928,2.99147406004637,2.8889080971208787,2.789858720513585,2.6942053602129605,2.601831580082302,2.5126249361253232,2.4264768396112157,2.3432824248927084,2.262940421756033,2.185353032147572,2.1104258111270062,2.038067551902214,1.9681901748057762,1.9007086200780994,1.8355407443265404,1.7726072205346186,1.7118314414994447,1.6531394265799437,1.5964597316423121,1.5417233620930657,1.4888636888939046,1.4378163674560465,1.3885192593153552,1.3409123564929797
2.1544346900318954e+48,42.40339967108912,40.9495526942202,39.545552452484536,38.18968989600054,36.88031457153301,35.615832613442386,34.39470480351767,33.21544469732891,32.07661681482094,30.97683489294344,29.914760198192578,28.88909989700796,27.89860548204333,26.942071252393312,26.01833284592816,25.126265821948184,24.264784292434218,23.432839600226337,22.629419042523534,21.853544638148737,21.104271937080313,20.380688870799357,19.681914642054714,19.00709865269307,18.35541946825008,17.726083818041097,17.118325629535438,16.531405095837613,15.964607775141554,15.417243721060478,14.888646642774855,14.378173093975306,13.885201689613476,13.409132349507633,12.949385567882041,12.505401707950872,12.076640320688082,11.66257948695412,11.262715182178525,10.876560662824998,10.503645873892147,10.143516876728965,9.795735296467939,9.45987778840386,9.135535522668091,8.822313686571672,8.519831004010808,8.227719271350379,7.945622909219902,7.673198529676932,7.410114518210468,7.156050630076107,6.910697600471021,6.673756768074753,6.444939711497112,6.223967898191056,6.01057234540278,5.804493292746698,5.605479886006358,5.413289871776773,5.227689302576099,5.048452252068054,4.875360540048076,4.708203466858786,4.546777556911218,4.390886310999694,4.240339967108912,4.09495526942202,3.954555245248446,3.818968989600062,3.6880314571533006,3.561583261344239,3.439470480351774,3.3215444697328977,3.207661681482094,3.0976834892943437,2.991476019819251,2.8889099897008017,2.7898605482043335,2.6942071252393305,2.6018332845928107,2.512626582194823,2.4264784292434216,2.343283960022634,2.262941904252348,2.185354463814878,2.1104271937080314,2.0380688870799357,1.9681914642054679,1.900709865269311,1.835541946825008,1.77260838180411,1.7118325629535402,1.653140509583758,1.5964607775141553,1.5417243721060474,1.4888646642774856,1.437817309397534,1.3885201689613476,1.3409132349507633
2.535364493970096e+48,42.40343701001516,40.94958875294029,39.54558727489193,38.189723524483576,36.880347047026696,35.61586397547822,34.39473509027177,33.21547394566849,32.076645060349186,30.976862170042825,29.914786540066746,28.88912533572214,27.898630048563348,26.942094976623295,26.01835575674695,25.126287947244467,24.264805659140496,23.432860234351704,22.629438969185323,21.853563881603115,21.104290520751796,20.380706817309314,19.681931973248933,19.00711538966832,18.355435631379812,17.726099427000232,17.118340703324325,16.531419652805145,15.964621833007518,15.417257296937118,14.888659753187705,14.378185754883297,13.885213916428379,13.4091441571128,12.94939697065054,12.50541271976297,12.076650954948148,11.662589756606938,11.262725099725053,10.876570240337589,10.503655123029231,10.143525808749262,9.79574392224414,9.45988611843588,9.135543567095846,8.822321455187415,8.519838506271055,8.227726516387422,7.945629905852919,7.673205286422726,7.410121043293837,7.156056931439849,6.9107036857856095,6.6737626447476694,6.444945386681863,6.223973378795885,6.010577638099074,5.804498403977105,5.6054848219926345,5.413294638527357,5.227693905893422,5.048456697555603,4.875364833117218,4.708207612735353,4.546781560641868,4.390890177458054,4.240343701001517,4.094958875294029,3.954558727489186,3.8189723524483656,3.688034704702669,3.561586397547822,3.439473509027184,3.3215473945668563,3.2076645060349183,3.0976862170042825,2.9914786540066687,2.8889125335722197,2.789863004856335,2.694209497662329,2.6018355756746896,2.5126287947244523,2.4264805659140496,2.3432860234351702,2.2629438969185274,2.185356388160316,2.110429052075179,2.0380706817309315,1.9681931973248894,1.900711538966836,1.8355435631379815,1.7726099427000235,1.7118340703324286,1.653141965280511,1.5964621833007517,1.5417257296937115,1.4888659753187703,1.437818575488333,1.3885213916428376,1.34091441571128
2.983647240283334e+48,42.40348753218178,40.94963754289912,39.54563439203361,38.18976902616247,36.88039098863072,35.61590641049625,34.39477607035875,33.21551352070833,32.07668327851545,30.976899077857432,29.91482218245653,28.889159756073568,27.89866328877535,26.94212707715824,26.01838675667991,25.126317884310794,24.264834569781733,23.432888153759954,22.6294659313461,21.85358991933669,21.10431566575317,20.380731100186793,19.681955423561377,19.00713803596113,18.35545750121968,17.7261205470087,17.118361099210183,16.53143934939573,15.964640854278931,15.417275666043418,14.888677492489085,14.378202885973312,13.88523046016022,13.409160133624685,12.949412399390225,12.505427619511424,12.076665343842416,11.662603652162213,11.262738518856006,10.876583199378945,10.50366763775567,10.143537894394603,9.795755593519903,9.459897389549177,9.135554451766685,8.822331966665397,8.519848657351508,8.227736319426969,7.945639372784524,7.673214428770216,7.410129872185935,7.156065457623719,6.9107119196399305,6.673770596295281,6.44495306560196,6.223980794435802,6.010584799485657,5.804505319827711,5.605491500725732,5.413301088272778,5.2277001345022605,5.048462712609769,4.875370641938668,4.708213222395,4.546786977968193,4.390895409045417,4.2403487532181785,4.094963754289912,3.9545634392033535,3.818976902616255,3.688039098863072,3.5615906410496248,3.439477607035882,3.3215513520708395,3.207668327851546,3.097689907785743,2.9914822182456464,2.888915975607363,2.789866328877535,2.6942127077158236,2.6018386756679854,2.5126317884310843,2.426483456978173,2.3432888153759954,2.262946593134605,2.1853589919336733,2.110431566575317,2.0380731100186793,1.9681955423561337,1.900713803596117,1.8355457501219683,1.7726120547008704,1.7118361099210144,1.6531439349395696,1.5964640854278929,1.5417275666043415,1.4888677492489086,1.4378202885973346,1.3885230460160218,1.3409160133624682
3.5111917342151417e+48,42.40355535788752,40.94970304312629,39.545697646513794,38.18983011189356,36.88044997997065,35.61596337925351,34.3948310858798,33.215566649962014,32.076734586174524,30.976948626377236,29.914870032151086,28.88920596518897,27.898707913560642,26.942170171933917,26.01842837390403,25.126358074642827,24.264873382144234,23.43292563539812,22.629502127885267,21.85362487483789,21.104349422766745,20.380763699804202,19.68198690546522,19.007168438473435,18.35548686134857,17.72614890049343,17.11838848056465,16.53146579195048,15.96466639022175,15.417300326458482,14.888701307394824,14.378225884358937,13.885252670021016,13.40918158199609,12.949433112380738,12.505447622334383,12.076684660846691,11.662622306861852,11.262756533958846,10.876600596814264,10.503684438700873,10.143554119301008,9.79577126213763,9.459912520951193,9.135569064372017,8.82234607826156,8.519862285116147,8.22774947994878,7.945652082083439,7.673226702316905,7.41014172492064,7.156076903974438,6.910722973539985,6.673781271200272,6.444963374506147,6.223990749887923,6.010594413604205,5.804514604315679,5.605500466884866,5.4133097470173315,5.227708496372278,5.04847078778392,4.8753784402466325,4.70822075332944,4.546794250696301,4.39090243242008,4.240355535788753,4.094970304312629,3.9545697646513718,3.818983011189364,3.688044997997064,3.5615963379253506,3.4394831085879876,3.3215566649962085,3.207673458617452,3.097694862637723,2.9914870032151026,2.888920596518903,2.7898707913560643,2.6942170171933912,2.6018428373903975,2.5126358074642874,2.426487338214423,2.343292563539812,2.262950212788522,2.1853624874837934,2.1104349422766746,2.0380763699804203,1.9681986905465179,1.9007168438473474,1.835548686134857,1.7726148900493433,1.711838848056461,1.653146579195045,1.5964666390221747,1.541730032645848,1.4888701307394825,1.4378225884358968,1.3885252670021013,1.340918158199609
4.132012400115368e+48,42.40364999375118,40.94979443429577,39.54578590423698,38.189915343604085,36.880532289418674,35.616042866632,34.39490784794651,33.21564078015724,32.07680617473485,30.977017760445406,29.91493679588205,28.88927043985233,27.898770177639587,26.942230301220757,26.018486441592444,25.126414151416977,24.264927536264793,23.432977932785374,22.629552632199353,21.853673647556278,21.10439652325909,20.38080918540461,19.68203083154202,19.007210858496606,18.35552782695481,17.726188461549015,17.118426685226137,16.53150268672333,15.964702020016919,15.41733473464712,14.888734535861047,14.37825797355082,13.885283658999827,13.40921150848384,12.949462012806094,12.50547553187702,12.076711613480105,11.662648335394724,11.262781670074974,10.876624871111135,10.503707880726903,10.143576757591513,9.795793124249563,9.459933633496686,9.135589453050775,8.822365767892148,8.519881299666197,8.227767842564166,7.945669815116454,7.67324382735347,7.410158262806579,7.156092874840855,6.910738396827764,6.673796165683744,6.444977758315949,6.22400464053306,6.010607827993367,5.804527558777824,5.605512977189095,5.413321828392085,5.227720163523873,5.04848205491445,4.875389321071258,4.708231261093082,4.546804398189764,4.39091223199562,4.240364999375118,4.094979443429577,3.95457859042369,3.818991534360417,3.6880532289418673,3.5616042866632003,3.4394907847946588,3.3215640780157303,3.2076806174734847,3.0977017760445404,2.991493679588199,2.888927043985239,2.789877017763959,2.694223030122075,2.601848644159239,2.5126414151417027,2.426492753626479,2.3432977932785373,2.2629552632199306,2.185367364755632,2.1104396523259092,2.038080918540461,1.968203083154198,1.9007210858496648,1.8355527826954814,1.772618846154902,1.7118426685226098,1.6531502686723296,1.5964702020016917,1.541733473464712,1.488873453586105,1.4378257973550852,1.3885283658999825,1.340921150848384
4.862601580065333e+48,42.403782361718804,40.94992226388272,39.5459093510466,38.19003455790471,36.8806474163265,35.61615404628776,34.395015215686065,33.2157444666763,32.0769063062481,30.97711445884011,29.915030178866434,28.88936062109887,27.89885726692337,26.942314404553105,26.018567661349977,25.12649258646621,24.2650032820825,23.433051081574803,22.62962327300246,21.853741866362117,21.104462403108496,20.380872806491258,19.682092271310065,19.007270191734946,18.355585125888123,17.726243795925676,17.118480122403113,16.531554291748197,15.964751855707018,15.41738286166603,14.888781012792428,14.37830285696973,13.885327003541585,13.409253366910535,12.949502436070807,12.50551456918585,12.076749312352067,11.662684741719593,11.26281682816914,10.876658823771553,10.503740669283191,10.143608421956255,9.795823702966898,9.459963163789222,9.135617970864907,8.822393307941802,8.5199078954751,8.227793526506646,7.94569461845685,7.673267780284189,7.410181394484848,7.1561152134242105,6.910759969508335,6.673816998721347,6.444997877070051,6.224024069493654,6.010626590810777,5.8045456782914995,5.605530475455409,5.413338726711183,5.227736482465602,5.048497814343397,4.875404540170932,4.708245958389264,4.546818591573056,4.390925938743229,4.240378236171881,4.094992226388272,3.954590935104653,3.8190034557904786,3.688064741632649,3.5616154046287756,3.4395015215686136,3.321574446667637,3.20769063062481,3.0977114458840114,2.9915030178866377,2.8889360621098925,2.789885726692337,2.6942314404553103,2.601856766134992,2.512649258646626,2.42650032820825,2.3433051081574803,2.262962327300241,2.185374186636216,2.1104462403108495,2.0380872806491257,1.9682092271310025,1.9007270191734986,1.8355585125888125,1.7726243795925676,1.7118480122403077,1.6531554291748163,1.5964751855707016,1.5417382861666027,1.4888781012792427,1.4378302856969762,1.3885327003541585,1.3409253366910534
5.72236765935022e+48,42.403968362340606,40.95010188726959,39.54608281584902,38.190202075276474,36.88080919018179,35.61631027354934,34.39516608652495,33.21589016474332,32.077047008897395,30.977250337345048,29.915161398628086,28.88948734184734,27.89897964291226,26.94243258474725,26.018681789606795,25.126602801710806,24.265109718476783,23.433153868680794,22.629722535939997,21.85383772596118,21.104554976056264,20.380962205474173,19.682178605150984,19.007353565525623,18.355665641117113,17.7263215506019,17.11855521117515,16.53162680601948,15.964821883747128,15.417450488718124,14.888846321177011,14.378365926184854,13.885387910359627,13.409312185471645,12.94955923797316,12.505569423572801,12.076802285996314,11.662735899104453,11.26286623156706,10.876706533319894,10.50378674305744,10.143652916040715,9.795866671522964,9.460004659121305,9.135658043484105,8.822432006627382,8.519945267333883,8.22782961703034,7.94572947157743,7.6733014384273766,7.410213898621749,7.156146603121196,6.9107902829751975,6.673846272857813,6.445026147510703,6.2240513706513,6.010652955918347,5.804571139442494,5.605555063642969,5.413362471865816,5.227759413491615,5.04851995915408,4.8754259257225385,4.708266610713823,4.54683853581006,4.3909451991702335,4.240396836234061,4.095010188726959,3.9546082815848944,3.8190202075276556,3.6880809190181787,3.561631027354933,3.439516608652502,3.3215890164743387,3.2077047008897392,3.097725033734505,2.9915161398628025,2.8889487341847397,2.789897964291226,2.694243258474725,2.601868178960674,2.512660280171086,2.4265109718476783,2.343315386868079,2.2629722535939947,2.1853837725961225,2.1104554976056265,2.038096220547417,1.9682178605150946,1.9007353565525662,1.8355665641117116,1.77263215506019,1.711855521117511,1.6531626806019446,1.5964821883747127,1.541745048871812,1.4888846321177014,1.4378365926184886,1.3885387910359626,1.3409312185471645
6.734150657750855e+48,42.40422327923021,40.95034806405457,39.546320552193436,38.19043166057008,36.881030903892274,35.61652438556254,34.3953728574734,33.21608984632344,32.07723984417595,30.97743656105498,29.915341237454264,28.889661014702494,27.899147361203454,26.94259455263323,26.018838204246496,25.126753853503356,24.26525559129327,23.433294740088076,22.629858577416872,21.853969103107094,21.104681848792914,20.381084728240154,19.682296927089812,19.00746783066725,18.355775988553273,17.726428114655413,17.118658121563428,16.531726188012442,15.96491785831967,15.417543172697382,14.888935827384579,14.378452363574112,13.88547138414837,13.409392797270163,12.94963708590792,12.505644602405896,12.076874887240818,11.662806011135814,11.262933939730672,10.876771920034995,10.503849887917436,10.143713895910063,9.795925560630735,9.46006152915155,9.135712963663106,8.822485043807928,8.519996486076632,8.227879079682424,7.945777238348341,7.673347567462256,7.410258446072171,7.156189623213514,6.910831828076556,6.673886393539892,6.445064892611277,6.224088787333685,6.010689089728817,5.804606034365717,5.605588762155549,5.413395014988002,5.227790840837232,5.048550308978749,4.875455234970245,4.708294915061885,4.5468658697125655,4.390971595899969,4.240422327923021,4.095034806405457,3.954632055219336,3.8190431660570154,3.6881030903892267,3.5616524385562536,3.4395372857473463,3.321608984632351,3.207723984417595,3.0977436561054983,2.9915341237454203,2.8889661014702557,2.789914736120345,2.6942594552633223,2.601883820424644,2.5126753853503407,2.4265255591293267,2.3433294740088075,2.262985857741682,2.185396910310714,2.110468184879291,2.0381084728240153,1.9682296927089773,1.9007467830667288,1.8355775988553273,1.7726428114655415,1.7118658121563393,1.653172618801241,1.5964917858319667,1.541754317269738,1.488893582738458,1.4378452363574146,1.388547138414837,1.340939279727016
7.924828983539121e+48,42.40457729000372,40.95068993718118,39.54665070382565,38.190750492592166,36.88133880440945,35.61682172937343,34.39566000652623,33.21636715015666,32.077507640343676,30.97769517553794,29.915590985056564,28.889902199434854,27.899380276653236,26.942819482321845,26.019055421974503,25.12696362368377,24.265458169273412,23.43349037246041,22.630047502319155,21.85415155051229,21.104858040789097,20.38125487930087,19.682461244335144,19.007626514115948,18.355929231366222,17.726576103370764,17.11880103632367,16.53186420278368,15.96505114110339,15.417671885734956,14.889060127354758,14.378572401783742,13.885587306716577,13.409504745306219,12.94974519568301,12.505749005518998,12.076975710778896,11.662903377828517,11.26302796809973,10.876862724538487,10.50393757908912,10.143798580493929,9.79600734171094,9.460140506277895,9.135789232972218,8.822558698140282,8.520067615089573,8.227947769959291,7.94584357350387,7.67341162824436,7.410320310460234,7.1562493665133085,6.910889523011916,6.673942110341235,6.445118699101092,6.224140749009095,6.010739269841303,5.804654493998114,5.605635560296401,5.413440208603364,5.227834484940018,5.048592456695693,4.8754959376065745,4.708334222163772,4.546903829127433,4.391008253834745,4.240457729000373,4.095068993718118,3.9546650703825574,3.819075049259224,3.6881338804409447,3.561682172937343,3.4395660006526296,3.3216367150156723,3.207750764034367,3.0977695175537936,2.9915590985056504,2.888990219943491,2.7899380276653236,2.694281948232184,2.6019055421974446,2.512696362368382,2.4265458169273413,2.343349037246041,2.2630047502319104,2.185415155051233,2.1104858040789094,2.038125487930087,1.9682461244335105,1.9007626514115985,1.8355929231366224,1.7726576103370764,1.7118801036323634,1.6531864202783648,1.5965051141103388,1.5417671885734956,1.4889060127354758,1.4378572401783776,1.3885587306716576,1.3409504745306218
9.32603346883218e+48,42.40507085853127,40.95116658317144,39.54711100748636,38.19119501423796,36.88176808514401,35.617236291748064,34.396060355176026,33.21675377241473,32.077881006834396,30.9780557407498,29.915939187895425,28.890238463758205,27.899705011786153,26.94313308355524,26.01935827104631,25.127256089243623,24.26574060733138,23.433763126820374,22.630310904997305,21.85440592214127,21.105103691008313,20.381492107133408,19.68269033855175,19.007847753586546,18.35614288539938,17.726782432041507,17.11900029079007,16.532056625592574,15.965236966485634,15.417851339890547,14.889233428728176,14.378739761329859,13.885748928157444,13.409660825379058,12.94989592437969,12.505894566317311,12.077116280865893,11.6630391283162,11.263159064233335,10.87698932589764,10.504059839782084,10.143916649345195,9.79612136244239,9.460250617683748,9.135895569087982,8.822661388405912,8.52016678450703,8.228043539244709,7.945936059234499,7.673500943000471,7.410406562962157,7.156332661753782,6.910969962383886,6.67401979176128,6.445193717128612,6.22421319496142,6.010809231904846,5.80472205733572,5.605700807151015,5.413503218398143,5.227895334375004,5.048651219841189,4.875552685993299,4.708389024869935,4.546956752862823,4.39105936302193,4.240507085853127,4.095116658317145,3.9547111007486278,3.819119501423804,3.6881768085144,3.5617236291748062,3.4396060355176092,3.3216753772414798,3.2077881006834397,3.0978055740749797,2.9915939187895364,2.889023846375826,2.7899705011786153,2.6943133083555235,2.6019358271046253,2.5127256089243675,2.4265740607331376,2.3433763126820373,2.2630310904997257,2.1854405922141313,2.1105103691008313,2.0381492107133408,1.9682690338551712,1.9007847753586586,1.835614288539938,1.7726782432041508,1.7119000290790032,1.6532056625592542,1.5965236966485632,1.5417851339890547,1.4889233428728175,1.4378739761329893,1.3885748928157446,1.3409660825379057
1.0974987654930591e+49,42.4057561191164,40.95182834884725,39.54775008380153,38.19181217912207,36.882364089854455,35.61781186178457,34.39661619116375,33.21729055095714,32.078399381336865,30.97855634221498,29.916422625691368,28.89070532636009,27.900155867492654,26.943568481180293,26.019778740587157,25.12766214252597,24.266132738632436,23.434141813470504,22.63067660796109,21.854759086578603,21.105444746816303,20.381821469469667,19.683008408339756,19.008154918003676,18.356439518348214,17.727068894604965,17.11927693167095,16.532323781538015,15.965494962697028,15.418100490419405,14.889474036858404,14.378972119946948,13.885973320104984,13.409877523803033,12.95010519306098,12.506096659992773,12.077311445538461,11.66322760155432,11.263341075460163,10.877165096670309,10.504229584061395,10.14408057375607,9.79627966652539,9.460403494137967,9.136043204005613,8.822803961498776,8.520304469325328,8.22817650338829,7.946064464556859,7.673624945805789,7.410526314195549,7.1564483071850455,6.91108164278494,6.674127643077528,6.445297870644416,6.224313777459919,6.010906365822275,5.804815860910456,5.605791394567505,5.413590699925892,5.227979816502808,5.048732805406759,4.875631474308442,4.708465111841442,4.54703023110922,4.391130321986213,4.240575611911639,4.095182834884725,3.954775008380145,3.8191812179122153,3.6882364089854454,3.5617811861784565,3.4396616191163814,3.3217290550957204,3.2078399381336866,3.097855634221498,2.99164226256913,2.8890705326360147,2.7900155867492655,2.6943568481180287,2.6019778740587105,2.512766214252602,2.4266132738632433,2.3434141813470504,2.2630676607961036,2.1854759086578643,2.1105444746816304,2.0381821469469665,1.9683008408339717,1.9008154918003717,1.8356439518348218,1.7727068894604967,1.711927693167091,1.6532323781537979,1.5965494962697024,1.5418100490419402,1.4889474036858403,1.4378972119946982,1.3885973320104983,1.3409877523803033
1.2915496650148933e+49,42.40670907744046,40.95274863395197,39.548638815923994,38.192670440090815,36.88319292440635,35.618612278836515,34.397389165040856,33.21803702257869,32.07912025936171,30.979252504147595,29.91709491895003,28.89135456930842,27.900782850435775,26.944173967326844,26.02036346697835,25.12822682093274,24.26667805642187,23.434668434442564,22.631185173156627,21.855250215059687,21.10591903641977,20.382279497534874,19.683450732411345,19.008582076510258,18.356852031257787,17.727467264057854,17.119661642591044,16.532695302223072,15.965853745388692,15.418446971853724,14.889808638797454,14.379295249692227,13.886285370993217,13.41017887568496,12.950396212763744,12.506377701766448,12.077582851487266,11.663489702053063,11.263594189556384,10.877409532472655,10.504465639114672,10.14430853540344,9.796499812258126,9.460616091933263,9.136248512652765,8.823002230914208,8.520495940856808,8.228361410108707,7.946243031547949,7.673797390432111,7.4106928463690815,7.156609129620706,6.911236951247342,6.674277626619277,6.445442711836251,6.224453652612931,6.011041445202545,5.804946308946303,5.6059173700496405,5.413712356200717,5.228097301659073,5.048846262455831,4.875741041358383,4.708570922265134,4.547132413706704,4.3912290011414825,4.240670907744046,4.095274863395197,3.9548638815923916,3.81926704400909,3.6883192924406343,3.5618612278836514,3.4397389165040924,3.321803702257876,3.207912025936171,3.0979252504147596,2.991709491894997,2.889135456930848,2.790078285043577,2.6944173967326837,2.602036346697829,2.5128226820932786,2.426667805642187,2.3434668434442565,2.263118517315658,2.185525021505973,2.110591903641977,2.0382279497534874,1.9683450732411305,1.9008582076510294,1.8356852031257784,1.7727467264057855,1.711966164259101,1.6532695302223037,1.596585374538869,1.5418446971853723,1.4889808638797455,1.437929524969226,1.3886285370993217,1.3410178875684957
1.519911082952927e+49,42.40803323237425,40.954027388784304,39.549873727247046,38.1938630111273,36.88434460683933,35.61972447457653,34.398463227932396,33.21907426004822,32.08012193400912,30.98021983528319,29.9180290840787,28.892256705563018,27.90165405596131,26.94501530261723,26.021175956167287,25.1290114530404,24.267435786558785,23.435400184972245,22.631891834818347,21.855932648052747,21.106578071450606,20.38291593682823,19.68406535068681,19.009175621925326,18.35742522631854,17.728020806498474,17.120196206223127,16.533211537755836,15.96635228122109,15.418928414839362,14.89027357498329,14.379744245031967,13.886718972036215,13.410597610241533,12.950800590547654,12.506768215015365,12.077959975561948,11.663853896016004,11.263945896730624,10.87774918098141,10.504793642402491,10.144625292739468,9.796805709222134,9.460911500884993,9.1365337931852,8.82327773029129,8.520761994436157,8.228618341749838,7.9464911540065,7.67403700574055,7.410924246204363,7.156832595659321,6.9114527555081935,6.674486031794805,6.445643971612193,6.224648011977136,6.011229140743182,5.805127569139858,5.606092415539034,5.413881400063883,5.228260549668338,5.04900391332839,4.8758932869981955,4.70871794799652,4.547274398499941,4.3913661178306524,4.240803323237426,4.0954027388784295,3.9549873727246965,3.819386301112738,3.6884344606839323,3.561972447457653,3.4398463227932465,3.3219074260048282,3.2080121934009123,3.098021983528319,2.991802908407864,2.8892256705563075,2.7901654055961314,2.6945015302617223,2.6021175956167233,2.512901145304045,2.426743578655878,2.3435400184972246,2.26318918348183,2.1855932648052794,2.1106578071450603,2.0382915936828225,1.968406535068677,1.9009175621925365,1.8357425226318544,1.7728020806498475,1.7120196206223088,1.6533211537755803,1.596635228122109,1.541892841483936,1.4890273574983293,1.4379744245032,1.3886718972036214,1.3410597610241533
1.788649529057435e+49,42.40986905891385,40.955800272001305,39.55158582522217,38.19551640794911,36.885941315141125,35.62126643798628,34.39995232343865,33.220512300284916,32.081510669462084,30.98156095642089,29.91932422341006,28.893507439624614,27.90286190723642,26.946181741389132,26.02230240230899,25.13009927774301,24.268486314000622,23.436414693930722,22.632871560226597,21.856878782502868,21.107491766645364,20.38379830498301,19.684917465883476,19.009998521419657,18.35821991180288,17.728788245321038,17.12093733256554,16.533927253770287,15.967043458128492,15.419595893989856,14.89091816888042,14.380366738321692,13.887320122462059,13.411178149566945,12.951361225446776,12.50730962793324,12.078482825545247,11.664358819515261,11.264433508374967,10.87822007432674,10.505248390653986,10.145064449449343,9.797229808963467,9.46132105990243,9.136929310023378,8.8236596864017,8.521130854763191,8.228974555296768,7.9468351543820255,7.674369211686622,7.411245062105906,7.157142412036481,6.9117519494917055,6.674774967585064,6.445923000922584,6.224917474462167,6.011489364411931,5.8053788707552565,5.606335101003448,5.414115764791481,5.2284868789446906,5.049222482657739,4.876104362438819,4.7089217864845985,4.547471248162311,4.391556218286857,4.240986905891385,4.095580027200131,3.9551585825222095,3.8195516407949186,3.688594131514112,3.5621266437986274,3.439995232343872,3.3220512300284986,3.208151066946208,3.098156095642089,2.9919324223409998,2.889350743962467,2.7902861907236423,2.694618174138913,2.602230240230894,2.5130099277743065,2.4268486314000617,2.3436414693930723,2.263287156022655,2.1856878782502913,2.1107491766645365,2.0383798304983007,1.9684917465883436,1.9009998521419698,1.8358219911802882,1.7728788245321039,1.7120937332565502,1.6533927253770253,1.5967043458128487,1.5419595893989855,1.489091816888042,1.4380366738321726,1.3887320122462057,1.3411178149566945
2.1049041445120304e+49,42.41240603876706,40.958250268723006,39.55395182112425,38.19780128309162,36.888147850838116,35.623397320191394,34.40201014601468,33.222499568161226,32.08342980168378,30.983414289093485,29.921114012543132,28.895235863877964,27.904531070572137,26.947793675632642,26.02385906962237,25.131602573013467,24.269938067147066,23.4378166721313,22.63422547006982,21.858186272064984,21.10875442749653,20.385017674124654,19.686095027619253,19.011135709162243,18.359318109818826,17.729848790415808,17.12196151571075,16.534916321675187,15.967998614757537,15.420518302028263,14.891808951149466,14.381226979145504,13.888150868987516,13.411980413038355,12.952135982436829,12.508057821531763,12.079205366507193,11.665056587369357,11.265107352494336,10.878870814962815,10.505876819934986,10.145671332344502,9.79781588421421,9.46188704092162,9.137475885763745,8.82418752219447,8.521640593127984,8.22946681672371,7.947310538087065,7.674828296340929,7.4116884065402795,7.157570555921591,6.912165413995025,6.675174256005265,6.4463085993021965,6.225289852179218,6.011848974751311,5.805726151460483,5.606670474809526,5.414439639939483,5.228799649678696,5.049524529704739,4.87639605347216,4.709203476571546,4.547743280196261,4.391818923404728,4.241240603876706,4.095825026872301,3.9553951821124174,3.81978012830917,3.688814785083811,3.5623397320191397,3.4402010146014748,3.3222499568161292,3.2083429801683785,3.0983414289093485,2.992111401254307,2.8895235863878024,2.7904531070572136,2.6947793675632634,2.602385906962232,2.5131602573013514,2.426993806714706,2.34378166721313,2.263422547006977,2.185818627206503,2.110875442749653,2.0385017674124657,1.9686095027619213,1.9011135709162283,1.8359318109818832,1.7729848790415808,1.7121961515710715,1.6534916321675155,1.5967998614757537,1.542051830202826,1.4891808951149468,1.4381226979145536,1.3888150868987514,1.3411980413038356
2.4770763559916934e+49,42.41589432221503,40.96161895255433,39.557205005942706,38.20094292890731,36.89118178188784,35.62632722959383,34.404839600265866,33.225232011475995,32.08606856018829,30.98596257487401,29.92357492755605,28.897612403725695,27.90682612814958,26.950010044648636,26.025999448000388,25.13366956617571,24.271934191186,23.439744356872396,22.636087062029322,21.859984037306265,21.110490554388495,20.38669427600558,19.687714145369313,19.012699313687786,18.36082810445153,17.731307013229532,17.123369741758985,16.53627626515177,15.969311931083288,15.421786589866095,14.893033754350379,14.382409788627875,13.889293124551958,13.413083505120342,12.953201253799225,12.509086568899342,12.080198842145103,11.66601600060746,11.266033871199298,10.879765566959714,10.506740894380183,10.14650578105144,9.798621722933756,9.462665250578514,9.138227413650643,8.824913283125063,8.52234147055058,8.23014366379662,7.947964178717133,7.6754595261864536,7.412297993979541,7.15815924298818,6.9127339172810975,6.675723267533832,6.446838787369502,6.225801862168237,6.012343429917358,5.806203653689881,5.607131605352265,5.414884960116764,5.229229701566204,5.049939836792504,4.876797121301784,4.709590793351581,4.548117317396496,4.392180136330093,4.241589432221504,4.096161895255434,3.9557205005942633,3.8200942928907384,3.6891181781887834,3.5626327229593824,3.4404839600265933,3.322523201147606,3.208606856018829,3.098596257487401,2.992357492755599,2.8897612403725756,2.7906826128149578,2.695001004464863,2.602599944800034,2.5133669566175763,2.4271934191185993,2.3439744356872394,2.2636087062029273,2.185998403730631,2.1110490554388495,2.038669427600558,1.968771414536927,1.9012699313687829,1.8360828104451532,1.773130701322953,1.7123369741758951,1.6536276265151737,1.5969311931083288,1.542178658986609,1.489303375435038,1.4382409788627908,1.3889293124551958,1.341308350512034
2.91505306282517e+49,42.42065743133061,40.96621875325968,39.561647097445466,38.205232718440115,36.89532449129047,35.63032790166955,34.40870310491992,33.228963051643596,32.08967167755936,30.98944215542167,29.926935206875527,28.900857472190193,27.909959935889383,26.95303640635949,26.02892204758702,25.136491961236132,24.27465981734209,23.44237653195197,22.638628990104845,21.862438812595062,21.112861165019265,20.388983607655764,19.689924984777726,19.01483435204687,18.36288994068324,17.733298157148933,17.125292617129404,16.53813321263513,15.971105211089379,15.423518385304064,14.894706173285956,14.384024866849444,13.890852828048668,13.414589732475255,12.954655838500402,12.5104912815717,12.081555392705747,11.66732604034711,11.26729899479237,10.880987314405463,10.507920752877304,10.147645186808392,9.799722062917018,9.463727864200905,9.139253594401744,8.82590428014575,8.523298490153563,8.231067870934861,7.948856698401908,7.676321444856791,7.413130360824721,7.1589630712248775,6.913510185386747,6.676472920437697,6.44756273760291,6.2265009909753815,6.01301858832801,5.806855663555326,5.6077612603457165,5.415493026699479,5.229816919920479,5.050506921722672,4.877344763104332,4.710119658655422,4.548628049974445,4.392673357882505,4.242065743133061,4.096621875325969,3.9561647097445385,3.8205232718440194,3.6895324491290467,3.5630327901669547,3.440870310491999,3.3228963051643667,3.208967167755936,3.0989442155421667,2.9926935206875465,2.8900857472190253,2.7909959935889384,2.6953036406359487,2.6028922047586964,2.5136491961236183,2.427465981734209,2.344237653195197,2.26386289901048,2.1862438812595104,2.1112861165019265,2.038898360765576,1.9689924984777685,1.901483435204691,1.836288994068324,1.7733298157148936,1.7125292617129364,1.65381332126351,1.5971105211089376,1.5423518385304062,1.4894706173285956,1.4384024866849476,1.3890852828048668,1.3414589732475253
3.430469286314926e+49,42.427104416184584,40.9724446961804,39.56765957709758,38.21103905364548,36.9009317499371,35.6357429093152,34.413932453100614,33.234013105897326,32.09454858517469,30.99415185292064,29.931483427240025,28.905249751840543,27.914201621423675,26.957132661061852,26.032877857712727,25.140312142081243,24.278349019104958,23.44593924539382,22.642069552016224,21.865761411074914,21.116069844572976,20.392082274118422,19.692917410068592,19.017724178760822,18.365680686524797,17.73599321921428,17.127895276041542,16.54064663653733,15.973532459501634,15.42586241284739,14.896969833278943,14.386210914781534,13.892963924934335,13.416628448093169,12.956624654521569,12.512392594580312,12.083391517116482,11.669099211222417,11.269011370563117,10.882640979498365,10.509517720252225,10.149187400408657,9.801211400035731,9.465166137766122,9.140642555183295,8.827245618886405,8.524593839627126,8.232318807933702,7.950064745656337,7.677488072888649,7.414256989737394,7.160051072431956,6.914560883281402,6.67748759400483,6.448542621976028,6.227447278940084,6.013932431773939,5.807738174878324,5.608613513801917,5.416316059712968,5.230611734346124,5.0512744850656475,4.87808600969784,4.7108354907980265,4.549319339028416,4.393340945334505,4.242710441618459,4.09724446961804,3.9567659577097505,3.8211039053645557,3.69009317499371,3.56357429093152,3.441393245310068,3.3234013105897393,3.209454858517469,3.099415185292064,2.993148342723996,2.89052497518406,2.791420162142368,2.695713266106185,2.6032877857712675,2.514031214208129,2.4278349019104954,2.344593924539382,2.2642069552016175,2.186576141107496,2.1116069844572976,2.039208227411842,1.9692917410068551,1.9017724178760862,1.8365680686524801,1.7735993219214279,1.7127895276041505,1.6540646636537295,1.5973532459501631,1.5425862412847389,1.4896969833278944,1.4386210914781568,1.3892963924934334,1.341662844809317
4.037017258596583e+49,42.435740519551715,40.98078470128962,39.575713636001794,38.21881697032335,36.908442992227165,35.64299662044076,34.42093746279958,33.24077794117036,32.101081480664895,31.00046076093738,29.937576027439025,28.91113346057213,27.919883600760485,26.96261982751702,26.03817689065916,25.145429491882236,24.283290914966045,23.450711702945398,22.646678380636224,21.870212220960376,21.120368053569194,20.396233114313944,19.69692593416407,19.021595266219542,18.369419049512306,17.739603408334357,17.131381685875553,16.544013510993597,15.976783896981441,15.429002371233842,14.900002134754793,14.389139250481813,13.895791859439472,13.419359423768048,12.959261995705825,12.514939511634958,12.085851110331793,11.671474474591813,11.271305195427688,10.884856158066397,10.511656948998086,10.151253283355146,9.803206451923872,9.467092787116286,9.142503147251379,8.829042418518638,8.526329034017007,8.2339945092844,7.951682993751831,7.679050837576688,7.415766173327341,7.161508512010412,6.915968352948446,6.678846807033579,6.449855232898151,6.228714885559822,6.015156577113066,5.808920349054422,5.609755155842258,5.417418559306197,5.231676433533889,5.05230267987623,4.8790789517237725,4.711794388719625,4.5502453600850625,4.394235216745506,4.2435740519551715,4.098078470128962,3.957571363600172,3.8218816970323437,3.690844299222716,3.564299662044076,3.442093746279965,3.3240777941170423,3.2101081480664893,3.100046076093738,2.9937576027438966,2.8911133460572187,2.791988360076049,2.6962619827517016,2.6038176890659104,2.5145429491882285,2.4283290914966043,2.34507117029454,2.264667838063617,2.1870212220960417,2.1120368053569196,2.039623311431394,1.9696925934164031,1.9021595266219582,1.8369419049512306,1.773960340833436,1.7131381685875515,1.6544013510993565,1.5976783896981437,1.542900237123384,1.4900002134754793,1.4389139250481846,1.389579185943947,1.3419359423768047
4.750810162102774e+49,42.447175957412576,40.99182806264501,39.58637836362391,38.229116046084236,36.91838895290115,35.65260157296517,34.43021309901211,33.249735552041265,32.10973197004117,31.00881465881567,29.945643502783515,28.918924333692942,27.927407355267658,26.96988562186463,26.045193569293673,25.15220559600859,24.2898346929446,23.45703112033246,22.65278112988028,21.8761057307659,21.126059497939394,20.401729421283466,19.702233794232317,19.026721140494814,18.374369177576735,17.744383815839182,17.135998191875945,16.54847173503206,15.981089265928311,15.433160125893268,14.904017336244213,14.393016786392714,13.899536449786915,13.422975626736212,12.962754213196558,12.518311994626078,12.089107964051694,11.674619663516639,11.274342548107176,10.887789371784269,10.514489594272643,10.153988808285558,9.805848186387456,9.46964394682187,9.144966837653694,8.8314216385985,8.52862667993189,8.23621337789385,7.953825786022005,7.681120161868156,7.417764548570179,7.163438370770421,6.917832044388247,6.680646599772175,6.451593317772465,6.2303933782915335,6.016777520884019,5.810485716993736,5.611266853428158,5.418878426685505,5.2330862477619755,5.053664157080178,4.880393749191369,4.713064106916731,4.5514715446038165,4.395419360185726,4.244717595741258,4.099182806264501,3.9586378363623838,3.8229116046084317,3.6918388952901147,3.5652601572965166,3.4430213099012175,3.3249735552041333,3.2109731970041167,3.1008814658815664,2.9945643502783454,2.8918924333693004,2.7927407355267655,2.6969885621864624,2.6045193569293614,2.5152205596008637,2.4289834692944594,2.345703112033246,2.265278112988023,2.1876105730765945,2.1126059497939393,2.0401729421283465,1.9702233794232276,1.9026721140494856,1.837436917757674,1.7744383815839182,1.7135998191875907,1.6548471735032029,1.598108926592831,1.5433160125893266,1.4904017336244213,1.4393016786392747,1.3899536449786913,1.342297562673621
5.590810182512222e+49,42.4621327903762,41.00627208421719,39.60032715610457,38.2425865889449,36.931397643453586,35.66516424632135,34.44234504735988,33.26145154325905,32.121046265674515,31.019741031437427,29.956195252758803,28.92911430536929,27.937247952610086,26.979388823554636,26.05437094331055,25.161068313710786,24.298393542668336,23.46529652052402,22.66076314177811,21.88381407064788,21.133503548950173,20.40891824485631,19.709176141119336,19.033425461419004,18.380843633518797,17.750636287971655,17.142036291156757,16.554302811469103,15.986720417526412,15.438598207294385,14.909268967071405,14.39808835930802,13.90443413827295,13.42770539261099,12.967321813870626,12.52272299011087,12.093367723727557,11.67873337266884,11.278315214237804,10.891625830707715,10.518194516002115,10.157566702717745,9.809303408792303,9.472980703144122,9.14818918963268,8.834533508712367,8.531631856172327,8.239115518377108,7.956628423441811,7.683826707795967,7.42037829760799,7.165962504561192,6.920269635488822,6.683000615393429,6.453866623391195,6.232588741138531,6.018897613312535,5.812533119732468,5.613244058722694,5.420787841332063,5.234930196037134,5.055444883570147,4.882113421524262,4.71472481840116,4.553075316777015,4.396968145274312,4.246213279037621,4.100627208421719,3.960032715610449,3.824258658894498,3.6931397643453585,3.566516424632135,3.4442345047359946,3.326145154325912,3.2121046265674518,3.1019741031437427,2.995619525275874,2.892911430536935,2.7937247952610087,2.6979388823554635,2.6054370943310494,2.5161068313710837,2.429839354266833,2.3465296520524017,2.266076314177806,2.1883814070647922,2.113350354895017,2.040891824485631,1.9709176141119298,1.9033425461419042,1.83808436335188,1.775063628797166,1.7142036291156721,1.655430281146907,1.598672041752641,1.5438598207294383,1.4909268967071405,1.4398088359308052,1.3904434138272947,1.342770539261099
6.57933224657571e+49,42.48145039159717,41.02492736033325,39.618342815657,38.25998456188778,36.948199107848495,35.68138965411686,34.45801414928711,33.276583412873684,32.135659322574504,31.03385306368464,29.96982343853193,28.942275233874362,27.949957644274047,26.991662749526558,26.066224044294213,25.1725150181516,24.309447784316646,23.475971755396305,22.67107236453658,21.89376983041853,21.143117964598485,20.418203019739188,19.71814257733128,19.04208447354983,18.38920576193967,17.758711711665573,17.149834840109133,16.561833978633548,15.99399337038023,15.445621798997882,14.916051747244598,14.404638584437844,13.910759781763643,13.4338141544899,12.973221130161237,12.528420041884456,12.098869445844503,11.684046462220254,11.28344613869769,10.896580835805654,10.52297963332601,10.162187757055905,9.813766025223796,9.477290313886021,9.152351040652546,8.838552666114024,8.535513212362684,8.242863798021546,7.960248189215384,7.6873223659374235,7.423754103283357,7.169222567043473,6.9234179231600965,6.686040960575453,6.456802727010377,6.235424177230966,6.02163583337458,5.815177456922147,5.61579773191706,5.423253959045446,5.237311760205046,5.057744793203455,4.884334476238074,4.716869721822712,4.555146679836726,4.398968489383993,4.248145039159718,4.102492736033326,3.961834281565692,3.8259984561887856,3.694819910784849,3.568138965411686,3.4458014149287175,3.3276583412873753,3.213565932257451,3.1033853063684638,2.996982343853187,2.8942275233874417,2.7949957644274046,2.6991662749526553,2.6066224044294164,2.5172515018151653,2.4309447784316642,2.3475971755396303,2.267107236453653,2.1893769830418575,2.1143117964598486,2.0418203019739187,1.9718142577331241,1.9042084473549874,1.8389205761939673,1.7758711711665573,1.7149834840109097,1.6561833978633513,1.5993993370380224,1.5445621798997882,1.4916051747244599,1.4404638584437877,1.3910759781763642,1.34338141544899
7.742636826811214e+49,42.50609059299959,41.04872274545688,39.64132234995277,38.28217621769444,36.969629898442555,35.702085666595046,34.47800057632148,33.29588458337797,32.154298731318995,31.0518533998957,29.987206613510963,28.959062407669823,27.966169251438952,27.007318523992915,26.08134304339456,25.187115645816974,24.323547813479152,23.489588349623624,22.68422209892469,21.90646871176808,21.15538145089946,20.430046038987452,19.729579545700023,19.053129312937966,18.39987191691856,17.76901216584473,17.15978213194082,16.571440216675448,16.003270248034884,15.454580608746719,14.924703394393957,14.412993600393696,13.918828336851186,13.441606070333593,12.98074589164039,12.535686808678914,12.10588706358446,11.690823473253788,11.28999079248912,10.902901098977392,10.529083199356089,10.168082055643051,9.819458231331371,9.48278735647592,9.157659611119621,8.843679226431325,8.540464002947441,8.247644845331457,7.964865313084448,7.691781186660256,7.428060048456621,7.173380878172739,6.927433662040179,6.689919015451988,6.46054781853015,6.23904086418822,6.025128518260304,5.818550391283109,5.6190550215310955,5.426399568919297,5.240349519400863,5.060678399499798,4.887167500631118,4.719605612873119,4.557788767867481,4.401519990534311,4.25060905929996,4.104872274545688,3.9641322349952697,3.8282176217694524,3.6969629898442546,3.5702085666595043,3.4478000576321546,3.329588458337804,3.2154298731318995,3.10518533998957,2.99872066135109,2.8959062407669878,2.7966169251438955,2.700731852399291,2.6081343043394507,2.518711564581702,2.432354781347915,2.3489588349623625,2.2684222098924636,2.190646871176813,2.1155381450899458,2.0430046038987455,1.9729579545699985,1.9053129312938006,1.8399871916918562,1.7769012165844733,1.7159782131940782,1.6571440216675417,1.6003270248034882,1.5454580608746717,1.4924703394393957,1.4412993600393729,1.3918828336851186,1.3441606070333592
9.111627561154868e+49,42.537144356943436,41.07871179710925,39.67028319414012,38.310144107635296,36.996638878660235,35.72816861435914,34.503189241668395,33.32020962775935,32.177789764925045,31.074539017698857,30.009114430073716,28.980219090759157,27.986600554488277,27.02704931745098,26.10039734499955,25.205516649832624,24.34131791892849,23.506749187554632,22.7007945587412,21.922472966657864,21.17083698239043,20.444971660662034,19.743993426096363,19.067048997665992,18.41331435001776,17.781993710409647,17.17231859003939,16.583546848584405,16.01496179081567,15.465871294184494,14.935606966321544,14.42352333142157,13.928997044523838,13.451426132731969,12.990229262449384,12.544845031738241,12.11473128694066,11.699364462730419,11.298238944791695,10.910866454348993,10.536775453799073,10.17551057272172,9.826632053569975,9.489715216365868,9.164349941749288,8.850140171751427,8.546703427684426,8.253670344561016,7.970684221476784,7.697400587408382,7.433486781898521,7.17862155011792,6.932494651810737,6.69480648364798,6.465267714528715,6.243598933385587,6.029530309065507,5.8228012618719,5.623160146368306,5.430363945057572,5.24417797256342,5.064375589954657,4.890737928863904,4.7230536250653845,4.561118561187183,4.404735618244911,4.253714435694344,4.107871179710925,3.9670283194140046,3.8310144107635375,3.699663887866023,3.572816861435914,3.4503189241668464,3.3320209627759416,3.217778976492505,3.1074539017698855,3.0009114430073653,2.8980219090759216,2.7986600554488277,2.7027049317450973,2.6100397344999493,2.5205516649832673,2.4341317918928485,2.350674918755463,2.2700794558741153,2.1922472966657907,2.117083698239043,2.0444971660662032,1.9743993426096322,1.9067048997666032,1.841331435001776,1.778199371040965,1.717231859003935,1.6583546848584372,1.6014961790815665,1.546587129418449,1.4935606966321544,1.4423523331421604,1.3928997044523836,1.345142613273197
1.0722672220103253e+50,42.57584255589582,41.116083185947495,39.70637326400146,38.34499678994352,37.03029659860218,35.760672342527656,34.5345785439347,33.35052271343548,32.20706353327494,31.102809102854778,30.03641524441271,29.006583866792244,28.01206138531346,27.051637195819257,26.12414220104154,25.22844738749164,24.363462451144507,23.52813447024193,22.721446623601025,21.942416952866083,21.19009716719875,20.463571488950013,19.761955538910193,19.084395259778816,18.430065876545033,17.79817089251198,17.187941119744124,16.598633742756178,16.02953141430509,15.47994138218316,14.949194645950605,14.43664514258007,13.941668960022277,13.463663577735556,13.00204713325465,12.556257713905886,12.125752672806685,11.710007968316878,11.308517526137642,10.920792623281496,10.546361293163514,10.184767751089899,9.835571839443938,9.498348491894726,9.172687215975765,8.858191593404205,8.554478797531921,8.261179127341565,7.977935557419813,7.704403303360543,7.440249402068364,7.185152306452177,6.938801494014833,6.7008970888629875,6.471149496676519,6.249279052193647,6.0350156787821865,5.828098559682991,5.6282758205249745,5.435304222725632,5.248948867403492,5.068982909442422,4.895187281359384,4.727350426639835,4.565268042215931,4.408742829774137,4.257584255589583,4.11160831859475,3.970637326400139,3.8344996789943604,3.703029659860217,3.5760672342527653,3.453457854393477,3.3350522713435553,3.2207063533274938,3.1102809102854776,3.0036415244412646,2.9006583866792304,2.801206138531346,2.705163719581926,2.6124142201041485,2.522844738749169,2.4363462451144504,2.352813447024193,2.272144662360098,2.1942416952866126,2.119009716719875,2.046357148895001,1.9761955538910154,1.9084395259778857,1.8430065876545034,1.7798170892511984,1.7187941119744086,1.6598633742756146,1.6029531414305085,1.547994138218316,1.4949194645950608,1.4436645142580105,1.3941668960022275,1.3463663577735556
1.2618568830660288e+50,42.623573784971185,41.16217789758247,39.750887567988,38.387984872287916,37.07181078748419,35.80076317199813,34.573294815429215,33.387911555178974,32.243170457649555,31.13767806180084,30.070088682930134,29.039102774607674,28.04346534677588,27.081964438084917,26.153429640606785,25.256730675130335,24.3907760153047,23.554511558954637,22.74691934495213,21.96701631408059,21.213853112385014,20.486512935549847,19.784110412899274,19.105790529660165,18.450727586177024,17.818124192810796,17.20721029929925,16.61724225739622,16.047501915649892,15.497295745216991,14.96595399564994,14.452829879628446,13.957298785643461,13.478757517675295,13.016623560940166,12.570334372811342,12.139346698051801,11.72313590752504,11.32119535957885,10.933035783324707,10.558184683062015,10.196185763122626,9.846598372434784,9.508996968131198,9.182970597547545,8.868122397981546,8.564069113603042,8.270440628927636,7.986879518285408,7.7130406107368765,7.4485905699060115,7.193207488219405,6.946580495057137,6.708409378338857,6.47840421908398,6.2562850385015985,6.041781457180092,5.834632365962005,5.634585608103132,5.441397672329327,5.254833396417005,5.074665680936892,4.900675212812216,4.73265019835515,4.570386105456309,4.413685414613557,4.262357378497119,4.116217789758247,3.975088756798792,3.8387984872287992,3.7071810787484187,3.5800763171998122,3.4573294815429283,3.3387911555179035,3.224317045764956,3.113767806180084,3.007008868293007,2.9039102774607732,2.804346534677588,2.7081964438084913,2.615342964060673,2.525673067513038,2.439077601530469,2.3554511558954636,2.2746919344952077,2.196701631408063,2.1213853112385013,2.0486512935549848,1.9784110412899234,1.9105790529660205,1.8450727586177025,1.7818124192810798,1.7207210299299212,1.6617242257396188,1.604750191564989,1.5497295745216988,1.496595399564994,1.445282987962848,1.3957298785643462,1.3478757517675295
1.4849682622544575e+50,42.68191178064871,41.21851571121539,39.80529377800732,38.440525705838056,37.12255020103944,35.84976292921502,34.62061456232973,33.43360889275592,32.28730101198265,31.18029555176875,30.111244985600987,29.078847988387512,28.081847852392055,27.119030957478582,26.189225293806192,25.291299035174177,24.424159161282336,23.586750127227788,22.778052578620365,21.99708211075085,21.24288807030331,20.514552398151245,19.81118851183049,19.131940226327036,18.47598071186751,17.8425114874423,17.23076144883746,16.639985929990992,16.069465796532175,15.518506570399289,14.9864375844713,14.472611166183613,13.976401849134444,13.497205611722299,13.03443914188758,12.587539127063193,12.155961568470026,11.73918111892262,11.336690443338918,10.947999601175537,10.57263545003689,10.210141069732463,9.860075206080582,9.522011733782314,9.195539137711005,8.880260011986678,8.57579057622492,8.281760208371997,7.997810993556939,7.723597288411999,7.458785300330611,7.203052681151192,6.956088134771692,6.717591038217753,6.487271075702734,6.264847885234601,6.050050717339076,5.842618105484051,5.642297547803648,5.448845199734924,5.2620255771926665,5.081611269921356,4.907382664674988,4.739127677888137,4.576641497512588,4.419726333705388,4.268191178064871,4.121851571121539,3.9805293778007242,3.8440525705838136,3.7122550201039437,3.5849762929215023,3.4620614562329797,3.3433608892755986,3.228730101198265,3.1180295551768755,3.0111244985600925,2.907884798838757,2.8081847852392054,2.711903095747858,2.618922529380614,2.529129903517423,2.4424159161282333,2.358675012722779,2.2778052578620316,2.1997082110750896,2.124288807030331,2.0514552398151245,1.981118851183045,1.9131940226327075,1.8475980711867512,1.7842511487442305,1.7230761448837424,1.6639985929990957,1.6069465796532172,1.5518506570399289,1.4986437584471302,1.4472611166183644,1.3976401849134443,1.3497205611722298
1.747528400007683e+50,42.752654044579636,41.28683249918565,39.8712682501154,38.50423817094743,37.18407821453629,35.90918138741421,34.677995793643966,33.48902274573911,32.34081494035458,31.231974696524578,30.161152254305524,29.127044131750853,28.128391538219706,27.163978842086106,26.232632090985344,25.333217582794468,24.46464048560909,23.625843505034958,22.815805597173764,22.033540725734788,21.27809666176115,20.54855382450799,19.844024162063118,19.16365007034614,18.506603349171545,17.872084194103664,17.259320222877594,16.66756553519977,16.096099804784885,15.544227402522717,15.011276549708693,14.496598500306542,13.999566751247952,13.519576279808149,13.05604280712886,12.608402086992072,12.17610921897899,11.758637985178183,11.355480209635411,10.966145139765334,10.590158848972152,10.227063659752305,9.876417586576377,9.537793797872753,9.210780096457423,8.894978417778146,8.590004345361539,8.295486642873907,8.011066802225574,7.736398607169251,7.471147711860624,7.214991233868725,6.967617361140129,6.728724972439065,6.498023270800913,6.275231429553374,6.06007825047398,5.852301833668249,5.651649258766241,5.457876277049815,5.270747014135466,5.090033682851185,4.915516305957474,4.746982448375327,4.584226958594981,4.427051718950741,4.275265404457964,4.128683249918565,3.987126825011532,3.8504238170947516,3.7184078214536282,3.5909181387414204,3.4677995793644034,3.3489022745739185,3.2340814940354585,3.1231974696524576,3.0161152254305463,2.912704413175091,2.8128391538219706,2.7163978842086096,2.623263209098529,2.533321758279452,2.446464048560909,2.3625843505034956,2.281580559717371,2.2033540725734833,2.1278096661761148,2.0548553824507994,1.9844024162063076,1.916365007034618,1.8506603349171549,1.7872084194103666,1.7259320222877557,1.6667565535199738,1.6096099804784882,1.5544227402522712,1.5011276549708694,1.4496598500306574,1.3999566751247952,1.3519576279808148
2.05651230834866e+50,42.8378721308125,41.36912879004348,39.95074292255114,38.580987967237526,37.258196560042315,35.980758504306955,34.74711881072833,33.55577580451354,32.40527929743413,31.2942288225523,30.221271929472582,29.1851025380416,28.184459348494038,27.218124306107555,26.284921118499597,25.38371382375942,24.513405407674153,23.672936468363893,22.86128392670214,22.077459780950004,21.32050990408997,20.589512882393652,19.883578893811148,19.20184862481549,18.543492224384828,17.90770829384788,17.293722911364256,16.700788689850928,16.128183867209327,15.575211427744405,15.04119825370734,14.525494305928204,14.027471832541538,13.546524604841798,13.082067179338305,12.63353418511135,12.200379635602053,11.782076263998416,11.37811488140833,10.988003757038268,10.61126801962318,10.247449079379281,9.896104069775454,9.556805308444488,9.229139776577242,8.912708616166652,8.60712664448899,8.312021885231932,8.027035115698169,7.751819429533871,7.4860398144492475,7.229372744417661,6.981505785856407,6.74213721731024,6.510975662174249,6.287739734009449,6.072157694018894,5.8639671202678185,5.662914588244716,5.468755362374925,5.281253098110834,5.10017955423641,4.925314315035537,4.756444521986236,4.593364614653975,4.43587608046873,4.28378721308125,4.136912879004349,3.9950742922551066,3.8580987967237608,3.725819656004231,3.598075850430695,3.47471188107284,3.355577580451361,3.2405279297434135,3.12942288225523,3.022127192947252,2.918510253804166,2.8184459348494038,2.721812430610755,2.6284921118499542,2.538371382375947,2.4513405407674154,2.3672936468363894,2.286128392670209,2.2077459780950046,2.1320509904089975,2.0589512882393652,1.9883578893811107,1.920184862481553,1.8543492224384828,1.7907708293847882,1.729372291136422,1.6700788689850896,1.6128183867209325,1.5575211427744402,1.504119825370734,1.4525494305928235,1.4027471832541536,1.3546524604841796
2.4201282647943637e+50,42.93997329612739,41.467729305135066,40.04596281104449,38.67294313761634,37.34699894674105,36.06651620396545,34.8299362137748,33.63575372223607,32.48251508469544,31.36881649629708,30.29330228317164,29.254663252212215,28.251635097430963,27.282996860954658,26.34756944678756,25.444214185530694,24.571831448312146,23.729359308239427,22.915772247746265,22.13007991025858,21.371325894661773,20.638586591100257,19.930970056693592,19.247614929799244,18.587689381501683,17.950390103050207,17.33494132801416,16.74059388796405,16.166624300530255,15.61233388872805,15.077047930478079,14.560114837286093,14.060905361082611,13.578811828257042,13.113247399953826,12.66364535772997,12.229458413704643,11.810158044361122,11.40523384719008,11.014192919390966,10.636559257875252,10.271873179841478,9.919690763216158,9.579583306280146,9.251136805821952,8.933951453183486,8.627641147584091,8.331833026131124,8.046167009944309,7.770295365842033,7.503882283055413,7.246603464455453,6.998145731795176,6.758206644486693,6.5264941314487,6.302726135576704,6.086630270402752,5.877943488527177,5.676411761418325,5.4817897701908755,5.293840606986003,5.112335486590208,4.9370534679414435,4.767781185183872,4.604312587943598,4.4464486905093334,4.293997329612739,4.146772930513507,4.004596281104441,3.8672943137616422,3.734699894674105,3.6066516203965455,3.482993621377487,3.3635753722236137,3.2482515084695445,3.1368816496297076,3.029330228317158,2.925466325221227,2.8251635097430965,2.728299686095465,2.63475694467875,2.5444214185530747,2.4571831448312142,2.372935930823943,2.291577224774622,2.2130079910258624,2.137132589466177,2.063858659110026,1.9930970056693553,1.9247614929799284,1.8587689381501684,1.7950390103050209,1.7334941328014122,1.6740593887964017,1.6166624300530252,1.561233388872805,1.5077047930478076,1.4560114837286127,1.4060905361082607,1.357881182825704
2.848035868435793e+50,43.06177313620833,41.58535310436413,40.15955374955382,38.78263948645049,37.45293423617046,36.16881938602905,34.9287318192497,33.731162012225376,32.574652197018686,31.457794586861514,30.37922966249646,29.337644517271887,28.33177125897819,27.360385466477915,26.42230469925288,25.516387058052306,24.641529794891465,23.796667970707258,22.980773159038367,22.192852194150316,21.431945962083248,20.697128233149193,19.98750453445915,19.302211061106117,18.640413624680132,18.001306637833874,17.384112133664267,16.788078818714993,16.21248115844849,15.6566184940729,15.119814189650171,14.601414808446101,14.10078931752018,13.617328319587045,13.150443311214445,12.69956596645453,12.264147445036672,11.84365772427973,11.437584953910466,11.045434833002577,10.666730008278059,10.3010094930387,9.947828106019795,9.606755929483715,9.277377785893023,8.959292732526729,8.652113573423868,8.355466388060938,8.068990076188836,7.792335918275879,7.525167151021197,7.267158557422413,7.017996070898033,6.777376392983175,6.545006624132792,6.3206039071834335,6.103895083039087,5.894616358162427,5.692512983466282,5.4973389442148575,5.308856660556839,5.126836698326241,4.951057489758583,4.78130506378276,4.617372785560087,4.4590611049534985,4.306177313620833,4.158535310436413,4.015955374955374,3.878263948645057,3.7452934236170456,3.616881938602905,3.4928731819249776,3.373116201222545,3.257465219701869,3.145779458686152,3.03792296624964,2.933764451727195,2.833177125897819,2.736038546647791,2.6422304699252828,2.5516387058052357,2.4641529794891466,2.379666797070726,2.2980773159038317,2.219285219415036,2.1431945962083248,2.0697128233149193,1.9987504534459104,1.930221106110616,1.8640413624680134,1.8001306637833876,1.738411213366423,1.6788078818714962,1.6212481158448486,1.5656618494072898,1.5119814189650171,1.4601414808446134,1.4100789317520177,1.3617328319587045
3.3516026509388477e+50,43.20657937239465,41.725194500222926,40.294600530070745,38.913056040261225,37.57887931566635,36.29044630060192,35.04618862191104,33.84459167982712,32.68419280429486,31.563579474502745,30.481387599461833,29.436299857535765,28.427044092902783,27.452391766995905,26.511156463038006,25.60219244184973,24.724393247173953,23.87669035881734,23.05805189197131,22.26748134112736,21.504016367059403,20.766727625395028,20.05471763535114,19.36711968725562,18.703096787526405,18.061840639822492,17.442570661127927,16.844533031569814,16.266999776814963,15.709267881926962,15.170658435606192,14.650515803770153,14.148206831468519,13.663120072161552,13.19466504342355,12.742271508165167,12.305388780499854,11.88348505540953,11.476046761393365,11.082577935311654,10.702599618663788,10.335649274565771,9.981280224716922,9.639061105671164,9.3085753437503,8.989420647960797,8.681208520296149,8.383563782829363,8.096124121019313,7.818539642675612,7.55047245204458,7.29159623849841,7.0415958793263265,6.800167056144714,6.567015884458822,6.341858555925573,6.124420992881566,5.914438514716173,5.711655515683201,5.515825153759324,5.326709050170158,5.144076999218596,4.967706688061827,4.797383426096244,4.632899883620615,4.474055839459455,4.320657937239465,4.1725194500222935,4.0294600530070666,3.8913056040261305,3.7578879315666347,3.6290446300601915,3.504618862191111,3.3844591679827185,3.268419280429486,3.1563579474502745,3.048138759946177,2.943629985753582,2.842704409290279,2.7452391766995903,2.651115646303795,2.560219244184978,2.4724393247173952,2.387669035881734,2.305805189197126,2.22674813411274,2.1504016367059404,2.0766727625395025,2.00547176353511,1.936711968725566,1.8703096787526405,1.8061840639822493,1.744257066112789,1.6844533031569782,1.626699977681496,1.570926788192696,1.5170658435606192,1.4650515803770185,1.4148206831468517,1.3663120072161552
3.94420605943768e+50,43.37828783349644,41.891015748766,40.45473641558244,39.067701491636846,37.72822257845066,36.43466916613509,35.185466648618146,33.97909440692044,32.8140839581492,31.689017167954898,30.602524524276912,29.553283470274554,28.54001679441647,27.561491075766593,26.616515182576105,25.70393882235192,24.822651141638516,23.971579373806932,23.14968753320666,22.35597515408911,21.58947607276928,20.84925725154161,20.134417642919825,19.444087092816947,18.77742528133158,18.133620699849903,17.51188966321942,16.911475355790856,16.331646910168097,15.771698517543648,15.23094856853773,14.708738823494318,14.204433611224506,13.71741905522196,13.247102326408449,12.792910921499654,12.354291966113033,11.930711541769476,11.521654035969465,11.126621514552475,10.745133115575683,10.376724463974478,10.020947106291603,9.677367964787587,9.345568810267267,9.025145752981356,8.715708750982683,8.416881135339292,8.12829915162582,7.849611517135659,7.580478993274276,7.320573972613785,7.069580080105533,6.8271917879658055,6.593114043765361,6.367061911270544,6.1487602235983365,5.93794324826358,5.734354363710224,5.537745746933234,5.347878071810552,5.16452021777825,4.9874489884939015,4.816448840146042,4.651311619078743,4.491836308412011,4.337828783349644,4.1891015748766005,4.045473641558235,3.9067701491636933,3.7728222578450654,3.6434669166135087,3.5185466648618218,3.397909440692051,3.28140839581492,3.16890171679549,3.060252452427685,2.955328347027461,2.8540016794416467,2.756149107576659,2.6616515182576053,2.570393882235197,2.482265114163851,2.397157937380693,2.314968753320661,2.2355975154089154,2.158947607276928,2.084925725154161,2.0134417642919784,1.9444087092816986,1.8777425281331581,1.8133620699849904,1.7511889663219384,1.6911475355790822,1.6331646910168094,1.5771698517543644,1.523094856853773,1.4708738823494354,1.4204433611224505,1.3717419055221958
4.641588833612754e+50,43.58149261387994,42.08725343080509,40.64424587387076,39.250713410691105,37.90495973351637,36.605346694364606,35.35029231095105,34.13826884098505,32.967800922493105,31.837463777901796,30.74588147969677,29.691725275544496,28.673711970840014,27.690602366709896,26.74119975157085,25.824348444406056,24.938932387987702,24.083873790331563,23.258131812731666,22.46070130277628,21.690611570804638,20.946925208313452,20.228736946876303,19.535172556185614,18.865387779877086,18.21856730783993,17.593923783763174,16.990696846708733,16.408152205545818,15.845580745118738,15.302297663061285,14.777641636206038,14.270974015574259,13.781678048966574,13.309158130207992,12.85283907413323,12.412165416430014,11.986600737488079,11.575627009430763,11.178743965534254,10.795468491266927,10.425334036207841,10.067890046127882,9.722701414542982,9.389347953071118,9.067423879949002,8.756537326085235,8.45630985804927,8.16637601741493,7.886382875898317,7.615989605748026,7.3548670648652825,7.102697396148423,6.859173640574528,6.6239993635467505,6.396888294052964,6.177563976196019,5.965759432671885,5.761216839785619,5.56368721360994,5.372930106904036,5.188713316424006,5.010812600268321,4.83901140491455,4.673100601614846,4.51287823182939,4.358149261387994,4.208725343080509,4.064424587387068,3.9250713410691187,3.7904959733516366,3.6605346694364607,3.535029231095112,3.4138268840985115,3.2967800922493105,3.1837463777901793,3.0745881479696706,2.969172527554456,2.867371197084002,2.769060236670989,2.674119975157079,2.582434844440611,2.49389323879877,2.4083873790331563,2.3258131812731615,2.2460701302776322,2.169061157080464,2.0946925208313454,2.0228736946876262,1.9535172556185656,1.886538777987709,1.8218567307839932,1.7593923783763132,1.69906968467087,1.6408152205545816,1.5845580745118737,1.5302297663061286,1.4777641636206071,1.4270974015574258,1.3781678048966575
5.462277217684337e+50,43.82161322858878,42.319141247377786,40.86818316280388,39.46697276452825,38.11380439866736,36.80703089154793,35.54506154464957,34.326360198291674,33.149443361710226,32.01287840724576,30.915281826446687,29.855317545962958,28.831695301182165,27.843169065626377,26.888535534199697,25.966632658438492,25.076338231983026,24.21656852454686,23.38627696272302,22.584452856019244,21.810120166573423,21.062336321049838,20.340191063271586,19.642805346191086,18.96933026185124,18.31894600803341,17.690860890335617,17.08431035846496,16.498556075572456,15.932885019496087,15.386608614819322,14.859061894687565,14.349602691362715,13.857610854530543,13.382487496409299,12.923654262740422,12.48055262877418,12.05264321939331,11.639405152546946,11.240335405195548,10.854948200995077,10.482774418975321,10.123361022491995,9.776270507758188,9.44108037128317,9.117382595571,8.804783152452158,8.502901523444335,8.211370236557869,7.929834418982615,7.657951365111127,7.395390119372941,7.141831073371561,6.896965576834299,6.660495561900896,6.432133180294025,6.211600452929608,5.998628931540817,5.7929593719034775,5.59434141826548,5.402533298595698,5.217301530281806,5.038420635918391,4.865672868839747,4.698847948062972,4.537742802318836,4.382161322858878,4.231914124737779,4.086818316280381,3.9466972764528334,3.8113804398667357,3.680703089154793,3.5545061544649643,3.432636019829174,3.3149443361710227,3.201287840724576,3.0915281826446623,2.985531754596302,2.8831695301182165,2.784316906562637,2.688853553419964,2.5966632658438544,2.507633823198302,2.4216568524546864,2.3386276962722965,2.258445285601929,2.1810120166573426,2.106233632104984,2.0340191063271544,1.9642805346191126,1.896933026185124,1.8318946008033414,1.7690860890335578,1.7084310358464927,1.6498556075572453,1.5932885019496086,1.5386608614819322,1.48590618946876,1.4349602691362713,1.3857610854530542
6.428073117284345e+50,44.105042306207274,42.59285264879936,41.13251006919491,39.7222369335741,38.36031655623893,37.045091109939456,35.77495960784821,34.54837595472336,33.363847064891246,32.21993104475476,31.115235437617468,30.04841552868485,29.018172708181417,28.023252890589212,27.062444988085304,26.134579436318365,25.23852677073138,24.37319625169588,23.537534536785827,22.730524398573134,21.95118348638584,21.198563130519993,20.4717471874511,19.76985092463817,19.09201994356404,18.43742913969988,17.80528169812901,17.194808123606315,16.605265303873658,16.035935605090028,15.486125998276346,14.95516721571075,14.442412936247797,13.947238998570052,13.469042641414179,13.0072417698466,12.561274246695694,12.130597208278155,11.714686403586377,11.313035556132453,10.925155747672006,10.550574823057994,10.18883681549936,9.83950139152572,9.502143314981673,9.176351929398987,8.861730658115922,8.557896521535788,8.264479670936547,7.981122938264542,7.707481401363757,7.44322196411195,7.18802295095201,6.941573715325498,6.703574261531243,6.473734879549147,6.2517757923842465,6.037426815502173,5.830427027941043,5.630524454699827,5.437475760016202,5.251045951160876,5.07100809238749,4.897143028690203,4.7292391190324645,4.567091978722321,4.410504230620727,4.259285264879936,4.113251006919483,3.972223693357419,3.836031655623892,3.704509110993946,3.5774959607848285,3.4548375954723425,3.3363847064891248,3.221993104475476,3.1115235437617406,3.004841552868491,2.9018172708181424,2.8023252890589205,2.706244498808525,2.6134579436318415,2.5238526770731373,2.437319625169588,2.3537534536785776,2.2730524398573175,2.195118348638584,2.1198563130519994,2.047174718745106,1.9769850924638213,1.9092019943564043,1.8437429139699881,1.780528169812897,1.7194808123606278,1.6605265303873655,1.6035935605090026,1.5486125998276348,1.4955167215710783,1.4442412936247797,1.3947238998570053
7.564633275546229e+50,44.43931801486795,42.91566734885585,41.444256713873614,40.02329500326989,38.6510525204459,37.325858873343954,36.04610094112696,34.8102209105713,33.616714379785385,32.46412852694304,31.351060341805113,30.2761549178741,29.238103803105233,28.235643407164243,27.267553463294945,26.332655542922495,25.429811621185998,24.557922691652493,23.715927428527866,22.90280089473449,22.11755329428464,21.35922876742939,20.62690422711784,19.919688235348996,19.236719918049733,18.57716791715678,17.940229378628285,17.325128975151983,16.731117962361406,16.157473267410193,15.603496608796174,15.068513646362899,14.551873160444316,14.052946259153513,13.57112561285044,13.105824714856592,12.656477167516934,12.22253599274008,11.803472966177324,11.398777974230018,11.00795839310258,10.630538489145643,10.2660588397587,9.914075774148115,9.574160833259027,9.245900248224382,8.928894436695606,8.622757516442451,8.327116835629285,8.041612519196672,7.765897030795479,7.499634749740817,7.242501562470324,6.994184468009986,6.754381196966774,6.522799843584746,6.299158510416302,6.0831849651764776,5.874616309362162,5.673198658233267,5.478686831765901,5.290844056201737,5.109441675829904,4.93425887465092,4.765082407583576,4.601706340887688,4.443931801486795,4.291566734885585,4.144425671387354,4.002329500326997,3.86510525204459,3.732585887334395,3.604610094112703,3.4810220910571372,3.3616714379785386,3.2464128526943044,3.135106034180505,3.0276154917874156,2.9238103803105235,2.8235643407164237,2.7267553463294885,2.633265554292255,2.5429811621185996,2.4557922691652494,2.371592742852781,2.2902800894734536,2.2117553294284638,2.1359228767429386,2.0626904227117797,1.991968823534904,1.9236719918049738,1.8577167917156778,1.7940229378628247,1.732512897515195,1.6731117962361406,1.6157473267410192,1.5603496608796175,1.5068513646362933,1.4551873160444313,1.4052946259153514
8.902150854450356e+50,44.83332608305209,43.29616641910033,41.811709956961145,40.37814970966585,38.99374064477242,37.656797560186085,36.36569303281101,35.11885543753341,33.91476703412734,32.75196211975163,31.629025244791848,30.544589489872806,29.497334801946728,28.485986387429403,27.509313160430402,26.566126244186503,25.655277523876002,24.77565824905048,23.926197683984608,23.105861804299334,22.313652038273588,21.54860405131071,20.80978657208153,20.096300258913683,19.40727660504872,18.74187688143302,18.099291115756856,17.47873710649768,16.87945947076857,16.300728724811666,15.741840396018398,15.202114165394796,14.680893039428263,14.177542550347997,13.691449983805336,13.222023633033803,12.76869207858109,12.330903492736356,11.908124967805957,11.499841867419914,11.105557200079472,10.724791014183587,10.357079813797158,10.001975994450698,9.659047298283864,9.32787628787034,9.008059838082856,8.699208645380505,8.400946753920387,8.112911097917301,7.834751059693875,7.566128042883693,7.306715060267362,7.056196335740319,6.81426691992737,6.580632318976535,6.355008136079876,6.1371197252854,5.926701857178186,5.723498396024191,5.527261987983371,5.337753760012902,5.154743029093692,4.978007021426514,4.807330601255724,4.642506008990545,4.4833326083052105,4.329616641910033,4.181170995696107,4.037814970966593,3.8993740644772417,3.7656797560186086,3.6365693032811075,3.5118855437533485,3.3914767034127338,3.2751962119751625,3.1629025244791777,3.054458948987287,2.949733480194673,2.84859863874294,2.750931316043035,2.6566126244186554,2.5655277523876,2.477565824905048,2.392619768398456,2.3105861804299384,2.231365203827359,2.1548604051310716,2.080978657208149,2.0096300258913726,1.9407276605048724,1.8741876881433022,1.8099291115756817,1.7478737106497644,1.687945947076857,1.6300728724811662,1.57418403960184,1.520211416539483,1.4680893039428262,1.4177542550347997
1.0476157527896661e+51,45.29753702384453,43.7444613796144,42.24463463400397,40.79623109023215,39.3974876475309,38.04670165497177,36.74222883887763,35.48248130129402,34.26592558708644,33.09108081730807,31.956516886568174,30.860852722204623,29.802754603143615,28.780934536398163,27.794148689231026,26.841195875071776,25.920916091346715,25.03218910744002,24.17393310106906,23.345103341412248,22.544690917388056,21.7717215095357,21.025254204003833,20.30438034720238,19.608222439724464,18.935933068190813,18.286693873717695,17.659714555751393,17.054231910057997,16.46950889969607,15.90483375784266,15.359519121379527,14.832901194185316,14.32433893911536,13.833213297685306,13.358926436508616,12.900901019570806,12.458579505454663,12.031423468660854,11.618912944197712,11.220545794642431,10.83583709890355,10.46431856193997,10.105537944718812,9.75905851371742,9.42445850930014,9.101330632322046,8.789281548335351,8.487931408794314,8.19691338867648,7.915873239956781,7.644468860391559,7.382369877087012,7.129257244345722,6.884822855301212,6.648769166868262,6.420808837551997,6.200664377675299,5.988067811598349,5.782760351519543,5.584492082460299,5.39302165805071,5.208116006745318,5.029550048111774,4.857106418846754,4.6905752081857095,4.529753702384452,4.37444613796144,4.224463463400389,4.079623109023223,3.93974876475309,3.804670165497177,3.6742228838877704,3.548248130129409,3.426592558708644,3.309108081730807,3.195651688656811,3.0860852722204686,2.980275460314362,2.8780934536398157,2.779414868923097,2.6841195875071833,2.5920916091346715,2.5032189107440015,2.4173933101069007,2.334510334141229,2.2544690917388057,2.1771721509535698,2.102525420400379,2.0304380347202424,1.9608222439724463,1.8935933068190816,1.8286693873717654,1.765971455575136,1.7054231910057995,1.6469508899696066,1.590483375784266,1.5359519121379561,1.4832901194185315,1.432433893911536
1.2328467394420735e+51,45.844285052535454,44.272463553614735,42.75453367546293,41.288647684866476,39.873021200168075,38.50593101918859,37.18571302162233,35.91076014334967,34.679520420203914,33.49049509880844,32.34223681218713,31.233347817924823,30.162478296735404,29.12832470936441,28.129628209827924,27.16517311305444,26.23378541506616,25.33433136389663,24.465716079506905,23.626882221018526,22.816808699642742,22.034509435737522,21.27903215848099,20.5494572466987,19.84489660943504,19.164492604904847,18.507416996510585,17.87286994465298,17.26007903310916,16.668298328791877,16.09680747374646,15.544910808279285,15.011936524150808,14.497235846802402,14.000182245621465,13.520170671283312,13.05661681924164,12.608956418471166,12.176644544596469,11.75915495657087,11.355979456097968,10.966627269016396,10.590624447894054,10.227513295105478,9.876851805689247,9.538213129307996,9.211185050655367,8.895369487678108,8.590382007001876,8.295851355971477,8.011419010735342,7.736738739824697,7.471476182695635,7.215308442721578,6.967923694140213,6.729020802476898,6.4983089579820525,6.2755073216367645,6.060344683295271,5.852559131548599,5.651897734907098,5.458116233914173,5.270978743816049,5.0902574674259835,4.915732417833157,4.747191150618785,4.584428505253546,4.427246355361474,4.275453367546285,4.128864768486656,3.987302120016807,3.8505931019188586,3.71857130216224,3.5910760143349743,3.4679520420203915,3.349049509880844,3.2342236812187073,3.1233347817924884,3.016247829673541,2.9128324709364404,2.812962820982787,2.7165173113054495,2.6233785415066158,2.5334331363896627,2.446571607950685,2.3626882221018577,2.2816808699642745,2.203450943573752,2.127903215848095,2.0549457246698744,1.984489660943504,1.9164492604904848,1.8507416996510544,1.7872869944652943,1.7260079033109157,1.6668298328791877,1.609680747374646,1.554491080827932,1.5011936524150806,1.44972358468024
1.4508287784959314e+51,46.48809624382353,44.8942009734272,43.35495414721907,41.86848208346612,40.43297534166504,39.04668651996063,37.70792812808352,36.41507053321519,35.1665399762826,33.96081665626501,32.7964328801837,31.671971276520146,30.586063069890198,29.5373864148719,28.524664786960855,27.546665428692485,26.602197849041623,25.6901123742709,24.809298748465814,23.95868478205107,23.137235046644893,22.34394961466089,21.57786284212476,20.83804219322278,20.12358710515262,19.433627891893316,18.76732468556134,18.1238664140628,17.50246981379858,16.90237847621935,16.32286192707105,15.763214737209063,15.222755663899177,14.700826821560069,14.196792880937835,13.71004029573753,13.239976555770522,12.78602946570863,12.347646448566929,11.924293873067338,11.515456404064224,11.120636375241672,10.739353183318103,10.371142703021661,10.015556722123426,9.672162395841486,9.340541719951037,9.020291021959792,8.711020469728686,8.412353596940363,8.12392684483721,7.845389119671676,7.57640136532962,7.316636150607003,7.065777270637001,6.823519361982851,6.58956753092745,6.363636994507659,6.145452733855936,5.934749159427718,5.73126978770668,5.5347669289946655,5.345001385905931,5.161742162198975,4.984766181591319,4.813858016215003,4.648809624382353,4.4894200973427205,4.335495414721898,4.186848208346621,4.043297534166504,3.904668651996063,3.7707928128083594,3.6415070533215266,3.5166539976282607,3.3960816656265007,3.279643288018363,3.1671971276520208,3.0586063069890197,2.9537386414871896,2.8524664786960794,2.754666542869254,2.6602197849041618,2.56901123742709,2.480929874846576,2.3958684782051116,2.3137235046644893,2.234394961466089,2.1577862842124715,2.0838042193222823,2.012358710515262,1.943362789189332,1.8767324685561302,1.8123866414062766,1.7502469813798578,1.690237847621935,1.6322861927071048,1.5763214737209097,1.5222755663899177,1.470082682156007
1.7073526474706887e+51,47.24607474123898,45.62619134829713,44.06184743077423,42.551138756956114,41.09222638379786,39.68333441842957,38.32274785641283,37.00881049411349,35.739922912652354,34.51454053097707,33.33117172568786,32.188376015325765,31.08476230691584,30.018987202628374,28.989753364499077,27.995807935215765,27.035941013050927,26.108984179082032,25.213809074908607,24.349326029132943,23.51448273093427,22.708262949120083,21.929685295096974,21.177802028253605,20.451697902303167,19.750489051179557,19.073321913132467,18.419372191710448,17.787843852368397,17.177968153476876,16.58900271055484,16.020230592585897,15.470959449318284,14.940520668486558,14.428268561928778,13.933579579608486,13.45585155058475,12.994502950006563,12.548972191239075,12.118716942259994,11.703213465494017,11.30195598028205,10.914456047208487,10.540241973537865,10.178858239036435,9.829864941480407,9.492837261175215,9.167364943834654,8.853051801189746,8.5495152287201,8.256385739920075,7.973306516533422,7.699932974208353,7.435932343044858,7.180983262523175,6.9347753903208185,6.697009024541498,6.467394738896582,6.245653030394529,6.0315139791098815,5.824716919617263,5.625010123690802,5.432150493882379,5.245903267606026,5.066041731368042,4.89234694479501,4.724607474123898,4.562619134829713,4.406184743077414,4.255113875695621,4.109222638379785,3.9683334418429563,3.832274785641291,3.7008810494113566,3.573992291265235,3.451454053097707,3.333117172568779,3.2188376015325826,3.1084762306915845,3.0018987202628367,2.898975336449902,2.799580793521582,2.7035941013050926,2.610898417908203,2.521380907490855,2.434932602913299,2.3514482730934265,2.2708262949120086,2.192968529509693,2.117780202825365,2.045169790230317,1.9750489051179558,1.9073321913132426,1.841937219171041,1.7787843852368397,1.7177968153476872,1.658900271055484,1.6020230592585931,1.5470959449318284,1.4940520668486557
2.009233002565054e+51,48.13835734244224,46.48788106373334,44.89399317102205,43.35475346954678,41.8682882862476,40.43278818899621,39.04650578402602,37.7077535888782,36.41490197827767,35.166377200435555,33.96065946136614,32.79628107488395,31.671824676031353,30.58592149575959,29.537249694765393,28.524532754452807,27.54653792306357,26.602074715082722,25.68999346209463,24.80918391332363,23.958573884157488,23.137127951006953,22.343846190914178,21.57776296437438,20.837945739890447,20.123493958828334,19.433537939192767,18.76723781698756,18.123782523873206,17.502388799875934,16.902300239947728,16.322786373215678,15.763141773800337,15.22268520212076,14.700758775640859,14.196727168047484,13.70997683588556,13.239915271709021,12.785970282838264,12.34758929484609,11.924238678924356,11.51540310231288,11.1205849009992,10.739303473926405,10.371094697970854,10.015510362978356,9.672117626170435,9.340498485257188,9.020249269614732,8.710980148908499,8.41231465856362,8.123889241505356,7.845352805611203,7.576366296336478,7.316602283992667,7.065744565176624,6.823487777864973,6.5895370297056415,6.363607539053619,6.145424288314394,5.9347216891726955,5.731243259299433,5.534741310142892,5.344976645424534,5.161718269972079,4.984743108535577,4.813835734244225,4.648788106373335,4.489399317102197,4.335475346954687,4.18682882862476,4.043278818899622,3.9046505784026095,3.7707753588878274,3.641490197827767,3.5166377200435552,3.396065946136607,3.279628107488402,3.1671824676031353,3.058592149575958,2.953724969476533,2.8524532754452863,2.7546537923063568,2.660207471508272,2.5689993462094574,2.480918391332368,2.395857388415749,2.3137127951006953,2.2343846190914136,2.1577762964374423,2.083794573989045,2.0123493958828336,1.9433537939192727,1.8767237816987523,1.8123782523873206,1.7502388799875936,1.6902300239947727,1.6322786373215714,1.5763141773800335,1.5222685202120758
2.364489412645388e+51,49.18864857844899,47.50216191495621,45.873498292924054,44.30067518607679,42.781778041222665,41.314957947721624,39.8984293868593,38.53046805838468,37.2094087815688,35.93364346822655,34.701619165236934,33.51183616417643,32.36284617576685,31.25325056691307,30.18169865818698,29.146886079683018,28.147553183245968,27.18248350913632,26.250502305268622,25.350475097218467,24.481306307259196,23.641937920745654,22.831348198223203,22.048550431692714,21.292591743519132,20.562551926520086,19.857542323823964,19.176704747132636,18.519210432073418,17.884259029367232,17.271077630586273,16.67891982731432,16.107064802564707,15.554816453350234,15.021502543336725,14.506473884548605,14.009103547130655,13.528786096204055,13.064936854887613,12.616991192587072,12.184403837686117,11.766648213802812,11.363215798802822,10.973615505789963,10.597373085319793,10.234030548109319,9.883145607539394,9.544291141271863,9.217054671325432,8.901037861978008,8.595856034883715,8.30113770081495,8.016524107458876,7.741668802718499,7.476237212986166,7.219906235876682,6.972363846923775,6.733308719761624,6.502449859328674,6.279506247647659,6.064206501750245,5.8562885433302965,5.655499279723261,5.46159429582368,5.274337556565553,5.093501119603478,4.918864857844899,4.750216191495622,4.587349829292397,4.4300675186076885,4.278177804122266,4.131495794772162,3.9898429386859378,3.8530468058384755,3.72094087815688,3.593364346822655,3.470161916523686,3.35118361641765,3.2362846175766853,3.125325056691307,3.0181698658186917,2.9146886079683076,2.814755318324597,2.718248350913632,2.6250502305268566,2.5350475097218514,2.4481306307259194,2.3641937920745657,2.283134819822316,2.204855043169276,2.1292591743519136,2.0562551926520087,1.985754232382392,1.9176704747132598,1.8519210432073416,1.7884259029367227,1.7271077630586276,1.667891982731436,1.6107064802564706,1.5554816453350233
2.7825594022071144e+51,50.42485052809691,48.695979327485986,47.02638436858927,45.41403330056952,43.856963453963104,42.35327945157714,40.90115090130105,39.498810168021144,38.14455022192899,36.83672256060147,35.573735202326034,34.35405074822555,33.17618451082668,32.03870270679114,30.940220711612206,29.87940137414989,28.85495338895506,27.86562972439927,26.910226104698804,25.9875795439833,25.09656693062629,24.23610366011272,23.40514231478082,22.602671388829783,21.827714057042662,21.07932698572425,20.3565991844079,19.658650896932212,18.984632530539034,18.3337236216878,17.705131837328718,17.098092010417982,16.511865208501447,15.945737834233057,15.399020756733016,14.871048472728136,14.361178296453412,13.868789577328856,13.393282944459084,12.934079577036009,12.490620499756488,12.062365902397682,11.648794482721058,11.24940281190611,10.863704721740447,10.491230712821142,10.131527383046178,9.784156875701028,9.448696346467857,9.124737448709245,8.811885836399176,8.509760684096896,8.217994223378714,7.936231295164005,7.664128917389955,7.401355867509302,7.1475922793023425,6.902529253512933,6.665868481834027,6.437321883785495,6.216611256041782,6.003467933782947,5.797632463656464,5.598854287952053,5.406891439604824,5.221510247655563,5.042485052809691,4.869597932748599,4.702638436858918,4.541403330056961,4.38569634539631,4.235327945157714,4.090115090130113,3.949881016802123,3.814455022192899,3.683672256060148,3.5573735202325967,3.435405074822562,3.317618451082668,3.2038702706791136,3.094022071161214,2.9879401374149945,2.885495338895506,2.786562972439927,2.6910226104698745,2.598757954398335,2.5096566930626296,2.4236103660112724,2.3405142314780774,2.2602671388829827,2.182771405704267,2.1079326985724256,2.0356599184407855,1.9658650896932173,1.898463253053903,1.8333723621687796,1.7705131837328718,1.7098092010418022,1.6511865208501448,1.5945737834233056
3.274549162877732e+51,51.87980411559633,50.101048238495345,48.383278953850976,46.72440526957841,45.12240788554588,43.57533673553679,42.08130861348988,40.63850488112493,39.24516925416634,37.89960566446718,36.60017619543396,35.34529908823633,34.13344681637727,32.96314422627763,31.832966741613834,30.7415386292208,29.687531324451285,28.669661813951112,27.686691073883704,26.737422561700853,25.82070075962571,24.935409768073132,24.080471947297035,23.254846605609536,22.4575287325767,21.68754777564734,20.943966458727115,20.22587964125844,19.532413216418806,18.862723047094804,18.215993938338176,17.59143864505186,16.988296913698665,16.40583455686618,15.843342559561219,15.300136216145786,14.77555429686418,14.268958242946727,13.779731389310248,13.307278213909026,12.851023612822502,12.410412200197714,11.984907632193554,11.573991954104732,11.177164969869954,10.793943633197534,10.423861459566602,10.066467958388841,9.72132808463882,9.388021709286127,9.066143107884004,8.75530046669257,8.455115405734862,8.165222518205708,7.885268925672205,7.614913848524877,7.3538281911561505,7.101694141361681,6.858204783476401,6.623063724774859,6.395984734680601,6.176691396345878,5.964916770177112,5.7604030688969425,5.56290134374702,5.372171181449671,5.187980411559633,5.010104823849535,4.838327895385088,4.6724405269578515,4.512240788554588,4.357533673553679,4.208130861348997,4.063850488112502,3.9245169254166337,3.7899605664467177,3.660017619543389,3.53452990882364,3.413344681637727,3.296314422627762,3.183296674161377,3.0741538629220857,2.9687531324451286,2.8669661813951115,2.768669107388364,2.6737422561700908,2.5820700759625708,2.493540976807313,2.408047194729699,2.3254846605609583,2.2457528732576706,2.1687547775647342,2.0943966458727066,2.02258796412584,1.95324132164188,1.88627230470948,1.8215993938338173,1.75914386450519,1.6988296913698664,1.640583455686618
3.853528593710551e+51,53.592161593791005,51.75469566602658,49.98022926907585,48.26660239505887,46.611729094330805,45.01359493631353,43.470254557386866,41.97982929285156,40.540504890084534,39.150529300099606,37.808210544828384,36.51191465752245,35.260063693772395,34.05113381071994,32.88365341212765,31.756201357045782,30.66740522989806,29.61593966987835,28.600524757626896,27.619924457220076,26.67294511157923,25.758433989465143,24.875277882291208,24.02240174904568,23.198767407674918,22.403372271333318,21.63524812796299,20.89345996171618,20.177104814787203,19.485310688267063,18.817235480684037,18.172065962937236,17.549016788375646,16.94732953681791,16.366271791348908,15.805136246769232,15.263239848612454,14.73992296168228,14.234548567097276,13.74650148686572,13.275187635046663,12.820033294586127,12.380484418947255,11.956005957685335,11.546081205145766,11.15021117149306,10.767913975304383,10.398724256989095,10.042192612319464,9.697885045383755,9.365382440295079,9.044280051013617,8.734187008660529,8.434725845724438,8.145532036580748,7.866253553765009,7.596550439459696,7.33609439167327,7.084568364607308,6.841666182725711,6.607092168055756,6.380560780267741,6.161796269094707,5.950532338669492,5.746511823370261,5.549486374780015,5.359216159379101,5.175469566602658,4.998022926907575,4.826660239505896,4.6611729094330805,4.5013594936313535,4.347025455738695,4.197982929285165,4.054050489008453,3.9150529300099604,3.7808210544828302,3.6511914657522526,3.5260063693772397,3.405113381071993,3.2883653412127583,3.175620135704585,3.0667405229898055,2.9615939669878353,2.8600524757626835,2.761992445722013,2.6672945111579227,2.575843398946514,2.4875277882291162,2.402240174904573,2.319876740767492,2.240337227133332,2.1635248127962945,2.0893459961716134,2.01771048147872,1.948531068826706,1.8817235480684038,1.8172065962937276,1.7549016788375646,1.694732953681791
4.5348785081285544e+51,55.60741339614594,53.70085235423478,51.8596598447645,50.081594636041,48.36449233945271,46.70626277482055,45.10488742608144,43.55841698420479,42.06496897435442,40.62272546440428,39.22993085202173,37.88488972762163,36.585964810592756,35.331574956281656,34.120193231310516,32.95034505488363,31.820606403822374,30.729602079141426,29.67600403205837,28.658529747396848,27.67594068241756,26.72704075917462,25.81067490856408,24.925727664290484,24.07112180504161,23.24581704321697,22.44880875861546,21.679126775539142,20.93583418182612,20.218026188373432,19.524829027763115,18.85539889064965,18.208920898614565,17.58460811223802,16.981700573179715,16.399464379102994,15.837190790316129,15.294195367043601,14.769817136276899,14.263417787190699,13.774380894144972,13.302111166327693,12.84603372312388,12.40559339432986,11.980254044360043,11.569497919624393,11.172825018281406,10.789752481600159,10.41981400618981,10.062559276381835,9.71755341607327,9.384376459364491,9.0626228393464,8.751900894415426,8.451832391514762,8.162052065722072,7.882207175622676,7.611957073927503,7.35097279281264,7.0989366434761925,6.855541829424559,6.620492073017827,6.393501254819256,6.1742930653102395,5.962600668546504,5.758166377346197,5.560741339614594,5.3700852354234785,5.18596598447644,5.008159463604111,4.836449233945269,4.670626277482055,4.510488742608153,4.355841698420488,4.206496897435442,4.062272546440428,3.922993085202165,3.788488972762171,3.6585964810592757,3.5331574956281653,3.4120193231310445,3.2950345054883687,3.1820606403822365,3.072960207914143,2.9676004032058305,2.8658529747396906,2.7675940682417557,2.672704075917462,2.581067490856403,2.4925727664290536,2.407112180504161,2.3245817043216968,2.2448808758615413,2.1679126775539097,2.0935834181826114,2.0218026188373432,1.9524829027763115,1.8855398890649693,1.8208920898614562,1.7584608112238018
5.3366992312063016e+51,57.979096638211644,55.99121984005655,54.07149957406181,52.217599018910896,50.42726147376466,48.698307611242235,47.02863282458817,45.416204665793096,43.859060371552985,42.355304474051955,40.90310649366351,39.50069871075866,38.146374013911355,36.83848382187923,35.575436076832816,34.35569330638791,33.177770752084335,32.040234562030804,30.941700045518058,29.88082998747335,28.856333020706813,27.866962053966127,26.911512753887955,25.9888220789965,25.097766863966363,24.237262452424655,23.406261376629804,22.603752082418232,21.8287576978684,21.0803348441818,20.357572487334878,19.659590829102903,18.985540236106303,18.334600205576024,17.705978366578737,17.098909515485975,16.51265468451325,15.946500242195555,15.39975702470391,14.871759496945653,14.36186494242724,13.869452680893826,13.393923312792428,12.934697989640028,12.491217709407405,12.062942636061948,11.649351442440292,11.249940675651663,10.864224144238683,10.491732326350414,10.13201179820648,9.784624682157267,9.449148113667636,9.12517372657603,8.812307156001701,8.51016755829563,8.218387147450137,7.9366107474035035,7.664495359694036,7.401709745937842,7.147934024621566,6.902859281719778,6.666187194662517,6.437629669195751,6.216908488692326,6.003754975486686,5.797909663821164,5.599121984005656,5.407149957406172,5.2217599018911,5.042726147376465,4.8698307611242235,4.702863282458826,4.541620466579319,4.385906037155299,4.235530447405195,4.090310649366343,3.9500698710758746,3.8146374013911357,3.683848382187922,3.5575436076832747,3.435569330638798,3.3177770752084332,3.2040234562030805,3.094170004551799,2.9880829987473407,2.8856333020706817,2.7866962053966127,2.6911512753887896,2.598882207899655,2.5097766863966364,2.4237262452424657,2.3406261376629756,2.2603752082418187,2.1828757697868397,2.1080334844181796,2.035757248733488,1.9659590829102946,1.8985540236106302,1.8334600205576026
6.280291441834272e+51,60.77021737281178,58.68664394482158,56.674508112705055,54.731360560284465,52.854835948868946,51.04265003799355,49.292596904878714,47.602546259221704,45.97044085005533,44.39429396151347,42.872186994458694,41.40226713102498,39.98274507923543,38.61189289494702,37.28804187847356,36.009580543324006,34.77495265458611,33.582655334564855,32.431237233372514,31.3192967622408,30.2454803874069,29.208480982494564,28.207036237386465,27.23992712164931,26.305976400642884,25.404047202505136,24.533041634270553,23.691899445435595,22.8795967373461,22.09514471683394,21.337588492587326,20.606005912788422,19.89950644260386,19.217230080161904,18.55834630969652,17.92205309058388,17.30757588104086,16.714166695297283,16.14110319309397,15.587687800398294,15.053246860266864,14.537129812822185,14.038708403344202,13.557375917513806,13.092546442876385,12.643654155627342,12.210152631850512,11.791514182371989,11.387229210418745,10.99680559130107,10.619768073362886,10.255657699471485,9.904031248341793,9.56446069501577,9.236532689839551,8.919848055304717,8.614021300140635,8.318680150066958,8.0334650946345,7.758028949603452,7.49203643432566,7.2351637636170905,6.987098253623136,6.747537941197478,6.516191216330836,6.292776467182293,6.077021737281179,5.868664394482159,5.667450811270495,5.4731360560284585,5.285483594886895,5.104265003799355,4.92925969048788,4.7602546259221805,4.597044085005533,4.439429396151347,4.2872186994458605,4.140226713102506,3.9982745079235427,3.8611892894947015,3.728804187847348,3.6009580543324082,3.47749526545861,3.358265533456485,3.2431237233372445,3.1319296762240865,3.0245480387406904,2.9208480982494565,2.8207036237386407,2.7239927121649368,2.6305976400642885,2.540404720250514,2.4533041634270503,2.3691899445435545,2.2879596737346097,2.2095144716833937,2.1337588492587325,2.0606005912788468,1.9899506442603858,1.9217230080161902
7.390722033525714e+51,64.05492438042785,61.85873117690163,59.737836861538575,57.68965972952784,55.71170659263467,53.80156974431177,51.956924028867036,50.17552401111614,48.45520124307859,46.793861624386274,45.189482853195045,43.64011196449291,42.14386295281158,40.69891447644454,39.30350764037982,37.955943855246105,36.65458276966843,35.397840273514106,34.18418656960078,33.01214431151689,31.8802868052901,30.787236272712498,29.731662174210502,28.712279589216145,27.72784765206995,26.77716804154974,25.85908352218847,24.97247653560368,24.11626784012569,23.289415197066674,22.49091210203333,21.7197865597373,20.975099900812644,20.255945639200185,19.561448368707726,18.890762697402657,18.243072218540163,17.617588516774404,17.01355020844281,16.43022201475519,15.866893866759469,15.322880040995049,14.797518324780716,14.290169210122075,13.800215115256274,13.327059632887385,12.870126804196401,12.428860417743032,12.002723332405003,11.591196823531527,11.19377995151422,10.809988952007648,10.43935664705645,10.081431876412964,9.735778948352433,9.40197710931791,9.079620031748675,8.768315319469306,8.467684030036741,8.177360213464484,7.896990466761858,7.6262335037466595,7.364759739606988,7.112250889707064,6.868399582148269,6.63290898361398,6.405492438042786,6.1858731176901625,5.973783686153846,5.768965972952796,5.571170659263466,5.380156974431177,5.195692402886714,5.017552401111625,4.845520124307859,4.679386162438628,4.518948285319495,4.3640111964493,4.214386295281158,4.069891447644454,3.930350764037974,3.795594385524618,3.6654582769668425,3.5397840273514105,3.418418656960071,3.301214431151696,3.1880286805290106,3.07872362727125,2.9731662174210443,2.8712279589216205,2.772784765206995,2.677716804154974,2.585908352218841,2.4972476535603634,2.4116267840125687,2.328941519706667,2.249091210203333,2.171978655973735,2.097509990081264,2.0255945639200186
8.697490026177799e+51,67.92047895794569,65.59175098409355,63.34286599809146,61.17108649569638,59.07376883099543,57.04835999836937,55.09239452479196,53.20349146867809,51.37935152163176,49.617754209562015,47.91655518976324,46.273683640666505,44.68713974108772,43.15499223590089,41.67537608517655,40.246490193920536,38.86659521965256,37.53401145515299,36.24711678380334,35.0043447050288,33.804182427441916,32.645169027363764,31.525893670483267,30.444993894487876,29.40115395057721,28.393103201838592,27.419614576537118,26.47950307443534,25.57162432432644,24.694873191022914,23.84818243010714,23.03052138880467,22.240894751399566,21.478341327664815,20.741932882832632,20.030773007680388,19.343996027356866,18.68076594762079,18.040275437208688,17.421744845093237,16.824421251435965,16.247577551079434,15.690511568462354,15.15254520288135,14.633023603057872,14.131314370006427,13.646806787232924,13.178911077326935,12.727057684042068,12.29069657899144,11.869296592113434,11.462344765093558,11.069345726954586,10.689821091055608,10.323308872765315,9.969362927101296,9.627552405650173,9.29746123210816,8.978687595802947,8.670843462581058,8.37355410246468,8.086457633503581,7.809204581266277,7.541457453434786,7.282890328984704,7.033188461450701,6.792047895794569,6.559175098409354,6.3342865998091336,6.1171086495696505,5.907376883099541,5.704835999836938,5.509239452479208,5.3203491468678195,5.137935152163177,4.961775420956202,4.791655518976314,4.627368364066661,4.4687139741087725,4.315499223590089,4.167537608517646,4.024649019392062,3.8866595219652553,3.753401145515299,3.6247116783803257,3.5004344705028867,3.380418242744192,3.264516902736377,3.15258936704832,3.044499389448794,2.9401153950577212,2.839310320183859,2.7419614576537055,2.6479503074435287,2.5571624324326434,2.469487319102291,2.384818243010714,2.3030521388804717,2.2240894751399565,2.1478341327664814
1.0235310218990268e+52,72.46957303257938,69.98487438846968,67.58536635738146,65.26812808588856,63.03033886522254,60.86927469770235,58.78230498089003,56.76688930543131,54.82057436268821,52.940990958394515,51.12585112870346,49.372945355112996,47.680139874882094,46.045374083660725,44.46665802717512,42.94206997891185,41.46975410085511,40.04791818442664,38.67483146888161,37.34882253450166,36.068277268023465,34.831636897823664,33.63739609647064,32.484101148331405,31.370348180005074,30.294781451426918,29.256091705564668,28.253014574696433,27.28432904133202,26.348855951902287,25.44545658140922,24.573031247287922,23.730517970793944,22.91689118428666,22.131160482834783,21.372369418624295,20.639594336701414,19.931943250633594,19.248554756719656,18.588596985427298,17.951266588781674,17.33578776247283,16.74141130149071,16.16741368813933,15.613096211318801,15.07778411600432,14.560825781885631,14.06159193016828,13.57947485757002,13.113887696581015,12.664263701086337,12.230055556482135,11.810734713444791,11.405790744542958,11.014730722908439,10.637078622210417,10.27237473720184,9.920175124133383,9.580051060353073,9.251588522434457,8.934387682197416,8.628062420008757,8.332239854769524,8.046559890017484,7.770674775591812,7.504248684326595,7.246957303257938,6.9984874388469684,6.758536635738134,6.52681280858887,6.303033886522252,6.086927469770235,5.878230498089014,5.676688930543143,5.482057436268821,5.294099095839451,5.1125851128703355,4.93729453551131,4.768013987488209,4.604537408366071,4.446665802717503,4.2942069978911945,4.146975410085511,4.004791818442664,3.867483146888153,3.7348822534501727,3.6068277268023463,3.4831636897823666,3.3637396096470575,3.2484101148331472,3.137034818000508,3.0294781451426913,2.9256091705564606,2.8253014574696373,2.7284329041332014,2.6348855951902284,2.544545658140922,2.4573031247287975,2.3730517970793943,2.291689118428666
1.2045035402587884e+52,77.8230571822369,75.15480847357891,72.57804359283833,70.08962591682707,67.68652636491727,65.3658197118258,63.12468102682114,60.96038223501389,58.8702887965491,56.85185649965433,54.9026283636434,53.02023164810217,51.202374964619445,49.44684548754371,47.75150626037369,46.1142935945007,44.53321455713952,43.00634454538678,41.53182494345686,40.10786086024063,38.73271894443585,37.4047252745869,36.122263321467976,34.88377198032711,33.68774367059801,32.53272250076415,31.41730249614372,30.34012588743569,29.29988145794617,28.29530294748075,27.32516751096214,26.38829422989518,25.483542674867962,24.609811517339406,23.766037189023177,22.951192587235944,22.16428582463413,21.404359021817587,20.67048714133006,19.96177686163713,19.277365489710974,18.616419910898802,17.978135574795534,17.36173551588764,16.7664694077746,16.191612649818076,15.636465485105708,15.10035214865702,14.582620044833536,14.082638952952758,13.599800260138087,13.133516220471748,12.683219239548064,12.248361183557009,11.82841271205617,11.422862633619784,11.031217283579611,10.65299992310108,10.287750158862366,9.935023382630753,9.59439023005342,9.26543605800449,8.947760439851486,8.640976678027435,8.344711333314768,8.05860377026825,7.782305718223689,7.51548084735789,7.257804359283819,7.008962591682721,6.768652636491726,6.53658197118258,6.312468102682128,6.096038223501401,5.887028879654909,5.685185649965433,5.490262836364329,5.302023164810228,5.120237496461944,4.9446845487543705,4.775150626037359,4.611429359450079,4.453321455713952,4.300634454538678,4.1531824943456765,4.010786086024071,3.8732718944435858,3.7404725274586905,3.6122263321467907,3.488377198032719,3.3687743670598014,3.2532722500764155,3.141730249614365,3.034012588743562,2.9299881457946166,2.8295302947480745,2.7325167510962136,2.6388294229895237,2.5483542674867965,2.460981151733941
1.4174741629267962e+52,84.12315103445894,81.23889671134339,78.45353220509901,75.76366697009907,73.16602670928584,70.65744938846004,68.23488138722702,65.89537378190956,63.636078755907455,61.45424613312963,59.34722003028345,57.312435623941866,55.34741602845722,53.449769280917266,51.617185429477175,49.84743372151936,48.13835988822218,46.48788352222844,44.89399554522496,43.35475576234754,41.868290500437155,40.43279032726987,39.046507848986614,37.70775558303936,36.41490390406683,35.16637906019693,33.96066125736357,32.79628280930364,31.67182635098456,30.58592311328519,29.537251256832292,28.524534262962597,27.54653937985245,26.602076121924,25.68999482070076,24.80918522534851,23.958575151198165,23.13712917460575,22.343847372560507,21.57776410550672,20.837946841897768,20.12349502305217,19.43353896692848,18.767238809486276,18.123783482342976,17.502389725483557,16.902301133819876,16.322787236440444,15.763142607428462,15.222686007167061,14.70075955308527,14.19672791883636,13.709977560932792,13.239915971897242,12.785970959019764,12.347589947843966,11.924239309533485,11.515403711300886,11.120585489107386,10.739304041870657,10.371095246442518,10.015510892645066,9.672118137676943,9.340498979226115,9.020249746647412,8.710980609585594,8.412315103445895,8.123889671134338,7.845353220509885,7.576366697009921,7.3166026709285825,7.065744938846004,6.823488138722715,6.589537378190969,6.363607875590745,6.145424613312962,5.934722003028333,5.731243562394199,5.534741602845722,5.344976928091727,5.161718542947708,4.984743372151945,4.813835988822218,4.6487883522228435,4.489399554522486,4.335475576234763,4.186829050043716,4.043279032726987,3.904650784898654,3.770775558303944,3.6414903904066835,3.5166379060196933,3.396066125736349,3.2796282809303574,3.1671826350984555,3.058592311328518,2.9537251256832295,2.852453426296266,2.7546539379852453,2.6602076121924
1.6681005372000556e+52,91.53722133238371,88.39876749289587,85.36791897897112,82.44098642422628,79.61440695624403,76.88473985958751,74.24866238751589,71.70296571729702,69.24455104419957,66.87042580940398,64.57770005724646,62.363582917356204,60.22537920740876,58.1604861523556,56.1663902161405,54.240664042042,52.38096349792156,50.58502482277669,48.850661871129425,47.17576345189231,45.55829075847579,43.99627488700584,42.4878144396334,41.031073210015805,39.6242779481553,38.265716201871165,36.95373423228061,35.6867350007485,34.46317622485791,33.2815685010326,32.14047349152863,31.03850217358615,29.974313148611074,28.946611009328546,27.954144762920333,26.99570630822646,26.07012896515759,25.176286054528454,24.313089526583095,23.47948863654257,22.674468665562756,21.897049685546126,21.146285366302525,20.42126182360848,19.72109650676139,19.04493712427579,18.39196060641265,17.76137210328009,17.152404017284773,16.56431506875727,15.996389393612967,15.44793567195118,14.918286286530693,14.406796510098355,13.912843720580565,13.43582664318322,12.975164618476626,12.530296895575406,12.100681949552039,11.685796822254046,11.285136485721598,10.898213227431418,10.5245560566179,10.163710130949497,9.815236202861918,9.478710084874413,9.153722133238372,8.839876749289589,8.536791897897096,8.244098642422646,7.961440695624402,7.688473985958751,7.424866238751604,7.170296571729717,6.924455104419956,6.687042580940398,6.457770005724633,6.236358291735633,6.022537920740876,5.81604861523556,5.616639021614038,5.42406640420421,5.238096349792156,5.058502482277669,4.885066187112932,4.71757634518924,4.55582907584758,4.399627488700585,4.248781443963331,4.103107321001589,3.962427794815531,3.8265716201871163,3.695373423228053,3.568673500074843,3.446317622485791,3.3281568501032597,3.214047349152863,3.103850217358622,2.997431314861107,2.894661100932854
1.9630406500402764e+52,100.2622280379729,96.82462779228948,93.50488943418215,90.2989719398112,87.2029728362637,84.21312345118189,81.32578432526604,78.537440782062,75.84469864964602,73.24428012899371,70.73301980400909,68.30786078835165,65.96585100437596,63.70413958964982,61.51997342668084,59.410693791623245,57.3737331178893,55.406611870721974,53.50693552892821,51.672391670094854,49.900747155743105,48.189845412991076,46.53760380941934,44.94201111794046,43.401125068589764,41.91306998425416,40.476034497464035,39.08826934546605,37.74808524089563,36.453850815454416,35.203990634092264,33.996983277274374,32.831359489000036,31.70570038831894,30.618635742167534,29.568842297422854,28.555042170143683,27.576001290038676,26.630527898267427,25.717471096746056,24.835719447191163,23.984199618197838,23.16187507870315,22.367744836246555,21.600842218489607,20.860233696513394,20.14501774845976,19.454323762134518,18.787310975235442,18.143167451916405,17.521109094440423,16.92037868871994,16.34024498258116,15.780001795631723,15.238967159646933,14.716482488429367,14.211911776130208,13.724640823057525,13.254076488028076,12.799645966353516,12.360796092581179,11.936992667141594,11.527719806082235,11.132479313096681,10.750790073084273,10.382187466502197,10.026222803797292,9.682462779228947,9.350488943418195,9.029897193981139,8.72029728362637,8.421312345118189,8.132578432526618,7.8537440782062165,7.584469864964601,7.3244280128993715,7.0733019804008945,6.830786078835179,6.596585100437597,6.370413958964981,6.151997342668071,5.941069379162336,5.7373733117889305,5.540661187072199,5.350693552892809,5.167239167009496,4.990074715574311,4.818984541299108,4.653760380941924,4.494201111794055,4.3401125068589765,4.191306998425416,4.047603449746395,3.908826934546597,3.774808524089562,3.645385081545441,3.520399063409226,3.399698327727445,3.2831359489000036,3.1705700388318943
2.310129700083139e+52,110.52995659030572,106.74031603108823,103.0806074469761,99.5463759779655,96.13331950380531,92.83728340714597,89.65425551624274,86.58036122105037,83.61185875677135,80.74513464910972,77.97669931569203,75.30318281829595,72.72133076072087,70.22800032730181,67.82015645724994,65.49486815015753,63.249304898174906,61.08073324051212,58.98651343607517,56.96409625018275,55.01101985145571,53.1249068150983,51.30346122892685,49.54446589861985,47.845779648790696,46.20533471659443,44.621134234699255,43.091249800555396,41.61381912900595,40.18704378537886,38.80918699630382,37.478571535586816,36.19357768256976,34.95264125049045,33.7542516824423,32.59695021261588,31.47932809058431,30.400024866471263,29.357726734913825,28.351164935804213,27.379114209863623,26.44039130716919,25.53385354681674,24.658397425967987,23.81295727658727,22.996503968234318,22.20804365533241,21.446616567388574,20.711295840691665,20.001186390067698,19.315423819317562,18.65317336901224,18.013628900363422,17.396011913933762,16.79957060199122,16.223578933354997,15.667335769617965,15.130164011670969,14.611409775488903,14.110441596176393,13.62664965930315,13.159445058594308,12.708259079071205,12.272542504770874,11.85176495020087,11.445414214715917,11.052995659030572,10.674031603108824,10.308060744697592,9.954637597796571,9.613331950380529,9.283728340714598,8.965425551624291,8.658036122105054,8.361185875677137,8.074513464910972,7.797669931569186,7.530318281829612,7.272133076072088,7.02280003273018,6.78201564572498,6.549486815015765,6.324930489817491,6.108073324051212,5.898651343607503,5.696409625018285,5.501101985145572,5.31249068150983,5.130346122892674,4.954446589861996,4.78457796487907,4.620533471659443,4.462113423469916,4.309124980055531,4.161381912900594,4.018704378537884,3.8809186996303824,3.7478571535586904,3.6193577682569757,3.4952641250490446
2.718588242732929e+52,122.61317532126216,118.40924838031324,114.34945767658812,110.42886134140664,106.64268694346721,102.98632567949883,99.45532676409695,96.04539201190595,92.75237060556111,89.57225404301435,86.50117125809906,83.53538390838919,80.67128182462177,77.90537861613844,75.23430742700175,72.65481683761514,70.16376690686292,67.7581253499472,65.43496384727447,63.191454479893515,61.02486628715066,58.93256194236732,56.91199454249767,54.960704507854445,53.076316588132876,51.25653697108473,49.49915049032609,47.80201792887712,46.16307341515429,44.58032190824249,43.051836769388586,41.57575741675827,40.150287060601954,38.77369051607362,37.444292091039344,36.160473546304424,34.92067212577624,33.72337865416564,32.56713569991043,31.450535801085017,30.372219752136463,29.33087494936241,28.325233793115107,27.35407214478858,26.41620783670883,25.510499233114885,24.635843840477396,23.79117696546476,22.975470418921578,22.187731264283403,21.42700060890268,20.692352436816158,19.982892481531433,19.2977571374619,18.636112408683744,17.997152893736512,17.380100805230366,16.7842050230677,16.208740180125584,15.653005779287087,15.116325340745647,14.598045578545523,14.09753560535502,13.614186164505316,13.147408888359449,12.696635582108913,12.261317532126217,11.840924838031325,11.43494576765879,11.042886134140687,10.664268694346717,10.298632567949886,9.945532676409716,9.604539201190613,9.27523706055611,8.957225404301434,8.650117125809889,8.353538390838937,8.067128182462177,7.790537861613844,7.523430742700159,7.265481683761529,7.016376690686292,6.775812534994721,6.543496384727433,6.319145447989364,6.102486628715066,5.893256194236734,5.691199454249756,5.496070450785456,5.307631658813289,5.125653697108473,4.949915049032599,4.780201792887702,4.616307341515428,4.458032190824248,4.30518367693886,4.157575741675836,4.015028706060195,3.877369051607362
3.1992671377973845e+52,136.83288160720696,132.14141646988367,127.61080335055661,123.23552726170297,119.0102623031855,114.92986517918244,110.98936893740071,107.1839769229428,103.50905693947638,99.96013561059027,96.53289293448144,93.22315702533702,90.02689903501692,86.94022824884927,83.95938734957453,81.0807478436679,78.30080564447788,75.61617680679909,73.02359340769259,70.51989956853414,68.10204761345354,65.76709435948347,63.51219753390716,61.33461231443883,59.231687988030004,57.2008647242304,55.23967045917941,53.34571788643158,51.51670155095685,49.750395042774144,48.04464828680622,46.39738492565351,44.80659979210273,43.27035646829353,41.786784928571905,40.35407926316053,38.97049547987553,37.63434938121426,36.344014514229244,35.097920190692854,33.89454957514251,32.73243783848029,31.61017037487713,30.526381079813667,29.47975068715922,28.469005163266825,27.49291415612759,26.550289497698312,25.639983757577642,24.76088884627185,23.91193466634831,23.092087809836517,22.300350300289328,21.53575837797474,20.79738132671804,20.08432034096759,19.39570743170383,18.7307043698611,18.08850166597473,17.46831758481262,16.869397193790736,16.29101144401525,15.732456282831638,15.193051796801429,14.672141384062726,14.16909095506716,13.683288160720696,13.214141646988368,12.761080335055636,12.323552726170321,11.90102623031855,11.492986517918247,11.098936893740092,10.718397692294303,10.350905693947638,9.996013561059025,9.653289293448125,9.322315702533722,9.002689903501693,8.694022824884925,8.395938734957435,8.108074784366805,7.830080564447786,7.561617680679908,7.302359340769242,7.051989956853429,6.810204761345354,6.576709435948348,6.351219753390703,6.133461231443896,5.923168798803002,5.7200864724230405,5.523967045917929,5.334571788643147,5.151670155095684,4.975039504277414,4.804464828680622,4.639738492565362,4.480659979210273,4.327035646829352
3.7649358067924867e+52,153.56682925648238,148.30162240529438,143.21693893483945,138.30658940338904,133.564596581001,128.9851881736039,124.56278979654861,120.29201818906492,116.16767466137223,112.18473876645913,108.33836218883674,104.62386284281946,101.03671917315566,97.5725646510644,94.22718245898496,90.99650035756201,87.8765857286252,84.86364078812245,81.95399796318607,79.14411542769834,76.4305727909279,73.81006693398335,71.27940798902092,68.83551545630735,66.47541445441544,64.19623209898384,61.995194005637025,59.869620912804336,57.816925420331614,55.83460883991094,53.92025815349867,52.071543076016354,50.28621321876019,48.56209535006662,46.89709074989887,45.28917265513417,43.73638379244187,42.23683399575013,40.78869790540023,39.390212746187544,38.03967618158483,36.73544424153656,35.475929321299915,34.25959824889891,33.08497041883686,31.950615989797623,30.85515414413958,29.797251407065787,28.775620023422228,27.78901639015029,26.83623954248337,25.916129692046812,25.0275668150798,24.169469289062448,23.34079257608683,22.54052795137084,21.767701275365596,21.02137180796321,20.300631063360086,19.604601704183057,18.93243647353108,18.283317163633594,17.656453619869026,17.051082778932074,16.4664677399782,15.901896867614921,15.35668292564824,14.83016224052944,14.321693893483918,13.830658940338932,13.3564596581001,12.898518817360388,12.456278979654886,12.029201818906516,11.616767466137222,11.218473876645911,10.833836218883652,10.462386284281967,10.103671917315566,9.757256465106439,9.422718245898476,9.099650035756218,8.787658572862519,8.486364078812246,8.195399796318588,7.91441154276985,7.643057279092791,7.3810066933983345,7.127940798902078,6.88355154563075,6.6475414454415445,6.419623209898385,6.199519400563689,5.986962091280421,5.781692542033162,5.583460883991093,5.392025815349867,5.207154307601647,5.028621321876019,4.856209535006661
4.4306214575838505e+52,173.25956366718563,167.3191698590234,161.5824489555436,156.04241780824722,150.69233269352705,145.5256811037211,140.536173819623,135.71773725479045,131.06450606234236,126.57081599523505,122.23119701133652,118.04036661489637,113.99322342631469,110.08484097237466,106.31046168938775,102.66549113194363,99.14549238022335,95.74618063906017,92.46341802218107,89.29320851527288,86.23169311174829,83.2751451152847,80.41996560342317,77.66267904670035,74.99992907798587,72.42847440687005,69.94518487413376,67.54703764149264,65.23111351198271,62.99459337650289,60.834754782194175,58.7489686184741,56.73469591669437,54.789484759526204,52.91096729631081,51.09685686074132,49.344945187368154,47.65309972354017,46.019261033508485,44.44144029153341,42.917716860942555,41.446235956194826,40.02520638510143,38.652898368458956,37.327641434437226,36.047822385161766,34.81188333301291,33.618319804253716,32.465678907676015,31.352557566037454,30.277600808134615,29.239500119435352,28.236991849260423,27.26885567257772,26.333913104534478,25.431026065921458,24.559095497820735,23.717060023752758,22.903894657692238,22.118609556382037,21.360248814424484,20.62788930068506,19.920639534590602,19.23763860095541,18.578055102013387,17.94108614538088,17.325956366718565,16.73191698590234,16.15824489555433,15.604241780824752,15.069233269352704,14.55256811037211,14.053617381962326,13.571773725479073,13.106450606234237,12.657081599523504,12.223119701133626,11.804036661489663,11.399322342631468,11.008484097237467,10.631046168938754,10.266549113194383,9.914549238022333,9.574618063906016,9.246341802218087,8.929320851527306,8.623169311174829,8.327514511528472,8.041996560342302,7.766267904670049,7.499992907798587,7.242847440687005,6.994518487413361,6.75470376414925,6.523111351198271,6.299459337650287,6.083475478219418,5.874896861847423,5.673469591669438,5.47894847595262
5.214008287999674e+52,196.43423134252143,189.6992686837229,183.19522159246816,176.91417287573918,170.84847679014896,164.99074973499089,159.33386126439302,153.87092540762424,148.59529228699955,143.50054002316867,138.5804669179461,133.82908390515652,129.24060726031584,124.80945156026425,120.53022288419037,116.39771224776156,112.4068892623764,108.5528960118124,104.83104113882371,101.23679413448238,97.76577982331949,94.41377303754578,91.1766934738757,88.0506007266879,85.03168949148193,82.11628493278722,79.30083821089079,76.58192216193348,73.95622712612148,71.42055691896941,68.97182494067633,66.60705041889437,64.32335478031841,62.117958146680266,59.98817595088159,57.9314156691458,55.94517366521177,54.02703214272838,52.17465620213937,50.38579099847579,48.658258996596516,46.98995732053693,45.37885519373647,43.822991467032416,42.32047223140762,40.86946851258922,39.46821404468911,38.115003120179075,36.80818851358037,35.54617947634337,34.32743980047355,33.15048594854945,32.01388524785388,30.916254146422375,29.856256528883872,28.832602090045736,27.844044764241087,26.88938120852877,25.96744933789743,25.077126910692694,24.2173301625436,23.38701248712726,22.58516316216411,21.810806119094497,21.06299875493786,20.340830784888585,19.643423134252142,18.96992686837229,18.31952215924678,17.691417287573955,17.084847679014896,16.49907497349909,15.93338612643933,15.387092540762458,14.859529228699955,14.350054002316863,13.85804669179458,13.382908390515682,12.924060726031588,12.480945156026424,12.05302228841901,11.63977122477618,11.240688926237638,10.855289601181239,10.483104113882348,10.123679413448258,9.776577982331949,9.44137730375458,9.117669347387555,8.80506007266881,8.503168949148195,8.211628493278724,7.930083821089061,7.658192216193333,7.3956227126121465,7.14205569189694,6.897182494067632,6.660705041889452,6.432335478031841,6.211795814668027
6.135907273413188e+52,223.70647748614968,216.03645601329643,208.62940962303884,201.47632192678975,194.56848567271632,187.89749214664516,181.45522093637507,175.23383004692485,169.22574635469746,163.42365638892744,157.82049742920174,152.40944890820703,147.18392410924815,142.13756214842104,137.2642202316907,132.5579661774391,128.0130711953901,123.62400291311236,119.38541864162073,115.29215887186955,111.33924099422984,107.52185323329743,103.83534879065616,100.27524018845958,96.83719380695243,93.51702460927613,90.31069104714287,87.21429014117136,84.22405272990189,81.33633888170064,78.5476334639751,75.85454186430178,73.25378585825975,70.74219961894117,68.3167258632796,65.97441213050537,63.7124071881981,61.52795756156221,59.41840418169995,57.381179148801635,55.41380260631329,53.51387972227804,51.679097774173876,49.90722333370259,48.19609954809972,46.54364351465936,44.94784374527464,43.406757717910786,41.91850951202712,40.48128752507264,39.09334226727259,37.75298423202469,36.458581839309666,35.20855944961564,34.00139544595597,32.835620381648376,31.709815191598413,30.622609464912145,29.572679776733047,28.558748077274835,27.57958013608696,26.633984039661232,25.720808740548666,24.838942656222276,23.98731231597886,23.164881054233316,22.370647748614967,21.60364560132964,20.862940962303846,20.14763219267902,19.45684856727163,18.789749214664518,18.145522093637542,17.523383004692523,16.922574635469747,16.342365638892744,15.78204974292014,15.240944890820732,14.718392410924814,14.213756214842098,13.726422023169038,13.255796617743934,12.80130711953901,12.36240029131124,11.938541864162046,11.529215887186975,11.133924099422984,10.752185323329746,10.383534879065593,10.027524018845975,9.683719380695244,9.351702460927614,9.031069104714268,8.721429014117119,8.422405272990188,8.133633888170063,7.854763346397513,7.585454186430194,7.325378585825975,7.074219961894116
7.220809018385397e+52,255.80080086990705,247.0303903860769,238.5606830266834,230.38136885592374,222.48249142543196,214.85443565457203,207.48791612627508,200.3739657841593,193.50392501718898,186.86943111857076,180.46240810607003,174.2750568913424,168.29984578632644,162.5295013351295,156.95699946025786,151.57555691240253,146.37862301338419,141.35987168219458,136.51319373443923,131.83268944579717,127.31266137045542,122.94760740576659,118.73221409469673,114.66135015790208,110.73006024756923,106.9335589154083,103.26722478746365,99.72659493864376,96.3073594601304,93.00535621304637,89.81656576200275,86.73710648235307,83.76322983520075,80.89131580440873,78.11786849005644,75.4395118529791,72.85298560521001,70.35514124132463,67.94293820585376,65.61344019210101,63.36381156785902,61.191313923675374,59.093302739463006,57.06722416540145,55.11061191320655,53.22108425398835,51.39634111903868,49.634161300023365,47.932399745167125,46.28898494814338,44.70191642648727,43.16926228646551,41.689156871436005,40.2597984908373,38.87944722704081,37.54642281739888,36.25910260890778,35.015919582998684,33.81536044804949,32.655963797298256,31.536318329913417,30.45506113305762,29.410876022851884,28.40249194222254,27.42868141367911,26.488259045140484,25.58008008699071,24.703039038607685,23.856068302668294,23.038136885592422,22.24824914254319,21.485443565457203,20.74879161262755,20.037396578415972,19.350392501718897,18.686943111857076,18.04624081060697,17.42750568913428,16.829984578632644,16.25295013351295,15.695699946025753,15.157555691240287,14.637862301338417,14.135987168219458,13.651319373443894,13.183268944579748,12.731266137045544,12.29476074057666,11.87322140946965,11.466135015790233,11.073006024756921,10.693355891540829,10.32672247874634,9.972659493864356,9.630735946013038,9.300535621304634,8.981656576200272,8.673710648235328,8.376322983520074,8.089131580440874
8.497534359086404e+52,293.5698004444129,283.50443846431864,273.78417843829845,264.3971881680715,255.3320411352299,246.5777025920559,238.12351612923933,229.95919070412654,222.074788113729,214.4607108972251,207.10769065324558,200.00677675770672,193.1493254684714,186.5269894035623,180.1317073801328,173.9556946018131,167.99143318250066,162.23166299504618,156.66937283370893,151.29779187961068,146.11038145881193,141.1008270829658,136.26303076287195,131.59110358556435,127.07935854590555,122.7223036239538,118.51463509968426,114.45123109691802,110.52714534860905,106.73760117589063,103.07798567356069,99.5438440949219,96.1308744291435,92.83492216454563,89.65197523142957,86.57815911829846,83.60973215552295,80.7430809607131,77.97471604025012,75.30126754162383,72.71948115140594,70.22621413386716,67.81843150541242,65.4932023401822,63.247696202318025,61.07917970055385,58.98501316093491,56.96264741361814,55.00962068983868,53.12355562526907,51.302156366119966,49.54320577446285,47.84456272936977,46.204159520588114,44.61999933157441,43.09015380882668,41.61276071455333,40.186021659824476,38.808199915443005,37.477618297873875,36.192657127655245,34.95175225780898,33.7533931698481,32.59612113506572,31.478527438865555,30.399251665973217,29.35698004444129,28.350443846431872,27.37841784382979,26.439718816807204,25.53320411352298,24.65777025920559,23.81235161292398,22.995919070412704,22.2074788113729,21.446071089722505,20.710769065324516,20.000677675770714,19.31493254684714,18.652698940356228,18.01317073801324,17.395569460181346,16.79914331825006,16.22316629950462,15.666937283370855,15.1297791879611,14.611038145881194,14.11008270829658,13.62630307628717,13.159110358556463,12.707935854590556,12.272230362395382,11.851463509968399,11.44512310969178,11.052714534860904,10.673760117589062,10.307798567356071,9.954384409492212,9.613087442914349,9.28349221645456
1e+53,338.0168249835279,326.42754811080135,315.23562228247766,304.42742388301673,293.9897963974533,283.910034396338,274.1758680697813,264.7754482917549,255.69733219649018,246.9304692493956,238.4641877955572,230.28818206943032,222.39249964992538,214.76752934560304,207.40398949524578,200.29291666954956,193.42565476019834,186.7938444430238,180.38941300243923,174.20456450474757,168.2317703083742,162.46375989946134,156.8935120416789,151.5142462294695,146.31941443433254,141.30269313409153,136.45797561545143,131.77936454046633,127.26116476787884,122.89787642058283,118.68418819078043,114.6149708746759,110.68527112883999,106.89030544064552,103.2254543054326,99.68625660331567,96.26840416878753,92.96773654651167,89.78023592691758,86.70202225543424,83.72934850940845,80.85859613696135,78.08627065222586,75.40899738160878,72.82351735589481,70.32668334319631,67.91545601791574,65.58690026106129,63.33818158740833,61.16656269516168,59.06940013391416,57.0441410868501,55.08832026327246,53.199556897674995,51.37555185170258,49.61408481547599,47.913011604870256,46.27026155146085,44.68383498195655,43.151800784054345,41.67229405575019,40.24351383524705,38.86372090869433,37.531235693092476,36.244436191783706,35.001756020041086,33.80168249835279,32.642754811080145,31.523562228247712,30.44274238830173,29.398979639745324,28.391003439633803,27.417586806978186,26.47754482917555,25.569733219649017,24.693046924939555,23.846418779555677,23.028818206943082,22.239249964992542,21.476752934560306,20.74039894952453,20.029291666954993,19.342565476019832,18.679384444302382,18.03894130024388,17.42045645047479,16.82317703083742,16.246375989946138,15.68935120416786,15.151424622946985,14.631941443433252,14.130269313409151,13.645797561545114,13.177936454046607,12.72611647678788,12.289787642058283,11.868418819078045,11.461497087467615,11.068527112883999,10.689030544064552
