,1e+45,1.4174741629267961e+45,2.009233002565054e+45,2.848035868435793e+45,4.0370172585965824e+45,5.72236765935022e+45,8.111308307896823e+45,1.1497569953977404e+46,1.62975083462064e+46,2.310129700083177e+46,3.274549162877732e+46,4.641588833612753e+46,6.579332246575709e+46,9.32603346883218e+46,1.3219411484660394e+47,1.8738174228603868e+47,2.656087782946673e+47,3.764935806792487e+47,5.336699231206301e+47,7.564633275546228e+47,1.0722672220103254e+48,1.5199110829529268e+48,2.1544346900318954e+48,3.053855508833412e+48,4.328761281083097e+48,6.135907273413188e+48,8.697490026177799e+48,1.2328467394420734e+49,1.747528400007683e+49,2.4770763559916934e+49,3.5111917342151417e+49,4.977023564332094e+49,7.054802310718689e+49,1e+50,1.417474162926796e+50,2.009233002565054e+50,2.848035868435793e+50,4.037017258596582e+50,5.72236765935022e+50,8.111308307896823e+50,1.1497569953977403e+51,1.6297508346206402e+51,2.310129700083177e+51,3.274549162877732e+51,4.6415888336127535e+51,6.57933224657571e+51,9.32603346883218e+51,1.3219411484660395e+52,1.8738174228603868e+52,2.656087782946673e+52,3.7649358067924867e+52,5.336699231206302e+52,7.564633275546229e+52,1.0722672220103253e+53,1.5199110829529269e+53,2.1544346900318953e+53,3.0538555088334123e+53,4.328761281083097e+53,6.135907273413188e+53,8.697490026177799e+53,1.2328467394420735e+54,1.747528400007683e+54,2.4770763559916938e+54,3.5111917342151415e+54,4.9770235643320934e+54,7.054802310718688e+54,1e+55,1.4174741629268193e+55,2.009233002565054e+55,2.848035868435793e+55,4.037017258596583e+55,5.72236765935022e+55,8.111308307896823e+55,1.1497569953977403e+56,1.62975083462064e+56,2.310129700083139e+56,3.274549162877732e+56,4.64158883361283e+56,6.579332246575709e+56,9.326033468832181e+56,1.3219411484660395e+57,1.873817422860387e+57,2.656087782946673e+57,3.764935806792487e+57,5.3366992312063016e+57,7.564633275546229e+57,1.0722672220103254e+58,1.519911082952927e+58,2.1544346900318956e+58,3.0538555088334125e+58,4.328761281083097e+58,6.135907273413189e+58,8.697490026177799e+58,1.2328467394420734e+59,1.747528400007683e+59,2.477076355991694e+59,3.5111917342151417e+59,4.9770235643320935e+59,7.054802310718689e+59,1e+60
1000000.0,424.0330369202652,424.0330369141972,424.0330369056545,424.0330368936628,424.03303687690095,424.0330368536155,424.03303682156155,424.03303677804,424.0330367209537,424.0330367247733,424.0330367457133,424.0330368065894,424.0330369555568,424.0330372926495,424.03303802352207,424.03304015212296,424.03304633993264,424.03305968223503,424.0330868556467,424.03314758578074,424.03326662641825,424.03349711998334,424.0339967108912,424.0349605950603,424.0368348631256,424.0406790144668,424.0483945828283,424.0640415083853,424.09568870614925,424.1589432221504,424.28191057677304,424.51055546308356,424.9129816955048,425.58236380858636,426.6406130871034,428.2472466715371,430.61773136208336,434.0527191359657,438.9786715321473,446.002931144467,455.9898064386629,470.16747517179573,490.27925234806986,518.7980411559632,559.2304313469526,616.5478721620617,697.797945067581,812.9708950070351,976.2279622569544,1207.642546162999,1535.6682925648238,2000.6375764366774,2659.720538277223,3593.954407952062,4918.207397268464,6795.3022610899425,9456.036078429303,13227.55777297236,18573.592514222502,26151.458766747895,36892.88848480213,52118.587650745845,73700.62287908797,104292.60023276713,147655.93774861252,209122.34831269394,296249.3971872077,419749.7378674322,594808.2799003269,842949.2402358438,1194682.6402783042,1693255.6470789865,2399970.002553174,3401719.342008408,4821673.1484158775,6834420.981548548,9687439.03150153,13731518.403674003,19463896.426553663,27589394.1661151,39107077.27286425,55433095.49345904,78574804.50462428,111377579.11392309,157874664.59491348,223783081.9156161,317206560.58711404,449631927.8146998,637341464.3759062,903414882.5863683,1280567078.3413355,1815170571.31509,2572957210.015804,3647100191.385268,5169670114.765585,7327873642.406611,10387071381.175407,14723405135.164082,20870046193.27073,29582751081.92159
1072267.222010323,395.45462942089534,395.45462941523635,395.45462940726935,395.45462939608586,395.4546293804537,395.4546293587375,395.454629328844,395.45462928825566,395.4546292350168,395.45462923857895,395.4546292581076,395.45462931488095,395.45462945380837,395.4546297681822,395.4546304497964,395.45463243493674,395.45463820570876,395.4546506487846,395.4546759907993,395.4547326279255,395.4548436456224,395.45505860469274,395.45552452484543,395.45642344644756,395.4581713951182,395.461756463525,395.46895202840193,395.48354440354484,395.51305868609904,395.57205005942717,395.6867298259056,395.89996481212654,396.27526886335625,396.89953686235987,397.8864636813416,399.3848155393994,401.5955374955382,404.79901858996385,409.39297828123034,415.94382630505623,425.25761962932876,438.4797609408499,457.2360716472128,483.83278953850987,521.5401719531149,574.9946090920664,650.7686990182594,758.179377602208,910.4334649218216,1126.2514803901865,1432.1693893483946,1865.801299685179,2480.4642757713777,3351.7339094017943,4586.736679358381,6337.321631775592,8818.730894991648,12336.064650165175,17321.794542409025,24388.937971747622,34406.43127711589,48605.96927791203,68733.44756441544,97263.62803223231,137704.42173153642,195028.20194449686,276283.1793289263,391460.01038852154,554720.192588896,786137.2826966156,1114165.0287868285,1579135.883594775,2238220.0568004204,3172454.8435144266,4496708.5157896,6373803.881401077,9034538.063505469,12806060.021054907,18152094.95079229,25729961.33779933,36471391.15149391,51697090.38529704,73279125.66170731,103871103.0493953,147234440.5892821,208700851.17034534,295827900.05685747,419328240.74554354,594386782.7844228,842527743.1241584,1194261143.1695964,1692834149.9723794,2399548505.4480515,3401297844.904333,4821251651.312544,6833999484.445739,9687017534.399096,13731096906.571611,19463474929.451687,27588972669.01327
1149756.9953977356,368.8023109383904,368.8023109331128,368.8023109256828,368.80231091525303,368.80231090067434,368.8023108804219,368.80231085254303,368.8023108146902,368.80231076503946,368.8023107683615,368.802310786574,368.802310839521,368.8023109690852,368.8023112622713,368.802311897947,368.8023137492955,368.80231913113676,368.802330735591,368.8023543696387,368.8024071896122,368.8025107250879,368.8027111966363,368.8031457153301,368.8039840526248,368.80561419540527,368.80895764220014,368.8156682500872,368.82927714798444,368.8568022666753,368.9118178188784,369.01876855291596,369.2176322147382,369.5676420290138,370.1498364542367,371.0702477087479,372.46761566638133,374.52934236170455,377.516919552043,381.80126173556476,387.9106045275081,396.59667935390326,408.92769259399086,426.41989073392637,451.22407885545886,486.3901098975249,536.2418968790698,606.9090667512675,707.0806250896555,849.0732965005773,1050.3459000440691,1335.64596581001,1740.0525367054593,2313.2892854086485,3125.8382617700927,4277.605978441652,5910.207364069346,8224.377947931664,11504.655180111818,16154.363564274148,22745.205179379078,32087.55296334577,45330.089627083726,64101.043241396146,90708.38503286442,128423.60458744928,181883.95387005428,257662.61772969353,365076.91585927526,517333.90819210873,733154.2609525436,1039074.0348268353,1472707.4102238778,2087371.5160332222,2958642.004897436,4193645.411783658,5944230.832171902,8425640.435569044,11942974.4360232,16928704.504050884,23995848.058807503,34013341.45337027,48212879.51745234,68340357.84878428,96870538.34831788,137311332.07004312,194635112.2988408,275890089.6944599,391066920.7619465,554327102.9679021,785744193.0795559,1113771939.172546,1578742793.9824514,2237826967.189481,3172061753.904464,4496315426.180328,6373410791.792295,9034144973.897034,12805666931.44651,18151701861.184288,25729568248.191456
1232846.7394420658,343.9462695194089,343.94626951448697,343.9462695075577,343.9462694978309,343.9462694842348,343.9462694653472,343.9462694393473,343.9462694040456,343.9462693577412,343.9462693608393,343.9462693778244,343.9462694272029,343.94626954803493,343.9462698214613,343.94627041429453,343.94627214086836,343.94627715999155,343.9462879823444,343.9463100235363,343.94635928362044,343.94645584115165,343.9466428015886,343.9470480351767,343.94782987134363,343.9493501479565,343.9524682576276,343.9587265930026,343.971418296729,343.9970883145435,344.04839600265865,344.14813861517376,344.3335995317627,344.66001985599803,345.2029763254976,346.06135494196377,347.3645449760801,349.287318192497,352.07354267927866,356.06913453882396,361.7667280738472,369.8673905282214,381.3673347463884,397.6806172760367,420.8130861348989,453.6090443813289,500.10098776842705,566.0054269060035,659.4257574748921,791.848598065607,979.5561017661668,1245.6278979654865,1622.7788194841485,2157.3813298811983,2915.167224742415,3989.309652142354,5511.8791685049255,7670.082400273619,10729.279925709658,15065.613526810414,21212.25447583448,29924.959286908856,42274.99330073461,59780.847465632054,84594.94347202113,119768.28345706244,169625.58412356582,240297.01966140384,340471.95360016375,482467.3342361371,683742.1175460359,969043.9225389581,1373451.8597545077,1946689.6620412841,2759239.4359966293,3911007.746670899,5543609.5687299445,7857780.46984628,11138057.930775976,15787766.478874896,22378608.210945092,31720956.078094874,44963492.8008535,63734446.45697315,90341788.27802058,128057007.85351542,181517357.15089032,257296021.02096513,364710319.1579063,516967311.4959448,732787664.2600489,1038707438.1369305,1472340813.5358002,2087004919.346435,2958275408.2115602,4193278815.098426,5943864235.487128,8425273838.884593,11942607839.338787,16928337907.36684,23995481462.123577
1321941.1484660287,320.76544210179867,320.76544209720845,320.7654420907462,320.76544208167496,320.7654420689952,320.7654420513806,320.76544202713296,320.76544199421056,320.76544195102684,320.7654419539162,320.7654419697566,320.7654420158071,320.76544212849547,320.7654423834938,320.76544293637204,320.7654445465806,320.76544922743165,320.76545932039414,320.7654798760835,320.76552581620285,320.76561586607954,320.7657902260088,320.7661681482094,320.7668972912353,320.7683151062927,320.77122306580793,320.7770596103246,320.78889593569744,320.81283588022575,320.86068560188284,320.9537058961413,321.1266673676681,321.43108805454074,321.937451075208,322.7379778458173,323.95333723325905,325.7465219701869,328.34496425172733,332.0712665927187,337.38486139266155,344.9395663095822,355.66445277641503,370.8782746622166,392.45169254166336,423.03731296652626,466.3958549724392,527.8585554866046,614.9826684420868,738.4806527807706,913.5372989670071,1161.6767466137223,1513.4089583021173,2011.9810487505774,2718.6947105190434,3720.4435333414935,5140.396960163592,7153.144517365256,10006.16236836377,14050.241597952501,19782.619519101794,27908.11718631529,39425.8002417308,55751.8184259637,78893.52741140369,111696.30200251461,158193.38747065864,224101.80478228812,317525.28344738105,449950.65067044646,637660.1872284529,903733.605436676,1280885.8011900366,1815489.2941626657,2573275.932862624,3647418.9142314796,5169988.837611388,7328192.365252242,10387390.104020864,14723723.858009437,20870364.9161157,29583069.8047669,41933103.87363554,59438958.07752254,84253054.11149722,119426394.11603925,169283694.79631704,239955130.34388736,340130064.28951067,482125444.93033814,683400228.2436588,968702033.2389961,1373109970.4562504,1946347772.7442298,2758897546.700424,3910665857.375295,5543267679.434766,7857438580.551406,11137716041.481133,15787424589.580397,22378266321.650707
1417474.1629268047,299.14692486861316,299.14692486433233,299.1469248583056,299.14692484984573,299.1469248380205,299.1469248215931,299.1469247989797,299.1469247682761,299.14692472800283,299.1469247306975,299.14692474547024,299.14692478841715,299.1469248935107,299.146925131323,299.1469256469391,299.1469271486249,299.14693151400235,299.14694092673295,299.14696009703766,299.14700294094666,299.1470869217631,299.1472495304167,299.1476019819258,299.1482819831521,299.14960424221994,299.1523162149964,299.15775939594687,299.1687979926044,299.1911244649957,299.2357492755606,299.32250031331404,299.48380476054183,299.7677085119797,300.2399443597919,300.9865183053317,302.11996653772576,303.79229662496465,306.2156125934122,309.6907746281194,314.64625092252743,321.6917940127627,331.6938590266736,345.8823202362573,366.00176195433966,394.5260139290666,434.96233531975776,492.2826555277493,573.5348948642637,688.7095283918518,851.9679425192875,1083.3836218883678,1411.410259715602,1876.3802599303992,2535.463786183767,3469.69809108431,4793.951409356897,6671.046517634195,9331.780514192978,13103.302338768342,18449.337173631648,26027.203493166748,36768.6332589874,51994.332458879326,73576.36771129817,104168.34508202405,147531.68260993026,208998.0931825319,296125.1420630707,419625.48274754104,594684.0247834359,842824.9851210834,1194558.385165023,1693131.3919667567,2399845.7474417235,3401595.0868974384,4821548.89330527,6834296.726438302,9687314.776391497,13731394.148563918,19463772.171443634,27589269.911005534,39106953.01775421,55432971.23834892,78574680.24951534,111377454.85881269,157874540.33980283,223782957.6605086,317206436.3320024,449631803.5595949,637341340.1207926,903414758.3312681,1280566954.0862179,1815170447.0599692,2572957085.7607203,3647100067.1301374,5169669990.510444,7327873518.151578,10387071256.920233,14723405010.909122,20870046069.015495
1519911.0829529332,278.98542334229177,278.9854233382995,278.9854233326789,278.98542332478917,278.985423313761,278.9854232984407,278.98542327735134,278.9854232487171,278.98542321115815,278.98542321367114,278.9854232274483,278.98542326750066,278.9854233655113,278.98542358729577,278.98542406816114,278.98542546863837,278.985429539804,278.985438318148,278.98545619643835,278.98549615281127,278.9855744736018,278.9857261229763,278.9860548204333,278.98668899185293,278.98792213508494,278.990451329973,278.9955276587451,279.00582229093277,279.026644033809,279.0682612814958,279.1491655896503,279.2995986570021,279.5643682457858,280.0047769779736,280.70103433827984,281.7580919533295,283.31771258978193,285.5777051725116,288.81865291704116,293.44014669460654,300.0108437611699,309.3388030688867,322.57100948006723,341.3344681637727,367.93628102274334,405.64732968734745,459.1044521577382,534.8805625047279,642.2928112086049,794.5481546306981,1010.3671917315564,1316.285932036085,1749.9185104366966,2364.5820128961814,3235.852052419546,4470.85512916177,6221.440309559298,8702.849739915986,12220.18361635808,17205.91359590588,24273.057087737943,34290.55043765332,48490.08847010969,68617.56677906713,97147.74726278179,137588.5409733339,194912.3211942403,276167.29858428857,391344.12964784354,554604.3118510159,786021.4019607223,1114049.1480523148,1579020.002861242,2238104.1760676135,3172338.9627820677,4496592.635057578,6373688.000669394,9034422.18277398,12805944.14032337,18151979.07006081,25729845.457068276,36471275.27076241,51696974.50456547,73279009.78097683,103870987.16866346,147234324.70855004,208700735.28961626,295827784.1761244,419328124.86481655,594386666.9036877,842527627.2434357,1194261027.2888577,1692834034.091638,2399548389.5673428,3401297729.023581,4821251535.431783,6833999368.565076,9687017418.518301,13731096790.691017,19463474813.570835
1629750.8346206434,260.1827395406533,260.18273953693006,260.1827395316883,260.1827395243303,260.1827395140454,260.18273949975764,260.1827394800897,260.18273945338524,260.18273941835764,260.18273942070124,260.18273943354984,260.1827394709029,260.18273956230786,260.18273976914486,260.1827402176015,260.1827415236913,260.18274532047394,260.18275350718693,260.1827701805404,260.1828074439875,260.18288048621883,260.1830219149331,260.18332845928165,260.18391988967,260.18506992317543,260.1874286587929,260.1921628599956,260.20176366842884,260.22118209552315,260.2599944800039,260.33544610856603,260.4757404906602,260.72266549531275,261.13339215294775,261.7827240974615,262.7685395671051,264.22304699252885,266.3307236391138,269.35324235273566,273.6632629172931,279.7911169929258,288.49040306289305,300.8308030486096,318.3296674161383,343.13860712157543,378.3080573206612,428.1623486512938,498.8314027746887,599.004425412177,740.9982682684754,942.2718245898495,1227.5726656721515,1631.979859606162,2205.2170992068404,3017.766454105405,4169.534456886279,5802.136055129177,8116.306794867409,11396.584140143035,16046.292605725324,22637.134279111866,31979.482104623352,45222.01879788774,63992.97243314085,90600.31423943548,128315.53380451025,181775.8830945257,257554.54695940512,364968.8450926796,517225.8374281225,733046.1901904104,1038965.9640659885,1472599.3394639457,2087263.4452739684,2958533.9341386,4193537.3410251355,5944122.761413693,8425532.36481102,11942866.365265133,16928596.433292873,23995739.98804989,34013233.38261224,48212771.446694255,68340249.77802722,96870430.27755953,137311223.99928454,194635004.22808507,275889981.6237005,391066812.69119275,554326994.8971409,785744085.0088063,1113771831.1017811,1578742685.9116845,2237826859.118745,3172061645.8336883,4496315318.109544,6373410683.721602,9034144865.826218,12805666823.375883,18151701753.113422
1747528.4000076829,242.64729369685838,242.64729369338605,242.6472936884976,242.64729368163552,242.64729367204373,242.64729365871892,242.64729364037652,242.64729361547188,242.647293582805,242.6472935849907,242.64729359697336,242.6472936318089,242.6472937170535,242.64729390995038,242.64729432818254,242.64729554624623,242.6472990871384,242.64730672209438,242.64732227171956,242.64735702373508,242.6474251431645,242.64755704005677,242.64784292434217,242.6483944943018,242.649467019398,242.65166678412925,242.65608191601578,242.66503566209335,242.6831453521927,242.71934191186,242.78970835318486,242.92054736347478,243.15083044924293,243.53387550480747,244.13944464949913,245.05881945589806,246.41529794891468,248.38092424366744,251.19973531200833,255.21927491565012,260.9341321357972,269.04711544014316,280.5558137687001,296.8753132445129,320.01221344642755,352.81136041013764,399.3056393615767,465.21183575812614,558.6335319372564,691.0574650218502,878.765857286252,1144.8383765482045,1521.989879114714,2056.5928473244044,2814.379095210608,3888.5217894370517,5411.091504085273,7569.294881224365,10628.49251213362,14964.8261891669,21111.467192544595,29824.172042363778,42174.206083725985,59680.060268152796,84494.15628836899,119667.4962831932,169524.79695660758,240196.23249933263,340371.16644153645,482366.5470799432,683641.3303915702,968943.1353856922,1373351.072602095,1946588.874889503,2759138.648845238,3910906.9595198,5543508.781579139,7857679.682695649,11137957.1436253,15787665.691724267,22378507.42379484,31720855.290944237,44963392.013702795,63734345.669823416,90341687.49086961,128056907.06636426,181517256.36374176,257295920.23381317,364710218.37075967,516967210.708791,732787563.472906,1038707337.3497734,1472340712.7486408,2087004818.5593057,2958275307.4243917,4193278714.3112497,5943864134.700037,8425273738.097389,11942607738.551762,16928337806.57958
1873817.422860383,226.2936782138457,226.2936782106074,226.2936782060484,226.2936781996488,226.29367819070347,226.29367817827674,226.29367816117053,226.2936781379444,226.29367810747917,226.29367810951754,226.29367812069262,226.29367815318034,226.29367823267975,226.29367841257604,226.29367880262072,226.293679938591,226.2936832408389,226.29369036122438,226.29370486285688,226.29373727270286,226.29380080111073,226.29392380859392,226.2941904252353,226.2947048212257,226.29570506172,226.29775656967072,226.30187413644504,226.31022443000413,226.32711358760181,226.36087062029316,226.426494598981,226.5485154978803,226.76327827439823,227.1205073752248,227.68526318633346,228.54267520782122,229.80773159038364,231.6408812515917,234.2697138881579,238.01834997544387,243.3480449459128,250.9142403287535,261.647290908235,276.86691073883696,298.44446130364565,329.0330555369162,372.39377569795045,433.85811503771527,520.9835015658795,644.4825047680112,819.5399796318605,1067.6801016092074,1419.4128551847698,1917.9853725908304,2624.699363591581,3626.448435257321,5046.402047001282,7059.149739775868,9912.167689139053,13956.246989542711,19688.624961382386,27814.122664729417,39331.805745825506,55657.82394827156,78799.53294660676,111602.30754684123,158099.3930214305,224007.81033761767,317431.28900592244,449856.6562312573,637566.1927908754,903639.6110002173,1280791.8067543735,1815395.299727592,2573181.938427914,3647324.9197970433,5169894.8431772245,7328098.370818238,10387296.109586822,14723629.86357544,20870270.92168205,29582975.810332887,41933009.879201464,59438864.08308937,84252960.11706293,119426300.12160474,169283600.801885,239955036.34945214,340129970.29508036,482125350.9359013,683400134.249232,968701939.2445562,1373109876.461808,1946347678.7498152,2758897452.7059746,3910665763.380837,5543267585.440388,7857438486.556922,11137715947.486813,15787424495.585867
2009233.0025650458,211.04224168074694,211.04224167772688,211.04224167347516,211.04224166750686,211.0422416591644,211.0422416475752,211.04224163162186,211.0422416099611,211.04224158154912,211.04224158345014,211.04224159387203,211.04224162417023,211.0422416983116,211.0422418660835,211.04224222984047,211.04224328925014,211.04224636893764,211.04225300943295,211.04226653370398,211.0422967592348,211.0423560060406,211.04247072323108,211.04271937080318,211.04319909822547,211.04413192585815,211.04604516903913,211.04988522559387,211.0576727373145,211.07342362221618,211.10490554388497,211.16610668604503,211.2799037847482,211.48019226891478,211.8133453239497,212.3400384835614,213.1396638044588,214.31945962083248,216.02906113021297,218.48071924547045,221.97670980672055,226.94720117404648,234.00346031125616,244.0131392039475,258.2070075962571,278.33030347053955,306.8573288289405,347.2956815743877,404.61753015661833,485.8709572312784,601.046540954328,764.3057279092791,995.7220361613633,1323.7491793543836,1788.7195777512682,2447.803411047766,3382.037948020394,4706.291438751728,6583.3866734647845,9244.120761758795,13015.642652376397,18361.677534513718,25939.543887747077,36680.97367751753,51906.672894395095,73488.70815884005,104080.68553807458,147444.0230719917,208910.43364884378,296037.48253237794,419537.8232189647,594596.3652563627,842737.3255950537,1194470.7256397353,1693043.7324420183,2399758.087917324,3401507.4273732947,4821461.23378138,6834209.06691456,9687227.11686772,13731306.489040181,19463684.51192022,27589182.25148179,39106865.35823043,55432883.57882595,78574592.58999135,111377367.19928849,157874452.6802809,223782870.00098374,317206348.67248213,449631715.90006846,637341252.4612757,903414670.6717387,1280566866.426687,1815170359.400464,2572956998.1011815,3647099979.470591,5169669902.850971,7327873430.492007,10387071169.260817,14723404923.24951
2154434.6900318824,196.81870092520194,196.81870092238543,196.81870091842023,196.8187009128542,196.81870090507402,196.81870089426587,196.81870087938776,196.81870085918683,196.81870083268973,196.81870083446262,196.81870084418213,196.8187008724383,196.81870094158282,196.81870109804743,196.8187014372884,196.81870242529743,196.8187052974243,196.81871149037244,196.81872410315287,196.81875229158408,196.81880754535342,196.81891453098925,196.81914642054716,196.81959381594677,196.82046377411908,196.82224807111308,196.82582932070824,196.83309198020282,196.84778130817847,196.8771414536931,196.93421784370466,197.04034539882082,197.22713510949674,197.5378347636467,198.02903056708104,198.77476381760252,199.87504534459146,201.46942543407633,203.75584999777882,207.01622249587282,211.65171938069517,218.2324102685322,227.56747030508245,240.80471947297033,259.57177255564744,286.1761718815147,323.8891149943629,377.3476628316843,453.124880867244,560.5380157265886,712.7940798902093,928.6137034894617,1234.5329150998136,1668.1658648463726,2282.8296536553084,3154.0999096098767,4389.103147187706,6139.688445499645,8621.097961408912,12138.431899442216,17124.16192307792,24191.30544633709,34208.79881858814,48408.336866885365,68535.8151870584,97065.9956787083,137506.78939486615,194830.56961973655,276085.54701257835,391262.37807810714,554522.5602826814,785939.6503933609,1113967.396485645,1578938.2512950848,2238022.4245017725,3172257.211216465,4496510.883492214,6373606.249104167,9034340.43120872,12805862.388758147,18151897.31849589,25729763.705503043,36471193.519197136,51696892.75300096,73278928.02941136,103870905.4170978,147234242.95698646,208700653.53804997,295827702.42456245,419328043.113249,594386585.1521289,842527545.4918655,1194260945.5372853,1692833952.34009,2399548307.8157644,3401297647.2719955,4821251453.680266,6833999286.813469,9687017336.766836,13731096708.939367
2310129.700083158,183.55377921205084,183.55377920942416,183.55377920572622,183.5537792005353,183.5537791932795,183.55377918319977,183.5537791693244,183.55377915048493,183.55377912577364,183.55377912742708,183.55377913649147,183.5537791628433,183.55377922732774,183.55377937324715,183.5537796896244,183.5537806110449,183.55378328960003,183.55378906516424,183.55380082788545,183.55382711651075,183.55387864636097,183.553978421523,183.55419468250082,183.55461192494786,183.55542325085102,183.55708729219947,183.5604271775579,183.56720035810986,183.58089967454342,183.60828104451534,183.66151067686812,183.76048558996598,183.9346862993057,184.22444583664142,184.68253668689928,185.37801001221771,186.40413624680136,187.8910604544589,190.02338765496387,193.06402195877234,197.3871018680244,203.5242762148251,212.23018444826766,224.57528732576705,242.0775038418068,266.8888556949282,302.06007266278704,351.91569329538964,422.58578045285213,522.7596295218955,664.7541445441545,866.0282478358941,1151.3295284595843,1555.7370687120683,2128.9745753632023,2941.524132106232,4093.2922848829285,5725.893993093204,8040.064812618055,11320.34221533385,15970.050722032667,22560.89242472824,31903.240271070037,45145.776979107664,63916.730624820484,90524.07243851552,128239.29200881821,181699.6413025305,257478.3051700152,364892.6033051305,517149.59564188065,732969.9484050762,1038889.7222812995,1472523.097679735,2087187.2034900514,2958457.6923549054,4193461.0992416632,5944046.519630351,8425456.123027645,11942790.123481793,16928520.19150981,23995663.74626654,34013157.14082885,48212695.20491158,68340173.53624365,96870354.0357758,137311147.75750273,194634927.98630068,275889905.3819202,391066736.44940716,554326918.6553633,785744008.7670181,1113771754.8599913,1578742609.6699173,2237826782.876949,3172061569.591885,4496315241.8678055,6373410607.479779,9034144789.584528,12805666747.134022
2477076.355991709,171.1828688262222,171.18286882377254,171.18286882032385,171.18286881548278,171.18286880871597,171.18286879931557,171.18286878637537,171.18286876880563,171.1828687457598,171.18286874730177,171.1828687557553,171.1828687803311,171.18286884046947,171.1828689765544,171.1828692716089,171.18287013092876,171.1828726289582,171.18287801526873,171.1828889852219,171.18291350208182,171.18296155899262,171.18305460964265,171.1832562953544,171.18364541705697,171.18440206230966,171.18595395284055,171.18906874110408,171.19538543195583,171.20816146031177,171.23369741758987,171.28333955087544,171.37564388608797,171.53810405064763,171.80833476495823,172.2355518250853,172.88415257594528,173.84112133664266,175.22783182926577,177.2164473131068,180.05215304148655,184.08387183369862,189.8074211699308,197.92658032609748,209.4396645872711,225.76229028800452,248.90144006692273,281.7022347251037,328.19775338800906,394.1049131955874,487.52738010755183,619.9519400563701,807.6608424271654,1073.7337716068876,1450.8855971511648,1985.4888144130043,2743.2752505400304,3817.418084653081,5339.9879018572465,7498.191353405606,10557.389037883753,14893.722753262446,21040.363783973837,29753.068653219445,42103.10270835922,59608.95690254077,84423.05292965862,119596.39292935841,169453.69360622048,240125.12915137518,340300.06309529574,482295.44373492175,683570.2270473948,968872.0320421186,1373279.9692589673,1946517.77154665,2759067.5455025914,3910835.8561773608,5543437.67823682,7857608.579353297,11137886.040282985,15787594.588382214,22378436.320452515,31720784.18760187,44963320.910361096,63734274.566480875,90341616.38752691,128056835.9630234,181517185.26039854,257295849.1304737,364710147.26741517,516967139.60545415,732787492.3695592,1038707266.2464248,1472340641.6453135,2087004747.4559507,2958275236.321031,4193278643.2079496,5943864063.596657,8425273666.994131,11942607667.448345
2656087.782946684,159.64571639640604,159.6457163941215,159.6457163909052,159.64571638639043,159.64571638007965,159.64571637131286,159.64571635924474,159.64571634285917,159.64571632136654,159.64571632280456,159.64571633068837,159.64571635360784,159.64571640969308,159.64571653660636,159.64571681177517,159.64571761317976,159.64571994285038,159.6457249661416,159.64573519675662,159.64575806126226,159.64580287929812,159.64588965864576,159.64607775141556,159.6464406476177,159.64714629751276,159.6485935958159,159.65149845777526,159.65738942480485,159.66930439160947,159.69311931083288,159.73941573048143,159.82549906243247,159.977009955636,160.22902802423272,160.62745208435283,161.2323393153958,162.1248115844849,163.41806243106328,165.27265188695725,167.9172405400201,171.67723497932906,177.0150362463504,184.58699124926903,195.32413216418803,210.5466675226141,232.12631605046533,262.71644692911417,306.0783232492109,367.54356106932573,454.66966638551054,578.1692542033162,753.2272047940955,1001.3677090621264,1353.1007638478354,1851.6735135207646,2558.387680075537,3560.1368821999945,4980.090589587972,6992.838351756889,9845.856351078604,13889.935687243325,19622.313684574496,27747.811406038672,39265.49449998378,55591.51271152715,78733.22171629887,111535.99632108034,158033.08179888493,223941.49911733798,317364.9777872437,449790.3450137158,637499.8815741232,903573.2997840265,1280725.4955385984,1815328.988512073,2573115.627212588,3647258.6085819094,5169828.531962205,7328032.059603192,10387229.798371807,14723563.552360669,20870204.61046703,29582909.499117833,41932943.56798704,59438797.77187414,84252893.80584757,119426233.81039113,169283534.49066916,239954970.03823978,340129903.98386353,482125284.6246914,683400067.938013,968701872.9333357,1373109810.150607,1946347612.438589,2758897386.394743,3910665697.069662,5543267519.12914,7857438420.245789,11137715881.175531
2848035.8684358047,148.8861294268573,148.88612942472673,148.88612942172722,148.8861294175167,148.8861294116313,148.8861294034553,148.88612939220056,148.8861293769193,148.88612935687524,148.88612935821635,148.8861293655688,148.88612938694357,148.88612943924886,148.8861295576086,148.88612981423196,148.88613056162455,148.88613273428317,148.88613741902137,148.88614696012718,148.88616828364167,148.88621008109192,148.88629101180197,148.8864664277486,148.88680486596132,148.88746295741515,148.8888127126566,148.89152179664214,148.89701573221032,148.9081276701303,148.9303375435038,148.97351373941675,149.05379534290515,149.19509490899603,149.43012780324437,149.80169941519117,150.36581927134878,151.1981418965017,152.40423196438027,154.13382829804132,156.6001805270171,160.10676392537894,165.08481525200054,172.14644583017156,182.15993938338178,196.35652680669804,216.4817792483356,245.01023768735922,285.4496686706176,342.7723551786296,424.0264525974033,539.2025815349867,702.4622121544645,933.8788769321195,1261.9063010347302,1726.8769160444726,2385.960913063237,3320.1955717021,4644.449151631361,6521.544451061802,9182.278585947295,12953.800509915774,18299.835415826543,25877.701785956,36619.13158770946,51844.83081307118,73426.86608351878,104018.84346699381,147382.18100390944,208848.5915828746,295975.64046790166,419475.9811555487,594534.5231936824,842675.4835328964,1194408.8835779647,1692981.8903804857,2399696.24585597,3401445.5853121188,4821399.391720306,6834147.224853459,9687165.274806641,13731244.646979323,19463622.66985912,27589120.409420636,39106803.51616982,55432821.736764595,78574530.7479298,111377305.35722849,157874390.83821872,223782808.1589247,317206286.83041865,449631654.0580114,637341190.6192096,903414608.8296707,1280566804.5846362,1815170297.558389,2572956936.2591,3647099917.62856,5169669841.008868,7327873368.650008,10387071107.41867
3053855.5088334125,138.85170260797565,138.8517026059887,138.8517026031913,138.85170259926457,138.85170259377583,138.85170258615088,138.85170257565468,138.85170256140333,138.85170254271014,138.85170254396087,138.85170255081778,138.85170257075194,138.85170261953206,138.85170272991476,138.85170296924255,138.85170366626338,138.8517056924921,138.8517100614946,138.85171895956185,138.8517388459428,138.8517778263848,138.85185330263585,138.85201689613476,138.85233252474464,138.8529462630371,138.85420504929272,138.85673155008462,138.86185521278307,138.87221824327762,138.89293124551958,138.93319751033366,139.00806840244013,139.13984485068963,139.3590373144933,139.70556624340168,140.23166630929754,141.0078931752018,142.13269680914794,143.7457241386772,146.0458524820129,149.31610389545025,153.95865122361403,160.54435153526924,169.88296913698665,183.1227540822916,201.8916318662326,228.49736768788486,266.2113163689247,319.67064565863444,395.4484888593581,502.8621321876019,655.1186101142455,870.9385662104389,1176.8580397980159,1610.4911915584514,2225.1551330553225,3096.4255024762306,4331.428823240346,6082.014181907938,8563.423741268585,12080.757710405036,17066.487756211944,24133.631295228482,34151.12467865496,48350.66273486457,68478.14106063572,97008.32155624036,137449.11527519472,194772.89550203588,276027.87289627024,391204.7039627879,554464.8861680485,785881.9762792164,1113909.7223718623,1578880.5771815246,2237964.75038838,3172199.5371032404,4496453.209379087,6373548.574991016,9034282.757095596,12805804.714645237,18151839.64438276,25729706.03138988,36471135.84508452,51696835.078887664,73278870.35529794,103870847.74298586,147234185.28287265,208700595.8639391,295827644.7504477,419327985.4391403,594386527.4780122,842527487.8177475,1194260887.8631842,1692833894.6659667,2399548250.1416364,3401297589.597917,4821251396.006124,6833999229.139425,9687017279.092665
3274549.1628777315,129.49356257263136,129.4935625707783,129.4935625681695,129.49356256450739,129.49356255938855,129.49356255227752,129.49356254248872,129.49356252919785,129.49356251176454,129.49356251293096,129.49356251932574,129.4935625379164,129.4935625834089,129.49356268635216,129.4935629095501,129.49356355959404,129.49356544926172,129.49356952380808,129.49357782217535,129.4935963682808,129.49363272157146,129.49370311097582,129.49385567882044,129.4941500351184,129.49472240950402,129.49589635777903,129.49825258087347,129.50303092585435,129.5126955227774,129.53201253799227,129.56956499132437,129.639389835887,129.76228499256484,129.96670461791973,130.28987865681154,130.78052133906152,131.50443311214448,132.55342874574907,134.05774343188213,136.20285082313796,139.25269823645922,143.58235341276853,149.724199564988,158.4334255956122,170.78089334761768,188.2848115861631,213.09740985972672,248.26956462384643,298.1259140415617,368.79658423014837,468.9709074989888,610.9658083980273,812.2402217775268,1097.541746722053,1501.9494753733538,2075.187124421767,2887.736786983883,4039.505017340387,5672.106781838541,7986.277641886292,11266.555073608979,15916.263600984727,22507.10531837566,31849.453175139675,45091.98989055638,63862.94354149001,90470.2853588732,128185.50493178386,181645.85422733403,257424.5180961172,364838.8162321545,517095.80856954464,732916.161333195,1038835.9352097551,1472469.3106083972,2087133.4164188697,2958403.9052838776,4193407.312170725,5943992.732559388,8425402.335956702,11942736.336411044,16928466.40443885,23995609.959195524,34013103.353758335,48212641.41784039,68340119.74917229,96870300.2487058,137311093.97043088,194634874.19923156,275889851.5948472,391066682.6623397,554326864.8682882,785743954.9799411,1113771701.0729294,1578742555.882834,2237826729.08986,3172061515.80484,4496315188.080698,6373410553.692761,9034144735.797382
3511191.7342151273,120.76612985506793,120.76612985333973,120.76612985090675,120.76612984749147,120.76612984271762,120.76612983608584,120.76612982695677,120.76612981456168,120.7661297983033,120.76612979939112,120.76612980535491,120.76612982269265,120.76612986511908,120.7661299611243,120.76613016927944,120.76613077551261,120.766132537823,120.76613633775858,120.76614407684367,120.76616137300368,120.76619527620423,120.76626092159832,120.76640320688082,120.76667772454947,120.76721152281719,120.76830635090754,120.7705037724514,120.77496007297313,120.78397330840987,120.80198842145104,120.83700996511223,120.90212884884691,121.01674128328042,121.207383710055,121.50877690035128,121.96635190794136,122.64147445036672,123.61977128913223,125.02270020018551,127.02323453269464,129.8675324378412,133.9053833461175,139.63328962371924,147.75554296864183,159.2708327196948,175.5950454525325,198.7353576473268,231.5370268974395,278.0332252277802,343.9409287721364,437.3638379244188,569.7887577432135,757.4979493028918,1023.571106337044,1400.723107582689,1935.3264576447082,2693.1129924589704,3767.255898923212,5289.825768621644,7448.029257961799,10507.22696949188,14843.560704153953,20990.201748570304,29702.906627535718,42052.94068955729,59558.794888607816,84372.8909191653,119546.23092129736,169403.5315998735,240074.96714623936,340249.9010910201,482245.2817312431,683520.065044141,968821.8700391793,1373229.8072562215,1946467.6095440504,2759017.3835001374,3910785.6941749924,5543387.516234431,7857558.417350936,11137835.878280807,15787544.42637985,22378386.158450123,31720734.025599957,44963270.748358585,63734224.40447825,90341566.2255256,128056785.8010204,181517135.09839815,257295798.96846983,364710097.10541683,516967089.44344884,732787442.2075526,1038707216.0844332,1472340591.4833026,2087004697.293936,2958275186.1590595,4193278593.0459223,5943864013.434717,8425273616.832081
3764935.806792471,112.62689689296967,112.62689689135796,112.62689688908894,112.62689688590385,112.62689688145173,112.62689687526691,112.62689686675311,112.62689685519341,112.6268968400308,112.6268968410453,112.62689684660714,112.62689686277638,112.62689690234342,112.62689699187821,112.62689718600437,112.62689775137946,112.62689939491602,112.62690293874867,112.62691015624533,112.62692628670206,112.62695790494035,112.62701912605458,112.62715182178525,112.62740783788182,112.62790565993285,112.62892670027416,112.63097602296051,112.63513198374177,112.64353775727632,112.66033871199299,112.69299992082445,112.75373000974072,112.86061794968785,113.03841171495574,113.31949201295386,113.74622799648249,114.37584953910468,115.28821244518268,116.5965886430702,118.462293657123,121.11489540299559,124.88060867426951,130.22247323939428,137.7973138931025,148.53651165526452,163.7605270851426,185.34125968593034,215.93220621194175,259.29471639216337,320.76046130301694,407.8869790540023,531.3869024877521,706.4451227770511,954.5858395428855,1306.3190581882777,1804.8919317110974,2511.6061903019154,3513.355459901334,4933.309216245637,6946.057013659306,9799.075038209738,13843.154392358194,19575.532402470642,27701.030132999527,39218.71323336259,55544.73144944676,78686.44045742623,111489.21506447598,157986.300543879,223894.71786346144,317318.1965341692,449743.5637611978,637453.1003220009,903526.5185321968,1280678.7142869488,1815282.2072605586,2573068.845961208,3647211.8273306075,5169781.75071088,7327985.278351883,10387183.017120667,14723516.771109344,20870157.829215664,29582862.717866894,41932896.78673551,59438750.99062249,84252847.02459708,119426187.02913898,169283487.7094194,239954923.25698662,340129857.20261514,482125237.84343636,683400021.1567562,968701826.1520925,1373109763.3693452,1946347565.6573222,2758897339.613514,3910665650.288379,5543267472.347934,7857438373.464474
4037017.258596558,105.03622099145481,105.03622098995174,105.03622098783565,105.03622098486521,105.03622098071317,105.03622097494517,105.03622096700518,105.03622095622455,105.03622094208384,105.03622094302997,105.03622094821698,105.03622096329646,105.0362210001968,105.03622108369726,105.03622126473998,105.03622179201066,105.03622332477838,105.03622662976856,105.03623336083011,105.03624840414803,105.03627789142288,105.03633498643892,105.03645873892145,105.03669750038998,105.03716177090091,105.03811399654053,105.04002520173664,105.04390106467078,105.05174031720223,105.06740894380182,105.09786889647131,105.15450598065114,105.25419003118728,105.4200010917311,105.68213751838708,106.08011292486137,106.6673000827806,107.51817278256104,108.73836880369329,110.47833154409572,112.95215681024479,116.4640736104374,121.44591438246964,128.510236128225,138.52564790405808,152.7236156469642,172.8498790986506,201.37909821313448,241.81912033646682,299.14227975899905,380.3967618158483,495.57320374998477,658.833085891205,890.2499488450233,1218.2775257637234,1683.248256276289,2342.332339128179,3276.5670606944173,4600.820686280515,6477.916018580331,9138.650176994219,12910.172117734397,18256.207035565036,25834.073414148286,36575.50322188717,51801.20245148368,73383.23772492289,103975.2151105134,147338.55264891984,208804.96322893834,295932.01211471355,419432.3528028798,594490.8948413827,842631.8551808703,1194365.2552261073,1692938.2620287556,2399652.6175043657,3401401.956960588,4821355.763368759,6834103.596501931,9687121.646455275,13731201.01862779,19463579.04150756,27589076.781069484,39106759.88781815,55432778.10841283,78574487.11957915,111377261.72887638,157874347.20986894,223782764.53057188,317206243.2020705,449631610.4296571,637341146.9908543,903414565.2013284,1280566760.9562774,1815170253.9300263,2572956892.630774,3647099874.0001855,5169669797.380569,7327873325.021612
4328761.281083061,97.95713124059628,97.95713123919451,97.95713123722102,97.9571312344508,97.95713123057858,97.95713122519933,97.95713121779445,97.95713120774043,97.95713119455276,97.95713119543512,97.95713120027254,97.9571312143357,97.9571312487491,97.9571313266219,97.95713149546295,97.95713198719734,97.95713341666165,97.95713649890655,97.95714277631707,97.9571568057657,97.95718430569694,97.95723755269998,97.95735296467939,97.95757563442403,97.95800861465639,97.95889666347489,97.96067905983737,97.96429370258178,97.9716046157297,97.98621722933754,98.014624283143,98.06744421740682,98.1604098965677,98.31504584658111,98.55951515542048,98.93066835147562,99.47828106019794,100.27180778778475,101.40976668094626,103.03246175609769,105.33955947891258,108.6147848407476,113.26086621838417,119.84907632193553,129.18948286449105,142.43055510046528,161.20037575576148,187.80682098589386,225.52132096614508,278.9810912975191,354.7592932129992,462.1732284428757,614.4299409395378,830.250081855484,1136.1696979598566,1569.8029574386114,2184.466978983741,3055.737407090929,4290.7407704347615,6041.326159756442,8522.735741059738,12040.06972583753,17025.799782760943,24092.943329661506,34110.436718669975,48309.97477882894,68437.45310739004,96967.63360496753,137408.42732531216,194732.2075531356,275987.1849480675,391164.01601506927,554424.1982206741,785841.2883320964,1113869.034424899,1578839.889234679,2237924.0624416512,3172158.8491565795,4496412.521432406,6373507.887044351,9034242.069149077,12805764.026698558,18151798.95643605,25729665.343443535,36471095.15713767,51696794.39094069,73278829.66735199,103870807.05503848,147234144.5949273,208700555.17599088,295827604.06250364,419327944.75119036,594386486.790061,842527447.1298077,1194260847.1752286,1692833853.9780066,2399548209.4537096,3401297548.9099426,4821251355.318217,6833999188.451424
4641588.833612782,91.35514844605893,91.35514844475162,91.35514844291114,91.35514844032762,91.35514843671638,91.35514843169967,91.35514842479387,91.35514841541745,91.35514840311856,91.35514840394147,91.35514840845286,91.35514842156823,91.35514845366227,91.3551485262867,91.35514868374842,91.35514914234157,91.35515047546477,91.35515334997667,91.35515920431075,91.3551722882215,91.3551979347494,91.35524759308265,91.35535522668091,91.35556288923001,91.35596668804385,91.35679488534417,91.35845715415729,91.36182818207853,91.36864636414903,91.38227413650644,91.4087666499605,91.45802669743708,91.5447268009678,91.68894080549876,91.91693370113259,92.26307241398001,92.77377785893023,93.51382354091898,94.57508781329695,96.08841867135406,98.24002572923789,101.29451186348204,105.6274629061577,111.77164969869955,120.48254410153676,132.8312123851288,150.33600994865586,175.14926981894237,210.32193872655176,260.1786994611994,330.8497041883686,431.0242996856488,573.019419345472,774.2940050884918,1059.5956629446594,1464.0034920544258,2037.2412157561132,2849.790933049252,4001.559203115744,5634.160996202007,7948.331876713551,11228.60932302341,15878.317860766452,22469.159585510068,31811.5074474799,45054.04416657981,63824.99782011539,90432.3396393385,128147.5592135458,181607.9085100121,257386.5723794459,364800.870515935,517057.86285364634,732878.2156175346,1038797.9894942412,1472431.3648929938,2087095.470703576,2958365.9595686486,4193369.3664554795,5943954.78684416,8425364.390241615,11942698.390695814,16928428.458723597,23995572.013480637,34013065.40804298,48212603.472124964,68340081.80345786,96870262.30299005,137311056.02471712,194634836.2535152,275889813.6491349,391066644.7166221,554326826.9225696,785743917.0342339,1113771663.1272078,1578742517.937109,2237826691.1441674,3172061477.859105,4496315150.135029,6373410515.747005
4977023.564332114,85.19811719580795,85.19811719458875,85.19811719287232,85.19811719046291,85.19811718709505,85.19811718241647,85.19811717597608,85.19811716723159,85.19811715576162,85.19811715652907,85.1981171607364,85.19811717296783,85.19811720289884,85.19811727062864,85.19811741747796,85.19811784516348,85.19811908843862,85.19812176921805,85.19812722898959,85.19813943108856,85.1981633491263,85.1982096606541,85.19831004010808,85.19850370689639,85.19888029102164,85.1996526705958,85.20120290805434,85.20434673997612,85.21070539939474,85.2234147055058,85.24812171222041,85.29406179736469,85.37491860409256,85.5094130673856,85.7220400049193,86.04485012700664,86.5211357342387,87.21130481410789,88.20104342645514,89.61238084962089,91.6189767929809,94.46760078478539,98.50852542906583,104.23861459566604,112.36242387009833,123.87883324092695,140.2038660351855,163.3447952372978,196.1469439793497,242.643525905238,308.5515414413959,401.97470447483215,534.3998283106666,722.1091806171404,988.1824616051337,1365.3345565386794,1899.9379762225915,2657.724562079187,3731.8675055770937,5254.437401936889,7412.640910361642,10471.83863549576,14808.172379826401,20954.813431099872,29667.51831492023,42017.55238037674,59523.40658185384,84337.50261412718,119510.84261746843,169368.1432968989,240039.57884387145,340214.5127890732,482209.8934295956,683484.6767427148,968786.4817378893,1373194.4189550339,1946432.2212429645,2758981.995199111,3910750.3058739486,5543352.127933401,7857523.02905003,11137800.489979763,15787509.038078776,22378350.770149365,31720698.637298763,44963235.360057294,63734189.01617783,90341530.83722396,128056750.41272056,181517099.71009573,257295763.58017108,364710061.71711284,516967054.0551438,732787406.8192576,1038707180.6961241,1472340556.0949898,2087004661.9056525,2958275150.7707343,4193278557.657656,5943863978.04637
5336699.231206313,79.45604924495929,79.45604924382226,79.45604924222151,79.45604923997449,79.45604923683362,79.45604923247035,79.45604922646405,79.45604921830889,79.45604920761195,79.45604920832767,79.45604921225146,79.45604922365852,79.4560492515723,79.45604931473731,79.45604945168948,79.45604985055043,79.456051010033,79.45605351013685,79.45605860193808,79.45606998165641,79.45609228769847,79.45613547798428,79.45622909219902,79.45640970649399,79.45676091010957,79.4574812338855,79.4589269905278,79.46185893870009,79.46778904575558,79.47964178717133,79.50268362432483,79.5455275014865,79.62093483005918,79.74636481666353,79.94466141024499,80.24571521051143,80.68990076188837,81.33355475568968,82.25658829810429,83.5728063025302,85.44416439515003,88.10080066391873,91.86938051167758,97.2132808463882,104.7895725651647,115.52981448847675,130.7545947103806,152.33590273425816,182.92729643605696,226.29016435877026,287.7562002342223,374.8829547556217,498.38306845634577,673.4414386586446,921.5822710242466,1273.3155770432893,1771.8885154957202,2478.6028216887894,3480.352125825931,4900.305907034713,6913.053722246746,9766.071759484355,13810.151122649757,19542.529139157192,27668.02687421383,39185.70997778035,55511.72819612756,78653.43720570732,111456.21181388479,157953.2972940847,223861.71461423306,317285.1932853336,449710.56051264156,637420.0970736515,903493.5152839749,1280645.711038823,1815249.2040125288,2573035.842713234,3647178.8240826204,5169748.747462909,7327952.275104034,10387150.01387269,14723483.767861348,20870124.82596798,29582829.714618813,41932863.78348737,59438717.98737521,84252814.02134869,119426154.02589233,169283454.70617047,239954890.25374117,340129824.1993651,482125204.8401856,683399988.1535152,968701793.1488389,1373109730.3660886,1946347532.654094,2758897306.6102486,3910665617.285171,5543267439.344652
5722367.65935022,74.10097745596697,74.10097745490658,74.10097745341372,74.10097745131814,74.10097744838896,74.10097744431975,74.10097743871823,74.10097743111272,74.10097742113673,74.1009774218042,74.10097742546353,74.10097743610181,74.10097746213428,74.1009775210422,74.10097764876426,74.1009780207433,74.10097910208061,74.10098143368586,74.1009861823167,74.1009967950801,74.10101759776958,74.1010578771747,74.10114518210467,74.10131362360066,74.10164115726799,74.10231293363226,74.10366125111565,74.10639559579401,74.11192603348134,74.12297993979541,74.1444688342431,74.18442517747752,74.25475030448395,74.37172672979067,74.55665879664028,74.83742257836067,75.25167151021196,75.85194537906582,76.71276955000717,77.94027886616271,79.68551368655697,82.16310156226201,85.67769174127857,90.66143107884005,97.72710609273464,107.74349165675092,121.94217264725987,142.06897274044582,170.59860889256564,211.03896464774306,268.36239542483366,349.61709829456345,464.7937176723169,628.0537396229025,859.470710385451,1187.4983687891097,1652.4691598552486,2311.553287101158,3245.788040877392,4570.041689652186,6447.137038550816,9107.871208796807,12879.393157946222,18225.428081740843,25803.29446454669,36544.72427527314,51770.423506980165,73352.4587819118,103944.43616855402,147307.77370770363,208774.18428824993,295901.2331743915,419401.57386281836,594460.1159015143,842601.0762411206,1194334.4762864471,1692907.483089185,2399621.8385648485,3401371.1780210575,4821324.984429243,6834072.817562529,9687090.867515756,13731170.239688253,19463548.262568317,27589046.00212987,39106729.108878486,55432747.32947395,78574456.34063925,111377230.94993812,157874316.4309285,223782733.75163478,317206212.4231291,449631579.650715,637341116.2119212,903414534.4223835,1280566730.1773298,1815170223.151105,2572956861.851819,3647099843.2212834,5169669766.601599
6135907.273413176,69.10681958275283,69.1068195817639,69.10681958037165,69.10681957841732,69.10681957568553,69.10681957189058,69.1068195666666,69.10681955957367,69.10681955027003,69.10681955089251,69.10681955430522,69.10681956422651,69.10681958850448,69.1068196434422,69.10681976255621,69.10682010946512,69.10682111792393,69.10682329238678,69.1068277209758,69.10683761847447,69.10685701913229,69.10689458384032,69.1069760047102,69.10713309381312,69.1074385528075,69.10806505369317,69.10932249909082,69.11187255808942,69.11703026278634,69.12733917281098,69.14737978769371,69.18464320712334,69.25022865593951,69.359321261687,69.531789526177,69.79363076869302,70.17996070898033,70.73977812811998,71.54258563101784,72.68736492759484,74.31497676219166,76.62558350727147,79.9033020711452,84.55115405734861,91.14062622329584,100.48194092397019,113.72367833704601,132.4939994660007,159.10083362682818,196.8156447532547,250.27566815079803,326.0540759971095,433.4681767114971,585.7250195948413,801.5452610535701,1107.464953151088,1541.0982691023073,2155.762332049448,3027.0327901957858,4262.036175165474,6012.621579967262,8494.031172305218,12011.36516492549,16997.095227410933,24064.238778249506,34081.73217004419,48281.27023217143,68408.7485621244,96938.92906068273,137379.72278172037,194703.50301003602,275958.4804053096,391135.31147255434,554395.4936783392,785812.5837898722,1113840.3298827584,1578811.1846926222,2237895.3578996435,3172130.144614559,4496383.8168904,6373479.1825024495,9034213.364607066,12805735.322156532,18151770.25189429,25729636.638901442,36471066.45259551,51696765.68639928,73278800.96280962,103870778.35049762,147234115.89038447,208700526.47145104,295827575.35795987,419327916.0466459,594386458.0855249,842527418.4252609,1194260818.4706793,1692833825.273482,2399548180.7491527,3401297520.205436,4821251326.613646
6579332.246575682,64.44925123533014,64.44925123440785,64.44925123310944,64.44925123128681,64.44925122873914,64.44925122519997,64.44925122032807,64.44925121371317,64.44925120503656,64.4492512056171,64.4492512087998,64.44925121805242,64.44925124069414,64.44925129192924,64.44925140301538,64.44925172654378,64.44925266703584,64.44925469494716,64.4492588250641,64.4492680555045,64.44928614862292,64.44932118159534,64.44939711497112,64.44954361679424,64.44982848887473,64.45041276569754,64.45158546348391,64.45396365704073,64.45877374970334,64.46838787369502,64.48707781820826,64.52182980788466,64.58299501695745,64.68473514619778,64.84557962689227,65.08977364601479,65.45006624132793,65.9721538400611,66.7208548041666,67.78847980759693,69.30639605196866,71.46127563576103,74.51808693857093,78.85268925672204,84.99805305287826,93.70979440701659,106.05908303699985,123.56434734393581,148.3779699322903,183.55092901586414,233.40792576086832,304.0791225398201,404.25387236850924,546.2491136273886,747.5237931369437,1032.825521864573,1437.233403640749,2010.4711659540906,2823.020911261841,3974.7892014966783,5607.391009019742,7921.561899822248,11201.839353446028,15851.547896376242,22442.389624792457,31784.737489360712,45027.27421029625,63798.22786512987,90405.56968526772,128120.78926012135,181581.13855704668,257359.80242679917,364774.1005635148,517031.09290139395,732851.4456653855,1038771.2195421703,1472404.5949410007,2087068.7007516285,2958339.1896166904,4193342.596503534,5943928.016892314,8425337.620289667,11942671.620743848,16928401.688771885,23995545.2435286,34013038.63809089,48212576.70217357,68340055.03350556,96870235.5330392,137311029.2547644,194634809.48356533,275889786.87918127,391066617.9466678,554326800.1526232,785743890.2642773,1113771636.3572488,1578742491.167173,2237826664.3742013,3172061451.089185,4496315123.365049
7054802.310718645,60.10558740618638,60.10558740532627,60.105587404115354,60.105587402415566,60.10558740003961,60.105587396738954,60.105587392195396,60.10558738602633,60.1055873779345,60.10558737847591,60.105587381444096,60.10558739007313,60.10558741118887,60.105587458970895,60.10558756257019,60.105587864293874,60.105588741399906,60.1055906326368,60.10559448439769,60.10560309273728,60.10561996644008,60.10565263830741,60.105723454027796,60.105860082118376,60.10612575477407,60.10667065329453,60.10776431517499,60.109982226445624,60.11446813496158,60.123434299173574,60.14086460397968,60.17327442586274,60.23031730455684,60.32520048959869,60.47520459062208,60.7029407501446,61.038950830390874,61.52585147233564,62.22409249727514,63.21976314869047,64.63537691847995,66.64502483045504,69.49581728224601,73.53828191156151,79.26946875567177,87.39406789972212,98.9110558076714,115.23652388839525,138.37779136259172,171.18021072371926,217.67701275365593,283.585207397949,377.0085143613737,509.4337516008949,697.1431913543536,963.216538437309,1340.3686824877243,1874.9721381809948,2632.758750164111,3706.901712471084,5229.471622294687,7387.675140316826,10446.872872271932,14783.20662144015,20929.847676138696,29642.552562382356,41992.58662955078,59498.440832238426,84312.53686536486,119485.8768693089,169343.17754916745,240014.61309643713,340189.5470418502,482184.9276825291,683459.7109957449,968761.5159909921,1373169.453208209,1946407.2554961822,2758957.029452318,3910725.340127168,5543327.162186713,7857498.063303247,11137775.524232963,15787484.07233221,22378325.804402508,31720673.671551846,44963210.39431103,63734164.05043073,90341505.87147817,128056725.44697301,181517074.74435094,257295738.61442274,364710036.75136393,516967029.0894022,732787381.8535066,1038707155.7303711,1472340531.1292577,2087004636.9398925,2958275125.805018,4193278532.691884
7564633.275546291,56.05467198139133,56.05467198058918,56.05467197945988,56.054671977874655,56.05467197565883,56.05467197258063,56.05467196834329,56.05467196258999,56.05467195504352,56.05467195554845,56.0546719583166,56.05467196636406,56.05467198605667,56.05467203061834,56.0546721272354,56.05467240862391,56.05467322661593,56.054674990389785,56.054678582554885,56.054686610721205,56.05470234719291,56.05473281708573,56.05479886006357,56.054926279878124,56.055174047086,56.05568222126988,56.056702173999966,56.058770605474045,56.06295417876983,56.07131605352265,56.08757161412202,56.11779712248205,56.170995502068024,56.25948387800099,56.39937820466161,56.61176570923865,56.925129834662826,57.3792150029401,58.03039691972984,58.958962701633176,60.279168841232824,62.15337320999767,64.81203179180733,68.582047834764,73.92697186719431,81.5040002210202,92.24478168998728,107.46996786150552,129.05159135906092,159.6432374411154,203.00631063360086,264.4725135458993,351.5994022968876,475.09962175826945,650.1580735139191,898.2989675199038,1250.0323193455033,1748.6052913803824,2455.3196219391325,3457.0689436176713,4877.022737382847,6889.770561545433,9742.78860514432,13786.867972821256,19519.24599252293,27644.74372983955,39162.4268350026,55488.44505447877,78630.15406485411,111432.92867359376,157930.0141541929,223838.43147461835,317261.91014591604,449687.2773733699,637396.8139344697,903470.2321448609,1280622.4278997767,1815225.9208735223,2573012.559574218,3647155.540943614,5169725.464323988,7327928.9919650275,10387126.730733668,14723460.484722544,20870101.5428289,29582806.431479685,41932840.50034884,59438694.70423588,84252790.73821059,119426130.74275263,169283431.42303324,239954866.97060072,340129800.91622406,482125181.5570514,683399964.8703722,968701769.8656937,1373109707.0829635,1946347509.3709424,2758897283.327138,3910665594.0020075
8111308.307896872,52.27677469828661,52.27677469753852,52.27677469648533,52.27677469500694,52.276774692940464,52.27677469006972,52.27677468611796,52.276774680752425,52.276774673714556,52.276774674185454,52.27677467676703,52.27677468427213,52.27677470263752,52.27677474419589,52.27677483430127,52.27677509672514,52.27677585958725,52.27677750448864,52.276780854553834,52.27678834164861,52.276803017534796,52.27683143385881,52.276893025761,52.277011857906494,52.277242926433814,52.27771685137851,52.27866806270824,52.28059708882377,52.28449870328135,52.29229701566205,52.30745700588248,52.33564541614029,52.385258402990935,52.46778295854628,52.598248875799946,52.79632217340467,53.08856660556839,53.5120479532738,54.11934238830175,54.985325944306034,56.21655460867244,57.96444387572568,60.443917767341176,63.959847346806,68.94454138828706,76.01090339049415,86.02779213659412,100.22685171707214,120.35394602206586,148.8838175448568,189.32436473531078,246.6479512915234,327.90277934421704,443.0794973547141,606.3395953622276,837.7566236108033,1165.7843247338108,1630.755147119053,2289.8392970884775,3224.0740672238785,4548.327727708806,6425.423084954753,9086.15726113329,12857.679214490181,18203.714141263765,25781.580526177273,36523.01033839266,51748.70957115257,73330.74484682619,103922.72223399271,147286.0597735146,208752.47035431935,295879.5192406448,419379.85992920765,594438.4019679874,842579.3623076573,1194312.7623530473,1692885.769155822,2399600.1246314757,3401349.464087696,4821303.270495961,6834051.103629165,9687069.15358238,13731148.525755083,19463526.548634887,27589024.288196404,39106707.39494557,55432725.61554032,78574434.62670676,111377209.23600411,157874294.71699685,223782712.03770012,317206190.7091939,449631557.93678623,637341094.4979842,903414512.7084448,1280566708.4634097,1815170201.4371607,2572956840.1379123,3647099821.5073276
8697490.026177835,48.75349504788212,48.75349504718445,48.75349504620225,48.753495044823495,48.753495042896276,48.75349504021902,48.7534950365336,48.75349503152968,48.75349502496614,48.7534950254053,48.75349502781289,48.75349503481217,48.753495051939794,48.75349509069727,48.75349517472985,48.75349541946723,48.753496130914975,48.753497664955525,48.753500789237535,48.753507771727186,48.753521458507755,48.75354795966664,48.75360540048075,48.75371622373737,48.753931719019306,48.754373703008895,48.7552608058786,48.75705982209016,48.760698480791554,48.76797121301784,48.78210947063614,48.80839807638588,48.85466731397166,48.93162999068263,49.05330294176759,49.23802676204195,49.51057489758582,49.90551501979851,50.47187984244912,51.27949900512455,52.42774697829122,54.05783435872633,56.3702000085565,59.64916770177111,64.2979100480452,70.88802290159192,80.22980687156162,93.47189735890967,112.242492870781,138.84954653908412,176.56453619869026,230.02470487636415,305.80322946872684,413.21742216834105,565.4743359826306,781.2946310530211,1087.2143629907462,1520.8477081502665,2135.5117922894333,3006.7822656923845,4241.785661582983,5992.371074169507,8473.780672040179,11991.114668584352,16976.844733847982,24043.98828665217,34061.48167983543,48261.0197429446,68388.49807358954,96918.67857263678,137359.4722940217,194683.2525225784,275938.22991802334,391115.060985395,554375.243191258,785792.3333028501,1113820.0793957952,1578790.9342056934,2237875.1074127057,3172109.894127631,4496363.566403546,6373458.932015522,9034193.11412013,12805715.071669783,18151750.001407303,25729616.38841441,36471046.202109,51696745.43591209,73278780.71232349,103870758.10001011,147234095.6398991,208700506.2209629,295827555.1074711,419327895.7961632,594386437.8350345,842527398.1747688,1194260798.2202046,1692833805.0229847,2399548160.4986906,3401297499.9549274
9326033.468832199,45.46767265390936,45.46767265325872,45.467672652342706,45.46767265105688,45.467672649259555,45.467672646762736,45.46767264332569,45.46767263865902,45.46767263253784,45.467672632947405,45.467672635192734,45.46767264172028,45.46767265769356,45.467672693838914,45.46767277220798,45.46767300045087,45.467673663949434,45.46767509460078,45.46767800831664,45.46768452020986,45.46769728454723,45.4677219996167,45.46777556911219,45.46787892325222,45.46807989487339,45.46849209062135,45.469319405726665,45.47099717426667,45.47439059954976,45.48117317396497,45.49435856033888,45.51887540204599,45.56202624787623,45.63380189776197,45.74727449916896,45.919548552205875,46.17372785560088,46.5420503353949,47.07024406455579,47.823432398673916,48.89429230150102,50.414517248206906,52.57103719245632,55.62901343747021,59.96444610840317,66.11040741195897,74.82258640821273,87.17220431644398,104.67772451380634,129.49155181556725,164.66467739978202,214.52180963352217,285.19311529023196,385.36795090465137,527.3632583139678,728.6379878219382,1013.939753704678,1418.3476627206135,1991.58544479771,2804.1352043338293,3955.9035047535444,5588.505319536679,7902.676215499013,11182.953672782241,15832.6622183034,22423.503948552752,31765.851814416015,45008.38853626729,63779.34219174625,90386.68401234009,128101.90358751758,181562.2528846677,257340.91675458004,364755.2148914141,517012.20722936623,732832.5599934127,1038752.3338702525,1472385.7092691152,2087049.8150797356,2958320.3039448056,4193323.71083172,5943909.131220428,8425318.734617772,11942652.735072134,16928382.80309994,23995526.357856624,34013019.752419405,48212557.816501446,68340036.14783444,96870216.64736676,137311010.369094,194634790.59789228,275889767.99350774,391066599.061,554326781.2669482,785743871.3786006,1113771617.4715884,1578742472.2814915,2237826645.488553,3172061432.2034955
10000000.0,42.40330369202652,42.403303691419715,42.403303690565444,42.40330368936628,42.40330368769009,42.40330368536154,42.40330368215616,42.403303677804,42.40330367209537,42.40330367247732,42.40330367457132,42.40330368065894,42.40330369555567,42.40330372926495,42.403303802352205,42.40330401521229,42.40330463399326,42.4033059682235,42.40330868556466,42.40331475857808,42.40332666264182,42.40334971199833,42.40339967108912,42.403496059506026,42.40368348631256,42.40406790144667,42.40483945828282,42.40640415083852,42.409568870614926,42.41589432221503,42.4281910576773,42.45105554630836,42.49129816955048,42.55823638085864,42.66406130871034,42.82472466715371,43.06177313620833,43.405271913596565,43.89786715321473,44.60029311444669,45.59898064386629,47.016747517179574,49.02792523480699,51.87980411559633,55.923043134695256,61.65478721620617,69.7797945067581,81.2970895007035,97.62279622569545,120.76425461629991,153.56682925648238,200.06375764366769,265.9720538277223,359.3954407952062,491.8207397268464,679.5302261089944,945.6036078429304,1322.755777297236,1857.3592514222498,2615.14587667479,3689.2888484802143,5211.858765074584,7370.062287908796,10429.260023276713,14765.593774861254,20912.234831269394,29624.939718720776,41974.97378674321,59480.8279900327,84294.9240235844,119468.26402783043,169325.56470789862,239997.0002553174,340171.9342008408,482167.3148415878,683442.0981548547,968743.9031501532,1373151.8403674003,1946389.6426553659,2758939.4166115103,3910707.727286425,5543309.549345903,7857480.450462427,11137757.911392309,15787466.45949135,22378308.191561602,31720656.058711402,44963192.78146999,63734146.43759063,90341488.25863685,128056707.83413358,181517057.131509,257295721.00158042,364710019.13852674,516967011.4765583,732787364.240661,1038707138.1175406,1472340513.5164082,2087004619.3270729,2958275108.1921587
10722672.220103232,39.54546294208952,39.545462941523624,39.54546294072693,39.545462939608576,39.54546293804536,39.54546293587375,39.54546293288439,39.54546292882556,39.54546292350167,39.54546292385788,39.54546292581076,39.54546293148808,39.545462945380834,39.545462976818214,39.54546304497963,39.545463243493664,39.54546382057086,39.54546506487845,39.54546759907992,39.54547326279255,39.54548436456224,39.54550586046926,39.545552452484536,39.54564234464475,39.54581713951181,39.54617564635249,39.54689520284019,39.54835444035447,39.551305868609894,39.557205005942706,39.568672982590556,39.58999648121265,39.62752688633561,39.689953686235974,39.78864636813415,39.93848155393994,40.15955374955382,40.47990185899638,40.939297828123024,41.59438263050561,42.52576196293287,43.847976094084984,45.723607164721265,48.383278953850976,52.15401719531147,57.49946090920664,65.07686990182593,75.81793776022077,91.04334649218214,112.62514803901864,143.21693893483945,186.58012996851784,248.0464275771377,335.1733909401794,458.67366793583784,633.7321631775592,881.8730894991645,1233.6064650165172,1732.1794542409023,2438.8937971747614,3440.643127711588,4860.596927791202,6873.344756441544,9726.36280322323,13770.442173153639,19502.820194449683,27628.317932892624,39146.00103885215,55472.019258889595,78613.72826966153,111416.50287868282,157913.58835947746,223822.005680042,317245.4843514426,449670.85157896,637380.3881401076,903453.8063505469,1280606.0021054903,1815209.4950792287,2572996.1337799327,3647139.11514939,5169709.0385297015,7327912.566170731,10387110.304939529,14723444.058928208,20870085.11703453,29582790.005685735,41932824.07455434,59438678.278442256,84252774.31241581,119426114.31695962,169283414.99723792,239954850.54480505,340129784.4904332,482125165.13125426,683399948.4445738,968701753.4399092,1373109690.6571608,1946347492.9451685,2758897266.9013267
11497569.953977356,36.88023109383904,36.88023109331128,36.88023109256828,36.8802310915253,36.88023109006744,36.88023108804219,36.8802310852543,36.88023108146902,36.88023107650395,36.880231076836154,36.8802310786574,36.880231083952104,36.880231096908524,36.88023112622713,36.8802311897947,36.88023137492955,36.88023191311368,36.880233073559104,36.880235436963865,36.88024071896122,36.8802510725088,36.88027111966363,36.88031457153301,36.88039840526248,36.88056141954053,36.88089576422002,36.88156682500872,36.88292771479844,36.88568022666753,36.89118178188784,36.9018768552916,36.921763221473825,36.95676420290138,37.014983645423676,37.10702477087479,37.246761566638135,37.45293423617046,37.7516919552043,38.180126173556474,38.79106045275081,39.659667935390324,40.89276925939908,42.64198907339264,45.12240788554588,48.63901098975249,53.624189687906984,60.69090667512675,70.70806250896557,84.90732965005775,105.03459000440692,133.564596581001,174.00525367054595,231.32892854086492,312.5838261770092,427.76059784416515,591.0207364069347,822.4377947931665,1150.4655180111818,1615.436356427415,2274.5205179379077,3208.7552963345775,4533.008962708372,6410.104324139615,9070.838503286443,12842.360458744928,18188.39538700543,25766.261772969352,36507.691585927525,51733.39081921089,73315.42609525437,103907.40348268354,147270.7410223878,208737.15160332224,295864.2004897437,419364.5411783658,594423.0832171902,842564.0435569044,1194297.4436023203,1692870.4504050885,2399584.8058807505,3401334.1453370266,4821287.9517452335,6834035.784878429,9687053.83483179,13731133.20700431,19463511.22988408,27589008.969445992,39106692.07619465,55432710.296790205,78574419.3079556,111377193.91725457,157874279.3982452,223782696.71894807,317206175.39044636,449631542.6180329,637341079.1792294,903414497.3897032,1280566693.1446512,1815170186.118429,2572956824.8191457
12328467.39442066,34.394626951940886,34.39462695144869,34.394626950755764,34.39462694978308,34.39462694842347,34.39462694653472,34.394626943934725,34.394626940404564,34.39462693577411,34.39462693608393,34.39462693778244,34.39462694272029,34.39462695480349,34.39462698214613,34.39462704142945,34.39462721408683,34.39462771599916,34.394628798234436,34.394631002353634,34.39463592836204,34.39464558411516,34.39466428015886,34.39470480351767,34.394782987134356,34.39493501479565,34.395246825762754,34.39587265930026,34.3971418296729,34.39970883145434,34.404839600265866,34.41481386151737,34.433359953176264,34.466001985599796,34.52029763254976,34.60613549419637,34.73645449760801,34.9287318192497,35.20735426792786,35.60691345388239,36.17667280738472,36.98673905282214,38.13673347463883,39.768061727603666,42.08130861348988,45.360904438132884,50.0100987768427,56.600542690600356,65.94257574748922,79.18485980656071,97.95561017661667,124.56278979654861,162.27788194841483,215.73813298811982,291.5167224742415,398.93096521423547,551.1879168504926,767.0082400273617,1072.9279925709657,1506.561352681041,2121.225447583448,2992.4959286908847,4227.49933007346,5978.084746563205,8459.494347202113,11976.828345706244,16962.55841235658,24029.70196614039,34047.195360016376,48246.733423613696,68374.21175460357,96904.3922538958,137345.18597545076,194668.96620412837,275923.9435996629,391100.7746670898,554360.9568729943,785778.0469846281,1113805.7930775974,1578776.6478874895,2237860.821094509,3172095.6078094877,4496349.280085349,6373444.645697314,9034178.827802056,12805700.78535154,18151735.71508903,25729602.102096505,36471031.915790625,51696731.14959447,73278766.42600489,103870743.81369302,147234081.35358003,208700491.93464354,295827540.82115597,419327881.50984263,594386423.5487127,842527383.8884593,1194260783.9338787,1692833790.7366836,2399548146.2123585
13219411.484660286,32.07654421017987,32.07654420972085,32.076544209074626,32.0765442081675,32.07654420689952,32.07654420513806,32.0765442027133,32.07654419942106,32.07654419510269,32.07654419539162,32.07654419697566,32.07654420158071,32.07654421284955,32.07654423834938,32.076544293637205,32.076544454658055,32.07654492274317,32.076545932039416,32.07654798760836,32.076552581620284,32.07656158660796,32.07657902260089,32.07661681482094,32.07668972912354,32.076831510629276,32.07712230658079,32.07770596103246,32.07888959356975,32.08128358802258,32.08606856018829,32.095370589614134,32.11266673676681,32.14310880545408,32.193745107520805,32.27379778458173,32.395333723325905,32.574652197018686,32.83449642517274,33.20712665927187,33.73848613926616,34.49395663095822,35.566445277641506,37.08782746622166,39.24516925416634,42.303731296652636,46.63958549724392,52.785855548660464,61.498266844208686,73.84806527807707,91.35372989670071,116.16767466137223,151.34089583021174,201.19810487505774,271.8694710519044,372.0443533341494,514.0396960163594,715.3144517365257,1000.616236836377,1405.0241597952504,1978.2619519101797,2790.8117186315285,3942.5800241730803,5575.181842596369,7889.35274114037,11169.63020025146,15819.338747065865,22410.180478228816,31752.5283447381,44995.06506704465,63766.018722845285,90373.36054366762,128088.58011900367,181548.92941626653,257327.59328626245,364741.8914231479,516998.88376113883,732819.2365252242,1038739.0104020865,1472372.3858009437,2087036.4916115701,2958306.9804766905,4193310.387363553,5943895.807752254,8425305.411149722,11942639.411603926,16928369.479631707,23995513.034388732,34013006.42895106,48212544.493033804,68340022.82436588,96870203.32389963,137310997.045625,194634777.27442297,275889754.6700424,391066585.7375295,554326767.9434766,785743858.0551406,1113771604.1481135,1578742458.95804,2237826632.165071
14174741.629268048,29.914692486861316,29.91469248643323,29.914692485830557,29.914692484984567,29.91469248380205,29.914692482159307,29.914692479897965,29.914692476827607,29.914692472800283,29.914692473069742,29.91469247454702,29.91469247884171,29.91469248935106,29.91469251313229,29.914692564693908,29.914692714862493,29.914693151400233,29.914694092673287,29.91469600970376,29.91470029409466,29.914708692176305,29.914724953041663,29.914760198192578,29.91482819831521,29.914960424221988,29.915231621499636,29.915775939594685,29.916879799260435,29.919112446499568,29.92357492755605,29.9322500313314,29.94838047605418,29.976770851197966,30.023994435979187,30.098651830533164,30.211996653772577,30.37922966249646,30.621561259341213,30.969077462811942,31.464625092252746,32.16917940127627,33.16938590266736,34.58823202362573,36.60017619543396,39.45260139290666,43.49623353197577,49.22826555277493,57.35348948642637,68.87095283918516,85.19679425192874,108.33836218883674,141.14102597156017,187.6380259930399,253.54637861837662,346.9698091084309,479.39514093568954,667.1046517634193,933.1780514192976,1310.3302338768342,1844.9337173631643,2602.7203493166744,3676.8633258987393,5199.433245887931,7357.636771129814,10416.8345082024,14753.168260993025,20899.80931825318,29612.514206307063,41962.548274754095,59468.40247834357,84282.49851210833,119455.83851650226,169313.13919667562,239984.5747441723,340159.50868974376,482154.8893305269,683429.6726438301,968731.4776391494,1373139.4148563913,1946377.217144363,2758926.9911005534,3910695.3017754206,5543297.12383489,7857468.024951533,11137745.485881269,15787454.033980278,22378295.76605086,31720643.633200247,44963180.355959475,63734134.01207924,90341475.83312678,128056695.40862179,181517044.7059969,257295708.57607198,364710006.7130136,516966999.05104417,732787351.8151577,1038707125.6920232,1472340501.0909119,2087004606.9015493
15199110.829529332,27.898542334229173,27.898542333829944,27.898542333267887,27.898542332478918,27.898542331376095,27.89854232984407,27.898542327735136,27.89854232487171,27.89854232111581,27.898542321367113,27.898542322744827,27.898542326750064,27.898542336551124,27.89854235872958,27.898542406816112,27.898542546863837,27.898542953980392,27.8985438318148,27.898545619643834,27.898549615281127,27.898557447360176,27.89857261229763,27.89860548204333,27.89866889918529,27.898792213508496,27.899045132997294,27.899552765874507,27.900582229093278,27.902664403380903,27.90682612814958,27.91491655896503,27.929959865700205,27.956436824578574,28.00047769779736,28.070103433827985,28.175809195332945,28.33177125897819,28.55777051725116,28.881865291704113,29.344014669460652,30.00108437611699,30.933880306888668,32.25710094800672,34.13344681637727,36.79362810227433,40.56473296873474,45.91044521577382,53.488056250472795,64.22928112086049,79.45481546306982,101.03671917315566,131.6285932036085,174.99185104366964,236.45820128961816,323.58520524195455,447.08551291617704,622.1440309559297,870.2849739915985,1222.0183616358079,1720.591359590588,2427.305708773794,3429.0550437653324,4849.0088470109695,6861.756677906713,9714.774726278181,13758.854097333391,19491.232119424032,27616.729858428862,39134.41296478435,55460.431185101595,78602.14019607224,111404.91480523147,157902.0002861242,223810.41760676136,317233.89627820684,449659.26350575784,637368.8000669393,903442.2182773979,1280594.4140323368,1815197.9070060807,2572984.5457068277,3647127.527076241,5169697.450456547,7327900.978097684,10387098.716866344,14723432.470855,20870073.52896162,29582778.41761244,41932812.48648167,59438666.69036877,84252762.72434358,119426102.72888577,169283403.4091638,239954838.9567343,340129772.9023582,482125153.5431782,683399936.8565075,968701741.8518302,1373109679.0691016,1946347481.3570838
16297508.346206434,26.018273954065332,26.018273953693004,26.01827395316883,26.018273952433034,26.018273951404538,26.018273949975764,26.018273948008964,26.01827394533852,26.018273941835762,26.018273942070127,26.018273943354988,26.01827394709029,26.018273956230786,26.018273976914486,26.01827402176015,26.018274152369127,26.01827453204739,26.018275350718692,26.018277018054036,26.018280744398748,26.018288048621883,26.01830219149331,26.01833284592816,26.018391988966997,26.01850699231754,26.018742865879286,26.019216285999562,26.02017636684288,26.022118209552314,26.025999448000388,26.0335446108566,26.04757404906602,26.072266549531275,26.113339215294776,26.178272409746143,26.27685395671051,26.42230469925288,26.633072363911378,26.935324235273562,27.366326291729308,27.97911169929258,28.849040306289304,30.08308030486096,31.832966741613834,34.31386071215754,37.83080573206612,42.81623486512938,49.88314027746887,59.9004425412177,74.09982682684753,94.22718245898496,122.75726656721517,163.19798596061622,220.52170992068403,301.77664541054054,416.9534456886278,580.2136055129178,811.630679486741,1139.6584140143036,1604.6292605725323,2263.713427911187,3197.9482104623353,4522.201879788773,6399.297243314084,9060.031423943547,12831.553380451025,18177.58830945257,25755.454695940516,36496.88450926797,51722.583742812254,73304.61901904106,103896.59640659885,147259.93394639462,208726.3445273968,295853.3934138599,419353.7341025136,594412.2761413695,842553.236481102,1194286.6365265134,1692859.643329287,2399573.9988049883,3401323.338261224,4821277.144669425,6834024.977802721,9687043.027755955,13731122.39992845,19463500.422808502,27588998.162370056,39106681.26911927,55432699.489714086,78574408.50088063,111377183.11017811,157874268.59116843,223782685.9118745,317206164.5833688,449631531.8109544,637341068.3721603,903414486.5826219,1280566682.3375883,1815170175.3113418
17475284.00007683,24.264729369685835,24.264729369338603,24.264729368849757,24.26472936816355,24.26472936720437,24.264729365871894,24.264729364037652,24.264729361547186,24.264729358280498,24.26472935849907,24.264729359697334,24.264729363180887,24.264729371705346,24.264729390995036,24.26472943281825,24.26472955462462,24.26472990871384,24.264730672209435,24.264732227171955,24.26473570237351,24.26474251431645,24.264755704005676,24.264784292434218,24.26483944943018,24.2649467019398,24.265166678412925,24.265608191601576,24.26650356620933,24.26831453521927,24.271934191186,24.278970835318482,24.292054736347474,24.31508304492429,24.353387550480743,24.413944464949907,24.505881945589802,24.641529794891465,24.838092424366742,25.11997353120083,25.521927491565013,26.09341321357972,26.90471154401432,28.05558137687001,29.687531324451285,32.00122134464275,35.28113604101376,39.930563936157675,46.521183575812614,55.863353193725644,69.10574650218501,87.8765857286252,114.48383765482045,152.19898791147142,205.65928473244043,281.43790952106076,388.85217894370516,541.1091504085273,756.9294881224364,1062.8492512133619,1496.4826189166897,2111.146719254459,2982.4172042363775,4217.4206083725985,5968.006026815279,8449.415628836896,11966.749628319318,16952.479695660753,24019.62324993326,34037.11664415363,48236.65470799433,68364.13303915701,96894.31353856921,137335.10726020948,194658.88748895028,275913.8648845237,391090.69595197996,554350.8781579138,785767.9682695647,1113795.7143625298,1578766.5691724266,2237850.7423794838,3172085.5290944236,4496339.201370279,6373434.566982339,9034168.749086961,12805690.706636425,18151725.636374176,25729592.02338131,36471021.83707596,51696721.0708791,73278756.34729059,103870733.73497733,147234071.2748641,208700481.8559305,295827530.74243915,419327871.4311249,594386413.4700036,842527373.8097389,1194260773.855176,1692833780.6579583
18738174.22860383,22.629367821384573,22.629367821060747,22.629367820604845,22.629367819964887,22.629367819070357,22.629367817827678,22.629367816117057,22.629367813794442,22.62936781074792,22.62936781095176,22.629367812069262,22.62936781531804,22.629367823267977,22.629367841257608,22.629367880262077,22.629367993859105,22.629368324083895,22.629369036122444,22.629370486285694,22.62937372727029,22.62938008011108,22.629392380859397,22.629419042523534,22.629470482122574,22.62957050617201,22.62977565696708,22.63018741364451,22.631022443000415,22.632711358760186,22.636087062029322,22.642649459898106,22.654851549788035,22.676327827439827,22.712050737522485,22.76852631863335,22.854267520782127,22.980773159038367,23.164088125159175,23.42697138881579,23.801834997544393,24.334804494591282,25.091424032875356,26.164729090823506,27.686691073883704,29.844446130364567,32.90330555369163,37.239377569795046,43.38581150377153,52.09835015658795,64.44825047680112,81.95399796318607,106.76801016092075,141.94128551847697,191.7985372590831,262.4699363591581,362.64484352573214,504.64020470012827,705.9149739775869,991.2167689139053,1395.6246989542713,1968.8624961382384,2781.412266472941,3933.180574582551,5565.782394827158,7879.953294660677,11160.230754684126,15809.939302143051,22400.781033761767,31743.128900592244,44985.665623125744,63756.61927908754,90363.96110002176,128079.18067543738,181539.5299727592,257318.19384279137,364732.4919797043,516989.4843177225,732809.8370818238,1038729.6109586823,1472362.9863575439,2087027.092168205,2958297.5810332894,4193300.9879201474,5943886.408308936,8425296.011706294,11942630.012160474,16928360.0801885,23995503.634945214,34012997.02950805,48212535.09359013,68340013.42492321,96870193.92445564,137310987.64618078,194634767.87498155,275889745.27059746,391066576.33808374,554326758.5440389,785743848.6556922,1113771594.7486815,1578742449.5585864
20092330.02565046,21.10422416807469,21.104224167772685,21.10422416734751,21.104224166750683,21.10422416591644,21.104224164757518,21.104224163162186,21.104224160996107,21.10422415815491,21.104224158345012,21.1042241593872,21.10422416241702,21.10422416983116,21.104224186608345,21.104224222984044,21.104224328925014,21.104224636893758,21.104225300943295,21.104226653370393,21.104229675923477,21.104235600604056,21.104247072323105,21.104271937080313,21.104319909822543,21.104413192585813,21.104604516903912,21.104988522559385,21.10576727373145,21.107342362221615,21.110490554388495,21.1166106686045,21.127990378474816,21.148019226891478,21.18133453239497,21.23400384835614,21.313966380445873,21.431945962083248,21.602906113021294,21.848071924547042,22.19767098067205,22.69472011740465,23.40034603112561,24.401313920394745,25.82070075962571,27.833030347053953,30.685732882894047,34.72956815743876,40.46175301566182,48.58709572312783,60.10465409543279,76.4305727909279,99.5722036161363,132.37491793543833,178.87195777512682,244.78034110477654,338.20379480203934,470.62914387517264,658.3386673464784,924.4120761758792,1301.5642652376393,1836.1677534513713,2593.954388774707,3668.0973677517522,5190.667289439509,7348.870815884003,10408.068553807456,14744.402307199163,20891.043364884372,29603.748253237784,41953.78232189646,59459.636525636255,84273.73255950536,119447.07256397349,169304.37324420182,239975.8087917323,340150.74273732933,482146.1233781378,683420.906691456,968722.7116867717,1373130.6489040179,1946368.451192022,2758918.2251481786,3910686.5358230416,5543288.357882594,7857459.258999131,11137736.719928846,15787445.268028084,22378287.000098374,31720634.867248215,44963171.59000684,63734125.24612755,90341467.06717385,128056686.64266865,181517035.94004634,257295699.8101181,364709997.947059,516966990.2850971,732787343.0492007,1038707116.9260814,1472340492.3249507
21544346.900318865,19.681870092520157,19.68187009223851,19.681870091841986,19.681870091285383,19.681870090507363,19.68187008942655,19.681870087938737,19.681870085918646,19.681870083268937,19.681870083446224,19.681870084418172,19.681870087243794,19.681870094158246,19.681870109804706,19.681870143728805,19.681870242529705,19.68187052974239,19.681871149037207,19.681872410315247,19.68187522915837,19.681880754535307,19.68189145309889,19.68191464205468,19.681959381594638,19.682046377411872,19.68222480711127,19.682582932070787,19.683309198020247,19.68477813081781,19.687714145369274,19.69342178437043,19.704034539882045,19.72271351094964,19.75378347636463,19.802903056708068,19.877476381760214,19.987504534459106,20.146942543407594,20.375584999777843,20.701622249587242,21.165171938069477,21.82324102685318,22.7567470305082,24.080471947296992,25.957177255564698,28.61761718815141,32.38891149943623,37.73476628316836,45.312488086724315,56.05380157265875,71.27940798902078,92.86137034894598,123.45329150998111,166.81658648463696,228.28296536553043,315.40999096098705,438.9103147187697,613.9688445499635,862.1097961408896,1213.8431899442191,1712.4161923077888,2419.1305446337046,3420.879881858807,4840.833686688528,6853.581518705827,9706.599567870811,13750.678939486586,19483.05696197362,27608.554701257784,39126.23780781064,55452.25602826803,78593.96503933592,111396.73964856431,157893.82512950822,223802.24245017683,317225.7211216459,449651.0883492204,637360.6249104155,903434.0431208701,1280586.2388758122,1815189.7318495854,2572976.3705502995,3647119.351919707,5169689.275300086,7327892.802941123,10387090.54170976,14723424.295698619,20870065.353804957,29582770.24245619,41932804.31132482,59438658.51521277,84252754.54918638,119426094.5537283,169283395.23400864,239954830.78157604,340129764.7271989,482125145.3680258,683399928.6813453,968701733.6766818,1373109670.8939345
23101297.00083158,18.355377921205083,18.355377920942413,18.355377920572618,18.355377920053527,18.355377919327942,18.355377918319974,18.355377916932436,18.355377915048493,18.35537791257736,18.355377912742703,18.355377913649143,18.355377916284326,18.355377922732767,18.35537793732471,18.355377968962436,18.35537806110449,18.35537832896,18.355378906516417,18.35538008278854,18.35538271165107,18.355387864636096,18.355397842152296,18.35541946825008,18.355461192494786,18.3555423250851,18.355708729219945,18.35604271775579,18.35672003581098,18.358089967454337,18.36082810445153,18.366151067686808,18.376048558996597,18.393468629930567,18.422444583664138,18.468253668689922,18.537801001221766,18.640413624680132,18.789106045445887,19.002338765496383,19.306402195877233,19.738710186802436,20.352427621482505,21.223018444826764,22.4575287325767,24.207750384180674,26.688885569492818,30.206007266278696,35.191569329538964,42.258578045285205,52.275962952189545,66.47541445441544,86.60282478358941,115.13295284595841,155.57370687120684,212.89745753632025,294.15241321062325,409.3292284882928,572.5893993093205,804.0064812618056,1132.034221533385,1597.0050722032663,2256.0892424728245,3190.324027107004,4514.577697910766,6391.6730624820475,9052.407243851552,12823.92920088182,18169.964130253054,25747.830517001512,36489.26033051305,51714.959564188066,73296.99484050761,103888.97222812995,147252.3097679735,208718.72034900513,295845.7692354904,419346.10992416635,594404.6519630351,842545.6123027646,1194279.0123481795,1692852.0191509812,2399566.3746266537,3401315.714082885,4821269.520491157,6834017.353624364,9687035.40357758,13731114.775750276,19463492.79863007,27588990.538192023,39106673.64494071,55432691.86553633,78574400.87670182,111377175.48599912,157874260.96699172,223782678.28769484,317206156.95918846,449631524.1867806,637341060.7479779,903414478.9584529,1280566674.713402
24770763.55991714,17.118286882622186,17.11828688237722,17.118286882032347,17.118286881548244,17.118286880871562,17.118286879931524,17.1182868786375,17.11828687688053,17.118286874575944,17.118286874730142,17.118286875575496,17.118286878033075,17.118286884046913,17.118286897655405,17.118286927160856,17.118287013092843,17.118287262895784,17.118287801526836,17.118288898522152,17.118291350208146,17.118296155899227,17.118305460964233,17.118325629535406,17.118364541705663,17.118440206230932,17.11859539528402,17.118906874110372,17.11953854319555,17.120816146031146,17.12336974175895,17.12833395508751,17.137564388608762,17.15381040506473,17.18083347649579,17.223555182508495,17.28841525759449,17.38411213366423,17.522783182926542,17.721644731310647,18.005215304148617,18.408387183369825,18.98074211699304,19.79265803260971,20.94396645872707,22.576229028800405,24.89014400669222,28.170223472510315,32.819775338800845,39.410491319558666,48.75273801075508,61.99519400563689,80.76608424271637,107.37337716068853,145.08855971511616,198.54888144130007,274.32752505400254,381.74180846530743,533.9987901857236,749.8191353405592,1055.7389037883734,1489.3722753262414,2104.0363783973794,2975.3068653219384,4210.310270835914,5960.895690254065,8442.305292965846,11959.639292935817,16945.369360622015,24012.51291513747,34030.006309529505,48229.544373492085,68357.02270473936,96887.20320421169,137327.99692589647,194651.77715466463,275906.75455025857,391083.58561773534,554343.767823681,785760.8579353283,1113788.6040282962,1578759.4588382186,2237843.6320452476,3172078.418760181,4496332.091036101,6373427.456648075,9034161.638752677,12805683.596302316,18151718.52603982,25729584.913047317,36471014.72674145,51696713.96054533,73278749.23695579,103870726.62464228,147234064.16453105,208700474.74559468,295827523.63210255,419327864.32079417,594386406.3596646,842527366.6994117,1194260766.744832
26560877.82946684,15.964571639640605,15.96457163941215,15.96457163909052,15.964571638639043,15.964571638007968,15.964571637131284,15.964571635924477,15.964571634285917,15.964571632136655,15.96457163228046,15.964571633068838,15.964571635360784,15.964571640969309,15.964571653660634,15.964571681177517,15.964571761317975,15.964571994285038,15.964572496614156,15.964573519675662,15.964575806126227,15.964580287929811,15.964588965864579,15.964607775141554,15.964644064761771,15.964714629751278,15.96485935958159,15.965149845777528,15.965738942480485,15.966930439160949,15.969311931083288,15.973941573048142,15.982549906243248,15.9977009955636,16.02290280242327,16.06274520843528,16.123233931539584,16.21248115844849,16.34180624310633,16.527265188695726,16.791724054002007,17.167723497932904,17.70150362463504,18.458699124926902,19.532413216418806,21.054666752261408,23.212631605046532,26.27164469291142,30.607832324921095,36.754356106932576,45.46696663855106,57.816925420331614,75.32272047940957,100.13677090621263,135.31007638478354,185.16735135207645,255.83876800755365,356.0136882199995,498.00905895879714,699.283835175689,984.5856351078606,1388.9935687243324,1962.2313684574492,2774.781140603867,3926.549449998378,5559.151271152715,7873.322171629888,11153.599632108033,15803.308179888494,22394.149911733795,31736.49777872437,44979.03450137157,63749.988157412314,90357.32997840265,128072.54955385982,181532.89885120728,257311.56272125882,364725.860858191,516982.8531962205,732803.205960319,1038722.9798371807,1472356.355236067,2087020.4610467027,2958290.9499117834,4193294.356798703,5943879.777187415,8425289.380584756,11942623.381039111,16928353.449066915,23995497.003823973,34012990.398386344,48212528.46246915,68340006.79380131,96870187.29333356,137310981.0150607,194634761.24385887,275889738.6394743,391066569.7069662,554326751.9129139,785743842.0245789,1113771588.1175532
28480358.68435805,14.88861294268573,14.88861294247267,14.888612942172719,14.88861294175167,14.888612941163126,14.88861294034553,14.888612939220055,14.88861293769193,14.88861293568752,14.888612935821634,14.888612936556878,14.888612938694354,14.888612943924883,14.888612955760857,14.888612981423194,14.888613056162454,14.888613273428316,14.888613741902134,14.888614696012716,14.888616828364164,14.888621008109189,14.888629101180195,14.888646642774855,14.888680486596128,14.888746295741514,14.888881271265657,14.889152179664212,14.889701573221028,14.89081276701303,14.893033754350379,14.897351373941673,14.905379534290514,14.919509490899602,14.943012780324437,14.980169941519117,15.036581927134879,15.119814189650171,15.240423196438027,15.413382829804132,15.660018052701709,16.010676392537892,16.50848152520005,17.214644583017154,18.215993938338176,19.6356526806698,21.64817792483356,24.50102376873592,28.54496686706176,34.277235517862955,42.402645259740325,53.92025815349867,70.24622121544644,93.38788769321195,126.190630103473,172.68769160444728,238.5960913063237,332.01955717020996,464.44491516313605,652.1544451061799,918.2278585947296,1295.3800509915775,1829.9835415826537,2587.770178595599,3661.9131587709458,5184.483081307118,7342.686608351876,10401.88434669938,14738.218100390943,20884.859158287458,29597.56404679016,41947.59811555486,59453.45231936823,84267.54835328963,119440.88835779646,169298.18903804856,239969.624585597,340144.55853121175,482139.93917203054,683414.7224853456,968716.527480664,1373124.4646979321,1946362.2669859116,2758912.040942063,3910680.351616982,5543282.173676458,7857453.074792978,11137730.535722848,15787439.08382187,22378280.81589247,31720628.683041863,44963165.405801125,63734119.06192094,90341460.88296707,128056680.45846361,181517029.75583887,257295693.62590992,364709991.76285595,516966984.1008868,732787336.8650007,1038707110.7418671
30538555.088334125,13.885170260797569,13.88517026059887,13.885170260319132,13.885170259926458,13.885170259377583,13.885170258615089,13.88517025756547,13.885170256140334,13.885170254271014,13.885170254396089,13.885170255081778,13.885170257075197,13.885170261953208,13.885170272991475,13.885170296924256,13.885170366626339,13.88517056924921,13.88517100614946,13.885171895956184,13.88517388459428,13.885177782638479,13.885185330263585,13.885201689613476,13.885233252474466,13.885294626303708,13.885420504929272,13.885673155008464,13.886185521278307,13.887221824327762,13.889293124551958,13.893319751033369,13.900806840244012,13.913984485068962,13.93590373144933,13.970556624340167,14.023166630929753,14.10078931752018,14.213269680914797,14.37457241386772,14.604585248201289,14.931610389545028,15.395865122361405,16.054435153526924,16.988296913698665,18.312275408229166,20.18916318662326,22.84973676878849,26.62113163689247,31.967064565863442,39.544848885935814,50.28621321876019,65.51186101142454,87.0938566210439,117.68580397980156,161.04911915584512,222.51551330553227,309.64255024762303,433.14288232403476,608.2014181907938,856.3423741268585,1208.0757710405037,1706.6487756211945,2413.3631295228483,3415.112467865495,4835.066273486456,6847.8141060635735,9700.832155624037,13744.911527519474,19477.289550203586,27602.787289627024,39120.4703962788,55446.48861680486,78588.19762792163,111390.97223718623,157888.05771815253,223796.47503883805,317219.9537103241,449645.3209379087,637354.8574991015,903428.2757095597,1280580.471464524,1815183.9644382761,2572970.603138988,3647113.5845084516,5169683.507888767,7327887.035529793,10387084.774298588,14723418.528287262,20870059.586393915,29582764.475044772,41932798.543914035,59438652.74780122,84252748.78177474,119426088.78631845,169283389.46659666,239954825.01416364,340129758.9597917,482125139.60061234,683399922.9139425,968701727.9092665
32745491.628777318,12.949356257263135,12.94935625707783,12.949356256816946,12.949356256450738,12.949356255938852,12.94935625522775,12.94935625424887,12.949356252919785,12.949356251176452,12.949356251293095,12.949356251932572,12.949356253791642,12.949356258340888,12.949356268635215,12.949356290955008,12.949356355959402,12.94935654492617,12.949356952380807,12.949357782217534,12.949359636828078,12.949363272157145,12.949370311097582,12.949385567882041,12.949415003511838,12.949472240950401,12.949589635777901,12.949825258087346,12.95030309258543,12.95126955227774,12.953201253799225,12.956956499132437,12.963938983588697,12.976228499256482,12.99667046179197,13.028987865681152,13.078052133906148,13.150443311214445,13.255342874574906,13.405774343188211,13.620285082313796,13.925269823645921,14.358235341276849,14.972419956498799,15.843342559561219,17.078089334761767,18.828481158616306,21.30974098597267,24.826956462384636,29.81259140415617,36.87965842301483,46.89709074989887,61.09658083980272,81.22402217775266,109.75417467220528,150.19494753733537,207.51871244217662,288.77367869838827,403.9505017340386,567.2106781838542,798.6277641886292,1126.655507360898,1591.6263600984726,2250.7105318375657,3184.945317513967,4509.198989055639,6386.294354149,9047.028535887319,12818.550493178387,18164.5854227334,25742.451809611706,36483.88162321545,51709.58085695447,73291.61613331949,103883.59352097548,147246.9310608397,208713.3416418869,295840.3905283877,419340.7312170724,594399.2732559388,842540.23359567,1194273.6336411042,1692846.6404438848,2399560.9959195526,3401310.3353758315,4821264.141784038,6834011.974917228,9687030.024870578,13731109.397043087,19463487.419923153,27588985.159484714,39106668.26623396,55432686.4868288,78574395.4979941,111377170.10729292,157874255.5882834,223782672.90898597,317206151.580484,449631518.80806977,637341055.369276,903414473.5797383
35111917.34215128,12.076612985506792,12.076612985333973,12.076612985090673,12.076612984749147,12.076612984271762,12.076612983608582,12.076612982695677,12.076612981456167,12.076612979830328,12.076612979939112,12.07661298053549,12.076612982269264,12.076612986511908,12.07661299611243,12.076613016927944,12.07661307755126,12.076613253782298,12.076613633775857,12.076614407684367,12.076616137300368,12.076619527620423,12.076626092159831,12.076640320688082,12.076667772454948,12.076721152281719,12.076830635090753,12.07705037724514,12.077496007297311,12.078397330840986,12.080198842145103,12.083700996511222,12.090212884884691,12.101674128328042,12.1207383710055,12.150877690035127,12.196635190794135,12.264147445036672,12.361977128913223,12.502270020018551,12.702323453269464,12.98675324378412,13.390538334611747,13.963328962371923,14.77555429686418,15.927083271969478,17.55950454525325,19.87353576473268,23.153702689743945,27.803322522778014,34.39409287721364,43.73638379244187,56.97887577432134,75.74979493028917,102.3571106337044,140.07231075826886,193.53264576447077,269.31129924589703,376.72558989232107,528.9825768621644,744.8029257961799,1050.7226969491876,1484.3560704153952,2099.02017485703,2970.2906627535713,4205.294068955728,5955.879488860781,8437.289091916526,11954.623092129734,16940.353159987346,24007.49671462393,34024.99010910201,48224.5281731243,68352.0065044141,96882.18700391792,137322.98072562212,194646.760954405,275901.73835001374,391078.56941749924,554338.751623443,785755.8417350934,1113783.5878280804,1578754.4426379846,2237838.6158450115,3172073.4025599947,4496327.074835858,6373422.440447823,9034156.62255256,12805678.58010204,18151713.509839814,25729579.89684698,36471009.71054167,51696708.94434488,73278744.22075526,103870721.6084433,147234059.14833027,208700469.72939354,295827518.61590594,419327859.3045921,594386401.3434716,842527361.683208
37649358.067924716,11.262689689296964,11.262689689135794,11.262689688908893,11.262689688590383,11.262689688145173,11.26268968752669,11.26268968667531,11.262689685519339,11.262689684003076,11.262689684104528,11.262689684660714,11.262689686277636,11.26268969023434,11.26268969918782,11.262689718600436,11.262689775137945,11.262689939491601,11.262690293874865,11.262691015624531,11.262692628670205,11.262695790494034,11.262701912605456,11.262715182178525,11.262740783788182,11.262790565993283,11.262892670027416,11.263097602296048,11.263513198374175,11.26435377572763,11.266033871199298,11.269299992082443,11.27537300097407,11.286061794968782,11.303841171495574,11.331949201295386,11.374622799648247,11.437584953910466,11.528821244518266,11.659658864307017,11.846229365712297,12.111489540299559,12.488060867426949,13.022247323939427,13.779731389310248,14.85365116552645,16.37605270851426,18.53412596859303,21.59322062119417,25.92947163921633,32.076046130301684,40.78869790540023,53.138690248775205,70.64451227770509,95.45858395428853,130.63190581882773,180.4891931711097,251.16061903019138,351.33554599013326,493.3309216245636,694.6057013659305,979.9075038209737,1384.3154392358192,1957.5532402470637,2770.103013299952,3921.871323336258,5554.473144944673,7868.644045742621,11148.921506447596,15798.630054387899,22389.47178634614,31731.81965341692,44974.356376119766,63745.31003220006,90352.65185321966,128067.87142869485,181528.2207260558,257306.88459612074,364721.1827330607,516978.17507108796,732798.5278351883,1038718.3017120663,1472351.6771109342,2087015.7829215657,2958286.271786689,4193289.678673551,5943875.099062247,8425284.702459704,11942618.702913895,16928348.77094193,23995492.325698655,34012985.72026151,48212523.784343615,68340002.11567561,96870182.6152092,137310976.33693448,194634756.56573218,275889733.96135134,391066565.02883774,554326747.2347934,785743837.3464472
40370172.58596558,10.503622099145481,10.503622098995173,10.503622098783563,10.503622098486522,10.503622098071316,10.503622097494517,10.503622096700518,10.503622095622456,10.503622094208383,10.503622094302997,10.503622094821697,10.503622096329645,10.503622100019681,10.503622108369726,10.503622126473998,10.503622179201066,10.503622332477837,10.503622662976856,10.503623336083011,10.503624840414803,10.503627789142287,10.503633498643891,10.503645873892147,10.503669750038997,10.50371617709009,10.503811399654053,10.504002520173666,10.504390106467076,10.505174031720223,10.506740894380183,10.50978688964713,10.515450598065113,10.525419003118728,10.54200010917311,10.568213751838707,10.608011292486136,10.666730008278059,10.751817278256105,10.873836880369328,11.047833154409572,11.295215681024478,11.646407361043739,12.144591438246964,12.851023612822502,13.852564790405808,15.272361564696418,17.28498790986506,20.137909821313443,24.181912033646682,29.91422797589991,38.03967618158483,49.557320374998476,65.88330858912049,89.02499488450232,121.82775257637232,168.32482562762894,234.2332339128179,327.6567060694417,460.08206862805156,647.7916018580331,913.8650176994219,1291.0172117734396,1825.6207035565037,2583.4073414148284,3657.550322188717,5180.120245148368,7338.323772492288,10397.52151105134,14733.855264891981,20880.496322893832,29593.201211471354,41943.235280287976,59449.08948413828,84263.185518087,119436.52552261073,169293.82620287556,239965.26175043662,340140.19569605886,482135.5763368758,683410.3596501931,968712.1646455274,1373120.1018627794,1946357.9041507563,2758907.6781069483,3910675.988781816,5543277.810841283,7857448.711957917,11137726.172887638,15787434.72098689,22378276.45305719,31720624.32020705,44963161.04296571,63734114.69908541,90341456.52013282,128056676.0956277,181517025.39300257,257295689.2630774,364709987.4000185,516966979.73805696,732787332.502161
43287612.810830615,9.79571312405963,9.795713123919452,9.795713123722102,9.79571312344508,9.795713123057858,9.795713122519935,9.795713121779448,9.795713120774042,9.795713119455275,9.795713119543512,9.795713120027253,9.795713121433572,9.79571312487491,9.79571313266219,9.795713149546295,9.795713198719735,9.795713341666165,9.795713649890654,9.795714277631708,9.795715680576572,9.795718430569694,9.795723755269998,9.795735296467939,9.795757563442404,9.79580086146564,9.795889666347488,9.796067905983737,9.79642937025818,9.79716046157297,9.798621722933756,9.801462428314299,9.806744421740682,9.81604098965677,9.831504584658111,9.85595151554205,9.893066835147563,9.947828106019795,10.027180778778476,10.140976668094627,10.303246175609768,10.533955947891258,10.86147848407476,11.326086621838416,11.984907632193554,12.918948286449107,14.24305551004653,16.120037575576152,18.780682098589384,22.55213209661451,27.89810912975191,35.475929321299915,46.21732284428757,61.442994093953764,83.0250081855484,113.61696979598565,156.98029574386115,218.44669789837405,305.5737407090928,429.0740770434761,604.1326159756442,852.2735741059738,1204.0069725837525,1702.5799782760937,2409.2943329661507,3411.043671866997,4830.997477882893,6843.745310739006,9696.76336049675,13740.842732531213,19473.22075531356,27598.718494806744,39116.40160150692,55442.41982206739,78584.12883320962,111386.90344248987,157883.9889234679,223792.40624416512,317215.8849156579,449641.25214324053,637350.7887044352,903424.2069149074,1280576.4026698556,1815179.8956436045,2572966.5343443532,3647109.515713766,5169679.439094069,7327882.966735199,10387080.70550385,14723414.45949273,20870055.517599083,29582760.406250358,41932794.47511903,59438648.679006085,84252744.71298076,119426084.71752283,169283385.39780065,239954820.94537097,340129754.89099425,482125135.53182167,683399918.8451424
46415888.33612782,9.135514844605892,9.135514844475162,9.135514844291114,9.13551484403276,9.135514843671638,9.135514843169966,9.135514842479386,9.135514841541744,9.135514840311856,9.135514840394148,9.135514840845286,9.135514842156821,9.135514845366226,9.13551485262867,9.135514868374843,9.135514914234157,9.135515047546475,9.135515334997667,9.135515920431073,9.135517228822149,9.13551979347494,9.135524759308263,9.135535522668091,9.135556288923002,9.135596668804384,9.135679488534416,9.135845715415728,9.136182818207853,9.136864636414902,9.138227413650643,9.140876664996048,9.145802669743707,9.154472680096777,9.168894080549876,9.191693370113258,9.226307241398,9.277377785893023,9.351382354091898,9.457508781329693,9.608841867135405,9.824002572923789,10.129451186348204,10.562746290615769,11.177164969869954,12.048254410153678,13.28312123851288,15.033600994865584,17.514926981894238,21.032193872655178,26.01786994611994,33.08497041883686,43.10242996856489,57.30194193454721,77.42940050884916,105.95956629446592,146.4003492054426,203.72412157561132,284.9790933049252,400.1559203115744,563.4160996202007,794.8331876713551,1122.8609323023409,1587.831786076645,2246.915958551007,3181.1507447479894,4505.4044166579815,6382.49978201154,9043.233963933852,12814.75592135458,18160.79085100121,25738.65723794459,36480.087051593495,51705.786285364644,73287.82156175344,103879.79894942413,147243.13648929942,208709.54707035766,295836.59595686494,419336.936645548,594395.478684416,842536.4390241617,1194269.8390695816,1692842.8458723594,2399557.201348063,3401306.540804298,4821260.347212496,6834008.180345787,9687026.230299005,13731105.602471715,19463483.62535152,27588981.364913486,39106664.47166221,55432682.69225696,78574391.70342338,111377166.31272075,157874251.7937109,223782669.11441678,317206147.78591055,449631515.01350296,637341051.5747007
49770235.64332114,8.519811719580792,8.519811719458874,8.51981171928723,8.51981171904629,8.519811718709503,8.519811718241645,8.519811717597607,8.519811716723158,8.51981171557616,8.519811715652905,8.519811716073638,8.519811717296783,8.519811720289884,8.519811727062862,8.519811741747795,8.519811784516346,8.51981190884386,8.519812176921803,8.519812722898958,8.519813943108854,8.51981633491263,8.519820966065407,8.519831004010808,8.519850370689637,8.519888029102162,8.519965267059579,8.520120290805433,8.520434673997611,8.52107053993947,8.52234147055058,8.52481217122204,8.529406179736469,8.537491860409254,8.550941306738558,8.572204000491928,8.604485012700662,8.652113573423868,8.721130481410787,8.820104342645514,8.961238084962087,9.161897679298088,9.446760078478537,9.850852542906582,10.423861459566602,11.236242387009833,12.387883324092693,14.020386603518547,16.334479523729776,19.614694397934965,24.264352590523796,30.85515414413958,40.19747044748321,53.43998283106664,72.21091806171401,98.81824616051334,136.5334556538679,189.99379762225908,265.77245620791865,373.18675055770933,525.4437401936888,741.2640910361641,1047.1838635495758,1480.81723798264,2095.481343109987,2966.751831492023,4201.755238037675,5952.340658185382,8433.750261412717,11951.08426174684,16936.81432968989,24003.95788438714,34021.45127890731,48220.98934295954,68348.46767427147,96878.64817378893,137319.44189550338,194643.22212429644,275898.199519911,391075.0305873948,554335.21279334,785752.3029050031,1113780.0489979761,1578750.9038078773,2237835.077014936,3172069.863729875,4496323.536005729,6373418.901617782,9034153.083722396,12805675.041272053,18151709.971009575,25729576.358017102,36471006.17171127,51696705.40551437,73278740.68192574,103870718.06961238,147234055.60949895,208700466.1905652,295827515.07707334,419327855.76576555,594386397.8046366
53366992.31206313,7.945604924495929,7.945604924382227,7.945604924222152,7.945604923997449,7.945604923683362,7.945604923247035,7.945604922646404,7.945604921830889,7.945604920761196,7.945604920832767,7.9456049212251445,7.9456049223658525,7.945604925157229,7.945604931473731,7.945604945168949,7.945604985055043,7.9456051010032995,7.945605351013686,7.945605860193807,7.945606998165641,7.945609228769847,7.945613547798428,7.945622909219902,7.945640970649399,7.945676091010958,7.945748123388551,7.94589269905278,7.946185893870009,7.946778904575558,7.947964178717133,7.9502683624324835,7.9545527501486495,7.962093483005919,7.974636481666352,7.994466141024499,8.024571521051143,8.068990076188836,8.133355475568967,8.22565882981043,8.357280630253019,8.544416439515002,8.810080066391873,9.186938051167756,9.72132808463882,10.47895725651647,11.552981448847675,13.075459471038057,15.233590273425815,18.292729643605696,22.62901643587702,28.775620023422228,37.48829547556217,49.83830684563457,67.34414386586445,92.15822710242463,127.33155770432889,177.188851549572,247.86028216887897,348.0352125825931,490.0305907034712,691.3053722246747,976.6071759484355,1381.0151122649759,1954.2529139157189,2766.802687421383,3918.570997778036,5551.172819612756,7865.343720570731,11145.62118138848,15795.329729408468,22386.171461423302,31728.51932853337,44971.05605126416,63742.00970736514,90349.35152839748,128064.57110388229,181524.92040125286,257303.5842713234,364717.88240826194,516974.87474629085,732795.2275104035,1038715.0013872692,1472348.3767861347,2087012.4825967979,2958282.971461882,4193286.3783487366,5943871.798737519,8425281.402134867,11942615.402589234,16928345.47061704,23995489.025374122,34012982.419936515,48212520.48401856,68339998.81535152,96870179.31488387,137310973.03660887,194634753.2654094,275889730.66102487,391066561.72851706,554326743.9344652
57223676.5935022,7.410097745596698,7.410097745490658,7.410097745341371,7.4100977451318135,7.410097744838895,7.410097744431975,7.410097743871824,7.4100977431112725,7.410097742113673,7.410097742180421,7.410097742546354,7.410097743610181,7.410097746213427,7.41009775210422,7.410097764876426,7.41009780207433,7.410097910208061,7.410098143368585,7.410098618231671,7.410099679508011,7.410101759776959,7.410105787717469,7.410114518210468,7.410131362360065,7.4101641157268,7.410231293363226,7.4103661251115645,7.410639559579401,7.411192603348134,7.412297993979541,7.41444688342431,7.418442517747752,7.425475030448394,7.437172672979067,7.455665879664028,7.4837422578360675,7.525167151021197,7.585194537906582,7.6712769550007165,7.794027886616271,7.968551368655698,8.216310156226202,8.567769174127855,9.066143107884004,9.772710609273464,10.774349165675092,12.194217264725989,14.206897274044582,17.059860889256566,21.1038964647743,26.83623954248337,34.961709829456346,46.47937176723169,62.80537396229027,85.94707103854509,118.749836878911,165.24691598552488,231.1553287101158,324.57880408773923,457.0041689652186,644.7137038550817,910.7871208796806,1287.9393157946222,1822.5428081740845,2580.329446454669,3654.4724275273143,5177.042350698017,7335.245878191181,10394.443616855402,14730.777370770362,20877.418428824993,29590.123317439153,41940.15738628183,59446.01159015144,84260.10762411208,119433.44762864475,169290.74830891853,239962.18385648486,340137.1178021058,482132.4984429242,683407.2817562529,968709.0867515758,1373117.0239688256,1946354.8262568314,2758904.600212988,3910672.910887848,5543274.732947396,7857445.6340639265,11137723.094993813,15787431.643092852,22378273.375163477,31720621.24231291,44963157.96507151,63734111.621192105,90341453.44223836,128056673.017733,181517022.31511053,257295686.18518192,364709984.3221284,516966976.6601598
61359072.73413176,6.910681958275283,6.91068195817639,6.9106819580371655,6.910681957841731,6.910681957568554,6.910681957189059,6.91068195666666,6.910681955957367,6.910681955027003,6.910681955089252,6.9106819554305225,6.910681956422651,6.910681958850448,6.91068196434422,6.9106819762556215,6.910682010946513,6.910682111792393,6.910682329238677,6.91068277209758,6.910683761847447,6.910685701913231,6.910689458384031,6.910697600471021,6.910713309381312,6.910743855280749,6.910806505369316,6.9109322499090835,6.911187255808941,6.911703026278634,6.9127339172810975,6.914737978769371,6.918464320712335,6.925022865593951,6.935932126168701,6.953178952617699,6.979363076869302,7.017996070898033,7.0739778128119974,7.154258563101784,7.268736492759484,7.431497676219167,7.6625583507271475,7.99033020711452,8.455115405734862,9.114062622329584,10.048194092397019,11.372367833704601,13.24939994660007,15.910083362682817,19.68156447532547,25.0275668150798,32.60540759971096,43.346817671149715,58.572501959484136,80.15452610535702,110.74649531510879,154.10982691023074,215.5762332049448,302.7032790195786,426.2036175165474,601.2621579967262,849.4031172305218,1201.1365164925492,1699.7095227410935,2406.423877824951,3408.173217004419,4828.127023217144,6840.874856212439,9693.892906068271,13737.97227817204,19470.350301003604,27595.84804053096,39113.53114725544,55439.54936783389,78581.25837898723,111384.03298827585,157881.1184692622,223789.53578996434,317213.01446145587,449638.38168904005,637347.918250245,903421.336460707,1280573.5322156532,1815177.025189429,2572963.663890144,3647106.6452595512,5169676.568639928,7327880.096280961,10387077.835049763,14723411.589038443,20870052.647145107,29582757.53579598,41932791.60466459,59438645.80855249,84252741.84252608,119426081.8470679,169283382.5273482,239954818.0749153,340129752.0205436,482125132.66136456
65793322.465756826,6.444925123533013,6.444925123440785,6.444925123310943,6.444925123128681,6.444925122873915,6.444925122519996,6.444925122032806,6.444925121371317,6.4449251205036555,6.4449251205617095,6.444925120879979,6.444925121805242,6.444925124069413,6.4449251291929235,6.444925140301536,6.4449251726543775,6.444925266703583,6.444925469494715,6.444925882506411,6.444926805550449,6.444928614862291,6.444932118159533,6.444939711497112,6.444954361679423,6.444982848887473,6.445041276569753,6.445158546348392,6.445396365704074,6.445877374970332,6.446838787369502,6.4487077818208265,6.452182980788465,6.458299501695745,6.4684735146197765,6.484557962689227,6.508977364601479,6.545006624132792,6.597215384006108,6.672085480416659,6.778847980759692,6.930639605196865,7.146127563576102,7.451808693857092,7.885268925672205,8.499805305287826,9.370979440701657,10.605908303699984,12.35643473439358,14.837796993229027,18.355092901586417,23.34079257608683,30.407912253982012,40.42538723685092,54.624911362738864,74.75237931369438,103.28255218645728,143.72334036407491,201.04711659540908,282.3020911261841,397.47892014966783,560.7391009019742,792.1561899822249,1120.183935344603,1585.1547896376242,2244.238962479246,3178.4737489360714,4502.727421029625,6379.822786512987,9040.556968526773,12812.078926012135,18158.11385570467,25735.980242679914,36477.41005635149,51703.1092901394,73285.14456653855,103877.12195421701,147240.45949410007,208706.87007516285,295833.918961669,419334.25965035334,594392.8016892313,842533.7620289668,1194267.162074385,1692840.1688771883,2399554.5243528606,3401303.8638090887,4821257.670217358,6834005.503350556,9687023.55330392,13731102.925476441,19463480.948356528,27588978.68791813,39106661.79466678,55432680.01526231,78574389.02642772,111377163.63572487,157874249.11671734,223782666.43742013,317206145.10891855,449631512.3365049
70548023.10718645,6.010558740618638,6.010558740532626,6.010558740411535,6.010558740241557,6.010558740003961,6.010558739673895,6.010558739219539,6.010558738602633,6.010558737793449,6.010558737847591,6.01055873814441,6.010558739007314,6.010558741118887,6.0105587458970895,6.010558756257019,6.010558786429387,6.01055887413999,6.010559063263679,6.010559448439769,6.010560309273728,6.010561996644008,6.010565263830741,6.01057234540278,6.010586008211837,6.010612575477407,6.010667065329452,6.010776431517499,6.010998222644562,6.011446813496157,6.012343429917358,6.0140864603979685,6.017327442586274,6.023031730455684,6.032520048959869,6.047520459062207,6.070294075014459,6.103895083039087,6.152585147233564,6.222409249727514,6.321976314869047,6.463537691847995,6.664502483045505,6.949581728224601,7.3538281911561505,7.926946875567175,8.739406789972211,9.89110558076714,11.523652388839526,13.837779136259169,17.118021072371924,21.767701275365596,28.358520739794898,37.70085143613738,50.943375160089495,69.71431913543535,96.32165384373089,134.03686824877244,187.49721381809948,263.275875016411,370.6901712471083,522.9471622294689,738.7675140316826,1044.687287227193,1478.3206621440147,2092.9847676138697,2964.2552562382352,4199.258662955079,5949.844083223843,8431.253686536485,11948.587686930889,16934.317754916745,24001.46130964371,34018.954704185024,48218.4927682529,68345.97109957448,96876.15159909919,137316.9453208209,194640.72554961825,275895.7029452318,391072.53401271673,554332.7162186713,785749.8063303248,1113777.5524232963,1578748.4072332212,2237832.580440251,3172067.3671551845,4496321.039431103,6373416.405043073,9034150.587147817,12805672.544697301,18151707.47443509,25729573.86144227,36471003.67513639,51696702.90894022,73278738.18535066,103870715.5730371,147234053.1129258,208700463.69398925,295827512.5805018,419327853.26918834
75646332.7554629,5.605467198139133,5.605467198058919,5.6054671979459885,5.6054671977874655,5.605467197565883,5.605467197258063,5.605467196834328,5.605467196259,5.605467195504352,5.605467195554845,5.605467195831659,5.605467196636406,5.605467198605667,5.605467203061835,5.60546721272354,5.605467240862391,5.605467322661593,5.605467499038978,5.605467858255489,5.605468661072121,5.605470234719291,5.605473281708573,5.605479886006358,5.605492627987813,5.6055174047086,5.605568222126989,5.605670217399997,5.605877060547405,5.606295417876984,5.607131605352265,5.6087571614122025,5.611779712248206,5.617099550206802,5.6259483878001,5.639937820466161,5.661176570923865,5.692512983466282,5.73792150029401,5.803039691972984,5.895896270163318,6.027916884123282,6.215337320999767,6.481203179180734,6.858204783476401,7.392697186719431,8.150400022102021,9.22447816899873,10.746996786150554,12.905159135906095,15.964323744111542,20.300631063360086,26.447251354589934,35.159940229688765,47.50996217582695,65.01580735139191,89.82989675199042,125.00323193455039,174.86052913803826,245.5319621939133,345.70689436176724,487.70227373828476,688.9770561545434,974.2788605144322,1378.686797282126,1951.9245992522929,2764.4743729839547,3916.242683500261,5548.844505447878,7863.015406485412,11143.29286735938,15793.001415419292,22383.843147461837,31726.191014591604,44968.72773733699,63739.68139344698,90347.02321448611,128062.2427899777,181522.59208735218,257301.25595742182,364715.55409436143,516972.5464323989,732792.8991965028,1038712.6730733671,1472346.0484722545,2087010.15428289,2958280.643147969,4193284.0500348844,5943869.47042359,8425279.073821062,11942613.074275263,16928343.14230332,23995486.697060075,34012980.091622405,48212518.15570513,68339996.48703724,96870176.98656937,137310970.70829633,194634750.9370943,275889728.3327138,391066559.4002007
81113083.07896872,5.227677469828661,5.227677469753853,5.227677469648533,5.227677469500694,5.227677469294046,5.227677469006972,5.227677468611796,5.2276774680752425,5.227677467371456,5.2276774674185456,5.2276774676767035,5.2276774684272125,5.227677470263752,5.22767747441959,5.227677483430128,5.227677509672515,5.227677585958724,5.227677750448864,5.227678085455384,5.227678834164862,5.227680301753479,5.227683143385882,5.227689302576099,5.22770118579065,5.227724292643382,5.227771685137851,5.227866806270824,5.228059708882377,5.228449870328135,5.229229701566204,5.2307457005882485,5.2335645416140295,5.2385258402990935,5.246778295854629,5.2598248875799944,5.279632217340467,5.308856660556839,5.351204795327381,5.411934238830175,5.498532594430603,5.621655460867244,5.796444387572569,6.044391776734118,6.395984734680601,6.894454138828706,7.6010903390494144,8.602779213659412,10.022685171707215,12.035394602206587,14.888381754485682,18.93243647353108,24.664795129152342,32.79027793442172,44.307949735471404,60.633959536222754,83.77566236108036,116.57843247338107,163.0755147119053,228.98392970884777,322.40740672238786,454.83277277088064,642.5423084954754,908.6157261133293,1285.767921449018,1820.3714141263767,2578.1580526177277,3652.3010338392664,5174.870957115258,7333.074484682618,10392.27222339927,14728.605977351459,20875.24703543194,29587.951924064477,41937.98599292078,59443.84019679877,84257.93623076573,119431.2762353047,169288.5769155822,239960.01246314764,340134.94640876964,482130.3270495962,683405.1103629166,968706.915358238,1373114.8525755084,1946352.654863489,2758902.4288196405,3910670.739494557,5543272.561554031,7857443.462670678,11137720.923600411,15787429.471699687,22378271.20377001,31720619.07091939,44963155.79367863,63734109.44979842,90341451.27084447,128056670.84634097,181517020.14371607,257295684.01379123,364709982.1507329
86974900.26177834,4.875349504788212,4.875349504718446,4.875349504620225,4.87534950448235,4.875349504289629,4.875349504021902,4.875349503653361,4.875349503152969,4.875349502496615,4.875349502540531,4.875349502781289,4.8753495034812175,4.87534950519398,4.875349509069728,4.875349517472985,4.875349541946723,4.875349613091498,4.875349766495553,4.875350078923755,4.875350777172719,4.875352145850776,4.875354795966665,4.875360540048076,4.875371622373738,4.875393171901931,4.87543737030089,4.875526080587861,4.875705982209017,4.876069848079156,4.876797121301784,4.8782109470636135,4.880839807638588,4.885466731397167,4.893162999068264,4.90533029417676,4.923802676204195,4.951057489758583,4.990551501979851,5.047187984244913,5.127949900512456,5.242774697829121,5.405783435872634,5.637020000855651,5.964916770177112,6.42979100480452,7.088802290159193,8.022980687156162,9.347189735890968,11.2242492870781,13.884954653908412,17.656453619869026,23.002470487636415,30.58032294687268,41.3217422168341,56.54743359826307,78.12946310530212,108.72143629907464,152.08477081502662,213.5511792289434,300.6782265692384,424.17856615829834,599.2371074169506,847.378067204018,1199.111466858435,1697.6844733847986,2404.398828665217,3406.1481679835438,4826.101974294461,6838.849807358953,9691.867857263678,13735.94722940217,19468.325252257844,27593.82299180234,39111.5060985395,55437.524319125805,78579.23333028502,111382.00793957953,157879.09342056932,223787.5107412706,317210.98941276316,449636.3566403547,637345.8932015522,903419.3114120128,1280571.507166978,1815175.00014073,2572961.6388414414,3647104.6202109004,5169674.543591209,7327878.07123235,10387075.81000101,14723409.563989911,20870050.622096296,29582755.510747112,41932789.57961632,59438643.78350345,84252739.81747688,119426079.82202046,169283380.50229844,239954816.04986912,340129749.9954928
93260334.688322,4.546767265390935,4.546767265325871,4.54676726523427,4.546767265105687,4.546767264925955,4.546767264676273,4.546767264332568,4.546767263865902,4.546767263253783,4.54676726329474,4.546767263519272,4.5467672641720265,4.546767265769355,4.54676726938389,4.546767277220797,4.546767300045087,4.546767366394942,4.546767509460078,4.546767800831663,4.546768452020985,4.546769728454722,4.546772199961669,4.546777556911218,4.546787892325221,4.5468079894873386,4.546849209062135,4.546931940572666,4.547099717426666,4.547439059954974,4.548117317396496,4.549435856033887,4.551887540204598,4.556202624787622,4.563380189776196,4.574727449916895,4.591954855220587,4.617372785560087,4.654205033539489,4.707024406455577,4.782343239867391,4.889429230150101,5.04145172482069,5.257103719245631,5.56290134374702,5.9964446108403155,6.611040741195897,7.4822586408212715,8.717220431644396,10.46777245138063,12.949155181556725,16.4664677399782,21.45218096335221,28.51931152902319,38.53679509046513,52.73632583139677,72.8637987821938,101.39397537046779,141.83476627206127,199.1585444797709,280.4135204333828,395.59035047535434,558.8505319536678,790.267621549901,1118.2953672782237,1583.2662218303394,2242.3503948552748,3176.5851814416005,4500.838853626728,6377.934219174624,9038.668401234007,12810.190358751752,18156.225288466765,25734.091675458003,36475.52148914141,51701.22072293661,73283.25599934127,103875.23338702522,147238.5709269115,208704.98150797345,295832.0303944805,419332.37108317186,594390.9131220427,842531.873461777,1194265.2735072132,1692838.2803099942,2399552.635785662,3401301.97524194,4821255.781650144,6834003.614783443,9687021.664736673,13731101.036909398,19463479.059789225,27588976.799350772,39106659.90609998,55432678.12669481,78574387.13786007,111377161.74715884,157874247.22814912,223782664.54885525,317206143.22034943
100000000.0,4.240330369202652,4.240330369141972,4.2403303690565455,4.240330368936629,4.240330368769009,4.240330368536155,4.2403303682156155,4.2403303677804,4.240330367209537,4.240330367247733,4.240330367457133,4.240330368065894,4.240330369555568,4.240330372926495,4.240330380235221,4.24033040152123,4.240330463399327,4.24033059682235,4.240330868556467,4.240331475857808,4.240332666264183,4.240334971199834,4.240339967108912,4.240349605950603,4.240368348631256,4.240406790144668,4.240483945828283,4.240640415083853,4.240956887061493,4.241589432221504,4.2428191057677305,4.245105554630836,4.249129816955048,4.2558236380858645,4.266406130871035,4.2824724667153715,4.306177313620833,4.340527191359657,4.389786715321474,4.46002931144467,4.55989806438663,4.701674751717957,4.902792523480699,5.187980411559633,5.592304313469526,6.165478721620618,6.97797945067581,8.129708950070352,9.762279622569546,12.076425461629992,15.35668292564824,20.00637576436677,26.597205382772234,35.93954407952062,49.182073972684634,67.95302261089944,94.56036078429304,132.2755777297236,185.73592514222503,261.514587667479,368.9288848480215,521.1858765074585,737.0062287908795,1042.9260023276713,1476.5593774861254,2091.2234831269398,2962.493971872077,4197.497378674322,5948.082799003269,8429.492402358439,11946.826402783043,16932.556470789863,23999.700025531747,34017.193420084084,48216.73148415878,68344.20981548549,96874.39031501533,137315.18403674004,194638.9642655366,275893.94166115107,391070.7727286425,554330.9549345903,785748.0450462428,1113775.7911392308,1578746.6459491348,2237830.8191561606,3172065.6058711405,4496319.278146999,6373414.6437590625,9034148.825863684,12805670.783413358,18151705.7131509,25729572.100158043,36471001.913852684,51696701.147655845,73278736.42406613,103870713.81175408,147234051.35164082,208700461.93270734,295827510.8192159
107226722.20103253,3.9545462942089453,3.954546294152355,3.954546294072685,3.95454629396085,3.954546293804528,3.954546293587367,3.9545462932884314,3.954546292882548,3.9545462923501593,3.9545462923857806,3.954546292581068,3.9545462931488005,3.9545462945380754,3.9545462976818135,3.9545463044979554,3.9545463243493586,3.954546382057079,3.9545465064878376,3.954546759907984,3.9545473262792465,3.954548436456216,3.954550586046919,3.954555245248446,3.9545642344644674,3.9545817139511734,3.9546175646352406,3.954689520284011,3.95483544403544,3.9551305868609816,3.9557205005942633,3.956867298259048,3.9589996481212575,3.962752688633554,3.9689953686235895,3.9788646368134075,3.993848155393986,4.015955374955374,4.04799018589963,4.093929782812294,4.1594382630505535,4.252576196293279,4.384797609408491,4.572360716472118,4.838327895385088,5.215401719531137,5.749946090920653,6.507686990182579,7.581793776022063,9.104334649218197,11.262514803901842,14.321693893483918,18.658012996851753,24.804642757713722,33.51733909401788,45.867366793583706,63.373216317755784,88.18730894991629,123.36064650165149,173.2179454240899,243.88937971747566,344.06431277115814,486.05969277911925,687.334475644153,972.636280322321,1377.0442173153617,1950.2820194449648,2762.8317932892573,3914.600103885208,5547.201925888949,7861.372826966138,11141.650287868262,15791.358835947718,22382.200568004155,31724.548435144203,44967.08515789591,63738.038814010644,90345.38063505449,128060.6002105488,181520.94950792252,257299.61337799273,364713.9115149382,516970.9038529693,732791.2566170716,1038711.0304939508,1472344.405892818,2087008.5117034493,2958279.0005685687,4193282.4074554266,5943867.827844215,8425277.431241566,11942611.43169594,16928341.49972376,23995485.054480463,34012978.44904327,48212516.51312533,68339994.84445724,96870175.34399076,137310969.06571582,194634749.29451644,275889726.69013214
114975699.53977357,3.688023109383904,3.6880231093311275,3.6880231092568274,3.68802310915253,3.6880231090067435,3.688023108804219,3.68802310852543,3.688023108146902,3.688023107650394,3.6880231076836147,3.68802310786574,3.68802310839521,3.6880231096908522,3.6880231126227128,3.6880231189794697,3.6880231374929546,3.6880231913113675,3.68802330735591,3.6880235436963864,3.688024071896122,3.688025107250879,3.688027111966363,3.6880314571533006,3.6880398405262476,3.688056141954052,3.6880895764220014,3.6881566825008716,3.688292771479844,3.688568022666753,3.6891181781887834,3.6901876855291595,3.692176322147382,3.6956764202901375,3.701498364542367,3.710702477087479,3.7246761566638127,3.7452934236170456,3.77516919552043,3.818012617355647,3.8791060452750807,3.965966793539032,4.089276925939908,4.264198907339264,4.512240788554588,4.863901098975248,5.362418968790698,6.069090667512674,7.070806250896555,8.490732965005773,10.503459000440689,13.3564596581001,17.40052536705459,23.13289285408649,31.25838261770092,42.77605978441651,59.10207364069346,82.24377947931663,115.04655180111817,161.54363564274146,227.4520517937908,320.87552963345763,453.3008962708372,641.0104324139613,907.0838503286441,1284.236045874493,1818.8395387005423,2576.6261772969347,3650.769158592752,5173.339081921085,7331.542609525435,10390.740348268353,14727.074102238777,20873.715160332227,29586.42004897436,41936.454117836576,59442.30832171902,84256.40435569042,119429.74436023201,169287.04504050885,239958.480588075,340133.41453370266,482128.7951745233,683403.5784878428,968705.3834831788,1373113.3207004308,1946351.1229884077,2758900.896944599,3910669.2076194645,5543271.02967902,7857441.930795559,11137719.391725456,15787427.939824516,22378269.671894804,31720617.539044637,44963154.26180328,63734107.91792295,90341449.73897031,128056669.31446509,181517018.61184287,257295682.48191452
123284673.94420634,3.439462695194095,3.439462695144876,3.4394626950755836,3.4394626949783156,3.4394626948423546,3.439462694653479,3.43946269439348,3.439462694040463,3.4394626935774184,3.4394626936084,3.439462693778251,3.439462694272036,3.4394626954803558,3.4394626982146193,3.439462704142952,3.43946272140869,3.4394627715999224,3.439462879823451,3.43946310023537,3.4394635928362116,3.439464558411523,3.4394664280158924,3.439470480351774,3.4394782987134422,3.439493501479572,3.439524682576282,3.4395872659300326,3.439714182967297,3.439970883145441,3.4404839600265933,3.4414813861517444,3.443335995317633,3.446600198559987,3.4520297632549832,3.4606135494196444,3.473645449760807,3.4928731819249776,3.5207354267927933,3.560691345388246,3.617667280738479,3.698673905282221,3.8136733474638906,3.9768061727603747,4.208130861348997,4.536090443813297,5.001009877684281,5.660054269060047,6.594257574748934,7.918485980656086,9.795561017661687,12.456278979654886,16.227788194841516,21.573813298812023,29.151672247424205,39.89309652142362,55.11879168504937,76.70082400273631,107.29279925709676,150.65613526810446,212.12254475834516,299.2495928690891,422.7499330073469,597.8084746563218,845.9494347202129,1197.6828345706267,1696.2558412356614,2402.970196614043,3404.7195360016444,4824.673342361379,6837.421175460371,9690.439225389599,13734.518597545102,19466.896620412877,27592.394359966343,39110.07746670906,55436.095687299545,78577.80469846296,111380.57930775995,157877.66478874924,223786.08210945138,317209.5607809494,449634.9280085358,637344.4645697329,903417.8827802072,1280570.0785351566,1815173.5715089065,2572960.2102096556,3647103.1915790695,5169673.114959458,7327876.642600503,10387074.38136932,14723408.135358034,20870049.19346439,29582754.08211565,41932788.15098435,59438642.35487139,84252738.38884608,119426078.39338812,169283379.07366872,239954814.62123626
132194114.84660287,3.2076544210179874,3.2076544209720854,3.2076544209074624,3.20765442081675,3.207654420689952,3.2076544205138062,3.2076544202713304,3.2076544199421058,3.2076544195102685,3.2076544195391627,3.207654419697566,3.2076544201580712,3.2076544212849547,3.207654423834938,3.207654429363721,3.207654445465806,3.207654492274317,3.2076545932039418,3.2076547987608355,3.2076552581620286,3.207656158660796,3.207657902260088,3.207661681482094,3.2076689729123533,3.2076831510629273,3.207712230658079,3.207770596103246,3.207888959356975,3.2081283588022584,3.208606856018829,3.209537058961413,3.2112666736766817,3.214310880545408,3.2193745107520804,3.227379778458173,3.2395333723325903,3.257465219701869,3.283449642517274,3.320712665927187,3.373848613926616,3.4493956630958222,3.5566445277641505,3.7087827466221666,3.9245169254166337,4.230373129665264,4.663958549724393,5.278585554866046,6.1498266844208676,7.384806527807706,9.13537298967007,11.616767466137222,15.134089583021174,20.119810487505777,27.186947105190434,37.204435333414935,51.40396960163593,71.53144517365257,100.06162368363768,140.502415979525,197.82619519101794,279.08117186315286,394.258002417308,557.5181842596369,788.9352741140369,1116.963020025146,1581.933874706586,2241.0180478228813,3175.2528344738103,4499.506506704464,6376.601872284528,9037.336054366759,12808.858011900365,18154.892941626655,25732.75932862624,36474.1891423148,51699.888376113886,73281.92365252243,103873.90104020864,147237.23858009436,208703.64916115697,295830.6980476689,419331.03873635526,594389.5807752253,842530.5411149722,1194263.9411603922,1692836.9479631707,2399551.303438873,3401300.642895106,4821254.44930338,6834002.282436587,9687020.33238996,13731099.7045625,19463477.727442294,27588975.46700424,39106658.57375295,55432676.794347666,78574385.80551405,111377160.41481134,157874245.89580396,223782663.21650708
141747416.29268077,2.9914692486861254,2.991469248643317,2.9914692485830496,2.991469248498451,2.991469248380199,2.9914692482159246,2.9914692479897904,2.9914692476827547,2.991469247280022,2.9914692473069686,2.991469247454696,2.991469247884165,2.9914692489351,2.991469251313223,2.991469256469384,2.9914692714862428,2.9914693151400167,2.9914694092673226,2.99146960097037,2.99147002940946,2.9914708692176246,2.9914724953041603,2.991476019819251,2.9914828198315147,2.991496042422193,2.9915231621499574,2.991577593959462,2.991687979926038,2.991911244649951,2.992357492755599,2.9932250031331336,2.9948380476054113,2.9976770851197907,3.002399443597912,3.0098651830533103,3.0211996653772517,3.03792296624964,3.062156125934115,3.096907746281188,3.146462509225268,3.2169179401276207,3.3169385902667283,3.458823202362566,3.660017619543389,3.9452601392906574,4.349623353197567,4.922826555277482,5.735348948642625,6.8870952839185025,8.519679425192857,10.833836218883652,14.11410259715599,18.763802599303954,25.354637861837617,34.69698091084302,47.93951409356886,66.7104651763418,93.31780514192958,131.03302338768316,184.49337173631608,260.27203493166695,367.6863325898732,519.943324588792,735.7636771129798,1041.6834508202378,1475.3168260992995,2089.980931825314,2961.2514206306996,4196.2548274754,5946.840247834345,8428.249851210814,11945.583851650203,16931.313919667533,23998.45747441718,34015.95086897431,48215.48893305259,68342.96726438287,96873.14776391476,137313.94148563885,194637.72171443593,275892.6991100547,391069.53017754125,554329.712383488,785746.8024951516,1113774.5485881246,1578745.4033980248,2237829.5766050816,3172064.3633200172,4496318.0355959395,6373413.401207912,9034147.58331266,12805669.540862154,18151704.47059966,25729570.85760715,36471000.67130129,51696699.90510431,73278735.18151562,103870712.56920211,147234050.1090909,208700460.69015452
151991108.2952933,2.7898542334229175,2.7898542333829943,2.7898542333267886,2.7898542332478917,2.7898542331376097,2.789854232984407,2.7898542327735134,2.789854232487171,2.789854232111581,2.7898542321367112,2.7898542322744824,2.789854232675007,2.7898542336551126,2.7898542358729577,2.789854240681611,2.7898542546863836,2.78985429539804,2.78985438318148,2.7898545619643835,2.7898549615281127,2.7898557447360175,2.789857261229763,2.7898605482043335,2.789866889918529,2.7898792213508496,2.7899045132997298,2.7899552765874507,2.7900582229093276,2.7902664403380903,2.7906826128149578,2.791491655896503,2.7929959865700207,2.7956436824578574,2.800047769779736,2.8070103433827986,2.817580919533295,2.833177125897819,2.855777051725117,2.8881865291704116,2.934401466946065,3.000108437611699,3.093388030688867,3.2257100948006725,3.413344681637727,3.6793628102274334,4.056473296873474,4.591044521577382,5.348805625047279,6.422928112086049,7.945481546306984,10.103671917315566,13.16285932036085,17.499185104366966,23.645820128961816,32.35852052419546,44.7085512916177,62.214403095592985,87.02849739915987,122.2018361635808,172.05913595905884,242.73057087737942,342.90550437653326,484.90088470109697,686.1756677906715,971.4774726278181,1375.885409733339,1949.1232119424028,2761.6729858428866,3913.441296478436,5546.043118510159,7860.214019607224,11140.491480523147,15790.200028612422,22381.04176067614,31723.389627820678,44965.926350575784,63736.88000669393,90344.2218277398,128059.44140323368,181519.79070060808,257298.45457068278,364712.75270762405,516969.74504565477,732790.0978097685,1038709.8716866345,1472343.2470855,2087007.3528961625,2958277.841761245,4193281.248648166,5943866.669036877,8425276.27243436,11942610.272888575,16928340.34091638,23995483.895673435,34012977.29023582,48212515.35431782,68339993.68565077,96870174.18518303,137310967.90691018,194634748.13570836
162975083.46206468,2.601827395406527,2.601827395369295,2.6018273953168776,2.6018273952432978,2.6018273951404485,2.6018273949975708,2.601827394800891,2.601827394533847,2.601827394183571,2.601827394207007,2.6018273943354933,2.6018273947090234,2.6018273956230735,2.601827397691443,2.6018274021760095,2.601827415236907,2.6018274532047334,2.601827535071864,2.601827701805398,2.601828074439869,2.601828804862183,2.601830219149326,2.6018332845928107,2.6018391988966942,2.6018506992317487,2.601874286587923,2.6019216285999507,2.6020176366842827,2.602211820955226,2.602599944800034,2.603354461085655,2.6047574049065965,2.6072266549531222,2.611333921529472,2.617827240974609,2.6276853956710458,2.6422304699252828,2.6633072363911325,2.693532423527351,2.736632629172925,2.7979111699292525,2.884904030628924,3.0083080304860896,3.183296674161377,3.431386071215747,3.7830805732066035,4.281623486512929,4.988314027746876,5.990044254121758,7.4099826826847375,9.422718245898476,12.27572665672149,16.319798596061585,22.052170992068355,30.17766454105399,41.695344568862694,58.02136055129165,81.16306794867391,113.96584140143013,160.46292605725287,226.3713427911182,319.79482104623287,452.2201879788764,639.9297243314071,906.003142394353,1283.1553380451,1817.7588309452528,2575.5454695940457,3649.6884509267884,5172.258374281215,7330.461901904089,10389.659640659864,14725.99339463943,20872.634452739636,29585.339341385927,41935.373410251275,59441.22761413682,84255.32364811003,119428.66365265107,169285.96433292833,239957.39988049836,340132.3338261217,482127.7144669415,683402.4977802706,968704.3027755935,1373112.2399928423,1946350.0422808463,2758899.816237,3910668.1269119196,5543269.948971396,7857440.850088045,11137718.311017789,15787426.859116813,22378268.591187403,31720616.45833681,44963153.18109535,63734106.83721588,90341448.65826198,128056668.23375857,181517017.5311338
174752840.0007683,2.426472936968583,2.4264729369338602,2.4264729368849753,2.4264729368163547,2.426472936720437,2.426472936587189,2.4264729364037647,2.426472936154718,2.4264729358280497,2.426472935849907,2.426472935969733,2.426472936318089,2.4264729371705345,2.4264729390995035,2.4264729432818246,2.4264729554624616,2.4264729908713836,2.4264730672209436,2.4264732227171955,2.4264735702373503,2.4264742514316446,2.426475570400567,2.4264784292434216,2.426483944943018,2.42649467019398,2.426516667841292,2.4265608191601573,2.4266503566209328,2.4268314535219266,2.4271934191185993,2.4278970835318483,2.4292054736347475,2.4315083044924286,2.435338755048074,2.4413944464949906,2.4505881945589802,2.4641529794891466,2.4838092424366742,2.5119973531200825,2.5521927491565006,2.6093413213579715,2.6904711544014313,2.8055581376870005,2.9687531324451286,3.2001221344642747,3.528113604101376,3.993056393615767,4.65211835758126,5.586335319372562,6.910574650218501,8.787658572862519,11.448383765482042,15.219898791147141,20.565928473244046,28.143790952106077,38.885217894370506,54.110915040852724,75.69294881224364,106.28492512133617,149.64826189166894,211.1146719254459,298.24172042363773,421.7420608372597,596.8006026815277,844.9415628836897,1196.674962831932,1695.2479695660754,2401.9623249933265,3403.7116644153643,4823.665470799431,6836.4133039157,9689.431353856919,13733.51072602095,19465.888748895028,27591.38648845237,39109.069595197994,55435.08781579138,78576.79682695646,111379.57143625297,157876.65691724268,223785.07423794837,317208.55290944234,449633.9201370279,637343.456698234,903416.874908696,1280569.0706636424,1815172.5636374175,2572959.2023381307,3647102.1837075953,5169672.10708791,7327875.6347290585,10387073.373497732,14723407.127486408,20870048.18559305,29582753.074243918,41932787.1431125,59438641.34700037,84252737.38097389,119426077.3855176,169283378.06579578
187381742.2860387,2.2629367821384525,2.2629367821060695,2.2629367820604793,2.262936781996484,2.2629367819070305,2.262936781782763,2.262936781611701,2.262936781379439,2.262936781074787,2.262936781095171,2.262936781206921,2.262936781531799,2.262936782326793,2.2629367841257557,2.262936788026203,2.2629367993859053,2.2629368324083847,2.2629369036122395,2.2629370486285647,2.2629373727270243,2.262938008011103,2.262939238085935,2.262941904252348,2.2629470482122525,2.262957050617196,2.262977565696703,2.263018741364446,2.2631022443000366,2.263271135876014,2.2636087062029273,2.2642649459898054,2.265485154978798,2.2676327827439775,2.2712050737522436,2.27685263186333,2.2854267520782074,2.2980773159038317,2.3164088125159124,2.3426971388815745,2.380183499754434,2.4334804494591227,2.50914240328753,2.616472909082345,2.768669107388364,2.9844446130364504,3.2903305553691555,3.7239377569794962,4.338581150377143,5.209835015658784,6.444825047680097,8.195399796318588,10.676801016092051,14.194128551847667,19.179853725908266,26.246993635915754,36.264484352573135,50.464020470012706,70.59149739775853,99.12167689139032,139.56246989542683,196.88624961382342,278.14122664729354,393.3180574582542,556.5782394827144,787.9953294660659,1116.02307546841,1580.9939302143018,2240.078103376172,3174.312890059217,4498.566562312564,6375.66192790874,9036.396110002153,12807.91806754371,18153.95299727588,25731.81938427908,36473.24919797035,51698.94843177214,73280.98370818223,103872.961095868,147236.29863575406,208702.70921682008,295829.7581033283,419330.0987920139,594388.6408308925,842529.6011706275,1194263.0012160449,1692836.0080188464,2399550.363494516,3401299.702950797,4821253.509359003,6834001.342492307,9687019.392445544,13731098.76461805,19463476.787498113,27588974.527059678,39106657.63380829,55432675.854403764,78574384.86556904,111377159.4748679,157874244.95585832
200923300.2565046,2.1104224168074692,2.1104224167772685,2.1104224167347514,2.1104224166750685,2.110422416591644,2.1104224164757515,2.1104224163162186,2.110422416099611,2.110422415815491,2.110422415834501,2.1104224159387197,2.110422416241702,2.110422416983116,2.1104224186608347,2.1104224222984045,2.110422432892501,2.110422463689376,2.1104225300943296,2.1104226653370395,2.110422967592348,2.1104235600604055,2.1104247072323106,2.1104271937080314,2.110431990982254,2.110441319258581,2.110460451690391,2.1104988522559385,2.110576727373145,2.1107342362221617,2.1110490554388495,2.1116610668604503,2.112799037847482,2.1148019226891472,2.118133453239497,2.1234003848356138,2.1313966380445875,2.1431945962083248,2.1602906113021296,2.184807192454704,2.219767098067205,2.269472011740465,2.3400346031125614,2.4401313920394743,2.5820700759625708,2.7833030347053955,3.0685732882894046,3.472956815743877,4.0461753015661825,4.858709572312784,6.010465409543279,7.643057279092791,9.957220361613633,13.237491793543832,17.887195777512684,24.478034110477655,33.82037948020393,47.06291438751727,65.83386673464786,92.44120761758792,130.15642652376394,183.61677534513717,259.3954388774708,366.80973677517534,519.0667289439509,734.8870815884002,1040.806855380746,1474.4402307199166,2089.1043364884376,2960.3748253237786,4195.378232189647,5945.963652563627,8427.373255950535,11944.707256397349,16930.43732442018,23997.58087917324,34015.07427373294,48214.6123378138,68342.0906691456,96872.2711686772,137313.0648904018,194636.84511920222,275891.8225148179,391068.65358230413,554328.8357882595,785745.9258999132,1113773.6719928847,1578744.5268028087,2237828.7000098373,3172063.4867248223,4496317.159000686,6373412.5246127555,9034146.706717387,12805668.66426687,18151703.594004642,25729569.981011815,36470999.794705905,51696699.02850971,73278734.30492009,103870711.69260815,147234049.23249507
215443469.00318867,1.9681870092520155,1.9681870092238505,1.9681870091841984,1.9681870091285383,1.968187009050736,1.9681870089426547,1.9681870087938738,1.9681870085918645,1.9681870083268933,1.9681870083446222,1.9681870084418172,1.968187008724379,1.9681870094158243,1.9681870109804702,1.9681870143728801,1.9681870242529704,1.9681870529742387,1.9681871149037204,1.9681872410315246,1.9681875229158368,1.9681880754535304,1.9681891453098883,1.9681914642054679,1.9681959381594638,1.968204637741187,1.9682224807111268,1.9682582932070785,1.9683309198020242,1.9684778130817808,1.968771414536927,1.9693421784370426,1.9704034539882045,1.9722713510949634,1.9753783476364632,1.9802903056708065,1.9877476381760213,1.9987504534459104,2.014694254340759,2.0375584999777843,2.070162224958724,2.1165171938069474,2.1823241026853175,2.2756747030508198,2.408047194729699,2.595717725556469,2.8617617188151407,3.238891149943623,3.773476628316836,4.531248808672431,5.605380157265874,7.127940798902078,9.286137034894598,12.345329150998111,16.681658648463692,22.82829653655304,31.5409990960987,43.89103147187697,61.396884454996325,86.21097961408894,121.3843189944219,171.24161923077884,241.91305446337046,342.0879881858807,484.08336866885276,685.3581518705826,970.659956787081,1375.0678939486584,1948.3056961973614,2760.855470125778,3912.6237807810635,5545.225602826802,7859.396503933593,11139.673964856429,15789.382512950819,22380.22424501768,31722.572112164584,44965.108834922044,63736.06249104154,90343.404312087,128058.62388758121,181518.9731849585,257297.63705502995,364711.9351919706,516968.92753000854,732789.2802941122,1038709.0541709758,1472342.429569862,2087006.5353804955,2958277.0242456193,4193280.4311324814,5943865.851521277,8425275.454918638,11942609.45537283,16928339.523400865,23995483.078157596,34012976.472719885,48212514.53680256,68339992.86813456,96870173.36766817,137310967.08939344
231012970.0083158,1.8355377921205083,1.8355377920942415,1.835537792057262,1.8355377920053528,1.8355377919327946,1.8355377918319977,1.8355377916932438,1.8355377915048494,1.8355377912577364,1.8355377912742703,1.8355377913649147,1.835537791628433,1.8355377922732772,1.835537793732471,1.8355377968962439,1.835537806110449,1.8355378328960001,1.8355378906516422,1.8355380082788542,1.8355382711651071,1.8355387864636095,1.8355397842152297,1.835541946825008,1.8355461192494784,1.8355542325085101,1.8355708729219944,1.8356042717755792,1.8356720035810985,1.835808996745434,1.8360828104451532,1.8366151067686811,1.8376048558996598,1.839346862993057,1.8422444583664142,1.8468253668689927,1.853780100122177,1.8640413624680134,1.878910604544589,1.9002338765496387,1.9306402195877232,1.973871018680244,2.035242762148251,2.122301844482677,2.2457528732576706,2.4207750384180677,2.668888556949282,3.02060072662787,3.519156932953897,4.225857804528521,5.227596295218955,6.6475414454415445,8.660282478358942,11.513295284595843,15.557370687120681,21.289745753632026,29.41524132106233,40.93292284882929,57.25893993093204,80.40064812618054,113.20342215333852,159.70050722032667,225.60892424728237,319.03240271070035,451.45776979107666,639.1673062482048,905.2407243851552,1282.392920088182,1816.996413025305,2574.783051700152,3648.9260330513043,5171.4959564188075,7329.6994840507605,10388.897222812997,14725.230976797347,20871.872034900513,29584.576923549048,41934.61099241663,59440.465196303514,84254.56123027645,119427.90123481794,169285.20191509815,239956.6374626654,340131.57140828844,482126.9520491158,683401.7353624364,968703.5403577578,1373111.4775750276,1946349.2798630067,2758899.0538192024,3910667.364494072,5543269.186553634,7857440.087670183,11137717.54859991,15787426.096699173,22378267.82876949,31720615.695918847,44963152.41867806,63734106.07479779,90341447.89584528,128056667.47134025
247707635.5991714,1.7118286882622185,1.7118286882377218,1.7118286882032347,1.7118286881548241,1.711828688087156,1.7118286879931524,1.71182868786375,1.7118286876880529,1.7118286874575945,1.7118286874730142,1.7118286875575492,1.711828687803307,1.7118286884046912,1.7118286897655401,1.7118286927160853,1.711828701309284,1.7118287262895784,1.7118287801526835,1.7118288898522154,1.7118291350208148,1.7118296155899226,1.711830546096423,1.7118325629535402,1.7118364541705662,1.711844020623093,1.711859539528402,1.7118906874110371,1.7119538543195547,1.7120816146031144,1.7123369741758951,1.7128333955087507,1.7137564388608761,1.7153810405064727,1.718083347649579,1.7223555182508492,1.728841525759449,1.738411213366423,1.7522783182926538,1.7721644731310646,1.8005215304148616,1.8408387183369823,1.8980742116993041,1.9792658032609711,2.0943966458727066,2.2576229028800405,2.4890144006692223,2.8170223472510316,3.281977533880084,3.9410491319558663,4.875273801075508,6.199519400563689,8.076608424271638,10.737337716068854,14.508855971511618,19.854888144130005,27.432752505400256,38.17418084653073,53.39987901857235,74.98191353405589,105.5738903788373,148.93722753262418,210.4036378397379,297.5306865321938,421.03102708359137,596.0895690254066,844.2305292965843,1195.9639292935817,1694.5369360622014,2401.2512915137468,3403.0006309529504,4822.954437349207,6835.702270473936,9688.72032042117,13732.799692589646,19465.17771546646,27590.675455025863,39108.35856177353,55434.3767823681,78576.08579353282,111378.8604028296,157875.9458838218,223784.3632045247,317207.8418760181,449633.2091036101,637342.7456648074,903416.1638752673,1280568.3596302313,1815171.8526039813,2572958.491304731,3647101.4726741444,5169671.396054531,7327874.923695577,10387072.66246423,14723406.416453104,20870047.474559467,29582752.363210253,41932786.43207942,59438640.63596646,84252736.66994117,119426076.67448321
265608778.2946684,1.5964571639640603,1.5964571639412146,1.596457163909052,1.596457163863904,1.5964571638007965,1.5964571637131282,1.5964571635924474,1.5964571634285916,1.5964571632136653,1.5964571632280455,1.5964571633068836,1.596457163536078,1.5964571640969307,1.5964571653660633,1.5964571681177515,1.5964571761317974,1.5964571994285035,1.5964572496614156,1.596457351967566,1.5964575806126222,1.5964580287929808,1.5964588965864575,1.5964607775141553,1.5964644064761768,1.5964714629751275,1.5964859359581587,1.5965149845777526,1.5965738942480483,1.5966930439160947,1.5969311931083288,1.597394157304814,1.5982549906243246,1.59977009955636,1.6022902802423271,1.6062745208435283,1.6123233931539578,1.6212481158448486,1.6341806243106325,1.6527265188695721,1.6791724054002006,1.7167723497932903,1.7701503624635038,1.8458699124926898,1.95324132164188,2.1054666752261406,2.321263160504653,2.627164469291141,3.060783232492109,3.675435610693257,4.546696663855106,5.781692542033162,7.532272047940953,10.013677090621261,13.531007638478354,18.51673513520764,25.583876800755366,35.60136882199994,49.80090589587971,69.92838351756889,98.45856351078606,138.8993568724332,196.22313684574493,277.47811406038676,392.65494499983777,555.9151271152714,787.3322171629885,1115.359963210803,1580.3308179888493,2239.4149911733793,3173.649777872438,4497.903450137157,6374.998815741231,9035.732997840263,12807.25495538598,18153.289885120732,25731.156272125878,36472.5860858191,51698.285319622046,73280.3205960319,103872.29798371806,147235.63552360667,208702.04610467027,295829.0949911783,419329.43567987025,594387.9777187413,842528.9380584756,1194262.338103911,1692835.3449066912,2399549.7003823975,3401299.039838634,4821252.846246914,6834000.679380129,9687018.729333356,13731098.10150607,19463476.12438589,27588973.863947425,39106656.97069662,55432675.19129139,78574384.20245789,111377158.81175531
284803586.8435805,1.488861294268573,1.4888612942472674,1.488861294217272,1.4888612941751669,1.4888612941163126,1.4888612940345531,1.4888612939220056,1.488861293769193,1.4888612935687522,1.4888612935821635,1.4888612936556878,1.4888612938694354,1.4888612943924884,1.4888612955760858,1.4888612981423195,1.4888613056162454,1.4888613273428315,1.4888613741902135,1.4888614696012719,1.4888616828364165,1.488862100810919,1.4888629101180195,1.4888646642774856,1.4888680486596129,1.4888746295741515,1.4888881271265657,1.4889152179664211,1.4889701573221028,1.4890812767013029,1.489303375435038,1.4897351373941672,1.4905379534290513,1.4919509490899603,1.4943012780324436,1.4980169941519117,1.5036581927134878,1.5119814189650171,1.5240423196438027,1.5413382829804132,1.5660018052701712,1.6010676392537893,1.6508481525200052,1.7214644583017154,1.8215993938338173,1.96356526806698,2.164817792483356,2.450102376873592,2.8544966867061756,3.427723551786296,4.240264525974032,5.392025815349867,7.024622121544646,9.338788769321193,12.6190630103473,17.268769160444727,23.85960913063237,33.201955717021,46.4444915163136,65.215444510618,91.82278585947296,129.53800509915774,182.99835415826539,258.77701785956,366.19131587709455,518.4483081307117,734.2686608351877,1040.1884346699378,1473.8218100390943,2088.485915828746,2959.756404679017,4194.7598115554865,5945.345231936823,8426.754835328964,11944.088835779647,16929.81890380486,23996.962458559698,34014.45585312117,48213.99391720306,68341.47224853456,96871.6527480664,137312.4464697932,194636.22669859117,275891.20409420633,391068.0351616981,554328.2173676459,785745.3074792977,1113773.053572285,1578743.9083821871,2237828.0815892466,3172062.868304186,4496316.540580113,6373411.906192094,9034146.088296706,12805668.04584636,18151702.97558389,25729569.362590995,36470999.176285595,51696698.41008867,73278733.68650007,103870711.0741867
305385550.88334125,1.3885170260797566,1.3885170260598867,1.388517026031913,1.3885170259926458,1.3885170259377582,1.3885170258615087,1.3885170257565467,1.3885170256140331,1.3885170254271013,1.3885170254396086,1.3885170255081778,1.3885170257075197,1.3885170261953206,1.3885170272991474,1.3885170296924254,1.3885170366626338,1.3885170569249208,1.388517100614946,1.388517189595618,1.388517388459428,1.3885177782638478,1.3885185330263585,1.3885201689613476,1.3885233252474465,1.3885294626303708,1.3885420504929271,1.3885673155008462,1.3886185521278305,1.388722182432776,1.3889293124551958,1.3893319751033366,1.3900806840244013,1.3913984485068962,1.3935903731449326,1.3970556624340167,1.402316663092975,1.4100789317520177,1.4213269680914795,1.4374572413867717,1.4604585248201287,1.4931610389545027,1.5395865122361403,1.6054435153526923,1.6988296913698664,1.8312275408229164,2.018916318662326,2.2849736768788484,2.662113163689247,3.196706456586344,3.9544848885935813,5.028621321876019,6.551186101142453,8.70938566210439,11.768580397980154,16.104911915584513,22.251551330553227,30.9642550247623,43.31428823240346,60.820141819079375,85.63423741268586,120.80757710405037,170.66487756211947,241.33631295228483,341.51124678654946,483.50662734864557,684.7814106063573,970.0832155624037,1374.4911527519473,1947.728955020359,2760.278728962702,3912.0470396278783,5544.648861680485,7858.819762792163,11139.097223718623,15788.805771815249,22379.647503883803,31721.995371032404,44964.53209379086,63735.48574991016,90342.82757095597,128058.04714645237,181518.3964438276,257297.0603138988,364711.3584508451,516968.35078887653,732788.7035529793,1038708.4774298585,1472341.8528287264,2087005.958639391,2958276.447504477,4193279.854391403,5943865.274780123,8425274.878177475,11942608.878631843,16928338.94665967,23995482.501416363,34012975.89597917,48212513.96006123,68339992.29139423,96870172.79092664
327454916.2877732,1.2949356257263136,1.2949356257077829,1.2949356256816946,1.2949356256450737,1.2949356255938853,1.2949356255227749,1.294935625424887,1.2949356252919784,1.2949356251176452,1.2949356251293096,1.2949356251932573,1.294935625379164,1.294935625834089,1.2949356268635215,1.2949356290955005,1.2949356355959403,1.294935654492617,1.2949356952380806,1.2949357782217534,1.294935963682808,1.2949363272157144,1.294937031109758,1.2949385567882041,1.2949415003511837,1.2949472240950402,1.29495896357779,1.2949825258087346,1.2950303092585431,1.295126955227774,1.2953201253799225,1.2956956499132435,1.2963938983588696,1.2976228499256481,1.2996670461791968,1.3028987865681152,1.3078052133906148,1.3150443311214446,1.3255342874574905,1.3405774343188213,1.3620285082313794,1.3925269823645923,1.435823534127685,1.49724199564988,1.5843342559561218,1.7078089334761766,1.8828481158616306,2.1309740985972674,2.4826956462384637,2.9812591404156166,3.6879658423014834,4.689709074989887,6.109658083980272,8.122402217775265,10.975417467220527,15.019494753733536,20.75187124421766,28.877367869838825,40.39505017340385,56.7210678183854,79.86277641886292,112.66555073608978,159.16263600984723,225.0710531837566,318.4945317513967,450.91989890556374,638.6294354149001,904.7028535887318,1281.8550493178384,1816.4585422733396,2574.245180961171,3648.3881623215448,5170.958085695445,7329.161613331949,10388.35935209755,14724.69310608397,20871.334164188687,29584.039052838765,41934.07312170724,59439.92732559385,84254.02335956701,119427.36336411041,169284.66404438845,239956.0995919553,340131.0335375832,482126.41417840385,683401.1974917228,968703.0024870577,1373110.9397043083,1946348.741992315,2758898.515948471,3910666.826623396,5543268.648682881,7857439.549799409,11137717.010729292,15787425.558828335,22378267.29089859,31720615.158048395,44963151.880806975,63734105.53692761,90341447.35797383
351119173.4215127,1.2076612985506792,1.2076612985333974,1.2076612985090673,1.2076612984749147,1.2076612984271762,1.2076612983608583,1.2076612982695678,1.2076612981456167,1.207661297983033,1.2076612979939112,1.207661298053549,1.2076612982269264,1.207661298651191,1.207661299611243,1.2076613016927944,1.2076613077551261,1.20766132537823,1.207661363377586,1.2076614407684367,1.2076616137300369,1.2076619527620422,1.2076626092159832,1.2076640320688083,1.2076667772454948,1.2076721152281717,1.2076830635090754,1.2077050377245142,1.2077496007297313,1.2078397330840986,1.2080198842145105,1.2083700996511224,1.2090212884884692,1.2101674128328044,1.21207383710055,1.215087769003513,1.2196635190794134,1.226414744503667,1.2361977128913224,1.250227002001855,1.2702323453269464,1.2986753243784122,1.339053833461175,1.3963328962371924,1.4775554296864184,1.5927083271969478,1.7559504545253248,1.9873535764732682,2.315370268974395,2.7803322522778013,3.439409287721364,4.373638379244188,5.697887577432136,7.574979493028918,10.235711063370438,14.007231075826889,19.353264576447078,26.931129924589705,37.67255898923211,52.89825768621644,74.48029257961798,105.07226969491879,148.43560704153953,209.902017485703,297.0290662753572,420.52940689557283,595.5879488860782,843.7289091916529,1195.4623092129737,1694.0353159987349,2400.7496714623935,3402.4990109102,4822.452817312431,6835.20065044141,9688.218700391793,13732.298072562213,19464.676095440507,27590.173835001373,39107.85694174992,55433.87516234432,78575.58417350934,111378.35878280806,157875.44426379848,223783.8615845012,317207.3402559995,449632.7074835858,637342.2440447822,903415.662255256,1280567.8580102038,1815171.3509839815,2572957.989684698,3647100.9710541675,5169670.894434488,7327874.422075527,10387072.16084433,14723405.914833028,20870046.97293936,29582751.861590594,41932785.930459216,59438640.13434716,84252736.1683208
376493580.67924714,1.1262689689296965,1.1262689689135794,1.1262689688908893,1.1262689688590382,1.126268968814517,1.126268968752669,1.1262689686675311,1.126268968551934,1.1262689684003078,1.1262689684104528,1.1262689684660712,1.1262689686277636,1.126268969023434,1.126268969918782,1.1262689718600436,1.1262689775137944,1.1262689939491601,1.1262690293874866,1.1262691015624533,1.1262692628670203,1.1262695790494033,1.1262701912605455,1.1262715182178524,1.126274078378818,1.1262790565993284,1.1262892670027416,1.1263097602296048,1.1263513198374173,1.126435377572763,1.1266033871199297,1.1269299992082442,1.127537300097407,1.1286061794968782,1.1303841171495572,1.1331949201295386,1.1374622799648246,1.1437584953910465,1.1528821244518266,1.1659658864307019,1.1846229365712297,1.2111489540299558,1.2488060867426949,1.3022247323939427,1.3779731389310248,1.485365116552645,1.6376052708514262,1.8534125968593032,2.159322062119417,2.5929471639216333,3.2076046130301687,4.078869790540023,5.313869024877519,7.064451227770509,9.545858395428853,13.063190581882774,18.048919317110972,25.116061903019144,35.13355459901333,49.33309216245636,69.46057013659305,97.99075038209735,138.43154392358193,195.75532402470637,277.0103013299953,392.1871323336258,555.4473144944675,786.8644045742622,1114.8921506447596,1579.8630054387897,2238.9471786346144,3173.181965341692,4497.435637611978,6374.531003220006,9035.265185321965,12806.787142869485,18152.82207260558,25730.688459612076,36472.11827330606,51697.817507108804,73279.85278351883,103871.83017120666,147235.16771109338,208701.57829215657,295828.62717866886,419328.96786735515,594387.5099062248,842528.4702459706,1194261.8702913898,1692834.8770941936,2399549.2325698654,3401298.572026151,4821252.378434363,6834000.211567562,9687018.26152092,13731097.633693447,19463475.65657322,27588973.396135133,39106656.502883784,55432674.72347933,78574383.73464471
403701725.85965496,1.0503622099145504,1.0503622098995196,1.0503622098783585,1.0503622098486542,1.0503622098071337,1.0503622097494538,1.050362209670054,1.0503622095622476,1.0503622094208405,1.050362209430302,1.0503622094821718,1.0503622096329668,1.0503622100019703,1.0503622108369748,1.050362212647402,1.0503622179201089,1.050362233247786,1.0503622662976877,1.0503623336083032,1.0503624840414822,1.050362778914231,1.0503633498643912,1.0503645873892167,1.0503669750039017,1.0503716177090112,1.0503811399654075,1.0504002520173685,1.0504390106467099,1.0505174031720244,1.0506740894380207,1.0509786889647152,1.0515450598065135,1.0525419003118748,1.054200010917313,1.0568213751838729,1.0608011292486157,1.066673000827808,1.0751817278256126,1.087383688036935,1.1047833154409596,1.1295215681024502,1.1646407361043765,1.214459143824699,1.2851023612822527,1.3852564790405837,1.527236156469645,1.72849879098651,2.013790982131349,2.4181912033646733,2.9914227975899976,3.803967618158491,4.955732037499858,6.588330858912065,8.902499488450252,12.18277525763726,16.83248256276293,23.42332339128184,32.76567060694425,46.008206862805245,64.77916018580345,91.38650176994236,129.10172117734425,182.56207035565075,258.3407341414834,365.7550322188726,518.012024514838,733.8323772492305,1039.7521511051361,1473.3855264892013,2088.0496322893882,2959.320121147142,4194.323528028807,5944.908948413841,8426.318551808721,11943.652552261097,16929.382620287593,23996.526175043713,34014.01956960595,48213.557633687684,68341.03596501946,96871.21646455296,137312.01018627823,194635.79041507604,275890.76781069546,391067.5988781824,554327.7810841295,785744.8711957934,1113772.6172887664,1578743.4720986926,2237827.645305724,3172062.4320207117,4496316.104296582,6373411.469908554,9034145.652013302,12805667.6095628,18151702.5393003,25729568.9263078,36470998.74000193,51696697.973805815,73278733.25021626
432876128.10830617,0.9795713124059628,0.9795713123919452,0.9795713123722103,0.979571312344508,0.9795713123057859,0.9795713122519935,0.9795713121779447,0.9795713120774042,0.9795713119455275,0.9795713119543512,0.9795713120027254,0.9795713121433571,0.9795713124874911,0.979571313266219,0.9795713149546293,0.9795713198719735,0.9795713341666166,0.9795713649890655,0.9795714277631707,0.9795715680576572,0.9795718430569694,0.9795723755269998,0.9795735296467939,0.9795757563442403,0.979580086146564,0.9795889666347489,0.9796067905983737,0.979642937025818,0.979716046157297,0.9798621722933756,0.98014624283143,0.9806744421740682,0.9816040989656769,0.9831504584658112,0.985595151554205,0.9893066835147563,0.9947828106019795,1.0027180778778475,1.0140976668094628,1.0303246175609768,1.0533955947891258,1.0861478484074762,1.1326086621838416,1.1984907632193553,1.2918948286449106,1.424305551004653,1.612003757557615,1.8780682098589387,2.255213209661451,2.7898109129751907,3.5475929321299917,4.621732284428757,6.144299409395377,8.302500818554842,11.361696979598566,15.698029574386116,21.844669789837408,30.557374070909283,42.90740770434761,60.4132615975644,85.22735741059738,120.40069725837526,170.25799782760942,240.92943329661503,341.1043671866998,483.0997477882894,684.3745310739005,969.6763360496753,1374.0842732531214,1947.3220755313562,2759.871849480674,3911.6401601506927,5544.2419822067395,7858.4128833209625,11138.690344248987,15788.39889234679,22379.240624416514,31721.58849156579,44964.125214324056,63735.078870443496,90342.42069149076,128057.64026698559,181517.98956436047,257296.65343443537,364710.95157137665,516967.9439094069,732788.2966735198,1038708.0705503848,1472341.445949273,2087005.5517599087,2958276.040625036,4193279.447511903,5943864.867900609,8425274.471298078,11942608.471752282,16928338.539780065,23995482.094537094,34012975.48909943,48212513.55318217,68339991.88451424
464158883.36127913,0.9135514844605874,0.9135514844475144,0.9135514844291096,0.9135514844032743,0.9135514843671619,0.913551484316995,0.9135514842479369,0.9135514841541725,0.9135514840311838,0.9135514840394128,0.9135514840845268,0.9135514842156804,0.9135514845366208,0.9135514852628651,0.9135514868374823,0.913551491423414,0.9135515047546457,0.9135515334997649,0.9135515920431055,0.9135517228822131,0.9135519793474921,0.9135524759308246,0.9135535522668073,0.9135556288922984,0.9135596668804365,0.9135679488534398,0.913584571541571,0.9136182818207834,0.9136864636414885,0.9138227413650625,0.914087666499603,0.9145802669743689,0.915447268009676,0.9168894080549858,0.919169337011324,0.9226307241397983,0.9277377785893005,0.935138235409188,0.9457508781329674,0.9608841867135387,0.9824002572923769,1.0129451186348184,1.0562746290615748,1.1177164969869933,1.2048254410153652,1.3283121238512854,1.5033600994865555,1.75149269818942,2.1032193872655136,2.601786994611989,3.3084970418836797,4.31024299685648,5.730194193454708,7.742940050884902,10.595956629446572,14.640034920544228,20.37241215756109,28.497909330492465,40.01559203115737,56.34160996201995,79.48331876713533,112.28609323023387,158.7831786076642,224.69159585510022,318.1150744747983,450.5404416657971,638.2499782011525,904.3233963933834,1281.4755921354554,1816.079085100117,2573.865723794454,3648.0087051593428,5170.578628536453,7328.782156175331,10387.979894942393,14724.313648929912,20870.954707035722,29583.65959568643,41933.69366455472,59439.54786844149,84253.64390241598,119426.9839069579,169284.28458723563,239955.72013480586,340130.6540804291,482126.0347212486,683400.8180345772,968702.6230298986,1373110.5602471689,1946348.3625351477,2758898.136491343,3910666.4471662124,5543268.269225684,7857439.170342323,11137716.631272053,15787425.17937106,22378266.91144163,31720614.778590985,44963151.5013502,63734105.15746994
497702356.4332114,0.8519811719580793,0.8519811719458874,0.851981171928723,0.851981171904629,0.8519811718709505,0.8519811718241646,0.8519811717597608,0.8519811716723158,0.8519811715576162,0.8519811715652906,0.851981171607364,0.8519811717296782,0.8519811720289884,0.8519811727062863,0.8519811741747796,0.8519811784516347,0.8519811908843862,0.8519812176921804,0.851981272289896,0.8519813943108855,0.851981633491263,0.8519820966065409,0.8519831004010808,0.8519850370689639,0.8519888029102164,0.8519965267059579,0.8520120290805433,0.8520434673997612,0.8521070539939474,0.852234147055058,0.852481217122204,0.852940617973647,0.8537491860409255,0.8550941306738558,0.8572204000491929,0.8604485012700663,0.865211357342387,0.8721130481410788,0.8820104342645515,0.8961238084962088,0.9161897679298089,0.9446760078478538,0.9850852542906583,1.0423861459566603,1.1236242387009834,1.2387883324092694,1.4020386603518549,1.633447952372978,1.961469439793497,2.42643525905238,3.0855154144139583,4.019747044748321,5.343998283106665,7.221091806171403,9.881824616051334,13.65334556538679,18.99937976222591,26.577245620791867,37.31867505577093,52.54437401936888,74.12640910361642,104.71838635495757,148.081723798264,209.5481343109987,296.67518314920227,420.1755238037674,595.2340658185382,843.3750261412716,1195.1084261746844,1693.6814329689887,2400.3957884387137,3402.1451278907307,4822.098934295955,6834.846767427147,9687.864817378892,13731.944189550337,19464.322212429648,27589.819951991103,39107.50305873948,55433.52127933401,78575.23029050032,111378.0048997976,157875.09038078773,223783.50770149363,317206.98637298757,449632.3536005729,637341.8901617782,903415.3083722395,1280567.5041272056,1815170.9971009574,2572957.635801711,3647100.6171711273,5169670.540551437,7327874.068192576,10387071.80696124,14723405.560949897,20870046.619056523,29582751.507707343,41932785.57657656,59438639.780463666
533669923.12063015,0.7945604924495946,0.7945604924382244,0.7945604924222168,0.7945604923997467,0.7945604923683378,0.7945604923247052,0.794560492264642,0.7945604921830905,0.7945604920761212,0.7945604920832784,0.7945604921225161,0.794560492236587,0.7945604925157246,0.7945604931473749,0.7945604945168965,0.794560498505506,0.7945605101003316,0.7945605351013703,0.7945605860193825,0.7945606998165656,0.7945609228769863,0.7945613547798445,0.7945622909219919,0.7945640970649416,0.7945676091010975,0.7945748123388567,0.7945892699052797,0.7946185893870026,0.7946778904575574,0.794796417871715,0.79502683624325,0.7954552750148667,0.7962093483005935,0.797463648166637,0.7994466141024515,0.802457152105116,0.8068990076188853,0.8133355475568985,0.8225658829810446,0.8357280630253037,0.854441643951502,0.8810080066391891,0.9186938051167776,0.972132808463884,1.0478957256516492,1.1552981448847697,1.3075459471038084,1.5233590273425848,1.8292729643605736,2.2629016435877065,2.877562002342229,3.7488295475562246,4.983830684563467,6.73441438658646,9.215822710242485,12.733155770432916,17.71888515495724,24.786028216887946,34.80352125825937,49.003059070347234,69.1305372224676,97.66071759484375,138.10151122649785,195.4252913915723,276.6802687421389,391.85709977780436,555.1172819612767,786.5343720570746,1114.5621181388503,1579.53297294085,2238.6171461423346,3172.8519328533425,4497.105605126424,6374.200970736527,9034.935152839767,12806.457110388257,18152.492040125322,25730.358427132393,36471.78824082627,51697.48747462919,73279.52275104048,103871.50013872712,147234.83767861378,208701.24825968023,295828.2971461888,419328.63783487456,594387.1798737532,842528.1402134884,1194261.5402589259,1692834.5470617078,2399548.9025374176,3401298.2419936582,4821252.048401865,6833999.881535166,9687017.931488404,13731097.303660912,19463475.32654098,27588973.06610254,39106656.172851786,55432674.39344664
572236765.935022,0.7410097745596699,0.7410097745490659,0.7410097745341372,0.7410097745131814,0.7410097744838896,0.7410097744431975,0.7410097743871824,0.7410097743111272,0.7410097742113674,0.7410097742180421,0.7410097742546354,0.7410097743610181,0.7410097746213429,0.7410097752104221,0.7410097764876425,0.7410097802074331,0.7410097910208062,0.7410098143368586,0.7410098618231672,0.7410099679508012,0.741010175977696,0.741010578771747,0.7410114518210468,0.7410131362360066,0.7410164115726801,0.7410231293363226,0.7410366125111565,0.7410639559579403,0.7411192603348135,0.7412297993979542,0.741444688342431,0.7418442517747753,0.7425475030448395,0.7437172672979067,0.7455665879664027,0.7483742257836068,0.7525167151021198,0.7585194537906583,0.7671276955000716,0.7794027886616273,0.7968551368655697,0.8216310156226202,0.8567769174127857,0.9066143107884006,0.9772710609273465,1.0774349165675092,1.2194217264725988,1.4206897274044583,1.7059860889256564,2.1103896464774303,2.683623954248337,3.4961709829456344,4.647937176723169,6.280537396229025,8.594707103854509,11.874983687891099,16.524691598552486,23.115532871011577,32.457880408773924,45.70041689652185,64.47137038550817,91.07871208796806,128.79393157946222,182.25428081740841,258.0329446454669,365.4472427527314,517.7042350698017,733.524587819118,1039.4443616855403,1473.077737077036,2087.7418428824994,2959.0123317439147,4194.0157386281835,5944.601159015144,8426.010762411206,11943.344762864472,16929.074830891852,23996.21838564848,34013.71178021058,48213.249844292426,68340.72817562528,96870.90867515757,137311.70239688252,194635.48262568316,275890.4600212987,391067.2910887848,554327.4732947396,785744.5634063926,1113772.309499381,1578743.164309285,2237827.3375163474,3172062.124231291,4496315.79650715,6373411.162119211,9034145.344223835,12805667.301773299,18151702.23151105,25729568.61851819,36470998.43221283,51696697.66601598
613590727.3413188,0.6910681958275269,0.6910681958176377,0.6910681958037151,0.6910681957841717,0.6910681957568539,0.6910681957189045,0.6910681956666647,0.6910681955957353,0.6910681955026989,0.6910681955089238,0.6910681955430508,0.6910681956422637,0.6910681958850434,0.6910681964344205,0.6910681976255607,0.6910682010946498,0.6910682111792379,0.6910682329238662,0.6910682772097566,0.6910683761847433,0.6910685701913216,0.6910689458384017,0.6910697600471007,0.6910713309381298,0.6910743855280735,0.6910806505369302,0.6910932249909069,0.6911187255808927,0.6911703026278619,0.6912733917281083,0.6914737978769356,0.691846432071232,0.6925022865593937,0.6935932126168686,0.6953178952617685,0.6979363076869288,0.7017996070898018,0.7073977812811983,0.715425856310177,0.726873649275947,0.7431497676219151,0.7662558350727132,0.7990330207114503,0.8455115405734843,0.9114062622329566,1.0048194092396998,1.1372367833704577,1.3249399946600042,1.5910083362682783,1.9681564475325426,2.502756681507975,3.260540759971089,4.3346817671149624,5.8572501959484,8.015452610535686,11.074649531510856,15.410982691023044,21.557623320494436,30.270327901957785,42.62036175165465,60.126215799672494,84.94031172305202,120.11365164925465,169.97095227410898,240.64238778249455,340.81732170044114,482.81270232171323,684.0874856212425,969.3892906068252,1373.7972278172008,1947.035030100356,2759.5848040530896,3911.353114725535,5543.954936783378,7858.125837898707,11138.40329882756,15788.111846926187,22378.95357899639,31721.301446145524,44963.8381689039,63734.791825024375,90342.13364607049,128057.35322156506,181517.7025189425,257296.36638901386,364710.6645259543,516967.6568639917,732788.0096280945,1038707.7835049742,1472341.1589038416,2087005.2647145062,2958275.7535795923,4193279.1604664503,5943864.580855237,8425274.18425259,11942608.184706766,16928338.252734784,23995481.807491478,34012975.20205429,48212513.26613634
657933224.6575682,0.6444925123533014,0.6444925123440786,0.6444925123310944,0.6444925123128681,0.6444925122873916,0.6444925122519998,0.6444925122032806,0.6444925121371318,0.6444925120503656,0.644492512056171,0.644492512087998,0.6444925121805243,0.6444925124069414,0.6444925129192924,0.6444925140301537,0.6444925172654378,0.6444925266703584,0.6444925469494717,0.6444925882506412,0.6444926805550449,0.6444928614862292,0.6444932118159533,0.6444939711497112,0.6444954361679424,0.6444982848887473,0.6445041276569753,0.6445158546348392,0.6445396365704075,0.6445877374970334,0.6446838787369503,0.6448707781820826,0.6452182980788466,0.6458299501695746,0.6468473514619777,0.6484557962689227,0.6508977364601479,0.6545006624132793,0.6597215384006109,0.667208548041666,0.6778847980759692,0.6930639605196866,0.7146127563576103,0.7451808693857094,0.7885268925672205,0.8499805305287826,0.9370979440701658,1.0605908303699985,1.2356434734393582,1.4837796993229027,1.8355092901586414,2.3340792576086833,3.0407912253982015,4.042538723685093,5.4624911362738855,7.475237931369438,10.328255218645731,14.372334036407489,20.104711659540907,28.23020911261841,39.74789201496678,56.07391009019742,79.21561899822247,112.01839353446029,158.5154789637624,224.42389624792455,317.84737489360714,450.2727421029625,637.9822786512988,904.0556968526773,1281.2078926012136,1815.8113855704667,2573.598024267991,3647.741005635148,5170.31092901394,7328.514456653855,10387.7121954217,14724.045949410005,20870.687007516284,29583.3918961669,41933.425965035334,59439.28016892314,84253.37620289666,119426.7162074385,169284.0168877188,239955.45243528605,340130.38638090895,482125.76702173566,683400.5503350556,968702.3553303918,1373110.292547644,1946348.0948356532,2758897.868791813,3910666.1794666774,5543268.001526232,7857438.902642772,11137716.363572488,15787424.911671732,22378266.643742017,31720614.51089186,44963151.2336505
705480231.071863,0.6010558740618651,0.6010558740532639,0.6010558740411548,0.6010558740241569,0.6010558740003973,0.6010558739673908,0.6010558739219553,0.6010558738602646,0.6010558737793461,0.6010558737847603,0.6010558738144423,0.6010558739007326,0.60105587411189,0.6010558745897102,0.6010558756257032,0.60105587864294,0.6010558874140003,0.6010559063263693,0.6010559448439781,0.6010560309273741,0.601056199664402,0.6010565263830754,0.6010572345402793,0.601058600821185,0.601061257547742,0.6010667065329465,0.6010776431517512,0.6010998222644575,0.601144681349617,0.601234342991737,0.601408646039798,0.6017327442586287,0.6023031730455697,0.6032520048959882,0.604752045906222,0.6070294075014473,0.61038950830391,0.6152585147233577,0.6222409249727526,0.632197631486906,0.6463537691848008,0.6664502483045518,0.6949581728224615,0.7353828191156165,0.7926946875567192,0.8739406789972228,0.989110558076716,1.1523652388839547,1.3837779136259198,1.711802107237196,2.176770127536564,2.835852073979496,3.770085143613745,5.0943375160089595,6.97143191354355,9.63216538437311,13.403686824877271,18.749721381809987,26.32758750164116,37.06901712471091,52.29471622294698,73.87675140316841,104.46872872271953,147.83206621440175,209.29847676138735,296.42552562382417,419.9258662955087,594.9844083223853,843.1253686536502,1194.8587686930912,1693.4317754916776,2400.146130964376,3401.895470418509,4821.8492768253,6834.597109957462,9687.61515990994,13731.694532082116,19464.072554961862,27589.57029452323,39107.25340127175,55433.271621867236,78574.98063303262,111377.75524232985,157874.84072332244,223783.25804402554,317206.7367155191,449632.10394311114,637341.6405043086,903415.0587147833,1280567.2544697328,1815170.7474435125,2572957.386144232,3647100.3675136464,5169670.290894032,7327873.81853508,10387071.557303732,14723405.31129261,20870046.369398966,29582751.25805024,41932785.32691892
756463327.5546291,0.5605467198139132,0.5605467198058918,0.5605467197945988,0.5605467197787465,0.5605467197565882,0.5605467197258063,0.5605467196834328,0.5605467196259,0.5605467195504352,0.5605467195554844,0.5605467195831659,0.5605467196636406,0.5605467198605667,0.5605467203061835,0.5605467212723539,0.5605467240862391,0.5605467322661593,0.5605467499038979,0.5605467858255488,0.5605468661072119,0.5605470234719291,0.5605473281708573,0.5605479886006357,0.5605492627987811,0.56055174047086,0.5605568222126989,0.5605670217399996,0.5605877060547405,0.5606295417876983,0.5607131605352265,0.5608757161412202,0.5611779712248205,0.5617099550206802,0.5625948387800099,0.5639937820466161,0.5661176570923864,0.5692512983466282,0.573792150029401,0.5803039691972984,0.5895896270163318,0.6027916884123282,0.6215337320999766,0.6481203179180735,0.68582047834764,0.7392697186719431,0.815040002210202,0.9224478168998729,1.0746996786150553,1.2905159135906095,1.5964323744111544,2.0300631063360086,2.644725135458993,3.5159940229688766,4.750996217582696,6.501580735139191,8.98298967519904,12.500323193455037,17.486052913803825,24.553196219391328,34.570689436176714,48.77022737382847,68.89770561545434,97.42788605144321,137.8686797282126,195.19245992522931,276.4474372983955,391.6242683500261,554.8844505447879,786.3015406485413,1114.3292867359378,1579.3001415419292,2238.384314746184,3172.6191014591614,4496.872773733699,6373.968139344698,9034.702321448613,12806.224278997768,18152.25920873522,25730.125595742178,36471.55540943615,51697.254643239896,73279.28991965027,103871.2673073367,147234.6048472255,208701.015428289,295828.0643147969,419328.4050034884,594386.9470423589,842527.9073821061,1194261.3074275262,1692834.3142303324,2399548.6697060075,3401298.009162241,4821251.815570514,6833999.648703722,9687017.698656939,13731097.070829635,19463475.093709428,27588972.83327138,39106655.94002008
811130830.789689,0.522767746982865,0.5227677469753841,0.5227677469648522,0.5227677469500683,0.5227677469294034,0.522767746900696,0.5227677468611784,0.5227677468075231,0.5227677467371444,0.5227677467418533,0.5227677467676692,0.5227677468427202,0.5227677470263741,0.5227677474419578,0.5227677483430117,0.5227677509672503,0.5227677585958713,0.5227677750448853,0.5227678085455372,0.522767883416485,0.5227680301753468,0.522768314338587,0.5227689302576088,0.5227701185790639,0.522772429264337,0.522777168513784,0.5227866806270813,0.5228059708882365,0.5228449870328123,0.5229229701566194,0.5230745700588237,0.5233564541614019,0.5238525840299082,0.5246778295854616,0.5259824887579982,0.5279632217340455,0.5308856660556827,0.5351204795327369,0.5411934238830163,0.5498532594430592,0.5621655460867232,0.5796444387572556,0.6044391776734105,0.6395984734680586,0.6894454138828691,0.7601090339049399,0.8602779213659393,1.0022685171707193,1.203539460220656,1.488838175448565,1.8932436473531034,2.466479512915229,3.2790277934421637,4.430794973547131,6.063395953622261,8.377566236108015,11.657843247338082,16.307551471190493,22.89839297088473,32.240740672238715,45.48327727708797,64.2542308495474,90.86157261133272,128.57679214490153,182.03714141263723,257.81580526177214,365.2301033839259,517.4870957115245,733.3074484682602,1039.2272223399245,1472.8605977351426,2087.524703543189,2958.7951924064414,4193.798599292068,5944.384019679863,8425.793623076552,11943.127623530443,16928.85769155818,23996.00124631471,34013.49464087688,48213.03270495951,68340.5110362915,96870.6915358236,137311.48525755052,194635.26548634842,275890.24288196344,391067.0739494548,554327.2561554019,785744.346267066,1113772.0923600388,1578742.947169965,2237827.120376996,3172061.907091932,4496315.579367853,6373410.944979827,9034145.12708443,12805667.08463407,18151702.01437157,25729568.401379064,36470998.215073206
869749002.6177834,0.4875349504788212,0.48753495047184453,0.48753495046202244,0.48753495044823497,0.48753495042896283,0.48753495040219025,0.487534950365336,0.4875349503152968,0.4875349502496614,0.487534950254053,0.48753495027812893,0.4875349503481217,0.48753495051939794,0.4875349509069727,0.48753495174729855,0.48753495419467224,0.4875349613091498,0.4875349766495553,0.48753500789237547,0.48753507771727184,0.4875352145850776,0.48753547959666643,0.4875360540048076,0.48753716223737376,0.4875393171901931,0.48754373703008896,0.48755260805878603,0.48757059822090165,0.4876069848079156,0.48767971213017836,0.48782109470636137,0.4880839807638588,0.48854667313971667,0.48931629990682635,0.49053302941767585,0.4923802676204195,0.4951057489758582,0.4990551501979851,0.5047187984244913,0.5127949900512455,0.5242774697829122,0.5405783435872633,0.5637020000855651,0.5964916770177111,0.6429791004804519,0.7088802290159193,0.802298068715616,0.9347189735890967,1.1224249287078103,1.3884954653908412,1.7656453619869026,2.3002470487636417,3.0580322946872682,4.132174221683411,5.654743359826307,7.812946310530212,10.872143629907464,15.208477081502663,21.355117922894337,30.067822656923845,42.41785661582984,59.923710741695075,84.73780672040179,119.91114668584353,169.76844733847986,240.43988286652174,340.6148167983544,482.61019742944603,683.8849807358953,969.1867857263679,1373.594722940217,1946.832525225784,2759.382299180234,3911.1506098539503,5543.75243191258,7857.923333028502,11138.200793957953,15787.909342056935,22378.751074127063,31721.098941276316,44963.63566403547,63734.58932015522,90341.93114120128,128057.1507166978,181517.500014073,257296.1638841441,364710.46202109003,516967.454359121,732787.8071232348,1038707.581000101,1472340.956398991,2087005.0622096292,2958275.5510747116,4193278.9579616324,5943864.378350345,8425273.981747689,11942607.982202044,16928338.050229847,23995481.604986906,34012974.999549285
932603346.883218,0.4546767265390944,0.45467672653258795,0.45467672652342783,0.45467672651056956,0.4546767264925964,0.45467672646762813,0.45467672643325774,0.454676726386591,0.45467672632537925,0.45467672632947487,0.4546767263519282,0.45467672641720364,0.4546767265769364,0.45467672693838995,0.4546767277220807,0.4546767300045096,0.45467673663949504,0.4546767509460086,0.45467678008316725,0.4546768452020994,0.45467697284547304,0.4546772199961678,0.4546777556911227,0.45467878923252303,0.45468079894873475,0.4546849209062144,0.4546931940572675,0.45470997174266753,0.45474390599549835,0.45481173173965045,0.45494358560338966,0.4551887540204608,0.45562026247876314,0.45633801897762055,0.4574727449916904,0.4591954855220596,0.46173727855600954,0.4654205033539498,0.47070244064555866,0.47823432398674,0.4889429230150111,0.50414517248207,0.5257103719245642,0.5562901343747031,0.5996444610840328,0.661104074119591,0.7482258640821287,0.8717220431644414,1.0467772451380652,1.294915518155675,1.646646773997823,2.145218096335225,2.851931152902325,3.85367950904652,5.273632583139687,7.286379878219394,10.139397537046799,14.183476627206158,19.915854447977132,28.041352043338343,39.55903504753551,55.88505319536688,79.02676215499027,111.82953672782261,158.3266221830343,224.23503948552795,317.6585181441607,450.08388536267375,637.7934219174637,903.8668401234027,1281.0190358751781,1815.62252884668,2573.409167545805,3647.552148914148,5170.122072293671,7328.325599934143,10387.523338702544,14723.857092691182,20870.498150797393,29583.20303944811,41933.23710831728,59439.09131220439,84253.18734617787,119426.52735072152,169283.82803099972,239955.26357856672,340130.19752419466,482125.5781650154,683400.3614783457,968702.1664736695,1373110.1036909425,1946347.9059789265,2758897.6799350833,3910665.9906100067,5543267.812669492,7857438.713786023,11137716.174715906,15787424.722814946,22378266.45488557,31720614.322035003
1000000000.0,0.42403303692026517,0.4240330369141972,0.4240330369056545,0.4240330368936628,0.4240330368769009,0.4240330368536155,0.42403303682156157,0.42403303677804,0.4240330367209537,0.42403303672477327,0.4240330367457133,0.42403303680658944,0.4240330369555568,0.4240330372926495,0.42403303802352205,0.42403304015212295,0.42403304633993266,0.42403305968223504,0.42403308685564667,0.4240331475857807,0.42403326662641827,0.42403349711998334,0.4240339967108912,0.4240349605950603,0.4240368348631256,0.42404067901446674,0.4240483945828283,0.4240640415083852,0.4240956887061493,0.42415894322215036,0.42428191057677306,0.42451055546308364,0.4249129816955048,0.4255823638085864,0.4266406130871034,0.42824724667153713,0.4306177313620833,0.43405271913596566,0.43897867153214737,0.446002931144467,0.455989806438663,0.47016747517179575,0.4902792523480699,0.5187980411559633,0.5592304313469526,0.6165478721620617,0.697797945067581,0.8129708950070351,0.9762279622569545,1.2076425461629992,1.5356682925648237,2.000637576436677,2.659720538277223,3.5939544079520616,4.918207397268463,6.795302261089943,9.456036078429303,13.227557772972357,18.573592514222497,26.1514587667479,36.89288848480214,52.118587650745845,73.70062287908796,104.29260023276713,147.6559377486125,209.12234831269396,296.2493971872077,419.7497378674322,594.808279900327,842.9492402358438,1194.6826402783042,1693.255647078986,2399.970002553174,3401.7193420084086,4821.673148415877,6834.420981548548,9687.439031501532,13731.518403674005,19463.89642655366,27589.394166115097,39107.07727286425,55433.095493459026,78574.80450462428,111377.5791139231,157874.6645949135,223783.08191561606,317206.5605871141,449631.92781469994,637341.4643759062,903414.8825863685,1280567.0783413358,1815170.57131509,2572957.2100158036,3647100.191385268,5169670.114765584,7327873.642406612,10387071.381175408,14723405.13516408,20870046.19327073,29582751.08192159
