,0.0001,0.00010722672220103231,0.00011497569953977356,0.0001232846739442066,0.00013219411484660288,0.00014174741629268049,0.0001519911082952933,0.00016297508346206434,0.0001747528400007683,0.0001873817422860383,0.00020092330025650479,0.00021544346900318845,0.00023101297000831605,0.0002477076355991711,0.00026560877829466864,0.0002848035868435802,0.0003053855508833416,0.00032745491628777284,0.0003511191734215131,0.00037649358067924675,0.0004037017258596554,0.0004328761281083057,0.0004641588833612782,0.0004977023564332114,0.0005336699231206312,0.0005722367659350221,0.0006135907273413176,0.0006579332246575682,0.0007054802310718645,0.000756463327554629,0.0008111308307896872,0.0008697490026177834,0.0009326033468832199,0.001,0.0010722672220103231,0.0011497569953977356,0.0012328467394420659,0.0013219411484660286,0.0014174741629268048,0.0015199110829529332,0.0016297508346206436,0.001747528400007683,0.001873817422860383,0.002009233002565046,0.0021544346900318843,0.0023101297000831605,0.0024770763559917113,0.0026560877829466868,0.002848035868435802,0.0030538555088334154,0.0032745491628777285,0.003511191734215131,0.0037649358067924675,0.004037017258596558,0.004328761281083062,0.004641588833612782,0.004977023564332114,0.005336699231206312,0.00572236765935022,0.006135907273413176,0.006579332246575682,0.007054802310718645,0.007564633275546291,0.008111308307896872,0.008697490026177835,0.0093260334688322,0.01,0.010722672220103232,0.011497569953977356,0.012328467394420659,0.013219411484660288,0.014174741629268049,0.01519911082952933,0.01629750834620645,0.01747528400007685,0.018738174228603847,0.02009233002565048,0.021544346900318846,0.023101297000831605,0.024770763559917114,0.026560877829466867,0.02848035868435802,0.030538555088334154,0.03274549162877728,0.03511191734215131,0.037649358067924674,0.040370172585965536,0.04328761281083057,0.04641588833612782,0.049770235643321135,0.05336699231206313,0.0572236765935022,0.061359072734131756,0.06579332246575682,0.07054802310718646,0.07564633275546291,0.08111308307896872,0.08697490026177834,0.093260334688322,0.1
0.0,10.600825918447459,10.600825918447459,10.600825918447459,10.600825918447459,10.600825918447459,10.600825918447459,10.600825918447459,10.600825918447459,10.600825918447459,10.600825918447459,10.600825918447459,10.600825918447459,10.600825918447459,10.600825918447459,10.600825918447459,10.600825918447459,10.600825918447459,10.600825918447459,10.600825918447459,10.600825918447459,10.600825918447459,10.600825918447459,10.600825918447459,10.600825918447459,10.600825918447459,10.600825918447459,10.600825918447459,10.600825918447459,10.600825918447459,10.600825918447459,10.600825918447459,10.600825918447459,10.600825918447459,10.600825918447459,10.600825918447459,10.600825918447459,10.600825918447459,10.600825918447459,10.600825918447459,10.600825918447459,10.600825918447459,10.600825918447459,10.600825918447459,10.600825918447459,10.600825918447459,10.600825918447459,10.600825918447459,10.600825918447459,10.600825918447459,10.600825918447459,10.600825918447459,10.600825918447459,10.600825918447459,10.600825918447459,10.600825918447459,10.600825918447459,10.600825918447459,10.600825918447459,10.600825918447459,10.600825918447459,10.600825918447459,10.600825918447459,10.600825918447459,10.600825918447459,10.600825918447459,10.600825918447459,10.600825918447459,10.600825918447459,10.600825918447459,10.600825918447459,10.600825918447459,10.600825918447459,10.600825918447459,10.600825918447459,10.600825918447459,10.600825918447459,10.600825918447459,10.600825918447459,10.600825918447459,10.600825918447459,10.600825918447459,10.600825918447459,10.600825918447459,10.600825918447459,10.600825918447459,10.600825918447459,10.600825918447459,10.600825918447459,10.600825918447459,10.600825918447459,10.600825918447459,10.600825918447459,10.600825918447459,10.600825918447459,10.600825918447459,10.600825918447459,10.600825918447459,10.600825918447459,10.600825918447459,10.600825918447459
0.00909090909090909,10.600825918447459,10.600825918447459,10.600825918447459,10.600825918447459,10.600825918447459,10.600825918447459,10.600825918447459,10.600825918447459,10.600825918447459,10.600825918447459,10.600825918447459,10.600825918447459,10.600825918447459,10.600825918447459,10.600825918447459,10.600825918447459,10.600825918447459,10.600825918447459,10.600825918447459,10.600825918447459,10.600825918447459,10.600825918447459,10.600825918447459,10.600825918447459,10.600825918447459,10.600825918447459,10.600825918447459,10.600825918447459,10.600825918447459,10.600825918447459,10.600825918447459,10.600825918447459,10.600825918447459,10.600825918447459,10.600825918447459,10.600825918447459,10.600825918447459,10.600825918447459,10.600825918447459,10.600825918447459,10.600825918447459,10.600825918447459,10.600825918447459,10.600825918447459,10.600825918447459,10.600825918447459,10.600825918447459,10.600825918447459,10.600825918447459,10.600825918447459,10.600825918447459,10.600825918447459,10.600825918447459,10.600825918447459,10.600825918447459,10.600825918447459,10.600825918447459,10.600825918447459,10.600825918447459,10.600825918447459,10.600825918447459,10.600825918447459,10.600825918447459,10.600825918447459,10.600825918447459,10.600825918447459,10.600825918447459,10.600825918447459,10.600825918447459,10.600825918447459,10.600825918447459,10.600825918447459,10.600825918447459,10.600825918447459,10.600825918447459,10.600825918447459,10.600825918447459,10.600825918447459,10.600825918447459,10.600825918447459,10.600825918447459,10.600825918447459,10.600825918447459,10.600825918447459,10.600825918447459,10.600825918447459,10.600825918447459,10.600825918447459,10.600825918447459,10.600825918447459,10.600825918447459,10.600825918447459,10.600825918447459,10.600825918447459,10.600825918447459,10.600825918447459,10.600825918447459,10.600825918447459,10.600825918447459,10.600825918447459
0.01818181818181818,10.600825918447459,10.600825918447459,10.600825918447459,10.600825918447459,10.600825918447459,10.600825918447459,10.600825918447459,10.600825918447459,10.600825918447459,10.600825918447459,10.600825918447459,10.600825918447459,10.600825918447459,10.600825918447459,10.600825918447459,10.600825918447459,10.600825918447459,10.600825918447459,10.600825918447459,10.600825918447459,10.600825918447459,10.600825918447459,10.600825918447459,10.600825918447459,10.600825918447459,10.600825918447459,10.600825918447459,10.600825918447459,10.600825918447459,10.600825918447459,10.600825918447459,10.600825918447459,10.600825918447459,10.600825918447459,10.600825918447459,10.600825918447459,10.600825918447459,10.600825918447459,10.600825918447459,10.600825918447459,10.600825918447459,10.600825918447459,10.600825918447459,10.600825918447459,10.600825918447459,10.600825918447459,10.600825918447459,10.600825918447459,10.600825918447459,10.600825918447459,10.600825918447459,10.600825918447459,10.600825918447459,10.600825918447459,10.600825918447459,10.600825918447459,10.600825918447459,10.600825918447459,10.600825918447459,10.600825918447459,10.600825918447459,10.600825918447459,10.600825918447459,10.600825918447459,10.600825918447459,10.600825918447459,10.600825918447459,10.600825918447459,10.600825918447459,10.600825918447459,10.600825918447459,10.600825918447459,10.600825918447459,10.600825918447459,10.600825918447459,10.600825918447459,10.600825918447459,10.600825918447459,10.600825918447459,10.600825918447459,10.600825918447459,10.600825918447459,10.600825918447459,10.600825918447459,10.600825918447459,10.600825918447459,10.600825918447459,10.600825918447459,10.600825918447459,10.600825918447459,10.600825918447459,10.600825918447459,10.600825918447459,10.600825918447459,10.600825918447459,10.600825918447459,10.600825918447459,10.600825918447459,10.600825918447459,10.600825918447459
0.02727272727272727,10.600825918447459,10.600825918447459,10.600825918447459,10.600825918447459,10.600825918447459,10.600825918447459,10.600825918447459,10.600825918447459,10.600825918447459,10.600825918447459,10.600825918447459,10.600825918447459,10.600825918447459,10.600825918447459,10.600825918447459,10.600825918447459,10.600825918447459,10.600825918447459,10.600825918447459,10.600825918447459,10.600825918447459,10.600825918447459,10.600825918447459,10.600825918447459,10.600825918447459,10.600825918447459,10.600825918447459,10.600825918447459,10.600825918447459,10.600825918447459,10.600825918447459,10.600825918447459,10.600825918447459,10.600825918447459,10.600825918447459,10.600825918447459,10.600825918447459,10.600825918447459,10.600825918447459,10.600825918447459,10.600825918447459,10.600825918447459,10.600825918447459,10.600825918447459,10.600825918447459,10.600825918447459,10.600825918447459,10.600825918447459,10.600825918447459,10.600825918447459,10.600825918447459,10.600825918447459,10.600825918447459,10.600825918447459,10.600825918447459,10.600825918447459,10.600825918447459,10.600825918447459,10.600825918447459,10.600825918447459,10.600825918447459,10.600825918447459,10.600825918447459,10.600825918447459,10.600825918447459,10.600825918447459,10.600825918447459,10.600825918447459,10.600825918447459,10.600825918447459,10.600825918447459,10.600825918447459,10.600825918447459,10.600825918447459,10.600825918447459,10.600825918447459,10.600825918447459,10.600825918447459,10.600825918447459,10.600825918447459,10.600825918447459,10.600825918447459,10.600825918447459,10.600825918447459,10.600825918447459,10.600825918447459,10.600825918447459,10.600825918447459,10.600825918447459,10.600825918447459,10.600825918447459,10.600825918447459,10.600825918447459,10.600825918447459,10.600825918447459,10.600825918447459,10.600825918447459,10.600825918447459,10.600825918447459,10.600825918447459
0.03636363636363636,10.600825918447459,10.600825918447459,10.600825918447459,10.600825918447459,10.600825918447459,10.600825918447459,10.600825918447459,10.600825918447459,10.600825918447459,10.600825918447459,10.600825918447459,10.600825918447459,10.600825918447459,10.600825918447459,10.600825918447459,10.600825918447459,10.600825918447459,10.600825918447459,10.600825918447459,10.600825918447459,10.600825918447459,10.600825918447459,10.600825918447459,10.600825918447459,10.600825918447459,10.600825918447459,10.600825918447459,10.600825918447459,10.600825918447459,10.600825918447459,10.600825918447459,10.600825918447459,10.600825918447459,10.600825918447459,10.600825918447459,10.600825918447459,10.600825918447459,10.600825918447459,10.600825918447459,10.600825918447459,10.600825918447459,10.600825918447459,10.600825918447459,10.600825918447459,10.600825918447459,10.600825918447459,10.600825918447459,10.600825918447459,10.600825918447459,10.600825918447459,10.600825918447459,10.600825918447459,10.600825918447459,10.600825918447459,10.600825918447459,10.600825918447459,10.600825918447459,10.600825918447459,10.600825918447459,10.600825918447459,10.600825918447459,10.600825918447459,10.600825918447459,10.600825918447459,10.600825918447459,10.600825918447459,10.600825918447459,10.600825918447459,10.600825918447459,10.600825918447459,10.600825918447459,10.600825918447459,10.600825918447459,10.600825918447459,10.600825918447459,10.600825918447459,10.600825918447459,10.600825918447459,10.600825918447459,10.600825918447459,10.600825918447459,10.600825918447459,10.600825918447459,10.600825918447459,10.600825918447459,10.600825918447459,10.600825918447459,10.600825918447459,10.600825918447459,10.600825918447459,10.600825918447459,10.600825918447459,10.600825918447459,10.600825918447459,10.600825918447459,10.600825918447459,10.600825918447459,10.600825918447459,10.600825918447459,10.600825918447459
0.045454545454545456,10.600825918447459,10.600825918447459,10.600825918447459,10.600825918447459,10.600825918447459,10.600825918447459,10.600825918447459,10.600825918447459,10.600825918447459,10.600825918447459,10.600825918447459,10.600825918447459,10.600825918447459,10.600825918447459,10.600825918447459,10.600825918447459,10.600825918447459,10.600825918447459,10.600825918447459,10.600825918447459,10.600825918447459,10.600825918447459,10.600825918447459,10.600825918447459,10.600825918447459,10.600825918447459,10.600825918447459,10.600825918447459,10.600825918447459,10.600825918447459,10.600825918447459,10.600825918447459,10.600825918447459,10.600825918447459,10.600825918447459,10.600825918447459,10.600825918447459,10.600825918447459,10.600825918447459,10.600825918447459,10.600825918447459,10.600825918447459,10.600825918447459,10.600825918447459,10.600825918447459,10.600825918447459,10.600825918447459,10.600825918447459,10.600825918447459,10.600825918447459,10.600825918447459,10.600825918447459,10.600825918447459,10.600825918447459,10.600825918447459,10.600825918447459,10.600825918447459,10.600825918447459,10.600825918447459,10.600825918447459,10.600825918447459,10.600825918447459,10.600825918447459,10.600825918447459,10.600825918447459,10.600825918447459,10.600825918447459,10.600825918447459,10.600825918447459,10.600825918447459,10.600825918447459,10.600825918447459,10.600825918447459,10.600825918447459,10.600825918447459,10.600825918447459,10.600825918447459,10.600825918447459,10.600825918447459,10.600825918447459,10.600825918447459,10.600825918447459,10.600825918447459,10.600825918447459,10.600825918447459,10.600825918447459,10.600825918447459,10.600825918447459,10.600825918447459,10.600825918447459,10.600825918447459,10.600825918447459,10.600825918447459,10.600825918447459,10.600825918447459,10.600825918447459,10.600825918447459,10.600825918447459,10.600825918447459,10.600825918447459
0.05454545454545454,10.600825918447459,10.600825918447459,10.600825918447459,10.600825918447459,10.600825918447459,10.600825918447459,10.600825918447459,10.600825918447459,10.600825918447459,10.600825918447459,10.600825918447459,10.600825918447459,10.600825918447459,10.600825918447459,10.600825918447459,10.600825918447459,10.600825918447459,10.600825918447459,10.600825918447459,10.600825918447459,10.600825918447459,10.600825918447459,10.600825918447459,10.600825918447459,10.600825918447459,10.600825918447459,10.600825918447459,10.600825918447459,10.600825918447459,10.600825918447459,10.600825918447459,10.600825918447459,10.600825918447459,10.600825918447459,10.600825918447459,10.600825918447459,10.600825918447459,10.600825918447459,10.600825918447459,10.600825918447459,10.600825918447459,10.600825918447459,10.600825918447459,10.600825918447459,10.600825918447459,10.600825918447459,10.600825918447459,10.600825918447459,10.600825918447459,10.600825918447459,10.600825918447459,10.600825918447459,10.600825918447459,10.600825918447459,10.600825918447459,10.600825918447459,10.600825918447459,10.600825918447459,10.600825918447459,10.600825918447459,10.600825918447459,10.600825918447459,10.600825918447459,10.600825918447459,10.600825918447459,10.600825918447459,10.600825918447459,10.600825918447459,10.600825918447459,10.600825918447459,10.600825918447459,10.600825918447459,10.600825918447459,10.600825918447459,10.600825918447459,10.600825918447459,10.600825918447459,10.600825918447459,10.600825918447459,10.600825918447459,10.600825918447459,10.600825918447459,10.600825918447459,10.600825918447459,10.600825918447459,10.600825918447459,10.600825918447459,10.600825918447459,10.600825918447459,10.600825918447459,10.600825918447459,10.600825918447459,10.600825918447459,10.600825918447459,10.600825918447459,10.600825918447459,10.600825918447459,10.600825918447459,10.600825918447459,10.600825918447459
0.06363636363636363,10.600825918447459,10.600825918447459,10.600825918447459,10.600825918447459,10.600825918447459,10.600825918447459,10.600825918447459,10.600825918447459,10.600825918447459,10.600825918447459,10.600825918447459,10.600825918447459,10.600825918447459,10.600825918447459,10.600825918447459,10.600825918447459,10.600825918447459,10.600825918447459,10.600825918447459,10.600825918447459,10.600825918447459,10.600825918447459,10.600825918447459,10.600825918447459,10.600825918447459,10.600825918447459,10.600825918447459,10.600825918447459,10.600825918447459,10.600825918447459,10.600825918447459,10.600825918447459,10.600825918447459,10.600825918447459,10.600825918447459,10.600825918447459,10.600825918447459,10.600825918447459,10.600825918447459,10.600825918447459,10.600825918447459,10.600825918447459,10.600825918447459,10.600825918447459,10.600825918447459,10.600825918447459,10.600825918447459,10.600825918447459,10.600825918447459,10.600825918447459,10.600825918447459,10.600825918447459,10.600825918447459,10.600825918447459,10.600825918447459,10.600825918447459,10.600825918447459,10.600825918447459,10.600825918447459,10.600825918447459,10.600825918447459,10.600825918447459,10.600825918447459,10.600825918447459,10.600825918447459,10.600825918447459,10.600825918447459,10.600825918447459,10.600825918447459,10.600825918447459,10.600825918447459,10.600825918447459,10.600825918447459,10.600825918447459,10.600825918447459,10.600825918447459,10.600825918447459,10.600825918447459,10.600825918447459,10.600825918447459,10.600825918447459,10.600825918447459,10.600825918447459,10.600825918447459,10.600825918447459,10.600825918447459,10.600825918447459,10.600825918447459,10.600825918447459,10.600825918447459,10.600825918447459,10.600825918447459,10.600825918447459,10.600825918447459,10.600825918447459,10.600825918447459,10.600825918447459,10.600825918447459,10.600825918447459,10.600825918447459
0.07272727272727272,10.600825918447459,10.600825918447459,10.600825918447459,10.600825918447459,10.600825918447459,10.600825918447459,10.600825918447459,10.600825918447459,10.600825918447459,10.600825918447459,10.600825918447459,10.600825918447459,10.600825918447459,10.600825918447459,10.600825918447459,10.600825918447459,10.600825918447459,10.600825918447459,10.600825918447459,10.600825918447459,10.600825918447459,10.600825918447459,10.600825918447459,10.600825918447459,10.600825918447459,10.600825918447459,10.600825918447459,10.600825918447459,10.600825918447459,10.600825918447459,10.600825918447459,10.600825918447459,10.600825918447459,10.600825918447459,10.600825918447459,10.600825918447459,10.600825918447459,10.600825918447459,10.600825918447459,10.600825918447459,10.600825918447459,10.600825918447459,10.600825918447459,10.600825918447459,10.600825918447459,10.600825918447459,10.600825918447459,10.600825918447459,10.600825918447459,10.600825918447459,10.600825918447459,10.600825918447459,10.600825918447459,10.600825918447459,10.600825918447459,10.600825918447459,10.600825918447459,10.600825918447459,10.600825918447459,10.600825918447459,10.600825918447459,10.600825918447459,10.600825918447459,10.600825918447459,10.600825918447459,10.600825918447459,10.600825918447459,10.600825918447459,10.600825918447459,10.600825918447459,10.600825918447459,10.600825918447459,10.600825918447459,10.600825918447459,10.600825918447459,10.600825918447459,10.600825918447459,10.600825918447459,10.600825918447459,10.600825918447459,10.600825918447459,10.600825918447459,10.600825918447459,10.600825918447459,10.600825918447459,10.600825918447459,10.600825918447459,10.600825918447459,10.600825918447459,10.600825918447459,10.600825918447459,10.600825918447459,10.600825918447459,10.600825918447459,10.600825918447459,10.600825918447459,10.600825918447459,10.600825918447459,10.600825918447459,10.600825918447459
0.08181818181818182,10.600825918447459,10.600825918447459,10.600825918447459,10.600825918447459,10.600825918447459,10.600825918447459,10.600825918447459,10.600825918447459,10.600825918447459,10.600825918447459,10.600825918447459,10.600825918447459,10.600825918447459,10.600825918447459,10.600825918447459,10.600825918447459,10.600825918447459,10.600825918447459,10.600825918447459,10.600825918447459,10.600825918447459,10.600825918447459,10.600825918447459,10.600825918447459,10.600825918447459,10.600825918447459,10.600825918447459,10.600825918447459,10.600825918447459,10.600825918447459,10.600825918447459,10.600825918447459,10.600825918447459,10.600825918447459,10.600825918447459,10.600825918447459,10.600825918447459,10.600825918447459,10.600825918447459,10.600825918447459,10.600825918447459,10.600825918447459,10.600825918447459,10.600825918447459,10.600825918447459,10.600825918447459,10.600825918447459,10.600825918447459,10.600825918447459,10.600825918447459,10.600825918447459,10.600825918447459,10.600825918447459,10.600825918447459,10.600825918447459,10.600825918447459,10.600825918447459,10.600825918447459,10.600825918447459,10.600825918447459,10.600825918447459,10.600825918447459,10.600825918447459,10.600825918447459,10.600825918447459,10.600825918447459,10.600825918447459,10.600825918447459,10.600825918447459,10.600825918447459,10.600825918447459,10.600825918447459,10.600825918447459,10.600825918447459,10.600825918447459,10.600825918447459,10.600825918447459,10.600825918447459,10.600825918447459,10.600825918447459,10.600825918447459,10.600825918447459,10.600825918447459,10.600825918447459,10.600825918447459,10.600825918447459,10.600825918447459,10.600825918447459,10.600825918447459,10.600825918447459,10.600825918447459,10.600825918447459,10.600825918447459,10.600825918447459,10.600825918447459,10.600825918447459,10.600825918447459,10.600825918447459,10.600825918447459,10.600825918447459
0.09090909090909091,10.600825918447459,10.600825918447459,10.600825918447459,10.600825918447459,10.600825918447459,10.600825918447459,10.600825918447459,10.600825918447459,10.600825918447459,10.600825918447459,10.600825918447459,10.600825918447459,10.600825918447459,10.600825918447459,10.600825918447459,10.600825918447459,10.600825918447459,10.600825918447459,10.600825918447459,10.600825918447459,10.600825918447459,10.600825918447459,10.600825918447459,10.600825918447459,10.600825918447459,10.600825918447459,10.600825918447459,10.600825918447459,10.600825918447459,10.600825918447459,10.600825918447459,10.600825918447459,10.600825918447459,10.600825918447459,10.600825918447459,10.600825918447459,10.600825918447459,10.600825918447459,10.600825918447459,10.600825918447459,10.600825918447459,10.600825918447459,10.600825918447459,10.600825918447459,10.600825918447459,10.600825918447459,10.600825918447459,10.600825918447459,10.600825918447459,10.600825918447459,10.600825918447459,10.600825918447459,10.600825918447459,10.600825918447459,10.600825918447459,10.600825918447459,10.600825918447459,10.600825918447459,10.600825918447459,10.600825918447459,10.600825918447459,10.600825918447459,10.600825918447459,10.600825918447459,10.600825918447459,10.600825918447459,10.600825918447459,10.600825918447459,10.600825918447459,10.600825918447459,10.600825918447459,10.600825918447459,10.600825918447459,10.600825918447459,10.600825918447459,10.600825918447459,10.600825918447459,10.600825918447459,10.600825918447459,10.600825918447459,10.600825918447459,10.600825918447459,10.600825918447459,10.600825918447459,10.600825918447459,10.600825918447459,10.600825918447459,10.600825918447459,10.600825918447459,10.600825918447459,10.600825918447459,10.600825918447459,10.600825918447459,10.600825918447459,10.600825918447459,10.600825918447459,10.600825918447459,10.600825918447459,10.600825918447459,10.600825918447459
0.09999999999999999,10.600825918447459,10.600825918447459,10.600825918447459,10.600825918447459,10.600825918447459,10.600825918447459,10.600825918447459,10.600825918447459,10.600825918447459,10.600825918447459,10.600825918447459,10.600825918447459,10.600825918447459,10.600825918447459,10.600825918447459,10.600825918447459,10.600825918447459,10.600825918447459,10.600825918447459,10.600825918447459,10.600825918447459,10.600825918447459,10.600825918447459,10.600825918447459,10.600825918447459,10.600825918447459,10.600825918447459,10.600825918447459,10.600825918447459,10.600825918447459,10.600825918447459,10.600825918447459,10.600825918447459,10.600825918447459,10.600825918447459,10.600825918447459,10.600825918447459,10.600825918447459,10.600825918447459,10.600825918447459,10.600825918447459,10.600825918447459,10.600825918447459,10.600825918447459,10.600825918447459,10.600825918447459,10.600825918447459,10.600825918447459,10.600825918447459,10.600825918447459,10.600825918447459,10.600825918447459,10.600825918447459,10.600825918447459,10.600825918447459,10.600825918447459,10.600825918447459,10.600825918447459,10.600825918447459,10.600825918447459,10.600825918447459,10.600825918447459,10.600825918447459,10.600825918447459,10.600825918447459,10.600825918447459,10.600825918447459,10.600825918447459,10.600825918447459,10.600825918447459,10.600825918447459,10.600825918447459,10.600825918447459,10.600825918447459,10.600825918447459,10.600825918447459,10.600825918447459,10.600825918447459,10.600825918447459,10.600825918447459,10.600825918447459,10.600825918447459,10.600825918447459,10.600825918447459,10.600825918447459,10.600825918447459,10.600825918447459,10.600825918447459,10.600825918447459,10.600825918447459,10.600825918447459,10.600825918447459,10.600825918447459,10.600825918447459,10.600825918447459,10.600825918447459,10.600825918447459,10.600825918447459,10.600825918447459,10.600825918447459
0.10909090909090909,10.600825918447459,10.600825918447459,10.600825918447459,10.600825918447459,10.600825918447459,10.600825918447459,10.600825918447459,10.600825918447459,10.600825918447459,10.600825918447459,10.600825918447459,10.600825918447459,10.600825918447459,10.600825918447459,10.600825918447459,10.600825918447459,10.600825918447459,10.600825918447459,10.600825918447459,10.600825918447459,10.600825918447459,10.600825918447459,10.600825918447459,10.600825918447459,10.600825918447459,10.600825918447459,10.600825918447459,10.600825918447459,10.600825918447459,10.600825918447459,10.600825918447459,10.600825918447459,10.600825918447459,10.600825918447459,10.600825918447459,10.600825918447459,10.600825918447459,10.600825918447459,10.600825918447459,10.600825918447459,10.600825918447459,10.600825918447459,10.600825918447459,10.600825918447459,10.600825918447459,10.600825918447459,10.600825918447459,10.600825918447459,10.600825918447459,10.600825918447459,10.600825918447459,10.600825918447459,10.600825918447459,10.600825918447459,10.600825918447459,10.600825918447459,10.600825918447459,10.600825918447459,10.600825918447459,10.600825918447459,10.600825918447459,10.600825918447459,10.600825918447459,10.600825918447459,10.600825918447459,10.600825918447459,10.600825918447459,10.600825918447459,10.600825918447459,10.600825918447459,10.600825918447459,10.600825918447459,10.600825918447459,10.600825918447459,10.600825918447459,10.600825918447459,10.600825918447459,10.600825918447459,10.600825918447459,10.600825918447459,10.600825918447459,10.600825918447459,10.600825918447459,10.600825918447459,10.600825918447459,10.600825918447459,10.600825918447459,10.600825918447459,10.600825918447459,10.600825918447459,10.600825918447459,10.600825918447459,10.600825918447459,10.600825918447459,10.600825918447459,10.600825918447459,10.600825918447459,10.600825918447459,10.600825918447459,10.600825918447459
0.11818181818181818,10.600825918447459,10.600825918447459,10.600825918447459,10.600825918447459,10.600825918447459,10.600825918447459,10.600825918447459,10.600825918447459,10.600825918447459,10.600825918447459,10.600825918447459,10.600825918447459,10.600825918447459,10.600825918447459,10.600825918447459,10.600825918447459,10.600825918447459,10.600825918447459,10.600825918447459,10.600825918447459,10.600825918447459,10.600825918447459,10.600825918447459,10.600825918447459,10.600825918447459,10.600825918447459,10.600825918447459,10.600825918447459,10.600825918447459,10.600825918447459,10.600825918447459,10.600825918447459,10.600825918447459,10.600825918447459,10.600825918447459,10.600825918447459,10.600825918447459,10.600825918447459,10.600825918447459,10.600825918447459,10.600825918447459,10.600825918447459,10.600825918447459,10.600825918447459,10.600825918447459,10.600825918447459,10.600825918447459,10.600825918447459,10.600825918447459,10.600825918447459,10.600825918447459,10.600825918447459,10.600825918447459,10.600825918447459,10.600825918447459,10.600825918447459,10.600825918447459,10.600825918447459,10.600825918447459,10.600825918447459,10.600825918447459,10.600825918447459,10.600825918447459,10.600825918447459,10.600825918447459,10.600825918447459,10.600825918447459,10.600825918447459,10.600825918447459,10.600825918447459,10.600825918447459,10.600825918447459,10.600825918447459,10.600825918447459,10.600825918447459,10.600825918447459,10.600825918447459,10.600825918447459,10.600825918447459,10.600825918447459,10.600825918447459,10.600825918447459,10.600825918447459,10.600825918447459,10.600825918447459,10.600825918447459,10.600825918447459,10.600825918447459,10.600825918447459,10.600825918447459,10.600825918447459,10.600825918447459,10.600825918447459,10.600825918447459,10.600825918447459,10.600825918447459,10.600825918447459,10.600825918447459,10.600825918447459,10.600825918447459
0.12727272727272726,10.600825918447459,10.600825918447459,10.600825918447459,10.600825918447459,10.600825918447459,10.600825918447459,10.600825918447459,10.600825918447459,10.600825918447459,10.600825918447459,10.600825918447459,10.600825918447459,10.600825918447459,10.600825918447459,10.600825918447459,10.600825918447459,10.600825918447459,10.600825918447459,10.600825918447459,10.600825918447459,10.600825918447459,10.600825918447459,10.600825918447459,10.600825918447459,10.600825918447459,10.600825918447459,10.600825918447459,10.600825918447459,10.600825918447459,10.600825918447459,10.600825918447459,10.600825918447459,10.600825918447459,10.600825918447459,10.600825918447459,10.600825918447459,10.600825918447459,10.600825918447459,10.600825918447459,10.600825918447459,10.600825918447459,10.600825918447459,10.600825918447459,10.600825918447459,10.600825918447459,10.600825918447459,10.600825918447459,10.600825918447459,10.600825918447459,10.600825918447459,10.600825918447459,10.600825918447459,10.600825918447459,10.600825918447459,10.600825918447459,10.600825918447459,10.600825918447459,10.600825918447459,10.600825918447459,10.600825918447459,10.600825918447459,10.600825918447459,10.600825918447459,10.600825918447459,10.600825918447459,10.600825918447459,10.600825918447459,10.600825918447459,10.600825918447459,10.600825918447459,10.600825918447459,10.600825918447459,10.600825918447459,10.600825918447459,10.600825918447459,10.600825918447459,10.600825918447459,10.600825918447459,10.600825918447459,10.600825918447459,10.600825918447459,10.600825918447459,10.600825918447459,10.600825918447459,10.600825918447459,10.600825918447459,10.600825918447459,10.600825918447459,10.600825918447459,10.600825918447459,10.600825918447459,10.600825918447459,10.600825918447459,10.600825918447459,10.600825918447459,10.600825918447459,10.600825918447459,10.600825918447459,10.600825918447459,10.600825918447459
0.13636363636363635,10.600825918447459,10.600825918447459,10.600825918447459,10.600825918447459,10.600825918447459,10.600825918447459,10.600825918447459,10.600825918447459,10.600825918447459,10.600825918447459,10.600825918447459,10.600825918447459,10.600825918447459,10.600825918447459,10.600825918447459,10.600825918447459,10.600825918447459,10.600825918447459,10.600825918447459,10.600825918447459,10.600825918447459,10.600825918447459,10.600825918447459,10.600825918447459,10.600825918447459,10.600825918447459,10.600825918447459,10.600825918447459,10.600825918447459,10.600825918447459,10.600825918447459,10.600825918447459,10.600825918447459,10.600825918447459,10.600825918447459,10.600825918447459,10.600825918447459,10.600825918447459,10.600825918447459,10.600825918447459,10.600825918447459,10.600825918447459,10.600825918447459,10.600825918447459,10.600825918447459,10.600825918447459,10.600825918447459,10.600825918447459,10.600825918447459,10.600825918447459,10.600825918447459,10.600825918447459,10.600825918447459,10.600825918447459,10.600825918447459,10.600825918447459,10.600825918447459,10.600825918447459,10.600825918447459,10.600825918447459,10.600825918447459,10.600825918447459,10.600825918447459,10.600825918447459,10.600825918447459,10.600825918447459,10.600825918447459,10.600825918447459,10.600825918447459,10.600825918447459,10.600825918447459,10.600825918447459,10.600825918447459,10.600825918447459,10.600825918447459,10.600825918447459,10.600825918447459,10.600825918447459,10.600825918447459,10.600825918447459,10.600825918447459,10.600825918447459,10.600825918447459,10.600825918447459,10.600825918447459,10.600825918447459,10.600825918447459,10.600825918447459,10.600825918447459,10.600825918447459,10.600825918447459,10.600825918447459,10.600825918447459,10.600825918447459,10.600825918447459,10.600825918447459,10.600825918447459,10.600825918447459,10.600825918447459,10.600825918447459
0.14545454545454545,10.600825918447459,10.600825918447459,10.600825918447459,10.600825918447459,10.600825918447459,10.600825918447459,10.600825918447459,10.600825918447459,10.600825918447459,10.600825918447459,10.600825918447459,10.600825918447459,10.600825918447459,10.600825918447459,10.600825918447459,10.600825918447459,10.600825918447459,10.600825918447459,10.600825918447459,10.600825918447459,10.600825918447459,10.600825918447459,10.600825918447459,10.600825918447459,10.600825918447459,10.600825918447459,10.600825918447459,10.600825918447459,10.600825918447459,10.600825918447459,10.600825918447459,10.600825918447459,10.600825918447459,10.600825918447459,10.600825918447459,10.600825918447459,10.600825918447459,10.600825918447459,10.600825918447459,10.600825918447459,10.600825918447459,10.600825918447459,10.600825918447459,10.600825918447459,10.600825918447459,10.600825918447459,10.600825918447459,10.600825918447459,10.600825918447459,10.600825918447459,10.600825918447459,10.600825918447459,10.600825918447459,10.600825918447459,10.600825918447459,10.600825918447459,10.600825918447459,10.600825918447459,10.600825918447459,10.600825918447459,10.600825918447459,10.600825918447459,10.600825918447459,10.600825918447459,10.600825918447459,10.600825918447459,10.600825918447459,10.600825918447459,10.600825918447459,10.600825918447459,10.600825918447459,10.600825918447459,10.600825918447459,10.600825918447459,10.600825918447459,10.600825918447459,10.600825918447459,10.600825918447459,10.600825918447459,10.600825918447459,10.600825918447459,10.600825918447459,10.600825918447459,10.600825918447459,10.600825918447459,10.600825918447459,10.600825918447459,10.600825918447459,10.600825918447459,10.600825918447459,10.600825918447459,10.600825918447459,10.600825918447459,10.600825918447459,10.600825918447459,10.600825918447459,10.600825918447459,10.600825918447459,10.600825918447459,10.600825918447459
0.15454545454545454,10.600825918447459,10.600825918447459,10.600825918447459,10.600825918447459,10.600825918447459,10.600825918447459,10.600825918447459,10.600825918447459,10.600825918447459,10.600825918447459,10.600825918447459,10.600825918447459,10.600825918447459,10.600825918447459,10.600825918447459,10.600825918447459,10.600825918447459,10.600825918447459,10.600825918447459,10.600825918447459,10.600825918447459,10.600825918447459,10.600825918447459,10.600825918447459,10.600825918447459,10.600825918447459,10.600825918447459,10.600825918447459,10.600825918447459,10.600825918447459,10.600825918447459,10.600825918447459,10.600825918447459,10.600825918447459,10.600825918447459,10.600825918447459,10.600825918447459,10.600825918447459,10.600825918447459,10.600825918447459,10.600825918447459,10.600825918447459,10.600825918447459,10.600825918447459,10.600825918447459,10.600825918447459,10.600825918447459,10.600825918447459,10.600825918447459,10.600825918447459,10.600825918447459,10.600825918447459,10.600825918447459,10.600825918447459,10.600825918447459,10.600825918447459,10.600825918447459,10.600825918447459,10.600825918447459,10.600825918447459,10.600825918447459,10.600825918447459,10.600825918447459,10.600825918447459,10.600825918447459,10.600825918447459,10.600825918447459,10.600825918447459,10.600825918447459,10.600825918447459,10.600825918447459,10.600825918447459,10.600825918447459,10.600825918447459,10.600825918447459,10.600825918447459,10.600825918447459,10.600825918447459,10.600825918447459,10.600825918447459,10.600825918447459,10.600825918447459,10.600825918447459,10.600825918447459,10.600825918447459,10.600825918447459,10.600825918447459,10.600825918447459,10.600825918447459,10.600825918447459,10.600825918447459,10.600825918447459,10.600825918447459,10.600825918447459,10.600825918447459,10.600825918447459,10.600825918447459,10.600825918447459,10.600825918447459,10.600825918447459
0.16363636363636364,10.600825918447459,10.600825918447459,10.600825918447459,10.600825918447459,10.600825918447459,10.600825918447459,10.600825918447459,10.600825918447459,10.600825918447459,10.600825918447459,10.600825918447459,10.600825918447459,10.600825918447459,10.600825918447459,10.600825918447459,10.600825918447459,10.600825918447459,10.600825918447459,10.600825918447459,10.600825918447459,10.600825918447459,10.600825918447459,10.600825918447459,10.600825918447459,10.600825918447459,10.600825918447459,10.600825918447459,10.600825918447459,10.600825918447459,10.600825918447459,10.600825918447459,10.600825918447459,10.600825918447459,10.600825918447459,10.600825918447459,10.600825918447459,10.600825918447459,10.600825918447459,10.600825918447459,10.600825918447459,10.600825918447459,10.600825918447459,10.600825918447459,10.600825918447459,10.600825918447459,10.600825918447459,10.600825918447459,10.600825918447459,10.600825918447459,10.600825918447459,10.600825918447459,10.600825918447459,10.600825918447459,10.600825918447459,10.600825918447459,10.600825918447459,10.600825918447459,10.600825918447459,10.600825918447459,10.600825918447459,10.600825918447459,10.600825918447459,10.600825918447459,10.600825918447459,10.600825918447459,10.600825918447459,10.600825918447459,10.600825918447459,10.600825918447459,10.600825918447459,10.600825918447459,10.600825918447459,10.600825918447459,10.600825918447459,10.600825918447459,10.600825918447459,10.600825918447459,10.600825918447459,10.600825918447459,10.600825918447459,10.600825918447459,10.600825918447459,10.600825918447459,10.600825918447459,10.600825918447459,10.600825918447459,10.600825918447459,10.600825918447459,10.600825918447459,10.600825918447459,10.600825918447459,10.600825918447459,10.600825918447459,10.600825918447459,10.600825918447459,10.600825918447459,10.600825918447459,10.600825918447459,10.600825918447459,10.600825918447459
0.17272727272727273,10.600825918447459,10.600825918447459,10.600825918447459,10.600825918447459,10.600825918447459,10.600825918447459,10.600825918447459,10.600825918447459,10.600825918447459,10.600825918447459,10.600825918447459,10.600825918447459,10.600825918447459,10.600825918447459,10.600825918447459,10.600825918447459,10.600825918447459,10.600825918447459,10.600825918447459,10.600825918447459,10.600825918447459,10.600825918447459,10.600825918447459,10.600825918447459,10.600825918447459,10.600825918447459,10.600825918447459,10.600825918447459,10.600825918447459,10.600825918447459,10.600825918447459,10.600825918447459,10.600825918447459,10.600825918447459,10.600825918447459,10.600825918447459,10.600825918447459,10.600825918447459,10.600825918447459,10.600825918447459,10.600825918447459,10.600825918447459,10.600825918447459,10.600825918447459,10.600825918447459,10.600825918447459,10.600825918447459,10.600825918447459,10.600825918447459,10.600825918447459,10.600825918447459,10.600825918447459,10.600825918447459,10.600825918447459,10.600825918447459,10.600825918447459,10.600825918447459,10.600825918447459,10.600825918447459,10.600825918447459,10.600825918447459,10.600825918447459,10.600825918447459,10.600825918447459,10.600825918447459,10.600825918447459,10.600825918447459,10.600825918447459,10.600825918447459,10.600825918447459,10.600825918447459,10.600825918447459,10.600825918447459,10.600825918447459,10.600825918447459,10.600825918447459,10.600825918447459,10.600825918447459,10.600825918447459,10.600825918447459,10.600825918447459,10.600825918447459,10.600825918447459,10.600825918447459,10.600825918447459,10.600825918447459,10.600825918447459,10.600825918447459,10.600825918447459,10.600825918447459,10.600825918447459,10.600825918447459,10.600825918447459,10.600825918447459,10.600825918447459,10.600825918447459,10.600825918447459,10.600825918447459,10.600825918447459,10.600825918447459
0.18181818181818182,10.600825918447459,10.600825918447459,10.600825918447459,10.600825918447459,10.600825918447459,10.600825918447459,10.600825918447459,10.600825918447459,10.600825918447459,10.600825918447459,10.600825918447459,10.600825918447459,10.600825918447459,10.600825918447459,10.600825918447459,10.600825918447459,10.600825918447459,10.600825918447459,10.600825918447459,10.600825918447459,10.600825918447459,10.600825918447459,10.600825918447459,10.600825918447459,10.600825918447459,10.600825918447459,10.600825918447459,10.600825918447459,10.600825918447459,10.600825918447459,10.600825918447459,10.600825918447459,10.600825918447459,10.600825918447459,10.600825918447459,10.600825918447459,10.600825918447459,10.600825918447459,10.600825918447459,10.600825918447459,10.600825918447459,10.600825918447459,10.600825918447459,10.600825918447459,10.600825918447459,10.600825918447459,10.600825918447459,10.600825918447459,10.600825918447459,10.600825918447459,10.600825918447459,10.600825918447459,10.600825918447459,10.600825918447459,10.600825918447459,10.600825918447459,10.600825918447459,10.600825918447459,10.600825918447459,10.600825918447459,10.600825918447459,10.600825918447459,10.600825918447459,10.600825918447459,10.600825918447459,10.600825918447459,10.600825918447459,10.600825918447459,10.600825918447459,10.600825918447459,10.600825918447459,10.600825918447459,10.600825918447459,10.600825918447459,10.600825918447459,10.600825918447459,10.600825918447459,10.600825918447459,10.600825918447459,10.600825918447459,10.600825918447459,10.600825918447459,10.600825918447459,10.600825918447459,10.600825918447459,10.600825918447459,10.600825918447459,10.600825918447459,10.600825918447459,10.600825918447459,10.600825918447459,10.600825918447459,10.600825918447459,10.600825918447459,10.600825918447459,10.600825918447459,10.600825918447459,10.600825918447459,10.600825918447459,10.600825918447459
0.1909090909090909,10.600825918447459,10.600825918447459,10.600825918447459,10.600825918447459,10.600825918447459,10.600825918447459,10.600825918447459,10.600825918447459,10.600825918447459,10.600825918447459,10.600825918447459,10.600825918447459,10.600825918447459,10.600825918447459,10.600825918447459,10.600825918447459,10.600825918447459,10.600825918447459,10.600825918447459,10.600825918447459,10.600825918447459,10.600825918447459,10.600825918447459,10.600825918447459,10.600825918447459,10.600825918447459,10.600825918447459,10.600825918447459,10.600825918447459,10.600825918447459,10.600825918447459,10.600825918447459,10.600825918447459,10.600825918447459,10.600825918447459,10.600825918447459,10.600825918447459,10.600825918447459,10.600825918447459,10.600825918447459,10.600825918447459,10.600825918447459,10.600825918447459,10.600825918447459,10.600825918447459,10.600825918447459,10.600825918447459,10.600825918447459,10.600825918447459,10.600825918447459,10.600825918447459,10.600825918447459,10.600825918447459,10.600825918447459,10.600825918447459,10.600825918447459,10.600825918447459,10.600825918447459,10.600825918447459,10.600825918447459,10.600825918447459,10.600825918447459,10.600825918447459,10.600825918447459,10.600825918447459,10.600825918447459,10.600825918447459,10.600825918447459,10.600825918447459,10.600825918447459,10.600825918447459,10.600825918447459,10.600825918447459,10.600825918447459,10.600825918447459,10.600825918447459,10.600825918447459,10.600825918447459,10.600825918447459,10.600825918447459,10.600825918447459,10.600825918447459,10.600825918447459,10.600825918447459,10.600825918447459,10.600825918447459,10.600825918447459,10.600825918447459,10.600825918447459,10.600825918447459,10.600825918447459,10.600825918447459,10.600825918447459,10.600825918447459,10.600825918447459,10.600825918447459,10.600825918447459,10.600825918447459,10.600825918447459,10.600825918447459
0.19999999999999998,10.600825918447459,10.600825918447459,10.600825918447459,10.600825918447459,10.600825918447459,10.600825918447459,10.600825918447459,10.600825918447459,10.600825918447459,10.600825918447459,10.600825918447459,10.600825918447459,10.600825918447459,10.600825918447459,10.600825918447459,10.600825918447459,10.600825918447459,10.600825918447459,10.600825918447459,10.600825918447459,10.600825918447459,10.600825918447459,10.600825918447459,10.600825918447459,10.600825918447459,10.600825918447459,10.600825918447459,10.600825918447459,10.600825918447459,10.600825918447459,10.600825918447459,10.600825918447459,10.600825918447459,10.600825918447459,10.600825918447459,10.600825918447459,10.600825918447459,10.600825918447459,10.600825918447459,10.600825918447459,10.600825918447459,10.600825918447459,10.600825918447459,10.600825918447459,10.600825918447459,10.600825918447459,10.600825918447459,10.600825918447459,10.600825918447459,10.600825918447459,10.600825918447459,10.600825918447459,10.600825918447459,10.600825918447459,10.600825918447459,10.600825918447459,10.600825918447459,10.600825918447459,10.600825918447459,10.600825918447459,10.600825918447459,10.600825918447459,10.600825918447459,10.600825918447459,10.600825918447459,10.600825918447459,10.600825918447459,10.600825918447459,10.600825918447459,10.600825918447459,10.600825918447459,10.600825918447459,10.600825918447459,10.600825918447459,10.600825918447459,10.600825918447459,10.600825918447459,10.600825918447459,10.600825918447459,10.600825918447459,10.600825918447459,10.600825918447459,10.600825918447459,10.600825918447459,10.600825918447459,10.600825918447459,10.600825918447459,10.600825918447459,10.600825918447459,10.600825918447459,10.600825918447459,10.600825918447459,10.600825918447459,10.600825918447459,10.600825918447459,10.600825918447459,10.600825918447459,10.600825918447459,10.600825918447459,10.600825918447459
0.20909090909090908,10.600825918447459,10.600825918447459,10.600825918447459,10.600825918447459,10.600825918447459,10.600825918447459,10.600825918447459,10.600825918447459,10.600825918447459,10.600825918447459,10.600825918447459,10.600825918447459,10.600825918447459,10.600825918447459,10.600825918447459,10.600825918447459,10.600825918447459,10.600825918447459,10.600825918447459,10.600825918447459,10.600825918447459,10.600825918447459,10.600825918447459,10.600825918447459,10.600825918447459,10.600825918447459,10.600825918447459,10.600825918447459,10.600825918447459,10.600825918447459,10.600825918447459,10.600825918447459,10.600825918447459,10.600825918447459,10.600825918447459,10.600825918447459,10.600825918447459,10.600825918447459,10.600825918447459,10.600825918447459,10.600825918447459,10.600825918447459,10.600825918447459,10.600825918447459,10.600825918447459,10.600825918447459,10.600825918447459,10.600825918447459,10.600825918447459,10.600825918447459,10.600825918447459,10.600825918447459,10.600825918447459,10.600825918447459,10.600825918447459,10.600825918447459,10.600825918447459,10.600825918447459,10.600825918447459,10.600825918447459,10.600825918447459,10.600825918447459,10.600825918447459,10.600825918447459,10.600825918447459,10.600825918447459,10.600825918447459,10.600825918447459,10.600825918447459,10.600825918447459,10.600825918447459,10.600825918447459,10.600825918447459,10.600825918447459,10.600825918447459,10.600825918447459,10.600825918447459,10.600825918447459,10.600825918447459,10.600825918447459,10.600825918447459,10.600825918447459,10.600825918447459,10.600825918447459,10.600825918447459,10.600825918447459,10.600825918447459,10.600825918447459,10.600825918447459,10.600825918447459,10.600825918447459,10.600825918447459,10.600825918447459,10.600825918447459,10.600825918447459,10.600825918447459,10.600825918447459,10.600825918447459,10.600825918447459,10.600825918447459
0.21818181818181817,10.600825918447459,10.600825918447459,10.600825918447459,10.600825918447459,10.600825918447459,10.600825918447459,10.600825918447459,10.600825918447459,10.600825918447459,10.600825918447459,10.600825918447459,10.600825918447459,10.600825918447459,10.600825918447459,10.600825918447459,10.600825918447459,10.600825918447459,10.600825918447459,10.600825918447459,10.600825918447459,10.600825918447459,10.600825918447459,10.600825918447459,10.600825918447459,10.600825918447459,10.600825918447459,10.600825918447459,10.600825918447459,10.600825918447459,10.600825918447459,10.600825918447459,10.600825918447459,10.600825918447459,10.600825918447459,10.600825918447459,10.600825918447459,10.600825918447459,10.600825918447459,10.600825918447459,10.600825918447459,10.600825918447459,10.600825918447459,10.600825918447459,10.600825918447459,10.600825918447459,10.600825918447459,10.600825918447459,10.600825918447459,10.600825918447459,10.600825918447459,10.600825918447459,10.600825918447459,10.600825918447459,10.600825918447459,10.600825918447459,10.600825918447459,10.600825918447459,10.600825918447459,10.600825918447459,10.600825918447459,10.600825918447459,10.600825918447459,10.600825918447459,10.600825918447459,10.600825918447459,10.600825918447459,10.600825918447459,10.600825918447459,10.600825918447459,10.600825918447459,10.600825918447459,10.600825918447459,10.600825918447459,10.600825918447459,10.600825918447459,10.600825918447459,10.600825918447459,10.600825918447459,10.600825918447459,10.600825918447459,10.600825918447459,10.600825918447459,10.600825918447459,10.600825918447459,10.600825918447459,10.600825918447459,10.600825918447459,10.600825918447459,10.600825918447459,10.600825918447459,10.600825918447459,10.600825918447459,10.600825918447459,10.600825918447459,10.600825918447459,10.600825918447459,10.600825918447459,10.600825918447459,10.600825918447459,10.600825918447459
0.22727272727272727,10.600825918447459,10.600825918447459,10.600825918447459,10.600825918447459,10.600825918447459,10.600825918447459,10.600825918447459,10.600825918447459,10.600825918447459,10.600825918447459,10.600825918447459,10.600825918447459,10.600825918447459,10.600825918447459,10.600825918447459,10.600825918447459,10.600825918447459,10.600825918447459,10.600825918447459,10.600825918447459,10.600825918447459,10.600825918447459,10.600825918447459,10.600825918447459,10.600825918447459,10.600825918447459,10.600825918447459,10.600825918447459,10.600825918447459,10.600825918447459,10.600825918447459,10.600825918447459,10.600825918447459,10.600825918447459,10.600825918447459,10.600825918447459,10.600825918447459,10.600825918447459,10.600825918447459,10.600825918447459,10.600825918447459,10.600825918447459,10.600825918447459,10.600825918447459,10.600825918447459,10.600825918447459,10.600825918447459,10.600825918447459,10.600825918447459,10.600825918447459,10.600825918447459,10.600825918447459,10.600825918447459,10.600825918447459,10.600825918447459,10.600825918447459,10.600825918447459,10.600825918447459,10.600825918447459,10.600825918447459,10.600825918447459,10.600825918447459,10.600825918447459,10.600825918447459,10.600825918447459,10.600825918447459,10.600825918447459,10.600825918447459,10.600825918447459,10.600825918447459,10.600825918447459,10.600825918447459,10.600825918447459,10.600825918447459,10.600825918447459,10.600825918447459,10.600825918447459,10.600825918447459,10.600825918447459,10.600825918447459,10.600825918447459,10.600825918447459,10.600825918447459,10.600825918447459,10.600825918447459,10.600825918447459,10.600825918447459,10.600825918447459,10.600825918447459,10.600825918447459,10.600825918447459,10.600825918447459,10.600825918447459,10.600825918447459,10.600825918447459,10.600825918447459,10.600825918447459,10.600825918447459,10.600825918447459,10.600825918447459
0.23636363636363636,10.600825918447459,10.600825918447459,10.600825918447459,10.600825918447459,10.600825918447459,10.600825918447459,10.600825918447459,10.600825918447459,10.600825918447459,10.600825918447459,10.600825918447459,10.600825918447459,10.600825918447459,10.600825918447459,10.600825918447459,10.600825918447459,10.600825918447459,10.600825918447459,10.600825918447459,10.600825918447459,10.600825918447459,10.600825918447459,10.600825918447459,10.600825918447459,10.600825918447459,10.600825918447459,10.600825918447459,10.600825918447459,10.600825918447459,10.600825918447459,10.600825918447459,10.600825918447459,10.600825918447459,10.600825918447459,10.600825918447459,10.600825918447459,10.600825918447459,10.600825918447459,10.600825918447459,10.600825918447459,10.600825918447459,10.600825918447459,10.600825918447459,10.600825918447459,10.600825918447459,10.600825918447459,10.600825918447459,10.600825918447459,10.600825918447459,10.600825918447459,10.600825918447459,10.600825918447459,10.600825918447459,10.600825918447459,10.600825918447459,10.600825918447459,10.600825918447459,10.600825918447459,10.600825918447459,10.600825918447459,10.600825918447459,10.600825918447459,10.600825918447459,10.600825918447459,10.600825918447459,10.600825918447459,10.600825918447459,10.600825918447459,10.600825918447459,10.600825918447459,10.600825918447459,10.600825918447459,10.600825918447459,10.600825918447459,10.600825918447459,10.600825918447459,10.600825918447459,10.600825918447459,10.600825918447459,10.600825918447459,10.600825918447459,10.600825918447459,10.600825918447459,10.600825918447459,10.600825918447459,10.600825918447459,10.600825918447459,10.600825918447459,10.600825918447459,10.600825918447459,10.600825918447459,10.600825918447459,10.600825918447459,10.600825918447459,10.600825918447459,10.600825918447459,10.600825918447459,10.600825918447459,10.600825918447459,10.600825918447459
0.24545454545454545,10.600825918447459,10.600825918447459,10.600825918447459,10.600825918447459,10.600825918447459,10.600825918447459,10.600825918447459,10.600825918447459,10.600825918447459,10.600825918447459,10.600825918447459,10.600825918447459,10.600825918447459,10.600825918447459,10.600825918447459,10.600825918447459,10.600825918447459,10.600825918447459,10.600825918447459,10.600825918447459,10.600825918447459,10.600825918447459,10.600825918447459,10.600825918447459,10.600825918447459,10.600825918447459,10.600825918447459,10.600825918447459,10.600825918447459,10.600825918447459,10.600825918447459,10.600825918447459,10.600825918447459,10.600825918447459,10.600825918447459,10.600825918447459,10.600825918447459,10.600825918447459,10.600825918447459,10.600825918447459,10.600825918447459,10.600825918447459,10.600825918447459,10.600825918447459,10.600825918447459,10.600825918447459,10.600825918447459,10.600825918447459,10.600825918447459,10.600825918447459,10.600825918447459,10.600825918447459,10.600825918447459,10.600825918447459,10.600825918447459,10.600825918447459,10.600825918447459,10.600825918447459,10.600825918447459,10.600825918447459,10.600825918447459,10.600825918447459,10.600825918447459,10.600825918447459,10.600825918447459,10.600825918447459,10.600825918447459,10.600825918447459,10.600825918447459,10.600825918447459,10.600825918447459,10.600825918447459,10.600825918447459,10.600825918447459,10.600825918447459,10.600825918447459,10.600825918447459,10.600825918447459,10.600825918447459,10.600825918447459,10.600825918447459,10.600825918447459,10.600825918447459,10.600825918447459,10.600825918447459,10.600825918447459,10.600825918447459,10.600825918447459,10.600825918447459,10.600825918447459,10.600825918447459,10.600825918447459,10.600825918447459,10.600825918447459,10.600825918447459,10.600825918447459,10.600825918447459,10.600825918447459,10.600825918447459,10.600825918447459
0.2545454545454545,10.600825918447459,10.600825918447459,10.600825918447459,10.600825918447459,10.600825918447459,10.600825918447459,10.600825918447459,10.600825918447459,10.600825918447459,10.600825918447459,10.600825918447459,10.600825918447459,10.600825918447459,10.600825918447459,10.600825918447459,10.600825918447459,10.600825918447459,10.600825918447459,10.600825918447459,10.600825918447459,10.600825918447459,10.600825918447459,10.600825918447459,10.600825918447459,10.600825918447459,10.600825918447459,10.600825918447459,10.600825918447459,10.600825918447459,10.600825918447459,10.600825918447459,10.600825918447459,10.600825918447459,10.600825918447459,10.600825918447459,10.600825918447459,10.600825918447459,10.600825918447459,10.600825918447459,10.600825918447459,10.600825918447459,10.600825918447459,10.600825918447459,10.600825918447459,10.600825918447459,10.600825918447459,10.600825918447459,10.600825918447459,10.600825918447459,10.600825918447459,10.600825918447459,10.600825918447459,10.600825918447459,10.600825918447459,10.600825918447459,10.600825918447459,10.600825918447459,10.600825918447459,10.600825918447459,10.600825918447459,10.600825918447459,10.600825918447459,10.600825918447459,10.600825918447459,10.600825918447459,10.600825918447459,10.600825918447459,10.600825918447459,10.600825918447459,10.600825918447459,10.600825918447459,10.600825918447459,10.600825918447459,10.600825918447459,10.600825918447459,10.600825918447459,10.600825918447459,10.600825918447459,10.600825918447459,10.600825918447459,10.600825918447459,10.600825918447459,10.600825918447459,10.600825918447459,10.600825918447459,10.600825918447459,10.600825918447459,10.600825918447459,10.600825918447459,10.600825918447459,10.600825918447459,10.600825918447459,10.600825918447459,10.600825918447459,10.600825918447459,10.600825918447459,10.600825918447459,10.600825918447459,10.600825918447459,10.600825918447459
0.2636363636363636,10.600825918447459,10.600825918447459,10.600825918447459,10.600825918447459,10.600825918447459,10.600825918447459,10.600825918447459,10.600825918447459,10.600825918447459,10.600825918447459,10.600825918447459,10.600825918447459,10.600825918447459,10.600825918447459,10.600825918447459,10.600825918447459,10.600825918447459,10.600825918447459,10.600825918447459,10.600825918447459,10.600825918447459,10.600825918447459,10.600825918447459,10.600825918447459,10.600825918447459,10.600825918447459,10.600825918447459,10.600825918447459,10.600825918447459,10.600825918447459,10.600825918447459,10.600825918447459,10.600825918447459,10.600825918447459,10.600825918447459,10.600825918447459,10.600825918447459,10.600825918447459,10.600825918447459,10.600825918447459,10.600825918447459,10.600825918447459,10.600825918447459,10.600825918447459,10.600825918447459,10.600825918447459,10.600825918447459,10.600825918447459,10.600825918447459,10.600825918447459,10.600825918447459,10.600825918447459,10.600825918447459,10.600825918447459,10.600825918447459,10.600825918447459,10.600825918447459,10.600825918447459,10.600825918447459,10.600825918447459,10.600825918447459,10.600825918447459,10.600825918447459,10.600825918447459,10.600825918447459,10.600825918447459,10.600825918447459,10.600825918447459,10.600825918447459,10.600825918447459,10.600825918447459,10.600825918447459,10.600825918447459,10.600825918447459,10.600825918447459,10.600825918447459,10.600825918447459,10.600825918447459,10.600825918447459,10.600825918447459,10.600825918447459,10.600825918447459,10.600825918447459,10.600825918447459,10.600825918447459,10.600825918447459,10.600825918447459,10.600825918447459,10.600825918447459,10.600825918447459,10.600825918447459,10.600825918447459,10.600825918447459,10.600825918447459,10.600825918447459,10.600825918447459,10.600825918447459,10.600825918447459,10.600825918447459,10.600825918447459
0.2727272727272727,10.600825918447459,10.600825918447459,10.600825918447459,10.600825918447459,10.600825918447459,10.600825918447459,10.600825918447459,10.600825918447459,10.600825918447459,10.600825918447459,10.600825918447459,10.600825918447459,10.600825918447459,10.600825918447459,10.600825918447459,10.600825918447459,10.600825918447459,10.600825918447459,10.600825918447459,10.600825918447459,10.600825918447459,10.600825918447459,10.600825918447459,10.600825918447459,10.600825918447459,10.600825918447459,10.600825918447459,10.600825918447459,10.600825918447459,10.600825918447459,10.600825918447459,10.600825918447459,10.600825918447459,10.600825918447459,10.600825918447459,10.600825918447459,10.600825918447459,10.600825918447459,10.600825918447459,10.600825918447459,10.600825918447459,10.600825918447459,10.600825918447459,10.600825918447459,10.600825918447459,10.600825918447459,10.600825918447459,10.600825918447459,10.600825918447459,10.600825918447459,10.600825918447459,10.600825918447459,10.600825918447459,10.600825918447459,10.600825918447459,10.600825918447459,10.600825918447459,10.600825918447459,10.600825918447459,10.600825918447459,10.600825918447459,10.600825918447459,10.600825918447459,10.600825918447459,10.600825918447459,10.600825918447459,10.600825918447459,10.600825918447459,10.600825918447459,10.600825918447459,10.600825918447459,10.600825918447459,10.600825918447459,10.600825918447459,10.600825918447459,10.600825918447459,10.600825918447459,10.600825918447459,10.600825918447459,10.600825918447459,10.600825918447459,10.600825918447459,10.600825918447459,10.600825918447459,10.600825918447459,10.600825918447459,10.600825918447459,10.600825918447459,10.600825918447459,10.600825918447459,10.600825918447459,10.600825918447459,10.600825918447459,10.600825918447459,10.600825918447459,10.600825918447459,10.600825918447459,10.600825918447459,10.600825918447459,10.600825918447459
0.2818181818181818,10.600825918447459,10.600825918447459,10.600825918447459,10.600825918447459,10.600825918447459,10.600825918447459,10.600825918447459,10.600825918447459,10.600825918447459,10.600825918447459,10.600825918447459,10.600825918447459,10.600825918447459,10.600825918447459,10.600825918447459,10.600825918447459,10.600825918447459,10.600825918447459,10.600825918447459,10.600825918447459,10.600825918447459,10.600825918447459,10.600825918447459,10.600825918447459,10.600825918447459,10.600825918447459,10.600825918447459,10.600825918447459,10.600825918447459,10.600825918447459,10.600825918447459,10.600825918447459,10.600825918447459,10.600825918447459,10.600825918447459,10.600825918447459,10.600825918447459,10.600825918447459,10.600825918447459,10.600825918447459,10.600825918447459,10.600825918447459,10.600825918447459,10.600825918447459,10.600825918447459,10.600825918447459,10.600825918447459,10.600825918447459,10.600825918447459,10.600825918447459,10.600825918447459,10.600825918447459,10.600825918447459,10.600825918447459,10.600825918447459,10.600825918447459,10.600825918447459,10.600825918447459,10.600825918447459,10.600825918447459,10.600825918447459,10.600825918447459,10.600825918447459,10.600825918447459,10.600825918447459,10.600825918447459,10.600825918447459,10.600825918447459,10.600825918447459,10.600825918447459,10.600825918447459,10.600825918447459,10.600825918447459,10.600825918447459,10.600825918447459,10.600825918447459,10.600825918447459,10.600825918447459,10.600825918447459,10.600825918447459,10.600825918447459,10.600825918447459,10.600825918447459,10.600825918447459,10.600825918447459,10.600825918447459,10.600825918447459,10.600825918447459,10.600825918447459,10.600825918447459,10.600825918447459,10.600825918447459,10.600825918447459,10.600825918447459,10.600825918447459,10.600825918447459,10.600825918447459,10.600825918447459,10.600825918447459,10.600825918447459
0.2909090909090909,10.600825918447459,10.600825918447459,10.600825918447459,10.600825918447459,10.600825918447459,10.600825918447459,10.600825918447459,10.600825918447459,10.600825918447459,10.600825918447459,10.600825918447459,10.600825918447459,10.600825918447459,10.600825918447459,10.600825918447459,10.600825918447459,10.600825918447459,10.600825918447459,10.600825918447459,10.600825918447459,10.600825918447459,10.600825918447459,10.600825918447459,10.600825918447459,10.600825918447459,10.600825918447459,10.600825918447459,10.600825918447459,10.600825918447459,10.600825918447459,10.600825918447459,10.600825918447459,10.600825918447459,10.600825918447459,10.600825918447459,10.600825918447459,10.600825918447459,10.600825918447459,10.600825918447459,10.600825918447459,10.600825918447459,10.600825918447459,10.600825918447459,10.600825918447459,10.600825918447459,10.600825918447459,10.600825918447459,10.600825918447459,10.600825918447459,10.600825918447459,10.600825918447459,10.600825918447459,10.600825918447459,10.600825918447459,10.600825918447459,10.600825918447459,10.600825918447459,10.600825918447459,10.600825918447459,10.600825918447459,10.600825918447459,10.600825918447459,10.600825918447459,10.600825918447459,10.600825918447459,10.600825918447459,10.600825918447459,10.600825918447459,10.600825918447459,10.600825918447459,10.600825918447459,10.600825918447459,10.600825918447459,10.600825918447459,10.600825918447459,10.600825918447459,10.600825918447459,10.600825918447459,10.600825918447459,10.600825918447459,10.600825918447459,10.600825918447459,10.600825918447459,10.600825918447459,10.600825918447459,10.600825918447459,10.600825918447459,10.600825918447459,10.600825918447459,10.600825918447459,10.600825918447459,10.600825918447459,10.600825918447459,10.600825918447459,10.600825918447459,10.600825918447459,10.600825918447459,10.600825918447459,10.600825918447459,10.600825918447459
0.3,10.600825918447459,10.600825918447459,10.600825918447459,10.600825918447459,10.600825918447459,10.600825918447459,10.600825918447459,10.600825918447459,10.600825918447459,10.600825918447459,10.600825918447459,10.600825918447459,10.600825918447459,10.600825918447459,10.600825918447459,10.600825918447459,10.600825918447459,10.600825918447459,10.600825918447459,10.600825918447459,10.600825918447459,10.600825918447459,10.600825918447459,10.600825918447459,10.600825918447459,10.600825918447459,10.600825918447459,10.600825918447459,10.600825918447459,10.600825918447459,10.600825918447459,10.600825918447459,10.600825918447459,10.600825918447459,10.600825918447459,10.600825918447459,10.600825918447459,10.600825918447459,10.600825918447459,10.600825918447459,10.600825918447459,10.600825918447459,10.600825918447459,10.600825918447459,10.600825918447459,10.600825918447459,10.600825918447459,10.600825918447459,10.600825918447459,10.600825918447459,10.600825918447459,10.600825918447459,10.600825918447459,10.600825918447459,10.600825918447459,10.600825918447459,10.600825918447459,10.600825918447459,10.600825918447459,10.600825918447459,10.600825918447459,10.600825918447459,10.600825918447459,10.600825918447459,10.600825918447459,10.600825918447459,10.600825918447459,10.600825918447459,10.600825918447459,10.600825918447459,10.600825918447459,10.600825918447459,10.600825918447459,10.600825918447459,10.600825918447459,10.600825918447459,10.600825918447459,10.600825918447459,10.600825918447459,10.600825918447459,10.600825918447459,10.600825918447459,10.600825918447459,10.600825918447459,10.600825918447459,10.600825918447459,10.600825918447459,10.600825918447459,10.600825918447459,10.600825918447459,10.600825918447459,10.600825918447459,10.600825918447459,10.600825918447459,10.600825918447459,10.600825918447459,10.600825918447459,10.600825918447459,10.600825918447459,10.600825918447459
0.3090909090909091,10.600825918447459,10.600825918447459,10.600825918447459,10.600825918447459,10.600825918447459,10.600825918447459,10.600825918447459,10.600825918447459,10.600825918447459,10.600825918447459,10.600825918447459,10.600825918447459,10.600825918447459,10.600825918447459,10.600825918447459,10.600825918447459,10.600825918447459,10.600825918447459,10.600825918447459,10.600825918447459,10.600825918447459,10.600825918447459,10.600825918447459,10.600825918447459,10.600825918447459,10.600825918447459,10.600825918447459,10.600825918447459,10.600825918447459,10.600825918447459,10.600825918447459,10.600825918447459,10.600825918447459,10.600825918447459,10.600825918447459,10.600825918447459,10.600825918447459,10.600825918447459,10.600825918447459,10.600825918447459,10.600825918447459,10.600825918447459,10.600825918447459,10.600825918447459,10.600825918447459,10.600825918447459,10.600825918447459,10.600825918447459,10.600825918447459,10.600825918447459,10.600825918447459,10.600825918447459,10.600825918447459,10.600825918447459,10.600825918447459,10.600825918447459,10.600825918447459,10.600825918447459,10.600825918447459,10.600825918447459,10.600825918447459,10.600825918447459,10.600825918447459,10.600825918447459,10.600825918447459,10.600825918447459,10.600825918447459,10.600825918447459,10.600825918447459,10.600825918447459,10.600825918447459,10.600825918447459,10.600825918447459,10.600825918447459,10.600825918447459,10.600825918447459,10.600825918447459,10.600825918447459,10.600825918447459,10.600825918447459,10.600825918447459,10.600825918447459,10.600825918447459,10.600825918447459,10.600825918447459,10.600825918447459,10.600825918447459,10.600825918447459,10.600825918447459,10.600825918447459,10.600825918447459,10.600825918447459,10.600825918447459,10.600825918447459,10.600825918447459,10.600825918447459,10.600825918447459,10.600825918447459,10.600825918447459,10.600825918447459
0.3181818181818182,10.600825918447459,10.600825918447459,10.600825918447459,10.600825918447459,10.600825918447459,10.600825918447459,10.600825918447459,10.600825918447459,10.600825918447459,10.600825918447459,10.600825918447459,10.600825918447459,10.600825918447459,10.600825918447459,10.600825918447459,10.600825918447459,10.600825918447459,10.600825918447459,10.600825918447459,10.600825918447459,10.600825918447459,10.600825918447459,10.600825918447459,10.600825918447459,10.600825918447459,10.600825918447459,10.600825918447459,10.600825918447459,10.600825918447459,10.600825918447459,10.600825918447459,10.600825918447459,10.600825918447459,10.600825918447459,10.600825918447459,10.600825918447459,10.600825918447459,10.600825918447459,10.600825918447459,10.600825918447459,10.600825918447459,10.600825918447459,10.600825918447459,10.600825918447459,10.600825918447459,10.600825918447459,10.600825918447459,10.600825918447459,10.600825918447459,10.600825918447459,10.600825918447459,10.600825918447459,10.600825918447459,10.600825918447459,10.600825918447459,10.600825918447459,10.600825918447459,10.600825918447459,10.600825918447459,10.600825918447459,10.600825918447459,10.600825918447459,10.600825918447459,10.600825918447459,10.600825918447459,10.600825918447459,10.600825918447459,10.600825918447459,10.600825918447459,10.600825918447459,10.600825918447459,10.600825918447459,10.600825918447459,10.600825918447459,10.600825918447459,10.600825918447459,10.600825918447459,10.600825918447459,10.600825918447459,10.600825918447459,10.600825918447459,10.600825918447459,10.600825918447459,10.600825918447459,10.600825918447459,10.600825918447459,10.600825918447459,10.600825918447459,10.600825918447459,10.600825918447459,10.600825918447459,10.600825918447459,10.600825918447459,10.600825918447459,10.600825918447459,10.600825918447459,10.600825918447459,10.600825918447459,10.600825918447459,10.600825918447459
0.32727272727272727,10.600825918447459,10.600825918447459,10.600825918447459,10.600825918447459,10.600825918447459,10.600825918447459,10.600825918447459,10.600825918447459,10.600825918447459,10.600825918447459,10.600825918447459,10.600825918447459,10.600825918447459,10.600825918447459,10.600825918447459,10.600825918447459,10.600825918447459,10.600825918447459,10.600825918447459,10.600825918447459,10.600825918447459,10.600825918447459,10.600825918447459,10.600825918447459,10.600825918447459,10.600825918447459,10.600825918447459,10.600825918447459,10.600825918447459,10.600825918447459,10.600825918447459,10.600825918447459,10.600825918447459,10.600825918447459,10.600825918447459,10.600825918447459,10.600825918447459,10.600825918447459,10.600825918447459,10.600825918447459,10.600825918447459,10.600825918447459,10.600825918447459,10.600825918447459,10.600825918447459,10.600825918447459,10.600825918447459,10.600825918447459,10.600825918447459,10.600825918447459,10.600825918447459,10.600825918447459,10.600825918447459,10.600825918447459,10.600825918447459,10.600825918447459,10.600825918447459,10.600825918447459,10.600825918447459,10.600825918447459,10.600825918447459,10.600825918447459,10.600825918447459,10.600825918447459,10.600825918447459,10.600825918447459,10.600825918447459,10.600825918447459,10.600825918447459,10.600825918447459,10.600825918447459,10.600825918447459,10.600825918447459,10.600825918447459,10.600825918447459,10.600825918447459,10.600825918447459,10.600825918447459,10.600825918447459,10.600825918447459,10.600825918447459,10.600825918447459,10.600825918447459,10.600825918447459,10.600825918447459,10.600825918447459,10.600825918447459,10.600825918447459,10.600825918447459,10.600825918447459,10.600825918447459,10.600825918447459,10.600825918447459,10.600825918447459,10.600825918447459,10.600825918447459,10.600825918447459,10.600825918447459,10.600825918447459,10.600825918447459
0.33636363636363636,10.600825918447459,10.600825918447459,10.600825918447459,10.600825918447459,10.600825918447459,10.600825918447459,10.600825918447459,10.600825918447459,10.600825918447459,10.600825918447459,10.600825918447459,10.600825918447459,10.600825918447459,10.600825918447459,10.600825918447459,10.600825918447459,10.600825918447459,10.600825918447459,10.600825918447459,10.600825918447459,10.600825918447459,10.600825918447459,10.600825918447459,10.600825918447459,10.600825918447459,10.600825918447459,10.600825918447459,10.600825918447459,10.600825918447459,10.600825918447459,10.600825918447459,10.600825918447459,10.600825918447459,10.600825918447459,10.600825918447459,10.600825918447459,10.600825918447459,10.600825918447459,10.600825918447459,10.600825918447459,10.600825918447459,10.600825918447459,10.600825918447459,10.600825918447459,10.600825918447459,10.600825918447459,10.600825918447459,10.600825918447459,10.600825918447459,10.600825918447459,10.600825918447459,10.600825918447459,10.600825918447459,10.600825918447459,10.600825918447459,10.600825918447459,10.600825918447459,10.600825918447459,10.600825918447459,10.600825918447459,10.600825918447459,10.600825918447459,10.600825918447459,10.600825918447459,10.600825918447459,10.600825918447459,10.600825918447459,10.600825918447459,10.600825918447459,10.600825918447459,10.600825918447459,10.600825918447459,10.600825918447459,10.600825918447459,10.600825918447459,10.600825918447459,10.600825918447459,10.600825918447459,10.600825918447459,10.600825918447459,10.600825918447459,10.600825918447459,10.600825918447459,10.600825918447459,10.600825918447459,10.600825918447459,10.600825918447459,10.600825918447459,10.600825918447459,10.600825918447459,10.600825918447459,10.600825918447459,10.600825918447459,10.600825918447459,10.600825918447459,10.600825918447459,10.600825918447459,10.600825918447459,10.600825918447459,10.600825918447459
0.34545454545454546,10.600825918447459,10.600825918447459,10.600825918447459,10.600825918447459,10.600825918447459,10.600825918447459,10.600825918447459,10.600825918447459,10.600825918447459,10.600825918447459,10.600825918447459,10.600825918447459,10.600825918447459,10.600825918447459,10.600825918447459,10.600825918447459,10.600825918447459,10.600825918447459,10.600825918447459,10.600825918447459,10.600825918447459,10.600825918447459,10.600825918447459,10.600825918447459,10.600825918447459,10.600825918447459,10.600825918447459,10.600825918447459,10.600825918447459,10.600825918447459,10.600825918447459,10.600825918447459,10.600825918447459,10.600825918447459,10.600825918447459,10.600825918447459,10.600825918447459,10.600825918447459,10.600825918447459,10.600825918447459,10.600825918447459,10.600825918447459,10.600825918447459,10.600825918447459,10.600825918447459,10.600825918447459,10.600825918447459,10.600825918447459,10.600825918447459,10.600825918447459,10.600825918447459,10.600825918447459,10.600825918447459,10.600825918447459,10.600825918447459,10.600825918447459,10.600825918447459,10.600825918447459,10.600825918447459,10.600825918447459,10.600825918447459,10.600825918447459,10.600825918447459,10.600825918447459,10.600825918447459,10.600825918447459,10.600825918447459,10.600825918447459,10.600825918447459,10.600825918447459,10.600825918447459,10.600825918447459,10.600825918447459,10.600825918447459,10.600825918447459,10.600825918447459,10.600825918447459,10.600825918447459,10.600825918447459,10.600825918447459,10.600825918447459,10.600825918447459,10.600825918447459,10.600825918447459,10.600825918447459,10.600825918447459,10.600825918447459,10.600825918447459,10.600825918447459,10.600825918447459,10.600825918447459,10.600825918447459,10.600825918447459,10.600825918447459,10.600825918447459,10.600825918447459,10.600825918447459,10.600825918447459,10.600825918447459,10.600825918447459
0.35454545454545455,10.600825918447459,10.600825918447459,10.600825918447459,10.600825918447459,10.600825918447459,10.600825918447459,10.600825918447459,10.600825918447459,10.600825918447459,10.600825918447459,10.600825918447459,10.600825918447459,10.600825918447459,10.600825918447459,10.600825918447459,10.600825918447459,10.600825918447459,10.600825918447459,10.600825918447459,10.600825918447459,10.600825918447459,10.600825918447459,10.600825918447459,10.600825918447459,10.600825918447459,10.600825918447459,10.600825918447459,10.600825918447459,10.600825918447459,10.600825918447459,10.600825918447459,10.600825918447459,10.600825918447459,10.600825918447459,10.600825918447459,10.600825918447459,10.600825918447459,10.600825918447459,10.600825918447459,10.600825918447459,10.600825918447459,10.600825918447459,10.600825918447459,10.600825918447459,10.600825918447459,10.600825918447459,10.600825918447459,10.600825918447459,10.600825918447459,10.600825918447459,10.600825918447459,10.600825918447459,10.600825918447459,10.600825918447459,10.600825918447459,10.600825918447459,10.600825918447459,10.600825918447459,10.600825918447459,10.600825918447459,10.600825918447459,10.600825918447459,10.600825918447459,10.600825918447459,10.600825918447459,10.600825918447459,10.600825918447459,10.600825918447459,10.600825918447459,10.600825918447459,10.600825918447459,10.600825918447459,10.600825918447459,10.600825918447459,10.600825918447459,10.600825918447459,10.600825918447459,10.600825918447459,10.600825918447459,10.600825918447459,10.600825918447459,10.600825918447459,10.600825918447459,10.600825918447459,10.600825918447459,10.600825918447459,10.600825918447459,10.600825918447459,10.600825918447459,10.600825918447459,10.600825918447459,10.600825918447459,10.600825918447459,10.600825918447459,10.600825918447459,10.600825918447459,10.600825918447459,10.600825918447459,10.600825918447459,10.600825918447459
0.36363636363636365,10.600825918447459,10.600825918447459,10.600825918447459,10.600825918447459,10.600825918447459,10.600825918447459,10.600825918447459,10.600825918447459,10.600825918447459,10.600825918447459,10.600825918447459,10.600825918447459,10.600825918447459,10.600825918447459,10.600825918447459,10.600825918447459,10.600825918447459,10.600825918447459,10.600825918447459,10.600825918447459,10.600825918447459,10.600825918447459,10.600825918447459,10.600825918447459,10.600825918447459,10.600825918447459,10.600825918447459,10.600825918447459,10.600825918447459,10.600825918447459,10.600825918447459,10.600825918447459,10.600825918447459,10.600825918447459,10.600825918447459,10.600825918447459,10.600825918447459,10.600825918447459,10.600825918447459,10.600825918447459,10.600825918447459,10.600825918447459,10.600825918447459,10.600825918447459,10.600825918447459,10.600825918447459,10.600825918447459,10.600825918447459,10.600825918447459,10.600825918447459,10.600825918447459,10.600825918447459,10.600825918447459,10.600825918447459,10.600825918447459,10.600825918447459,10.600825918447459,10.600825918447459,10.600825918447459,10.600825918447459,10.600825918447459,10.600825918447459,10.600825918447459,10.600825918447459,10.600825918447459,10.600825918447459,10.600825918447459,10.600825918447459,10.600825918447459,10.600825918447459,10.600825918447459,10.600825918447459,10.600825918447459,10.600825918447459,10.600825918447459,10.600825918447459,10.600825918447459,10.600825918447459,10.600825918447459,10.600825918447459,10.600825918447459,10.600825918447459,10.600825918447459,10.600825918447459,10.600825918447459,10.600825918447459,10.600825918447459,10.600825918447459,10.600825918447459,10.600825918447459,10.600825918447459,10.600825918447459,10.600825918447459,10.600825918447459,10.600825918447459,10.600825918447459,10.600825918447459,10.600825918447459,10.600825918447459,10.600825918447459
0.3727272727272727,10.600825918447459,10.600825918447459,10.600825918447459,10.600825918447459,10.600825918447459,10.600825918447459,10.600825918447459,10.600825918447459,10.600825918447459,10.600825918447459,10.600825918447459,10.600825918447459,10.600825918447459,10.600825918447459,10.600825918447459,10.600825918447459,10.600825918447459,10.600825918447459,10.600825918447459,10.600825918447459,10.600825918447459,10.600825918447459,10.600825918447459,10.600825918447459,10.600825918447459,10.600825918447459,10.600825918447459,10.600825918447459,10.600825918447459,10.600825918447459,10.600825918447459,10.600825918447459,10.600825918447459,10.600825918447459,10.600825918447459,10.600825918447459,10.600825918447459,10.600825918447459,10.600825918447459,10.600825918447459,10.600825918447459,10.600825918447459,10.600825918447459,10.600825918447459,10.600825918447459,10.600825918447459,10.600825918447459,10.600825918447459,10.600825918447459,10.600825918447459,10.600825918447459,10.600825918447459,10.600825918447459,10.600825918447459,10.600825918447459,10.600825918447459,10.600825918447459,10.600825918447459,10.600825918447459,10.600825918447459,10.600825918447459,10.600825918447459,10.600825918447459,10.600825918447459,10.600825918447459,10.600825918447459,10.600825918447459,10.600825918447459,10.600825918447459,10.600825918447459,10.600825918447459,10.600825918447459,10.600825918447459,10.600825918447459,10.600825918447459,10.600825918447459,10.600825918447459,10.600825918447459,10.600825918447459,10.600825918447459,10.600825918447459,10.600825918447459,10.600825918447459,10.600825918447459,10.600825918447459,10.600825918447459,10.600825918447459,10.600825918447459,10.600825918447459,10.600825918447459,10.600825918447459,10.600825918447459,10.600825918447459,10.600825918447459,10.600825918447459,10.600825918447459,10.600825918447459,10.600825918447459,10.600825918447459,10.600825918447459
0.3818181818181818,10.600825918447459,10.600825918447459,10.600825918447459,10.600825918447459,10.600825918447459,10.600825918447459,10.600825918447459,10.600825918447459,10.600825918447459,10.600825918447459,10.600825918447459,10.600825918447459,10.600825918447459,10.600825918447459,10.600825918447459,10.600825918447459,10.600825918447459,10.600825918447459,10.600825918447459,10.600825918447459,10.600825918447459,10.600825918447459,10.600825918447459,10.600825918447459,10.600825918447459,10.600825918447459,10.600825918447459,10.600825918447459,10.600825918447459,10.600825918447459,10.600825918447459,10.600825918447459,10.600825918447459,10.600825918447459,10.600825918447459,10.600825918447459,10.600825918447459,10.600825918447459,10.600825918447459,10.600825918447459,10.600825918447459,10.600825918447459,10.600825918447459,10.600825918447459,10.600825918447459,10.600825918447459,10.600825918447459,10.600825918447459,10.600825918447459,10.600825918447459,10.600825918447459,10.600825918447459,10.600825918447459,10.600825918447459,10.600825918447459,10.600825918447459,10.600825918447459,10.600825918447459,10.600825918447459,10.600825918447459,10.600825918447459,10.600825918447459,10.600825918447459,10.600825918447459,10.600825918447459,10.600825918447459,10.600825918447459,10.600825918447459,10.600825918447459,10.600825918447459,10.600825918447459,10.600825918447459,10.600825918447459,10.600825918447459,10.600825918447459,10.600825918447459,10.600825918447459,10.600825918447459,10.600825918447459,10.600825918447459,10.600825918447459,10.600825918447459,10.600825918447459,10.600825918447459,10.600825918447459,10.600825918447459,10.600825918447459,10.600825918447459,10.600825918447459,10.600825918447459,10.600825918447459,10.600825918447459,10.600825918447459,10.600825918447459,10.600825918447459,10.600825918447459,10.600825918447459,10.600825918447459,10.600825918447459,10.600825918447459
0.3909090909090909,10.600825918447459,10.600825918447459,10.600825918447459,10.600825918447459,10.600825918447459,10.600825918447459,10.600825918447459,10.600825918447459,10.600825918447459,10.600825918447459,10.600825918447459,10.600825918447459,10.600825918447459,10.600825918447459,10.600825918447459,10.600825918447459,10.600825918447459,10.600825918447459,10.600825918447459,10.600825918447459,10.600825918447459,10.600825918447459,10.600825918447459,10.600825918447459,10.600825918447459,10.600825918447459,10.600825918447459,10.600825918447459,10.600825918447459,10.600825918447459,10.600825918447459,10.600825918447459,10.600825918447459,10.600825918447459,10.600825918447459,10.600825918447459,10.600825918447459,10.600825918447459,10.600825918447459,10.600825918447459,10.600825918447459,10.600825918447459,10.600825918447459,10.600825918447459,10.600825918447459,10.600825918447459,10.600825918447459,10.600825918447459,10.600825918447459,10.600825918447459,10.600825918447459,10.600825918447459,10.600825918447459,10.600825918447459,10.600825918447459,10.600825918447459,10.600825918447459,10.600825918447459,10.600825918447459,10.600825918447459,10.600825918447459,10.600825918447459,10.600825918447459,10.600825918447459,10.600825918447459,10.600825918447459,10.600825918447459,10.600825918447459,10.600825918447459,10.600825918447459,10.600825918447459,10.600825918447459,10.600825918447459,10.600825918447459,10.600825918447459,10.600825918447459,10.600825918447459,10.600825918447459,10.600825918447459,10.600825918447459,10.600825918447459,10.600825918447459,10.600825918447459,10.600825918447459,10.600825918447459,10.600825918447459,10.600825918447459,10.600825918447459,10.600825918447459,10.600825918447459,10.600825918447459,10.600825918447459,10.600825918447459,10.600825918447459,10.600825918447459,10.600825918447459,10.600825918447459,10.600825918447459,10.600825918447459,10.600825918447459
0.39999999999999997,10.600825918447459,10.600825918447459,10.600825918447459,10.600825918447459,10.600825918447459,10.600825918447459,10.600825918447459,10.600825918447459,10.600825918447459,10.600825918447459,10.600825918447459,10.600825918447459,10.600825918447459,10.600825918447459,10.600825918447459,10.600825918447459,10.600825918447459,10.600825918447459,10.600825918447459,10.600825918447459,10.600825918447459,10.600825918447459,10.600825918447459,10.600825918447459,10.600825918447459,10.600825918447459,10.600825918447459,10.600825918447459,10.600825918447459,10.600825918447459,10.600825918447459,10.600825918447459,10.600825918447459,10.600825918447459,10.600825918447459,10.600825918447459,10.600825918447459,10.600825918447459,10.600825918447459,10.600825918447459,10.600825918447459,10.600825918447459,10.600825918447459,10.600825918447459,10.600825918447459,10.600825918447459,10.600825918447459,10.600825918447459,10.600825918447459,10.600825918447459,10.600825918447459,10.600825918447459,10.600825918447459,10.600825918447459,10.600825918447459,10.600825918447459,10.600825918447459,10.600825918447459,10.600825918447459,10.600825918447459,10.600825918447459,10.600825918447459,10.600825918447459,10.600825918447459,10.600825918447459,10.600825918447459,10.600825918447459,10.600825918447459,10.600825918447459,10.600825918447459,10.600825918447459,10.600825918447459,10.600825918447459,10.600825918447459,10.600825918447459,10.600825918447459,10.600825918447459,10.600825918447459,10.600825918447459,10.600825918447459,10.600825918447459,10.600825918447459,10.600825918447459,10.600825918447459,10.600825918447459,10.600825918447459,10.600825918447459,10.600825918447459,10.600825918447459,10.600825918447459,10.600825918447459,10.600825918447459,10.600825918447459,10.600825918447459,10.600825918447459,10.600825918447459,10.600825918447459,10.600825918447459,10.600825918447459,10.600825918447459
0.40909090909090906,10.600825918447459,10.600825918447459,10.600825918447459,10.600825918447459,10.600825918447459,10.600825918447459,10.600825918447459,10.600825918447459,10.600825918447459,10.600825918447459,10.600825918447459,10.600825918447459,10.600825918447459,10.600825918447459,10.600825918447459,10.600825918447459,10.600825918447459,10.600825918447459,10.600825918447459,10.600825918447459,10.600825918447459,10.600825918447459,10.600825918447459,10.600825918447459,10.600825918447459,10.600825918447459,10.600825918447459,10.600825918447459,10.600825918447459,10.600825918447459,10.600825918447459,10.600825918447459,10.600825918447459,10.600825918447459,10.600825918447459,10.600825918447459,10.600825918447459,10.600825918447459,10.600825918447459,10.600825918447459,10.600825918447459,10.600825918447459,10.600825918447459,10.600825918447459,10.600825918447459,10.600825918447459,10.600825918447459,10.600825918447459,10.600825918447459,10.600825918447459,10.600825918447459,10.600825918447459,10.600825918447459,10.600825918447459,10.600825918447459,10.600825918447459,10.600825918447459,10.600825918447459,10.600825918447459,10.600825918447459,10.600825918447459,10.600825918447459,10.600825918447459,10.600825918447459,10.600825918447459,10.600825918447459,10.600825918447459,10.600825918447459,10.600825918447459,10.600825918447459,10.600825918447459,10.600825918447459,10.600825918447459,10.600825918447459,10.600825918447459,10.600825918447459,10.600825918447459,10.600825918447459,10.600825918447459,10.600825918447459,10.600825918447459,10.600825918447459,10.600825918447459,10.600825918447459,10.600825918447459,10.600825918447459,10.600825918447459,10.600825918447459,10.600825918447459,10.600825918447459,10.600825918447459,10.600825918447459,10.600825918447459,10.600825918447459,10.600825918447459,10.600825918447459,10.600825918447459,10.600825918447459,10.600825918447459,10.600825918447459
0.41818181818181815,10.600825918447459,10.600825918447459,10.600825918447459,10.600825918447459,10.600825918447459,10.600825918447459,10.600825918447459,10.600825918447459,10.600825918447459,10.600825918447459,10.600825918447459,10.600825918447459,10.600825918447459,10.600825918447459,10.600825918447459,10.600825918447459,10.600825918447459,10.600825918447459,10.600825918447459,10.600825918447459,10.600825918447459,10.600825918447459,10.600825918447459,10.600825918447459,10.600825918447459,10.600825918447459,10.600825918447459,10.600825918447459,10.600825918447459,10.600825918447459,10.600825918447459,10.600825918447459,10.600825918447459,10.600825918447459,10.600825918447459,10.600825918447459,10.600825918447459,10.600825918447459,10.600825918447459,10.600825918447459,10.600825918447459,10.600825918447459,10.600825918447459,10.600825918447459,10.600825918447459,10.600825918447459,10.600825918447459,10.600825918447459,10.600825918447459,10.600825918447459,10.600825918447459,10.600825918447459,10.600825918447459,10.600825918447459,10.600825918447459,10.600825918447459,10.600825918447459,10.600825918447459,10.600825918447459,10.600825918447459,10.600825918447459,10.600825918447459,10.600825918447459,10.600825918447459,10.600825918447459,10.600825918447459,10.600825918447459,10.600825918447459,10.600825918447459,10.600825918447459,10.600825918447459,10.600825918447459,10.600825918447459,10.600825918447459,10.600825918447459,10.600825918447459,10.600825918447459,10.600825918447459,10.600825918447459,10.600825918447459,10.600825918447459,10.600825918447459,10.600825918447459,10.600825918447459,10.600825918447459,10.600825918447459,10.600825918447459,10.600825918447459,10.600825918447459,10.600825918447459,10.600825918447459,10.600825918447459,10.600825918447459,10.600825918447459,10.600825918447459,10.600825918447459,10.600825918447459,10.600825918447459,10.600825918447459,10.600825918447459
0.42727272727272725,10.600825918447459,10.600825918447459,10.600825918447459,10.600825918447459,10.600825918447459,10.600825918447459,10.600825918447459,10.600825918447459,10.600825918447459,10.600825918447459,10.600825918447459,10.600825918447459,10.600825918447459,10.600825918447459,10.600825918447459,10.600825918447459,10.600825918447459,10.600825918447459,10.600825918447459,10.600825918447459,10.600825918447459,10.600825918447459,10.600825918447459,10.600825918447459,10.600825918447459,10.600825918447459,10.600825918447459,10.600825918447459,10.600825918447459,10.600825918447459,10.600825918447459,10.600825918447459,10.600825918447459,10.600825918447459,10.600825918447459,10.600825918447459,10.600825918447459,10.600825918447459,10.600825918447459,10.600825918447459,10.600825918447459,10.600825918447459,10.600825918447459,10.600825918447459,10.600825918447459,10.600825918447459,10.600825918447459,10.600825918447459,10.600825918447459,10.600825918447459,10.600825918447459,10.600825918447459,10.600825918447459,10.600825918447459,10.600825918447459,10.600825918447459,10.600825918447459,10.600825918447459,10.600825918447459,10.600825918447459,10.600825918447459,10.600825918447459,10.600825918447459,10.600825918447459,10.600825918447459,10.600825918447459,10.600825918447459,10.600825918447459,10.600825918447459,10.600825918447459,10.600825918447459,10.600825918447459,10.600825918447459,10.600825918447459,10.600825918447459,10.600825918447459,10.600825918447459,10.600825918447459,10.600825918447459,10.600825918447459,10.600825918447459,10.600825918447459,10.600825918447459,10.600825918447459,10.600825918447459,10.600825918447459,10.600825918447459,10.600825918447459,10.600825918447459,10.600825918447459,10.600825918447459,10.600825918447459,10.600825918447459,10.600825918447459,10.600825918447459,10.600825918447459,10.600825918447459,10.600825918447459,10.600825918447459,10.600825918447459
0.43636363636363634,10.600825918447459,10.600825918447459,10.600825918447459,10.600825918447459,10.600825918447459,10.600825918447459,10.600825918447459,10.600825918447459,10.600825918447459,10.600825918447459,10.600825918447459,10.600825918447459,10.600825918447459,10.600825918447459,10.600825918447459,10.600825918447459,10.600825918447459,10.600825918447459,10.600825918447459,10.600825918447459,10.600825918447459,10.600825918447459,10.600825918447459,10.600825918447459,10.600825918447459,10.600825918447459,10.600825918447459,10.600825918447459,10.600825918447459,10.600825918447459,10.600825918447459,10.600825918447459,10.600825918447459,10.600825918447459,10.600825918447459,10.600825918447459,10.600825918447459,10.600825918447459,10.600825918447459,10.600825918447459,10.600825918447459,10.600825918447459,10.600825918447459,10.600825918447459,10.600825918447459,10.600825918447459,10.600825918447459,10.600825918447459,10.600825918447459,10.600825918447459,10.600825918447459,10.600825918447459,10.600825918447459,10.600825918447459,10.600825918447459,10.600825918447459,10.600825918447459,10.600825918447459,10.600825918447459,10.600825918447459,10.600825918447459,10.600825918447459,10.600825918447459,10.600825918447459,10.600825918447459,10.600825918447459,10.600825918447459,10.600825918447459,10.600825918447459,10.600825918447459,10.600825918447459,10.600825918447459,10.600825918447459,10.600825918447459,10.600825918447459,10.600825918447459,10.600825918447459,10.600825918447459,10.600825918447459,10.600825918447459,10.600825918447459,10.600825918447459,10.600825918447459,10.600825918447459,10.600825918447459,10.600825918447459,10.600825918447459,10.600825918447459,10.600825918447459,10.600825918447459,10.600825918447459,10.600825918447459,10.600825918447459,10.600825918447459,10.600825918447459,10.600825918447459,10.600825918447459,10.600825918447459,10.600825918447459,10.600825918447459
0.44545454545454544,10.600825918447459,10.600825918447459,10.600825918447459,10.600825918447459,10.600825918447459,10.600825918447459,10.600825918447459,10.600825918447459,10.600825918447459,10.600825918447459,10.600825918447459,10.600825918447459,10.600825918447459,10.600825918447459,10.600825918447459,10.600825918447459,10.600825918447459,10.600825918447459,10.600825918447459,10.600825918447459,10.600825918447459,10.600825918447459,10.600825918447459,10.600825918447459,10.600825918447459,10.600825918447459,10.600825918447459,10.600825918447459,10.600825918447459,10.600825918447459,10.600825918447459,10.600825918447459,10.600825918447459,10.600825918447459,10.600825918447459,10.600825918447459,10.600825918447459,10.600825918447459,10.600825918447459,10.600825918447459,10.600825918447459,10.600825918447459,10.600825918447459,10.600825918447459,10.600825918447459,10.600825918447459,10.600825918447459,10.600825918447459,10.600825918447459,10.600825918447459,10.600825918447459,10.600825918447459,10.600825918447459,10.600825918447459,10.600825918447459,10.600825918447459,10.600825918447459,10.600825918447459,10.600825918447459,10.600825918447459,10.600825918447459,10.600825918447459,10.600825918447459,10.600825918447459,10.600825918447459,10.600825918447459,10.600825918447459,10.600825918447459,10.600825918447459,10.600825918447459,10.600825918447459,10.600825918447459,10.600825918447459,10.600825918447459,10.600825918447459,10.600825918447459,10.600825918447459,10.600825918447459,10.600825918447459,10.600825918447459,10.600825918447459,10.600825918447459,10.600825918447459,10.600825918447459,10.600825918447459,10.600825918447459,10.600825918447459,10.600825918447459,10.600825918447459,10.600825918447459,10.600825918447459,10.600825918447459,10.600825918447459,10.600825918447459,10.600825918447459,10.600825918447459,10.600825918447459,10.600825918447459,10.600825918447459,10.600825918447459
0.45454545454545453,10.600825918447459,10.600825918447459,10.600825918447459,10.600825918447459,10.600825918447459,10.600825918447459,10.600825918447459,10.600825918447459,10.600825918447459,10.600825918447459,10.600825918447459,10.600825918447459,10.600825918447459,10.600825918447459,10.600825918447459,10.600825918447459,10.600825918447459,10.600825918447459,10.600825918447459,10.600825918447459,10.600825918447459,10.600825918447459,10.600825918447459,10.600825918447459,10.600825918447459,10.600825918447459,10.600825918447459,10.600825918447459,10.600825918447459,10.600825918447459,10.600825918447459,10.600825918447459,10.600825918447459,10.600825918447459,10.600825918447459,10.600825918447459,10.600825918447459,10.600825918447459,10.600825918447459,10.600825918447459,10.600825918447459,10.600825918447459,10.600825918447459,10.600825918447459,10.600825918447459,10.600825918447459,10.600825918447459,10.600825918447459,10.600825918447459,10.600825918447459,10.600825918447459,10.600825918447459,10.600825918447459,10.600825918447459,10.600825918447459,10.600825918447459,10.600825918447459,10.600825918447459,10.600825918447459,10.600825918447459,10.600825918447459,10.600825918447459,10.600825918447459,10.600825918447459,10.600825918447459,10.600825918447459,10.600825918447459,10.600825918447459,10.600825918447459,10.600825918447459,10.600825918447459,10.600825918447459,10.600825918447459,10.600825918447459,10.600825918447459,10.600825918447459,10.600825918447459,10.600825918447459,10.600825918447459,10.600825918447459,10.600825918447459,10.600825918447459,10.600825918447459,10.600825918447459,10.600825918447459,10.600825918447459,10.600825918447459,10.600825918447459,10.600825918447459,10.600825918447459,10.600825918447459,10.600825918447459,10.600825918447459,10.600825918447459,10.600825918447459,10.600825918447459,10.600825918447459,10.600825918447459,10.600825918447459,10.600825918447459
0.4636363636363636,10.600825918447459,10.600825918447459,10.600825918447459,10.600825918447459,10.600825918447459,10.600825918447459,10.600825918447459,10.600825918447459,10.600825918447459,10.600825918447459,10.600825918447459,10.600825918447459,10.600825918447459,10.600825918447459,10.600825918447459,10.600825918447459,10.600825918447459,10.600825918447459,10.600825918447459,10.600825918447459,10.600825918447459,10.600825918447459,10.600825918447459,10.600825918447459,10.600825918447459,10.600825918447459,10.600825918447459,10.600825918447459,10.600825918447459,10.600825918447459,10.600825918447459,10.600825918447459,10.600825918447459,10.600825918447459,10.600825918447459,10.600825918447459,10.600825918447459,10.600825918447459,10.600825918447459,10.600825918447459,10.600825918447459,10.600825918447459,10.600825918447459,10.600825918447459,10.600825918447459,10.600825918447459,10.600825918447459,10.600825918447459,10.600825918447459,10.600825918447459,10.600825918447459,10.600825918447459,10.600825918447459,10.600825918447459,10.600825918447459,10.600825918447459,10.600825918447459,10.600825918447459,10.600825918447459,10.600825918447459,10.600825918447459,10.600825918447459,10.600825918447459,10.600825918447459,10.600825918447459,10.600825918447459,10.600825918447459,10.600825918447459,10.600825918447459,10.600825918447459,10.600825918447459,10.600825918447459,10.600825918447459,10.600825918447459,10.600825918447459,10.600825918447459,10.600825918447459,10.600825918447459,10.600825918447459,10.600825918447459,10.600825918447459,10.600825918447459,10.600825918447459,10.600825918447459,10.600825918447459,10.600825918447459,10.600825918447459,10.600825918447459,10.600825918447459,10.600825918447459,10.600825918447459,10.600825918447459,10.600825918447459,10.600825918447459,10.600825918447459,10.600825918447459,10.600825918447459,10.600825918447459,10.600825918447459,10.600825918447459
0.4727272727272727,10.600825918447459,10.600825918447459,10.600825918447459,10.600825918447459,10.600825918447459,10.600825918447459,10.600825918447459,10.600825918447459,10.600825918447459,10.600825918447459,10.600825918447459,10.600825918447459,10.600825918447459,10.600825918447459,10.600825918447459,10.600825918447459,10.600825918447459,10.600825918447459,10.600825918447459,10.600825918447459,10.600825918447459,10.600825918447459,10.600825918447459,10.600825918447459,10.600825918447459,10.600825918447459,10.600825918447459,10.600825918447459,10.600825918447459,10.600825918447459,10.600825918447459,10.600825918447459,10.600825918447459,10.600825918447459,10.600825918447459,10.600825918447459,10.600825918447459,10.600825918447459,10.600825918447459,10.600825918447459,10.600825918447459,10.600825918447459,10.600825918447459,10.600825918447459,10.600825918447459,10.600825918447459,10.600825918447459,10.600825918447459,10.600825918447459,10.600825918447459,10.600825918447459,10.600825918447459,10.600825918447459,10.600825918447459,10.600825918447459,10.600825918447459,10.600825918447459,10.600825918447459,10.600825918447459,10.600825918447459,10.600825918447459,10.600825918447459,10.600825918447459,10.600825918447459,10.600825918447459,10.600825918447459,10.600825918447459,10.600825918447459,10.600825918447459,10.600825918447459,10.600825918447459,10.600825918447459,10.600825918447459,10.600825918447459,10.600825918447459,10.600825918447459,10.600825918447459,10.600825918447459,10.600825918447459,10.600825918447459,10.600825918447459,10.600825918447459,10.600825918447459,10.600825918447459,10.600825918447459,10.600825918447459,10.600825918447459,10.600825918447459,10.600825918447459,10.600825918447459,10.600825918447459,10.600825918447459,10.600825918447459,10.600825918447459,10.600825918447459,10.600825918447459,10.600825918447459,10.600825918447459,10.600825918447459,10.600825918447459
0.4818181818181818,10.600825918447459,10.600825918447459,10.600825918447459,10.600825918447459,10.600825918447459,10.600825918447459,10.600825918447459,10.600825918447459,10.600825918447459,10.600825918447459,10.600825918447459,10.600825918447459,10.600825918447459,10.600825918447459,10.600825918447459,10.600825918447459,10.600825918447459,10.600825918447459,10.600825918447459,10.600825918447459,10.600825918447459,10.600825918447459,10.600825918447459,10.600825918447459,10.600825918447459,10.600825918447459,10.600825918447459,10.600825918447459,10.600825918447459,10.600825918447459,10.600825918447459,10.600825918447459,10.600825918447459,10.600825918447459,10.600825918447459,10.600825918447459,10.600825918447459,10.600825918447459,10.600825918447459,10.600825918447459,10.600825918447459,10.600825918447459,10.600825918447459,10.600825918447459,10.600825918447459,10.600825918447459,10.600825918447459,10.600825918447459,10.600825918447459,10.600825918447459,10.600825918447459,10.600825918447459,10.600825918447459,10.600825918447459,10.600825918447459,10.600825918447459,10.600825918447459,10.600825918447459,10.600825918447459,10.600825918447459,10.600825918447459,10.600825918447459,10.600825918447459,10.600825918447459,10.600825918447459,10.600825918447459,10.600825918447459,10.600825918447459,10.600825918447459,10.600825918447459,10.600825918447459,10.600825918447459,10.600825918447459,10.600825918447459,10.600825918447459,10.600825918447459,10.600825918447459,10.600825918447459,10.600825918447459,10.600825918447459,10.600825918447459,10.600825918447459,10.600825918447459,10.600825918447459,10.600825918447459,10.600825918447459,10.600825918447459,10.600825918447459,10.600825918447459,10.600825918447459,10.600825918447459,10.600825918447459,10.600825918447459,10.600825918447459,10.600825918447459,10.600825918447459,10.600825918447459,10.600825918447459,10.600825918447459,10.600825918447459
0.4909090909090909,10.600825918447459,10.600825918447459,10.600825918447459,10.600825918447459,10.600825918447459,10.600825918447459,10.600825918447459,10.600825918447459,10.600825918447459,10.600825918447459,10.600825918447459,10.600825918447459,10.600825918447459,10.600825918447459,10.600825918447459,10.600825918447459,10.600825918447459,10.600825918447459,10.600825918447459,10.600825918447459,10.600825918447459,10.600825918447459,10.600825918447459,10.600825918447459,10.600825918447459,10.600825918447459,10.600825918447459,10.600825918447459,10.600825918447459,10.600825918447459,10.600825918447459,10.600825918447459,10.600825918447459,10.600825918447459,10.600825918447459,10.600825918447459,10.600825918447459,10.600825918447459,10.600825918447459,10.600825918447459,10.600825918447459,10.600825918447459,10.600825918447459,10.600825918447459,10.600825918447459,10.600825918447459,10.600825918447459,10.600825918447459,10.600825918447459,10.600825918447459,10.600825918447459,10.600825918447459,10.600825918447459,10.600825918447459,10.600825918447459,10.600825918447459,10.600825918447459,10.600825918447459,10.600825918447459,10.600825918447459,10.600825918447459,10.600825918447459,10.600825918447459,10.600825918447459,10.600825918447459,10.600825918447459,10.600825918447459,10.600825918447459,10.600825918447459,10.600825918447459,10.600825918447459,10.600825918447459,10.600825918447459,10.600825918447459,10.600825918447459,10.600825918447459,10.600825918447459,10.600825918447459,10.600825918447459,10.600825918447459,10.600825918447459,10.600825918447459,10.600825918447459,10.600825918447459,10.600825918447459,10.600825918447459,10.600825918447459,10.600825918447459,10.600825918447459,10.600825918447459,10.600825918447459,10.600825918447459,10.600825918447459,10.600825918447459,10.600825918447459,10.600825918447459,10.600825918447459,10.600825918447459,10.600825918447459,10.600825918447459
0.5,10.600825918447459,10.600825918447459,10.600825918447459,10.600825918447459,10.600825918447459,10.600825918447459,10.600825918447459,10.600825918447459,10.600825918447459,10.600825918447459,10.600825918447459,10.600825918447459,10.600825918447459,10.600825918447459,10.600825918447459,10.600825918447459,10.600825918447459,10.600825918447459,10.600825918447459,10.600825918447459,10.600825918447459,10.600825918447459,10.600825918447459,10.600825918447459,10.600825918447459,10.600825918447459,10.600825918447459,10.600825918447459,10.600825918447459,10.600825918447459,10.600825918447459,10.600825918447459,10.600825918447459,10.600825918447459,10.600825918447459,10.600825918447459,10.600825918447459,10.600825918447459,10.600825918447459,10.600825918447459,10.600825918447459,10.600825918447459,10.600825918447459,10.600825918447459,10.600825918447459,10.600825918447459,10.600825918447459,10.600825918447459,10.600825918447459,10.600825918447459,10.600825918447459,10.600825918447459,10.600825918447459,10.600825918447459,10.600825918447459,10.600825918447459,10.600825918447459,10.600825918447459,10.600825918447459,10.600825918447459,10.600825918447459,10.600825918447459,10.600825918447459,10.600825918447459,10.600825918447459,10.600825918447459,10.600825918447459,10.600825918447459,10.600825918447459,10.600825918447459,10.600825918447459,10.600825918447459,10.600825918447459,10.600825918447459,10.600825918447459,10.600825918447459,10.600825918447459,10.600825918447459,10.600825918447459,10.600825918447459,10.600825918447459,10.600825918447459,10.600825918447459,10.600825918447459,10.600825918447459,10.600825918447459,10.600825918447459,10.600825918447459,10.600825918447459,10.600825918447459,10.600825918447459,10.600825918447459,10.600825918447459,10.600825918447459,10.600825918447459,10.600825918447459,10.600825918447459,10.600825918447459,10.600825918447459,10.600825918447459
0.509090909090909,10.600825918447459,10.600825918447459,10.600825918447459,10.600825918447459,10.600825918447459,10.600825918447459,10.600825918447459,10.600825918447459,10.600825918447459,10.600825918447459,10.600825918447459,10.600825918447459,10.600825918447459,10.600825918447459,10.600825918447459,10.600825918447459,10.600825918447459,10.600825918447459,10.600825918447459,10.600825918447459,10.600825918447459,10.600825918447459,10.600825918447459,10.600825918447459,10.600825918447459,10.600825918447459,10.600825918447459,10.600825918447459,10.600825918447459,10.600825918447459,10.600825918447459,10.600825918447459,10.600825918447459,10.600825918447459,10.600825918447459,10.600825918447459,10.600825918447459,10.600825918447459,10.600825918447459,10.600825918447459,10.600825918447459,10.600825918447459,10.600825918447459,10.600825918447459,10.600825918447459,10.600825918447459,10.600825918447459,10.600825918447459,10.600825918447459,10.600825918447459,10.600825918447459,10.600825918447459,10.600825918447459,10.600825918447459,10.600825918447459,10.600825918447459,10.600825918447459,10.600825918447459,10.600825918447459,10.600825918447459,10.600825918447459,10.600825918447459,10.600825918447459,10.600825918447459,10.600825918447459,10.600825918447459,10.600825918447459,10.600825918447459,10.600825918447459,10.600825918447459,10.600825918447459,10.600825918447459,10.600825918447459,10.600825918447459,10.600825918447459,10.600825918447459,10.600825918447459,10.600825918447459,10.600825918447459,10.600825918447459,10.600825918447459,10.600825918447459,10.600825918447459,10.600825918447459,10.600825918447459,10.600825918447459,10.600825918447459,10.600825918447459,10.600825918447459,10.600825918447459,10.600825918447459,10.600825918447459,10.600825918447459,10.600825918447459,10.600825918447459,10.600825918447459,10.600825918447459,10.600825918447459,10.600825918447459,10.600825918447459
0.5181818181818182,10.600825918447459,10.600825918447459,10.600825918447459,10.600825918447459,10.600825918447459,10.600825918447459,10.600825918447459,10.600825918447459,10.600825918447459,10.600825918447459,10.600825918447459,10.600825918447459,10.600825918447459,10.600825918447459,10.600825918447459,10.600825918447459,10.600825918447459,10.600825918447459,10.600825918447459,10.600825918447459,10.600825918447459,10.600825918447459,10.600825918447459,10.600825918447459,10.600825918447459,10.600825918447459,10.600825918447459,10.600825918447459,10.600825918447459,10.600825918447459,10.600825918447459,10.600825918447459,10.600825918447459,10.600825918447459,10.600825918447459,10.600825918447459,10.600825918447459,10.600825918447459,10.600825918447459,10.600825918447459,10.600825918447459,10.600825918447459,10.600825918447459,10.600825918447459,10.600825918447459,10.600825918447459,10.600825918447459,10.600825918447459,10.600825918447459,10.600825918447459,10.600825918447459,10.600825918447459,10.600825918447459,10.600825918447459,10.600825918447459,10.600825918447459,10.600825918447459,10.600825918447459,10.600825918447459,10.600825918447459,10.600825918447459,10.600825918447459,10.600825918447459,10.600825918447459,10.600825918447459,10.600825918447459,10.600825918447459,10.600825918447459,10.600825918447459,10.600825918447459,10.600825918447459,10.600825918447459,10.600825918447459,10.600825918447459,10.600825918447459,10.600825918447459,10.600825918447459,10.600825918447459,10.600825918447459,10.600825918447459,10.600825918447459,10.600825918447459,10.600825918447459,10.600825918447459,10.600825918447459,10.600825918447459,10.600825918447459,10.600825918447459,10.600825918447459,10.600825918447459,10.600825918447459,10.600825918447459,10.600825918447459,10.600825918447459,10.600825918447459,10.600825918447459,10.600825918447459,10.600825918447459,10.600825918447459,10.600825918447459
0.5272727272727272,10.600825918447459,10.600825918447459,10.600825918447459,10.600825918447459,10.600825918447459,10.600825918447459,10.600825918447459,10.600825918447459,10.600825918447459,10.600825918447459,10.600825918447459,10.600825918447459,10.600825918447459,10.600825918447459,10.600825918447459,10.600825918447459,10.600825918447459,10.600825918447459,10.600825918447459,10.600825918447459,10.600825918447459,10.600825918447459,10.600825918447459,10.600825918447459,10.600825918447459,10.600825918447459,10.600825918447459,10.600825918447459,10.600825918447459,10.600825918447459,10.600825918447459,10.600825918447459,10.600825918447459,10.600825918447459,10.600825918447459,10.600825918447459,10.600825918447459,10.600825918447459,10.600825918447459,10.600825918447459,10.600825918447459,10.600825918447459,10.600825918447459,10.600825918447459,10.600825918447459,10.600825918447459,10.600825918447459,10.600825918447459,10.600825918447459,10.600825918447459,10.600825918447459,10.600825918447459,10.600825918447459,10.600825918447459,10.600825918447459,10.600825918447459,10.600825918447459,10.600825918447459,10.600825918447459,10.600825918447459,10.600825918447459,10.600825918447459,10.600825918447459,10.600825918447459,10.600825918447459,10.600825918447459,10.600825918447459,10.600825918447459,10.600825918447459,10.600825918447459,10.600825918447459,10.600825918447459,10.600825918447459,10.600825918447459,10.600825918447459,10.600825918447459,10.600825918447459,10.600825918447459,10.600825918447459,10.600825918447459,10.600825918447459,10.600825918447459,10.600825918447459,10.600825918447459,10.600825918447459,10.600825918447459,10.600825918447459,10.600825918447459,10.600825918447459,10.600825918447459,10.600825918447459,10.600825918447459,10.600825918447459,10.600825918447459,10.600825918447459,10.600825918447459,10.600825918447459,10.600825918447459,10.600825918447459,10.600825918447459
0.5363636363636364,10.600825918447459,10.600825918447459,10.600825918447459,10.600825918447459,10.600825918447459,10.600825918447459,10.600825918447459,10.600825918447459,10.600825918447459,10.600825918447459,10.600825918447459,10.600825918447459,10.600825918447459,10.600825918447459,10.600825918447459,10.600825918447459,10.600825918447459,10.600825918447459,10.600825918447459,10.600825918447459,10.600825918447459,10.600825918447459,10.600825918447459,10.600825918447459,10.600825918447459,10.600825918447459,10.600825918447459,10.600825918447459,10.600825918447459,10.600825918447459,10.600825918447459,10.600825918447459,10.600825918447459,10.600825918447459,10.600825918447459,10.600825918447459,10.600825918447459,10.600825918447459,10.600825918447459,10.600825918447459,10.600825918447459,10.600825918447459,10.600825918447459,10.600825918447459,10.600825918447459,10.600825918447459,10.600825918447459,10.600825918447459,10.600825918447459,10.600825918447459,10.600825918447459,10.600825918447459,10.600825918447459,10.600825918447459,10.600825918447459,10.600825918447459,10.600825918447459,10.600825918447459,10.600825918447459,10.600825918447459,10.600825918447459,10.600825918447459,10.600825918447459,10.600825918447459,10.600825918447459,10.600825918447459,10.600825918447459,10.600825918447459,10.600825918447459,10.600825918447459,10.600825918447459,10.600825918447459,10.600825918447459,10.600825918447459,10.600825918447459,10.600825918447459,10.600825918447459,10.600825918447459,10.600825918447459,10.600825918447459,10.600825918447459,10.600825918447459,10.600825918447459,10.600825918447459,10.600825918447459,10.600825918447459,10.600825918447459,10.600825918447459,10.600825918447459,10.600825918447459,10.600825918447459,10.600825918447459,10.600825918447459,10.600825918447459,10.600825918447459,10.600825918447459,10.600825918447459,10.600825918447459,10.600825918447459,10.600825918447459
0.5454545454545454,10.600825918447459,10.600825918447459,10.600825918447459,10.600825918447459,10.600825918447459,10.600825918447459,10.600825918447459,10.600825918447459,10.600825918447459,10.600825918447459,10.600825918447459,10.600825918447459,10.600825918447459,10.600825918447459,10.600825918447459,10.600825918447459,10.600825918447459,10.600825918447459,10.600825918447459,10.600825918447459,10.600825918447459,10.600825918447459,10.600825918447459,10.600825918447459,10.600825918447459,10.600825918447459,10.600825918447459,10.600825918447459,10.600825918447459,10.600825918447459,10.600825918447459,10.600825918447459,10.600825918447459,10.600825918447459,10.600825918447459,10.600825918447459,10.600825918447459,10.600825918447459,10.600825918447459,10.600825918447459,10.600825918447459,10.600825918447459,10.600825918447459,10.600825918447459,10.600825918447459,10.600825918447459,10.600825918447459,10.600825918447459,10.600825918447459,10.600825918447459,10.600825918447459,10.600825918447459,10.600825918447459,10.600825918447459,10.600825918447459,10.600825918447459,10.600825918447459,10.600825918447459,10.600825918447459,10.600825918447459,10.600825918447459,10.600825918447459,10.600825918447459,10.600825918447459,10.600825918447459,10.600825918447459,10.600825918447459,10.600825918447459,10.600825918447459,10.600825918447459,10.600825918447459,10.600825918447459,10.600825918447459,10.600825918447459,10.600825918447459,10.600825918447459,10.600825918447459,10.600825918447459,10.600825918447459,10.600825918447459,10.600825918447459,10.600825918447459,10.600825918447459,10.600825918447459,10.600825918447459,10.600825918447459,10.600825918447459,10.600825918447459,10.600825918447459,10.600825918447459,10.600825918447459,10.600825918447459,10.600825918447459,10.600825918447459,10.600825918447459,10.600825918447459,10.600825918447459,10.600825918447459,10.600825918447459,10.600825918447459
0.5545454545454546,10.600825918447459,10.600825918447459,10.600825918447459,10.600825918447459,10.600825918447459,10.600825918447459,10.600825918447459,10.600825918447459,10.600825918447459,10.600825918447459,10.600825918447459,10.600825918447459,10.600825918447459,10.600825918447459,10.600825918447459,10.600825918447459,10.600825918447459,10.600825918447459,10.600825918447459,10.600825918447459,10.600825918447459,10.600825918447459,10.600825918447459,10.600825918447459,10.600825918447459,10.600825918447459,10.600825918447459,10.600825918447459,10.600825918447459,10.600825918447459,10.600825918447459,10.600825918447459,10.600825918447459,10.600825918447459,10.600825918447459,10.600825918447459,10.600825918447459,10.600825918447459,10.600825918447459,10.600825918447459,10.600825918447459,10.600825918447459,10.600825918447459,10.600825918447459,10.600825918447459,10.600825918447459,10.600825918447459,10.600825918447459,10.600825918447459,10.600825918447459,10.600825918447459,10.600825918447459,10.600825918447459,10.600825918447459,10.600825918447459,10.600825918447459,10.600825918447459,10.600825918447459,10.600825918447459,10.600825918447459,10.600825918447459,10.600825918447459,10.600825918447459,10.600825918447459,10.600825918447459,10.600825918447459,10.600825918447459,10.600825918447459,10.600825918447459,10.600825918447459,10.600825918447459,10.600825918447459,10.600825918447459,10.600825918447459,10.600825918447459,10.600825918447459,10.600825918447459,10.600825918447459,10.600825918447459,10.600825918447459,10.600825918447459,10.600825918447459,10.600825918447459,10.600825918447459,10.600825918447459,10.600825918447459,10.600825918447459,10.600825918447459,10.600825918447459,10.600825918447459,10.600825918447459,10.600825918447459,10.600825918447459,10.600825918447459,10.600825918447459,10.600825918447459,10.600825918447459,10.600825918447459,10.600825918447459,10.600825918447459
0.5636363636363636,10.600825918447459,10.600825918447459,10.600825918447459,10.600825918447459,10.600825918447459,10.600825918447459,10.600825918447459,10.600825918447459,10.600825918447459,10.600825918447459,10.600825918447459,10.600825918447459,10.600825918447459,10.600825918447459,10.600825918447459,10.600825918447459,10.600825918447459,10.600825918447459,10.600825918447459,10.600825918447459,10.600825918447459,10.600825918447459,10.600825918447459,10.600825918447459,10.600825918447459,10.600825918447459,10.600825918447459,10.600825918447459,10.600825918447459,10.600825918447459,10.600825918447459,10.600825918447459,10.600825918447459,10.600825918447459,10.600825918447459,10.600825918447459,10.600825918447459,10.600825918447459,10.600825918447459,10.600825918447459,10.600825918447459,10.600825918447459,10.600825918447459,10.600825918447459,10.600825918447459,10.600825918447459,10.600825918447459,10.600825918447459,10.600825918447459,10.600825918447459,10.600825918447459,10.600825918447459,10.600825918447459,10.600825918447459,10.600825918447459,10.600825918447459,10.600825918447459,10.600825918447459,10.600825918447459,10.600825918447459,10.600825918447459,10.600825918447459,10.600825918447459,10.600825918447459,10.600825918447459,10.600825918447459,10.600825918447459,10.600825918447459,10.600825918447459,10.600825918447459,10.600825918447459,10.600825918447459,10.600825918447459,10.600825918447459,10.600825918447459,10.600825918447459,10.600825918447459,10.600825918447459,10.600825918447459,10.600825918447459,10.600825918447459,10.600825918447459,10.600825918447459,10.600825918447459,10.600825918447459,10.600825918447459,10.600825918447459,10.600825918447459,10.600825918447459,10.600825918447459,10.600825918447459,10.600825918447459,10.600825918447459,10.600825918447459,10.600825918447459,10.600825918447459,10.600825918447459,10.600825918447459,10.600825918447459,10.600825918447459
0.5727272727272728,10.600825918447459,10.600825918447459,10.600825918447459,10.600825918447459,10.600825918447459,10.600825918447459,10.600825918447459,10.600825918447459,10.600825918447459,10.600825918447459,10.600825918447459,10.600825918447459,10.600825918447459,10.600825918447459,10.600825918447459,10.600825918447459,10.600825918447459,10.600825918447459,10.600825918447459,10.600825918447459,10.600825918447459,10.600825918447459,10.600825918447459,10.600825918447459,10.600825918447459,10.600825918447459,10.600825918447459,10.600825918447459,10.600825918447459,10.600825918447459,10.600825918447459,10.600825918447459,10.600825918447459,10.600825918447459,10.600825918447459,10.600825918447459,10.600825918447459,10.600825918447459,10.600825918447459,10.600825918447459,10.600825918447459,10.600825918447459,10.600825918447459,10.600825918447459,10.600825918447459,10.600825918447459,10.600825918447459,10.600825918447459,10.600825918447459,10.600825918447459,10.600825918447459,10.600825918447459,10.600825918447459,10.600825918447459,10.600825918447459,10.600825918447459,10.600825918447459,10.600825918447459,10.600825918447459,10.600825918447459,10.600825918447459,10.600825918447459,10.600825918447459,10.600825918447459,10.600825918447459,10.600825918447459,10.600825918447459,10.600825918447459,10.600825918447459,10.600825918447459,10.600825918447459,10.600825918447459,10.600825918447459,10.600825918447459,10.600825918447459,10.600825918447459,10.600825918447459,10.600825918447459,10.600825918447459,10.600825918447459,10.600825918447459,10.600825918447459,10.600825918447459,10.600825918447459,10.600825918447459,10.600825918447459,10.600825918447459,10.600825918447459,10.600825918447459,10.600825918447459,10.600825918447459,10.600825918447459,10.600825918447459,10.600825918447459,10.600825918447459,10.600825918447459,10.600825918447459,10.600825918447459,10.600825918447459,10.600825918447459
0.5818181818181818,10.600825918447459,10.600825918447459,10.600825918447459,10.600825918447459,10.600825918447459,10.600825918447459,10.600825918447459,10.600825918447459,10.600825918447459,10.600825918447459,10.600825918447459,10.600825918447459,10.600825918447459,10.600825918447459,10.600825918447459,10.600825918447459,10.600825918447459,10.600825918447459,10.600825918447459,10.600825918447459,10.600825918447459,10.600825918447459,10.600825918447459,10.600825918447459,10.600825918447459,10.600825918447459,10.600825918447459,10.600825918447459,10.600825918447459,10.600825918447459,10.600825918447459,10.600825918447459,10.600825918447459,10.600825918447459,10.600825918447459,10.600825918447459,10.600825918447459,10.600825918447459,10.600825918447459,10.600825918447459,10.600825918447459,10.600825918447459,10.600825918447459,10.600825918447459,10.600825918447459,10.600825918447459,10.600825918447459,10.600825918447459,10.600825918447459,10.600825918447459,10.600825918447459,10.600825918447459,10.600825918447459,10.600825918447459,10.600825918447459,10.600825918447459,10.600825918447459,10.600825918447459,10.600825918447459,10.600825918447459,10.600825918447459,10.600825918447459,10.600825918447459,10.600825918447459,10.600825918447459,10.600825918447459,10.600825918447459,10.600825918447459,10.600825918447459,10.600825918447459,10.600825918447459,10.600825918447459,10.600825918447459,10.600825918447459,10.600825918447459,10.600825918447459,10.600825918447459,10.600825918447459,10.600825918447459,10.600825918447459,10.600825918447459,10.600825918447459,10.600825918447459,10.600825918447459,10.600825918447459,10.600825918447459,10.600825918447459,10.600825918447459,10.600825918447459,10.600825918447459,10.600825918447459,10.600825918447459,10.600825918447459,10.600825918447459,10.600825918447459,10.600825918447459,10.600825918447459,10.600825918447459,10.600825918447459,10.600825918447459
0.5909090909090908,10.600825918447459,10.600825918447459,10.600825918447459,10.600825918447459,10.600825918447459,10.600825918447459,10.600825918447459,10.600825918447459,10.600825918447459,10.600825918447459,10.600825918447459,10.600825918447459,10.600825918447459,10.600825918447459,10.600825918447459,10.600825918447459,10.600825918447459,10.600825918447459,10.600825918447459,10.600825918447459,10.600825918447459,10.600825918447459,10.600825918447459,10.600825918447459,10.600825918447459,10.600825918447459,10.600825918447459,10.600825918447459,10.600825918447459,10.600825918447459,10.600825918447459,10.600825918447459,10.600825918447459,10.600825918447459,10.600825918447459,10.600825918447459,10.600825918447459,10.600825918447459,10.600825918447459,10.600825918447459,10.600825918447459,10.600825918447459,10.600825918447459,10.600825918447459,10.600825918447459,10.600825918447459,10.600825918447459,10.600825918447459,10.600825918447459,10.600825918447459,10.600825918447459,10.600825918447459,10.600825918447459,10.600825918447459,10.600825918447459,10.600825918447459,10.600825918447459,10.600825918447459,10.600825918447459,10.600825918447459,10.600825918447459,10.600825918447459,10.600825918447459,10.600825918447459,10.600825918447459,10.600825918447459,10.600825918447459,10.600825918447459,10.600825918447459,10.600825918447459,10.600825918447459,10.600825918447459,10.600825918447459,10.600825918447459,10.600825918447459,10.600825918447459,10.600825918447459,10.600825918447459,10.600825918447459,10.600825918447459,10.600825918447459,10.600825918447459,10.600825918447459,10.600825918447459,10.600825918447459,10.600825918447459,10.600825918447459,10.600825918447459,10.600825918447459,10.600825918447459,10.600825918447459,10.600825918447459,10.600825918447459,10.600825918447459,10.600825918447459,10.600825918447459,10.600825918447459,10.600825918447459,10.600825918447459,10.600825918447459
0.6,10.600825918447459,10.600825918447459,10.600825918447459,10.600825918447459,10.600825918447459,10.600825918447459,10.600825918447459,10.600825918447459,10.600825918447459,10.600825918447459,10.600825918447459,10.600825918447459,10.600825918447459,10.600825918447459,10.600825918447459,10.600825918447459,10.600825918447459,10.600825918447459,10.600825918447459,10.600825918447459,10.600825918447459,10.600825918447459,10.600825918447459,10.600825918447459,10.600825918447459,10.600825918447459,10.600825918447459,10.600825918447459,10.600825918447459,10.600825918447459,10.600825918447459,10.600825918447459,10.600825918447459,10.600825918447459,10.600825918447459,10.600825918447459,10.600825918447459,10.600825918447459,10.600825918447459,10.600825918447459,10.600825918447459,10.600825918447459,10.600825918447459,10.600825918447459,10.600825918447459,10.600825918447459,10.600825918447459,10.600825918447459,10.600825918447459,10.600825918447459,10.600825918447459,10.600825918447459,10.600825918447459,10.600825918447459,10.600825918447459,10.600825918447459,10.600825918447459,10.600825918447459,10.600825918447459,10.600825918447459,10.600825918447459,10.600825918447459,10.600825918447459,10.600825918447459,10.600825918447459,10.600825918447459,10.600825918447459,10.600825918447459,10.600825918447459,10.600825918447459,10.600825918447459,10.600825918447459,10.600825918447459,10.600825918447459,10.600825918447459,10.600825918447459,10.600825918447459,10.600825918447459,10.600825918447459,10.600825918447459,10.600825918447459,10.600825918447459,10.600825918447459,10.600825918447459,10.600825918447459,10.600825918447459,10.600825918447459,10.600825918447459,10.600825918447459,10.600825918447459,10.600825918447459,10.600825918447459,10.600825918447459,10.600825918447459,10.600825918447459,10.600825918447459,10.600825918447459,10.600825918447459,10.600825918447459,10.600825918447459
0.609090909090909,10.600825918447459,10.600825918447459,10.600825918447459,10.600825918447459,10.600825918447459,10.600825918447459,10.600825918447459,10.600825918447459,10.600825918447459,10.600825918447459,10.600825918447459,10.600825918447459,10.600825918447459,10.600825918447459,10.600825918447459,10.600825918447459,10.600825918447459,10.600825918447459,10.600825918447459,10.600825918447459,10.600825918447459,10.600825918447459,10.600825918447459,10.600825918447459,10.600825918447459,10.600825918447459,10.600825918447459,10.600825918447459,10.600825918447459,10.600825918447459,10.600825918447459,10.600825918447459,10.600825918447459,10.600825918447459,10.600825918447459,10.600825918447459,10.600825918447459,10.600825918447459,10.600825918447459,10.600825918447459,10.600825918447459,10.600825918447459,10.600825918447459,10.600825918447459,10.600825918447459,10.600825918447459,10.600825918447459,10.600825918447459,10.600825918447459,10.600825918447459,10.600825918447459,10.600825918447459,10.600825918447459,10.600825918447459,10.600825918447459,10.600825918447459,10.600825918447459,10.600825918447459,10.600825918447459,10.600825918447459,10.600825918447459,10.600825918447459,10.600825918447459,10.600825918447459,10.600825918447459,10.600825918447459,10.600825918447459,10.600825918447459,10.600825918447459,10.600825918447459,10.600825918447459,10.600825918447459,10.600825918447459,10.600825918447459,10.600825918447459,10.600825918447459,10.600825918447459,10.600825918447459,10.600825918447459,10.600825918447459,10.600825918447459,10.600825918447459,10.600825918447459,10.600825918447459,10.600825918447459,10.600825918447459,10.600825918447459,10.600825918447459,10.600825918447459,10.600825918447459,10.600825918447459,10.600825918447459,10.600825918447459,10.600825918447459,10.600825918447459,10.600825918447459,10.600825918447459,10.600825918447459,10.600825918447459,10.600825918447459
0.6181818181818182,10.600825918447459,10.600825918447459,10.600825918447459,10.600825918447459,10.600825918447459,10.600825918447459,10.600825918447459,10.600825918447459,10.600825918447459,10.600825918447459,10.600825918447459,10.600825918447459,10.600825918447459,10.600825918447459,10.600825918447459,10.600825918447459,10.600825918447459,10.600825918447459,10.600825918447459,10.600825918447459,10.600825918447459,10.600825918447459,10.600825918447459,10.600825918447459,10.600825918447459,10.600825918447459,10.600825918447459,10.600825918447459,10.600825918447459,10.600825918447459,10.600825918447459,10.600825918447459,10.600825918447459,10.600825918447459,10.600825918447459,10.600825918447459,10.600825918447459,10.600825918447459,10.600825918447459,10.600825918447459,10.600825918447459,10.600825918447459,10.600825918447459,10.600825918447459,10.600825918447459,10.600825918447459,10.600825918447459,10.600825918447459,10.600825918447459,10.600825918447459,10.600825918447459,10.600825918447459,10.600825918447459,10.600825918447459,10.600825918447459,10.600825918447459,10.600825918447459,10.600825918447459,10.600825918447459,10.600825918447459,10.600825918447459,10.600825918447459,10.600825918447459,10.600825918447459,10.600825918447459,10.600825918447459,10.600825918447459,10.600825918447459,10.600825918447459,10.600825918447459,10.600825918447459,10.600825918447459,10.600825918447459,10.600825918447459,10.600825918447459,10.600825918447459,10.600825918447459,10.600825918447459,10.600825918447459,10.600825918447459,10.600825918447459,10.600825918447459,10.600825918447459,10.600825918447459,10.600825918447459,10.600825918447459,10.600825918447459,10.600825918447459,10.600825918447459,10.600825918447459,10.600825918447459,10.600825918447459,10.600825918447459,10.600825918447459,10.600825918447459,10.600825918447459,10.600825918447459,10.600825918447459,10.600825918447459,10.600825918447459
0.6272727272727272,10.600825918447459,10.600825918447459,10.600825918447459,10.600825918447459,10.600825918447459,10.600825918447459,10.600825918447459,10.600825918447459,10.600825918447459,10.600825918447459,10.600825918447459,10.600825918447459,10.600825918447459,10.600825918447459,10.600825918447459,10.600825918447459,10.600825918447459,10.600825918447459,10.600825918447459,10.600825918447459,10.600825918447459,10.600825918447459,10.600825918447459,10.600825918447459,10.600825918447459,10.600825918447459,10.600825918447459,10.600825918447459,10.600825918447459,10.600825918447459,10.600825918447459,10.600825918447459,10.600825918447459,10.600825918447459,10.600825918447459,10.600825918447459,10.600825918447459,10.600825918447459,10.600825918447459,10.600825918447459,10.600825918447459,10.600825918447459,10.600825918447459,10.600825918447459,10.600825918447459,10.600825918447459,10.600825918447459,10.600825918447459,10.600825918447459,10.600825918447459,10.600825918447459,10.600825918447459,10.600825918447459,10.600825918447459,10.600825918447459,10.600825918447459,10.600825918447459,10.600825918447459,10.600825918447459,10.600825918447459,10.600825918447459,10.600825918447459,10.600825918447459,10.600825918447459,10.600825918447459,10.600825918447459,10.600825918447459,10.600825918447459,10.600825918447459,10.600825918447459,10.600825918447459,10.600825918447459,10.600825918447459,10.600825918447459,10.600825918447459,10.600825918447459,10.600825918447459,10.600825918447459,10.600825918447459,10.600825918447459,10.600825918447459,10.600825918447459,10.600825918447459,10.600825918447459,10.600825918447459,10.600825918447459,10.600825918447459,10.600825918447459,10.600825918447459,10.600825918447459,10.600825918447459,10.600825918447459,10.600825918447459,10.600825918447459,10.600825918447459,10.600825918447459,10.600825918447459,10.600825918447459,10.600825918447459,10.600825918447459
0.6363636363636364,10.600825918447459,10.600825918447459,10.600825918447459,10.600825918447459,10.600825918447459,10.600825918447459,10.600825918447459,10.600825918447459,10.600825918447459,10.600825918447459,10.600825918447459,10.600825918447459,10.600825918447459,10.600825918447459,10.600825918447459,10.600825918447459,10.600825918447459,10.600825918447459,10.600825918447459,10.600825918447459,10.600825918447459,10.600825918447459,10.600825918447459,10.600825918447459,10.600825918447459,10.600825918447459,10.600825918447459,10.600825918447459,10.600825918447459,10.600825918447459,10.600825918447459,10.600825918447459,10.600825918447459,10.600825918447459,10.600825918447459,10.600825918447459,10.600825918447459,10.600825918447459,10.600825918447459,10.600825918447459,10.600825918447459,10.600825918447459,10.600825918447459,10.600825918447459,10.600825918447459,10.600825918447459,10.600825918447459,10.600825918447459,10.600825918447459,10.600825918447459,10.600825918447459,10.600825918447459,10.600825918447459,10.600825918447459,10.600825918447459,10.600825918447459,10.600825918447459,10.600825918447459,10.600825918447459,10.600825918447459,10.600825918447459,10.600825918447459,10.600825918447459,10.600825918447459,10.600825918447459,10.600825918447459,10.600825918447459,10.600825918447459,10.600825918447459,10.600825918447459,10.600825918447459,10.600825918447459,10.600825918447459,10.600825918447459,10.600825918447459,10.600825918447459,10.600825918447459,10.600825918447459,10.600825918447459,10.600825918447459,10.600825918447459,10.600825918447459,10.600825918447459,10.600825918447459,10.600825918447459,10.600825918447459,10.600825918447459,10.600825918447459,10.600825918447459,10.600825918447459,10.600825918447459,10.600825918447459,10.600825918447459,10.600825918447459,10.600825918447459,10.600825918447459,10.600825918447459,10.600825918447459,10.600825918447459,10.600825918447459
0.6454545454545454,10.600825918447459,10.600825918447459,10.600825918447459,10.600825918447459,10.600825918447459,10.600825918447459,10.600825918447459,10.600825918447459,10.600825918447459,10.600825918447459,10.600825918447459,10.600825918447459,10.600825918447459,10.600825918447459,10.600825918447459,10.600825918447459,10.600825918447459,10.600825918447459,10.600825918447459,10.600825918447459,10.600825918447459,10.600825918447459,10.600825918447459,10.600825918447459,10.600825918447459,10.600825918447459,10.600825918447459,10.600825918447459,10.600825918447459,10.600825918447459,10.600825918447459,10.600825918447459,10.600825918447459,10.600825918447459,10.600825918447459,10.600825918447459,10.600825918447459,10.600825918447459,10.600825918447459,10.600825918447459,10.600825918447459,10.600825918447459,10.600825918447459,10.600825918447459,10.600825918447459,10.600825918447459,10.600825918447459,10.600825918447459,10.600825918447459,10.600825918447459,10.600825918447459,10.600825918447459,10.600825918447459,10.600825918447459,10.600825918447459,10.600825918447459,10.600825918447459,10.600825918447459,10.600825918447459,10.600825918447459,10.600825918447459,10.600825918447459,10.600825918447459,10.600825918447459,10.600825918447459,10.600825918447459,10.600825918447459,10.600825918447459,10.600825918447459,10.600825918447459,10.600825918447459,10.600825918447459,10.600825918447459,10.600825918447459,10.600825918447459,10.600825918447459,10.600825918447459,10.600825918447459,10.600825918447459,10.600825918447459,10.600825918447459,10.600825918447459,10.600825918447459,10.600825918447459,10.600825918447459,10.600825918447459,10.600825918447459,10.600825918447459,10.600825918447459,10.600825918447459,10.600825918447459,10.600825918447459,10.600825918447459,10.600825918447459,10.600825918447459,10.600825918447459,10.600825918447459,10.600825918447459,10.600825918447459,10.600825918447459
0.6545454545454545,10.600825918447459,10.600825918447459,10.600825918447459,10.600825918447459,10.600825918447459,10.600825918447459,10.600825918447459,10.600825918447459,10.600825918447459,10.600825918447459,10.600825918447459,10.600825918447459,10.600825918447459,10.600825918447459,10.600825918447459,10.600825918447459,10.600825918447459,10.600825918447459,10.600825918447459,10.600825918447459,10.600825918447459,10.600825918447459,10.600825918447459,10.600825918447459,10.600825918447459,10.600825918447459,10.600825918447459,10.600825918447459,10.600825918447459,10.600825918447459,10.600825918447459,10.600825918447459,10.600825918447459,10.600825918447459,10.600825918447459,10.600825918447459,10.600825918447459,10.600825918447459,10.600825918447459,10.600825918447459,10.600825918447459,10.600825918447459,10.600825918447459,10.600825918447459,10.600825918447459,10.600825918447459,10.600825918447459,10.600825918447459,10.600825918447459,10.600825918447459,10.600825918447459,10.600825918447459,10.600825918447459,10.600825918447459,10.600825918447459,10.600825918447459,10.600825918447459,10.600825918447459,10.600825918447459,10.600825918447459,10.600825918447459,10.600825918447459,10.600825918447459,10.600825918447459,10.600825918447459,10.600825918447459,10.600825918447459,10.600825918447459,10.600825918447459,10.600825918447459,10.600825918447459,10.600825918447459,10.600825918447459,10.600825918447459,10.600825918447459,10.600825918447459,10.600825918447459,10.600825918447459,10.600825918447459,10.600825918447459,10.600825918447459,10.600825918447459,10.600825918447459,10.600825918447459,10.600825918447459,10.600825918447459,10.600825918447459,10.600825918447459,10.600825918447459,10.600825918447459,10.600825918447459,10.600825918447459,10.600825918447459,10.600825918447459,10.600825918447459,10.600825918447459,10.600825918447459,10.600825918447459,10.600825918447459,10.600825918447459
0.6636363636363636,10.600825918447459,10.600825918447459,10.600825918447459,10.600825918447459,10.600825918447459,10.600825918447459,10.600825918447459,10.600825918447459,10.600825918447459,10.600825918447459,10.600825918447459,10.600825918447459,10.600825918447459,10.600825918447459,10.600825918447459,10.600825918447459,10.600825918447459,10.600825918447459,10.600825918447459,10.600825918447459,10.600825918447459,10.600825918447459,10.600825918447459,10.600825918447459,10.600825918447459,10.600825918447459,10.600825918447459,10.600825918447459,10.600825918447459,10.600825918447459,10.600825918447459,10.600825918447459,10.600825918447459,10.600825918447459,10.600825918447459,10.600825918447459,10.600825918447459,10.600825918447459,10.600825918447459,10.600825918447459,10.600825918447459,10.600825918447459,10.600825918447459,10.600825918447459,10.600825918447459,10.600825918447459,10.600825918447459,10.600825918447459,10.600825918447459,10.600825918447459,10.600825918447459,10.600825918447459,10.600825918447459,10.600825918447459,10.600825918447459,10.600825918447459,10.600825918447459,10.600825918447459,10.600825918447459,10.600825918447459,10.600825918447459,10.600825918447459,10.600825918447459,10.600825918447459,10.600825918447459,10.600825918447459,10.600825918447459,10.600825918447459,10.600825918447459,10.600825918447459,10.600825918447459,10.600825918447459,10.600825918447459,10.600825918447459,10.600825918447459,10.600825918447459,10.600825918447459,10.600825918447459,10.600825918447459,10.600825918447459,10.600825918447459,10.600825918447459,10.600825918447459,10.600825918447459,10.600825918447459,10.600825918447459,10.600825918447459,10.600825918447459,10.600825918447459,10.600825918447459,10.600825918447459,10.600825918447459,10.600825918447459,10.600825918447459,10.600825918447459,10.600825918447459,10.600825918447459,10.600825918447459,10.600825918447459,10.600825918447459
0.6727272727272727,10.600825918447459,10.600825918447459,10.600825918447459,10.600825918447459,10.600825918447459,10.600825918447459,10.600825918447459,10.600825918447459,10.600825918447459,10.600825918447459,10.600825918447459,10.600825918447459,10.600825918447459,10.600825918447459,10.600825918447459,10.600825918447459,10.600825918447459,10.600825918447459,10.600825918447459,10.600825918447459,10.600825918447459,10.600825918447459,10.600825918447459,10.600825918447459,10.600825918447459,10.600825918447459,10.600825918447459,10.600825918447459,10.600825918447459,10.600825918447459,10.600825918447459,10.600825918447459,10.600825918447459,10.600825918447459,10.600825918447459,10.600825918447459,10.600825918447459,10.600825918447459,10.600825918447459,10.600825918447459,10.600825918447459,10.600825918447459,10.600825918447459,10.600825918447459,10.600825918447459,10.600825918447459,10.600825918447459,10.600825918447459,10.600825918447459,10.600825918447459,10.600825918447459,10.600825918447459,10.600825918447459,10.600825918447459,10.600825918447459,10.600825918447459,10.600825918447459,10.600825918447459,10.600825918447459,10.600825918447459,10.600825918447459,10.600825918447459,10.600825918447459,10.600825918447459,10.600825918447459,10.600825918447459,10.600825918447459,10.600825918447459,10.600825918447459,10.600825918447459,10.600825918447459,10.600825918447459,10.600825918447459,10.600825918447459,10.600825918447459,10.600825918447459,10.600825918447459,10.600825918447459,10.600825918447459,10.600825918447459,10.600825918447459,10.600825918447459,10.600825918447459,10.600825918447459,10.600825918447459,10.600825918447459,10.600825918447459,10.600825918447459,10.600825918447459,10.600825918447459,10.600825918447459,10.600825918447459,10.600825918447459,10.600825918447459,10.600825918447459,10.600825918447459,10.600825918447459,10.600825918447459,10.600825918447459,10.600825918447459
0.6818181818181818,10.600825918447459,10.600825918447459,10.600825918447459,10.600825918447459,10.600825918447459,10.600825918447459,10.600825918447459,10.600825918447459,10.600825918447459,10.600825918447459,10.600825918447459,10.600825918447459,10.600825918447459,10.600825918447459,10.600825918447459,10.600825918447459,10.600825918447459,10.600825918447459,10.600825918447459,10.600825918447459,10.600825918447459,10.600825918447459,10.600825918447459,10.600825918447459,10.600825918447459,10.600825918447459,10.600825918447459,10.600825918447459,10.600825918447459,10.600825918447459,10.600825918447459,10.600825918447459,10.600825918447459,10.600825918447459,10.600825918447459,10.600825918447459,10.600825918447459,10.600825918447459,10.600825918447459,10.600825918447459,10.600825918447459,10.600825918447459,10.600825918447459,10.600825918447459,10.600825918447459,10.600825918447459,10.600825918447459,10.600825918447459,10.600825918447459,10.600825918447459,10.600825918447459,10.600825918447459,10.600825918447459,10.600825918447459,10.600825918447459,10.600825918447459,10.600825918447459,10.600825918447459,10.600825918447459,10.600825918447459,10.600825918447459,10.600825918447459,10.600825918447459,10.600825918447459,10.600825918447459,10.600825918447459,10.600825918447459,10.600825918447459,10.600825918447459,10.600825918447459,10.600825918447459,10.600825918447459,10.600825918447459,10.600825918447459,10.600825918447459,10.600825918447459,10.600825918447459,10.600825918447459,10.600825918447459,10.600825918447459,10.600825918447459,10.600825918447459,10.600825918447459,10.600825918447459,10.600825918447459,10.600825918447459,10.600825918447459,10.600825918447459,10.600825918447459,10.600825918447459,10.600825918447459,10.600825918447459,10.600825918447459,10.600825918447459,10.600825918447459,10.600825918447459,10.600825918447459,10.600825918447459,10.600825918447459,10.600825918447459
0.6909090909090909,10.600825918447459,10.600825918447459,10.600825918447459,10.600825918447459,10.600825918447459,10.600825918447459,10.600825918447459,10.600825918447459,10.600825918447459,10.600825918447459,10.600825918447459,10.600825918447459,10.600825918447459,10.600825918447459,10.600825918447459,10.600825918447459,10.600825918447459,10.600825918447459,10.600825918447459,10.600825918447459,10.600825918447459,10.600825918447459,10.600825918447459,10.600825918447459,10.600825918447459,10.600825918447459,10.600825918447459,10.600825918447459,10.600825918447459,10.600825918447459,10.600825918447459,10.600825918447459,10.600825918447459,10.600825918447459,10.600825918447459,10.600825918447459,10.600825918447459,10.600825918447459,10.600825918447459,10.600825918447459,10.600825918447459,10.600825918447459,10.600825918447459,10.600825918447459,10.600825918447459,10.600825918447459,10.600825918447459,10.600825918447459,10.600825918447459,10.600825918447459,10.600825918447459,10.600825918447459,10.600825918447459,10.600825918447459,10.600825918447459,10.600825918447459,10.600825918447459,10.600825918447459,10.600825918447459,10.600825918447459,10.600825918447459,10.600825918447459,10.600825918447459,10.600825918447459,10.600825918447459,10.600825918447459,10.600825918447459,10.600825918447459,10.600825918447459,10.600825918447459,10.600825918447459,10.600825918447459,10.600825918447459,10.600825918447459,10.600825918447459,10.600825918447459,10.600825918447459,10.600825918447459,10.600825918447459,10.600825918447459,10.600825918447459,10.600825918447459,10.600825918447459,10.600825918447459,10.600825918447459,10.600825918447459,10.600825918447459,10.600825918447459,10.600825918447459,10.600825918447459,10.600825918447459,10.600825918447459,10.600825918447459,10.600825918447459,10.600825918447459,10.600825918447459,10.600825918447459,10.600825918447459,10.600825918447459,10.600825918447459
0.7,10.600825918447459,10.600825918447459,10.600825918447459,10.600825918447459,10.600825918447459,10.600825918447459,10.600825918447459,10.600825918447459,10.600825918447459,10.600825918447459,10.600825918447459,10.600825918447459,10.600825918447459,10.600825918447459,10.600825918447459,10.600825918447459,10.600825918447459,10.600825918447459,10.600825918447459,10.600825918447459,10.600825918447459,10.600825918447459,10.600825918447459,10.600825918447459,10.600825918447459,10.600825918447459,10.600825918447459,10.600825918447459,10.600825918447459,10.600825918447459,10.600825918447459,10.600825918447459,10.600825918447459,10.600825918447459,10.600825918447459,10.600825918447459,10.600825918447459,10.600825918447459,10.600825918447459,10.600825918447459,10.600825918447459,10.600825918447459,10.600825918447459,10.600825918447459,10.600825918447459,10.600825918447459,10.600825918447459,10.600825918447459,10.600825918447459,10.600825918447459,10.600825918447459,10.600825918447459,10.600825918447459,10.600825918447459,10.600825918447459,10.600825918447459,10.600825918447459,10.600825918447459,10.600825918447459,10.600825918447459,10.600825918447459,10.600825918447459,10.600825918447459,10.600825918447459,10.600825918447459,10.600825918447459,10.600825918447459,10.600825918447459,10.600825918447459,10.600825918447459,10.600825918447459,10.600825918447459,10.600825918447459,10.600825918447459,10.600825918447459,10.600825918447459,10.600825918447459,10.600825918447459,10.600825918447459,10.600825918447459,10.600825918447459,10.600825918447459,10.600825918447459,10.600825918447459,10.600825918447459,10.600825918447459,10.600825918447459,10.600825918447459,10.600825918447459,10.600825918447459,10.600825918447459,10.600825918447459,10.600825918447459,10.600825918447459,10.600825918447459,10.600825918447459,10.600825918447459,10.600825918447459,10.600825918447459,10.600825918447459
0.7090909090909091,10.600825918447459,10.600825918447459,10.600825918447459,10.600825918447459,10.600825918447459,10.600825918447459,10.600825918447459,10.600825918447459,10.600825918447459,10.600825918447459,10.600825918447459,10.600825918447459,10.600825918447459,10.600825918447459,10.600825918447459,10.600825918447459,10.600825918447459,10.600825918447459,10.600825918447459,10.600825918447459,10.600825918447459,10.600825918447459,10.600825918447459,10.600825918447459,10.600825918447459,10.600825918447459,10.600825918447459,10.600825918447459,10.600825918447459,10.600825918447459,10.600825918447459,10.600825918447459,10.600825918447459,10.600825918447459,10.600825918447459,10.600825918447459,10.600825918447459,10.600825918447459,10.600825918447459,10.600825918447459,10.600825918447459,10.600825918447459,10.600825918447459,10.600825918447459,10.600825918447459,10.600825918447459,10.600825918447459,10.600825918447459,10.600825918447459,10.600825918447459,10.600825918447459,10.600825918447459,10.600825918447459,10.600825918447459,10.600825918447459,10.600825918447459,10.600825918447459,10.600825918447459,10.600825918447459,10.600825918447459,10.600825918447459,10.600825918447459,10.600825918447459,10.600825918447459,10.600825918447459,10.600825918447459,10.600825918447459,10.600825918447459,10.600825918447459,10.600825918447459,10.600825918447459,10.600825918447459,10.600825918447459,10.600825918447459,10.600825918447459,10.600825918447459,10.600825918447459,10.600825918447459,10.600825918447459,10.600825918447459,10.600825918447459,10.600825918447459,10.600825918447459,10.600825918447459,10.600825918447459,10.600825918447459,10.600825918447459,10.600825918447459,10.600825918447459,10.600825918447459,10.600825918447459,10.600825918447459,10.600825918447459,10.600825918447459,10.600825918447459,10.600825918447459,10.600825918447459,10.600825918447459,10.600825918447459,10.600825918447459
0.7181818181818181,10.600825918447459,10.600825918447459,10.600825918447459,10.600825918447459,10.600825918447459,10.600825918447459,10.600825918447459,10.600825918447459,10.600825918447459,10.600825918447459,10.600825918447459,10.600825918447459,10.600825918447459,10.600825918447459,10.600825918447459,10.600825918447459,10.600825918447459,10.600825918447459,10.600825918447459,10.600825918447459,10.600825918447459,10.600825918447459,10.600825918447459,10.600825918447459,10.600825918447459,10.600825918447459,10.600825918447459,10.600825918447459,10.600825918447459,10.600825918447459,10.600825918447459,10.600825918447459,10.600825918447459,10.600825918447459,10.600825918447459,10.600825918447459,10.600825918447459,10.600825918447459,10.600825918447459,10.600825918447459,10.600825918447459,10.600825918447459,10.600825918447459,10.600825918447459,10.600825918447459,10.600825918447459,10.600825918447459,10.600825918447459,10.600825918447459,10.600825918447459,10.600825918447459,10.600825918447459,10.600825918447459,10.600825918447459,10.600825918447459,10.600825918447459,10.600825918447459,10.600825918447459,10.600825918447459,10.600825918447459,10.600825918447459,10.600825918447459,10.600825918447459,10.600825918447459,10.600825918447459,10.600825918447459,10.600825918447459,10.600825918447459,10.600825918447459,10.600825918447459,10.600825918447459,10.600825918447459,10.600825918447459,10.600825918447459,10.600825918447459,10.600825918447459,10.600825918447459,10.600825918447459,10.600825918447459,10.600825918447459,10.600825918447459,10.600825918447459,10.600825918447459,10.600825918447459,10.600825918447459,10.600825918447459,10.600825918447459,10.600825918447459,10.600825918447459,10.600825918447459,10.600825918447459,10.600825918447459,10.600825918447459,10.600825918447459,10.600825918447459,10.600825918447459,10.600825918447459,10.600825918447459,10.600825918447459,10.600825918447459
0.7272727272727273,10.600825918447459,10.600825918447459,10.600825918447459,10.600825918447459,10.600825918447459,10.600825918447459,10.600825918447459,10.600825918447459,10.600825918447459,10.600825918447459,10.600825918447459,10.600825918447459,10.600825918447459,10.600825918447459,10.600825918447459,10.600825918447459,10.600825918447459,10.600825918447459,10.600825918447459,10.600825918447459,10.600825918447459,10.600825918447459,10.600825918447459,10.600825918447459,10.600825918447459,10.600825918447459,10.600825918447459,10.600825918447459,10.600825918447459,10.600825918447459,10.600825918447459,10.600825918447459,10.600825918447459,10.600825918447459,10.600825918447459,10.600825918447459,10.600825918447459,10.600825918447459,10.600825918447459,10.600825918447459,10.600825918447459,10.600825918447459,10.600825918447459,10.600825918447459,10.600825918447459,10.600825918447459,10.600825918447459,10.600825918447459,10.600825918447459,10.600825918447459,10.600825918447459,10.600825918447459,10.600825918447459,10.600825918447459,10.600825918447459,10.600825918447459,10.600825918447459,10.600825918447459,10.600825918447459,10.600825918447459,10.600825918447459,10.600825918447459,10.600825918447459,10.600825918447459,10.600825918447459,10.600825918447459,10.600825918447459,10.600825918447459,10.600825918447459,10.600825918447459,10.600825918447459,10.600825918447459,10.600825918447459,10.600825918447459,10.600825918447459,10.600825918447459,10.600825918447459,10.600825918447459,10.600825918447459,10.600825918447459,10.600825918447459,10.600825918447459,10.600825918447459,10.600825918447459,10.600825918447459,10.600825918447459,10.600825918447459,10.600825918447459,10.600825918447459,10.600825918447459,10.600825918447459,10.600825918447459,10.600825918447459,10.600825918447459,10.600825918447459,10.600825918447459,10.600825918447459,10.600825918447459,10.600825918447459,10.600825918447459
0.7363636363636363,10.600825918447459,10.600825918447459,10.600825918447459,10.600825918447459,10.600825918447459,10.600825918447459,10.600825918447459,10.600825918447459,10.600825918447459,10.600825918447459,10.600825918447459,10.600825918447459,10.600825918447459,10.600825918447459,10.600825918447459,10.600825918447459,10.600825918447459,10.600825918447459,10.600825918447459,10.600825918447459,10.600825918447459,10.600825918447459,10.600825918447459,10.600825918447459,10.600825918447459,10.600825918447459,10.600825918447459,10.600825918447459,10.600825918447459,10.600825918447459,10.600825918447459,10.600825918447459,10.600825918447459,10.600825918447459,10.600825918447459,10.600825918447459,10.600825918447459,10.600825918447459,10.600825918447459,10.600825918447459,10.600825918447459,10.600825918447459,10.600825918447459,10.600825918447459,10.600825918447459,10.600825918447459,10.600825918447459,10.600825918447459,10.600825918447459,10.600825918447459,10.600825918447459,10.600825918447459,10.600825918447459,10.600825918447459,10.600825918447459,10.600825918447459,10.600825918447459,10.600825918447459,10.600825918447459,10.600825918447459,10.600825918447459,10.600825918447459,10.600825918447459,10.600825918447459,10.600825918447459,10.600825918447459,10.600825918447459,10.600825918447459,10.600825918447459,10.600825918447459,10.600825918447459,10.600825918447459,10.600825918447459,10.600825918447459,10.600825918447459,10.600825918447459,10.600825918447459,10.600825918447459,10.600825918447459,10.600825918447459,10.600825918447459,10.600825918447459,10.600825918447459,10.600825918447459,10.600825918447459,10.600825918447459,10.600825918447459,10.600825918447459,10.600825918447459,10.600825918447459,10.600825918447459,10.600825918447459,10.600825918447459,10.600825918447459,10.600825918447459,10.600825918447459,10.600825918447459,10.600825918447459,10.600825918447459,10.600825918447459
0.7454545454545454,10.600825918447459,10.600825918447459,10.600825918447459,10.600825918447459,10.600825918447459,10.600825918447459,10.600825918447459,10.600825918447459,10.600825918447459,10.600825918447459,10.600825918447459,10.600825918447459,10.600825918447459,10.600825918447459,10.600825918447459,10.600825918447459,10.600825918447459,10.600825918447459,10.600825918447459,10.600825918447459,10.600825918447459,10.600825918447459,10.600825918447459,10.600825918447459,10.600825918447459,10.600825918447459,10.600825918447459,10.600825918447459,10.600825918447459,10.600825918447459,10.600825918447459,10.600825918447459,10.600825918447459,10.600825918447459,10.600825918447459,10.600825918447459,10.600825918447459,10.600825918447459,10.600825918447459,10.600825918447459,10.600825918447459,10.600825918447459,10.600825918447459,10.600825918447459,10.600825918447459,10.600825918447459,10.600825918447459,10.600825918447459,10.600825918447459,10.600825918447459,10.600825918447459,10.600825918447459,10.600825918447459,10.600825918447459,10.600825918447459,10.600825918447459,10.600825918447459,10.600825918447459,10.600825918447459,10.600825918447459,10.600825918447459,10.600825918447459,10.600825918447459,10.600825918447459,10.600825918447459,10.600825918447459,10.600825918447459,10.600825918447459,10.600825918447459,10.600825918447459,10.600825918447459,10.600825918447459,10.600825918447459,10.600825918447459,10.600825918447459,10.600825918447459,10.600825918447459,10.600825918447459,10.600825918447459,10.600825918447459,10.600825918447459,10.600825918447459,10.600825918447459,10.600825918447459,10.600825918447459,10.600825918447459,10.600825918447459,10.600825918447459,10.600825918447459,10.600825918447459,10.600825918447459,10.600825918447459,10.600825918447459,10.600825918447459,10.600825918447459,10.600825918447459,10.600825918447459,10.600825918447459,10.600825918447459,10.600825918447459
0.7545454545454545,10.600825918447459,10.600825918447459,10.600825918447459,10.600825918447459,10.600825918447459,10.600825918447459,10.600825918447459,10.600825918447459,10.600825918447459,10.600825918447459,10.600825918447459,10.600825918447459,10.600825918447459,10.600825918447459,10.600825918447459,10.600825918447459,10.600825918447459,10.600825918447459,10.600825918447459,10.600825918447459,10.600825918447459,10.600825918447459,10.600825918447459,10.600825918447459,10.600825918447459,10.600825918447459,10.600825918447459,10.600825918447459,10.600825918447459,10.600825918447459,10.600825918447459,10.600825918447459,10.600825918447459,10.600825918447459,10.600825918447459,10.600825918447459,10.600825918447459,10.600825918447459,10.600825918447459,10.600825918447459,10.600825918447459,10.600825918447459,10.600825918447459,10.600825918447459,10.600825918447459,10.600825918447459,10.600825918447459,10.600825918447459,10.600825918447459,10.600825918447459,10.600825918447459,10.600825918447459,10.600825918447459,10.600825918447459,10.600825918447459,10.600825918447459,10.600825918447459,10.600825918447459,10.600825918447459,10.600825918447459,10.600825918447459,10.600825918447459,10.600825918447459,10.600825918447459,10.600825918447459,10.600825918447459,10.600825918447459,10.600825918447459,10.600825918447459,10.600825918447459,10.600825918447459,10.600825918447459,10.600825918447459,10.600825918447459,10.600825918447459,10.600825918447459,10.600825918447459,10.600825918447459,10.600825918447459,10.600825918447459,10.600825918447459,10.600825918447459,10.600825918447459,10.600825918447459,10.600825918447459,10.600825918447459,10.600825918447459,10.600825918447459,10.600825918447459,10.600825918447459,10.600825918447459,10.600825918447459,10.600825918447459,10.600825918447459,10.600825918447459,10.600825918447459,10.600825918447459,10.600825918447459,10.600825918447459,10.600825918447459
0.7636363636363636,10.600825918447459,10.600825918447459,10.600825918447459,10.600825918447459,10.600825918447459,10.600825918447459,10.600825918447459,10.600825918447459,10.600825918447459,10.600825918447459,10.600825918447459,10.600825918447459,10.600825918447459,10.600825918447459,10.600825918447459,10.600825918447459,10.600825918447459,10.600825918447459,10.600825918447459,10.600825918447459,10.600825918447459,10.600825918447459,10.600825918447459,10.600825918447459,10.600825918447459,10.600825918447459,10.600825918447459,10.600825918447459,10.600825918447459,10.600825918447459,10.600825918447459,10.600825918447459,10.600825918447459,10.600825918447459,10.600825918447459,10.600825918447459,10.600825918447459,10.600825918447459,10.600825918447459,10.600825918447459,10.600825918447459,10.600825918447459,10.600825918447459,10.600825918447459,10.600825918447459,10.600825918447459,10.600825918447459,10.600825918447459,10.600825918447459,10.600825918447459,10.600825918447459,10.600825918447459,10.600825918447459,10.600825918447459,10.600825918447459,10.600825918447459,10.600825918447459,10.600825918447459,10.600825918447459,10.600825918447459,10.600825918447459,10.600825918447459,10.600825918447459,10.600825918447459,10.600825918447459,10.600825918447459,10.600825918447459,10.600825918447459,10.600825918447459,10.600825918447459,10.600825918447459,10.600825918447459,10.600825918447459,10.600825918447459,10.600825918447459,10.600825918447459,10.600825918447459,10.600825918447459,10.600825918447459,10.600825918447459,10.600825918447459,10.600825918447459,10.600825918447459,10.600825918447459,10.600825918447459,10.600825918447459,10.600825918447459,10.600825918447459,10.600825918447459,10.600825918447459,10.600825918447459,10.600825918447459,10.600825918447459,10.600825918447459,10.600825918447459,10.600825918447459,10.600825918447459,10.600825918447459,10.600825918447459,10.600825918447459
0.7727272727272727,10.600825918447459,10.600825918447459,10.600825918447459,10.600825918447459,10.600825918447459,10.600825918447459,10.600825918447459,10.600825918447459,10.600825918447459,10.600825918447459,10.600825918447459,10.600825918447459,10.600825918447459,10.600825918447459,10.600825918447459,10.600825918447459,10.600825918447459,10.600825918447459,10.600825918447459,10.600825918447459,10.600825918447459,10.600825918447459,10.600825918447459,10.600825918447459,10.600825918447459,10.600825918447459,10.600825918447459,10.600825918447459,10.600825918447459,10.600825918447459,10.600825918447459,10.600825918447459,10.600825918447459,10.600825918447459,10.600825918447459,10.600825918447459,10.600825918447459,10.600825918447459,10.600825918447459,10.600825918447459,10.600825918447459,10.600825918447459,10.600825918447459,10.600825918447459,10.600825918447459,10.600825918447459,10.600825918447459,10.600825918447459,10.600825918447459,10.600825918447459,10.600825918447459,10.600825918447459,10.600825918447459,10.600825918447459,10.600825918447459,10.600825918447459,10.600825918447459,10.600825918447459,10.600825918447459,10.600825918447459,10.600825918447459,10.600825918447459,10.600825918447459,10.600825918447459,10.600825918447459,10.600825918447459,10.600825918447459,10.600825918447459,10.600825918447459,10.600825918447459,10.600825918447459,10.600825918447459,10.600825918447459,10.600825918447459,10.600825918447459,10.600825918447459,10.600825918447459,10.600825918447459,10.600825918447459,10.600825918447459,10.600825918447459,10.600825918447459,10.600825918447459,10.600825918447459,10.600825918447459,10.600825918447459,10.600825918447459,10.600825918447459,10.600825918447459,10.600825918447459,10.600825918447459,10.600825918447459,10.600825918447459,10.600825918447459,10.600825918447459,10.600825918447459,10.600825918447459,10.600825918447459,10.600825918447459,10.600825918447459
0.7818181818181817,10.600825918447459,10.600825918447459,10.600825918447459,10.600825918447459,10.600825918447459,10.600825918447459,10.600825918447459,10.600825918447459,10.600825918447459,10.600825918447459,10.600825918447459,10.600825918447459,10.600825918447459,10.600825918447459,10.600825918447459,10.600825918447459,10.600825918447459,10.600825918447459,10.600825918447459,10.600825918447459,10.600825918447459,10.600825918447459,10.600825918447459,10.600825918447459,10.600825918447459,10.600825918447459,10.600825918447459,10.600825918447459,10.600825918447459,10.600825918447459,10.600825918447459,10.600825918447459,10.600825918447459,10.600825918447459,10.600825918447459,10.600825918447459,10.600825918447459,10.600825918447459,10.600825918447459,10.600825918447459,10.600825918447459,10.600825918447459,10.600825918447459,10.600825918447459,10.600825918447459,10.600825918447459,10.600825918447459,10.600825918447459,10.600825918447459,10.600825918447459,10.600825918447459,10.600825918447459,10.600825918447459,10.600825918447459,10.600825918447459,10.600825918447459,10.600825918447459,10.600825918447459,10.600825918447459,10.600825918447459,10.600825918447459,10.600825918447459,10.600825918447459,10.600825918447459,10.600825918447459,10.600825918447459,10.600825918447459,10.600825918447459,10.600825918447459,10.600825918447459,10.600825918447459,10.600825918447459,10.600825918447459,10.600825918447459,10.600825918447459,10.600825918447459,10.600825918447459,10.600825918447459,10.600825918447459,10.600825918447459,10.600825918447459,10.600825918447459,10.600825918447459,10.600825918447459,10.600825918447459,10.600825918447459,10.600825918447459,10.600825918447459,10.600825918447459,10.600825918447459,10.600825918447459,10.600825918447459,10.600825918447459,10.600825918447459,10.600825918447459,10.600825918447459,10.600825918447459,10.600825918447459,10.600825918447459,10.600825918447459
0.7909090909090909,10.600825918447459,10.600825918447459,10.600825918447459,10.600825918447459,10.600825918447459,10.600825918447459,10.600825918447459,10.600825918447459,10.600825918447459,10.600825918447459,10.600825918447459,10.600825918447459,10.600825918447459,10.600825918447459,10.600825918447459,10.600825918447459,10.600825918447459,10.600825918447459,10.600825918447459,10.600825918447459,10.600825918447459,10.600825918447459,10.600825918447459,10.600825918447459,10.600825918447459,10.600825918447459,10.600825918447459,10.600825918447459,10.600825918447459,10.600825918447459,10.600825918447459,10.600825918447459,10.600825918447459,10.600825918447459,10.600825918447459,10.600825918447459,10.600825918447459,10.600825918447459,10.600825918447459,10.600825918447459,10.600825918447459,10.600825918447459,10.600825918447459,10.600825918447459,10.600825918447459,10.600825918447459,10.600825918447459,10.600825918447459,10.600825918447459,10.600825918447459,10.600825918447459,10.600825918447459,10.600825918447459,10.600825918447459,10.600825918447459,10.600825918447459,10.600825918447459,10.600825918447459,10.600825918447459,10.600825918447459,10.600825918447459,10.600825918447459,10.600825918447459,10.600825918447459,10.600825918447459,10.600825918447459,10.600825918447459,10.600825918447459,10.600825918447459,10.600825918447459,10.600825918447459,10.600825918447459,10.600825918447459,10.600825918447459,10.600825918447459,10.600825918447459,10.600825918447459,10.600825918447459,10.600825918447459,10.600825918447459,10.600825918447459,10.600825918447459,10.600825918447459,10.600825918447459,10.600825918447459,10.600825918447459,10.600825918447459,10.600825918447459,10.600825918447459,10.600825918447459,10.600825918447459,10.600825918447459,10.600825918447459,10.600825918447459,10.600825918447459,10.600825918447459,10.600825918447459,10.600825918447459,10.600825918447459,10.600825918447459
0.7999999999999999,10.600825918447459,10.600825918447459,10.600825918447459,10.600825918447459,10.600825918447459,10.600825918447459,10.600825918447459,10.600825918447459,10.600825918447459,10.600825918447459,10.600825918447459,10.600825918447459,10.600825918447459,10.600825918447459,10.600825918447459,10.600825918447459,10.600825918447459,10.600825918447459,10.600825918447459,10.600825918447459,10.600825918447459,10.600825918447459,10.600825918447459,10.600825918447459,10.600825918447459,10.600825918447459,10.600825918447459,10.600825918447459,10.600825918447459,10.600825918447459,10.600825918447459,10.600825918447459,10.600825918447459,10.600825918447459,10.600825918447459,10.600825918447459,10.600825918447459,10.600825918447459,10.600825918447459,10.600825918447459,10.600825918447459,10.600825918447459,10.600825918447459,10.600825918447459,10.600825918447459,10.600825918447459,10.600825918447459,10.600825918447459,10.600825918447459,10.600825918447459,10.600825918447459,10.600825918447459,10.600825918447459,10.600825918447459,10.600825918447459,10.600825918447459,10.600825918447459,10.600825918447459,10.600825918447459,10.600825918447459,10.600825918447459,10.600825918447459,10.600825918447459,10.600825918447459,10.600825918447459,10.600825918447459,10.600825918447459,10.600825918447459,10.600825918447459,10.600825918447459,10.600825918447459,10.600825918447459,10.600825918447459,10.600825918447459,10.600825918447459,10.600825918447459,10.600825918447459,10.600825918447459,10.600825918447459,10.600825918447459,10.600825918447459,10.600825918447459,10.600825918447459,10.600825918447459,10.600825918447459,10.600825918447459,10.600825918447459,10.600825918447459,10.600825918447459,10.600825918447459,10.600825918447459,10.600825918447459,10.600825918447459,10.600825918447459,10.600825918447459,10.600825918447459,10.600825918447459,10.600825918447459,10.600825918447459,10.600825918447459
0.8090909090909091,10.600825918447459,10.600825918447459,10.600825918447459,10.600825918447459,10.600825918447459,10.600825918447459,10.600825918447459,10.600825918447459,10.600825918447459,10.600825918447459,10.600825918447459,10.600825918447459,10.600825918447459,10.600825918447459,10.600825918447459,10.600825918447459,10.600825918447459,10.600825918447459,10.600825918447459,10.600825918447459,10.600825918447459,10.600825918447459,10.600825918447459,10.600825918447459,10.600825918447459,10.600825918447459,10.600825918447459,10.600825918447459,10.600825918447459,10.600825918447459,10.600825918447459,10.600825918447459,10.600825918447459,10.600825918447459,10.600825918447459,10.600825918447459,10.600825918447459,10.600825918447459,10.600825918447459,10.600825918447459,10.600825918447459,10.600825918447459,10.600825918447459,10.600825918447459,10.600825918447459,10.600825918447459,10.600825918447459,10.600825918447459,10.600825918447459,10.600825918447459,10.600825918447459,10.600825918447459,10.600825918447459,10.600825918447459,10.600825918447459,10.600825918447459,10.600825918447459,10.600825918447459,10.600825918447459,10.600825918447459,10.600825918447459,10.600825918447459,10.600825918447459,10.600825918447459,10.600825918447459,10.600825918447459,10.600825918447459,10.600825918447459,10.600825918447459,10.600825918447459,10.600825918447459,10.600825918447459,10.600825918447459,10.600825918447459,10.600825918447459,10.600825918447459,10.600825918447459,10.600825918447459,10.600825918447459,10.600825918447459,10.600825918447459,10.600825918447459,10.600825918447459,10.600825918447459,10.600825918447459,10.600825918447459,10.600825918447459,10.600825918447459,10.600825918447459,10.600825918447459,10.600825918447459,10.600825918447459,10.600825918447459,10.600825918447459,10.600825918447459,10.600825918447459,10.600825918447459,10.600825918447459,10.600825918447459,10.600825918447459
0.8181818181818181,10.600825918447459,10.600825918447459,10.600825918447459,10.600825918447459,10.600825918447459,10.600825918447459,10.600825918447459,10.600825918447459,10.600825918447459,10.600825918447459,10.600825918447459,10.600825918447459,10.600825918447459,10.600825918447459,10.600825918447459,10.600825918447459,10.600825918447459,10.600825918447459,10.600825918447459,10.600825918447459,10.600825918447459,10.600825918447459,10.600825918447459,10.600825918447459,10.600825918447459,10.600825918447459,10.600825918447459,10.600825918447459,10.600825918447459,10.600825918447459,10.600825918447459,10.600825918447459,10.600825918447459,10.600825918447459,10.600825918447459,10.600825918447459,10.600825918447459,10.600825918447459,10.600825918447459,10.600825918447459,10.600825918447459,10.600825918447459,10.600825918447459,10.600825918447459,10.600825918447459,10.600825918447459,10.600825918447459,10.600825918447459,10.600825918447459,10.600825918447459,10.600825918447459,10.600825918447459,10.600825918447459,10.600825918447459,10.600825918447459,10.600825918447459,10.600825918447459,10.600825918447459,10.600825918447459,10.600825918447459,10.600825918447459,10.600825918447459,10.600825918447459,10.600825918447459,10.600825918447459,10.600825918447459,10.600825918447459,10.600825918447459,10.600825918447459,10.600825918447459,10.600825918447459,10.600825918447459,10.600825918447459,10.600825918447459,10.600825918447459,10.600825918447459,10.600825918447459,10.600825918447459,10.600825918447459,10.600825918447459,10.600825918447459,10.600825918447459,10.600825918447459,10.600825918447459,10.600825918447459,10.600825918447459,10.600825918447459,10.600825918447459,10.600825918447459,10.600825918447459,10.600825918447459,10.600825918447459,10.600825918447459,10.600825918447459,10.600825918447459,10.600825918447459,10.600825918447459,10.600825918447459,10.600825918447459,10.600825918447459
0.8272727272727273,10.600825918447459,10.600825918447459,10.600825918447459,10.600825918447459,10.600825918447459,10.600825918447459,10.600825918447459,10.600825918447459,10.600825918447459,10.600825918447459,10.600825918447459,10.600825918447459,10.600825918447459,10.600825918447459,10.600825918447459,10.600825918447459,10.600825918447459,10.600825918447459,10.600825918447459,10.600825918447459,10.600825918447459,10.600825918447459,10.600825918447459,10.600825918447459,10.600825918447459,10.600825918447459,10.600825918447459,10.600825918447459,10.600825918447459,10.600825918447459,10.600825918447459,10.600825918447459,10.600825918447459,10.600825918447459,10.600825918447459,10.600825918447459,10.600825918447459,10.600825918447459,10.600825918447459,10.600825918447459,10.600825918447459,10.600825918447459,10.600825918447459,10.600825918447459,10.600825918447459,10.600825918447459,10.600825918447459,10.600825918447459,10.600825918447459,10.600825918447459,10.600825918447459,10.600825918447459,10.600825918447459,10.600825918447459,10.600825918447459,10.600825918447459,10.600825918447459,10.600825918447459,10.600825918447459,10.600825918447459,10.600825918447459,10.600825918447459,10.600825918447459,10.600825918447459,10.600825918447459,10.600825918447459,10.600825918447459,10.600825918447459,10.600825918447459,10.600825918447459,10.600825918447459,10.600825918447459,10.600825918447459,10.600825918447459,10.600825918447459,10.600825918447459,10.600825918447459,10.600825918447459,10.600825918447459,10.600825918447459,10.600825918447459,10.600825918447459,10.600825918447459,10.600825918447459,10.600825918447459,10.600825918447459,10.600825918447459,10.600825918447459,10.600825918447459,10.600825918447459,10.600825918447459,10.600825918447459,10.600825918447459,10.600825918447459,10.600825918447459,10.600825918447459,10.600825918447459,10.600825918447459,10.600825918447459,10.600825918447459
0.8363636363636363,10.600825918447459,10.600825918447459,10.600825918447459,10.600825918447459,10.600825918447459,10.600825918447459,10.600825918447459,10.600825918447459,10.600825918447459,10.600825918447459,10.600825918447459,10.600825918447459,10.600825918447459,10.600825918447459,10.600825918447459,10.600825918447459,10.600825918447459,10.600825918447459,10.600825918447459,10.600825918447459,10.600825918447459,10.600825918447459,10.600825918447459,10.600825918447459,10.600825918447459,10.600825918447459,10.600825918447459,10.600825918447459,10.600825918447459,10.600825918447459,10.600825918447459,10.600825918447459,10.600825918447459,10.600825918447459,10.600825918447459,10.600825918447459,10.600825918447459,10.600825918447459,10.600825918447459,10.600825918447459,10.600825918447459,10.600825918447459,10.600825918447459,10.600825918447459,10.600825918447459,10.600825918447459,10.600825918447459,10.600825918447459,10.600825918447459,10.600825918447459,10.600825918447459,10.600825918447459,10.600825918447459,10.600825918447459,10.600825918447459,10.600825918447459,10.600825918447459,10.600825918447459,10.600825918447459,10.600825918447459,10.600825918447459,10.600825918447459,10.600825918447459,10.600825918447459,10.600825918447459,10.600825918447459,10.600825918447459,10.600825918447459,10.600825918447459,10.600825918447459,10.600825918447459,10.600825918447459,10.600825918447459,10.600825918447459,10.600825918447459,10.600825918447459,10.600825918447459,10.600825918447459,10.600825918447459,10.600825918447459,10.600825918447459,10.600825918447459,10.600825918447459,10.600825918447459,10.600825918447459,10.600825918447459,10.600825918447459,10.600825918447459,10.600825918447459,10.600825918447459,10.600825918447459,10.600825918447459,10.600825918447459,10.600825918447459,10.600825918447459,10.600825918447459,10.600825918447459,10.600825918447459,10.600825918447459,10.600825918447459
0.8454545454545455,10.600825918447459,10.600825918447459,10.600825918447459,10.600825918447459,10.600825918447459,10.600825918447459,10.600825918447459,10.600825918447459,10.600825918447459,10.600825918447459,10.600825918447459,10.600825918447459,10.600825918447459,10.600825918447459,10.600825918447459,10.600825918447459,10.600825918447459,10.600825918447459,10.600825918447459,10.600825918447459,10.600825918447459,10.600825918447459,10.600825918447459,10.600825918447459,10.600825918447459,10.600825918447459,10.600825918447459,10.600825918447459,10.600825918447459,10.600825918447459,10.600825918447459,10.600825918447459,10.600825918447459,10.600825918447459,10.600825918447459,10.600825918447459,10.600825918447459,10.600825918447459,10.600825918447459,10.600825918447459,10.600825918447459,10.600825918447459,10.600825918447459,10.600825918447459,10.600825918447459,10.600825918447459,10.600825918447459,10.600825918447459,10.600825918447459,10.600825918447459,10.600825918447459,10.600825918447459,10.600825918447459,10.600825918447459,10.600825918447459,10.600825918447459,10.600825918447459,10.600825918447459,10.600825918447459,10.600825918447459,10.600825918447459,10.600825918447459,10.600825918447459,10.600825918447459,10.600825918447459,10.600825918447459,10.600825918447459,10.600825918447459,10.600825918447459,10.600825918447459,10.600825918447459,10.600825918447459,10.600825918447459,10.600825918447459,10.600825918447459,10.600825918447459,10.600825918447459,10.600825918447459,10.600825918447459,10.600825918447459,10.600825918447459,10.600825918447459,10.600825918447459,10.600825918447459,10.600825918447459,10.600825918447459,10.600825918447459,10.600825918447459,10.600825918447459,10.600825918447459,10.600825918447459,10.600825918447459,10.600825918447459,10.600825918447459,10.600825918447459,10.600825918447459,10.600825918447459,10.600825918447459,10.600825918447459,10.600825918447459
0.8545454545454545,10.600825918447459,10.600825918447459,10.600825918447459,10.600825918447459,10.600825918447459,10.600825918447459,10.600825918447459,10.600825918447459,10.600825918447459,10.600825918447459,10.600825918447459,10.600825918447459,10.600825918447459,10.600825918447459,10.600825918447459,10.600825918447459,10.600825918447459,10.600825918447459,10.600825918447459,10.600825918447459,10.600825918447459,10.600825918447459,10.600825918447459,10.600825918447459,10.600825918447459,10.600825918447459,10.600825918447459,10.600825918447459,10.600825918447459,10.600825918447459,10.600825918447459,10.600825918447459,10.600825918447459,10.600825918447459,10.600825918447459,10.600825918447459,10.600825918447459,10.600825918447459,10.600825918447459,10.600825918447459,10.600825918447459,10.600825918447459,10.600825918447459,10.600825918447459,10.600825918447459,10.600825918447459,10.600825918447459,10.600825918447459,10.600825918447459,10.600825918447459,10.600825918447459,10.600825918447459,10.600825918447459,10.600825918447459,10.600825918447459,10.600825918447459,10.600825918447459,10.600825918447459,10.600825918447459,10.600825918447459,10.600825918447459,10.600825918447459,10.600825918447459,10.600825918447459,10.600825918447459,10.600825918447459,10.600825918447459,10.600825918447459,10.600825918447459,10.600825918447459,10.600825918447459,10.600825918447459,10.600825918447459,10.600825918447459,10.600825918447459,10.600825918447459,10.600825918447459,10.600825918447459,10.600825918447459,10.600825918447459,10.600825918447459,10.600825918447459,10.600825918447459,10.600825918447459,10.600825918447459,10.600825918447459,10.600825918447459,10.600825918447459,10.600825918447459,10.600825918447459,10.600825918447459,10.600825918447459,10.600825918447459,10.600825918447459,10.600825918447459,10.600825918447459,10.600825918447459,10.600825918447459,10.600825918447459,10.600825918447459
0.8636363636363636,10.600825918447459,10.600825918447459,10.600825918447459,10.600825918447459,10.600825918447459,10.600825918447459,10.600825918447459,10.600825918447459,10.600825918447459,10.600825918447459,10.600825918447459,10.600825918447459,10.600825918447459,10.600825918447459,10.600825918447459,10.600825918447459,10.600825918447459,10.600825918447459,10.600825918447459,10.600825918447459,10.600825918447459,10.600825918447459,10.600825918447459,10.600825918447459,10.600825918447459,10.600825918447459,10.600825918447459,10.600825918447459,10.600825918447459,10.600825918447459,10.600825918447459,10.600825918447459,10.600825918447459,10.600825918447459,10.600825918447459,10.600825918447459,10.600825918447459,10.600825918447459,10.600825918447459,10.600825918447459,10.600825918447459,10.600825918447459,10.600825918447459,10.600825918447459,10.600825918447459,10.600825918447459,10.600825918447459,10.600825918447459,10.600825918447459,10.600825918447459,10.600825918447459,10.600825918447459,10.600825918447459,10.600825918447459,10.600825918447459,10.600825918447459,10.600825918447459,10.600825918447459,10.600825918447459,10.600825918447459,10.600825918447459,10.600825918447459,10.600825918447459,10.600825918447459,10.600825918447459,10.600825918447459,10.600825918447459,10.600825918447459,10.600825918447459,10.600825918447459,10.600825918447459,10.600825918447459,10.600825918447459,10.600825918447459,10.600825918447459,10.600825918447459,10.600825918447459,10.600825918447459,10.600825918447459,10.600825918447459,10.600825918447459,10.600825918447459,10.600825918447459,10.600825918447459,10.600825918447459,10.600825918447459,10.600825918447459,10.600825918447459,10.600825918447459,10.600825918447459,10.600825918447459,10.600825918447459,10.600825918447459,10.600825918447459,10.600825918447459,10.600825918447459,10.600825918447459,10.600825918447459,10.600825918447459,10.600825918447459
0.8727272727272727,10.600825918447459,10.600825918447459,10.600825918447459,10.600825918447459,10.600825918447459,10.600825918447459,10.600825918447459,10.600825918447459,10.600825918447459,10.600825918447459,10.600825918447459,10.600825918447459,10.600825918447459,10.600825918447459,10.600825918447459,10.600825918447459,10.600825918447459,10.600825918447459,10.600825918447459,10.600825918447459,10.600825918447459,10.600825918447459,10.600825918447459,10.600825918447459,10.600825918447459,10.600825918447459,10.600825918447459,10.600825918447459,10.600825918447459,10.600825918447459,10.600825918447459,10.600825918447459,10.600825918447459,10.600825918447459,10.600825918447459,10.600825918447459,10.600825918447459,10.600825918447459,10.600825918447459,10.600825918447459,10.600825918447459,10.600825918447459,10.600825918447459,10.600825918447459,10.600825918447459,10.600825918447459,10.600825918447459,10.600825918447459,10.600825918447459,10.600825918447459,10.600825918447459,10.600825918447459,10.600825918447459,10.600825918447459,10.600825918447459,10.600825918447459,10.600825918447459,10.600825918447459,10.600825918447459,10.600825918447459,10.600825918447459,10.600825918447459,10.600825918447459,10.600825918447459,10.600825918447459,10.600825918447459,10.600825918447459,10.600825918447459,10.600825918447459,10.600825918447459,10.600825918447459,10.600825918447459,10.600825918447459,10.600825918447459,10.600825918447459,10.600825918447459,10.600825918447459,10.600825918447459,10.600825918447459,10.600825918447459,10.600825918447459,10.600825918447459,10.600825918447459,10.600825918447459,10.600825918447459,10.600825918447459,10.600825918447459,10.600825918447459,10.600825918447459,10.600825918447459,10.600825918447459,10.600825918447459,10.600825918447459,10.600825918447459,10.600825918447459,10.600825918447459,10.600825918447459,10.600825918447459,10.600825918447459,10.600825918447459
0.8818181818181817,10.600825918447459,10.600825918447459,10.600825918447459,10.600825918447459,10.600825918447459,10.600825918447459,10.600825918447459,10.600825918447459,10.600825918447459,10.600825918447459,10.600825918447459,10.600825918447459,10.600825918447459,10.600825918447459,10.600825918447459,10.600825918447459,10.600825918447459,10.600825918447459,10.600825918447459,10.600825918447459,10.600825918447459,10.600825918447459,10.600825918447459,10.600825918447459,10.600825918447459,10.600825918447459,10.600825918447459,10.600825918447459,10.600825918447459,10.600825918447459,10.600825918447459,10.600825918447459,10.600825918447459,10.600825918447459,10.600825918447459,10.600825918447459,10.600825918447459,10.600825918447459,10.600825918447459,10.600825918447459,10.600825918447459,10.600825918447459,10.600825918447459,10.600825918447459,10.600825918447459,10.600825918447459,10.600825918447459,10.600825918447459,10.600825918447459,10.600825918447459,10.600825918447459,10.600825918447459,10.600825918447459,10.600825918447459,10.600825918447459,10.600825918447459,10.600825918447459,10.600825918447459,10.600825918447459,10.600825918447459,10.600825918447459,10.600825918447459,10.600825918447459,10.600825918447459,10.600825918447459,10.600825918447459,10.600825918447459,10.600825918447459,10.600825918447459,10.600825918447459,10.600825918447459,10.600825918447459,10.600825918447459,10.600825918447459,10.600825918447459,10.600825918447459,10.600825918447459,10.600825918447459,10.600825918447459,10.600825918447459,10.600825918447459,10.600825918447459,10.600825918447459,10.600825918447459,10.600825918447459,10.600825918447459,10.600825918447459,10.600825918447459,10.600825918447459,10.600825918447459,10.600825918447459,10.600825918447459,10.600825918447459,10.600825918447459,10.600825918447459,10.600825918447459,10.600825918447459,10.600825918447459,10.600825918447459,10.600825918447459
0.8909090909090909,10.600825918447459,10.600825918447459,10.600825918447459,10.600825918447459,10.600825918447459,10.600825918447459,10.600825918447459,10.600825918447459,10.600825918447459,10.600825918447459,10.600825918447459,10.600825918447459,10.600825918447459,10.600825918447459,10.600825918447459,10.600825918447459,10.600825918447459,10.600825918447459,10.600825918447459,10.600825918447459,10.600825918447459,10.600825918447459,10.600825918447459,10.600825918447459,10.600825918447459,10.600825918447459,10.600825918447459,10.600825918447459,10.600825918447459,10.600825918447459,10.600825918447459,10.600825918447459,10.600825918447459,10.600825918447459,10.600825918447459,10.600825918447459,10.600825918447459,10.600825918447459,10.600825918447459,10.600825918447459,10.600825918447459,10.600825918447459,10.600825918447459,10.600825918447459,10.600825918447459,10.600825918447459,10.600825918447459,10.600825918447459,10.600825918447459,10.600825918447459,10.600825918447459,10.600825918447459,10.600825918447459,10.600825918447459,10.600825918447459,10.600825918447459,10.600825918447459,10.600825918447459,10.600825918447459,10.600825918447459,10.600825918447459,10.600825918447459,10.600825918447459,10.600825918447459,10.600825918447459,10.600825918447459,10.600825918447459,10.600825918447459,10.600825918447459,10.600825918447459,10.600825918447459,10.600825918447459,10.600825918447459,10.600825918447459,10.600825918447459,10.600825918447459,10.600825918447459,10.600825918447459,10.600825918447459,10.600825918447459,10.600825918447459,10.600825918447459,10.600825918447459,10.600825918447459,10.600825918447459,10.600825918447459,10.600825918447459,10.600825918447459,10.600825918447459,10.600825918447459,10.600825918447459,10.600825918447459,10.600825918447459,10.600825918447459,10.600825918447459,10.600825918447459,10.600825918447459,10.600825918447459,10.600825918447459,10.600825918447459
0.9,10.600825918447459,10.600825918447459,10.600825918447459,10.600825918447459,10.600825918447459,10.600825918447459,10.600825918447459,10.600825918447459,10.600825918447459,10.600825918447459,10.600825918447459,10.600825918447459,10.600825918447459,10.600825918447459,10.600825918447459,10.600825918447459,10.600825918447459,10.600825918447459,10.600825918447459,10.600825918447459,10.600825918447459,10.600825918447459,10.600825918447459,10.600825918447459,10.600825918447459,10.600825918447459,10.600825918447459,10.600825918447459,10.600825918447459,10.600825918447459,10.600825918447459,10.600825918447459,10.600825918447459,10.600825918447459,10.600825918447459,10.600825918447459,10.600825918447459,10.600825918447459,10.600825918447459,10.600825918447459,10.600825918447459,10.600825918447459,10.600825918447459,10.600825918447459,10.600825918447459,10.600825918447459,10.600825918447459,10.600825918447459,10.600825918447459,10.600825918447459,10.600825918447459,10.600825918447459,10.600825918447459,10.600825918447459,10.600825918447459,10.600825918447459,10.600825918447459,10.600825918447459,10.600825918447459,10.600825918447459,10.600825918447459,10.600825918447459,10.600825918447459,10.600825918447459,10.600825918447459,10.600825918447459,10.600825918447459,10.600825918447459,10.600825918447459,10.600825918447459,10.600825918447459,10.600825918447459,10.600825918447459,10.600825918447459,10.600825918447459,10.600825918447459,10.600825918447459,10.600825918447459,10.600825918447459,10.600825918447459,10.600825918447459,10.600825918447459,10.600825918447459,10.600825918447459,10.600825918447459,10.600825918447459,10.600825918447459,10.600825918447459,10.600825918447459,10.600825918447459,10.600825918447459,10.600825918447459,10.600825918447459,10.600825918447459,10.600825918447459,10.600825918447459,10.600825918447459,10.600825918447459,10.600825918447459,10.600825918447459
